application_id,student_id,scholarship_type,amount,status,applied_on,bank_id,mobile_id
A000001,S003,Post-Matric,22000,Flagged,2026-03-24,BA103,98710003
A000002,S006,Merit,28000,Flagged,2026-03-24,BA103,98710003
A000003,S007,Minority,24000,Flagged,2026-03-24,BA103,98710003
A000004,S008,Girl Child Assistance,19000,Flagged,2026-03-24,BA103,98710003
A000005,S107001,Post-Matric Technical,13119,Flagged,2026-03-25,BA107,98710107
A000006,S107002,Girl Child Assistance,12572,Flagged,2026-03-25,BA107,98710107
A000007,S107003,Merit Scholarship,29595,Flagged,2026-03-25,BA107,98710107
A000008,S107004,SC/ST Welfare Scheme,15573,Flagged,2026-03-25,BA107,98710107
A000009,S107005,Merit Scholarship,26246,Flagged,2026-03-25,BA107,98710107
A000010,S107006,Minority Welfare,8053,Flagged,2026-03-25,BA107,98710107
A000011,S107007,SC/ST Welfare Scheme,22483,Flagged,2026-03-25,BA107,98710107
A000012,S107008,Minority Welfare,9743,Flagged,2026-03-25,BA107,98710107
A000013,S107009,SC/ST Welfare Scheme,18317,Flagged,2026-03-25,BA107,98710107
A000014,S107010,Girl Child Assistance,8252,Flagged,2026-03-25,BA107,98710107
A000015,S107011,SC/ST Welfare Scheme,18837,Flagged,2026-03-25,BA107,98710107
A000016,S107012,Girl Child Assistance,11906,Flagged,2026-03-25,BA107,98710107
A000017,S107013,SC/ST Welfare Scheme,10319,Flagged,2026-03-25,BA107,98710107
A000018,S107014,Merit Scholarship,22076,Flagged,2026-03-25,BA107,98710107
A000019,S107015,Minority Welfare,11946,Flagged,2026-03-25,BA107,98710107
A000020,S107016,Girl Child Assistance,7701,Flagged,2026-03-25,BA107,98710107
A000021,S107017,Post-Matric Technical,21461,Flagged,2026-03-25,BA107,98710107
A000022,S107018,Girl Child Assistance,8051,Flagged,2026-03-25,BA107,98710107
A000023,S107019,Post-Matric Technical,11705,Flagged,2026-03-25,BA107,98710107
A000024,S107020,SC/ST Welfare Scheme,24293,Flagged,2026-03-25,BA107,98710107
A000025,S107021,Girl Child Assistance,14900,Flagged,2026-03-25,BA107,98710107
A000026,S107022,Minority Welfare,19959,Flagged,2026-03-25,BA107,98710107
A000027,S107023,Minority Welfare,13107,Flagged,2026-03-25,BA107,98710107
A000028,S107024,Post-Matric Technical,19647,Flagged,2026-03-25,BA107,98710107
A000029,S107025,SC/ST Welfare Scheme,24739,Flagged,2026-03-25,BA107,98710107
A000030,S107026,Girl Child Assistance,7991,Flagged,2026-03-25,BA107,98710107
A000031,S107027,Minority Welfare,9049,Flagged,2026-03-25,BA107,98710107
A000032,S107028,SC/ST Welfare Scheme,19638,Flagged,2026-03-25,BA107,98710107
A000033,S107029,Girl Child Assistance,11820,Flagged,2026-03-25,BA107,98710107
A000034,S107030,Minority Welfare,9163,Flagged,2026-03-25,BA107,98710107
A000035,S107031,Merit Scholarship,14208,Flagged,2026-03-25,BA107,98710107
A000036,S107032,Merit Scholarship,14321,Flagged,2026-03-25,BA107,98710107
A000037,S107033,Girl Child Assistance,9281,Flagged,2026-03-25,BA107,98710107
A000038,S107034,Post-Matric Technical,17834,Flagged,2026-03-25,BA107,98710107
A000039,S107035,Minority Welfare,17440,Flagged,2026-03-25,BA107,98710107
A000040,S107036,Post-Matric Technical,21855,Flagged,2026-03-25,BA107,98710107
A000041,S107037,Post-Matric Technical,12119,Flagged,2026-03-25,BA107,98710107
A000042,S107038,Merit Scholarship,26124,Flagged,2026-03-25,BA107,98710107
A000043,S107039,SC/ST Welfare Scheme,16735,Flagged,2026-03-25,BA107,98710107
A000044,S107040,Post-Matric Technical,20032,Flagged,2026-03-25,BA107,98710107
A000045,S107041,Merit Scholarship,25193,Flagged,2026-03-25,BA107,98710107
A000046,S107042,SC/ST Welfare Scheme,14073,Flagged,2026-03-25,BA107,98710107
A000047,S107043,Minority Welfare,16786,Flagged,2026-03-25,BA107,98710107
A000048,S107044,Post-Matric Technical,15912,Flagged,2026-03-25,BA107,98710107
A000049,S107045,Minority Welfare,15579,Flagged,2026-03-25,BA107,98710107
A000050,S107046,Minority Welfare,15260,Flagged,2026-03-25,BA107,98710107
A000051,S107047,Girl Child Assistance,7414,Flagged,2026-03-25,BA107,98710107
A000052,S107048,Girl Child Assistance,14938,Flagged,2026-03-25,BA107,98710107
A000053,S107049,Merit Scholarship,17449,Flagged,2026-03-25,BA107,98710107
A000054,S107050,Post-Matric Technical,16886,Flagged,2026-03-25,BA107,98710107
A000055,S107051,Minority Welfare,8960,Flagged,2026-03-25,BA107,98710107
A000056,S107052,Minority Welfare,8035,Flagged,2026-03-25,BA107,98710107
A000057,S107053,Post-Matric Technical,21846,Flagged,2026-03-25,BA107,98710107
A000058,S107054,Post-Matric Technical,15930,Flagged,2026-03-25,BA107,98710107
A000059,S107055,Girl Child Assistance,12885,Flagged,2026-03-25,BA107,98710107
A000060,S107056,Post-Matric Technical,12111,Flagged,2026-03-25,BA107,98710107
A000061,S107057,SC/ST Welfare Scheme,10958,Flagged,2026-03-25,BA107,98710107
A000062,S107058,Girl Child Assistance,7499,Flagged,2026-03-25,BA107,98710107
A000063,S107059,SC/ST Welfare Scheme,10821,Flagged,2026-03-25,BA107,98710107
A000064,S107060,Girl Child Assistance,11119,Flagged,2026-03-25,BA107,98710107
A000065,S107061,Girl Child Assistance,7465,Flagged,2026-03-25,BA107,98710107
A000066,S107062,Girl Child Assistance,13974,Flagged,2026-03-25,BA107,98710107
A000067,S111001,Minority Welfare,17749,Flagged,2026-03-25,BA111,98710011
A000068,S111002,Merit Scholarship,19707,Flagged,2026-03-25,BA111,98710011
A000069,S111003,Post-Matric Technical,18333,Flagged,2026-03-25,BA111,98710011
A000070,S111004,Minority Welfare,17740,Flagged,2026-03-25,BA111,98710011
A000071,S111005,Merit Scholarship,14686,Flagged,2026-03-25,BA111,98710011
A000072,S111006,Post-Matric Technical,18562,Flagged,2026-03-25,BA111,98710011
A000073,S111007,Girl Child Assistance,9591,Flagged,2026-03-25,BA111,98710011
A000074,S111008,SC/ST Welfare Scheme,20972,Flagged,2026-03-25,BA111,98710011
A000075,S111009,SC/ST Welfare Scheme,14351,Flagged,2026-03-25,BA111,98710011
A000076,S111010,Post-Matric Technical,20004,Flagged,2026-03-25,BA111,98710011
A000077,S111011,SC/ST Welfare Scheme,15180,Flagged,2026-03-25,BA111,98710011
A000078,S111012,Merit Scholarship,27017,Flagged,2026-03-25,BA111,98710011
A000079,S111013,Girl Child Assistance,7819,Flagged,2026-03-25,BA111,98710011
A000080,S111014,Merit Scholarship,18984,Flagged,2026-03-25,BA111,98710011
A000081,S111015,Girl Child Assistance,8085,Flagged,2026-03-25,BA111,98710011
A000082,S111016,SC/ST Welfare Scheme,24405,Flagged,2026-03-25,BA111,98710011
A000083,S111017,Minority Welfare,12669,Flagged,2026-03-25,BA111,98710011
A000084,S111018,Minority Welfare,16900,Flagged,2026-03-25,BA111,98710011
A000085,S115001,SC/ST Welfare Scheme,23223,Flagged,2026-03-25,BA115,98710115
A000086,S115002,Girl Child Assistance,12471,Flagged,2026-03-25,BA115,98710115
A000087,S115003,Girl Child Assistance,14632,Flagged,2026-03-25,BA115,98710115
A000088,S115004,Merit Scholarship,20666,Flagged,2026-03-25,BA115,98710115
A000089,S115005,Merit Scholarship,17093,Flagged,2026-03-25,BA115,98710115
A000090,S115006,SC/ST Welfare Scheme,19909,Flagged,2026-03-25,BA115,98710115
A000091,S115007,Minority Welfare,13617,Flagged,2026-03-25,BA115,98710115
A000092,S115008,Minority Welfare,18391,Flagged,2026-03-25,BA115,98710115
A000093,S115009,SC/ST Welfare Scheme,18004,Flagged,2026-03-25,BA115,98710115
A000094,S118001,SC/ST Welfare Scheme,11512,Flagged,2026-03-25,BA118,98710118
A000095,S118002,Post-Matric Technical,9722,Flagged,2026-03-25,BA118,98710118
A000096,S118003,Merit Scholarship,16286,Flagged,2026-03-25,BA118,98710118
A000097,S118004,SC/ST Welfare Scheme,22144,Flagged,2026-03-25,BA118,98710118
A000098,S118005,Post-Matric Technical,20561,Flagged,2026-03-25,BA118,98710118
A000099,S118006,Post-Matric Technical,9158,Flagged,2026-03-25,BA118,98710118
A000100,S118007,Merit Scholarship,16884,Flagged,2026-03-25,BA118,98710118
A000101,S118008,Girl Child Assistance,13837,Flagged,2026-03-25,BA118,98710118
A000102,S118009,SC/ST Welfare Scheme,19052,Flagged,2026-03-25,BA118,98710118
A000103,S118010,Minority Welfare,10088,Flagged,2026-03-25,BA118,98710118
A000104,S118011,Merit Scholarship,23948,Flagged,2026-03-25,BA118,98710118
A000105,S118012,Merit Scholarship,18883,Flagged,2026-03-25,BA118,98710118
A000106,S118013,Minority Welfare,9684,Flagged,2026-03-25,BA118,98710118
A000107,S118014,SC/ST Welfare Scheme,24485,Flagged,2026-03-25,BA118,98710118
A000108,S118015,Post-Matric Technical,21279,Flagged,2026-03-25,BA118,98710118
A000109,S118016,Minority Welfare,10662,Flagged,2026-03-25,BA118,98710118
A000110,S118017,Minority Welfare,8406,Flagged,2026-03-25,BA118,98710118
A000111,S118018,Minority Welfare,14745,Flagged,2026-03-25,BA118,98710118
A000112,S118019,Minority Welfare,10608,Flagged,2026-03-25,BA118,98710118
A000113,S118020,Merit Scholarship,13268,Flagged,2026-03-25,BA118,98710118
A000114,S118021,Post-Matric Technical,12269,Flagged,2026-03-25,BA118,98710118
A000115,S118022,Post-Matric Technical,14000,Flagged,2026-03-25,BA118,98710118
A000116,S118023,Minority Welfare,8387,Flagged,2026-03-25,BA118,98710118
A000117,S118024,Minority Welfare,13378,Flagged,2026-03-25,BA118,98710118
A000118,S118025,SC/ST Welfare Scheme,22670,Flagged,2026-03-25,BA118,98710118
A000119,S118026,SC/ST Welfare Scheme,20510,Flagged,2026-03-25,BA118,98710118
A000120,S118027,Girl Child Assistance,12566,Flagged,2026-03-25,BA118,98710118
A000121,S118028,Girl Child Assistance,14694,Flagged,2026-03-25,BA118,98710118
A000122,S118029,Merit Scholarship,20559,Flagged,2026-03-25,BA118,98710118
A000123,S118030,Minority Welfare,12349,Flagged,2026-03-25,BA118,98710118
A000124,S118031,Merit Scholarship,26239,Flagged,2026-03-25,BA118,98710118
A000125,S122001,SC/ST Welfare Scheme,17149,Flagged,2026-03-25,BA122,98710122
A000126,S122002,Girl Child Assistance,7947,Flagged,2026-03-25,BA122,98710122
A000127,S122003,Post-Matric Technical,12114,Flagged,2026-03-25,BA122,98710122
A000128,S122004,SC/ST Welfare Scheme,21612,Flagged,2026-03-25,BA122,98710122
A000129,S122005,Post-Matric Technical,17518,Flagged,2026-03-25,BA122,98710122
A000130,S122006,Girl Child Assistance,12893,Flagged,2026-03-25,BA122,98710122
A000131,S122007,Minority Welfare,15066,Flagged,2026-03-25,BA122,98710122
A000132,S122008,Merit Scholarship,22819,Flagged,2026-03-25,BA122,98710122
A000133,S122009,Girl Child Assistance,12434,Flagged,2026-03-25,BA122,98710122
A000134,S122010,Merit Scholarship,28617,Flagged,2026-03-25,BA122,98710122
A000135,S122011,SC/ST Welfare Scheme,16691,Flagged,2026-03-25,BA122,98710122
A000136,S122012,SC/ST Welfare Scheme,21423,Flagged,2026-03-25,BA122,98710122
A000137,S122013,SC/ST Welfare Scheme,12085,Flagged,2026-03-25,BA122,98710122
A000138,S122014,Minority Welfare,18894,Flagged,2026-03-25,BA122,98710122
A000139,S126001,Post-Matric Technical,21257,Flagged,2026-03-25,BA126,98710126
A000140,S126002,Minority Welfare,17324,Flagged,2026-03-25,BA126,98710126
A000141,S126003,SC/ST Welfare Scheme,18977,Flagged,2026-03-25,BA126,98710126
A000142,S126004,Merit Scholarship,21401,Flagged,2026-03-25,BA126,98710126
A000143,S126005,Minority Welfare,17502,Flagged,2026-03-25,BA126,98710126
A000144,S126006,Girl Child Assistance,9639,Flagged,2026-03-25,BA126,98710126
A000145,S126007,Post-Matric Technical,16244,Flagged,2026-03-25,BA126,98710126
A000146,S126008,Minority Welfare,15752,Flagged,2026-03-25,BA126,98710126
A000147,S126009,Minority Welfare,9389,Flagged,2026-03-25,BA126,98710126
A000148,S126010,SC/ST Welfare Scheme,20876,Flagged,2026-03-25,BA126,98710126
A000149,S126011,Girl Child Assistance,7765,Flagged,2026-03-25,BA126,98710126
A000150,S126012,Minority Welfare,13085,Flagged,2026-03-25,BA126,98710126
A000151,S126013,Minority Welfare,10414,Flagged,2026-03-25,BA126,98710126
A000152,S126014,Merit Scholarship,20023,Flagged,2026-03-25,BA126,98710126
A000153,S126015,Post-Matric Technical,21590,Flagged,2026-03-25,BA126,98710126
A000154,S126016,Merit Scholarship,25580,Flagged,2026-03-25,BA126,98710126
A000155,S126017,Girl Child Assistance,12884,Flagged,2026-03-25,BA126,98710126
A000156,S126018,Post-Matric Technical,15547,Flagged,2026-03-25,BA126,98710126
A000157,S126019,Minority Welfare,18748,Flagged,2026-03-25,BA126,98710126
A000158,S126020,Merit Scholarship,25931,Flagged,2026-03-25,BA126,98710126
A000159,S126021,Minority Welfare,19401,Flagged,2026-03-25,BA126,98710126
A000160,S126022,Girl Child Assistance,7411,Flagged,2026-03-25,BA126,98710126
A000161,S131001,Girl Child Assistance,14515,Flagged,2026-03-25,BA131,98710131
A000162,S131002,Merit Scholarship,16369,Flagged,2026-03-25,BA131,98710131
A000163,S131003,Post-Matric Technical,17702,Flagged,2026-03-25,BA131,98710131
A000164,S131004,Girl Child Assistance,9599,Flagged,2026-03-25,BA131,98710131
A000165,S131005,Post-Matric Technical,20784,Flagged,2026-03-25,BA131,98710131
A000166,S131006,Girl Child Assistance,13804,Flagged,2026-03-25,BA131,98710131
A000167,S131007,Girl Child Assistance,14349,Flagged,2026-03-25,BA131,98710131
A000168,S131008,Minority Welfare,15373,Flagged,2026-03-25,BA131,98710131
A000169,S131009,SC/ST Welfare Scheme,23760,Flagged,2026-03-25,BA131,98710131
A000170,S131010,SC/ST Welfare Scheme,17939,Flagged,2026-03-25,BA131,98710131
A000171,S131011,Minority Welfare,15206,Flagged,2026-03-25,BA131,98710131
A000172,S131012,Merit Scholarship,21362,Flagged,2026-03-25,BA131,98710131
A000173,S131013,Minority Welfare,13502,Flagged,2026-03-25,BA131,98710131
A000174,S131014,SC/ST Welfare Scheme,11320,Flagged,2026-03-25,BA131,98710131
A000175,S131015,Minority Welfare,11788,Flagged,2026-03-25,BA131,98710131
A000176,S131016,Post-Matric Technical,11503,Flagged,2026-03-25,BA131,98710131
A000177,S135001,Minority Welfare,14797,Flagged,2026-03-25,BA135,98710135
A000178,S135002,Post-Matric Technical,17890,Flagged,2026-03-25,BA135,98710135
A000179,S135003,Post-Matric Technical,10020,Flagged,2026-03-25,BA135,98710135
A000180,S135004,Minority Welfare,14381,Flagged,2026-03-25,BA135,98710135
A000181,S135005,Girl Child Assistance,7160,Flagged,2026-03-25,BA135,98710135
A000182,S135006,Girl Child Assistance,10907,Flagged,2026-03-25,BA135,98710135
A000183,S135007,Merit Scholarship,21784,Flagged,2026-03-25,BA135,98710135
A000184,S135008,Post-Matric Technical,17818,Flagged,2026-03-25,BA135,98710135
A000185,S135009,Girl Child Assistance,14354,Flagged,2026-03-25,BA135,98710135
A000186,S135010,Minority Welfare,11595,Flagged,2026-03-25,BA135,98710135
A000187,S135011,SC/ST Welfare Scheme,17956,Flagged,2026-03-25,BA135,98710135
A000188,S135012,Merit Scholarship,23014,Flagged,2026-03-25,BA135,98710135
A000189,S140001,Post-Matric Technical,16657,Flagged,2026-03-25,BA140,98710140
A000190,S140002,Minority Welfare,16751,Flagged,2026-03-25,BA140,98710140
A000191,S140003,Merit Scholarship,12888,Flagged,2026-03-25,BA140,98710140
A000192,S140004,Merit Scholarship,26044,Flagged,2026-03-25,BA140,98710140
A000193,S140005,Minority Welfare,10977,Flagged,2026-03-25,BA140,98710140
A000194,S140006,Merit Scholarship,24422,Flagged,2026-03-25,BA140,98710140
A000195,S140007,SC/ST Welfare Scheme,17449,Flagged,2026-03-25,BA140,98710140
A000196,S140008,SC/ST Welfare Scheme,22471,Flagged,2026-03-25,BA140,98710140
A000197,S140009,Post-Matric Technical,21320,Flagged,2026-03-25,BA140,98710140
A000198,S140010,Post-Matric Technical,10341,Flagged,2026-03-25,BA140,98710140
A000199,S140011,Post-Matric Technical,21272,Flagged,2026-03-25,BA140,98710140
A000200,S140012,Girl Child Assistance,14798,Flagged,2026-03-25,BA140,98710140
A000201,S140013,SC/ST Welfare Scheme,20651,Flagged,2026-03-25,BA140,98710140
A000202,S140014,Merit Scholarship,13319,Flagged,2026-03-25,BA140,98710140
A000203,S140015,Merit Scholarship,18532,Flagged,2026-03-25,BA140,98710140
A000204,S140016,Merit Scholarship,16993,Flagged,2026-03-25,BA140,98710140
A000205,S140017,Minority Welfare,15758,Flagged,2026-03-25,BA140,98710140
A000206,S140018,Merit Scholarship,19142,Flagged,2026-03-25,BA140,98710140
A000207,S140019,Post-Matric Technical,13198,Flagged,2026-03-25,BA140,98710140
A000208,S140020,SC/ST Welfare Scheme,19926,Flagged,2026-03-25,BA140,98710140
A000209,S144001,Girl Child Assistance,7938,Flagged,2026-03-25,BA144,98710144
A000210,S144002,Minority Welfare,9771,Flagged,2026-03-25,BA144,98710144
A000211,S144003,Girl Child Assistance,14609,Flagged,2026-03-25,BA144,98710144
A000212,S144004,SC/ST Welfare Scheme,21097,Flagged,2026-03-25,BA144,98710144
A000213,S144005,Post-Matric Technical,20714,Flagged,2026-03-25,BA144,98710144
A000214,S144006,Minority Welfare,17700,Flagged,2026-03-25,BA144,98710144
A000215,S144007,Minority Welfare,19422,Flagged,2026-03-25,BA144,98710144
A000216,S144008,SC/ST Welfare Scheme,19837,Flagged,2026-03-25,BA144,98710144
A000217,S144009,Merit Scholarship,13345,Flagged,2026-03-25,BA144,98710144
A000218,S144010,SC/ST Welfare Scheme,17018,Flagged,2026-03-25,BA144,98710144
A000219,S144011,SC/ST Welfare Scheme,18289,Flagged,2026-03-25,BA144,98710144
A000220,S144012,SC/ST Welfare Scheme,23919,Flagged,2026-03-25,BA144,98710144
A000221,S144013,Post-Matric Technical,10729,Flagged,2026-03-25,BA144,98710144
A000222,S144014,Post-Matric Technical,19413,Flagged,2026-03-25,BA144,98710144
A000223,S144015,Post-Matric Technical,11506,Flagged,2026-03-25,BA144,98710144
A000224,S144016,Post-Matric Technical,21022,Flagged,2026-03-25,BA144,98710144
A000225,S144017,Girl Child Assistance,9212,Flagged,2026-03-25,BA144,98710144
A000226,S149001,Girl Child Assistance,13345,Flagged,2026-03-25,BA149,98710149
A000227,S149002,Post-Matric Technical,16136,Flagged,2026-03-25,BA149,98710149
A000228,S149003,Girl Child Assistance,9640,Flagged,2026-03-25,BA149,98710149
A000229,S149004,Minority Welfare,12569,Flagged,2026-03-25,BA149,98710149
A000230,S149005,Post-Matric Technical,21295,Flagged,2026-03-25,BA149,98710149
A000231,S149006,Post-Matric Technical,18999,Flagged,2026-03-25,BA149,98710149
A000232,S149007,Post-Matric Technical,9470,Flagged,2026-03-25,BA149,98710149
A000233,S149008,Post-Matric Technical,11979,Flagged,2026-03-25,BA149,98710149
A000234,S149009,Post-Matric Technical,14813,Flagged,2026-03-25,BA149,98710149
A000235,S149010,SC/ST Welfare Scheme,14581,Flagged,2026-03-25,BA149,98710149
A000236,S149011,Girl Child Assistance,14209,Flagged,2026-03-25,BA149,98710149
A000237,S149012,SC/ST Welfare Scheme,10166,Flagged,2026-03-25,BA149,98710149
A000238,S149013,Girl Child Assistance,7701,Flagged,2026-03-25,BA149,98710149
A000239,S149014,Minority Welfare,16004,Flagged,2026-03-25,BA149,98710149
A000240,S149015,Girl Child Assistance,12657,Flagged,2026-03-25,BA149,98710149
A000241,S_DEC_0001,Post-Matric Technical,20662,Review Required,2026-03-20,BA_DEC_1,9870000000
A000242,S_DEC_0002,Post-Matric Technical,17041,Review Required,2026-03-21,BA_DEC_2,9870000000
A000243,S_DEC_0003,Post-Matric Technical,10524,Review Required,2026-03-20,BA_DEC_3,9870000001
A000244,S_DEC_0004,Post-Matric Technical,13820,Review Required,2026-03-21,BA_DEC_4,9870000001
A000245,S_DEC_0005,Minority Welfare,19334,Review Required,2026-03-20,BA_DEC_5,9870000002
A000246,S_DEC_0006,Minority Welfare,11986,Review Required,2026-03-21,BA_DEC_6,9870000002
A000247,S_DEC_0007,SC/ST Welfare Scheme,19528,Review Required,2026-03-20,BA_DEC_7,9870000003
A000248,S_DEC_0008,SC/ST Welfare Scheme,16046,Review Required,2026-03-21,BA_DEC_8,9870000003
A000249,S_DEC_0009,Post-Matric Technical,17698,Review Required,2026-03-20,BA_DEC_9,9870000004
A000250,S_DEC_0010,Post-Matric Technical,14632,Review Required,2026-03-21,BA_DEC_10,9870000004
A000251,S_DEC_0011,Post-Matric Technical,14419,Review Required,2026-03-20,BA_DEC_11,9870000005
A000252,S_DEC_0012,Post-Matric Technical,14764,Review Required,2026-03-21,BA_DEC_12,9870000005
A000253,S_DEC_0013,Post-Matric Technical,14023,Review Required,2026-03-20,BA_DEC_13,9870000006
A000254,S_DEC_0014,Post-Matric Technical,13118,Review Required,2026-03-21,BA_DEC_14,9870000006
A000255,S_DEC_0015,Minority Welfare,19817,Review Required,2026-03-20,BA_DEC_15,9870000007
A000256,S_DEC_0016,Minority Welfare,11155,Review Required,2026-03-21,BA_DEC_16,9870000007
A000257,S_DEC_0017,SC/ST Welfare Scheme,22171,Review Required,2026-03-20,BA_DEC_17,9870000008
A000258,S_DEC_0018,SC/ST Welfare Scheme,18779,Review Required,2026-03-21,BA_DEC_18,9870000008
A000259,S_DEC_0019,Minority Welfare,11545,Review Required,2026-03-20,BA_DEC_19,9870000009
A000260,S_DEC_0020,Minority Welfare,15933,Review Required,2026-03-21,BA_DEC_20,9870000009
A000261,S_DEC_0021,SC/ST Welfare Scheme,22455,Review Required,2026-03-20,BA_DEC_21,9870000010
A000262,S_DEC_0022,SC/ST Welfare Scheme,18595,Review Required,2026-03-21,BA_DEC_22,9870000010
A000263,S_DEC_0023,Girl Child Assistance,7823,Review Required,2026-03-20,BA_DEC_23,9870000011
A000264,S_DEC_0024,Girl Child Assistance,13820,Review Required,2026-03-21,BA_DEC_24,9870000011
A000265,S_DEC_0025,Minority Welfare,11727,Review Required,2026-03-20,BA_DEC_25,9870000012
A000266,S_DEC_0026,Minority Welfare,13912,Review Required,2026-03-21,BA_DEC_26,9870000012
A000267,S_DEC_0027,Minority Welfare,8231,Review Required,2026-03-20,BA_DEC_27,9870000013
A000268,S_DEC_0028,Minority Welfare,19600,Review Required,2026-03-21,BA_DEC_28,9870000013
A000269,S_DEC_0029,Girl Child Assistance,9247,Review Required,2026-03-20,BA_DEC_29,9870000014
A000270,S_DEC_0030,Girl Child Assistance,7372,Review Required,2026-03-21,BA_DEC_30,9870000014
A000271,S_DEC_0031,Merit Scholarship,21572,Review Required,2026-03-20,BA_DEC_31,9870000015
A000272,S_DEC_0032,Merit Scholarship,16137,Review Required,2026-03-21,BA_DEC_32,9870000015
A000273,S_DEC_0033,Post-Matric Technical,9200,Review Required,2026-03-20,BA_DEC_33,9870000016
A000274,S_DEC_0034,Post-Matric Technical,18405,Review Required,2026-03-21,BA_DEC_34,9870000016
A000275,S_DEC_0035,SC/ST Welfare Scheme,17843,Review Required,2026-03-20,BA_DEC_35,9870000017
A000276,S_DEC_0036,SC/ST Welfare Scheme,17216,Review Required,2026-03-21,BA_DEC_36,9870000017
A000277,S_DEC_0037,SC/ST Welfare Scheme,10841,Review Required,2026-03-20,BA_DEC_37,9870000018
A000278,S_DEC_0038,SC/ST Welfare Scheme,14136,Review Required,2026-03-21,BA_DEC_38,9870000018
A000279,S_DEC_0039,Post-Matric Technical,10070,Review Required,2026-03-20,BA_DEC_39,9870000019
A000280,S_DEC_0040,Post-Matric Technical,15565,Review Required,2026-03-21,BA_DEC_40,9870000019
A000281,S_DEC_0041,Post-Matric Technical,18453,Review Required,2026-03-20,BA_DEC_41,9870000020
A000282,S_DEC_0042,Post-Matric Technical,19312,Review Required,2026-03-21,BA_DEC_42,9870000020
A000283,S_DEC_0043,Merit Scholarship,16888,Review Required,2026-03-20,BA_DEC_43,9870000021
A000284,S_DEC_0044,Merit Scholarship,21956,Review Required,2026-03-21,BA_DEC_44,9870000021
A000285,S_DEC_0045,Merit Scholarship,15881,Review Required,2026-03-20,BA_DEC_45,9870000022
A000286,S_DEC_0046,Merit Scholarship,25637,Review Required,2026-03-21,BA_DEC_46,9870000022
A000287,S_DEC_0047,Girl Child Assistance,13477,Review Required,2026-03-20,BA_DEC_47,9870000023
A000288,S_DEC_0048,Girl Child Assistance,12066,Review Required,2026-03-21,BA_DEC_48,9870000023
A000289,S_DEC_0049,Minority Welfare,14232,Review Required,2026-03-20,BA_DEC_49,9870000024
A000290,S_DEC_0050,Minority Welfare,15381,Review Required,2026-03-21,BA_DEC_50,9870000024
A000291,S_DEC_0051,Post-Matric Technical,18642,Review Required,2026-03-20,BA_DEC_51,9870000025
A000292,S_DEC_0052,Post-Matric Technical,16025,Review Required,2026-03-21,BA_DEC_52,9870000025
A000293,S_DEC_0053,SC/ST Welfare Scheme,20174,Review Required,2026-03-20,BA_DEC_53,9870000026
A000294,S_DEC_0054,SC/ST Welfare Scheme,10986,Review Required,2026-03-21,BA_DEC_54,9870000026
A000295,S_DEC_0055,Girl Child Assistance,14762,Review Required,2026-03-20,BA_DEC_55,9870000027
A000296,S_DEC_0056,Girl Child Assistance,13248,Review Required,2026-03-21,BA_DEC_56,9870000027
A000297,S_DEC_0057,Minority Welfare,11457,Review Required,2026-03-20,BA_DEC_57,9870000028
A000298,S_DEC_0058,Minority Welfare,12335,Review Required,2026-03-21,BA_DEC_58,9870000028
A000299,S_DEC_0059,Merit Scholarship,19859,Review Required,2026-03-20,BA_DEC_59,9870000029
A000300,S_DEC_0060,Merit Scholarship,17695,Review Required,2026-03-21,BA_DEC_60,9870000029
A000301,S_DEC_0061,Girl Child Assistance,8282,Review Required,2026-03-20,BA_DEC_61,9870000030
A000302,S_DEC_0062,Girl Child Assistance,7021,Review Required,2026-03-21,BA_DEC_62,9870000030
A000303,S_DEC_0063,Post-Matric Technical,20294,Review Required,2026-03-20,BA_DEC_63,9870000031
A000304,S_DEC_0064,Post-Matric Technical,18729,Review Required,2026-03-21,BA_DEC_64,9870000031
A000305,S_DEC_0065,Post-Matric Technical,9534,Review Required,2026-03-20,BA_DEC_65,9870000032
A000306,S_DEC_0066,Post-Matric Technical,12792,Review Required,2026-03-21,BA_DEC_66,9870000032
A000307,S_DEC_0067,SC/ST Welfare Scheme,21517,Review Required,2026-03-20,BA_DEC_67,9870000033
A000308,S_DEC_0068,SC/ST Welfare Scheme,24083,Review Required,2026-03-21,BA_DEC_68,9870000033
A000309,S_DEC_0069,Post-Matric Technical,20262,Review Required,2026-03-20,BA_DEC_69,9870000034
A000310,S_DEC_0070,Post-Matric Technical,12824,Review Required,2026-03-21,BA_DEC_70,9870000034
A000311,S_DEC_0071,SC/ST Welfare Scheme,19663,Review Required,2026-03-20,BA_DEC_71,9870000035
A000312,S_DEC_0072,SC/ST Welfare Scheme,20832,Review Required,2026-03-21,BA_DEC_72,9870000035
A000313,S_DEC_0073,Minority Welfare,9880,Review Required,2026-03-20,BA_DEC_73,9870000036
A000314,S_DEC_0074,Minority Welfare,16922,Review Required,2026-03-21,BA_DEC_74,9870000036
A000315,S_DEC_0075,Minority Welfare,10441,Review Required,2026-03-20,BA_DEC_75,9870000037
A000316,S_DEC_0076,Minority Welfare,12352,Review Required,2026-03-21,BA_DEC_76,9870000037
A000317,S_DEC_0077,Minority Welfare,8977,Review Required,2026-03-20,BA_DEC_77,9870000038
A000318,S_DEC_0078,Minority Welfare,10718,Review Required,2026-03-21,BA_DEC_78,9870000038
A000319,S_DEC_0079,SC/ST Welfare Scheme,22270,Review Required,2026-03-20,BA_DEC_79,9870000039
A000320,S_DEC_0080,SC/ST Welfare Scheme,23504,Review Required,2026-03-21,BA_DEC_80,9870000039
A000321,S_DEC_0081,Girl Child Assistance,10597,Review Required,2026-03-20,BA_DEC_81,9870000040
A000322,S_DEC_0082,Girl Child Assistance,8018,Review Required,2026-03-21,BA_DEC_82,9870000040
A000323,S_DEC_0083,Post-Matric Technical,20464,Review Required,2026-03-20,BA_DEC_83,9870000041
A000324,S_DEC_0084,Post-Matric Technical,15594,Review Required,2026-03-21,BA_DEC_84,9870000041
A000325,S_DEC_0085,SC/ST Welfare Scheme,18847,Review Required,2026-03-20,BA_DEC_85,9870000042
A000326,S_DEC_0086,SC/ST Welfare Scheme,18090,Review Required,2026-03-21,BA_DEC_86,9870000042
A000327,S_DEC_0087,Post-Matric Technical,18798,Review Required,2026-03-20,BA_DEC_87,9870000043
A000328,S_DEC_0088,Post-Matric Technical,9653,Review Required,2026-03-21,BA_DEC_88,9870000043
A000329,S_DEC_0089,Post-Matric Technical,18891,Review Required,2026-03-20,BA_DEC_89,9870000044
A000330,S_DEC_0090,Post-Matric Technical,13102,Review Required,2026-03-21,BA_DEC_90,9870000044
A000331,S_DEC_0091,Merit Scholarship,19501,Review Required,2026-03-20,BA_DEC_91,9870000045
A000332,S_DEC_0092,Merit Scholarship,12679,Review Required,2026-03-21,BA_DEC_92,9870000045
A000333,S_DEC_0093,SC/ST Welfare Scheme,10659,Review Required,2026-03-20,BA_DEC_93,9870000046
A000334,S_DEC_0094,SC/ST Welfare Scheme,22502,Review Required,2026-03-21,BA_DEC_94,9870000046
A000335,S_DEC_0095,Minority Welfare,16502,Review Required,2026-03-20,BA_DEC_95,9870000047
A000336,S_DEC_0096,Minority Welfare,18674,Review Required,2026-03-21,BA_DEC_96,9870000047
A000337,S_DEC_0097,Post-Matric Technical,11973,Review Required,2026-03-20,BA_DEC_97,9870000048
A000338,S_DEC_0098,Post-Matric Technical,18590,Review Required,2026-03-21,BA_DEC_98,9870000048
A000339,S_DEC_0099,Post-Matric Technical,17056,Review Required,2026-03-20,BA_DEC_99,9870000049
A000340,S_DEC_0100,Post-Matric Technical,10494,Review Required,2026-03-21,BA_DEC_100,9870000049
A000341,S_DEC_0101,Post-Matric Technical,15690,Review Required,2026-03-20,BA_DEC_101,9870000050
A000342,S_DEC_0102,Post-Matric Technical,14460,Review Required,2026-03-21,BA_DEC_102,9870000050
A000343,S_DEC_0103,SC/ST Welfare Scheme,11713,Review Required,2026-03-20,BA_DEC_103,9870000051
A000344,S_DEC_0104,SC/ST Welfare Scheme,24053,Review Required,2026-03-21,BA_DEC_104,9870000051
A000345,S_DEC_0105,Minority Welfare,14744,Review Required,2026-03-20,BA_DEC_105,9870000052
A000346,S_DEC_0106,Minority Welfare,19365,Review Required,2026-03-21,BA_DEC_106,9870000052
A000347,S_DEC_0107,Post-Matric Technical,19855,Review Required,2026-03-20,BA_DEC_107,9870000053
A000348,S_DEC_0108,Post-Matric Technical,15561,Review Required,2026-03-21,BA_DEC_108,9870000053
A000349,S_DEC_0109,Girl Child Assistance,10725,Review Required,2026-03-20,BA_DEC_109,9870000054
A000350,S_DEC_0110,Girl Child Assistance,7721,Review Required,2026-03-21,BA_DEC_110,9870000054
A000351,S_DEC_0111,SC/ST Welfare Scheme,15296,Review Required,2026-03-20,BA_DEC_111,9870000055
A000352,S_DEC_0112,SC/ST Welfare Scheme,11899,Review Required,2026-03-21,BA_DEC_112,9870000055
A000353,S_DEC_0113,Post-Matric Technical,9018,Review Required,2026-03-20,BA_DEC_113,9870000056
A000354,S_DEC_0114,Post-Matric Technical,19775,Review Required,2026-03-21,BA_DEC_114,9870000056
A000355,S_DEC_0115,Girl Child Assistance,10385,Review Required,2026-03-20,BA_DEC_115,9870000057
A000356,S_DEC_0116,Girl Child Assistance,7444,Review Required,2026-03-21,BA_DEC_116,9870000057
A000357,S_DEC_0117,Minority Welfare,13927,Review Required,2026-03-20,BA_DEC_117,9870000058
A000358,S_DEC_0118,Minority Welfare,18201,Review Required,2026-03-21,BA_DEC_118,9870000058
A000359,S_DEC_0119,Post-Matric Technical,16242,Review Required,2026-03-20,BA_DEC_119,9870000059
A000360,S_DEC_0120,Post-Matric Technical,21451,Review Required,2026-03-21,BA_DEC_120,9870000059
A000361,S_DEC_0121,Merit Scholarship,20750,Review Required,2026-03-20,BA_DEC_121,9870000060
A000362,S_DEC_0122,Merit Scholarship,29996,Review Required,2026-03-21,BA_DEC_122,9870000060
A000363,S_DEC_0123,Minority Welfare,15178,Review Required,2026-03-20,BA_DEC_123,9870000061
A000364,S_DEC_0124,Minority Welfare,19440,Review Required,2026-03-21,BA_DEC_124,9870000061
A000365,S_DEC_0125,Post-Matric Technical,9472,Review Required,2026-03-20,BA_DEC_125,9870000062
A000366,S_DEC_0126,Post-Matric Technical,19322,Review Required,2026-03-21,BA_DEC_126,9870000062
A000367,S_DEC_0127,Girl Child Assistance,12814,Review Required,2026-03-20,BA_DEC_127,9870000063
A000368,S_DEC_0128,Girl Child Assistance,8297,Review Required,2026-03-21,BA_DEC_128,9870000063
A000369,S_DEC_0129,SC/ST Welfare Scheme,10224,Review Required,2026-03-20,BA_DEC_129,9870000064
A000370,S_DEC_0130,SC/ST Welfare Scheme,19048,Review Required,2026-03-21,BA_DEC_130,9870000064
A000371,S_DEC_0131,Post-Matric Technical,12681,Review Required,2026-03-20,BA_DEC_131,9870000065
A000372,S_DEC_0132,Post-Matric Technical,10858,Review Required,2026-03-21,BA_DEC_132,9870000065
A000373,S_DEC_0133,Post-Matric Technical,19612,Review Required,2026-03-20,BA_DEC_133,9870000066
A000374,S_DEC_0134,Post-Matric Technical,11522,Review Required,2026-03-21,BA_DEC_134,9870000066
A000375,S_DEC_0135,Post-Matric Technical,17337,Review Required,2026-03-20,BA_DEC_135,9870000067
A000376,S_DEC_0136,Post-Matric Technical,20557,Review Required,2026-03-21,BA_DEC_136,9870000067
A000377,S_DEC_0137,SC/ST Welfare Scheme,23676,Review Required,2026-03-20,BA_DEC_137,9870000068
A000378,S_DEC_0138,SC/ST Welfare Scheme,17905,Review Required,2026-03-21,BA_DEC_138,9870000068
A000379,S_DEC_0139,Post-Matric Technical,16483,Review Required,2026-03-20,BA_DEC_139,9870000069
A000380,S_DEC_0140,Post-Matric Technical,18031,Review Required,2026-03-21,BA_DEC_140,9870000069
A000381,S_DEC_0141,Minority Welfare,11122,Review Required,2026-03-20,BA_DEC_141,9870000070
A000382,S_DEC_0142,Minority Welfare,17820,Review Required,2026-03-21,BA_DEC_142,9870000070
A000383,S_DEC_0143,Girl Child Assistance,14078,Review Required,2026-03-20,BA_DEC_143,9870000071
A000384,S_DEC_0144,Girl Child Assistance,7571,Review Required,2026-03-21,BA_DEC_144,9870000071
A000385,S_DEC_0145,SC/ST Welfare Scheme,15568,Review Required,2026-03-20,BA_DEC_145,9870000072
A000386,S_DEC_0146,SC/ST Welfare Scheme,22905,Review Required,2026-03-21,BA_DEC_146,9870000072
A000387,S_DEC_0147,Girl Child Assistance,13721,Review Required,2026-03-20,BA_DEC_147,9870000073
A000388,S_DEC_0148,Girl Child Assistance,7021,Review Required,2026-03-21,BA_DEC_148,9870000073
A000389,S_DEC_0149,SC/ST Welfare Scheme,23721,Review Required,2026-03-20,BA_DEC_149,9870000074
A000390,S_DEC_0150,SC/ST Welfare Scheme,19616,Review Required,2026-03-21,BA_DEC_150,9870000074
A000391,S_DEC_0151,Girl Child Assistance,11011,Review Required,2026-03-20,BA_DEC_151,9870000075
A000392,S_DEC_0152,Girl Child Assistance,14088,Review Required,2026-03-21,BA_DEC_152,9870000075
A000393,S_DEC_0153,Minority Welfare,16824,Review Required,2026-03-20,BA_DEC_153,9870000076
A000394,S_DEC_0154,Minority Welfare,15935,Review Required,2026-03-21,BA_DEC_154,9870000076
A000395,S_DEC_0155,SC/ST Welfare Scheme,19042,Review Required,2026-03-20,BA_DEC_155,9870000077
A000396,S_DEC_0156,SC/ST Welfare Scheme,22498,Review Required,2026-03-21,BA_DEC_156,9870000077
A000397,S_DEC_0157,Girl Child Assistance,10730,Review Required,2026-03-20,BA_DEC_157,9870000078
A000398,S_DEC_0158,Girl Child Assistance,14641,Review Required,2026-03-21,BA_DEC_158,9870000078
A000399,S_DEC_0159,SC/ST Welfare Scheme,21427,Review Required,2026-03-20,BA_DEC_159,9870000079
A000400,S_DEC_0160,SC/ST Welfare Scheme,13912,Review Required,2026-03-21,BA_DEC_160,9870000079
A000401,S_DEC_0161,Girl Child Assistance,8913,Review Required,2026-03-20,BA_DEC_161,9870000080
A000402,S_DEC_0162,Girl Child Assistance,14012,Review Required,2026-03-21,BA_DEC_162,9870000080
A000403,S_DEC_0163,Post-Matric Technical,14213,Review Required,2026-03-20,BA_DEC_163,9870000081
A000404,S_DEC_0164,Post-Matric Technical,21201,Review Required,2026-03-21,BA_DEC_164,9870000081
A000405,S_DEC_0165,Post-Matric Technical,15325,Review Required,2026-03-20,BA_DEC_165,9870000082
A000406,S_DEC_0166,Post-Matric Technical,19873,Review Required,2026-03-21,BA_DEC_166,9870000082
A000407,S_DEC_0167,Minority Welfare,8606,Review Required,2026-03-20,BA_DEC_167,9870000083
A000408,S_DEC_0168,Minority Welfare,10068,Review Required,2026-03-21,BA_DEC_168,9870000083
A000409,S_DEC_0169,Girl Child Assistance,9719,Review Required,2026-03-20,BA_DEC_169,9870000084
A000410,S_DEC_0170,Girl Child Assistance,14124,Review Required,2026-03-21,BA_DEC_170,9870000084
A000411,S_DEC_0171,Merit Scholarship,15267,Review Required,2026-03-20,BA_DEC_171,9870000085
A000412,S_DEC_0172,Merit Scholarship,29234,Review Required,2026-03-21,BA_DEC_172,9870000085
A000413,S_DEC_0173,Post-Matric Technical,20836,Review Required,2026-03-20,BA_DEC_173,9870000086
A000414,S_DEC_0174,Post-Matric Technical,11361,Review Required,2026-03-21,BA_DEC_174,9870000086
A000415,S_DEC_0175,Post-Matric Technical,11529,Review Required,2026-03-20,BA_DEC_175,9870000087
A000416,S_DEC_0176,Post-Matric Technical,10225,Review Required,2026-03-21,BA_DEC_176,9870000087
A000417,S_DEC_0177,Post-Matric Technical,14546,Review Required,2026-03-20,BA_DEC_177,9870000088
A000418,S_DEC_0178,Post-Matric Technical,19211,Review Required,2026-03-21,BA_DEC_178,9870000088
A000419,S_DEC_0179,Post-Matric Technical,10315,Review Required,2026-03-20,BA_DEC_179,9870000089
A000420,S_DEC_0180,Post-Matric Technical,14383,Review Required,2026-03-21,BA_DEC_180,9870000089
A000421,S_DEC_0181,Girl Child Assistance,14816,Review Required,2026-03-20,BA_DEC_181,9870000090
A000422,S_DEC_0182,Girl Child Assistance,9594,Review Required,2026-03-21,BA_DEC_182,9870000090
A000423,S_DEC_0183,Post-Matric Technical,9588,Review Required,2026-03-20,BA_DEC_183,9870000091
A000424,S_DEC_0184,Post-Matric Technical,19116,Review Required,2026-03-21,BA_DEC_184,9870000091
A000425,S_DEC_0185,Merit Scholarship,21416,Review Required,2026-03-20,BA_DEC_185,9870000092
A000426,S_DEC_0186,Merit Scholarship,19454,Review Required,2026-03-21,BA_DEC_186,9870000092
A000427,S_DEC_0187,Merit Scholarship,15225,Review Required,2026-03-20,BA_DEC_187,9870000093
A000428,S_DEC_0188,Merit Scholarship,15293,Review Required,2026-03-21,BA_DEC_188,9870000093
A000429,S_DEC_0189,Post-Matric Technical,20370,Review Required,2026-03-20,BA_DEC_189,9870000094
A000430,S_DEC_0190,Post-Matric Technical,13906,Review Required,2026-03-21,BA_DEC_190,9870000094
A000431,S_DEC_0191,Merit Scholarship,22629,Review Required,2026-03-20,BA_DEC_191,9870000095
A000432,S_DEC_0192,Merit Scholarship,13838,Review Required,2026-03-21,BA_DEC_192,9870000095
A000433,S_DEC_0193,SC/ST Welfare Scheme,16141,Review Required,2026-03-20,BA_DEC_193,9870000096
A000434,S_DEC_0194,SC/ST Welfare Scheme,17056,Review Required,2026-03-21,BA_DEC_194,9870000096
A000435,S_DEC_0195,Minority Welfare,16702,Review Required,2026-03-20,BA_DEC_195,9870000097
A000436,S_DEC_0196,Minority Welfare,14751,Review Required,2026-03-21,BA_DEC_196,9870000097
A000437,S_DEC_0197,Girl Child Assistance,13492,Review Required,2026-03-20,BA_DEC_197,9870000098
A000438,S_DEC_0198,Girl Child Assistance,8475,Review Required,2026-03-21,BA_DEC_198,9870000098
A000439,S_DEC_0199,Minority Welfare,9293,Review Required,2026-03-20,BA_DEC_199,9870000099
A000440,S_DEC_0200,Minority Welfare,17985,Review Required,2026-03-21,BA_DEC_200,9870000099
A000441,S_DEC_0201,Post-Matric Technical,20192,Review Required,2026-03-20,BA_DEC_201,9870000100
A000442,S_DEC_0202,Post-Matric Technical,12945,Review Required,2026-03-21,BA_DEC_202,9870000100
A000443,S_DEC_0203,Post-Matric Technical,11344,Review Required,2026-03-20,BA_DEC_203,9870000101
A000444,S_DEC_0204,Post-Matric Technical,12804,Review Required,2026-03-21,BA_DEC_204,9870000101
A000445,S_DEC_0205,Post-Matric Technical,13161,Review Required,2026-03-20,BA_DEC_205,9870000102
A000446,S_DEC_0206,Post-Matric Technical,16529,Review Required,2026-03-21,BA_DEC_206,9870000102
A000447,S_DEC_0207,SC/ST Welfare Scheme,10153,Review Required,2026-03-20,BA_DEC_207,9870000103
A000448,S_DEC_0208,SC/ST Welfare Scheme,24727,Review Required,2026-03-21,BA_DEC_208,9870000103
A000449,S_DEC_0209,Post-Matric Technical,20101,Review Required,2026-03-20,BA_DEC_209,9870000104
A000450,S_DEC_0210,Post-Matric Technical,17955,Review Required,2026-03-21,BA_DEC_210,9870000104
A000451,S_DEC_0211,Minority Welfare,15237,Review Required,2026-03-20,BA_DEC_211,9870000105
A000452,S_DEC_0212,Minority Welfare,13661,Review Required,2026-03-21,BA_DEC_212,9870000105
A000453,S_DEC_0213,Girl Child Assistance,12234,Review Required,2026-03-20,BA_DEC_213,9870000106
A000454,S_DEC_0214,Girl Child Assistance,14880,Review Required,2026-03-21,BA_DEC_214,9870000106
A000455,S_DEC_0215,Post-Matric Technical,16484,Review Required,2026-03-20,BA_DEC_215,9870000107
A000456,S_DEC_0216,Post-Matric Technical,13949,Review Required,2026-03-21,BA_DEC_216,9870000107
A000457,S_DEC_0217,Minority Welfare,15916,Review Required,2026-03-20,BA_DEC_217,9870000108
A000458,S_DEC_0218,Minority Welfare,9747,Review Required,2026-03-21,BA_DEC_218,9870000108
A000459,S_DEC_0219,Minority Welfare,17370,Review Required,2026-03-20,BA_DEC_219,9870000109
A000460,S_DEC_0220,Minority Welfare,13881,Review Required,2026-03-21,BA_DEC_220,9870000109
A000461,S_DEC_0221,Girl Child Assistance,12728,Review Required,2026-03-20,BA_DEC_221,9870000110
A000462,S_DEC_0222,Girl Child Assistance,9418,Review Required,2026-03-21,BA_DEC_222,9870000110
A000463,S_DEC_0223,Merit Scholarship,24969,Verified,2026-03-20,BA_DEC_223,9870000111
A000464,S_DEC_0224,Merit Scholarship,20994,Verified,2026-03-21,BA_DEC_224,9870000111
A000465,S_DEC_0225,Merit Scholarship,13607,Verified,2026-03-20,BA_DEC_225,9870000112
A000466,S_DEC_0226,Merit Scholarship,28276,Verified,2026-03-21,BA_DEC_226,9870000112
A000467,S_DEC_0227,SC/ST Welfare Scheme,19946,Review Required,2026-03-20,BA_DEC_227,9870000113
A000468,S_DEC_0228,SC/ST Welfare Scheme,23138,Review Required,2026-03-21,BA_DEC_228,9870000113
A000469,S_DEC_0229,SC/ST Welfare Scheme,20430,Review Required,2026-03-20,BA_DEC_229,9870000114
A000470,S_DEC_0230,SC/ST Welfare Scheme,13115,Review Required,2026-03-21,BA_DEC_230,9870000114
A000471,S_DEC_0231,Girl Child Assistance,12552,Review Required,2026-03-20,BA_DEC_231,9870000115
A000472,S_DEC_0232,Girl Child Assistance,13189,Review Required,2026-03-21,BA_DEC_232,9870000115
A000473,S_DEC_0233,Minority Welfare,9591,Verified,2026-03-20,BA_DEC_233,9870000116
A000474,S_DEC_0234,Minority Welfare,18280,Verified,2026-03-21,BA_DEC_234,9870000116
A000475,S_DEC_0235,Merit Scholarship,26444,Review Required,2026-03-20,BA_DEC_235,9870000117
A000476,S_DEC_0236,Merit Scholarship,13093,Review Required,2026-03-21,BA_DEC_236,9870000117
A000477,S_DEC_0237,Girl Child Assistance,12999,Review Required,2026-03-20,BA_DEC_237,9870000118
A000478,S_DEC_0238,Girl Child Assistance,8076,Review Required,2026-03-21,BA_DEC_238,9870000118
A000479,S_DEC_0239,Merit Scholarship,22705,Review Required,2026-03-20,BA_DEC_239,9870000119
A000480,S_DEC_0240,Merit Scholarship,25615,Review Required,2026-03-21,BA_DEC_240,9870000119
A000481,S_DEC_0241,Minority Welfare,10165,Review Required,2026-03-20,BA_DEC_241,9870000120
A000482,S_DEC_0242,Minority Welfare,16837,Review Required,2026-03-21,BA_DEC_242,9870000120
A000483,S_DEC_0243,SC/ST Welfare Scheme,18221,Verified,2026-03-20,BA_DEC_243,9870000121
A000484,S_DEC_0244,SC/ST Welfare Scheme,24966,Verified,2026-03-21,BA_DEC_244,9870000121
A000485,S_DEC_0245,SC/ST Welfare Scheme,14210,Review Required,2026-03-20,BA_DEC_245,9870000122
A000486,S_DEC_0246,SC/ST Welfare Scheme,24975,Review Required,2026-03-21,BA_DEC_246,9870000122
A000487,S_DEC_0247,Post-Matric Technical,21231,Review Required,2026-03-20,BA_DEC_247,9870000123
A000488,S_DEC_0248,Post-Matric Technical,14549,Review Required,2026-03-21,BA_DEC_248,9870000123
A000489,S_DEC_0249,Merit Scholarship,14467,Review Required,2026-03-20,BA_DEC_249,9870000124
A000490,S_DEC_0250,Merit Scholarship,16612,Review Required,2026-03-21,BA_DEC_250,9870000124
A000491,S_DEC_0251,Minority Welfare,19865,Verified,2026-03-20,BA_DEC_251,9870000125
A000492,S_DEC_0252,Minority Welfare,19049,Verified,2026-03-21,BA_DEC_252,9870000125
A000493,S_DEC_0253,Post-Matric Technical,14992,Verified,2026-03-20,BA_DEC_253,9870000126
A000494,S_DEC_0254,Post-Matric Technical,10479,Verified,2026-03-21,BA_DEC_254,9870000126
A000495,S_DEC_0255,Post-Matric Technical,13332,Review Required,2026-03-20,BA_DEC_255,9870000127
A000496,S_DEC_0256,Post-Matric Technical,17791,Review Required,2026-03-21,BA_DEC_256,9870000127
A000497,S_DEC_0257,Merit Scholarship,24077,Review Required,2026-03-20,BA_DEC_257,9870000128
A000498,S_DEC_0258,Merit Scholarship,20590,Review Required,2026-03-21,BA_DEC_258,9870000128
A000499,S_DEC_0259,Girl Child Assistance,13737,Review Required,2026-03-20,BA_DEC_259,9870000129
A000500,S_DEC_0260,Girl Child Assistance,12230,Review Required,2026-03-21,BA_DEC_260,9870000129
A000501,S_DEC_0261,SC/ST Welfare Scheme,21056,Review Required,2026-03-20,BA_DEC_261,9870000130
A000502,S_DEC_0262,SC/ST Welfare Scheme,13830,Review Required,2026-03-21,BA_DEC_262,9870000130
A000503,S_DEC_0263,Post-Matric Technical,19150,Review Required,2026-03-20,BA_DEC_263,9870000131
A000504,S_DEC_0264,Post-Matric Technical,18198,Review Required,2026-03-21,BA_DEC_264,9870000131
A000505,S_DEC_0265,SC/ST Welfare Scheme,13626,Verified,2026-03-20,BA_DEC_265,9870000132
A000506,S_DEC_0266,SC/ST Welfare Scheme,20611,Verified,2026-03-21,BA_DEC_266,9870000132
A000507,S_DEC_0267,Merit Scholarship,27213,Verified,2026-03-20,BA_DEC_267,9870000133
A000508,S_DEC_0268,Merit Scholarship,21902,Verified,2026-03-21,BA_DEC_268,9870000133
A000509,S_DEC_0269,Post-Matric Technical,11290,Review Required,2026-03-20,BA_DEC_269,9870000134
A000510,S_DEC_0270,Post-Matric Technical,9742,Review Required,2026-03-21,BA_DEC_270,9870000134
A000511,S_DEC_0271,Merit Scholarship,28142,Review Required,2026-03-20,BA_DEC_271,9870000135
A000512,S_DEC_0272,Merit Scholarship,15805,Review Required,2026-03-21,BA_DEC_272,9870000135
A000513,S_DEC_0273,Merit Scholarship,29614,Review Required,2026-03-20,BA_DEC_273,9870000136
A000514,S_DEC_0274,Merit Scholarship,16445,Review Required,2026-03-21,BA_DEC_274,9870000136
A000515,S_DEC_0275,Post-Matric Technical,15078,Review Required,2026-03-20,BA_DEC_275,9870000137
A000516,S_DEC_0276,Post-Matric Technical,19985,Review Required,2026-03-21,BA_DEC_276,9870000137
A000517,S_DEC_0277,Girl Child Assistance,11811,Review Required,2026-03-20,BA_DEC_277,9870000138
A000518,S_DEC_0278,Girl Child Assistance,13080,Review Required,2026-03-21,BA_DEC_278,9870000138
A000519,S_DEC_0279,Minority Welfare,18730,Review Required,2026-03-20,BA_DEC_279,9870000139
A000520,S_DEC_0280,Minority Welfare,9622,Review Required,2026-03-21,BA_DEC_280,9870000139
A000521,S_DEC_0281,Post-Matric Technical,15686,Verified,2026-03-20,BA_DEC_281,9870000140
A000522,S_DEC_0282,Post-Matric Technical,13583,Verified,2026-03-21,BA_DEC_282,9870000140
A000523,S_DEC_0283,Merit Scholarship,19119,Review Required,2026-03-20,BA_DEC_283,9870000141
A000524,S_DEC_0284,Merit Scholarship,26528,Review Required,2026-03-21,BA_DEC_284,9870000141
A000525,S_DEC_0285,Post-Matric Technical,14942,Review Required,2026-03-20,BA_DEC_285,9870000142
A000526,S_DEC_0286,Post-Matric Technical,10627,Review Required,2026-03-21,BA_DEC_286,9870000142
A000527,S_DEC_0287,SC/ST Welfare Scheme,24773,Verified,2026-03-20,BA_DEC_287,9870000143
A000528,S_DEC_0288,SC/ST Welfare Scheme,20564,Verified,2026-03-21,BA_DEC_288,9870000143
A000529,S_DEC_0289,SC/ST Welfare Scheme,16523,Review Required,2026-03-20,BA_DEC_289,9870000144
A000530,S_DEC_0290,SC/ST Welfare Scheme,14520,Review Required,2026-03-21,BA_DEC_290,9870000144
A000531,S_DEC_0291,Minority Welfare,15450,Review Required,2026-03-20,BA_DEC_291,9870000145
A000532,S_DEC_0292,Minority Welfare,9501,Review Required,2026-03-21,BA_DEC_292,9870000145
A000533,S_DEC_0293,Minority Welfare,18477,Verified,2026-03-20,BA_DEC_293,9870000146
A000534,S_DEC_0294,Minority Welfare,17783,Verified,2026-03-21,BA_DEC_294,9870000146
A000535,S_DEC_0295,Merit Scholarship,22928,Review Required,2026-03-20,BA_DEC_295,9870000147
A000536,S_DEC_0296,Merit Scholarship,19981,Review Required,2026-03-21,BA_DEC_296,9870000147
A000537,S_DEC_0297,Minority Welfare,11362,Verified,2026-03-20,BA_DEC_297,9870000148
A000538,S_DEC_0298,Minority Welfare,9124,Verified,2026-03-21,BA_DEC_298,9870000148
A000539,S_DEC_0299,Girl Child Assistance,11803,Review Required,2026-03-20,BA_DEC_299,9870000149
A000540,S_DEC_0300,Girl Child Assistance,8769,Review Required,2026-03-21,BA_DEC_300,9870000149
A000541,S_DEC_0301,Minority Welfare,10417,Verified,2026-03-20,BA_DEC_301,9870000150
A000542,S_DEC_0302,Minority Welfare,17764,Verified,2026-03-21,BA_DEC_302,9870000150
A000543,S_DEC_0303,Merit Scholarship,16741,Verified,2026-03-20,BA_DEC_303,9870000151
A000544,S_DEC_0304,Merit Scholarship,16259,Verified,2026-03-21,BA_DEC_304,9870000151
A000545,S_DEC_0305,Girl Child Assistance,13541,Verified,2026-03-20,BA_DEC_305,9870000152
A000546,S_DEC_0306,Girl Child Assistance,8429,Verified,2026-03-21,BA_DEC_306,9870000152
A000547,S_DEC_0307,Merit Scholarship,12844,Verified,2026-03-20,BA_DEC_307,9870000153
A000548,S_DEC_0308,Merit Scholarship,16318,Verified,2026-03-21,BA_DEC_308,9870000153
A000549,S_DEC_0309,Merit Scholarship,19796,Verified,2026-03-20,BA_DEC_309,9870000154
A000550,S_DEC_0310,Merit Scholarship,22609,Verified,2026-03-21,BA_DEC_310,9870000154
A000551,S_DEC_0311,Merit Scholarship,20695,Verified,2026-03-20,BA_DEC_311,9870000155
A000552,S_DEC_0312,Merit Scholarship,13717,Verified,2026-03-21,BA_DEC_312,9870000155
A000553,S_DEC_0313,Minority Welfare,14897,Verified,2026-03-20,BA_DEC_313,9870000156
A000554,S_DEC_0314,Minority Welfare,16619,Verified,2026-03-21,BA_DEC_314,9870000156
A000555,S_DEC_0315,Merit Scholarship,14082,Verified,2026-03-20,BA_DEC_315,9870000157
A000556,S_DEC_0316,Merit Scholarship,27605,Verified,2026-03-21,BA_DEC_316,9870000157
A000557,S_DEC_0317,Post-Matric Technical,17408,Verified,2026-03-20,BA_DEC_317,9870000158
A000558,S_DEC_0318,Post-Matric Technical,18726,Verified,2026-03-21,BA_DEC_318,9870000158
A000559,S_DEC_0319,Merit Scholarship,28509,Verified,2026-03-20,BA_DEC_319,9870000159
A000560,S_DEC_0320,Merit Scholarship,19259,Verified,2026-03-21,BA_DEC_320,9870000159
A000561,S_DEC_0321,Girl Child Assistance,12957,Verified,2026-03-20,BA_DEC_321,9870000160
A000562,S_DEC_0322,Girl Child Assistance,13416,Verified,2026-03-21,BA_DEC_322,9870000160
A000563,S_DEC_0323,Girl Child Assistance,10752,Verified,2026-03-20,BA_DEC_323,9870000161
A000564,S_DEC_0324,Girl Child Assistance,12270,Verified,2026-03-21,BA_DEC_324,9870000161
A000565,S_DEC_0325,Merit Scholarship,27695,Verified,2026-03-20,BA_DEC_325,9870000162
A000566,S_DEC_0326,Merit Scholarship,25160,Verified,2026-03-21,BA_DEC_326,9870000162
A000567,S_DEC_0327,Post-Matric Technical,10768,Verified,2026-03-20,BA_DEC_327,9870000163
A000568,S_DEC_0328,Post-Matric Technical,17032,Verified,2026-03-21,BA_DEC_328,9870000163
A000569,S_DEC_0329,Post-Matric Technical,10323,Verified,2026-03-20,BA_DEC_329,9870000164
A000570,S_DEC_0330,Post-Matric Technical,14277,Verified,2026-03-21,BA_DEC_330,9870000164
A000571,S_DEC_0331,Girl Child Assistance,7538,Verified,2026-03-20,BA_DEC_331,9870000165
A000572,S_DEC_0332,Girl Child Assistance,8033,Verified,2026-03-21,BA_DEC_332,9870000165
A000573,S_DEC_0333,SC/ST Welfare Scheme,20372,Verified,2026-03-20,BA_DEC_333,9870000166
A000574,S_DEC_0334,SC/ST Welfare Scheme,19590,Verified,2026-03-21,BA_DEC_334,9870000166
A000575,S_DEC_0335,Girl Child Assistance,9663,Verified,2026-03-20,BA_DEC_335,9870000167
A000576,S_DEC_0336,Girl Child Assistance,10120,Verified,2026-03-21,BA_DEC_336,9870000167
A000577,S_DEC_0337,Girl Child Assistance,9415,Verified,2026-03-20,BA_DEC_337,9870000168
A000578,S_DEC_0338,Girl Child Assistance,10716,Verified,2026-03-21,BA_DEC_338,9870000168
A000579,S_DEC_0339,Girl Child Assistance,10524,Verified,2026-03-20,BA_DEC_339,9870000169
A000580,S_DEC_0340,Girl Child Assistance,7812,Verified,2026-03-21,BA_DEC_340,9870000169
A000581,S_DEC_0341,Merit Scholarship,19045,Verified,2026-03-20,BA_DEC_341,9870000170
A000582,S_DEC_0342,Merit Scholarship,26092,Verified,2026-03-21,BA_DEC_342,9870000170
A000583,S_DEC_0343,Post-Matric Technical,15779,Verified,2026-03-20,BA_DEC_343,9870000171
A000584,S_DEC_0344,Post-Matric Technical,14553,Verified,2026-03-21,BA_DEC_344,9870000171
A000585,S_DEC_0345,Post-Matric Technical,15815,Verified,2026-03-20,BA_DEC_345,9870000172
A000586,S_DEC_0346,Post-Matric Technical,20953,Verified,2026-03-21,BA_DEC_346,9870000172
A000587,S_DEC_0347,Merit Scholarship,25984,Verified,2026-03-20,BA_DEC_347,9870000173
A000588,S_DEC_0348,Merit Scholarship,22240,Verified,2026-03-21,BA_DEC_348,9870000173
A000589,S_DEC_0349,SC/ST Welfare Scheme,12500,Verified,2026-03-20,BA_DEC_349,9870000174
A000590,S_DEC_0350,SC/ST Welfare Scheme,21252,Verified,2026-03-21,BA_DEC_350,9870000174
A000591,S_DEC_0351,Post-Matric Technical,10494,Verified,2026-03-20,BA_DEC_351,9870000175
A000592,S_DEC_0352,Post-Matric Technical,10398,Verified,2026-03-21,BA_DEC_352,9870000175
A000593,S_DEC_0353,Merit Scholarship,15164,Verified,2026-03-20,BA_DEC_353,9870000176
A000594,S_DEC_0354,Merit Scholarship,24210,Verified,2026-03-21,BA_DEC_354,9870000176
A000595,S_DEC_0355,Minority Welfare,8982,Verified,2026-03-20,BA_DEC_355,9870000177
A000596,S_DEC_0356,Minority Welfare,17608,Verified,2026-03-21,BA_DEC_356,9870000177
A000597,S_DEC_0357,Girl Child Assistance,9700,Verified,2026-03-20,BA_DEC_357,9870000178
A000598,S_DEC_0358,Girl Child Assistance,12488,Verified,2026-03-21,BA_DEC_358,9870000178
A000599,S_DEC_0359,Merit Scholarship,23586,Verified,2026-03-20,BA_DEC_359,9870000179
A000600,S_DEC_0360,Merit Scholarship,25858,Verified,2026-03-21,BA_DEC_360,9870000179
A000601,S_DEC_0361,Merit Scholarship,22238,Verified,2026-03-20,BA_DEC_361,9870000180
A000602,S_DEC_0362,Merit Scholarship,23522,Verified,2026-03-21,BA_DEC_362,9870000180
A000603,S_DEC_0363,Merit Scholarship,28626,Verified,2026-03-20,BA_DEC_363,9870000181
A000604,S_DEC_0364,Merit Scholarship,18971,Verified,2026-03-21,BA_DEC_364,9870000181
A000605,S_DEC_0365,Minority Welfare,15900,Verified,2026-03-20,BA_DEC_365,9870000182
A000606,S_DEC_0366,Minority Welfare,11674,Verified,2026-03-21,BA_DEC_366,9870000182
A000607,S_DEC_0367,Merit Scholarship,24044,Verified,2026-03-20,BA_DEC_367,9870000183
A000608,S_DEC_0368,Merit Scholarship,15764,Verified,2026-03-21,BA_DEC_368,9870000183
A000609,S_DEC_0369,SC/ST Welfare Scheme,13705,Verified,2026-03-20,BA_DEC_369,9870000184
A000610,S_DEC_0370,SC/ST Welfare Scheme,23225,Verified,2026-03-21,BA_DEC_370,9870000184
A000611,S_DEC_0371,Post-Matric Technical,21573,Verified,2026-03-20,BA_DEC_371,9870000185
A000612,S_DEC_0372,Post-Matric Technical,19186,Verified,2026-03-21,BA_DEC_372,9870000185
A000613,S_DEC_0373,Girl Child Assistance,12264,Verified,2026-03-20,BA_DEC_373,9870000186
A000614,S_DEC_0374,Girl Child Assistance,11560,Verified,2026-03-21,BA_DEC_374,9870000186
A000615,S_DEC_0375,Merit Scholarship,20763,Verified,2026-03-20,BA_DEC_375,9870000187
A000616,S_DEC_0376,Merit Scholarship,12948,Verified,2026-03-21,BA_DEC_376,9870000187
A000617,S_DEC_0377,Minority Welfare,19513,Verified,2026-03-20,BA_DEC_377,9870000188
A000618,S_DEC_0378,Minority Welfare,13062,Verified,2026-03-21,BA_DEC_378,9870000188
A000619,S_DEC_0379,SC/ST Welfare Scheme,10100,Verified,2026-03-20,BA_DEC_379,9870000189
A000620,S_DEC_0380,SC/ST Welfare Scheme,12972,Verified,2026-03-21,BA_DEC_380,9870000189
A000621,S_DEC_0381,Minority Welfare,18769,Verified,2026-03-20,BA_DEC_381,9870000190
A000622,S_DEC_0382,Minority Welfare,14566,Verified,2026-03-21,BA_DEC_382,9870000190
A000623,S_DEC_0383,Merit Scholarship,13004,Verified,2026-03-20,BA_DEC_383,9870000191
A000624,S_DEC_0384,Merit Scholarship,15006,Verified,2026-03-21,BA_DEC_384,9870000191
A000625,S_DEC_0385,Girl Child Assistance,10081,Verified,2026-03-20,BA_DEC_385,9870000192
A000626,S_DEC_0386,Girl Child Assistance,10439,Verified,2026-03-21,BA_DEC_386,9870000192
A000627,S_DEC_0387,Post-Matric Technical,11578,Verified,2026-03-20,BA_DEC_387,9870000193
A000628,S_DEC_0388,Post-Matric Technical,15062,Verified,2026-03-21,BA_DEC_388,9870000193
A000629,S_DEC_0389,SC/ST Welfare Scheme,15314,Verified,2026-03-20,BA_DEC_389,9870000194
A000630,S_DEC_0390,SC/ST Welfare Scheme,22727,Verified,2026-03-21,BA_DEC_390,9870000194
A000631,S_DEC_0391,Girl Child Assistance,7695,Verified,2026-03-20,BA_DEC_391,9870000195
A000632,S_DEC_0392,Girl Child Assistance,14236,Verified,2026-03-21,BA_DEC_392,9870000195
A000633,S_DEC_0393,Merit Scholarship,17158,Verified,2026-03-20,BA_DEC_393,9870000196
A000634,S_DEC_0394,Merit Scholarship,13630,Verified,2026-03-21,BA_DEC_394,9870000196
A000635,S_DEC_0395,Merit Scholarship,26519,Verified,2026-03-20,BA_DEC_395,9870000197
A000636,S_DEC_0396,Merit Scholarship,25894,Verified,2026-03-21,BA_DEC_396,9870000197
A000637,S_DEC_0397,Post-Matric Technical,16242,Verified,2026-03-20,BA_DEC_397,9870000198
A000638,S_DEC_0398,Post-Matric Technical,15785,Verified,2026-03-21,BA_DEC_398,9870000198
A000639,S_DEC_0399,SC/ST Welfare Scheme,22368,Verified,2026-03-20,BA_DEC_399,9870000199
A000640,S_DEC_0400,SC/ST Welfare Scheme,18394,Verified,2026-03-21,BA_DEC_400,9870000199
A000641,S_DEC_0401,Merit Scholarship,26087,Verified,2026-03-20,BA_DEC_401,9870000200
A000642,S_DEC_0402,Merit Scholarship,15633,Verified,2026-03-21,BA_DEC_402,9870000200
A000643,S_DEC_0403,SC/ST Welfare Scheme,21116,Verified,2026-03-20,BA_DEC_403,9870000201
A000644,S_DEC_0404,SC/ST Welfare Scheme,19717,Verified,2026-03-21,BA_DEC_404,9870000201
A000645,S_DEC_0405,Post-Matric Technical,19930,Verified,2026-03-20,BA_DEC_405,9870000202
A000646,S_DEC_0406,Post-Matric Technical,14053,Verified,2026-03-21,BA_DEC_406,9870000202
A000647,S_DEC_0407,Merit Scholarship,24951,Verified,2026-03-20,BA_DEC_407,9870000203
A000648,S_DEC_0408,Merit Scholarship,13795,Verified,2026-03-21,BA_DEC_408,9870000203
A000649,S_DEC_0409,Merit Scholarship,21876,Verified,2026-03-20,BA_DEC_409,9870000204
A000650,S_DEC_0410,Merit Scholarship,18921,Verified,2026-03-21,BA_DEC_410,9870000204
A000651,S_DEC_0411,Minority Welfare,12742,Verified,2026-03-20,BA_DEC_411,9870000205
A000652,S_DEC_0412,Minority Welfare,13375,Verified,2026-03-21,BA_DEC_412,9870000205
A000653,S_DEC_0413,Merit Scholarship,28298,Verified,2026-03-20,BA_DEC_413,9870000206
A000654,S_DEC_0414,Merit Scholarship,26111,Verified,2026-03-21,BA_DEC_414,9870000206
A000655,S_DEC_0415,Minority Welfare,14229,Verified,2026-03-20,BA_DEC_415,9870000207
A000656,S_DEC_0416,Minority Welfare,16725,Verified,2026-03-21,BA_DEC_416,9870000207
A000657,S_DEC_0417,Minority Welfare,17154,Verified,2026-03-20,BA_DEC_417,9870000208
A000658,S_DEC_0418,Minority Welfare,18945,Verified,2026-03-21,BA_DEC_418,9870000208
A000659,S_DEC_0419,SC/ST Welfare Scheme,16505,Verified,2026-03-20,BA_DEC_419,9870000209
A000660,S_DEC_0420,SC/ST Welfare Scheme,24119,Verified,2026-03-21,BA_DEC_420,9870000209
A000661,S_DEC_0421,Merit Scholarship,12614,Verified,2026-03-20,BA_DEC_421,9870000210
A000662,S_DEC_0422,Merit Scholarship,27065,Verified,2026-03-21,BA_DEC_422,9870000210
A000663,S_DEC_0423,Merit Scholarship,26066,Verified,2026-03-20,BA_DEC_423,9870000211
A000664,S_DEC_0424,Merit Scholarship,25252,Verified,2026-03-21,BA_DEC_424,9870000211
A000665,S_DEC_0425,Post-Matric Technical,10887,Verified,2026-03-20,BA_DEC_425,9870000212
A000666,S_DEC_0426,Post-Matric Technical,15636,Verified,2026-03-21,BA_DEC_426,9870000212
A000667,S_DEC_0427,Merit Scholarship,17631,Verified,2026-03-20,BA_DEC_427,9870000213
A000668,S_DEC_0428,Merit Scholarship,27076,Verified,2026-03-21,BA_DEC_428,9870000213
A000669,S_DEC_0429,SC/ST Welfare Scheme,17155,Verified,2026-03-20,BA_DEC_429,9870000214
A000670,S_DEC_0430,SC/ST Welfare Scheme,23836,Verified,2026-03-21,BA_DEC_430,9870000214
A000671,S_DEC_0431,Merit Scholarship,26276,Verified,2026-03-20,BA_DEC_431,9870000215
A000672,S_DEC_0432,Merit Scholarship,25121,Verified,2026-03-21,BA_DEC_432,9870000215
A000673,S_DEC_0433,Girl Child Assistance,10242,Verified,2026-03-20,BA_DEC_433,9870000216
A000674,S_DEC_0434,Girl Child Assistance,14131,Verified,2026-03-21,BA_DEC_434,9870000216
A000675,S_DEC_0435,SC/ST Welfare Scheme,15562,Verified,2026-03-20,BA_DEC_435,9870000217
A000676,S_DEC_0436,SC/ST Welfare Scheme,13630,Verified,2026-03-21,BA_DEC_436,9870000217
A000677,S_DEC_0437,SC/ST Welfare Scheme,11251,Verified,2026-03-20,BA_DEC_437,9870000218
A000678,S_DEC_0438,SC/ST Welfare Scheme,18363,Verified,2026-03-21,BA_DEC_438,9870000218
A000679,S_DEC_0439,Merit Scholarship,28710,Verified,2026-03-20,BA_DEC_439,9870000219
A000680,S_DEC_0440,Merit Scholarship,18353,Verified,2026-03-21,BA_DEC_440,9870000219
A000681,S_DEC_0441,SC/ST Welfare Scheme,21917,Verified,2026-03-20,BA_DEC_441,9870000220
A000682,S_DEC_0442,SC/ST Welfare Scheme,23417,Verified,2026-03-21,BA_DEC_442,9870000220
A000683,S_DEC_0443,Minority Welfare,9684,Verified,2026-03-20,BA_DEC_443,9870000221
A000684,S_DEC_0444,Minority Welfare,10399,Verified,2026-03-21,BA_DEC_444,9870000221
A000685,S_DEC_0445,SC/ST Welfare Scheme,12842,Verified,2026-03-20,BA_DEC_445,9870000222
A000686,S_DEC_0446,SC/ST Welfare Scheme,19869,Verified,2026-03-21,BA_DEC_446,9870000222
A000687,S_DEC_0447,Minority Welfare,9234,Verified,2026-03-20,BA_DEC_447,9870000223
A000688,S_DEC_0448,Minority Welfare,10902,Verified,2026-03-21,BA_DEC_448,9870000223
A000689,S_DEC_0449,Post-Matric Technical,21360,Verified,2026-03-20,BA_DEC_449,9870000224
A000690,S_DEC_0450,Post-Matric Technical,18236,Verified,2026-03-21,BA_DEC_450,9870000224
A000691,S_DEC_0451,Girl Child Assistance,12579,Verified,2026-03-20,BA_DEC_451,9870000225
A000692,S_DEC_0452,Girl Child Assistance,14570,Verified,2026-03-21,BA_DEC_452,9870000225
A000693,S_DEC_0453,Girl Child Assistance,12204,Verified,2026-03-20,BA_DEC_453,9870000226
A000694,S_DEC_0454,Girl Child Assistance,12116,Verified,2026-03-21,BA_DEC_454,9870000226
A000695,S_DEC_0455,SC/ST Welfare Scheme,15179,Verified,2026-03-20,BA_DEC_455,9870000227
A000696,S_DEC_0456,SC/ST Welfare Scheme,12473,Verified,2026-03-21,BA_DEC_456,9870000227
A000697,S_DEC_0457,Post-Matric Technical,16682,Verified,2026-03-20,BA_DEC_457,9870000228
A000698,S_DEC_0458,Post-Matric Technical,16245,Verified,2026-03-21,BA_DEC_458,9870000228
A000699,S_DEC_0459,SC/ST Welfare Scheme,19689,Verified,2026-03-20,BA_DEC_459,9870000229
A000700,S_DEC_0460,SC/ST Welfare Scheme,10920,Verified,2026-03-21,BA_DEC_460,9870000229
A000701,S_DEC_0461,SC/ST Welfare Scheme,11215,Verified,2026-03-20,BA_DEC_461,9870000230
A000702,S_DEC_0462,SC/ST Welfare Scheme,15085,Verified,2026-03-21,BA_DEC_462,9870000230
A000703,S_DEC_0463,Post-Matric Technical,9616,Verified,2026-03-20,BA_DEC_463,9870000231
A000704,S_DEC_0464,Post-Matric Technical,9932,Verified,2026-03-21,BA_DEC_464,9870000231
A000705,S_DEC_0465,SC/ST Welfare Scheme,11257,Verified,2026-03-20,BA_DEC_465,9870000232
A000706,S_DEC_0466,SC/ST Welfare Scheme,20562,Verified,2026-03-21,BA_DEC_466,9870000232
A000707,S_DEC_0467,Merit Scholarship,28615,Verified,2026-03-20,BA_DEC_467,9870000233
A000708,S_DEC_0468,Merit Scholarship,24598,Verified,2026-03-21,BA_DEC_468,9870000233
A000709,S_DEC_0469,Post-Matric Technical,18081,Verified,2026-03-20,BA_DEC_469,9870000234
A000710,S_DEC_0470,Post-Matric Technical,21973,Verified,2026-03-21,BA_DEC_470,9870000234
A000711,S_DEC_0471,Merit Scholarship,18168,Verified,2026-03-20,BA_DEC_471,9870000235
A000712,S_DEC_0472,Merit Scholarship,22535,Verified,2026-03-21,BA_DEC_472,9870000235
A000713,S_DEC_0473,Girl Child Assistance,11107,Verified,2026-03-20,BA_DEC_473,9870000236
A000714,S_DEC_0474,Girl Child Assistance,8235,Verified,2026-03-21,BA_DEC_474,9870000236
A000715,S_DEC_0475,Merit Scholarship,15391,Verified,2026-03-20,BA_DEC_475,9870000237
A000716,S_DEC_0476,Merit Scholarship,23253,Verified,2026-03-21,BA_DEC_476,9870000237
A000717,S_DEC_0477,Merit Scholarship,17654,Verified,2026-03-20,BA_DEC_477,9870000238
A000718,S_DEC_0478,Merit Scholarship,13282,Verified,2026-03-21,BA_DEC_478,9870000238
A000719,S_DEC_0479,Minority Welfare,15172,Verified,2026-03-20,BA_DEC_479,9870000239
A000720,S_DEC_0480,Minority Welfare,15199,Verified,2026-03-21,BA_DEC_480,9870000239
A000721,S_DEC_0481,Girl Child Assistance,11995,Verified,2026-03-20,BA_DEC_481,9870000240
A000722,S_DEC_0482,Girl Child Assistance,8300,Verified,2026-03-21,BA_DEC_482,9870000240
A000723,S_DEC_0483,SC/ST Welfare Scheme,14634,Verified,2026-03-20,BA_DEC_483,9870000241
A000724,S_DEC_0484,SC/ST Welfare Scheme,16347,Verified,2026-03-21,BA_DEC_484,9870000241
A000725,S_DEC_0485,Post-Matric Technical,20123,Verified,2026-03-20,BA_DEC_485,9870000242
A000726,S_DEC_0486,Post-Matric Technical,18795,Verified,2026-03-21,BA_DEC_486,9870000242
A000727,S_DEC_0487,Merit Scholarship,22965,Verified,2026-03-20,BA_DEC_487,9870000243
A000728,S_DEC_0488,Merit Scholarship,14159,Verified,2026-03-21,BA_DEC_488,9870000243
A000729,S_DEC_0489,SC/ST Welfare Scheme,19141,Verified,2026-03-20,BA_DEC_489,9870000244
A000730,S_DEC_0490,SC/ST Welfare Scheme,21114,Verified,2026-03-21,BA_DEC_490,9870000244
A000731,S_DEC_0491,Post-Matric Technical,13128,Verified,2026-03-20,BA_DEC_491,9870000245
A000732,S_DEC_0492,Post-Matric Technical,20857,Verified,2026-03-21,BA_DEC_492,9870000245
A000733,S_DEC_0493,Girl Child Assistance,9730,Verified,2026-03-20,BA_DEC_493,9870000246
A000734,S_DEC_0494,Girl Child Assistance,7667,Verified,2026-03-21,BA_DEC_494,9870000246
A000735,S_DEC_0495,Girl Child Assistance,8158,Verified,2026-03-20,BA_DEC_495,9870000247
A000736,S_DEC_0496,Girl Child Assistance,14509,Verified,2026-03-21,BA_DEC_496,9870000247
A000737,S_DEC_0497,SC/ST Welfare Scheme,20748,Verified,2026-03-20,BA_DEC_497,9870000248
A000738,S_DEC_0498,SC/ST Welfare Scheme,21443,Verified,2026-03-21,BA_DEC_498,9870000248
A000739,S_DEC_0499,Post-Matric Technical,18749,Verified,2026-03-20,BA_DEC_499,9870000249
A000740,S_DEC_0500,Post-Matric Technical,20613,Verified,2026-03-21,BA_DEC_500,9870000249
A000741,S_DEC_0501,Merit Scholarship,24343,Verified,2026-03-20,BA_DEC_501,9870000250
A000742,S_DEC_0502,Merit Scholarship,22763,Verified,2026-03-21,BA_DEC_502,9870000250
A000743,S_DEC_0503,Minority Welfare,19515,Verified,2026-03-20,BA_DEC_503,9870000251
A000744,S_DEC_0504,Minority Welfare,19229,Verified,2026-03-21,BA_DEC_504,9870000251
A000745,S_DEC_0505,Girl Child Assistance,12292,Verified,2026-03-20,BA_DEC_505,9870000252
A000746,S_DEC_0506,Girl Child Assistance,12492,Verified,2026-03-21,BA_DEC_506,9870000252
A000747,S_DEC_0507,Post-Matric Technical,14928,Verified,2026-03-20,BA_DEC_507,9870000253
A000748,S_DEC_0508,Post-Matric Technical,9298,Verified,2026-03-21,BA_DEC_508,9870000253
A000749,S_DEC_0509,SC/ST Welfare Scheme,12953,Verified,2026-03-20,BA_DEC_509,9870000254
A000750,S_DEC_0510,SC/ST Welfare Scheme,13509,Verified,2026-03-21,BA_DEC_510,9870000254
A000751,S_DEC_0511,SC/ST Welfare Scheme,13145,Verified,2026-03-20,BA_DEC_511,9870000255
A000752,S_DEC_0512,SC/ST Welfare Scheme,13711,Verified,2026-03-21,BA_DEC_512,9870000255
A000753,S_DEC_0513,Minority Welfare,9264,Verified,2026-03-20,BA_DEC_513,9870000256
A000754,S_DEC_0514,Minority Welfare,12846,Verified,2026-03-21,BA_DEC_514,9870000256
A000755,S_DEC_0515,Merit Scholarship,29687,Verified,2026-03-20,BA_DEC_515,9870000257
A000756,S_DEC_0516,Merit Scholarship,29253,Verified,2026-03-21,BA_DEC_516,9870000257
A000757,S_DEC_0517,Merit Scholarship,23035,Verified,2026-03-20,BA_DEC_517,9870000258
A000758,S_DEC_0518,Merit Scholarship,16294,Verified,2026-03-21,BA_DEC_518,9870000258
A000759,S_DEC_0519,Girl Child Assistance,8263,Verified,2026-03-20,BA_DEC_519,9870000259
A000760,S_DEC_0520,Girl Child Assistance,8329,Verified,2026-03-21,BA_DEC_520,9870000259
A000761,S_DEC_0521,Minority Welfare,18235,Verified,2026-03-20,BA_DEC_521,9870000260
A000762,S_DEC_0522,Minority Welfare,10712,Verified,2026-03-21,BA_DEC_522,9870000260
A000763,S_DEC_0523,Post-Matric Technical,15731,Verified,2026-03-20,BA_DEC_523,9870000261
A000764,S_DEC_0524,Post-Matric Technical,14968,Verified,2026-03-21,BA_DEC_524,9870000261
A000765,S_DEC_0525,Minority Welfare,18003,Verified,2026-03-20,BA_DEC_525,9870000262
A000766,S_DEC_0526,Minority Welfare,12668,Verified,2026-03-21,BA_DEC_526,9870000262
A000767,S_DEC_0527,Post-Matric Technical,17749,Verified,2026-03-20,BA_DEC_527,9870000263
A000768,S_DEC_0528,Post-Matric Technical,12918,Verified,2026-03-21,BA_DEC_528,9870000263
A000769,S_DEC_0529,SC/ST Welfare Scheme,24810,Verified,2026-03-20,BA_DEC_529,9870000264
A000770,S_DEC_0530,SC/ST Welfare Scheme,23682,Verified,2026-03-21,BA_DEC_530,9870000264
A000771,S_DEC_0531,Minority Welfare,19113,Verified,2026-03-20,BA_DEC_531,9870000265
A000772,S_DEC_0532,Minority Welfare,17345,Verified,2026-03-21,BA_DEC_532,9870000265
A000773,S_DEC_0533,Post-Matric Technical,21606,Verified,2026-03-20,BA_DEC_533,9870000266
A000774,S_DEC_0534,Post-Matric Technical,13616,Verified,2026-03-21,BA_DEC_534,9870000266
A000775,S_DEC_0535,Post-Matric Technical,17641,Verified,2026-03-20,BA_DEC_535,9870000267
A000776,S_DEC_0536,Post-Matric Technical,15859,Verified,2026-03-21,BA_DEC_536,9870000267
A000777,S_DEC_0537,Minority Welfare,17906,Verified,2026-03-20,BA_DEC_537,9870000268
A000778,S_DEC_0538,Minority Welfare,10267,Verified,2026-03-21,BA_DEC_538,9870000268
A000779,S_DEC_0539,SC/ST Welfare Scheme,20505,Verified,2026-03-20,BA_DEC_539,9870000269
A000780,S_DEC_0540,SC/ST Welfare Scheme,17873,Verified,2026-03-21,BA_DEC_540,9870000269
A000781,S_DEC_0541,SC/ST Welfare Scheme,11680,Verified,2026-03-20,BA_DEC_541,9870000270
A000782,S_DEC_0542,SC/ST Welfare Scheme,21655,Verified,2026-03-21,BA_DEC_542,9870000270
A000783,S_DEC_0543,Girl Child Assistance,9335,Verified,2026-03-20,BA_DEC_543,9870000271
A000784,S_DEC_0544,Girl Child Assistance,7687,Verified,2026-03-21,BA_DEC_544,9870000271
A000785,S_DEC_0545,Minority Welfare,15361,Verified,2026-03-20,BA_DEC_545,9870000272
A000786,S_DEC_0546,Minority Welfare,16410,Verified,2026-03-21,BA_DEC_546,9870000272
A000787,S_DEC_0547,Minority Welfare,9502,Verified,2026-03-20,BA_DEC_547,9870000273
A000788,S_DEC_0548,Minority Welfare,11637,Verified,2026-03-21,BA_DEC_548,9870000273
A000789,S_DEC_0549,Post-Matric Technical,9436,Verified,2026-03-20,BA_DEC_549,9870000274
A000790,S_DEC_0550,Post-Matric Technical,15797,Verified,2026-03-21,BA_DEC_550,9870000274
A000791,S_DEC_0551,Merit Scholarship,28449,Verified,2026-03-20,BA_DEC_551,9870000275
A000792,S_DEC_0552,Merit Scholarship,24253,Verified,2026-03-21,BA_DEC_552,9870000275
A000793,S_DEC_0553,Minority Welfare,9337,Verified,2026-03-20,BA_DEC_553,9870000276
A000794,S_DEC_0554,Minority Welfare,14142,Verified,2026-03-21,BA_DEC_554,9870000276
A000795,S_DEC_0555,Minority Welfare,13221,Verified,2026-03-20,BA_DEC_555,9870000277
A000796,S_DEC_0556,Minority Welfare,9623,Verified,2026-03-21,BA_DEC_556,9870000277
A000797,S_DEC_0557,SC/ST Welfare Scheme,12254,Verified,2026-03-20,BA_DEC_557,9870000278
A000798,S_DEC_0558,SC/ST Welfare Scheme,10627,Verified,2026-03-21,BA_DEC_558,9870000278
A000799,S_DEC_0559,SC/ST Welfare Scheme,21404,Verified,2026-03-20,BA_DEC_559,9870000279
A000800,S_DEC_0560,SC/ST Welfare Scheme,23616,Verified,2026-03-21,BA_DEC_560,9870000279
A000801,S_DEC_0561,Minority Welfare,15685,Verified,2026-03-20,BA_DEC_561,9870000280
A000802,S_DEC_0562,Minority Welfare,15349,Verified,2026-03-21,BA_DEC_562,9870000280
A000803,S_DEC_0563,Girl Child Assistance,14420,Verified,2026-03-20,BA_DEC_563,9870000281
A000804,S_DEC_0564,Girl Child Assistance,7649,Verified,2026-03-21,BA_DEC_564,9870000281
A000805,S_DEC_0565,Merit Scholarship,19066,Verified,2026-03-20,BA_DEC_565,9870000282
A000806,S_DEC_0566,Merit Scholarship,16899,Verified,2026-03-21,BA_DEC_566,9870000282
A000807,S_DEC_0567,Girl Child Assistance,11987,Verified,2026-03-20,BA_DEC_567,9870000283
A000808,S_DEC_0568,Girl Child Assistance,11323,Verified,2026-03-21,BA_DEC_568,9870000283
A000809,S_DEC_0569,Post-Matric Technical,21716,Verified,2026-03-20,BA_DEC_569,9870000284
A000810,S_DEC_0570,Post-Matric Technical,13720,Verified,2026-03-21,BA_DEC_570,9870000284
A000811,S_DEC_0571,Minority Welfare,9996,Verified,2026-03-20,BA_DEC_571,9870000285
A000812,S_DEC_0572,Minority Welfare,8782,Verified,2026-03-21,BA_DEC_572,9870000285
A000813,S_DEC_0573,Minority Welfare,18468,Verified,2026-03-20,BA_DEC_573,9870000286
A000814,S_DEC_0574,Minority Welfare,18204,Verified,2026-03-21,BA_DEC_574,9870000286
A000815,S_DEC_0575,Post-Matric Technical,10816,Verified,2026-03-20,BA_DEC_575,9870000287
A000816,S_DEC_0576,Post-Matric Technical,17189,Verified,2026-03-21,BA_DEC_576,9870000287
A000817,S_DEC_0577,Girl Child Assistance,7134,Verified,2026-03-20,BA_DEC_577,9870000288
A000818,S_DEC_0578,Girl Child Assistance,12176,Verified,2026-03-21,BA_DEC_578,9870000288
A000819,S_DEC_0579,Girl Child Assistance,8981,Verified,2026-03-20,BA_DEC_579,9870000289
A000820,S_DEC_0580,Girl Child Assistance,12886,Verified,2026-03-21,BA_DEC_580,9870000289
A000821,S_DEC_0581,Minority Welfare,15032,Verified,2026-03-20,BA_DEC_581,9870000290
A000822,S_DEC_0582,Minority Welfare,8025,Verified,2026-03-21,BA_DEC_582,9870000290
A000823,S_DEC_0583,Girl Child Assistance,8970,Verified,2026-03-20,BA_DEC_583,9870000291
A000824,S_DEC_0584,Girl Child Assistance,11674,Verified,2026-03-21,BA_DEC_584,9870000291
A000825,S_DEC_0585,Post-Matric Technical,19885,Verified,2026-03-20,BA_DEC_585,9870000292
A000826,S_DEC_0586,Post-Matric Technical,19948,Verified,2026-03-21,BA_DEC_586,9870000292
A000827,S_DEC_0587,Merit Scholarship,23816,Verified,2026-03-20,BA_DEC_587,9870000293
A000828,S_DEC_0588,Merit Scholarship,14217,Verified,2026-03-21,BA_DEC_588,9870000293
A000829,S_DEC_0589,Girl Child Assistance,11156,Verified,2026-03-20,BA_DEC_589,9870000294
A000830,S_DEC_0590,Girl Child Assistance,13442,Verified,2026-03-21,BA_DEC_590,9870000294
A000831,S_DEC_0591,Girl Child Assistance,7166,Verified,2026-03-20,BA_DEC_591,9870000295
A000832,S_DEC_0592,Girl Child Assistance,10198,Verified,2026-03-21,BA_DEC_592,9870000295
A000833,S_DEC_0593,Post-Matric Technical,19414,Verified,2026-03-20,BA_DEC_593,9870000296
A000834,S_DEC_0594,Post-Matric Technical,15338,Verified,2026-03-21,BA_DEC_594,9870000296
A000835,S_DEC_0595,SC/ST Welfare Scheme,22244,Verified,2026-03-20,BA_DEC_595,9870000297
A000836,S_DEC_0596,SC/ST Welfare Scheme,10266,Verified,2026-03-21,BA_DEC_596,9870000297
A000837,S_DEC_0597,SC/ST Welfare Scheme,15649,Verified,2026-03-20,BA_DEC_597,9870000298
A000838,S_DEC_0598,SC/ST Welfare Scheme,13950,Verified,2026-03-21,BA_DEC_598,9870000298
A000839,S_DEC_0599,Merit Scholarship,22895,Verified,2026-03-20,BA_DEC_599,9870000299
A000840,S_DEC_0600,Merit Scholarship,16371,Verified,2026-03-21,BA_DEC_600,9870000299
A000841,S_DEC_0601,Merit Scholarship,29891,Verified,2026-03-20,BA_DEC_601,9870000300
A000842,S_DEC_0602,Merit Scholarship,23093,Verified,2026-03-21,BA_DEC_602,9870000300
A000843,S_DEC_0603,Minority Welfare,15612,Verified,2026-03-20,BA_DEC_603,9870000301
A000844,S_DEC_0604,Minority Welfare,19393,Verified,2026-03-21,BA_DEC_604,9870000301
A000845,S_DEC_0605,Post-Matric Technical,11986,Verified,2026-03-20,BA_DEC_605,9870000302
A000846,S_DEC_0606,Post-Matric Technical,11209,Verified,2026-03-21,BA_DEC_606,9870000302
A000847,S_DEC_0607,Merit Scholarship,26997,Verified,2026-03-20,BA_DEC_607,9870000303
A000848,S_DEC_0608,Merit Scholarship,13211,Verified,2026-03-21,BA_DEC_608,9870000303
A000849,S_DEC_0609,SC/ST Welfare Scheme,10717,Verified,2026-03-20,BA_DEC_609,9870000304
A000850,S_DEC_0610,SC/ST Welfare Scheme,22961,Verified,2026-03-21,BA_DEC_610,9870000304
A000851,S_DEC_0611,Minority Welfare,13170,Verified,2026-03-20,BA_DEC_611,9870000305
A000852,S_DEC_0612,Minority Welfare,13080,Verified,2026-03-21,BA_DEC_612,9870000305
A000853,S_DEC_0613,Girl Child Assistance,13679,Verified,2026-03-20,BA_DEC_613,9870000306
A000854,S_DEC_0614,Girl Child Assistance,11448,Verified,2026-03-21,BA_DEC_614,9870000306
A000855,S_DEC_0615,Post-Matric Technical,9599,Verified,2026-03-20,BA_DEC_615,9870000307
A000856,S_DEC_0616,Post-Matric Technical,21341,Verified,2026-03-21,BA_DEC_616,9870000307
A000857,S_DEC_0617,Minority Welfare,13848,Verified,2026-03-20,BA_DEC_617,9870000308
A000858,S_DEC_0618,Minority Welfare,8783,Verified,2026-03-21,BA_DEC_618,9870000308
A000859,S_DEC_0619,SC/ST Welfare Scheme,12039,Verified,2026-03-20,BA_DEC_619,9870000309
A000860,S_DEC_0620,SC/ST Welfare Scheme,23096,Verified,2026-03-21,BA_DEC_620,9870000309
A000861,S_DEC_0621,SC/ST Welfare Scheme,24573,Verified,2026-03-20,BA_DEC_621,9870000310
A000862,S_DEC_0622,SC/ST Welfare Scheme,16553,Verified,2026-03-21,BA_DEC_622,9870000310
A000863,S_DEC_0623,Post-Matric Technical,14554,Verified,2026-03-20,BA_DEC_623,9870000311
A000864,S_DEC_0624,Post-Matric Technical,12060,Verified,2026-03-21,BA_DEC_624,9870000311
A000865,S_DEC_0625,Post-Matric Technical,17151,Verified,2026-03-20,BA_DEC_625,9870000312
A000866,S_DEC_0626,Post-Matric Technical,15018,Verified,2026-03-21,BA_DEC_626,9870000312
A000867,S_DEC_0627,Girl Child Assistance,13563,Verified,2026-03-20,BA_DEC_627,9870000313
A000868,S_DEC_0628,Girl Child Assistance,7676,Verified,2026-03-21,BA_DEC_628,9870000313
A000869,S_DEC_0629,Post-Matric Technical,16055,Verified,2026-03-20,BA_DEC_629,9870000314
A000870,S_DEC_0630,Post-Matric Technical,18870,Verified,2026-03-21,BA_DEC_630,9870000314
A000871,S_DEC_0631,Minority Welfare,12813,Verified,2026-03-20,BA_DEC_631,9870000315
A000872,S_DEC_0632,Minority Welfare,13262,Verified,2026-03-21,BA_DEC_632,9870000315
A000873,S_DEC_0633,Merit Scholarship,22745,Verified,2026-03-20,BA_DEC_633,9870000316
A000874,S_DEC_0634,Merit Scholarship,21687,Verified,2026-03-21,BA_DEC_634,9870000316
A000875,S_DEC_0635,SC/ST Welfare Scheme,19873,Verified,2026-03-20,BA_DEC_635,9870000317
A000876,S_DEC_0636,SC/ST Welfare Scheme,21758,Verified,2026-03-21,BA_DEC_636,9870000317
A000877,S_DEC_0637,Post-Matric Technical,20301,Verified,2026-03-20,BA_DEC_637,9870000318
A000878,S_DEC_0638,Post-Matric Technical,16272,Verified,2026-03-21,BA_DEC_638,9870000318
A000879,S_DEC_0639,SC/ST Welfare Scheme,10693,Verified,2026-03-20,BA_DEC_639,9870000319
A000880,S_DEC_0640,SC/ST Welfare Scheme,21908,Verified,2026-03-21,BA_DEC_640,9870000319
A000881,S_DEC_0641,SC/ST Welfare Scheme,17126,Verified,2026-03-20,BA_DEC_641,9870000320
A000882,S_DEC_0642,SC/ST Welfare Scheme,14498,Verified,2026-03-21,BA_DEC_642,9870000320
A000883,S_DEC_0643,Merit Scholarship,25310,Verified,2026-03-20,BA_DEC_643,9870000321
A000884,S_DEC_0644,Merit Scholarship,23904,Verified,2026-03-21,BA_DEC_644,9870000321
A000885,S_DEC_0645,Girl Child Assistance,12565,Verified,2026-03-20,BA_DEC_645,9870000322
A000886,S_DEC_0646,Girl Child Assistance,8310,Verified,2026-03-21,BA_DEC_646,9870000322
A000887,S_DEC_0647,Merit Scholarship,26358,Verified,2026-03-20,BA_DEC_647,9870000323
A000888,S_DEC_0648,Merit Scholarship,13140,Verified,2026-03-21,BA_DEC_648,9870000323
A000889,S_DEC_0649,Minority Welfare,11866,Verified,2026-03-20,BA_DEC_649,9870000324
A000890,S_DEC_0650,Minority Welfare,18570,Verified,2026-03-21,BA_DEC_650,9870000324
A000891,S_DEC_0651,SC/ST Welfare Scheme,16272,Verified,2026-03-20,BA_DEC_651,9870000325
A000892,S_DEC_0652,SC/ST Welfare Scheme,19293,Verified,2026-03-21,BA_DEC_652,9870000325
A000893,S_DEC_0653,Merit Scholarship,17027,Verified,2026-03-20,BA_DEC_653,9870000326
A000894,S_DEC_0654,Merit Scholarship,26743,Verified,2026-03-21,BA_DEC_654,9870000326
A000895,S_DEC_0655,SC/ST Welfare Scheme,17273,Verified,2026-03-20,BA_DEC_655,9870000327
A000896,S_DEC_0656,SC/ST Welfare Scheme,22502,Verified,2026-03-21,BA_DEC_656,9870000327
A000897,S_DEC_0657,Merit Scholarship,16511,Verified,2026-03-20,BA_DEC_657,9870000328
A000898,S_DEC_0658,Merit Scholarship,29349,Verified,2026-03-21,BA_DEC_658,9870000328
A000899,S_DEC_0659,SC/ST Welfare Scheme,15150,Verified,2026-03-20,BA_DEC_659,9870000329
A000900,S_DEC_0660,SC/ST Welfare Scheme,20642,Verified,2026-03-21,BA_DEC_660,9870000329
A000901,S_DEC_0661,SC/ST Welfare Scheme,11858,Verified,2026-03-20,BA_DEC_661,9870000330
A000902,S_DEC_0662,SC/ST Welfare Scheme,10424,Verified,2026-03-21,BA_DEC_662,9870000330
A000903,S_DEC_0663,Minority Welfare,16482,Verified,2026-03-20,BA_DEC_663,9870000331
A000904,S_DEC_0664,Minority Welfare,14340,Verified,2026-03-21,BA_DEC_664,9870000331
A000905,S_DEC_0665,Girl Child Assistance,9144,Verified,2026-03-20,BA_DEC_665,9870000332
A000906,S_DEC_0666,Girl Child Assistance,13348,Verified,2026-03-21,BA_DEC_666,9870000332
A000907,S_DEC_0667,SC/ST Welfare Scheme,17311,Verified,2026-03-20,BA_DEC_667,9870000333
A000908,S_DEC_0668,SC/ST Welfare Scheme,13515,Verified,2026-03-21,BA_DEC_668,9870000333
A000909,S_DEC_0669,Girl Child Assistance,12685,Verified,2026-03-20,BA_DEC_669,9870000334
A000910,S_DEC_0670,Girl Child Assistance,14507,Verified,2026-03-21,BA_DEC_670,9870000334
A000911,S_DEC_0671,Post-Matric Technical,11009,Verified,2026-03-20,BA_DEC_671,9870000335
A000912,S_DEC_0672,Post-Matric Technical,11223,Verified,2026-03-21,BA_DEC_672,9870000335
A000913,S_DEC_0673,Merit Scholarship,17657,Verified,2026-03-20,BA_DEC_673,9870000336
A000914,S_DEC_0674,Merit Scholarship,26585,Verified,2026-03-21,BA_DEC_674,9870000336
A000915,S_DEC_0675,Merit Scholarship,22472,Verified,2026-03-20,BA_DEC_675,9870000337
A000916,S_DEC_0676,Merit Scholarship,23384,Verified,2026-03-21,BA_DEC_676,9870000337
A000917,S_DEC_0677,Merit Scholarship,29765,Verified,2026-03-20,BA_DEC_677,9870000338
A000918,S_DEC_0678,Merit Scholarship,21514,Verified,2026-03-21,BA_DEC_678,9870000338
A000919,S_DEC_0679,SC/ST Welfare Scheme,21662,Verified,2026-03-20,BA_DEC_679,9870000339
A000920,S_DEC_0680,SC/ST Welfare Scheme,21625,Verified,2026-03-21,BA_DEC_680,9870000339
A000921,S_DEC_0681,Minority Welfare,16335,Verified,2026-03-20,BA_DEC_681,9870000340
A000922,S_DEC_0682,Minority Welfare,11673,Verified,2026-03-21,BA_DEC_682,9870000340
A000923,S_DEC_0683,Merit Scholarship,16550,Verified,2026-03-20,BA_DEC_683,9870000341
A000924,S_DEC_0684,Merit Scholarship,19757,Verified,2026-03-21,BA_DEC_684,9870000341
A000925,S_DEC_0685,Post-Matric Technical,14912,Verified,2026-03-20,BA_DEC_685,9870000342
A000926,S_DEC_0686,Post-Matric Technical,18077,Verified,2026-03-21,BA_DEC_686,9870000342
A000927,S_DEC_0687,Girl Child Assistance,10828,Verified,2026-03-20,BA_DEC_687,9870000343
A000928,S_DEC_0688,Girl Child Assistance,13583,Verified,2026-03-21,BA_DEC_688,9870000343
A000929,S_DEC_0689,Girl Child Assistance,12013,Verified,2026-03-20,BA_DEC_689,9870000344
A000930,S_DEC_0690,Girl Child Assistance,14243,Verified,2026-03-21,BA_DEC_690,9870000344
A000931,S_DEC_0691,Merit Scholarship,22134,Verified,2026-03-20,BA_DEC_691,9870000345
A000932,S_DEC_0692,Merit Scholarship,25046,Verified,2026-03-21,BA_DEC_692,9870000345
A000933,S_DEC_0693,Post-Matric Technical,15730,Verified,2026-03-20,BA_DEC_693,9870000346
A000934,S_DEC_0694,Post-Matric Technical,21601,Verified,2026-03-21,BA_DEC_694,9870000346
A000935,S_DEC_0695,Post-Matric Technical,10208,Verified,2026-03-20,BA_DEC_695,9870000347
A000936,S_DEC_0696,Post-Matric Technical,11053,Verified,2026-03-21,BA_DEC_696,9870000347
A000937,S_DEC_0697,SC/ST Welfare Scheme,11215,Verified,2026-03-20,BA_DEC_697,9870000348
A000938,S_DEC_0698,SC/ST Welfare Scheme,17372,Verified,2026-03-21,BA_DEC_698,9870000348
A000939,S_DEC_0699,Post-Matric Technical,17476,Verified,2026-03-20,BA_DEC_699,9870000349
A000940,S_DEC_0700,Post-Matric Technical,14644,Verified,2026-03-21,BA_DEC_700,9870000349
A000941,S_DEC_0701,Minority Welfare,18482,Verified,2026-03-20,BA_DEC_701,9870000350
A000942,S_DEC_0702,Minority Welfare,17630,Verified,2026-03-21,BA_DEC_702,9870000350
A000943,S_DEC_0703,Minority Welfare,15088,Verified,2026-03-20,BA_DEC_703,9870000351
A000944,S_DEC_0704,Minority Welfare,16238,Verified,2026-03-21,BA_DEC_704,9870000351
A000945,S_DEC_0705,Merit Scholarship,28977,Verified,2026-03-20,BA_DEC_705,9870000352
A000946,S_DEC_0706,Merit Scholarship,17014,Verified,2026-03-21,BA_DEC_706,9870000352
A000947,S_DEC_0707,SC/ST Welfare Scheme,12653,Verified,2026-03-20,BA_DEC_707,9870000353
A000948,S_DEC_0708,SC/ST Welfare Scheme,15286,Verified,2026-03-21,BA_DEC_708,9870000353
A000949,S_DEC_0709,Minority Welfare,16501,Verified,2026-03-20,BA_DEC_709,9870000354
A000950,S_DEC_0710,Minority Welfare,12653,Verified,2026-03-21,BA_DEC_710,9870000354
A000951,S_DEC_0711,Merit Scholarship,18432,Verified,2026-03-20,BA_DEC_711,9870000355
A000952,S_DEC_0712,Merit Scholarship,20993,Verified,2026-03-21,BA_DEC_712,9870000355
A000953,S_DEC_0713,Minority Welfare,12961,Verified,2026-03-20,BA_DEC_713,9870000356
A000954,S_DEC_0714,Minority Welfare,18066,Verified,2026-03-21,BA_DEC_714,9870000356
A000955,S_DEC_0715,Girl Child Assistance,11117,Verified,2026-03-20,BA_DEC_715,9870000357
A000956,S_DEC_0716,Girl Child Assistance,12250,Verified,2026-03-21,BA_DEC_716,9870000357
A000957,S_DEC_0717,Minority Welfare,17513,Verified,2026-03-20,BA_DEC_717,9870000358
A000958,S_DEC_0718,Minority Welfare,10526,Verified,2026-03-21,BA_DEC_718,9870000358
A000959,S_DEC_0719,Minority Welfare,18231,Verified,2026-03-20,BA_DEC_719,9870000359
A000960,S_DEC_0720,Minority Welfare,19806,Verified,2026-03-21,BA_DEC_720,9870000359
A000961,S_DEC_0721,Girl Child Assistance,13902,Verified,2026-03-20,BA_DEC_721,9870000360
A000962,S_DEC_0722,Girl Child Assistance,14568,Verified,2026-03-21,BA_DEC_722,9870000360
A000963,S_DEC_0723,Girl Child Assistance,13760,Verified,2026-03-20,BA_DEC_723,9870000361
A000964,S_DEC_0724,Girl Child Assistance,14076,Verified,2026-03-21,BA_DEC_724,9870000361
A000965,S_DEC_0725,Merit Scholarship,13489,Verified,2026-03-20,BA_DEC_725,9870000362
A000966,S_DEC_0726,Merit Scholarship,20672,Verified,2026-03-21,BA_DEC_726,9870000362
A000967,S_DEC_0727,Minority Welfare,14825,Verified,2026-03-20,BA_DEC_727,9870000363
A000968,S_DEC_0728,Minority Welfare,18127,Verified,2026-03-21,BA_DEC_728,9870000363
A000969,S_DEC_0729,Merit Scholarship,29877,Verified,2026-03-20,BA_DEC_729,9870000364
A000970,S_DEC_0730,Merit Scholarship,21491,Verified,2026-03-21,BA_DEC_730,9870000364
A000971,S_DEC_0731,SC/ST Welfare Scheme,14012,Verified,2026-03-20,BA_DEC_731,9870000365
A000972,S_DEC_0732,SC/ST Welfare Scheme,23184,Verified,2026-03-21,BA_DEC_732,9870000365
A000973,S_DEC_0733,Post-Matric Technical,16430,Verified,2026-03-20,BA_DEC_733,9870000366
A000974,S_DEC_0734,Post-Matric Technical,10195,Verified,2026-03-21,BA_DEC_734,9870000366
A000975,S_DEC_0735,Merit Scholarship,26404,Verified,2026-03-20,BA_DEC_735,9870000367
A000976,S_DEC_0736,Merit Scholarship,25619,Verified,2026-03-21,BA_DEC_736,9870000367
A000977,S_DEC_0737,Post-Matric Technical,12342,Verified,2026-03-20,BA_DEC_737,9870000368
A000978,S_DEC_0738,Post-Matric Technical,14573,Verified,2026-03-21,BA_DEC_738,9870000368
A000979,S_DEC_0739,Girl Child Assistance,9560,Verified,2026-03-20,BA_DEC_739,9870000369
A000980,S_DEC_0740,Girl Child Assistance,14057,Verified,2026-03-21,BA_DEC_740,9870000369
A000981,S_DEC_0741,SC/ST Welfare Scheme,24102,Verified,2026-03-20,BA_DEC_741,9870000370
A000982,S_DEC_0742,SC/ST Welfare Scheme,15658,Verified,2026-03-21,BA_DEC_742,9870000370
A000983,S_DEC_0743,Post-Matric Technical,21462,Verified,2026-03-20,BA_DEC_743,9870000371
A000984,S_DEC_0744,Post-Matric Technical,15070,Verified,2026-03-21,BA_DEC_744,9870000371
A000985,S_DEC_0745,Girl Child Assistance,7869,Verified,2026-03-20,BA_DEC_745,9870000372
A000986,S_DEC_0746,Girl Child Assistance,9614,Verified,2026-03-21,BA_DEC_746,9870000372
A000987,S_DEC_0747,Minority Welfare,10007,Verified,2026-03-20,BA_DEC_747,9870000373
A000988,S_DEC_0748,Minority Welfare,12382,Verified,2026-03-21,BA_DEC_748,9870000373
A000989,S_DEC_0749,Post-Matric Technical,11308,Verified,2026-03-20,BA_DEC_749,9870000374
A000990,S_DEC_0750,Post-Matric Technical,10586,Verified,2026-03-21,BA_DEC_750,9870000374
A000991,S_DEC_0751,Merit Scholarship,24587,Verified,2026-03-20,BA_DEC_751,9870000375
A000992,S_DEC_0752,Merit Scholarship,25701,Verified,2026-03-21,BA_DEC_752,9870000375
A000993,S_DEC_0753,Minority Welfare,13364,Verified,2026-03-20,BA_DEC_753,9870000376
A000994,S_DEC_0754,Minority Welfare,17464,Verified,2026-03-21,BA_DEC_754,9870000376
A000995,S_DEC_0755,SC/ST Welfare Scheme,22502,Verified,2026-03-20,BA_DEC_755,9870000377
A000996,S_DEC_0756,SC/ST Welfare Scheme,12610,Verified,2026-03-21,BA_DEC_756,9870000377
A000997,S_DEC_0757,Post-Matric Technical,16648,Verified,2026-03-20,BA_DEC_757,9870000378
A000998,S_DEC_0758,Post-Matric Technical,17171,Verified,2026-03-21,BA_DEC_758,9870000378
A000999,S_DEC_0759,SC/ST Welfare Scheme,10379,Verified,2026-03-20,BA_DEC_759,9870000379
A001000,S_DEC_0760,SC/ST Welfare Scheme,11475,Verified,2026-03-21,BA_DEC_760,9870000379
A001001,S_DEC_0761,Post-Matric Technical,16491,Verified,2026-03-20,BA_DEC_761,9870000380
A001002,S_DEC_0762,Post-Matric Technical,12944,Verified,2026-03-21,BA_DEC_762,9870000380
A001003,S_DEC_0763,Minority Welfare,13781,Verified,2026-03-20,BA_DEC_763,9870000381
A001004,S_DEC_0764,Minority Welfare,8797,Verified,2026-03-21,BA_DEC_764,9870000381
A001005,S_DEC_0765,Merit Scholarship,28216,Verified,2026-03-20,BA_DEC_765,9870000382
A001006,S_DEC_0766,Merit Scholarship,27420,Verified,2026-03-21,BA_DEC_766,9870000382
A001007,S_DEC_0767,SC/ST Welfare Scheme,10133,Verified,2026-03-20,BA_DEC_767,9870000383
A001008,S_DEC_0768,SC/ST Welfare Scheme,23880,Verified,2026-03-21,BA_DEC_768,9870000383
A001009,S_DEC_0769,Merit Scholarship,16388,Verified,2026-03-20,BA_DEC_769,9870000384
A001010,S_DEC_0770,Merit Scholarship,20666,Verified,2026-03-21,BA_DEC_770,9870000384
A001011,S_DEC_0771,SC/ST Welfare Scheme,15995,Verified,2026-03-20,BA_DEC_771,9870000385
A001012,S_DEC_0772,SC/ST Welfare Scheme,10741,Verified,2026-03-21,BA_DEC_772,9870000385
A001013,S_DEC_0773,Post-Matric Technical,18343,Verified,2026-03-20,BA_DEC_773,9870000386
A001014,S_DEC_0774,Post-Matric Technical,18204,Verified,2026-03-21,BA_DEC_774,9870000386
A001015,S_DEC_0775,Minority Welfare,17064,Verified,2026-03-20,BA_DEC_775,9870000387
A001016,S_DEC_0776,Minority Welfare,12728,Verified,2026-03-21,BA_DEC_776,9870000387
A001017,S_DEC_0777,Merit Scholarship,28523,Verified,2026-03-20,BA_DEC_777,9870000388
A001018,S_DEC_0778,Merit Scholarship,26757,Verified,2026-03-21,BA_DEC_778,9870000388
A001019,S_DEC_0779,Girl Child Assistance,13760,Verified,2026-03-20,BA_DEC_779,9870000389
A001020,S_DEC_0780,Girl Child Assistance,12105,Verified,2026-03-21,BA_DEC_780,9870000389
A001021,S_DEC_0781,Girl Child Assistance,8054,Verified,2026-03-20,BA_DEC_781,9870000390
A001022,S_DEC_0782,Girl Child Assistance,14987,Verified,2026-03-21,BA_DEC_782,9870000390
A001023,S_DEC_0783,Merit Scholarship,24228,Verified,2026-03-20,BA_DEC_783,9870000391
A001024,S_DEC_0784,Merit Scholarship,23111,Verified,2026-03-21,BA_DEC_784,9870000391
A001025,S_DEC_0785,Girl Child Assistance,13184,Verified,2026-03-20,BA_DEC_785,9870000392
A001026,S_DEC_0786,Girl Child Assistance,8181,Verified,2026-03-21,BA_DEC_786,9870000392
A001027,S_DEC_0787,Minority Welfare,16341,Verified,2026-03-20,BA_DEC_787,9870000393
A001028,S_DEC_0788,Minority Welfare,14576,Verified,2026-03-21,BA_DEC_788,9870000393
A001029,S_DEC_0789,Girl Child Assistance,7371,Verified,2026-03-20,BA_DEC_789,9870000394
A001030,S_DEC_0790,Girl Child Assistance,7318,Verified,2026-03-21,BA_DEC_790,9870000394
A001031,S_DEC_0791,Minority Welfare,13456,Verified,2026-03-20,BA_DEC_791,9870000395
A001032,S_DEC_0792,Minority Welfare,15761,Verified,2026-03-21,BA_DEC_792,9870000395
A001033,S_DEC_0793,Girl Child Assistance,8220,Verified,2026-03-20,BA_DEC_793,9870000396
A001034,S_DEC_0794,Girl Child Assistance,11966,Verified,2026-03-21,BA_DEC_794,9870000396
A001035,S_DEC_0795,Girl Child Assistance,9686,Verified,2026-03-20,BA_DEC_795,9870000397
A001036,S_DEC_0796,Girl Child Assistance,14629,Verified,2026-03-21,BA_DEC_796,9870000397
A001037,S_DEC_0797,Girl Child Assistance,8331,Verified,2026-03-20,BA_DEC_797,9870000398
A001038,S_DEC_0798,Girl Child Assistance,10219,Verified,2026-03-21,BA_DEC_798,9870000398
A001039,S_DEC_0799,Girl Child Assistance,13902,Verified,2026-03-20,BA_DEC_799,9870000399
A001040,S_DEC_0800,Girl Child Assistance,9451,Verified,2026-03-21,BA_DEC_800,9870000399
A001041,S_DEC_0801,Girl Child Assistance,11155,Verified,2026-03-20,BA_DEC_801,9870000400
A001042,S_DEC_0802,Girl Child Assistance,13785,Verified,2026-03-21,BA_DEC_802,9870000400
A001043,S_DEC_0803,Girl Child Assistance,11012,Verified,2026-03-20,BA_DEC_803,9870000401
A001044,S_DEC_0804,Girl Child Assistance,12805,Verified,2026-03-21,BA_DEC_804,9870000401
A001045,S_DEC_0805,Girl Child Assistance,10890,Verified,2026-03-20,BA_DEC_805,9870000402
A001046,S_DEC_0806,Girl Child Assistance,13682,Verified,2026-03-21,BA_DEC_806,9870000402
A001047,S_DEC_0807,Merit Scholarship,22854,Verified,2026-03-20,BA_DEC_807,9870000403
A001048,S_DEC_0808,Merit Scholarship,15591,Verified,2026-03-21,BA_DEC_808,9870000403
A001049,S_DEC_0809,Post-Matric Technical,14040,Verified,2026-03-20,BA_DEC_809,9870000404
A001050,S_DEC_0810,Post-Matric Technical,20883,Verified,2026-03-21,BA_DEC_810,9870000404
A001051,S_DEC_0811,Merit Scholarship,27551,Verified,2026-03-20,BA_DEC_811,9870000405
A001052,S_DEC_0812,Merit Scholarship,20700,Verified,2026-03-21,BA_DEC_812,9870000405
A001053,S_DEC_0813,Girl Child Assistance,8864,Verified,2026-03-20,BA_DEC_813,9870000406
A001054,S_DEC_0814,Girl Child Assistance,12909,Verified,2026-03-21,BA_DEC_814,9870000406
A001055,S_DEC_0815,Merit Scholarship,27743,Verified,2026-03-20,BA_DEC_815,9870000407
A001056,S_DEC_0816,Merit Scholarship,17587,Verified,2026-03-21,BA_DEC_816,9870000407
A001057,S_DEC_0817,Girl Child Assistance,12907,Verified,2026-03-20,BA_DEC_817,9870000408
A001058,S_DEC_0818,Girl Child Assistance,12076,Verified,2026-03-21,BA_DEC_818,9870000408
A001059,S_DEC_0819,Post-Matric Technical,20153,Verified,2026-03-20,BA_DEC_819,9870000409
A001060,S_DEC_0820,Post-Matric Technical,12968,Verified,2026-03-21,BA_DEC_820,9870000409
A001061,S01061,Merit Scholarship,25447,Verified,2026-03-26,BA001832,9820000422
A001062,S01062,Merit Scholarship,22651,Verified,2026-03-25,BA001833,9820000423
A001063,S01063,Post-Matric Technical,13038,Verified,2026-03-18,BA001834,9820000424
A001064,S01064,SC/ST Welfare Scheme,15194,Verified,2026-03-25,BA001835,9820000425
A001065,S01065,SC/ST Welfare Scheme,23182,Verified,2026-03-14,BA001836,9820000426
A001066,S01066,Merit Scholarship,27698,Verified,2026-03-16,BA001837,9820000427
A001067,S01067,Girl Child Assistance,14415,Verified,2026-03-26,BA001838,9820000428
A001068,S01068,Merit Scholarship,16504,Verified,2026-03-10,BA001839,9820000429
A001069,S01069,Post-Matric Technical,21594,Verified,2026-03-12,BA001840,9820000430
A001070,S01070,Merit Scholarship,25008,Verified,2026-03-25,BA001841,9820000431
A001071,S01071,SC/ST Welfare Scheme,20507,Verified,2026-03-27,BA001842,9820000432
A001072,S01072,Girl Child Assistance,8331,Verified,2026-03-24,BA001843,9820000433
A001073,S01073,SC/ST Welfare Scheme,20464,Verified,2026-03-22,BA001844,9820000434
A001074,S01074,Post-Matric Technical,14301,Verified,2026-03-17,BA001845,9820000435
A001075,S01075,Post-Matric Technical,20350,Verified,2026-03-17,BA001846,9820000436
A001076,S01076,SC/ST Welfare Scheme,22613,Verified,2026-03-19,BA001847,9820000437
A001077,S01077,SC/ST Welfare Scheme,19924,Verified,2026-03-21,BA001848,9820000438
A001078,S01078,Post-Matric Technical,18761,Verified,2026-03-12,BA001849,9820000439
A001079,S01079,SC/ST Welfare Scheme,12695,Verified,2026-03-20,BA001850,9820000440
A001080,S01080,Minority Welfare,8911,Verified,2026-03-24,BA001851,9820000441
A001081,S01081,Girl Child Assistance,9084,Verified,2026-03-10,BA001852,9820000442
A001082,S01082,Post-Matric Technical,16734,Verified,2026-03-11,BA001853,9820000443
A001083,S01083,Minority Welfare,14184,Verified,2026-03-22,BA001854,9820000444
A001084,S01084,Girl Child Assistance,10219,Verified,2026-03-26,BA001855,9820000445
A001085,S01085,Merit Scholarship,19525,Verified,2026-03-17,BA001856,9820000446
A001086,S01086,Minority Welfare,18074,Verified,2026-03-10,BA001857,9820000447
A001087,S01087,Girl Child Assistance,10295,Verified,2026-03-24,BA001858,9820000448
A001088,S01088,Merit Scholarship,22449,Verified,2026-03-28,BA001859,9820000449
A001089,S01089,Minority Welfare,17693,Verified,2026-03-15,BA001860,9820000450
A001090,S01090,SC/ST Welfare Scheme,16821,Verified,2026-03-23,BA001861,9820000451
A001091,S01091,Girl Child Assistance,10380,Verified,2026-03-23,BA001862,9820000452
A001092,S01092,SC/ST Welfare Scheme,23879,Verified,2026-03-21,BA001863,9820000453
A001093,S01093,Minority Welfare,17626,Verified,2026-03-27,BA001864,9820000454
A001094,S01094,SC/ST Welfare Scheme,11922,Verified,2026-03-25,BA001865,9820000455
A001095,S01095,Minority Welfare,18628,Verified,2026-03-21,BA001866,9820000456
A001096,S01096,Post-Matric Technical,14246,Verified,2026-03-16,BA001867,9820000457
A001097,S01097,Girl Child Assistance,12898,Verified,2026-03-23,BA001868,9820000458
A001098,S01098,Minority Welfare,19220,Verified,2026-03-20,BA001869,9820000459
A001099,S01099,Post-Matric Technical,17000,Verified,2026-03-15,BA001870,9820000460
A001100,S01100,Girl Child Assistance,7052,Verified,2026-03-23,BA001871,9820000461
A001101,S01101,Merit Scholarship,27833,Verified,2026-03-25,BA001872,9820000462
A001102,S01102,Merit Scholarship,28456,Verified,2026-03-23,BA001873,9820000463
A001103,S01103,Girl Child Assistance,10251,Verified,2026-03-12,BA001874,9820000464
A001104,S01104,Girl Child Assistance,13945,Verified,2026-03-12,BA001875,9820000465
A001105,S01105,Post-Matric Technical,16109,Verified,2026-03-20,BA001876,9820000466
A001106,S01106,Merit Scholarship,20883,Verified,2026-03-11,BA001877,9820000467
A001107,S01107,Girl Child Assistance,8181,Verified,2026-03-22,BA001878,9820000468
A001108,S01108,Minority Welfare,14288,Verified,2026-03-14,BA001879,9820000469
A001109,S01109,Merit Scholarship,24999,Verified,2026-03-20,BA001880,9820000470
A001110,S01110,Post-Matric Technical,16075,Verified,2026-03-15,BA001881,9820000471
A001111,S01111,SC/ST Welfare Scheme,22843,Verified,2026-03-14,BA001882,9820000472
A001112,S01112,Merit Scholarship,20839,Verified,2026-03-13,BA001883,9820000473
A001113,S01113,Post-Matric Technical,10524,Verified,2026-03-20,BA001884,9820000474
A001114,S01114,Merit Scholarship,24475,Verified,2026-03-15,BA001885,9820000475
A001115,S01115,Post-Matric Technical,10260,Verified,2026-03-21,BA001886,9820000476
A001116,S01116,Post-Matric Technical,13991,Verified,2026-03-10,BA001887,9820000477
A001117,S01117,Post-Matric Technical,13922,Verified,2026-03-20,BA001888,9820000478
A001118,S01118,Post-Matric Technical,17044,Verified,2026-03-28,BA001889,9820000479
A001119,S01119,Post-Matric Technical,20914,Verified,2026-03-24,BA001890,9820000480
A001120,S01120,Merit Scholarship,21923,Verified,2026-03-17,BA001891,9820000481
A001121,S01121,Post-Matric Technical,17300,Verified,2026-03-23,BA001892,9820000482
A001122,S01122,Girl Child Assistance,12445,Verified,2026-03-21,BA001893,9820000483
A001123,S01123,Girl Child Assistance,7807,Verified,2026-03-18,BA001894,9820000484
A001124,S01124,Girl Child Assistance,10793,Verified,2026-03-28,BA001895,9820000485
A001125,S01125,Post-Matric Technical,14110,Verified,2026-03-20,BA001896,9820000486
A001126,S01126,Post-Matric Technical,20415,Verified,2026-03-24,BA001897,9820000487
A001127,S01127,Merit Scholarship,17716,Verified,2026-03-27,BA001898,9820000488
A001128,S01128,Post-Matric Technical,19493,Verified,2026-03-23,BA001899,9820000489
A001129,S01129,Post-Matric Technical,20530,Verified,2026-03-12,BA001900,9820000490
A001130,S01130,Minority Welfare,12298,Verified,2026-03-25,BA001901,9820000491
A001131,S01131,Girl Child Assistance,8413,Verified,2026-03-19,BA001902,9820000492
A001132,S01132,Merit Scholarship,16632,Verified,2026-03-26,BA001903,9820000493
A001133,S01133,Girl Child Assistance,9366,Verified,2026-03-14,BA001904,9820000494
A001134,S01134,Girl Child Assistance,8598,Verified,2026-03-22,BA001905,9820000495
A001135,S01135,Post-Matric Technical,21469,Verified,2026-03-17,BA001906,9820000496
A001136,S01136,Girl Child Assistance,13328,Verified,2026-03-25,BA001907,9820000497
A001137,S01137,SC/ST Welfare Scheme,13580,Verified,2026-03-23,BA001908,9820000498
A001138,S01138,Minority Welfare,9425,Verified,2026-03-24,BA001909,9820000499
A001139,S01139,Minority Welfare,11385,Verified,2026-03-16,BA001910,9820000500
A001140,S01140,SC/ST Welfare Scheme,14740,Verified,2026-03-28,BA001911,9820000501
A001141,S01141,Merit Scholarship,16348,Verified,2026-03-17,BA001912,9820000502
A001142,S01142,Minority Welfare,18361,Verified,2026-03-18,BA001913,9820000503
A001143,S01143,Merit Scholarship,12081,Verified,2026-03-12,BA001914,9820000504
A001144,S01144,SC/ST Welfare Scheme,17039,Verified,2026-03-16,BA001915,9820000505
A001145,S01145,SC/ST Welfare Scheme,10793,Verified,2026-03-11,BA001916,9820000506
A001146,S01146,Post-Matric Technical,9011,Verified,2026-03-23,BA001917,9820000507
A001147,S01147,Minority Welfare,9350,Verified,2026-03-21,BA001918,9820000508
A001148,S01148,SC/ST Welfare Scheme,21529,Verified,2026-03-13,BA001919,9820000509
A001149,S01149,Minority Welfare,9975,Verified,2026-03-23,BA001920,9820000510
A001150,S01150,Post-Matric Technical,13902,Verified,2026-03-14,BA001921,9820000511
A001151,S01151,Minority Welfare,15210,Verified,2026-03-21,BA001922,9820000512
A001152,S01152,Post-Matric Technical,11293,Verified,2026-03-13,BA001923,9820000513
A001153,S01153,SC/ST Welfare Scheme,19830,Verified,2026-03-19,BA001924,9820000514
A001154,S01154,SC/ST Welfare Scheme,20586,Verified,2026-03-11,BA001925,9820000515
A001155,S01155,Minority Welfare,14337,Verified,2026-03-28,BA001926,9820000516
A001156,S01156,Minority Welfare,9106,Verified,2026-03-10,BA001927,9820000517
A001157,S01157,Merit Scholarship,14700,Verified,2026-03-27,BA001928,9820000518
A001158,S01158,Merit Scholarship,17091,Verified,2026-03-27,BA001929,9820000519
A001159,S01159,Merit Scholarship,26237,Verified,2026-03-13,BA001930,9820000520
A001160,S01160,SC/ST Welfare Scheme,12248,Verified,2026-03-10,BA001931,9820000521
A001161,S01161,Girl Child Assistance,13398,Verified,2026-03-18,BA001932,9820000522
A001162,S01162,SC/ST Welfare Scheme,14308,Verified,2026-03-28,BA001933,9820000523
A001163,S01163,SC/ST Welfare Scheme,11685,Verified,2026-03-28,BA001934,9820000524
A001164,S01164,Merit Scholarship,23926,Verified,2026-03-22,BA001935,9820000525
A001165,S01165,Merit Scholarship,25639,Verified,2026-03-20,BA001936,9820000526
A001166,S01166,SC/ST Welfare Scheme,18450,Verified,2026-03-11,BA001937,9820000527
A001167,S01167,SC/ST Welfare Scheme,14777,Verified,2026-03-28,BA001938,9820000528
A001168,S01168,Post-Matric Technical,21459,Verified,2026-03-17,BA001939,9820000529
A001169,S01169,Girl Child Assistance,13955,Verified,2026-03-19,BA001940,9820000530
A001170,S01170,Post-Matric Technical,10524,Verified,2026-03-11,BA001941,9820000531
A001171,S01171,Post-Matric Technical,11187,Verified,2026-03-22,BA001942,9820000532
A001172,S01172,Post-Matric Technical,14161,Verified,2026-03-22,BA001943,9820000533
A001173,S01173,Minority Welfare,15365,Verified,2026-03-24,BA001944,9820000534
A001174,S01174,SC/ST Welfare Scheme,14341,Verified,2026-03-13,BA001945,9820000535
A001175,S01175,SC/ST Welfare Scheme,21651,Verified,2026-03-17,BA001946,9820000536
A001176,S01176,SC/ST Welfare Scheme,17408,Verified,2026-03-27,BA001947,9820000537
A001177,S01177,Minority Welfare,14563,Verified,2026-03-21,BA001948,9820000538
A001178,S01178,Merit Scholarship,16220,Verified,2026-03-12,BA001949,9820000539
A001179,S01179,Merit Scholarship,25980,Verified,2026-03-15,BA001950,9820000540
A001180,S01180,SC/ST Welfare Scheme,20144,Verified,2026-03-17,BA001951,9820000541
A001181,S01181,Girl Child Assistance,14247,Verified,2026-03-26,BA001952,9820000542
A001182,S01182,Girl Child Assistance,10929,Verified,2026-03-27,BA001953,9820000543
A001183,S01183,Girl Child Assistance,14338,Verified,2026-03-18,BA001954,9820000544
A001184,S01184,Girl Child Assistance,12381,Verified,2026-03-17,BA001955,9820000545
A001185,S01185,Merit Scholarship,19751,Verified,2026-03-28,BA001956,9820000546
A001186,S01186,SC/ST Welfare Scheme,19300,Verified,2026-03-28,BA001957,9820000547
A001187,S01187,Post-Matric Technical,12584,Verified,2026-03-10,BA001958,9820000548
A001188,S01188,Girl Child Assistance,14526,Verified,2026-03-20,BA001959,9820000549
A001189,S01189,Minority Welfare,14481,Verified,2026-03-28,BA001960,9820000550
A001190,S01190,Minority Welfare,13198,Verified,2026-03-15,BA001961,9820000551
A001191,S01191,Minority Welfare,19501,Verified,2026-03-28,BA001962,9820000552
A001192,S01192,Girl Child Assistance,14926,Verified,2026-03-17,BA001963,9820000553
A001193,S01193,SC/ST Welfare Scheme,21615,Verified,2026-03-20,BA001964,9820000554
A001194,S01194,Merit Scholarship,13577,Verified,2026-03-22,BA001965,9820000555
A001195,S01195,Post-Matric Technical,18470,Verified,2026-03-17,BA001966,9820000556
A001196,S01196,Merit Scholarship,14431,Verified,2026-03-20,BA001967,9820000557
A001197,S01197,Merit Scholarship,13015,Verified,2026-03-23,BA001968,9820000558
A001198,S01198,Minority Welfare,14705,Verified,2026-03-27,BA001969,9820000559
A001199,S01199,SC/ST Welfare Scheme,10062,Verified,2026-03-23,BA001970,9820000560
A001200,S01200,Girl Child Assistance,8399,Verified,2026-03-19,BA001971,9820000561
A001201,S01201,SC/ST Welfare Scheme,16349,Verified,2026-03-15,BA001972,9820000562
A001202,S01202,Minority Welfare,12315,Verified,2026-03-17,BA001973,9820000563
A001203,S01203,Merit Scholarship,13998,Verified,2026-03-22,BA001974,9820000564
A001204,S01204,Post-Matric Technical,15468,Verified,2026-03-11,BA001975,9820000565
A001205,S01205,Girl Child Assistance,13622,Verified,2026-03-16,BA001976,9820000566
A001206,S01206,Post-Matric Technical,20912,Verified,2026-03-12,BA001977,9820000567
A001207,S01207,Girl Child Assistance,11280,Verified,2026-03-23,BA001978,9820000568
A001208,S01208,Girl Child Assistance,7827,Verified,2026-03-19,BA001979,9820000569
A001209,S01209,Post-Matric Technical,15602,Verified,2026-03-14,BA001980,9820000570
A001210,S01210,SC/ST Welfare Scheme,14400,Verified,2026-03-21,BA001981,9820000571
A001211,S01211,SC/ST Welfare Scheme,22185,Verified,2026-03-24,BA001982,9820000572
A001212,S01212,Girl Child Assistance,14482,Verified,2026-03-23,BA001983,9820000573
A001213,S01213,SC/ST Welfare Scheme,16609,Verified,2026-03-14,BA001984,9820000574
A001214,S01214,Minority Welfare,15478,Verified,2026-03-11,BA001985,9820000575
A001215,S01215,SC/ST Welfare Scheme,16102,Verified,2026-03-25,BA001986,9820000576
A001216,S01216,Post-Matric Technical,13237,Verified,2026-03-12,BA001987,9820000577
A001217,S01217,Girl Child Assistance,12337,Verified,2026-03-23,BA001988,9820000578
A001218,S01218,Merit Scholarship,12277,Verified,2026-03-17,BA001989,9820000579
A001219,S01219,SC/ST Welfare Scheme,14950,Verified,2026-03-26,BA001990,9820000580
A001220,S01220,Girl Child Assistance,11989,Verified,2026-03-19,BA001991,9820000581
A001221,S01221,Merit Scholarship,21790,Verified,2026-03-16,BA001992,9820000582
A001222,S01222,Merit Scholarship,16585,Verified,2026-03-10,BA001993,9820000583
A001223,S01223,Post-Matric Technical,12643,Verified,2026-03-27,BA001994,9820000584
A001224,S01224,SC/ST Welfare Scheme,12967,Verified,2026-03-19,BA001995,9820000585
A001225,S01225,SC/ST Welfare Scheme,15820,Verified,2026-03-17,BA001996,9820000586
A001226,S01226,SC/ST Welfare Scheme,23946,Verified,2026-03-13,BA001997,9820000587
A001227,S01227,Girl Child Assistance,12576,Verified,2026-03-22,BA001998,9820000588
A001228,S01228,Minority Welfare,15496,Verified,2026-03-14,BA001999,9820000589
A001229,S01229,Merit Scholarship,26812,Verified,2026-03-18,BA002000,9820000590
A001230,S01230,Girl Child Assistance,12033,Verified,2026-03-23,BA002001,9820000591
A001231,S01231,Post-Matric Technical,17700,Verified,2026-03-16,BA002002,9820000592
A001232,S01232,Minority Welfare,14284,Verified,2026-03-26,BA002003,9820000593
A001233,S01233,Merit Scholarship,23230,Verified,2026-03-25,BA002004,9820000594
A001234,S01234,Post-Matric Technical,12460,Verified,2026-03-10,BA002005,9820000595
A001235,S01235,Merit Scholarship,15542,Verified,2026-03-10,BA002006,9820000596
A001236,S01236,Post-Matric Technical,20499,Verified,2026-03-14,BA002007,9820000597
A001237,S01237,Merit Scholarship,16494,Verified,2026-03-23,BA002008,9820000598
A001238,S01238,Merit Scholarship,18545,Verified,2026-03-18,BA002009,9820000599
A001239,S01239,Post-Matric Technical,12842,Verified,2026-03-10,BA002010,9820000600
A001240,S01240,Merit Scholarship,28767,Verified,2026-03-12,BA002011,9820000601
A001241,S01241,Minority Welfare,10862,Verified,2026-03-11,BA002012,9820000602
A001242,S01242,SC/ST Welfare Scheme,23959,Verified,2026-03-14,BA002013,9820000603
A001243,S01243,Post-Matric Technical,10865,Verified,2026-03-22,BA002014,9820000604
A001244,S01244,Post-Matric Technical,11732,Verified,2026-03-13,BA002015,9820000605
A001245,S01245,Minority Welfare,13875,Verified,2026-03-10,BA002016,9820000606
A001246,S01246,Merit Scholarship,22296,Verified,2026-03-10,BA002017,9820000607
A001247,S01247,Girl Child Assistance,9036,Verified,2026-03-25,BA002018,9820000608
A001248,S01248,Post-Matric Technical,17283,Verified,2026-03-25,BA002019,9820000609
A001249,S01249,Post-Matric Technical,19540,Verified,2026-03-22,BA002020,9820000610
A001250,S01250,Post-Matric Technical,14178,Verified,2026-03-13,BA002021,9820000611
A001251,S01251,Merit Scholarship,21981,Verified,2026-03-26,BA002022,9820000612
A001252,S01252,SC/ST Welfare Scheme,19177,Verified,2026-03-25,BA002023,9820000613
A001253,S01253,Merit Scholarship,29104,Verified,2026-03-21,BA002024,9820000614
A001254,S01254,Post-Matric Technical,12209,Verified,2026-03-16,BA002025,9820000615
A001255,S01255,Minority Welfare,18375,Verified,2026-03-28,BA002026,9820000616
A001256,S01256,Post-Matric Technical,21062,Verified,2026-03-11,BA002027,9820000617
A001257,S01257,Girl Child Assistance,10173,Verified,2026-03-20,BA002028,9820000618
A001258,S01258,Girl Child Assistance,14950,Verified,2026-03-19,BA002029,9820000619
A001259,S01259,Post-Matric Technical,14143,Verified,2026-03-27,BA002030,9820000620
A001260,S01260,SC/ST Welfare Scheme,20651,Verified,2026-03-15,BA002031,9820000621
A001261,S01261,SC/ST Welfare Scheme,21634,Verified,2026-03-23,BA002032,9820000622
A001262,S01262,Post-Matric Technical,15240,Verified,2026-03-14,BA002033,9820000623
A001263,S01263,SC/ST Welfare Scheme,22850,Verified,2026-03-19,BA002034,9820000624
A001264,S01264,SC/ST Welfare Scheme,21067,Verified,2026-03-27,BA002035,9820000625
A001265,S01265,Post-Matric Technical,15251,Verified,2026-03-22,BA002036,9820000626
A001266,S01266,SC/ST Welfare Scheme,13327,Verified,2026-03-24,BA002037,9820000627
A001267,S01267,SC/ST Welfare Scheme,17353,Verified,2026-03-15,BA002038,9820000628
A001268,S01268,Girl Child Assistance,11559,Verified,2026-03-18,BA002039,9820000629
A001269,S01269,SC/ST Welfare Scheme,10833,Verified,2026-03-19,BA002040,9820000630
A001270,S01270,SC/ST Welfare Scheme,18529,Verified,2026-03-12,BA002041,9820000631
A001271,S01271,Girl Child Assistance,8789,Verified,2026-03-26,BA002042,9820000632
A001272,S01272,Merit Scholarship,19989,Verified,2026-03-11,BA002043,9820000633
A001273,S01273,Merit Scholarship,28670,Verified,2026-03-24,BA002044,9820000634
A001274,S01274,Minority Welfare,16814,Verified,2026-03-27,BA002045,9820000635
A001275,S01275,Minority Welfare,15130,Verified,2026-03-12,BA002046,9820000636
A001276,S01276,Merit Scholarship,14308,Verified,2026-03-28,BA002047,9820000637
A001277,S01277,Post-Matric Technical,17762,Verified,2026-03-10,BA002048,9820000638
A001278,S01278,Merit Scholarship,21497,Verified,2026-03-19,BA002049,9820000639
A001279,S01279,Post-Matric Technical,11234,Verified,2026-03-22,BA002050,9820000640
A001280,S01280,Minority Welfare,17094,Verified,2026-03-14,BA002051,9820000641
A001281,S01281,Girl Child Assistance,14401,Verified,2026-03-21,BA002052,9820000642
A001282,S01282,Girl Child Assistance,13838,Verified,2026-03-18,BA002053,9820000643
A001283,S01283,Girl Child Assistance,9381,Verified,2026-03-12,BA002054,9820000644
A001284,S01284,Girl Child Assistance,12369,Verified,2026-03-17,BA002055,9820000645
A001285,S01285,Minority Welfare,17266,Verified,2026-03-28,BA002056,9820000646
A001286,S01286,Minority Welfare,18499,Verified,2026-03-23,BA002057,9820000647
A001287,S01287,SC/ST Welfare Scheme,12879,Verified,2026-03-12,BA002058,9820000648
A001288,S01288,Girl Child Assistance,12959,Verified,2026-03-12,BA002059,9820000649
A001289,S01289,Merit Scholarship,29808,Verified,2026-03-27,BA002060,9820000650
A001290,S01290,SC/ST Welfare Scheme,14767,Verified,2026-03-14,BA002061,9820000651
A001291,S01291,Post-Matric Technical,11608,Verified,2026-03-15,BA002062,9820000652
A001292,S01292,SC/ST Welfare Scheme,14331,Verified,2026-03-21,BA002063,9820000653
A001293,S01293,Girl Child Assistance,9654,Verified,2026-03-13,BA002064,9820000654
A001294,S01294,SC/ST Welfare Scheme,15985,Verified,2026-03-28,BA002065,9820000655
A001295,S01295,Minority Welfare,16222,Verified,2026-03-14,BA002066,9820000656
A001296,S01296,Girl Child Assistance,8289,Verified,2026-03-21,BA002067,9820000657
A001297,S01297,SC/ST Welfare Scheme,20604,Verified,2026-03-23,BA002068,9820000658
A001298,S01298,Girl Child Assistance,7321,Verified,2026-03-28,BA002069,9820000659
A001299,S01299,Minority Welfare,12644,Verified,2026-03-12,BA002070,9820000660
A001300,S01300,Post-Matric Technical,18546,Verified,2026-03-15,BA002071,9820000661
A001301,S01301,SC/ST Welfare Scheme,11778,Verified,2026-03-10,BA002072,9820000662
A001302,S01302,Girl Child Assistance,8453,Verified,2026-03-25,BA002073,9820000663
A001303,S01303,Girl Child Assistance,7009,Verified,2026-03-23,BA002074,9820000664
A001304,S01304,Merit Scholarship,24492,Verified,2026-03-21,BA002075,9820000665
A001305,S01305,Post-Matric Technical,13223,Verified,2026-03-16,BA002076,9820000666
A001306,S01306,Merit Scholarship,18731,Verified,2026-03-20,BA002077,9820000667
A001307,S01307,Post-Matric Technical,13514,Verified,2026-03-22,BA002078,9820000668
A001308,S01308,Girl Child Assistance,10962,Verified,2026-03-18,BA002079,9820000669
A001309,S01309,Post-Matric Technical,21830,Verified,2026-03-15,BA002080,9820000670
A001310,S01310,SC/ST Welfare Scheme,10086,Verified,2026-03-12,BA002081,9820000671
A001311,S01311,Post-Matric Technical,15296,Verified,2026-03-22,BA002082,9820000672
A001312,S01312,Merit Scholarship,12350,Verified,2026-03-16,BA002083,9820000673
A001313,S01313,Girl Child Assistance,8959,Verified,2026-03-10,BA002084,9820000674
A001314,S01314,Post-Matric Technical,17482,Verified,2026-03-10,BA002085,9820000675
A001315,S01315,SC/ST Welfare Scheme,19934,Verified,2026-03-16,BA002086,9820000676
A001316,S01316,Merit Scholarship,14371,Verified,2026-03-26,BA002087,9820000677
A001317,S01317,Girl Child Assistance,11613,Verified,2026-03-25,BA002088,9820000678
A001318,S01318,Post-Matric Technical,10904,Verified,2026-03-18,BA002089,9820000679
A001319,S01319,Minority Welfare,8159,Verified,2026-03-18,BA002090,9820000680
A001320,S01320,SC/ST Welfare Scheme,13580,Verified,2026-03-28,BA002091,9820000681
A001321,S01321,Minority Welfare,11322,Verified,2026-03-17,BA002092,9820000682
A001322,S01322,Merit Scholarship,29743,Verified,2026-03-11,BA002093,9820000683
A001323,S01323,Post-Matric Technical,17374,Verified,2026-03-18,BA002094,9820000684
A001324,S01324,Minority Welfare,16232,Verified,2026-03-21,BA002095,9820000685
A001325,S01325,Minority Welfare,8193,Verified,2026-03-16,BA002096,9820000686
A001326,S01326,SC/ST Welfare Scheme,13885,Verified,2026-03-18,BA002097,9820000687
A001327,S01327,SC/ST Welfare Scheme,17384,Verified,2026-03-15,BA002098,9820000688
A001328,S01328,Minority Welfare,11863,Verified,2026-03-27,BA002099,9820000689
A001329,S01329,Minority Welfare,10203,Verified,2026-03-26,BA002100,9820000690
A001330,S01330,Post-Matric Technical,15527,Verified,2026-03-13,BA002101,9820000691
A001331,S01331,SC/ST Welfare Scheme,19180,Verified,2026-03-27,BA002102,9820000692
A001332,S01332,Merit Scholarship,29643,Verified,2026-03-15,BA002103,9820000693
A001333,S01333,Girl Child Assistance,12174,Verified,2026-03-14,BA002104,9820000694
A001334,S01334,SC/ST Welfare Scheme,15629,Verified,2026-03-17,BA002105,9820000695
A001335,S01335,SC/ST Welfare Scheme,17377,Verified,2026-03-23,BA002106,9820000696
A001336,S01336,Minority Welfare,19480,Verified,2026-03-12,BA002107,9820000697
A001337,S01337,Merit Scholarship,14727,Verified,2026-03-13,BA002108,9820000698
A001338,S01338,Post-Matric Technical,16260,Verified,2026-03-14,BA002109,9820000699
A001339,S01339,Merit Scholarship,29974,Verified,2026-03-24,BA002110,9820000700
A001340,S01340,Girl Child Assistance,14186,Verified,2026-03-28,BA002111,9820000701
A001341,S01341,Girl Child Assistance,9996,Verified,2026-03-23,BA002112,9820000702
A001342,S01342,Merit Scholarship,29534,Verified,2026-03-10,BA002113,9820000703
A001343,S01343,SC/ST Welfare Scheme,13089,Verified,2026-03-23,BA002114,9820000704
A001344,S01344,Post-Matric Technical,15917,Verified,2026-03-17,BA002115,9820000705
A001345,S01345,Girl Child Assistance,7560,Verified,2026-03-15,BA002116,9820000706
A001346,S01346,Post-Matric Technical,17060,Verified,2026-03-16,BA002117,9820000707
A001347,S01347,Merit Scholarship,12268,Verified,2026-03-17,BA002118,9820000708
A001348,S01348,Minority Welfare,15597,Verified,2026-03-11,BA002119,9820000709
A001349,S01349,Minority Welfare,12097,Verified,2026-03-22,BA002120,9820000710
A001350,S01350,Minority Welfare,11263,Verified,2026-03-24,BA002121,9820000711
A001351,S01351,Post-Matric Technical,21201,Verified,2026-03-27,BA002122,9820000712
A001352,S01352,SC/ST Welfare Scheme,11850,Verified,2026-03-17,BA002123,9820000713
A001353,S01353,SC/ST Welfare Scheme,21317,Verified,2026-03-25,BA002124,9820000714
A001354,S01354,Minority Welfare,13544,Verified,2026-03-11,BA002125,9820000715
A001355,S01355,Girl Child Assistance,9845,Verified,2026-03-24,BA002126,9820000716
A001356,S01356,Minority Welfare,17159,Verified,2026-03-19,BA002127,9820000717
A001357,S01357,Girl Child Assistance,11542,Verified,2026-03-15,BA002128,9820000718
A001358,S01358,SC/ST Welfare Scheme,10011,Verified,2026-03-26,BA002129,9820000719
A001359,S01359,Merit Scholarship,29660,Verified,2026-03-22,BA002130,9820000720
A001360,S01360,Girl Child Assistance,9638,Verified,2026-03-13,BA002131,9820000721
A001361,S01361,Merit Scholarship,15235,Verified,2026-03-11,BA002132,9820000722
A001362,S01362,Girl Child Assistance,11963,Verified,2026-03-12,BA002133,9820000723
A001363,S01363,Post-Matric Technical,15814,Verified,2026-03-21,BA002134,9820000724
A001364,S01364,Girl Child Assistance,14869,Verified,2026-03-26,BA002135,9820000725
A001365,S01365,Girl Child Assistance,11574,Verified,2026-03-27,BA002136,9820000726
A001366,S01366,Girl Child Assistance,14232,Verified,2026-03-13,BA002137,9820000727
A001367,S01367,Post-Matric Technical,14319,Verified,2026-03-21,BA002138,9820000728
A001368,S01368,SC/ST Welfare Scheme,16145,Verified,2026-03-27,BA002139,9820000729
A001369,S01369,Post-Matric Technical,11213,Verified,2026-03-19,BA002140,9820000730
A001370,S01370,Minority Welfare,12521,Verified,2026-03-27,BA002141,9820000731
A001371,S01371,Girl Child Assistance,14287,Verified,2026-03-28,BA002142,9820000732
A001372,S01372,SC/ST Welfare Scheme,11264,Verified,2026-03-20,BA002143,9820000733
A001373,S01373,Girl Child Assistance,11720,Verified,2026-03-22,BA002144,9820000734
A001374,S01374,SC/ST Welfare Scheme,22622,Verified,2026-03-17,BA002145,9820000735
A001375,S01375,Post-Matric Technical,12617,Verified,2026-03-14,BA002146,9820000736
A001376,S01376,Post-Matric Technical,21883,Verified,2026-03-22,BA002147,9820000737
A001377,S01377,Post-Matric Technical,16118,Verified,2026-03-14,BA002148,9820000738
A001378,S01378,Post-Matric Technical,17589,Verified,2026-03-17,BA002149,9820000739
A001379,S01379,Post-Matric Technical,14984,Verified,2026-03-21,BA002150,9820000740
A001380,S01380,Merit Scholarship,26490,Verified,2026-03-14,BA002151,9820000741
A001381,S01381,Minority Welfare,11982,Verified,2026-03-14,BA002152,9820000742
A001382,S01382,SC/ST Welfare Scheme,22124,Verified,2026-03-27,BA002153,9820000743
A001383,S01383,SC/ST Welfare Scheme,18631,Verified,2026-03-11,BA002154,9820000744
A001384,S01384,Minority Welfare,8136,Verified,2026-03-12,BA002155,9820000745
A001385,S01385,SC/ST Welfare Scheme,21627,Verified,2026-03-13,BA002156,9820000746
A001386,S01386,Girl Child Assistance,11593,Verified,2026-03-10,BA002157,9820000747
A001387,S01387,SC/ST Welfare Scheme,15822,Verified,2026-03-19,BA002158,9820000748
A001388,S01388,SC/ST Welfare Scheme,24588,Verified,2026-03-10,BA002159,9820000749
A001389,S01389,Post-Matric Technical,11502,Verified,2026-03-23,BA002160,9820000750
A001390,S01390,Post-Matric Technical,18519,Verified,2026-03-27,BA002161,9820000751
A001391,S01391,Girl Child Assistance,9600,Verified,2026-03-12,BA002162,9820000752
A001392,S01392,Minority Welfare,13221,Verified,2026-03-23,BA002163,9820000753
A001393,S01393,SC/ST Welfare Scheme,14372,Verified,2026-03-28,BA002164,9820000754
A001394,S01394,Merit Scholarship,28460,Verified,2026-03-25,BA002165,9820000755
A001395,S01395,Post-Matric Technical,15767,Verified,2026-03-17,BA002166,9820000756
A001396,S01396,Minority Welfare,15496,Verified,2026-03-17,BA002167,9820000757
A001397,S01397,Girl Child Assistance,11864,Verified,2026-03-27,BA002168,9820000758
A001398,S01398,Merit Scholarship,13389,Verified,2026-03-17,BA002169,9820000759
A001399,S01399,Merit Scholarship,25042,Verified,2026-03-19,BA002170,9820000760
A001400,S01400,SC/ST Welfare Scheme,17595,Verified,2026-03-24,BA002171,9820000761
A001401,S01401,Minority Welfare,15387,Verified,2026-03-10,BA002172,9820000762
A001402,S01402,Minority Welfare,18626,Verified,2026-03-15,BA002173,9820000763
A001403,S01403,Post-Matric Technical,11619,Verified,2026-03-22,BA002174,9820000764
A001404,S01404,SC/ST Welfare Scheme,22601,Verified,2026-03-11,BA002175,9820000765
A001405,S01405,Post-Matric Technical,13146,Verified,2026-03-10,BA002176,9820000766
A001406,S01406,Girl Child Assistance,8776,Verified,2026-03-28,BA002177,9820000767
A001407,S01407,Merit Scholarship,18803,Verified,2026-03-11,BA002178,9820000768
A001408,S01408,SC/ST Welfare Scheme,23730,Verified,2026-03-19,BA002179,9820000769
A001409,S01409,Merit Scholarship,17813,Verified,2026-03-24,BA002180,9820000770
A001410,S01410,SC/ST Welfare Scheme,17001,Verified,2026-03-27,BA002181,9820000771
A001411,S01411,Merit Scholarship,18850,Verified,2026-03-11,BA002182,9820000772
A001412,S01412,Girl Child Assistance,14650,Verified,2026-03-19,BA002183,9820000773
A001413,S01413,SC/ST Welfare Scheme,18514,Verified,2026-03-25,BA002184,9820000774
A001414,S01414,Girl Child Assistance,7196,Verified,2026-03-24,BA002185,9820000775
A001415,S01415,Girl Child Assistance,7092,Verified,2026-03-16,BA002186,9820000776
A001416,S01416,SC/ST Welfare Scheme,15460,Verified,2026-03-20,BA002187,9820000777
A001417,S01417,Merit Scholarship,13165,Verified,2026-03-14,BA002188,9820000778
A001418,S01418,Girl Child Assistance,13841,Verified,2026-03-26,BA002189,9820000779
A001419,S01419,SC/ST Welfare Scheme,14595,Verified,2026-03-10,BA002190,9820000780
A001420,S01420,Girl Child Assistance,8535,Verified,2026-03-13,BA002191,9820000781
A001421,S01421,Merit Scholarship,29206,Verified,2026-03-19,BA002192,9820000782
A001422,S01422,Merit Scholarship,12817,Verified,2026-03-25,BA002193,9820000783
A001423,S01423,Post-Matric Technical,17456,Verified,2026-03-14,BA002194,9820000784
A001424,S01424,Post-Matric Technical,20256,Verified,2026-03-12,BA002195,9820000785
A001425,S01425,Merit Scholarship,18876,Verified,2026-03-20,BA002196,9820000786
A001426,S01426,Girl Child Assistance,8223,Verified,2026-03-15,BA002197,9820000787
A001427,S01427,Girl Child Assistance,13586,Verified,2026-03-19,BA002198,9820000788
A001428,S01428,Girl Child Assistance,10856,Verified,2026-03-11,BA002199,9820000789
A001429,S01429,Post-Matric Technical,14444,Verified,2026-03-16,BA002200,9820000790
A001430,S01430,Post-Matric Technical,10593,Verified,2026-03-24,BA002201,9820000791
A001431,S01431,Post-Matric Technical,20462,Verified,2026-03-20,BA002202,9820000792
A001432,S01432,Merit Scholarship,17596,Verified,2026-03-19,BA002203,9820000793
A001433,S01433,Girl Child Assistance,7581,Verified,2026-03-19,BA002204,9820000794
A001434,S01434,Post-Matric Technical,15288,Verified,2026-03-12,BA002205,9820000795
A001435,S01435,Girl Child Assistance,8417,Verified,2026-03-12,BA002206,9820000796
A001436,S01436,Post-Matric Technical,15648,Verified,2026-03-12,BA002207,9820000797
A001437,S01437,Post-Matric Technical,21369,Verified,2026-03-10,BA002208,9820000798
A001438,S01438,Girl Child Assistance,8602,Verified,2026-03-16,BA002209,9820000799
A001439,S01439,SC/ST Welfare Scheme,20018,Verified,2026-03-26,BA002210,9820000800
A001440,S01440,SC/ST Welfare Scheme,21523,Verified,2026-03-27,BA002211,9820000801
A001441,S01441,Merit Scholarship,24503,Verified,2026-03-23,BA002212,9820000802
A001442,S01442,Post-Matric Technical,14902,Verified,2026-03-23,BA002213,9820000803
A001443,S01443,Minority Welfare,15155,Verified,2026-03-14,BA002214,9820000804
A001444,S01444,Post-Matric Technical,17346,Verified,2026-03-23,BA002215,9820000805
A001445,S01445,Minority Welfare,14731,Verified,2026-03-27,BA002216,9820000806
A001446,S01446,Girl Child Assistance,14878,Verified,2026-03-12,BA002217,9820000807
A001447,S01447,SC/ST Welfare Scheme,22151,Verified,2026-03-12,BA002218,9820000808
A001448,S01448,Girl Child Assistance,10719,Verified,2026-03-26,BA002219,9820000809
A001449,S01449,Post-Matric Technical,18791,Verified,2026-03-19,BA002220,9820000810
A001450,S01450,Girl Child Assistance,13040,Verified,2026-03-10,BA002221,9820000811
A001451,S01451,Girl Child Assistance,14027,Verified,2026-03-18,BA002222,9820000812
A001452,S01452,Minority Welfare,10873,Verified,2026-03-18,BA002223,9820000813
A001453,S01453,Girl Child Assistance,11062,Verified,2026-03-23,BA002224,9820000814
A001454,S01454,Minority Welfare,9900,Verified,2026-03-11,BA002225,9820000815
A001455,S01455,SC/ST Welfare Scheme,16390,Verified,2026-03-25,BA002226,9820000816
A001456,S01456,Post-Matric Technical,14172,Verified,2026-03-26,BA002227,9820000817
A001457,S01457,SC/ST Welfare Scheme,23145,Verified,2026-03-13,BA002228,9820000818
A001458,S01458,Post-Matric Technical,21623,Verified,2026-03-16,BA002229,9820000819
A001459,S01459,Minority Welfare,16605,Verified,2026-03-13,BA002230,9820000820
A001460,S01460,SC/ST Welfare Scheme,11506,Verified,2026-03-11,BA002231,9820000821
A001461,S01461,Merit Scholarship,18054,Verified,2026-03-13,BA002232,9820000822
A001462,S01462,Merit Scholarship,22597,Verified,2026-03-18,BA002233,9820000823
A001463,S01463,Merit Scholarship,14274,Verified,2026-03-25,BA002234,9820000824
A001464,S01464,Post-Matric Technical,19059,Verified,2026-03-13,BA002235,9820000825
A001465,S01465,Merit Scholarship,12028,Verified,2026-03-11,BA002236,9820000826
A001466,S01466,SC/ST Welfare Scheme,18039,Verified,2026-03-25,BA002237,9820000827
A001467,S01467,Merit Scholarship,23761,Verified,2026-03-20,BA002238,9820000828
A001468,S01468,Merit Scholarship,21501,Verified,2026-03-16,BA002239,9820000829
A001469,S01469,Minority Welfare,15175,Verified,2026-03-16,BA002240,9820000830
A001470,S01470,Girl Child Assistance,11428,Verified,2026-03-19,BA002241,9820000831
A001471,S01471,Post-Matric Technical,15643,Verified,2026-03-13,BA002242,9820000832
A001472,S01472,Girl Child Assistance,14576,Verified,2026-03-12,BA002243,9820000833
A001473,S01473,Merit Scholarship,12470,Verified,2026-03-15,BA002244,9820000834
A001474,S01474,Merit Scholarship,15484,Verified,2026-03-13,BA002245,9820000835
A001475,S01475,Minority Welfare,17436,Verified,2026-03-27,BA002246,9820000836
A001476,S01476,Minority Welfare,9035,Verified,2026-03-13,BA002247,9820000837
A001477,S01477,Minority Welfare,9637,Verified,2026-03-22,BA002248,9820000838
A001478,S01478,Merit Scholarship,21297,Verified,2026-03-23,BA002249,9820000839
A001479,S01479,Minority Welfare,8616,Verified,2026-03-15,BA002250,9820000840
A001480,S01480,SC/ST Welfare Scheme,13144,Verified,2026-03-13,BA002251,9820000841
A001481,S01481,SC/ST Welfare Scheme,13409,Verified,2026-03-18,BA002252,9820000842
A001482,S01482,Minority Welfare,18979,Verified,2026-03-11,BA002253,9820000843
A001483,S01483,Minority Welfare,8859,Verified,2026-03-27,BA002254,9820000844
A001484,S01484,Post-Matric Technical,16287,Verified,2026-03-28,BA002255,9820000845
A001485,S01485,SC/ST Welfare Scheme,24252,Verified,2026-03-16,BA002256,9820000846
A001486,S01486,Post-Matric Technical,12541,Verified,2026-03-24,BA002257,9820000847
A001487,S01487,Post-Matric Technical,20341,Verified,2026-03-28,BA002258,9820000848
A001488,S01488,Post-Matric Technical,13835,Verified,2026-03-15,BA002259,9820000849
A001489,S01489,Minority Welfare,15581,Verified,2026-03-18,BA002260,9820000850
A001490,S01490,Minority Welfare,17695,Verified,2026-03-14,BA002261,9820000851
A001491,S01491,Merit Scholarship,27704,Verified,2026-03-13,BA002262,9820000852
A001492,S01492,Girl Child Assistance,14781,Verified,2026-03-16,BA002263,9820000853
A001493,S01493,Merit Scholarship,12799,Verified,2026-03-24,BA002264,9820000854
A001494,S01494,Post-Matric Technical,19377,Verified,2026-03-10,BA002265,9820000855
A001495,S01495,SC/ST Welfare Scheme,19424,Verified,2026-03-16,BA002266,9820000856
A001496,S01496,Merit Scholarship,23979,Verified,2026-03-24,BA002267,9820000857
A001497,S01497,Girl Child Assistance,11420,Verified,2026-03-13,BA002268,9820000858
A001498,S01498,Girl Child Assistance,9889,Verified,2026-03-18,BA002269,9820000859
A001499,S01499,Merit Scholarship,29460,Verified,2026-03-19,BA002270,9820000860
A001500,S01500,Merit Scholarship,17859,Verified,2026-03-19,BA002271,9820000861
A001501,S01501,Merit Scholarship,29741,Verified,2026-03-14,BA002272,9820000862
A001502,S01502,Merit Scholarship,19612,Verified,2026-03-26,BA002273,9820000863
A001503,S01503,SC/ST Welfare Scheme,12161,Verified,2026-03-19,BA002274,9820000864
A001504,S01504,Post-Matric Technical,13659,Verified,2026-03-24,BA002275,9820000865
A001505,S01505,Girl Child Assistance,7337,Verified,2026-03-20,BA002276,9820000866
A001506,S01506,Minority Welfare,10423,Verified,2026-03-21,BA002277,9820000867
A001507,S01507,Girl Child Assistance,8278,Verified,2026-03-10,BA002278,9820000868
A001508,S01508,SC/ST Welfare Scheme,23100,Verified,2026-03-28,BA002279,9820000869
A001509,S01509,Post-Matric Technical,19117,Verified,2026-03-17,BA002280,9820000870
A001510,S01510,Merit Scholarship,21107,Verified,2026-03-16,BA002281,9820000871
A001511,S01511,Post-Matric Technical,18882,Verified,2026-03-26,BA002282,9820000872
A001512,S01512,Post-Matric Technical,9199,Verified,2026-03-19,BA002283,9820000873
A001513,S01513,Girl Child Assistance,13600,Verified,2026-03-23,BA002284,9820000874
A001514,S01514,Girl Child Assistance,14106,Verified,2026-03-26,BA002285,9820000875
A001515,S01515,Post-Matric Technical,20636,Verified,2026-03-28,BA002286,9820000876
A001516,S01516,Post-Matric Technical,18588,Verified,2026-03-19,BA002287,9820000877
A001517,S01517,Minority Welfare,10034,Verified,2026-03-19,BA002288,9820000878
A001518,S01518,Minority Welfare,17812,Verified,2026-03-21,BA002289,9820000879
A001519,S01519,SC/ST Welfare Scheme,19425,Verified,2026-03-10,BA002290,9820000880
A001520,S01520,Minority Welfare,10675,Verified,2026-03-11,BA002291,9820000881
A001521,S01521,SC/ST Welfare Scheme,20289,Verified,2026-03-15,BA002292,9820000882
A001522,S01522,Girl Child Assistance,12615,Verified,2026-03-21,BA002293,9820000883
A001523,S01523,Minority Welfare,9678,Verified,2026-03-16,BA002294,9820000884
A001524,S01524,Minority Welfare,9909,Verified,2026-03-14,BA002295,9820000885
A001525,S01525,SC/ST Welfare Scheme,10471,Verified,2026-03-13,BA002296,9820000886
A001526,S01526,Minority Welfare,10133,Verified,2026-03-12,BA002297,9820000887
A001527,S01527,Merit Scholarship,13074,Verified,2026-03-26,BA002298,9820000888
A001528,S01528,SC/ST Welfare Scheme,22362,Verified,2026-03-13,BA002299,9820000889
A001529,S01529,Girl Child Assistance,13112,Verified,2026-03-18,BA002300,9820000890
A001530,S01530,Girl Child Assistance,7811,Verified,2026-03-28,BA002301,9820000891
A001531,S01531,Minority Welfare,16260,Verified,2026-03-25,BA002302,9820000892
A001532,S01532,Post-Matric Technical,15948,Verified,2026-03-16,BA002303,9820000893
A001533,S01533,SC/ST Welfare Scheme,19128,Verified,2026-03-11,BA002304,9820000894
A001534,S01534,Post-Matric Technical,20256,Verified,2026-03-24,BA002305,9820000895
A001535,S01535,Post-Matric Technical,9209,Verified,2026-03-25,BA002306,9820000896
A001536,S01536,Merit Scholarship,15333,Verified,2026-03-15,BA002307,9820000897
A001537,S01537,SC/ST Welfare Scheme,18177,Verified,2026-03-18,BA002308,9820000898
A001538,S01538,Post-Matric Technical,16938,Verified,2026-03-26,BA002309,9820000899
A001539,S01539,Merit Scholarship,13731,Verified,2026-03-12,BA002310,9820000900
A001540,S01540,Post-Matric Technical,19211,Verified,2026-03-13,BA002311,9820000901
A001541,S01541,Post-Matric Technical,17887,Verified,2026-03-20,BA002312,9820000902
A001542,S01542,Merit Scholarship,24331,Verified,2026-03-24,BA002313,9820000903
A001543,S01543,Girl Child Assistance,9559,Verified,2026-03-22,BA002314,9820000904
A001544,S01544,Post-Matric Technical,11560,Verified,2026-03-26,BA002315,9820000905
A001545,S01545,Girl Child Assistance,11837,Verified,2026-03-11,BA002316,9820000906
A001546,S01546,Girl Child Assistance,9827,Verified,2026-03-21,BA002317,9820000907
A001547,S01547,Minority Welfare,12995,Verified,2026-03-13,BA002318,9820000908
A001548,S01548,SC/ST Welfare Scheme,18433,Verified,2026-03-23,BA002319,9820000909
A001549,S01549,SC/ST Welfare Scheme,21061,Verified,2026-03-16,BA002320,9820000910
A001550,S01550,SC/ST Welfare Scheme,18142,Verified,2026-03-12,BA002321,9820000911
A001551,S01551,Merit Scholarship,15104,Verified,2026-03-28,BA002322,9820000912
A001552,S01552,Girl Child Assistance,7628,Verified,2026-03-19,BA002323,9820000913
A001553,S01553,Girl Child Assistance,14216,Verified,2026-03-10,BA002324,9820000914
A001554,S01554,Post-Matric Technical,19066,Verified,2026-03-23,BA002325,9820000915
A001555,S01555,Post-Matric Technical,10055,Verified,2026-03-16,BA002326,9820000916
A001556,S01556,Minority Welfare,10456,Verified,2026-03-16,BA002327,9820000917
A001557,S01557,SC/ST Welfare Scheme,12610,Verified,2026-03-18,BA002328,9820000918
A001558,S01558,Girl Child Assistance,7163,Verified,2026-03-11,BA002329,9820000919
A001559,S01559,Merit Scholarship,16605,Verified,2026-03-17,BA002330,9820000920
A001560,S01560,Merit Scholarship,16006,Verified,2026-03-20,BA002331,9820000921
A001561,S01561,Post-Matric Technical,12507,Verified,2026-03-18,BA002332,9820000922
A001562,S01562,Girl Child Assistance,14771,Verified,2026-03-13,BA002333,9820000923
A001563,S01563,Minority Welfare,13049,Verified,2026-03-10,BA002334,9820000924
A001564,S01564,Merit Scholarship,22134,Verified,2026-03-21,BA002335,9820000925
A001565,S01565,Post-Matric Technical,21397,Verified,2026-03-17,BA002336,9820000926
A001566,S01566,Minority Welfare,8555,Verified,2026-03-18,BA002337,9820000927
A001567,S01567,Post-Matric Technical,13275,Verified,2026-03-26,BA002338,9820000928
A001568,S01568,Girl Child Assistance,13242,Verified,2026-03-11,BA002339,9820000929
A001569,S01569,Minority Welfare,10585,Verified,2026-03-17,BA002340,9820000930
A001570,S01570,Minority Welfare,10187,Verified,2026-03-18,BA002341,9820000931
A001571,S01571,SC/ST Welfare Scheme,23675,Verified,2026-03-28,BA002342,9820000932
A001572,S01572,Girl Child Assistance,9144,Verified,2026-03-15,BA002343,9820000933
A001573,S01573,Girl Child Assistance,12886,Verified,2026-03-26,BA002344,9820000934
A001574,S01574,Post-Matric Technical,12328,Verified,2026-03-16,BA002345,9820000935
A001575,S01575,Post-Matric Technical,12102,Verified,2026-03-23,BA002346,9820000936
A001576,S01576,Merit Scholarship,20136,Verified,2026-03-21,BA002347,9820000937
A001577,S01577,Minority Welfare,14935,Verified,2026-03-18,BA002348,9820000938
A001578,S01578,Merit Scholarship,13491,Verified,2026-03-10,BA002349,9820000939
A001579,S01579,SC/ST Welfare Scheme,12783,Verified,2026-03-26,BA002350,9820000940
A001580,S01580,Post-Matric Technical,16093,Verified,2026-03-14,BA002351,9820000941
A001581,S01581,Minority Welfare,18042,Verified,2026-03-18,BA002352,9820000942
A001582,S01582,Minority Welfare,18771,Verified,2026-03-24,BA002353,9820000943
A001583,S01583,Minority Welfare,8668,Verified,2026-03-24,BA002354,9820000944
A001584,S01584,Post-Matric Technical,11425,Verified,2026-03-13,BA002355,9820000945
A001585,S01585,SC/ST Welfare Scheme,13479,Verified,2026-03-28,BA002356,9820000946
A001586,S01586,Minority Welfare,9545,Verified,2026-03-20,BA002357,9820000947
A001587,S01587,Merit Scholarship,27080,Verified,2026-03-25,BA002358,9820000948
A001588,S01588,Girl Child Assistance,12098,Verified,2026-03-24,BA002359,9820000949
A001589,S01589,Girl Child Assistance,7579,Verified,2026-03-27,BA002360,9820000950
A001590,S01590,Minority Welfare,11411,Verified,2026-03-15,BA002361,9820000951
A001591,S01591,Minority Welfare,13882,Verified,2026-03-13,BA002362,9820000952
A001592,S01592,Post-Matric Technical,15931,Verified,2026-03-12,BA002363,9820000953
A001593,S01593,Minority Welfare,18610,Verified,2026-03-14,BA002364,9820000954
A001594,S01594,Girl Child Assistance,14431,Verified,2026-03-25,BA002365,9820000955
A001595,S01595,SC/ST Welfare Scheme,18411,Verified,2026-03-13,BA002366,9820000956
A001596,S01596,Post-Matric Technical,10339,Verified,2026-03-26,BA002367,9820000957
A001597,S01597,Post-Matric Technical,13876,Verified,2026-03-20,BA002368,9820000958
A001598,S01598,Girl Child Assistance,8516,Verified,2026-03-12,BA002369,9820000959
A001599,S01599,Post-Matric Technical,16539,Verified,2026-03-22,BA002370,9820000960
A001600,S01600,Girl Child Assistance,8106,Verified,2026-03-10,BA002371,9820000961
A001601,S01601,Minority Welfare,18257,Verified,2026-03-27,BA002372,9820000962
A001602,S01602,Post-Matric Technical,11721,Verified,2026-03-14,BA002373,9820000963
A001603,S01603,Merit Scholarship,22939,Verified,2026-03-10,BA002374,9820000964
A001604,S01604,Post-Matric Technical,20977,Verified,2026-03-27,BA002375,9820000965
A001605,S01605,Post-Matric Technical,17655,Verified,2026-03-10,BA002376,9820000966
A001606,S01606,Merit Scholarship,23362,Verified,2026-03-24,BA002377,9820000967
A001607,S01607,Post-Matric Technical,16675,Verified,2026-03-14,BA002378,9820000968
A001608,S01608,Post-Matric Technical,12394,Verified,2026-03-19,BA002379,9820000969
A001609,S01609,Minority Welfare,11431,Verified,2026-03-27,BA002380,9820000970
A001610,S01610,SC/ST Welfare Scheme,23218,Verified,2026-03-12,BA002381,9820000971
A001611,S01611,Minority Welfare,17126,Verified,2026-03-18,BA002382,9820000972
A001612,S01612,Girl Child Assistance,13545,Verified,2026-03-24,BA002383,9820000973
A001613,S01613,Girl Child Assistance,12160,Verified,2026-03-13,BA002384,9820000974
A001614,S01614,SC/ST Welfare Scheme,24262,Verified,2026-03-13,BA002385,9820000975
A001615,S01615,Minority Welfare,12698,Verified,2026-03-26,BA002386,9820000976
A001616,S01616,Post-Matric Technical,21897,Verified,2026-03-17,BA002387,9820000977
A001617,S01617,Post-Matric Technical,21618,Verified,2026-03-10,BA002388,9820000978
A001618,S01618,SC/ST Welfare Scheme,16443,Verified,2026-03-11,BA002389,9820000979
A001619,S01619,Girl Child Assistance,14448,Verified,2026-03-21,BA002390,9820000980
A001620,S01620,Girl Child Assistance,12274,Verified,2026-03-16,BA002391,9820000981
A001621,S01621,Post-Matric Technical,9605,Verified,2026-03-27,BA002392,9820000982
A001622,S01622,Minority Welfare,17040,Verified,2026-03-19,BA002393,9820000983
A001623,S01623,Minority Welfare,14926,Verified,2026-03-26,BA002394,9820000984
A001624,S01624,SC/ST Welfare Scheme,20665,Verified,2026-03-13,BA002395,9820000985
A001625,S01625,Merit Scholarship,16586,Verified,2026-03-22,BA002396,9820000986
A001626,S01626,SC/ST Welfare Scheme,12401,Verified,2026-03-23,BA002397,9820000987
A001627,S01627,Post-Matric Technical,15598,Verified,2026-03-28,BA002398,9820000988
A001628,S01628,SC/ST Welfare Scheme,21288,Verified,2026-03-25,BA002399,9820000989
A001629,S01629,Girl Child Assistance,10877,Verified,2026-03-11,BA002400,9820000990
A001630,S01630,Merit Scholarship,21489,Verified,2026-03-11,BA002401,9820000991
A001631,S01631,SC/ST Welfare Scheme,19660,Verified,2026-03-23,BA002402,9820000992
A001632,S01632,SC/ST Welfare Scheme,12004,Verified,2026-03-27,BA002403,9820000993
A001633,S01633,Post-Matric Technical,20797,Verified,2026-03-14,BA002404,9820000994
A001634,S01634,Post-Matric Technical,10463,Verified,2026-03-23,BA002405,9820000995
A001635,S01635,SC/ST Welfare Scheme,12713,Verified,2026-03-10,BA002406,9820000996
A001636,S01636,Girl Child Assistance,13206,Verified,2026-03-11,BA002407,9820000997
A001637,S01637,Girl Child Assistance,8685,Verified,2026-03-17,BA002408,9820000998
A001638,S01638,Girl Child Assistance,14061,Verified,2026-03-10,BA002409,9820000999
A001639,S01639,Merit Scholarship,17510,Verified,2026-03-19,BA002410,9820001000
A001640,S01640,Merit Scholarship,13930,Verified,2026-03-20,BA002411,9820001001
A001641,S01641,Merit Scholarship,18637,Verified,2026-03-17,BA002412,9820001002
A001642,S01642,Girl Child Assistance,10807,Verified,2026-03-27,BA002413,9820001003
A001643,S01643,Post-Matric Technical,10663,Verified,2026-03-17,BA002414,9820001004
A001644,S01644,Post-Matric Technical,11755,Verified,2026-03-17,BA002415,9820001005
A001645,S01645,Girl Child Assistance,7492,Verified,2026-03-25,BA002416,9820001006
A001646,S01646,Post-Matric Technical,9745,Verified,2026-03-15,BA002417,9820001007
A001647,S01647,Merit Scholarship,28541,Verified,2026-03-20,BA002418,9820001008
A001648,S01648,Post-Matric Technical,12450,Verified,2026-03-24,BA002419,9820001009
A001649,S01649,Merit Scholarship,28022,Verified,2026-03-22,BA002420,9820001010
A001650,S01650,Merit Scholarship,16044,Verified,2026-03-21,BA002421,9820001011
A001651,S01651,Post-Matric Technical,12161,Verified,2026-03-24,BA002422,9820001012
A001652,S01652,SC/ST Welfare Scheme,20050,Verified,2026-03-19,BA002423,9820001013
A001653,S01653,SC/ST Welfare Scheme,20460,Verified,2026-03-22,BA002424,9820001014
A001654,S01654,Girl Child Assistance,13052,Verified,2026-03-28,BA002425,9820001015
A001655,S01655,Merit Scholarship,20989,Verified,2026-03-16,BA002426,9820001016
A001656,S01656,Girl Child Assistance,7016,Verified,2026-03-23,BA002427,9820001017
A001657,S01657,Post-Matric Technical,21435,Verified,2026-03-11,BA002428,9820001018
A001658,S01658,Post-Matric Technical,12188,Verified,2026-03-20,BA002429,9820001019
A001659,S01659,Merit Scholarship,17389,Verified,2026-03-20,BA002430,9820001020
A001660,S01660,Merit Scholarship,22954,Verified,2026-03-18,BA002431,9820001021
A001661,S01661,SC/ST Welfare Scheme,17184,Verified,2026-03-13,BA002432,9820001022
A001662,S01662,Merit Scholarship,16179,Verified,2026-03-11,BA002433,9820001023
A001663,S01663,Post-Matric Technical,10570,Verified,2026-03-23,BA002434,9820001024
A001664,S01664,Girl Child Assistance,10507,Verified,2026-03-13,BA002435,9820001025
A001665,S01665,Merit Scholarship,14213,Verified,2026-03-28,BA002436,9820001026
A001666,S01666,Girl Child Assistance,12086,Verified,2026-03-24,BA002437,9820001027
A001667,S01667,Merit Scholarship,16771,Verified,2026-03-14,BA002438,9820001028
A001668,S01668,SC/ST Welfare Scheme,21113,Verified,2026-03-14,BA002439,9820001029
A001669,S01669,Girl Child Assistance,7560,Verified,2026-03-20,BA002440,9820001030
A001670,S01670,Post-Matric Technical,19094,Verified,2026-03-19,BA002441,9820001031
A001671,S01671,Post-Matric Technical,20357,Verified,2026-03-17,BA002442,9820001032
A001672,S01672,Post-Matric Technical,15558,Verified,2026-03-15,BA002443,9820001033
A001673,S01673,SC/ST Welfare Scheme,24953,Verified,2026-03-21,BA002444,9820001034
A001674,S01674,Minority Welfare,10855,Verified,2026-03-20,BA002445,9820001035
A001675,S01675,Minority Welfare,9818,Verified,2026-03-20,BA002446,9820001036
A001676,S01676,SC/ST Welfare Scheme,23091,Verified,2026-03-23,BA002447,9820001037
A001677,S01677,Minority Welfare,18422,Verified,2026-03-17,BA002448,9820001038
A001678,S01678,Minority Welfare,8872,Verified,2026-03-18,BA002449,9820001039
A001679,S01679,Post-Matric Technical,21309,Verified,2026-03-26,BA002450,9820001040
A001680,S01680,Minority Welfare,19725,Verified,2026-03-25,BA002451,9820001041
A001681,S01681,Girl Child Assistance,9506,Verified,2026-03-23,BA002452,9820001042
A001682,S01682,SC/ST Welfare Scheme,17282,Verified,2026-03-26,BA002453,9820001043
A001683,S01683,Post-Matric Technical,17151,Verified,2026-03-20,BA002454,9820001044
A001684,S01684,Post-Matric Technical,10350,Verified,2026-03-19,BA002455,9820001045
A001685,S01685,Merit Scholarship,29892,Verified,2026-03-16,BA002456,9820001046
A001686,S01686,SC/ST Welfare Scheme,12258,Verified,2026-03-27,BA002457,9820001047
A001687,S01687,SC/ST Welfare Scheme,22470,Verified,2026-03-14,BA002458,9820001048
A001688,S01688,Minority Welfare,17054,Verified,2026-03-24,BA002459,9820001049
A001689,S01689,SC/ST Welfare Scheme,23974,Verified,2026-03-27,BA002460,9820001050
A001690,S01690,Minority Welfare,13810,Verified,2026-03-20,BA002461,9820001051
A001691,S01691,Post-Matric Technical,21867,Verified,2026-03-11,BA002462,9820001052
A001692,S01692,Girl Child Assistance,7521,Verified,2026-03-27,BA002463,9820001053
A001693,S01693,SC/ST Welfare Scheme,19058,Verified,2026-03-15,BA002464,9820001054
A001694,S01694,Post-Matric Technical,13650,Verified,2026-03-16,BA002465,9820001055
A001695,S01695,Merit Scholarship,17145,Verified,2026-03-13,BA002466,9820001056
A001696,S01696,Merit Scholarship,26162,Verified,2026-03-25,BA002467,9820001057
A001697,S01697,Girl Child Assistance,10651,Verified,2026-03-12,BA002468,9820001058
A001698,S01698,Girl Child Assistance,7320,Verified,2026-03-12,BA002469,9820001059
A001699,S01699,Post-Matric Technical,11869,Verified,2026-03-23,BA002470,9820001060
A001700,S01700,Post-Matric Technical,18316,Verified,2026-03-13,BA002471,9820001061
A001701,S01701,Minority Welfare,19903,Verified,2026-03-16,BA002472,9820001062
A001702,S01702,Girl Child Assistance,13279,Verified,2026-03-20,BA002473,9820001063
A001703,S01703,Minority Welfare,14542,Verified,2026-03-16,BA002474,9820001064
A001704,S01704,Merit Scholarship,27212,Verified,2026-03-25,BA002475,9820001065
A001705,S01705,Minority Welfare,8295,Verified,2026-03-13,BA002476,9820001066
A001706,S01706,Post-Matric Technical,13476,Verified,2026-03-14,BA002477,9820001067
A001707,S01707,Merit Scholarship,15368,Verified,2026-03-22,BA002478,9820001068
A001708,S01708,Merit Scholarship,19816,Verified,2026-03-16,BA002479,9820001069
A001709,S01709,SC/ST Welfare Scheme,21862,Verified,2026-03-15,BA002480,9820001070
A001710,S01710,SC/ST Welfare Scheme,16472,Verified,2026-03-23,BA002481,9820001071
A001711,S01711,SC/ST Welfare Scheme,17516,Verified,2026-03-17,BA002482,9820001072
A001712,S01712,Girl Child Assistance,9470,Verified,2026-03-25,BA002483,9820001073
A001713,S01713,Girl Child Assistance,12553,Verified,2026-03-14,BA002484,9820001074
A001714,S01714,SC/ST Welfare Scheme,19970,Verified,2026-03-28,BA002485,9820001075
A001715,S01715,Minority Welfare,10032,Verified,2026-03-19,BA002486,9820001076
A001716,S01716,Minority Welfare,16171,Verified,2026-03-19,BA002487,9820001077
A001717,S01717,Merit Scholarship,13297,Verified,2026-03-26,BA002488,9820001078
A001718,S01718,Merit Scholarship,29672,Verified,2026-03-11,BA002489,9820001079
A001719,S01719,Minority Welfare,9058,Verified,2026-03-25,BA002490,9820001080
A001720,S01720,Minority Welfare,16992,Verified,2026-03-16,BA002491,9820001081
A001721,S01721,Post-Matric Technical,13966,Verified,2026-03-19,BA002492,9820001082
A001722,S01722,SC/ST Welfare Scheme,16188,Verified,2026-03-15,BA002493,9820001083
A001723,S01723,Girl Child Assistance,13996,Verified,2026-03-12,BA002494,9820001084
A001724,S01724,Girl Child Assistance,9505,Verified,2026-03-24,BA002495,9820001085
A001725,S01725,Post-Matric Technical,9210,Verified,2026-03-26,BA002496,9820001086
A001726,S01726,Post-Matric Technical,19502,Verified,2026-03-28,BA002497,9820001087
A001727,S01727,Merit Scholarship,28698,Verified,2026-03-25,BA002498,9820001088
A001728,S01728,Post-Matric Technical,14921,Verified,2026-03-10,BA002499,9820001089
A001729,S01729,Minority Welfare,9512,Verified,2026-03-22,BA002500,9820001090
A001730,S01730,Merit Scholarship,25987,Verified,2026-03-18,BA002501,9820001091
A001731,S01731,Post-Matric Technical,21725,Verified,2026-03-21,BA002502,9820001092
A001732,S01732,Post-Matric Technical,17056,Verified,2026-03-10,BA002503,9820001093
A001733,S01733,Post-Matric Technical,12053,Verified,2026-03-14,BA002504,9820001094
A001734,S01734,Merit Scholarship,17987,Verified,2026-03-16,BA002505,9820001095
A001735,S01735,Post-Matric Technical,15188,Verified,2026-03-13,BA002506,9820001096
A001736,S01736,Girl Child Assistance,7825,Verified,2026-03-10,BA002507,9820001097
A001737,S01737,Girl Child Assistance,14881,Verified,2026-03-18,BA002508,9820001098
A001738,S01738,Girl Child Assistance,9582,Verified,2026-03-17,BA002509,9820001099
A001739,S01739,Girl Child Assistance,12720,Verified,2026-03-22,BA002510,9820001100
A001740,S01740,SC/ST Welfare Scheme,21242,Verified,2026-03-25,BA002511,9820001101
A001741,S01741,Merit Scholarship,13499,Verified,2026-03-20,BA002512,9820001102
A001742,S01742,Post-Matric Technical,19786,Verified,2026-03-13,BA002513,9820001103
A001743,S01743,Minority Welfare,9426,Verified,2026-03-19,BA002514,9820001104
A001744,S01744,Minority Welfare,11946,Verified,2026-03-17,BA002515,9820001105
A001745,S01745,Merit Scholarship,21186,Verified,2026-03-17,BA002516,9820001106
A001746,S01746,Merit Scholarship,28120,Verified,2026-03-12,BA002517,9820001107
A001747,S01747,Girl Child Assistance,13029,Verified,2026-03-22,BA002518,9820001108
A001748,S01748,SC/ST Welfare Scheme,15574,Verified,2026-03-28,BA002519,9820001109
A001749,S01749,Girl Child Assistance,11387,Verified,2026-03-16,BA002520,9820001110
A001750,S01750,SC/ST Welfare Scheme,19679,Verified,2026-03-17,BA002521,9820001111
A001751,S01751,Post-Matric Technical,11415,Verified,2026-03-19,BA002522,9820001112
A001752,S01752,Merit Scholarship,16045,Verified,2026-03-18,BA002523,9820001113
A001753,S01753,Post-Matric Technical,21003,Verified,2026-03-17,BA002524,9820001114
A001754,S01754,Minority Welfare,18801,Verified,2026-03-15,BA002525,9820001115
A001755,S01755,Post-Matric Technical,20907,Verified,2026-03-19,BA002526,9820001116
A001756,S01756,Girl Child Assistance,13482,Verified,2026-03-28,BA002527,9820001117
A001757,S01757,SC/ST Welfare Scheme,24700,Verified,2026-03-14,BA002528,9820001118
A001758,S01758,Minority Welfare,17431,Verified,2026-03-13,BA002529,9820001119
A001759,S01759,Minority Welfare,18651,Verified,2026-03-20,BA002530,9820001120
A001760,S01760,Post-Matric Technical,17005,Verified,2026-03-19,BA002531,9820001121
A001761,S01761,Merit Scholarship,26585,Verified,2026-03-21,BA002532,9820001122
A001762,S01762,Merit Scholarship,27712,Verified,2026-03-18,BA002533,9820001123
A001763,S01763,Post-Matric Technical,14328,Verified,2026-03-12,BA002534,9820001124
A001764,S01764,Merit Scholarship,29661,Verified,2026-03-13,BA002535,9820001125
A001765,S01765,Merit Scholarship,22298,Verified,2026-03-13,BA002536,9820001126
A001766,S01766,Minority Welfare,16292,Verified,2026-03-19,BA002537,9820001127
A001767,S01767,Post-Matric Technical,13807,Verified,2026-03-27,BA002538,9820001128
A001768,S01768,SC/ST Welfare Scheme,13438,Verified,2026-03-13,BA002539,9820001129
A001769,S01769,Minority Welfare,10105,Verified,2026-03-23,BA002540,9820001130
A001770,S01770,Post-Matric Technical,13164,Verified,2026-03-23,BA002541,9820001131
A001771,S01771,SC/ST Welfare Scheme,23443,Verified,2026-03-26,BA002542,9820001132
A001772,S01772,SC/ST Welfare Scheme,14055,Verified,2026-03-12,BA002543,9820001133
A001773,S01773,Girl Child Assistance,14117,Verified,2026-03-17,BA002544,9820001134
A001774,S01774,Post-Matric Technical,14022,Verified,2026-03-28,BA002545,9820001135
A001775,S01775,Girl Child Assistance,14753,Verified,2026-03-22,BA002546,9820001136
A001776,S01776,Girl Child Assistance,9122,Verified,2026-03-10,BA002547,9820001137
A001777,S01777,Minority Welfare,19591,Verified,2026-03-17,BA002548,9820001138
A001778,S01778,Post-Matric Technical,16008,Verified,2026-03-26,BA002549,9820001139
A001779,S01779,Merit Scholarship,19865,Verified,2026-03-12,BA002550,9820001140
A001780,S01780,SC/ST Welfare Scheme,18334,Verified,2026-03-14,BA002551,9820001141
A001781,S01781,Girl Child Assistance,10481,Verified,2026-03-27,BA002552,9820001142
A001782,S01782,Girl Child Assistance,12525,Verified,2026-03-26,BA002553,9820001143
A001783,S01783,Minority Welfare,9855,Verified,2026-03-20,BA002554,9820001144
A001784,S01784,Merit Scholarship,18981,Verified,2026-03-10,BA002555,9820001145
A001785,S01785,Girl Child Assistance,12042,Verified,2026-03-24,BA002556,9820001146
A001786,S01786,Merit Scholarship,15320,Verified,2026-03-23,BA002557,9820001147
A001787,S01787,Girl Child Assistance,8852,Verified,2026-03-25,BA002558,9820001148
A001788,S01788,Post-Matric Technical,16198,Verified,2026-03-15,BA002559,9820001149
A001789,S01789,Merit Scholarship,16380,Verified,2026-03-22,BA002560,9820001150
A001790,S01790,Merit Scholarship,15892,Verified,2026-03-23,BA002561,9820001151
A001791,S01791,Minority Welfare,8346,Verified,2026-03-14,BA002562,9820001152
A001792,S01792,Minority Welfare,8131,Verified,2026-03-23,BA002563,9820001153
A001793,S01793,Merit Scholarship,15768,Verified,2026-03-18,BA002564,9820001154
A001794,S01794,Minority Welfare,18012,Verified,2026-03-15,BA002565,9820001155
A001795,S01795,Minority Welfare,8289,Verified,2026-03-16,BA002566,9820001156
A001796,S01796,Post-Matric Technical,12633,Verified,2026-03-20,BA002567,9820001157
A001797,S01797,Post-Matric Technical,15849,Verified,2026-03-17,BA002568,9820001158
A001798,S01798,Merit Scholarship,18946,Verified,2026-03-19,BA002569,9820001159
A001799,S01799,Merit Scholarship,15174,Verified,2026-03-10,BA002570,9820001160
A001800,S01800,SC/ST Welfare Scheme,13441,Verified,2026-03-28,BA002571,9820001161
A001801,S01801,Minority Welfare,9616,Verified,2026-03-12,BA002572,9820001162
A001802,S01802,Post-Matric Technical,9717,Verified,2026-03-14,BA002573,9820001163
A001803,S01803,SC/ST Welfare Scheme,21752,Verified,2026-03-13,BA002574,9820001164
A001804,S01804,Girl Child Assistance,12707,Verified,2026-03-14,BA002575,9820001165
A001805,S01805,Merit Scholarship,28825,Verified,2026-03-12,BA002576,9820001166
A001806,S01806,Post-Matric Technical,12390,Verified,2026-03-15,BA002577,9820001167
A001807,S01807,Girl Child Assistance,11301,Verified,2026-03-18,BA002578,9820001168
A001808,S01808,SC/ST Welfare Scheme,18741,Verified,2026-03-17,BA002579,9820001169
A001809,S01809,SC/ST Welfare Scheme,13440,Verified,2026-03-27,BA002580,9820001170
A001810,S01810,SC/ST Welfare Scheme,21830,Verified,2026-03-14,BA002581,9820001171
A001811,S01811,SC/ST Welfare Scheme,12895,Verified,2026-03-18,BA002582,9820001172
A001812,S01812,Girl Child Assistance,12130,Verified,2026-03-27,BA002583,9820001173
A001813,S01813,SC/ST Welfare Scheme,21957,Verified,2026-03-23,BA002584,9820001174
A001814,S01814,Merit Scholarship,17770,Verified,2026-03-16,BA002585,9820001175
A001815,S01815,SC/ST Welfare Scheme,11137,Verified,2026-03-14,BA002586,9820001176
A001816,S01816,Post-Matric Technical,10633,Verified,2026-03-22,BA002587,9820001177
A001817,S01817,Merit Scholarship,12307,Verified,2026-03-13,BA002588,9820001178
A001818,S01818,Merit Scholarship,17345,Verified,2026-03-19,BA002589,9820001179
A001819,S01819,Merit Scholarship,29846,Verified,2026-03-19,BA002590,9820001180
A001820,S01820,Post-Matric Technical,15998,Verified,2026-03-22,BA002591,9820001181
A001821,S01821,Minority Welfare,11678,Verified,2026-03-13,BA002592,9820001182
A001822,S01822,SC/ST Welfare Scheme,12475,Verified,2026-03-15,BA002593,9820001183
A001823,S01823,Minority Welfare,9702,Verified,2026-03-18,BA002594,9820001184
A001824,S01824,SC/ST Welfare Scheme,20745,Verified,2026-03-14,BA002595,9820001185
A001825,S01825,Post-Matric Technical,11089,Verified,2026-03-15,BA002596,9820001186
A001826,S01826,Post-Matric Technical,11264,Verified,2026-03-17,BA002597,9820001187
A001827,S01827,Girl Child Assistance,12856,Verified,2026-03-23,BA002598,9820001188
A001828,S01828,Minority Welfare,11330,Verified,2026-03-10,BA002599,9820001189
A001829,S01829,Merit Scholarship,25797,Verified,2026-03-17,BA002600,9820001190
A001830,S01830,Minority Welfare,19405,Verified,2026-03-23,BA002601,9820001191
A001831,S01831,Girl Child Assistance,7647,Verified,2026-03-17,BA002602,9820001192
A001832,S01832,Minority Welfare,16641,Verified,2026-03-19,BA002603,9820001193
A001833,S01833,Post-Matric Technical,9526,Verified,2026-03-15,BA002604,9820001194
A001834,S01834,Post-Matric Technical,13227,Verified,2026-03-28,BA002605,9820001195
A001835,S01835,Post-Matric Technical,15560,Verified,2026-03-11,BA002606,9820001196
A001836,S01836,Girl Child Assistance,9565,Verified,2026-03-22,BA002607,9820001197
A001837,S01837,SC/ST Welfare Scheme,22759,Verified,2026-03-20,BA002608,9820001198
A001838,S01838,Girl Child Assistance,13197,Verified,2026-03-19,BA002609,9820001199
A001839,S01839,Merit Scholarship,13574,Verified,2026-03-20,BA002610,9820001200
A001840,S01840,SC/ST Welfare Scheme,15152,Verified,2026-03-22,BA002611,9820001201
A001841,S01841,Merit Scholarship,24521,Verified,2026-03-25,BA002612,9820001202
A001842,S01842,Post-Matric Technical,20165,Verified,2026-03-14,BA002613,9820001203
A001843,S01843,Girl Child Assistance,9382,Verified,2026-03-21,BA002614,9820001204
A001844,S01844,Post-Matric Technical,11496,Verified,2026-03-28,BA002615,9820001205
A001845,S01845,Minority Welfare,13139,Verified,2026-03-15,BA002616,9820001206
A001846,S01846,Girl Child Assistance,12821,Verified,2026-03-24,BA002617,9820001207
A001847,S01847,Post-Matric Technical,13696,Verified,2026-03-22,BA002618,9820001208
A001848,S01848,Minority Welfare,14122,Verified,2026-03-12,BA002619,9820001209
A001849,S01849,Merit Scholarship,17064,Verified,2026-03-13,BA002620,9820001210
A001850,S01850,Post-Matric Technical,16573,Verified,2026-03-12,BA002621,9820001211
A001851,S01851,Girl Child Assistance,13293,Verified,2026-03-23,BA002622,9820001212
A001852,S01852,SC/ST Welfare Scheme,17802,Verified,2026-03-13,BA002623,9820001213
A001853,S01853,Minority Welfare,14230,Verified,2026-03-11,BA002624,9820001214
A001854,S01854,Minority Welfare,12421,Verified,2026-03-18,BA002625,9820001215
A001855,S01855,SC/ST Welfare Scheme,20971,Verified,2026-03-18,BA002626,9820001216
A001856,S01856,Post-Matric Technical,15866,Verified,2026-03-25,BA002627,9820001217
A001857,S01857,Minority Welfare,17783,Verified,2026-03-16,BA002628,9820001218
A001858,S01858,Girl Child Assistance,13760,Verified,2026-03-20,BA002629,9820001219
A001859,S01859,Minority Welfare,8060,Verified,2026-03-24,BA002630,9820001220
A001860,S01860,Girl Child Assistance,10442,Verified,2026-03-27,BA002631,9820001221
A001861,S01861,SC/ST Welfare Scheme,14947,Verified,2026-03-19,BA002632,9820001222
A001862,S01862,Post-Matric Technical,14770,Verified,2026-03-27,BA002633,9820001223
A001863,S01863,SC/ST Welfare Scheme,12664,Verified,2026-03-27,BA002634,9820001224
A001864,S01864,Post-Matric Technical,10625,Verified,2026-03-12,BA002635,9820001225
A001865,S01865,Girl Child Assistance,11761,Verified,2026-03-11,BA002636,9820001226
A001866,S01866,Minority Welfare,11204,Verified,2026-03-25,BA002637,9820001227
A001867,S01867,Post-Matric Technical,12668,Verified,2026-03-26,BA002638,9820001228
A001868,S01868,SC/ST Welfare Scheme,24748,Verified,2026-03-23,BA002639,9820001229
A001869,S01869,Girl Child Assistance,11552,Verified,2026-03-22,BA002640,9820001230
A001870,S01870,Merit Scholarship,17692,Verified,2026-03-22,BA002641,9820001231
A001871,S01871,Minority Welfare,14422,Verified,2026-03-18,BA002642,9820001232
A001872,S01872,Merit Scholarship,17015,Verified,2026-03-10,BA002643,9820001233
A001873,S01873,Girl Child Assistance,9933,Verified,2026-03-15,BA002644,9820001234
A001874,S01874,SC/ST Welfare Scheme,14267,Verified,2026-03-11,BA002645,9820001235
A001875,S01875,Merit Scholarship,15508,Verified,2026-03-14,BA002646,9820001236
A001876,S01876,Merit Scholarship,15298,Verified,2026-03-25,BA002647,9820001237
A001877,S01877,Merit Scholarship,12332,Verified,2026-03-15,BA002648,9820001238
A001878,S01878,SC/ST Welfare Scheme,14169,Verified,2026-03-13,BA002649,9820001239
A001879,S01879,Merit Scholarship,22732,Verified,2026-03-14,BA002650,9820001240
A001880,S01880,Minority Welfare,13710,Verified,2026-03-27,BA002651,9820001241
A001881,S01881,Post-Matric Technical,20753,Verified,2026-03-18,BA002652,9820001242
A001882,S01882,Girl Child Assistance,10550,Verified,2026-03-24,BA002653,9820001243
A001883,S01883,SC/ST Welfare Scheme,24711,Verified,2026-03-12,BA002654,9820001244
A001884,S01884,Girl Child Assistance,14186,Verified,2026-03-26,BA002655,9820001245
A001885,S01885,Minority Welfare,18763,Verified,2026-03-21,BA002656,9820001246
A001886,S01886,Merit Scholarship,22776,Verified,2026-03-16,BA002657,9820001247
A001887,S01887,Minority Welfare,17190,Verified,2026-03-18,BA002658,9820001248
A001888,S01888,Post-Matric Technical,12229,Verified,2026-03-11,BA002659,9820001249
A001889,S01889,Post-Matric Technical,18443,Verified,2026-03-10,BA002660,9820001250
A001890,S01890,Merit Scholarship,29480,Verified,2026-03-26,BA002661,9820001251
A001891,S01891,Merit Scholarship,23331,Verified,2026-03-22,BA002662,9820001252
A001892,S01892,Post-Matric Technical,16447,Verified,2026-03-25,BA002663,9820001253
A001893,S01893,Merit Scholarship,26276,Verified,2026-03-17,BA002664,9820001254
A001894,S01894,SC/ST Welfare Scheme,24472,Verified,2026-03-11,BA002665,9820001255
A001895,S01895,Merit Scholarship,16514,Verified,2026-03-28,BA002666,9820001256
A001896,S01896,Minority Welfare,10004,Verified,2026-03-26,BA002667,9820001257
A001897,S01897,Post-Matric Technical,21553,Verified,2026-03-19,BA002668,9820001258
A001898,S01898,Minority Welfare,16103,Verified,2026-03-11,BA002669,9820001259
A001899,S01899,Post-Matric Technical,19736,Verified,2026-03-14,BA002670,9820001260
A001900,S01900,Minority Welfare,11326,Verified,2026-03-22,BA002671,9820001261
A001901,S01901,Minority Welfare,9805,Verified,2026-03-17,BA002672,9820001262
A001902,S01902,SC/ST Welfare Scheme,15766,Verified,2026-03-18,BA002673,9820001263
A001903,S01903,SC/ST Welfare Scheme,17230,Verified,2026-03-18,BA002674,9820001264
A001904,S01904,Post-Matric Technical,15597,Verified,2026-03-15,BA002675,9820001265
A001905,S01905,Girl Child Assistance,7435,Verified,2026-03-11,BA002676,9820001266
A001906,S01906,Merit Scholarship,25256,Verified,2026-03-22,BA002677,9820001267
A001907,S01907,SC/ST Welfare Scheme,19769,Verified,2026-03-19,BA002678,9820001268
A001908,S01908,Girl Child Assistance,9581,Verified,2026-03-12,BA002679,9820001269
A001909,S01909,Post-Matric Technical,13322,Verified,2026-03-12,BA002680,9820001270
A001910,S01910,Merit Scholarship,28000,Verified,2026-03-17,BA002681,9820001271
A001911,S01911,Merit Scholarship,16803,Verified,2026-03-13,BA002682,9820001272
A001912,S01912,SC/ST Welfare Scheme,14216,Verified,2026-03-25,BA002683,9820001273
A001913,S01913,SC/ST Welfare Scheme,18508,Verified,2026-03-10,BA002684,9820001274
A001914,S01914,Minority Welfare,12003,Verified,2026-03-28,BA002685,9820001275
A001915,S01915,Merit Scholarship,29855,Verified,2026-03-24,BA002686,9820001276
A001916,S01916,SC/ST Welfare Scheme,15067,Verified,2026-03-16,BA002687,9820001277
A001917,S01917,SC/ST Welfare Scheme,11805,Verified,2026-03-10,BA002688,9820001278
A001918,S01918,Post-Matric Technical,18144,Verified,2026-03-15,BA002689,9820001279
A001919,S01919,SC/ST Welfare Scheme,10083,Verified,2026-03-23,BA002690,9820001280
A001920,S01920,Merit Scholarship,28449,Verified,2026-03-27,BA002691,9820001281
A001921,S01921,SC/ST Welfare Scheme,17752,Verified,2026-03-21,BA002692,9820001282
A001922,S01922,Post-Matric Technical,18781,Verified,2026-03-19,BA002693,9820001283
A001923,S01923,SC/ST Welfare Scheme,19081,Verified,2026-03-16,BA002694,9820001284
A001924,S01924,Girl Child Assistance,13409,Verified,2026-03-23,BA002695,9820001285
A001925,S01925,SC/ST Welfare Scheme,16889,Verified,2026-03-23,BA002696,9820001286
A001926,S01926,Post-Matric Technical,12975,Verified,2026-03-28,BA002697,9820001287
A001927,S01927,Girl Child Assistance,7048,Verified,2026-03-24,BA002698,9820001288
A001928,S01928,Merit Scholarship,15191,Verified,2026-03-19,BA002699,9820001289
A001929,S01929,Merit Scholarship,16723,Verified,2026-03-27,BA002700,9820001290
A001930,S01930,Minority Welfare,15945,Verified,2026-03-16,BA002701,9820001291
A001931,S01931,Girl Child Assistance,13821,Verified,2026-03-26,BA002702,9820001292
A001932,S01932,Merit Scholarship,19698,Verified,2026-03-27,BA002703,9820001293
A001933,S01933,Post-Matric Technical,11321,Verified,2026-03-17,BA002704,9820001294
A001934,S01934,Girl Child Assistance,12468,Verified,2026-03-13,BA002705,9820001295
A001935,S01935,Post-Matric Technical,13643,Verified,2026-03-24,BA002706,9820001296
A001936,S01936,Girl Child Assistance,12078,Verified,2026-03-24,BA002707,9820001297
A001937,S01937,Minority Welfare,16244,Verified,2026-03-16,BA002708,9820001298
A001938,S01938,Post-Matric Technical,14764,Verified,2026-03-28,BA002709,9820001299
A001939,S01939,Minority Welfare,14168,Verified,2026-03-25,BA002710,9820001300
A001940,S01940,Girl Child Assistance,11823,Verified,2026-03-28,BA002711,9820001301
A001941,S01941,Post-Matric Technical,10740,Verified,2026-03-25,BA002712,9820001302
A001942,S01942,Minority Welfare,14882,Verified,2026-03-12,BA002713,9820001303
A001943,S01943,Merit Scholarship,12965,Verified,2026-03-15,BA002714,9820001304
A001944,S01944,Post-Matric Technical,16168,Verified,2026-03-19,BA002715,9820001305
A001945,S01945,Post-Matric Technical,19955,Verified,2026-03-13,BA002716,9820001306
A001946,S01946,Merit Scholarship,14358,Verified,2026-03-20,BA002717,9820001307
A001947,S01947,Girl Child Assistance,12066,Verified,2026-03-27,BA002718,9820001308
A001948,S01948,Post-Matric Technical,11083,Verified,2026-03-26,BA002719,9820001309
A001949,S01949,Minority Welfare,19522,Verified,2026-03-21,BA002720,9820001310
A001950,S01950,SC/ST Welfare Scheme,15115,Verified,2026-03-22,BA002721,9820001311
A001951,S01951,Merit Scholarship,20548,Verified,2026-03-16,BA002722,9820001312
A001952,S01952,Minority Welfare,16086,Verified,2026-03-12,BA002723,9820001313
A001953,S01953,Post-Matric Technical,9683,Verified,2026-03-13,BA002724,9820001314
A001954,S01954,SC/ST Welfare Scheme,10906,Verified,2026-03-10,BA002725,9820001315
A001955,S01955,Post-Matric Technical,15180,Verified,2026-03-14,BA002726,9820001316
A001956,S01956,Minority Welfare,13763,Verified,2026-03-16,BA002727,9820001317
A001957,S01957,Minority Welfare,8750,Verified,2026-03-10,BA002728,9820001318
A001958,S01958,Merit Scholarship,22293,Verified,2026-03-21,BA002729,9820001319
A001959,S01959,Girl Child Assistance,8686,Verified,2026-03-25,BA002730,9820001320
A001960,S01960,Minority Welfare,18709,Verified,2026-03-17,BA002731,9820001321
A001961,S01961,Girl Child Assistance,14471,Verified,2026-03-14,BA002732,9820001322
A001962,S01962,Girl Child Assistance,13454,Verified,2026-03-14,BA002733,9820001323
A001963,S01963,Post-Matric Technical,13554,Verified,2026-03-28,BA002734,9820001324
A001964,S01964,Merit Scholarship,24536,Verified,2026-03-22,BA002735,9820001325
A001965,S01965,Post-Matric Technical,14698,Verified,2026-03-10,BA002736,9820001326
A001966,S01966,SC/ST Welfare Scheme,23586,Verified,2026-03-23,BA002737,9820001327
A001967,S01967,Merit Scholarship,29003,Verified,2026-03-18,BA002738,9820001328
A001968,S01968,Minority Welfare,9401,Verified,2026-03-17,BA002739,9820001329
A001969,S01969,Post-Matric Technical,11036,Verified,2026-03-19,BA002740,9820001330
A001970,S01970,Minority Welfare,15642,Verified,2026-03-11,BA002741,9820001331
A001971,S01971,Girl Child Assistance,14809,Verified,2026-03-12,BA002742,9820001332
A001972,S01972,SC/ST Welfare Scheme,12858,Verified,2026-03-14,BA002743,9820001333
A001973,S01973,Merit Scholarship,19469,Verified,2026-03-11,BA002744,9820001334
A001974,S01974,SC/ST Welfare Scheme,11788,Verified,2026-03-12,BA002745,9820001335
A001975,S01975,Merit Scholarship,21276,Verified,2026-03-14,BA002746,9820001336
A001976,S01976,SC/ST Welfare Scheme,14817,Verified,2026-03-10,BA002747,9820001337
A001977,S01977,Minority Welfare,16326,Verified,2026-03-28,BA002748,9820001338
A001978,S01978,Girl Child Assistance,14824,Verified,2026-03-12,BA002749,9820001339
A001979,S01979,Girl Child Assistance,11296,Verified,2026-03-26,BA002750,9820001340
A001980,S01980,Girl Child Assistance,13288,Verified,2026-03-21,BA002751,9820001341
A001981,S01981,Merit Scholarship,28568,Verified,2026-03-12,BA002752,9820001342
A001982,S01982,Minority Welfare,10052,Verified,2026-03-27,BA002753,9820001343
A001983,S01983,Girl Child Assistance,7667,Verified,2026-03-23,BA002754,9820001344
A001984,S01984,Girl Child Assistance,8366,Verified,2026-03-13,BA002755,9820001345
A001985,S01985,Post-Matric Technical,10196,Verified,2026-03-14,BA002756,9820001346
A001986,S01986,Post-Matric Technical,18124,Verified,2026-03-17,BA002757,9820001347
A001987,S01987,SC/ST Welfare Scheme,17354,Verified,2026-03-23,BA002758,9820001348
A001988,S01988,SC/ST Welfare Scheme,13005,Verified,2026-03-28,BA002759,9820001349
A001989,S01989,Merit Scholarship,17790,Verified,2026-03-26,BA002760,9820001350
A001990,S01990,Minority Welfare,16481,Verified,2026-03-26,BA002761,9820001351
A001991,S01991,SC/ST Welfare Scheme,13451,Verified,2026-03-23,BA002762,9820001352
A001992,S01992,Girl Child Assistance,7971,Verified,2026-03-19,BA002763,9820001353
A001993,S01993,Minority Welfare,10310,Verified,2026-03-13,BA002764,9820001354
A001994,S01994,Minority Welfare,11197,Verified,2026-03-10,BA002765,9820001355
A001995,S01995,SC/ST Welfare Scheme,12067,Verified,2026-03-24,BA002766,9820001356
A001996,S01996,Merit Scholarship,16483,Verified,2026-03-18,BA002767,9820001357
A001997,S01997,Merit Scholarship,21047,Verified,2026-03-24,BA002768,9820001358
A001998,S01998,SC/ST Welfare Scheme,18540,Verified,2026-03-20,BA002769,9820001359
A001999,S01999,Merit Scholarship,19215,Verified,2026-03-16,BA002770,9820001360
A002000,S02000,Minority Welfare,18400,Verified,2026-03-12,BA002771,9820001361
A002001,S02001,Minority Welfare,14851,Verified,2026-03-18,BA002772,9820001362
A002002,S02002,SC/ST Welfare Scheme,20944,Verified,2026-03-25,BA002773,9820001363
A002003,S02003,Girl Child Assistance,14941,Verified,2026-03-24,BA002774,9820001364
A002004,S02004,Merit Scholarship,23389,Verified,2026-03-22,BA002775,9820001365
A002005,S02005,Post-Matric Technical,21825,Verified,2026-03-23,BA002776,9820001366
A002006,S02006,SC/ST Welfare Scheme,17240,Verified,2026-03-23,BA002777,9820001367
A002007,S02007,SC/ST Welfare Scheme,13625,Verified,2026-03-28,BA002778,9820001368
A002008,S02008,Merit Scholarship,12652,Verified,2026-03-10,BA002779,9820001369
A002009,S02009,SC/ST Welfare Scheme,13448,Verified,2026-03-21,BA002780,9820001370
A002010,S02010,Girl Child Assistance,9715,Verified,2026-03-23,BA002781,9820001371
A002011,S02011,Merit Scholarship,27889,Verified,2026-03-11,BA002782,9820001372
A002012,S02012,Minority Welfare,10025,Verified,2026-03-22,BA002783,9820001373
A002013,S02013,SC/ST Welfare Scheme,23602,Verified,2026-03-27,BA002784,9820001374
A002014,S02014,Post-Matric Technical,21181,Verified,2026-03-10,BA002785,9820001375
A002015,S02015,Merit Scholarship,19282,Verified,2026-03-23,BA002786,9820001376
A002016,S02016,Girl Child Assistance,12960,Verified,2026-03-22,BA002787,9820001377
A002017,S02017,Merit Scholarship,27623,Verified,2026-03-28,BA002788,9820001378
A002018,S02018,Minority Welfare,11402,Verified,2026-03-25,BA002789,9820001379
A002019,S02019,Girl Child Assistance,10373,Verified,2026-03-19,BA002790,9820001380
A002020,S02020,SC/ST Welfare Scheme,13427,Verified,2026-03-27,BA002791,9820001381
A002021,S02021,Minority Welfare,9269,Verified,2026-03-22,BA002792,9820001382
A002022,S02022,Girl Child Assistance,14124,Verified,2026-03-13,BA002793,9820001383
A002023,S02023,Minority Welfare,9926,Verified,2026-03-23,BA002794,9820001384
A002024,S02024,SC/ST Welfare Scheme,20653,Verified,2026-03-15,BA002795,9820001385
A002025,S02025,Minority Welfare,13409,Verified,2026-03-14,BA002796,9820001386
A002026,S02026,Post-Matric Technical,16708,Verified,2026-03-12,BA002797,9820001387
A002027,S02027,Minority Welfare,17739,Verified,2026-03-15,BA002798,9820001388
A002028,S02028,Minority Welfare,14982,Verified,2026-03-28,BA002799,9820001389
A002029,S02029,Post-Matric Technical,10687,Verified,2026-03-16,BA002800,9820001390
A002030,S02030,Merit Scholarship,21084,Verified,2026-03-25,BA002801,9820001391
A002031,S02031,Minority Welfare,8004,Verified,2026-03-20,BA002802,9820001392
A002032,S02032,Minority Welfare,13359,Verified,2026-03-19,BA002803,9820001393
A002033,S02033,Girl Child Assistance,11276,Verified,2026-03-20,BA002804,9820001394
A002034,S02034,Minority Welfare,15163,Verified,2026-03-27,BA002805,9820001395
A002035,S02035,SC/ST Welfare Scheme,15991,Verified,2026-03-24,BA002806,9820001396
A002036,S02036,Girl Child Assistance,14644,Verified,2026-03-10,BA002807,9820001397
A002037,S02037,Minority Welfare,17941,Verified,2026-03-18,BA002808,9820001398
A002038,S02038,Post-Matric Technical,13492,Verified,2026-03-11,BA002809,9820001399
A002039,S02039,Post-Matric Technical,19609,Verified,2026-03-27,BA002810,9820001400
A002040,S02040,Girl Child Assistance,14134,Verified,2026-03-14,BA002811,9820001401
A002041,S02041,Merit Scholarship,18362,Verified,2026-03-10,BA002812,9820001402
A002042,S02042,SC/ST Welfare Scheme,18459,Verified,2026-03-10,BA002813,9820001403
A002043,S02043,Merit Scholarship,17655,Verified,2026-03-24,BA002814,9820001404
A002044,S02044,Girl Child Assistance,13863,Verified,2026-03-10,BA002815,9820001405
A002045,S02045,Merit Scholarship,15809,Verified,2026-03-12,BA002816,9820001406
A002046,S02046,SC/ST Welfare Scheme,20452,Verified,2026-03-21,BA002817,9820001407
A002047,S02047,Minority Welfare,19565,Verified,2026-03-19,BA002818,9820001408
A002048,S02048,SC/ST Welfare Scheme,12901,Verified,2026-03-19,BA002819,9820001409
A002049,S02049,Merit Scholarship,17586,Verified,2026-03-11,BA002820,9820001410
A002050,S02050,Minority Welfare,19174,Verified,2026-03-19,BA002821,9820001411
A002051,S02051,Girl Child Assistance,9136,Verified,2026-03-11,BA002822,9820001412
A002052,S02052,Minority Welfare,14099,Verified,2026-03-28,BA002823,9820001413
A002053,S02053,Merit Scholarship,22967,Verified,2026-03-20,BA002824,9820001414
A002054,S02054,SC/ST Welfare Scheme,10356,Verified,2026-03-24,BA002825,9820001415
A002055,S02055,Post-Matric Technical,14535,Verified,2026-03-25,BA002826,9820001416
A002056,S02056,Minority Welfare,12413,Verified,2026-03-28,BA002827,9820001417
A002057,S02057,Girl Child Assistance,12434,Verified,2026-03-20,BA002828,9820001418
A002058,S02058,Minority Welfare,15546,Verified,2026-03-10,BA002829,9820001419
A002059,S02059,SC/ST Welfare Scheme,14009,Verified,2026-03-14,BA002830,9820001420
A002060,S02060,Post-Matric Technical,19951,Verified,2026-03-22,BA002831,9820001421
A002061,S02061,Merit Scholarship,25913,Verified,2026-03-22,BA002832,9820001422
A002062,S02062,Girl Child Assistance,8926,Verified,2026-03-21,BA002833,9820001423
A002063,S02063,Merit Scholarship,13449,Verified,2026-03-16,BA002834,9820001424
A002064,S02064,Post-Matric Technical,14096,Verified,2026-03-22,BA002835,9820001425
A002065,S02065,Minority Welfare,19240,Verified,2026-03-13,BA002836,9820001426
A002066,S02066,Minority Welfare,19244,Verified,2026-03-24,BA002837,9820001427
A002067,S02067,Post-Matric Technical,18889,Verified,2026-03-24,BA002838,9820001428
A002068,S02068,SC/ST Welfare Scheme,18711,Verified,2026-03-22,BA002839,9820001429
A002069,S02069,Girl Child Assistance,9307,Verified,2026-03-11,BA002840,9820001430
A002070,S02070,SC/ST Welfare Scheme,21059,Verified,2026-03-19,BA002841,9820001431
A002071,S02071,SC/ST Welfare Scheme,11829,Verified,2026-03-21,BA002842,9820001432
A002072,S02072,Minority Welfare,19907,Verified,2026-03-14,BA002843,9820001433
A002073,S02073,SC/ST Welfare Scheme,16107,Verified,2026-03-11,BA002844,9820001434
A002074,S02074,Merit Scholarship,21895,Verified,2026-03-23,BA002845,9820001435
A002075,S02075,Merit Scholarship,28844,Verified,2026-03-27,BA002846,9820001436
A002076,S02076,SC/ST Welfare Scheme,22236,Verified,2026-03-15,BA002847,9820001437
A002077,S02077,Girl Child Assistance,7153,Verified,2026-03-23,BA002848,9820001438
A002078,S02078,Girl Child Assistance,7148,Verified,2026-03-20,BA002849,9820001439
A002079,S02079,Girl Child Assistance,14617,Verified,2026-03-27,BA002850,9820001440
A002080,S02080,SC/ST Welfare Scheme,22166,Verified,2026-03-25,BA002851,9820001441
A002081,S02081,Post-Matric Technical,14657,Verified,2026-03-12,BA002852,9820001442
A002082,S02082,SC/ST Welfare Scheme,17657,Verified,2026-03-10,BA002853,9820001443
A002083,S02083,Girl Child Assistance,11020,Verified,2026-03-17,BA002854,9820001444
A002084,S02084,Post-Matric Technical,12462,Verified,2026-03-13,BA002855,9820001445
A002085,S02085,Post-Matric Technical,21623,Verified,2026-03-21,BA002856,9820001446
A002086,S02086,SC/ST Welfare Scheme,22399,Verified,2026-03-24,BA002857,9820001447
A002087,S02087,Minority Welfare,15602,Verified,2026-03-15,BA002858,9820001448
A002088,S02088,Post-Matric Technical,19139,Verified,2026-03-17,BA002859,9820001449
A002089,S02089,Merit Scholarship,27463,Verified,2026-03-12,BA002860,9820001450
A002090,S02090,Post-Matric Technical,20846,Verified,2026-03-17,BA002861,9820001451
A002091,S02091,Minority Welfare,12014,Verified,2026-03-24,BA002862,9820001452
A002092,S02092,Girl Child Assistance,14537,Verified,2026-03-15,BA002863,9820001453
A002093,S02093,Merit Scholarship,25667,Verified,2026-03-18,BA002864,9820001454
A002094,S02094,Girl Child Assistance,12947,Verified,2026-03-11,BA002865,9820001455
A002095,S02095,Merit Scholarship,16783,Verified,2026-03-18,BA002866,9820001456
A002096,S02096,Post-Matric Technical,16906,Verified,2026-03-16,BA002867,9820001457
A002097,S02097,Merit Scholarship,26571,Verified,2026-03-20,BA002868,9820001458
A002098,S02098,SC/ST Welfare Scheme,14725,Verified,2026-03-10,BA002869,9820001459
A002099,S02099,SC/ST Welfare Scheme,17787,Verified,2026-03-24,BA002870,9820001460
A002100,S02100,Minority Welfare,11734,Verified,2026-03-10,BA002871,9820001461
A002101,S02101,Girl Child Assistance,14965,Verified,2026-03-21,BA002872,9820001462
A002102,S02102,SC/ST Welfare Scheme,12770,Verified,2026-03-26,BA002873,9820001463
A002103,S02103,Post-Matric Technical,11459,Verified,2026-03-18,BA002874,9820001464
A002104,S02104,Post-Matric Technical,21146,Verified,2026-03-16,BA002875,9820001465
A002105,S02105,Merit Scholarship,29135,Verified,2026-03-17,BA002876,9820001466
A002106,S02106,Minority Welfare,15472,Verified,2026-03-15,BA002877,9820001467
A002107,S02107,Girl Child Assistance,7498,Verified,2026-03-16,BA002878,9820001468
A002108,S02108,Girl Child Assistance,7418,Verified,2026-03-20,BA002879,9820001469
A002109,S02109,Post-Matric Technical,18327,Verified,2026-03-10,BA002880,9820001470
A002110,S02110,Post-Matric Technical,21378,Verified,2026-03-24,BA002881,9820001471
A002111,S02111,Girl Child Assistance,9454,Verified,2026-03-18,BA002882,9820001472
A002112,S02112,Girl Child Assistance,13198,Verified,2026-03-15,BA002883,9820001473
A002113,S02113,Post-Matric Technical,16261,Verified,2026-03-20,BA002884,9820001474
A002114,S02114,Merit Scholarship,22006,Verified,2026-03-20,BA002885,9820001475
A002115,S02115,SC/ST Welfare Scheme,22556,Verified,2026-03-22,BA002886,9820001476
A002116,S02116,Minority Welfare,14830,Verified,2026-03-18,BA002887,9820001477
A002117,S02117,SC/ST Welfare Scheme,15046,Verified,2026-03-23,BA002888,9820001478
A002118,S02118,Post-Matric Technical,11292,Verified,2026-03-24,BA002889,9820001479
A002119,S02119,SC/ST Welfare Scheme,19174,Verified,2026-03-16,BA002890,9820001480
A002120,S02120,SC/ST Welfare Scheme,21843,Verified,2026-03-25,BA002891,9820001481
A002121,S02121,Post-Matric Technical,15144,Verified,2026-03-11,BA002892,9820001482
A002122,S02122,SC/ST Welfare Scheme,17730,Verified,2026-03-14,BA002893,9820001483
A002123,S02123,Post-Matric Technical,10441,Verified,2026-03-24,BA002894,9820001484
A002124,S02124,SC/ST Welfare Scheme,22650,Verified,2026-03-12,BA002895,9820001485
A002125,S02125,Post-Matric Technical,14456,Verified,2026-03-16,BA002896,9820001486
A002126,S02126,Merit Scholarship,24986,Verified,2026-03-25,BA002897,9820001487
A002127,S02127,Girl Child Assistance,11708,Verified,2026-03-20,BA002898,9820001488
A002128,S02128,Merit Scholarship,28826,Verified,2026-03-12,BA002899,9820001489
A002129,S02129,Merit Scholarship,22827,Verified,2026-03-12,BA002900,9820001490
A002130,S02130,Post-Matric Technical,13813,Verified,2026-03-10,BA002901,9820001491
A002131,S02131,Minority Welfare,18901,Verified,2026-03-16,BA002902,9820001492
A002132,S02132,Girl Child Assistance,8487,Verified,2026-03-13,BA002903,9820001493
A002133,S02133,Merit Scholarship,18842,Verified,2026-03-16,BA002904,9820001494
A002134,S02134,Minority Welfare,10017,Verified,2026-03-22,BA002905,9820001495
A002135,S02135,Minority Welfare,10042,Verified,2026-03-12,BA002906,9820001496
A002136,S02136,Girl Child Assistance,13067,Verified,2026-03-21,BA002907,9820001497
A002137,S02137,Merit Scholarship,24452,Verified,2026-03-23,BA002908,9820001498
A002138,S02138,SC/ST Welfare Scheme,20682,Verified,2026-03-19,BA002909,9820001499
A002139,S02139,Post-Matric Technical,13079,Verified,2026-03-15,BA002910,9820001500
A002140,S02140,Minority Welfare,11437,Verified,2026-03-19,BA002911,9820001501
A002141,S02141,Minority Welfare,13981,Verified,2026-03-13,BA002912,9820001502
A002142,S02142,SC/ST Welfare Scheme,22833,Verified,2026-03-10,BA002913,9820001503
A002143,S02143,Minority Welfare,13712,Verified,2026-03-17,BA002914,9820001504
A002144,S02144,Merit Scholarship,16404,Verified,2026-03-10,BA002915,9820001505
A002145,S02145,SC/ST Welfare Scheme,23616,Verified,2026-03-28,BA002916,9820001506
A002146,S02146,Minority Welfare,9553,Verified,2026-03-22,BA002917,9820001507
A002147,S02147,Minority Welfare,18950,Verified,2026-03-28,BA002918,9820001508
A002148,S02148,SC/ST Welfare Scheme,20833,Verified,2026-03-14,BA002919,9820001509
A002149,S02149,Post-Matric Technical,12896,Verified,2026-03-15,BA002920,9820001510
A002150,S02150,Post-Matric Technical,18456,Verified,2026-03-22,BA002921,9820001511
A002151,S02151,Girl Child Assistance,9762,Verified,2026-03-15,BA002922,9820001512
A002152,S02152,Post-Matric Technical,14609,Verified,2026-03-26,BA002923,9820001513
A002153,S02153,Post-Matric Technical,10820,Verified,2026-03-13,BA002924,9820001514
A002154,S02154,SC/ST Welfare Scheme,18269,Verified,2026-03-15,BA002925,9820001515
A002155,S02155,Girl Child Assistance,9899,Verified,2026-03-26,BA002926,9820001516
A002156,S02156,Girl Child Assistance,14759,Verified,2026-03-26,BA002927,9820001517
A002157,S02157,Minority Welfare,11312,Verified,2026-03-18,BA002928,9820001518
A002158,S02158,SC/ST Welfare Scheme,12230,Verified,2026-03-19,BA002929,9820001519
A002159,S02159,Girl Child Assistance,8177,Verified,2026-03-25,BA002930,9820001520
A002160,S02160,Minority Welfare,17689,Verified,2026-03-16,BA002931,9820001521
A002161,S02161,Minority Welfare,19015,Verified,2026-03-14,BA002932,9820001522
A002162,S02162,SC/ST Welfare Scheme,18529,Verified,2026-03-19,BA002933,9820001523
A002163,S02163,Girl Child Assistance,10722,Verified,2026-03-14,BA002934,9820001524
A002164,S02164,SC/ST Welfare Scheme,20271,Verified,2026-03-24,BA002935,9820001525
A002165,S02165,Post-Matric Technical,14940,Verified,2026-03-17,BA002936,9820001526
A002166,S02166,Post-Matric Technical,13519,Verified,2026-03-18,BA002937,9820001527
A002167,S02167,SC/ST Welfare Scheme,13627,Verified,2026-03-28,BA002938,9820001528
A002168,S02168,Post-Matric Technical,19937,Verified,2026-03-22,BA002939,9820001529
A002169,S02169,Merit Scholarship,25822,Verified,2026-03-22,BA002940,9820001530
A002170,S02170,Post-Matric Technical,15532,Verified,2026-03-23,BA002941,9820001531
A002171,S02171,Merit Scholarship,20307,Verified,2026-03-21,BA002942,9820001532
A002172,S02172,SC/ST Welfare Scheme,20400,Verified,2026-03-18,BA002943,9820001533
A002173,S02173,Girl Child Assistance,7728,Verified,2026-03-20,BA002944,9820001534
A002174,S02174,Minority Welfare,18476,Verified,2026-03-22,BA002945,9820001535
A002175,S02175,Minority Welfare,15172,Verified,2026-03-21,BA002946,9820001536
A002176,S02176,Merit Scholarship,21706,Verified,2026-03-27,BA002947,9820001537
A002177,S02177,Merit Scholarship,23146,Verified,2026-03-27,BA002948,9820001538
A002178,S02178,Post-Matric Technical,14305,Verified,2026-03-17,BA002949,9820001539
A002179,S02179,Girl Child Assistance,9009,Verified,2026-03-17,BA002950,9820001540
A002180,S02180,Minority Welfare,18030,Verified,2026-03-25,BA002951,9820001541
A002181,S02181,Girl Child Assistance,13117,Verified,2026-03-18,BA002952,9820001542
A002182,S02182,Post-Matric Technical,14850,Verified,2026-03-12,BA002953,9820001543
A002183,S02183,Minority Welfare,17897,Verified,2026-03-17,BA002954,9820001544
A002184,S02184,Girl Child Assistance,13853,Verified,2026-03-11,BA002955,9820001545
A002185,S02185,Girl Child Assistance,12327,Verified,2026-03-11,BA002956,9820001546
A002186,S02186,Minority Welfare,17334,Verified,2026-03-18,BA002957,9820001547
A002187,S02187,Post-Matric Technical,17821,Verified,2026-03-19,BA002958,9820001548
A002188,S02188,Girl Child Assistance,9576,Verified,2026-03-10,BA002959,9820001549
A002189,S02189,Girl Child Assistance,8320,Verified,2026-03-16,BA002960,9820001550
A002190,S02190,Minority Welfare,19938,Verified,2026-03-13,BA002961,9820001551
A002191,S02191,Girl Child Assistance,8134,Verified,2026-03-20,BA002962,9820001552
A002192,S02192,Minority Welfare,11023,Verified,2026-03-18,BA002963,9820001553
A002193,S02193,Merit Scholarship,13938,Verified,2026-03-21,BA002964,9820001554
A002194,S02194,Merit Scholarship,24282,Verified,2026-03-12,BA002965,9820001555
A002195,S02195,Post-Matric Technical,15130,Verified,2026-03-28,BA002966,9820001556
A002196,S02196,Minority Welfare,8635,Verified,2026-03-27,BA002967,9820001557
A002197,S02197,SC/ST Welfare Scheme,19887,Verified,2026-03-14,BA002968,9820001558
A002198,S02198,Girl Child Assistance,11542,Verified,2026-03-12,BA002969,9820001559
A002199,S02199,Minority Welfare,15871,Verified,2026-03-28,BA002970,9820001560
A002200,S02200,SC/ST Welfare Scheme,14629,Verified,2026-03-20,BA002971,9820001561
A002201,S02201,SC/ST Welfare Scheme,18048,Verified,2026-03-13,BA002972,9820001562
A002202,S02202,Post-Matric Technical,9903,Verified,2026-03-26,BA002973,9820001563
A002203,S02203,SC/ST Welfare Scheme,10785,Verified,2026-03-27,BA002974,9820001564
A002204,S02204,Post-Matric Technical,20209,Verified,2026-03-23,BA002975,9820001565
A002205,S02205,Girl Child Assistance,12836,Verified,2026-03-20,BA002976,9820001566
A002206,S02206,Minority Welfare,19294,Verified,2026-03-13,BA002977,9820001567
A002207,S02207,SC/ST Welfare Scheme,12554,Verified,2026-03-14,BA002978,9820001568
A002208,S02208,Post-Matric Technical,13466,Verified,2026-03-23,BA002979,9820001569
A002209,S02209,Post-Matric Technical,19265,Verified,2026-03-22,BA002980,9820001570
A002210,S02210,Minority Welfare,9888,Verified,2026-03-15,BA002981,9820001571
A002211,S02211,SC/ST Welfare Scheme,14664,Verified,2026-03-28,BA002982,9820001572
A002212,S02212,Post-Matric Technical,17158,Verified,2026-03-16,BA002983,9820001573
A002213,S02213,Post-Matric Technical,20364,Verified,2026-03-12,BA002984,9820001574
A002214,S02214,Post-Matric Technical,9672,Verified,2026-03-26,BA002985,9820001575
A002215,S02215,SC/ST Welfare Scheme,17569,Verified,2026-03-16,BA002986,9820001576
A002216,S02216,SC/ST Welfare Scheme,13184,Verified,2026-03-20,BA002987,9820001577
A002217,S02217,Minority Welfare,9824,Verified,2026-03-12,BA002988,9820001578
A002218,S02218,Girl Child Assistance,7314,Verified,2026-03-14,BA002989,9820001579
A002219,S02219,Post-Matric Technical,18234,Verified,2026-03-27,BA002990,9820001580
A002220,S02220,Girl Child Assistance,10168,Verified,2026-03-24,BA002991,9820001581
A002221,S02221,SC/ST Welfare Scheme,24408,Verified,2026-03-21,BA002992,9820001582
A002222,S02222,Minority Welfare,8343,Verified,2026-03-23,BA002993,9820001583
A002223,S02223,Post-Matric Technical,12409,Verified,2026-03-22,BA002994,9820001584
A002224,S02224,Post-Matric Technical,14341,Verified,2026-03-22,BA002995,9820001585
A002225,S02225,Minority Welfare,14688,Verified,2026-03-21,BA002996,9820001586
A002226,S02226,Post-Matric Technical,9833,Verified,2026-03-16,BA002997,9820001587
A002227,S02227,Minority Welfare,11382,Verified,2026-03-22,BA002998,9820001588
A002228,S02228,Girl Child Assistance,13404,Verified,2026-03-16,BA002999,9820001589
A002229,S02229,Minority Welfare,18290,Verified,2026-03-11,BA003000,9820001590
A002230,S02230,Merit Scholarship,23688,Verified,2026-03-16,BA003001,9820001591
A002231,S02231,Merit Scholarship,17741,Verified,2026-03-19,BA003002,9820001592
A002232,S02232,Minority Welfare,18130,Verified,2026-03-23,BA003003,9820001593
A002233,S02233,Post-Matric Technical,16289,Verified,2026-03-13,BA003004,9820001594
A002234,S02234,Post-Matric Technical,20274,Verified,2026-03-21,BA003005,9820001595
A002235,S02235,Post-Matric Technical,10128,Verified,2026-03-15,BA003006,9820001596
A002236,S02236,Post-Matric Technical,14254,Verified,2026-03-19,BA003007,9820001597
A002237,S02237,Post-Matric Technical,17411,Verified,2026-03-18,BA003008,9820001598
A002238,S02238,Post-Matric Technical,20477,Verified,2026-03-19,BA003009,9820001599
A002239,S02239,SC/ST Welfare Scheme,19032,Verified,2026-03-11,BA003010,9820001600
A002240,S02240,Girl Child Assistance,14409,Verified,2026-03-25,BA003011,9820001601
A002241,S02241,SC/ST Welfare Scheme,12168,Verified,2026-03-21,BA003012,9820001602
A002242,S02242,SC/ST Welfare Scheme,23196,Verified,2026-03-20,BA003013,9820001603
A002243,S02243,Minority Welfare,17370,Verified,2026-03-17,BA003014,9820001604
A002244,S02244,Merit Scholarship,27098,Verified,2026-03-20,BA003015,9820001605
A002245,S02245,Minority Welfare,8062,Verified,2026-03-23,BA003016,9820001606
A002246,S02246,Merit Scholarship,27599,Verified,2026-03-16,BA003017,9820001607
A002247,S02247,Post-Matric Technical,10303,Verified,2026-03-15,BA003018,9820001608
A002248,S02248,Girl Child Assistance,13239,Verified,2026-03-12,BA003019,9820001609
A002249,S02249,Minority Welfare,18495,Verified,2026-03-19,BA003020,9820001610
A002250,S02250,SC/ST Welfare Scheme,24590,Verified,2026-03-18,BA003021,9820001611
A002251,S02251,Merit Scholarship,26612,Verified,2026-03-10,BA003022,9820001612
A002252,S02252,SC/ST Welfare Scheme,23758,Verified,2026-03-20,BA003023,9820001613
A002253,S02253,Post-Matric Technical,12737,Verified,2026-03-28,BA003024,9820001614
A002254,S02254,Post-Matric Technical,16608,Verified,2026-03-24,BA003025,9820001615
A002255,S02255,Post-Matric Technical,15544,Verified,2026-03-21,BA003026,9820001616
A002256,S02256,Minority Welfare,14410,Verified,2026-03-25,BA003027,9820001617
A002257,S02257,Merit Scholarship,28355,Verified,2026-03-23,BA003028,9820001618
A002258,S02258,Post-Matric Technical,14296,Verified,2026-03-25,BA003029,9820001619
A002259,S02259,Post-Matric Technical,19329,Verified,2026-03-19,BA003030,9820001620
A002260,S02260,Minority Welfare,19280,Verified,2026-03-14,BA003031,9820001621
A002261,S02261,Merit Scholarship,22241,Verified,2026-03-25,BA003032,9820001622
A002262,S02262,SC/ST Welfare Scheme,20365,Verified,2026-03-28,BA003033,9820001623
A002263,S02263,Minority Welfare,9566,Verified,2026-03-22,BA003034,9820001624
A002264,S02264,Girl Child Assistance,7548,Verified,2026-03-24,BA003035,9820001625
A002265,S02265,SC/ST Welfare Scheme,20372,Verified,2026-03-10,BA003036,9820001626
A002266,S02266,Post-Matric Technical,14147,Verified,2026-03-27,BA003037,9820001627
A002267,S02267,Minority Welfare,11193,Verified,2026-03-26,BA003038,9820001628
A002268,S02268,Post-Matric Technical,11360,Verified,2026-03-19,BA003039,9820001629
A002269,S02269,Merit Scholarship,17143,Verified,2026-03-24,BA003040,9820001630
A002270,S02270,Post-Matric Technical,13665,Verified,2026-03-15,BA003041,9820001631
A002271,S02271,Merit Scholarship,24288,Verified,2026-03-27,BA003042,9820001632
A002272,S02272,SC/ST Welfare Scheme,22460,Verified,2026-03-11,BA003043,9820001633
A002273,S02273,Girl Child Assistance,8146,Verified,2026-03-14,BA003044,9820001634
A002274,S02274,Minority Welfare,14760,Verified,2026-03-20,BA003045,9820001635
A002275,S02275,Merit Scholarship,18791,Verified,2026-03-24,BA003046,9820001636
A002276,S02276,SC/ST Welfare Scheme,19137,Verified,2026-03-10,BA003047,9820001637
A002277,S02277,Minority Welfare,13234,Verified,2026-03-20,BA003048,9820001638
A002278,S02278,Post-Matric Technical,20710,Verified,2026-03-23,BA003049,9820001639
A002279,S02279,Merit Scholarship,24062,Verified,2026-03-26,BA003050,9820001640
A002280,S02280,Girl Child Assistance,11185,Verified,2026-03-22,BA003051,9820001641
A002281,S02281,Girl Child Assistance,10699,Verified,2026-03-10,BA003052,9820001642
A002282,S02282,Girl Child Assistance,7341,Verified,2026-03-22,BA003053,9820001643
A002283,S02283,Minority Welfare,17719,Verified,2026-03-19,BA003054,9820001644
A002284,S02284,Minority Welfare,13077,Verified,2026-03-10,BA003055,9820001645
A002285,S02285,SC/ST Welfare Scheme,22351,Verified,2026-03-15,BA003056,9820001646
A002286,S02286,SC/ST Welfare Scheme,24490,Verified,2026-03-10,BA003057,9820001647
A002287,S02287,Merit Scholarship,17226,Verified,2026-03-13,BA003058,9820001648
A002288,S02288,Minority Welfare,18709,Verified,2026-03-10,BA003059,9820001649
A002289,S02289,Merit Scholarship,12995,Verified,2026-03-25,BA003060,9820001650
A002290,S02290,Post-Matric Technical,18227,Verified,2026-03-25,BA003061,9820001651
A002291,S02291,Minority Welfare,15630,Verified,2026-03-23,BA003062,9820001652
A002292,S02292,Merit Scholarship,27701,Verified,2026-03-16,BA003063,9820001653
A002293,S02293,Minority Welfare,19517,Verified,2026-03-25,BA003064,9820001654
A002294,S02294,Merit Scholarship,26950,Verified,2026-03-25,BA003065,9820001655
A002295,S02295,SC/ST Welfare Scheme,16582,Verified,2026-03-21,BA003066,9820001656
A002296,S02296,SC/ST Welfare Scheme,15903,Verified,2026-03-23,BA003067,9820001657
A002297,S02297,Minority Welfare,8700,Verified,2026-03-20,BA003068,9820001658
A002298,S02298,Minority Welfare,10612,Verified,2026-03-28,BA003069,9820001659
A002299,S02299,Minority Welfare,8687,Verified,2026-03-26,BA003070,9820001660
A002300,S02300,Girl Child Assistance,12814,Verified,2026-03-20,BA003071,9820001661
A002301,S02301,SC/ST Welfare Scheme,22285,Verified,2026-03-23,BA003072,9820001662
A002302,S02302,Post-Matric Technical,17265,Verified,2026-03-13,BA003073,9820001663
A002303,S02303,SC/ST Welfare Scheme,23344,Verified,2026-03-16,BA003074,9820001664
A002304,S02304,Minority Welfare,9948,Verified,2026-03-23,BA003075,9820001665
A002305,S02305,Girl Child Assistance,14533,Verified,2026-03-25,BA003076,9820001666
A002306,S02306,Post-Matric Technical,16759,Verified,2026-03-22,BA003077,9820001667
A002307,S02307,Girl Child Assistance,14886,Verified,2026-03-25,BA003078,9820001668
A002308,S02308,Merit Scholarship,15080,Verified,2026-03-24,BA003079,9820001669
A002309,S02309,Girl Child Assistance,7777,Verified,2026-03-10,BA003080,9820001670
A002310,S02310,Merit Scholarship,27177,Verified,2026-03-18,BA003081,9820001671
A002311,S02311,Merit Scholarship,17332,Verified,2026-03-11,BA003082,9820001672
A002312,S02312,Merit Scholarship,27933,Verified,2026-03-17,BA003083,9820001673
A002313,S02313,Minority Welfare,16083,Verified,2026-03-17,BA003084,9820001674
A002314,S02314,Merit Scholarship,12775,Verified,2026-03-24,BA003085,9820001675
A002315,S02315,Post-Matric Technical,15858,Verified,2026-03-25,BA003086,9820001676
A002316,S02316,Post-Matric Technical,14859,Verified,2026-03-25,BA003087,9820001677
A002317,S02317,Minority Welfare,18811,Verified,2026-03-27,BA003088,9820001678
A002318,S02318,Merit Scholarship,13302,Verified,2026-03-17,BA003089,9820001679
A002319,S02319,Post-Matric Technical,13356,Verified,2026-03-28,BA003090,9820001680
A002320,S02320,SC/ST Welfare Scheme,17778,Verified,2026-03-25,BA003091,9820001681
A002321,S02321,Post-Matric Technical,17353,Verified,2026-03-14,BA003092,9820001682
A002322,S02322,Girl Child Assistance,12125,Verified,2026-03-21,BA003093,9820001683
A002323,S02323,Merit Scholarship,24244,Verified,2026-03-22,BA003094,9820001684
A002324,S02324,Minority Welfare,16348,Verified,2026-03-23,BA003095,9820001685
A002325,S02325,SC/ST Welfare Scheme,11390,Verified,2026-03-14,BA003096,9820001686
A002326,S02326,SC/ST Welfare Scheme,15359,Verified,2026-03-19,BA003097,9820001687
A002327,S02327,Girl Child Assistance,12664,Verified,2026-03-25,BA003098,9820001688
A002328,S02328,Merit Scholarship,28826,Verified,2026-03-17,BA003099,9820001689
A002329,S02329,Minority Welfare,14742,Verified,2026-03-18,BA003100,9820001690
A002330,S02330,Minority Welfare,19257,Verified,2026-03-21,BA003101,9820001691
A002331,S02331,Post-Matric Technical,18799,Verified,2026-03-20,BA003102,9820001692
A002332,S02332,Post-Matric Technical,13435,Verified,2026-03-28,BA003103,9820001693
A002333,S02333,SC/ST Welfare Scheme,23303,Verified,2026-03-18,BA003104,9820001694
A002334,S02334,Girl Child Assistance,8631,Verified,2026-03-18,BA003105,9820001695
A002335,S02335,Post-Matric Technical,11013,Verified,2026-03-21,BA003106,9820001696
A002336,S02336,SC/ST Welfare Scheme,21251,Verified,2026-03-23,BA003107,9820001697
A002337,S02337,Girl Child Assistance,8888,Verified,2026-03-17,BA003108,9820001698
A002338,S02338,Minority Welfare,11602,Verified,2026-03-15,BA003109,9820001699
A002339,S02339,Merit Scholarship,20067,Verified,2026-03-23,BA003110,9820001700
A002340,S02340,Minority Welfare,11912,Verified,2026-03-19,BA003111,9820001701
A002341,S02341,Post-Matric Technical,16250,Verified,2026-03-14,BA003112,9820001702
A002342,S02342,Post-Matric Technical,16154,Verified,2026-03-26,BA003113,9820001703
A002343,S02343,Girl Child Assistance,7633,Verified,2026-03-22,BA003114,9820001704
A002344,S02344,Minority Welfare,19713,Verified,2026-03-19,BA003115,9820001705
A002345,S02345,Post-Matric Technical,16409,Verified,2026-03-10,BA003116,9820001706
A002346,S02346,Post-Matric Technical,15949,Verified,2026-03-12,BA003117,9820001707
A002347,S02347,SC/ST Welfare Scheme,19592,Verified,2026-03-26,BA003118,9820001708
A002348,S02348,Merit Scholarship,17202,Verified,2026-03-12,BA003119,9820001709
A002349,S02349,SC/ST Welfare Scheme,15105,Verified,2026-03-15,BA003120,9820001710
A002350,S02350,Merit Scholarship,17765,Verified,2026-03-19,BA003121,9820001711
A002351,S02351,Minority Welfare,10928,Verified,2026-03-27,BA003122,9820001712
A002352,S02352,SC/ST Welfare Scheme,14024,Verified,2026-03-10,BA003123,9820001713
A002353,S02353,SC/ST Welfare Scheme,10792,Verified,2026-03-25,BA003124,9820001714
A002354,S02354,Girl Child Assistance,9013,Verified,2026-03-24,BA003125,9820001715
A002355,S02355,Minority Welfare,12705,Verified,2026-03-24,BA003126,9820001716
A002356,S02356,Post-Matric Technical,17514,Verified,2026-03-21,BA003127,9820001717
A002357,S02357,Post-Matric Technical,15021,Verified,2026-03-19,BA003128,9820001718
A002358,S02358,Post-Matric Technical,16982,Verified,2026-03-16,BA003129,9820001719
A002359,S02359,Minority Welfare,12005,Verified,2026-03-14,BA003130,9820001720
A002360,S02360,Post-Matric Technical,16621,Verified,2026-03-21,BA003131,9820001721
A002361,S02361,Merit Scholarship,23486,Verified,2026-03-24,BA003132,9820001722
A002362,S02362,Post-Matric Technical,16816,Verified,2026-03-11,BA003133,9820001723
A002363,S02363,Minority Welfare,17201,Verified,2026-03-18,BA003134,9820001724
A002364,S02364,SC/ST Welfare Scheme,20042,Verified,2026-03-24,BA003135,9820001725
A002365,S02365,SC/ST Welfare Scheme,18420,Verified,2026-03-11,BA003136,9820001726
A002366,S02366,Girl Child Assistance,12851,Verified,2026-03-24,BA003137,9820001727
A002367,S02367,Minority Welfare,8198,Verified,2026-03-14,BA003138,9820001728
A002368,S02368,Post-Matric Technical,13180,Verified,2026-03-16,BA003139,9820001729
A002369,S02369,Merit Scholarship,28170,Verified,2026-03-13,BA003140,9820001730
A002370,S02370,SC/ST Welfare Scheme,19151,Verified,2026-03-27,BA003141,9820001731
A002371,S02371,Girl Child Assistance,13675,Verified,2026-03-10,BA003142,9820001732
A002372,S02372,Girl Child Assistance,14799,Verified,2026-03-28,BA003143,9820001733
A002373,S02373,Merit Scholarship,15230,Verified,2026-03-27,BA003144,9820001734
A002374,S02374,Post-Matric Technical,11661,Verified,2026-03-25,BA003145,9820001735
A002375,S02375,Merit Scholarship,24136,Verified,2026-03-13,BA003146,9820001736
A002376,S02376,Post-Matric Technical,12852,Verified,2026-03-19,BA003147,9820001737
A002377,S02377,SC/ST Welfare Scheme,23044,Verified,2026-03-10,BA003148,9820001738
A002378,S02378,Merit Scholarship,17818,Verified,2026-03-11,BA003149,9820001739
A002379,S02379,SC/ST Welfare Scheme,10662,Verified,2026-03-15,BA003150,9820001740
A002380,S02380,Girl Child Assistance,14557,Verified,2026-03-16,BA003151,9820001741
A002381,S02381,Post-Matric Technical,10064,Verified,2026-03-24,BA003152,9820001742
A002382,S02382,Girl Child Assistance,9324,Verified,2026-03-11,BA003153,9820001743
A002383,S02383,Minority Welfare,14571,Verified,2026-03-23,BA003154,9820001744
A002384,S02384,SC/ST Welfare Scheme,12436,Verified,2026-03-14,BA003155,9820001745
A002385,S02385,Merit Scholarship,22902,Verified,2026-03-20,BA003156,9820001746
A002386,S02386,Post-Matric Technical,19750,Verified,2026-03-11,BA003157,9820001747
A002387,S02387,SC/ST Welfare Scheme,18152,Verified,2026-03-24,BA003158,9820001748
A002388,S02388,SC/ST Welfare Scheme,16919,Verified,2026-03-20,BA003159,9820001749
A002389,S02389,Post-Matric Technical,17401,Verified,2026-03-25,BA003160,9820001750
A002390,S02390,Minority Welfare,19655,Verified,2026-03-20,BA003161,9820001751
A002391,S02391,Post-Matric Technical,19791,Verified,2026-03-26,BA003162,9820001752
A002392,S02392,Girl Child Assistance,7322,Verified,2026-03-24,BA003163,9820001753
A002393,S02393,Post-Matric Technical,18973,Verified,2026-03-28,BA003164,9820001754
A002394,S02394,Girl Child Assistance,13980,Verified,2026-03-11,BA003165,9820001755
A002395,S02395,SC/ST Welfare Scheme,16504,Verified,2026-03-10,BA003166,9820001756
A002396,S02396,SC/ST Welfare Scheme,22005,Verified,2026-03-19,BA003167,9820001757
A002397,S02397,Minority Welfare,19890,Verified,2026-03-20,BA003168,9820001758
A002398,S02398,Merit Scholarship,20047,Verified,2026-03-25,BA003169,9820001759
A002399,S02399,SC/ST Welfare Scheme,21946,Verified,2026-03-15,BA003170,9820001760
A002400,S02400,SC/ST Welfare Scheme,11989,Verified,2026-03-10,BA003171,9820001761
A002401,S02401,SC/ST Welfare Scheme,23683,Verified,2026-03-27,BA003172,9820001762
A002402,S02402,Girl Child Assistance,8445,Verified,2026-03-22,BA003173,9820001763
A002403,S02403,Merit Scholarship,23209,Verified,2026-03-15,BA003174,9820001764
A002404,S02404,Minority Welfare,14377,Verified,2026-03-23,BA003175,9820001765
A002405,S02405,Post-Matric Technical,10096,Verified,2026-03-17,BA003176,9820001766
A002406,S02406,Post-Matric Technical,16420,Verified,2026-03-16,BA003177,9820001767
A002407,S02407,SC/ST Welfare Scheme,12196,Verified,2026-03-13,BA003178,9820001768
A002408,S02408,Girl Child Assistance,12946,Verified,2026-03-20,BA003179,9820001769
A002409,S02409,SC/ST Welfare Scheme,14918,Verified,2026-03-14,BA003180,9820001770
A002410,S02410,SC/ST Welfare Scheme,11230,Verified,2026-03-25,BA003181,9820001771
A002411,S02411,Merit Scholarship,15280,Verified,2026-03-21,BA003182,9820001772
A002412,S02412,SC/ST Welfare Scheme,19539,Verified,2026-03-12,BA003183,9820001773
A002413,S02413,Girl Child Assistance,7822,Verified,2026-03-22,BA003184,9820001774
A002414,S02414,Post-Matric Technical,11242,Verified,2026-03-12,BA003185,9820001775
A002415,S02415,Merit Scholarship,20660,Verified,2026-03-15,BA003186,9820001776
A002416,S02416,Minority Welfare,11578,Verified,2026-03-14,BA003187,9820001777
A002417,S02417,Girl Child Assistance,13896,Verified,2026-03-16,BA003188,9820001778
A002418,S02418,Post-Matric Technical,14640,Verified,2026-03-14,BA003189,9820001779
A002419,S02419,Girl Child Assistance,12311,Verified,2026-03-25,BA003190,9820001780
A002420,S02420,Girl Child Assistance,8510,Verified,2026-03-28,BA003191,9820001781
A002421,S02421,Minority Welfare,14467,Verified,2026-03-14,BA003192,9820001782
A002422,S02422,Girl Child Assistance,12703,Verified,2026-03-10,BA003193,9820001783
A002423,S02423,Post-Matric Technical,15205,Verified,2026-03-26,BA003194,9820001784
A002424,S02424,Minority Welfare,18909,Verified,2026-03-17,BA003195,9820001785
A002425,S02425,Post-Matric Technical,16516,Verified,2026-03-26,BA003196,9820001786
A002426,S02426,SC/ST Welfare Scheme,22600,Verified,2026-03-10,BA003197,9820001787
A002427,S02427,Merit Scholarship,21031,Verified,2026-03-25,BA003198,9820001788
A002428,S02428,Minority Welfare,15961,Verified,2026-03-22,BA003199,9820001789
A002429,S02429,Girl Child Assistance,7809,Verified,2026-03-18,BA003200,9820001790
A002430,S02430,Post-Matric Technical,13633,Verified,2026-03-18,BA003201,9820001791
A002431,S02431,Girl Child Assistance,7027,Verified,2026-03-14,BA003202,9820001792
A002432,S02432,Girl Child Assistance,8534,Verified,2026-03-13,BA003203,9820001793
A002433,S02433,SC/ST Welfare Scheme,19240,Verified,2026-03-21,BA003204,9820001794
A002434,S02434,Minority Welfare,15723,Verified,2026-03-17,BA003205,9820001795
A002435,S02435,Post-Matric Technical,15729,Verified,2026-03-11,BA003206,9820001796
A002436,S02436,Merit Scholarship,19029,Verified,2026-03-16,BA003207,9820001797
A002437,S02437,Merit Scholarship,19756,Verified,2026-03-13,BA003208,9820001798
A002438,S02438,Girl Child Assistance,9269,Verified,2026-03-27,BA003209,9820001799
A002439,S02439,Merit Scholarship,28505,Verified,2026-03-28,BA003210,9820001800
A002440,S02440,Merit Scholarship,17383,Verified,2026-03-10,BA003211,9820001801
A002441,S02441,Merit Scholarship,17878,Verified,2026-03-16,BA003212,9820001802
A002442,S02442,Post-Matric Technical,9515,Verified,2026-03-13,BA003213,9820001803
A002443,S02443,SC/ST Welfare Scheme,10124,Verified,2026-03-15,BA003214,9820001804
A002444,S02444,Post-Matric Technical,11518,Verified,2026-03-23,BA003215,9820001805
A002445,S02445,Minority Welfare,17736,Verified,2026-03-27,BA003216,9820001806
A002446,S02446,Minority Welfare,17933,Verified,2026-03-16,BA003217,9820001807
A002447,S02447,Post-Matric Technical,12764,Verified,2026-03-27,BA003218,9820001808
A002448,S02448,Girl Child Assistance,11415,Verified,2026-03-17,BA003219,9820001809
A002449,S02449,Girl Child Assistance,9778,Verified,2026-03-26,BA003220,9820001810
A002450,S02450,SC/ST Welfare Scheme,18036,Verified,2026-03-16,BA003221,9820001811
A002451,S02451,Merit Scholarship,14626,Verified,2026-03-20,BA003222,9820001812
A002452,S02452,SC/ST Welfare Scheme,20893,Verified,2026-03-10,BA003223,9820001813
A002453,S02453,Girl Child Assistance,10043,Verified,2026-03-11,BA003224,9820001814
A002454,S02454,SC/ST Welfare Scheme,22329,Verified,2026-03-19,BA003225,9820001815
A002455,S02455,Minority Welfare,9255,Verified,2026-03-14,BA003226,9820001816
A002456,S02456,Girl Child Assistance,7330,Verified,2026-03-26,BA003227,9820001817
A002457,S02457,Girl Child Assistance,7726,Verified,2026-03-21,BA003228,9820001818
A002458,S02458,Post-Matric Technical,13414,Verified,2026-03-26,BA003229,9820001819
A002459,S02459,Merit Scholarship,13290,Verified,2026-03-25,BA003230,9820001820
A002460,S02460,Post-Matric Technical,9278,Verified,2026-03-26,BA003231,9820001821
A002461,S02461,SC/ST Welfare Scheme,24995,Verified,2026-03-26,BA003232,9820001822
A002462,S02462,SC/ST Welfare Scheme,24425,Verified,2026-03-17,BA003233,9820001823
A002463,S02463,Minority Welfare,10318,Verified,2026-03-22,BA003234,9820001824
A002464,S02464,Girl Child Assistance,7169,Verified,2026-03-17,BA003235,9820001825
A002465,S02465,SC/ST Welfare Scheme,14126,Verified,2026-03-12,BA003236,9820001826
A002466,S02466,Post-Matric Technical,15122,Verified,2026-03-19,BA003237,9820001827
A002467,S02467,Minority Welfare,19947,Verified,2026-03-10,BA003238,9820001828
A002468,S02468,Post-Matric Technical,17689,Verified,2026-03-26,BA003239,9820001829
A002469,S02469,Merit Scholarship,16399,Verified,2026-03-24,BA003240,9820001830
A002470,S02470,Merit Scholarship,19082,Verified,2026-03-16,BA003241,9820001831
A002471,S02471,SC/ST Welfare Scheme,12316,Verified,2026-03-13,BA003242,9820001832
A002472,S02472,Post-Matric Technical,9791,Verified,2026-03-16,BA003243,9820001833
A002473,S02473,Minority Welfare,8569,Verified,2026-03-12,BA003244,9820001834
A002474,S02474,Girl Child Assistance,14870,Verified,2026-03-26,BA003245,9820001835
A002475,S02475,Girl Child Assistance,7874,Verified,2026-03-20,BA003246,9820001836
A002476,S02476,Girl Child Assistance,9734,Verified,2026-03-25,BA003247,9820001837
A002477,S02477,Girl Child Assistance,10209,Verified,2026-03-21,BA003248,9820001838
A002478,S02478,Merit Scholarship,21399,Verified,2026-03-13,BA003249,9820001839
A002479,S02479,Post-Matric Technical,20844,Verified,2026-03-15,BA003250,9820001840
A002480,S02480,Minority Welfare,13532,Verified,2026-03-23,BA003251,9820001841
A002481,S02481,Merit Scholarship,13404,Verified,2026-03-21,BA003252,9820001842
A002482,S02482,Minority Welfare,8759,Verified,2026-03-26,BA003253,9820001843
A002483,S02483,Post-Matric Technical,14919,Verified,2026-03-22,BA003254,9820001844
A002484,S02484,Merit Scholarship,22498,Verified,2026-03-16,BA003255,9820001845
A002485,S02485,Minority Welfare,15147,Verified,2026-03-28,BA003256,9820001846
A002486,S02486,Post-Matric Technical,13321,Verified,2026-03-19,BA003257,9820001847
A002487,S02487,Girl Child Assistance,10906,Verified,2026-03-27,BA003258,9820001848
A002488,S02488,Minority Welfare,8874,Verified,2026-03-13,BA003259,9820001849
A002489,S02489,Merit Scholarship,17956,Verified,2026-03-10,BA003260,9820001850
A002490,S02490,Minority Welfare,14158,Verified,2026-03-19,BA003261,9820001851
A002491,S02491,SC/ST Welfare Scheme,12407,Verified,2026-03-20,BA003262,9820001852
A002492,S02492,Girl Child Assistance,8515,Verified,2026-03-17,BA003263,9820001853
A002493,S02493,Post-Matric Technical,18140,Verified,2026-03-25,BA003264,9820001854
A002494,S02494,Post-Matric Technical,11849,Verified,2026-03-16,BA003265,9820001855
A002495,S02495,Minority Welfare,10269,Verified,2026-03-27,BA003266,9820001856
A002496,S02496,Merit Scholarship,26226,Verified,2026-03-20,BA003267,9820001857
A002497,S02497,Minority Welfare,9531,Verified,2026-03-27,BA003268,9820001858
A002498,S02498,Post-Matric Technical,16895,Verified,2026-03-23,BA003269,9820001859
A002499,S02499,Minority Welfare,11146,Verified,2026-03-18,BA003270,9820001860
A002500,S02500,Girl Child Assistance,14364,Verified,2026-03-11,BA003271,9820001861
A002501,S02501,Post-Matric Technical,10025,Verified,2026-03-11,BA003272,9820001862
A002502,S02502,Post-Matric Technical,12167,Verified,2026-03-20,BA003273,9820001863
A002503,S02503,Post-Matric Technical,10198,Verified,2026-03-20,BA003274,9820001864
A002504,S02504,Minority Welfare,14736,Verified,2026-03-14,BA003275,9820001865
A002505,S02505,SC/ST Welfare Scheme,12659,Verified,2026-03-11,BA003276,9820001866
A002506,S02506,Post-Matric Technical,11247,Verified,2026-03-21,BA003277,9820001867
A002507,S02507,Post-Matric Technical,18859,Verified,2026-03-12,BA003278,9820001868
A002508,S02508,Girl Child Assistance,10718,Verified,2026-03-17,BA003279,9820001869
A002509,S02509,SC/ST Welfare Scheme,18924,Verified,2026-03-12,BA003280,9820001870
A002510,S02510,Minority Welfare,8007,Verified,2026-03-22,BA003281,9820001871
A002511,S02511,Minority Welfare,17395,Verified,2026-03-21,BA003282,9820001872
A002512,S02512,Post-Matric Technical,9805,Verified,2026-03-15,BA003283,9820001873
A002513,S02513,Post-Matric Technical,9866,Verified,2026-03-17,BA003284,9820001874
A002514,S02514,Merit Scholarship,27178,Verified,2026-03-25,BA003285,9820001875
A002515,S02515,Merit Scholarship,17976,Verified,2026-03-13,BA003286,9820001876
A002516,S02516,Post-Matric Technical,20980,Verified,2026-03-24,BA003287,9820001877
A002517,S02517,Minority Welfare,14691,Verified,2026-03-10,BA003288,9820001878
A002518,S02518,Post-Matric Technical,17922,Verified,2026-03-23,BA003289,9820001879
A002519,S02519,Post-Matric Technical,11400,Verified,2026-03-10,BA003290,9820001880
A002520,S02520,Girl Child Assistance,8834,Verified,2026-03-21,BA003291,9820001881
A002521,S02521,Post-Matric Technical,20251,Verified,2026-03-18,BA003292,9820001882
A002522,S02522,Merit Scholarship,22727,Verified,2026-03-28,BA003293,9820001883
A002523,S02523,Girl Child Assistance,11988,Verified,2026-03-27,BA003294,9820001884
A002524,S02524,Merit Scholarship,13111,Verified,2026-03-17,BA003295,9820001885
A002525,S02525,Girl Child Assistance,13931,Verified,2026-03-26,BA003296,9820001886
A002526,S02526,SC/ST Welfare Scheme,17231,Verified,2026-03-12,BA003297,9820001887
A002527,S02527,Girl Child Assistance,9251,Verified,2026-03-22,BA003298,9820001888
A002528,S02528,Post-Matric Technical,19217,Verified,2026-03-28,BA003299,9820001889
A002529,S02529,Minority Welfare,18539,Verified,2026-03-27,BA003300,9820001890
A002530,S02530,Post-Matric Technical,12890,Verified,2026-03-21,BA003301,9820001891
A002531,S02531,Merit Scholarship,22874,Verified,2026-03-24,BA003302,9820001892
A002532,S02532,Minority Welfare,14136,Verified,2026-03-18,BA003303,9820001893
A002533,S02533,Post-Matric Technical,19457,Verified,2026-03-17,BA003304,9820001894
A002534,S02534,Girl Child Assistance,14705,Verified,2026-03-16,BA003305,9820001895
A002535,S02535,Girl Child Assistance,14503,Verified,2026-03-20,BA003306,9820001896
A002536,S02536,Post-Matric Technical,11815,Verified,2026-03-22,BA003307,9820001897
A002537,S02537,SC/ST Welfare Scheme,19173,Verified,2026-03-22,BA003308,9820001898
A002538,S02538,Post-Matric Technical,9256,Verified,2026-03-20,BA003309,9820001899
A002539,S02539,SC/ST Welfare Scheme,19452,Verified,2026-03-12,BA003310,9820001900
A002540,S02540,Post-Matric Technical,20545,Verified,2026-03-20,BA003311,9820001901
A002541,S02541,Merit Scholarship,15523,Verified,2026-03-20,BA003312,9820001902
A002542,S02542,Minority Welfare,16593,Verified,2026-03-13,BA003313,9820001903
A002543,S02543,SC/ST Welfare Scheme,11787,Verified,2026-03-19,BA003314,9820001904
A002544,S02544,Minority Welfare,19404,Verified,2026-03-28,BA003315,9820001905
A002545,S02545,Girl Child Assistance,8925,Verified,2026-03-26,BA003316,9820001906
A002546,S02546,SC/ST Welfare Scheme,23256,Verified,2026-03-23,BA003317,9820001907
A002547,S02547,Girl Child Assistance,8372,Verified,2026-03-14,BA003318,9820001908
A002548,S02548,SC/ST Welfare Scheme,22007,Verified,2026-03-28,BA003319,9820001909
A002549,S02549,SC/ST Welfare Scheme,20066,Verified,2026-03-13,BA003320,9820001910
A002550,S02550,SC/ST Welfare Scheme,12554,Verified,2026-03-19,BA003321,9820001911
A002551,S02551,Minority Welfare,11413,Verified,2026-03-10,BA003322,9820001912
A002552,S02552,Girl Child Assistance,12586,Verified,2026-03-13,BA003323,9820001913
A002553,S02553,Girl Child Assistance,12655,Verified,2026-03-17,BA003324,9820001914
A002554,S02554,Post-Matric Technical,21237,Verified,2026-03-10,BA003325,9820001915
A002555,S02555,Minority Welfare,9734,Verified,2026-03-14,BA003326,9820001916
A002556,S02556,Minority Welfare,12994,Verified,2026-03-12,BA003327,9820001917
A002557,S02557,Merit Scholarship,27177,Verified,2026-03-21,BA003328,9820001918
A002558,S02558,Post-Matric Technical,21892,Verified,2026-03-15,BA003329,9820001919
A002559,S02559,SC/ST Welfare Scheme,12535,Verified,2026-03-28,BA003330,9820001920
A002560,S02560,Merit Scholarship,19900,Verified,2026-03-13,BA003331,9820001921
A002561,S02561,Minority Welfare,19263,Verified,2026-03-16,BA003332,9820001922
A002562,S02562,Minority Welfare,10826,Verified,2026-03-14,BA003333,9820001923
A002563,S02563,Minority Welfare,18491,Verified,2026-03-19,BA003334,9820001924
A002564,S02564,Minority Welfare,12006,Verified,2026-03-28,BA003335,9820001925
A002565,S02565,SC/ST Welfare Scheme,13585,Verified,2026-03-15,BA003336,9820001926
A002566,S02566,Girl Child Assistance,14807,Verified,2026-03-25,BA003337,9820001927
A002567,S02567,Girl Child Assistance,10605,Verified,2026-03-12,BA003338,9820001928
A002568,S02568,Girl Child Assistance,11016,Verified,2026-03-20,BA003339,9820001929
A002569,S02569,Girl Child Assistance,12973,Verified,2026-03-11,BA003340,9820001930
A002570,S02570,Merit Scholarship,28994,Verified,2026-03-26,BA003341,9820001931
A002571,S02571,SC/ST Welfare Scheme,13025,Verified,2026-03-17,BA003342,9820001932
A002572,S02572,Merit Scholarship,24709,Verified,2026-03-12,BA003343,9820001933
A002573,S02573,SC/ST Welfare Scheme,19456,Verified,2026-03-15,BA003344,9820001934
A002574,S02574,SC/ST Welfare Scheme,22040,Verified,2026-03-26,BA003345,9820001935
A002575,S02575,Minority Welfare,16189,Verified,2026-03-12,BA003346,9820001936
A002576,S02576,Minority Welfare,9934,Verified,2026-03-24,BA003347,9820001937
A002577,S02577,Minority Welfare,14597,Verified,2026-03-13,BA003348,9820001938
A002578,S02578,Merit Scholarship,23237,Verified,2026-03-26,BA003349,9820001939
A002579,S02579,Girl Child Assistance,8707,Verified,2026-03-27,BA003350,9820001940
A002580,S02580,SC/ST Welfare Scheme,11645,Verified,2026-03-12,BA003351,9820001941
A002581,S02581,Girl Child Assistance,9348,Verified,2026-03-22,BA003352,9820001942
A002582,S02582,SC/ST Welfare Scheme,20734,Verified,2026-03-10,BA003353,9820001943
A002583,S02583,Girl Child Assistance,14937,Verified,2026-03-24,BA003354,9820001944
A002584,S02584,Post-Matric Technical,14028,Verified,2026-03-14,BA003355,9820001945
A002585,S02585,Merit Scholarship,16034,Verified,2026-03-21,BA003356,9820001946
A002586,S02586,Post-Matric Technical,10007,Verified,2026-03-24,BA003357,9820001947
A002587,S02587,Girl Child Assistance,9804,Verified,2026-03-20,BA003358,9820001948
A002588,S02588,Merit Scholarship,16085,Verified,2026-03-10,BA003359,9820001949
A002589,S02589,Post-Matric Technical,10063,Verified,2026-03-21,BA003360,9820001950
A002590,S02590,SC/ST Welfare Scheme,14116,Verified,2026-03-25,BA003361,9820001951
A002591,S02591,SC/ST Welfare Scheme,10634,Verified,2026-03-16,BA003362,9820001952
A002592,S02592,Post-Matric Technical,13524,Verified,2026-03-12,BA003363,9820001953
A002593,S02593,Merit Scholarship,12998,Verified,2026-03-13,BA003364,9820001954
A002594,S02594,Merit Scholarship,20077,Verified,2026-03-11,BA003365,9820001955
A002595,S02595,Merit Scholarship,21838,Verified,2026-03-16,BA003366,9820001956
A002596,S02596,Minority Welfare,13716,Verified,2026-03-27,BA003367,9820001957
A002597,S02597,Post-Matric Technical,9089,Verified,2026-03-20,BA003368,9820001958
A002598,S02598,Minority Welfare,15167,Verified,2026-03-22,BA003369,9820001959
A002599,S02599,SC/ST Welfare Scheme,10525,Verified,2026-03-11,BA003370,9820001960
A002600,S02600,Merit Scholarship,14222,Verified,2026-03-13,BA003371,9820001961
A002601,S02601,Post-Matric Technical,21587,Verified,2026-03-27,BA003372,9820001962
A002602,S02602,SC/ST Welfare Scheme,21595,Verified,2026-03-12,BA003373,9820001963
A002603,S02603,SC/ST Welfare Scheme,18141,Verified,2026-03-22,BA003374,9820001964
A002604,S02604,Minority Welfare,15192,Verified,2026-03-13,BA003375,9820001965
A002605,S02605,SC/ST Welfare Scheme,10804,Verified,2026-03-25,BA003376,9820001966
A002606,S02606,Minority Welfare,11455,Verified,2026-03-26,BA003377,9820001967
A002607,S02607,Merit Scholarship,26116,Verified,2026-03-14,BA003378,9820001968
A002608,S02608,Girl Child Assistance,7449,Verified,2026-03-15,BA003379,9820001969
A002609,S02609,SC/ST Welfare Scheme,21498,Verified,2026-03-28,BA003380,9820001970
A002610,S02610,Girl Child Assistance,14884,Verified,2026-03-10,BA003381,9820001971
A002611,S02611,SC/ST Welfare Scheme,14982,Verified,2026-03-27,BA003382,9820001972
A002612,S02612,Post-Matric Technical,15124,Verified,2026-03-24,BA003383,9820001973
A002613,S02613,Merit Scholarship,17892,Verified,2026-03-16,BA003384,9820001974
A002614,S02614,Girl Child Assistance,14652,Verified,2026-03-15,BA003385,9820001975
A002615,S02615,Girl Child Assistance,10795,Verified,2026-03-22,BA003386,9820001976
A002616,S02616,SC/ST Welfare Scheme,14237,Verified,2026-03-12,BA003387,9820001977
A002617,S02617,Merit Scholarship,19344,Verified,2026-03-20,BA003388,9820001978
A002618,S02618,Post-Matric Technical,9740,Verified,2026-03-23,BA003389,9820001979
A002619,S02619,Post-Matric Technical,17383,Verified,2026-03-19,BA003390,9820001980
A002620,S02620,Minority Welfare,10618,Verified,2026-03-21,BA003391,9820001981
A002621,S02621,SC/ST Welfare Scheme,18727,Verified,2026-03-26,BA003392,9820001982
A002622,S02622,Post-Matric Technical,21335,Verified,2026-03-26,BA003393,9820001983
A002623,S02623,Post-Matric Technical,10850,Verified,2026-03-28,BA003394,9820001984
A002624,S02624,Girl Child Assistance,7884,Verified,2026-03-17,BA003395,9820001985
A002625,S02625,Merit Scholarship,15093,Verified,2026-03-22,BA003396,9820001986
A002626,S02626,Merit Scholarship,16739,Verified,2026-03-18,BA003397,9820001987
A002627,S02627,SC/ST Welfare Scheme,19293,Verified,2026-03-23,BA003398,9820001988
A002628,S02628,Post-Matric Technical,13238,Verified,2026-03-27,BA003399,9820001989
A002629,S02629,Girl Child Assistance,9224,Verified,2026-03-12,BA003400,9820001990
A002630,S02630,Merit Scholarship,24927,Verified,2026-03-22,BA003401,9820001991
A002631,S02631,Girl Child Assistance,10607,Verified,2026-03-19,BA003402,9820001992
A002632,S02632,Merit Scholarship,13615,Verified,2026-03-13,BA003403,9820001993
A002633,S02633,Girl Child Assistance,14608,Verified,2026-03-22,BA003404,9820001994
A002634,S02634,Post-Matric Technical,12720,Verified,2026-03-27,BA003405,9820001995
A002635,S02635,Minority Welfare,13368,Verified,2026-03-21,BA003406,9820001996
A002636,S02636,Merit Scholarship,20199,Verified,2026-03-15,BA003407,9820001997
A002637,S02637,Post-Matric Technical,9819,Verified,2026-03-20,BA003408,9820001998
A002638,S02638,SC/ST Welfare Scheme,17259,Verified,2026-03-20,BA003409,9820001999
A002639,S02639,Post-Matric Technical,18971,Verified,2026-03-10,BA003410,9820002000
A002640,S02640,SC/ST Welfare Scheme,20379,Verified,2026-03-15,BA003411,9820002001
A002641,S02641,Merit Scholarship,25942,Verified,2026-03-15,BA003412,9820002002
A002642,S02642,SC/ST Welfare Scheme,20758,Verified,2026-03-25,BA003413,9820002003
A002643,S02643,SC/ST Welfare Scheme,11637,Verified,2026-03-12,BA003414,9820002004
A002644,S02644,Girl Child Assistance,10180,Verified,2026-03-11,BA003415,9820002005
A002645,S02645,Merit Scholarship,16189,Verified,2026-03-16,BA003416,9820002006
A002646,S02646,SC/ST Welfare Scheme,21768,Verified,2026-03-23,BA003417,9820002007
A002647,S02647,Post-Matric Technical,12748,Verified,2026-03-25,BA003418,9820002008
A002648,S02648,Girl Child Assistance,11539,Verified,2026-03-21,BA003419,9820002009
A002649,S02649,Girl Child Assistance,9965,Verified,2026-03-18,BA003420,9820002010
A002650,S02650,SC/ST Welfare Scheme,15546,Verified,2026-03-14,BA003421,9820002011
A002651,S02651,Merit Scholarship,28097,Verified,2026-03-12,BA003422,9820002012
A002652,S02652,Post-Matric Technical,19568,Verified,2026-03-15,BA003423,9820002013
A002653,S02653,Girl Child Assistance,7103,Verified,2026-03-27,BA003424,9820002014
A002654,S02654,Girl Child Assistance,9694,Verified,2026-03-16,BA003425,9820002015
A002655,S02655,Minority Welfare,13423,Verified,2026-03-17,BA003426,9820002016
A002656,S02656,Merit Scholarship,27537,Verified,2026-03-26,BA003427,9820002017
A002657,S02657,Post-Matric Technical,13290,Verified,2026-03-23,BA003428,9820002018
A002658,S02658,Girl Child Assistance,8781,Verified,2026-03-24,BA003429,9820002019
A002659,S02659,SC/ST Welfare Scheme,14185,Verified,2026-03-27,BA003430,9820002020
A002660,S02660,Girl Child Assistance,9507,Verified,2026-03-20,BA003431,9820002021
A002661,S02661,Post-Matric Technical,9596,Verified,2026-03-12,BA003432,9820002022
A002662,S02662,SC/ST Welfare Scheme,19121,Verified,2026-03-17,BA003433,9820002023
A002663,S02663,Minority Welfare,10574,Verified,2026-03-28,BA003434,9820002024
A002664,S02664,Girl Child Assistance,7366,Verified,2026-03-13,BA003435,9820002025
A002665,S02665,Merit Scholarship,13484,Verified,2026-03-10,BA003436,9820002026
A002666,S02666,Girl Child Assistance,7091,Verified,2026-03-27,BA003437,9820002027
A002667,S02667,SC/ST Welfare Scheme,20647,Verified,2026-03-17,BA003438,9820002028
A002668,S02668,Merit Scholarship,16530,Verified,2026-03-16,BA003439,9820002029
A002669,S02669,Girl Child Assistance,13333,Verified,2026-03-10,BA003440,9820002030
A002670,S02670,Minority Welfare,17639,Verified,2026-03-22,BA003441,9820002031
A002671,S02671,Merit Scholarship,14419,Verified,2026-03-10,BA003442,9820002032
A002672,S02672,Merit Scholarship,12051,Verified,2026-03-24,BA003443,9820002033
A002673,S02673,Girl Child Assistance,7123,Verified,2026-03-21,BA003444,9820002034
A002674,S02674,Minority Welfare,17297,Verified,2026-03-28,BA003445,9820002035
A002675,S02675,Post-Matric Technical,19408,Verified,2026-03-28,BA003446,9820002036
A002676,S02676,Post-Matric Technical,18688,Verified,2026-03-23,BA003447,9820002037
A002677,S02677,Merit Scholarship,16348,Verified,2026-03-23,BA003448,9820002038
A002678,S02678,Girl Child Assistance,7644,Verified,2026-03-27,BA003449,9820002039
A002679,S02679,Girl Child Assistance,9575,Verified,2026-03-13,BA003450,9820002040
A002680,S02680,Merit Scholarship,18058,Verified,2026-03-12,BA003451,9820002041
A002681,S02681,Girl Child Assistance,8450,Verified,2026-03-15,BA003452,9820002042
A002682,S02682,SC/ST Welfare Scheme,21585,Verified,2026-03-18,BA003453,9820002043
A002683,S02683,Merit Scholarship,26257,Verified,2026-03-26,BA003454,9820002044
A002684,S02684,SC/ST Welfare Scheme,22031,Verified,2026-03-11,BA003455,9820002045
A002685,S02685,SC/ST Welfare Scheme,23887,Verified,2026-03-25,BA003456,9820002046
A002686,S02686,Girl Child Assistance,7478,Verified,2026-03-12,BA003457,9820002047
A002687,S02687,Girl Child Assistance,10438,Verified,2026-03-12,BA003458,9820002048
A002688,S02688,SC/ST Welfare Scheme,15757,Verified,2026-03-27,BA003459,9820002049
A002689,S02689,SC/ST Welfare Scheme,15160,Verified,2026-03-15,BA003460,9820002050
A002690,S02690,Merit Scholarship,16461,Verified,2026-03-16,BA003461,9820002051
A002691,S02691,Post-Matric Technical,19709,Verified,2026-03-12,BA003462,9820002052
A002692,S02692,Girl Child Assistance,13641,Verified,2026-03-14,BA003463,9820002053
A002693,S02693,Girl Child Assistance,9285,Verified,2026-03-25,BA003464,9820002054
A002694,S02694,Merit Scholarship,22186,Verified,2026-03-27,BA003465,9820002055
A002695,S02695,Merit Scholarship,25214,Verified,2026-03-17,BA003466,9820002056
A002696,S02696,SC/ST Welfare Scheme,22516,Verified,2026-03-17,BA003467,9820002057
A002697,S02697,Post-Matric Technical,16336,Verified,2026-03-16,BA003468,9820002058
A002698,S02698,SC/ST Welfare Scheme,15208,Verified,2026-03-17,BA003469,9820002059
A002699,S02699,SC/ST Welfare Scheme,23374,Verified,2026-03-24,BA003470,9820002060
A002700,S02700,SC/ST Welfare Scheme,16505,Verified,2026-03-15,BA003471,9820002061
A002701,S02701,Merit Scholarship,22140,Verified,2026-03-10,BA003472,9820002062
A002702,S02702,Merit Scholarship,12625,Verified,2026-03-14,BA003473,9820002063
A002703,S02703,Post-Matric Technical,15653,Verified,2026-03-21,BA003474,9820002064
A002704,S02704,SC/ST Welfare Scheme,24630,Verified,2026-03-12,BA003475,9820002065
A002705,S02705,SC/ST Welfare Scheme,16843,Verified,2026-03-11,BA003476,9820002066
A002706,S02706,Minority Welfare,19245,Verified,2026-03-28,BA003477,9820002067
A002707,S02707,Girl Child Assistance,8566,Verified,2026-03-14,BA003478,9820002068
A002708,S02708,SC/ST Welfare Scheme,20918,Verified,2026-03-12,BA003479,9820002069
A002709,S02709,Girl Child Assistance,7970,Verified,2026-03-10,BA003480,9820002070
A002710,S02710,Minority Welfare,12656,Verified,2026-03-12,BA003481,9820002071
A002711,S02711,Girl Child Assistance,14863,Verified,2026-03-27,BA003482,9820002072
A002712,S02712,Minority Welfare,14355,Verified,2026-03-12,BA003483,9820002073
A002713,S02713,Girl Child Assistance,11485,Verified,2026-03-11,BA003484,9820002074
A002714,S02714,Post-Matric Technical,16847,Verified,2026-03-26,BA003485,9820002075
A002715,S02715,Minority Welfare,11686,Verified,2026-03-10,BA003486,9820002076
A002716,S02716,Post-Matric Technical,12571,Verified,2026-03-15,BA003487,9820002077
A002717,S02717,Post-Matric Technical,10732,Verified,2026-03-24,BA003488,9820002078
A002718,S02718,Merit Scholarship,16897,Verified,2026-03-17,BA003489,9820002079
A002719,S02719,Merit Scholarship,13520,Verified,2026-03-21,BA003490,9820002080
A002720,S02720,Girl Child Assistance,14261,Verified,2026-03-13,BA003491,9820002081
A002721,S02721,Minority Welfare,13473,Verified,2026-03-28,BA003492,9820002082
A002722,S02722,Girl Child Assistance,11862,Verified,2026-03-23,BA003493,9820002083
A002723,S02723,Minority Welfare,15496,Verified,2026-03-21,BA003494,9820002084
A002724,S02724,SC/ST Welfare Scheme,12065,Verified,2026-03-10,BA003495,9820002085
A002725,S02725,SC/ST Welfare Scheme,21475,Verified,2026-03-15,BA003496,9820002086
A002726,S02726,Minority Welfare,17385,Verified,2026-03-25,BA003497,9820002087
A002727,S02727,Merit Scholarship,22889,Verified,2026-03-27,BA003498,9820002088
A002728,S02728,SC/ST Welfare Scheme,21533,Verified,2026-03-13,BA003499,9820002089
A002729,S02729,Merit Scholarship,19076,Verified,2026-03-12,BA003500,9820002090
A002730,S02730,Minority Welfare,13434,Verified,2026-03-19,BA003501,9820002091
A002731,S02731,Minority Welfare,11502,Verified,2026-03-19,BA003502,9820002092
A002732,S02732,Minority Welfare,12545,Verified,2026-03-18,BA003503,9820002093
A002733,S02733,Minority Welfare,17458,Verified,2026-03-16,BA003504,9820002094
A002734,S02734,Merit Scholarship,21076,Verified,2026-03-14,BA003505,9820002095
A002735,S02735,Post-Matric Technical,12177,Verified,2026-03-11,BA003506,9820002096
A002736,S02736,SC/ST Welfare Scheme,10047,Verified,2026-03-11,BA003507,9820002097
A002737,S02737,Minority Welfare,18012,Verified,2026-03-27,BA003508,9820002098
A002738,S02738,Merit Scholarship,14425,Verified,2026-03-25,BA003509,9820002099
A002739,S02739,Merit Scholarship,20124,Verified,2026-03-27,BA003510,9820002100
A002740,S02740,Post-Matric Technical,12326,Verified,2026-03-13,BA003511,9820002101
A002741,S02741,Merit Scholarship,13329,Verified,2026-03-22,BA003512,9820002102
A002742,S02742,Minority Welfare,12967,Verified,2026-03-28,BA003513,9820002103
A002743,S02743,SC/ST Welfare Scheme,19906,Verified,2026-03-16,BA003514,9820002104
A002744,S02744,Merit Scholarship,16242,Verified,2026-03-15,BA003515,9820002105
A002745,S02745,Merit Scholarship,23256,Verified,2026-03-27,BA003516,9820002106
A002746,S02746,Merit Scholarship,15214,Verified,2026-03-23,BA003517,9820002107
A002747,S02747,SC/ST Welfare Scheme,19170,Verified,2026-03-20,BA003518,9820002108
A002748,S02748,SC/ST Welfare Scheme,15974,Verified,2026-03-27,BA003519,9820002109
A002749,S02749,Minority Welfare,13993,Verified,2026-03-26,BA003520,9820002110
A002750,S02750,SC/ST Welfare Scheme,19235,Verified,2026-03-18,BA003521,9820002111
A002751,S02751,Post-Matric Technical,12266,Verified,2026-03-21,BA003522,9820002112
A002752,S02752,Post-Matric Technical,18742,Verified,2026-03-26,BA003523,9820002113
A002753,S02753,Post-Matric Technical,9362,Verified,2026-03-27,BA003524,9820002114
A002754,S02754,Girl Child Assistance,10269,Verified,2026-03-14,BA003525,9820002115
A002755,S02755,Girl Child Assistance,10712,Verified,2026-03-18,BA003526,9820002116
A002756,S02756,Girl Child Assistance,14644,Verified,2026-03-19,BA003527,9820002117
A002757,S02757,Girl Child Assistance,9594,Verified,2026-03-19,BA003528,9820002118
A002758,S02758,Post-Matric Technical,16502,Verified,2026-03-17,BA003529,9820002119
A002759,S02759,Merit Scholarship,23674,Verified,2026-03-15,BA003530,9820002120
A002760,S02760,SC/ST Welfare Scheme,15215,Verified,2026-03-15,BA003531,9820002121
A002761,S02761,SC/ST Welfare Scheme,21145,Verified,2026-03-25,BA003532,9820002122
A002762,S02762,Minority Welfare,13594,Verified,2026-03-14,BA003533,9820002123
A002763,S02763,Post-Matric Technical,16668,Verified,2026-03-10,BA003534,9820002124
A002764,S02764,Merit Scholarship,14060,Verified,2026-03-10,BA003535,9820002125
A002765,S02765,Merit Scholarship,22131,Verified,2026-03-15,BA003536,9820002126
A002766,S02766,Minority Welfare,11714,Verified,2026-03-28,BA003537,9820002127
A002767,S02767,Post-Matric Technical,10992,Verified,2026-03-16,BA003538,9820002128
A002768,S02768,Minority Welfare,17845,Verified,2026-03-15,BA003539,9820002129
A002769,S02769,Minority Welfare,10470,Verified,2026-03-24,BA003540,9820002130
A002770,S02770,Girl Child Assistance,13986,Verified,2026-03-25,BA003541,9820002131
A002771,S02771,Minority Welfare,9501,Verified,2026-03-11,BA003542,9820002132
A002772,S02772,Post-Matric Technical,11595,Verified,2026-03-16,BA003543,9820002133
A002773,S02773,Post-Matric Technical,19356,Verified,2026-03-15,BA003544,9820002134
A002774,S02774,Post-Matric Technical,15595,Verified,2026-03-25,BA003545,9820002135
A002775,S02775,SC/ST Welfare Scheme,18328,Verified,2026-03-10,BA003546,9820002136
A002776,S02776,SC/ST Welfare Scheme,22133,Verified,2026-03-28,BA003547,9820002137
A002777,S02777,Minority Welfare,18124,Verified,2026-03-20,BA003548,9820002138
A002778,S02778,Post-Matric Technical,19612,Verified,2026-03-13,BA003549,9820002139
A002779,S02779,Post-Matric Technical,18156,Verified,2026-03-19,BA003550,9820002140
A002780,S02780,Minority Welfare,14574,Verified,2026-03-11,BA003551,9820002141
A002781,S02781,Post-Matric Technical,20968,Verified,2026-03-18,BA003552,9820002142
A002782,S02782,SC/ST Welfare Scheme,11102,Verified,2026-03-21,BA003553,9820002143
A002783,S02783,SC/ST Welfare Scheme,10277,Verified,2026-03-28,BA003554,9820002144
A002784,S02784,Girl Child Assistance,9930,Verified,2026-03-15,BA003555,9820002145
A002785,S02785,Minority Welfare,18682,Verified,2026-03-25,BA003556,9820002146
A002786,S02786,Merit Scholarship,19983,Verified,2026-03-23,BA003557,9820002147
A002787,S02787,Post-Matric Technical,15985,Verified,2026-03-25,BA003558,9820002148
A002788,S02788,Girl Child Assistance,10189,Verified,2026-03-10,BA003559,9820002149
A002789,S02789,Girl Child Assistance,12221,Verified,2026-03-16,BA003560,9820002150
A002790,S02790,Merit Scholarship,13011,Verified,2026-03-26,BA003561,9820002151
A002791,S02791,Minority Welfare,14195,Verified,2026-03-18,BA003562,9820002152
A002792,S02792,SC/ST Welfare Scheme,12298,Verified,2026-03-23,BA003563,9820002153
A002793,S02793,Girl Child Assistance,10687,Verified,2026-03-19,BA003564,9820002154
A002794,S02794,Post-Matric Technical,14416,Verified,2026-03-11,BA003565,9820002155
A002795,S02795,SC/ST Welfare Scheme,20100,Verified,2026-03-15,BA003566,9820002156
A002796,S02796,Girl Child Assistance,10114,Verified,2026-03-17,BA003567,9820002157
A002797,S02797,SC/ST Welfare Scheme,18667,Verified,2026-03-15,BA003568,9820002158
A002798,S02798,Post-Matric Technical,13751,Verified,2026-03-26,BA003569,9820002159
A002799,S02799,SC/ST Welfare Scheme,13627,Verified,2026-03-19,BA003570,9820002160
A002800,S02800,SC/ST Welfare Scheme,19651,Verified,2026-03-17,BA003571,9820002161
A002801,S02801,SC/ST Welfare Scheme,18615,Verified,2026-03-27,BA003572,9820002162
A002802,S02802,Girl Child Assistance,10907,Verified,2026-03-16,BA003573,9820002163
A002803,S02803,Girl Child Assistance,14325,Verified,2026-03-28,BA003574,9820002164
A002804,S02804,Minority Welfare,12937,Verified,2026-03-26,BA003575,9820002165
A002805,S02805,Post-Matric Technical,9166,Verified,2026-03-11,BA003576,9820002166
A002806,S02806,SC/ST Welfare Scheme,13660,Verified,2026-03-28,BA003577,9820002167
A002807,S02807,SC/ST Welfare Scheme,15836,Verified,2026-03-26,BA003578,9820002168
A002808,S02808,SC/ST Welfare Scheme,23208,Verified,2026-03-12,BA003579,9820002169
A002809,S02809,SC/ST Welfare Scheme,11386,Verified,2026-03-12,BA003580,9820002170
A002810,S02810,SC/ST Welfare Scheme,23579,Verified,2026-03-23,BA003581,9820002171
A002811,S02811,Minority Welfare,14661,Verified,2026-03-16,BA003582,9820002172
A002812,S02812,Girl Child Assistance,11523,Verified,2026-03-20,BA003583,9820002173
A002813,S02813,Post-Matric Technical,16178,Verified,2026-03-19,BA003584,9820002174
A002814,S02814,Merit Scholarship,19483,Verified,2026-03-27,BA003585,9820002175
A002815,S02815,Minority Welfare,15347,Verified,2026-03-20,BA003586,9820002176
A002816,S02816,Girl Child Assistance,8101,Verified,2026-03-20,BA003587,9820002177
A002817,S02817,Minority Welfare,15675,Verified,2026-03-24,BA003588,9820002178
A002818,S02818,Post-Matric Technical,15993,Verified,2026-03-14,BA003589,9820002179
A002819,S02819,SC/ST Welfare Scheme,10918,Verified,2026-03-12,BA003590,9820002180
A002820,S02820,Girl Child Assistance,7237,Verified,2026-03-16,BA003591,9820002181
A002821,S02821,Minority Welfare,8268,Verified,2026-03-12,BA003592,9820002182
A002822,S02822,Minority Welfare,19832,Verified,2026-03-23,BA003593,9820002183
A002823,S02823,Post-Matric Technical,17113,Verified,2026-03-20,BA003594,9820002184
A002824,S02824,Girl Child Assistance,12241,Verified,2026-03-27,BA003595,9820002185
A002825,S02825,Post-Matric Technical,10050,Verified,2026-03-15,BA003596,9820002186
A002826,S02826,Girl Child Assistance,11372,Verified,2026-03-19,BA003597,9820002187
A002827,S02827,Minority Welfare,9250,Verified,2026-03-15,BA003598,9820002188
A002828,S02828,Merit Scholarship,23359,Verified,2026-03-27,BA003599,9820002189
A002829,S02829,Girl Child Assistance,12681,Verified,2026-03-11,BA003600,9820002190
A002830,S02830,Merit Scholarship,22431,Verified,2026-03-13,BA003601,9820002191
A002831,S02831,Minority Welfare,15444,Verified,2026-03-15,BA003602,9820002192
A002832,S02832,Minority Welfare,13251,Verified,2026-03-18,BA003603,9820002193
A002833,S02833,Minority Welfare,12948,Verified,2026-03-24,BA003604,9820002194
A002834,S02834,Girl Child Assistance,7170,Verified,2026-03-15,BA003605,9820002195
A002835,S02835,Post-Matric Technical,17140,Verified,2026-03-18,BA003606,9820002196
A002836,S02836,Minority Welfare,11030,Verified,2026-03-24,BA003607,9820002197
A002837,S02837,Minority Welfare,13722,Verified,2026-03-27,BA003608,9820002198
A002838,S02838,Minority Welfare,10472,Verified,2026-03-28,BA003609,9820002199
A002839,S02839,Post-Matric Technical,15590,Verified,2026-03-17,BA003610,9820002200
A002840,S02840,Minority Welfare,12860,Verified,2026-03-15,BA003611,9820002201
A002841,S02841,SC/ST Welfare Scheme,21859,Verified,2026-03-13,BA003612,9820002202
A002842,S02842,Merit Scholarship,19354,Verified,2026-03-15,BA003613,9820002203
A002843,S02843,Minority Welfare,12850,Verified,2026-03-26,BA003614,9820002204
A002844,S02844,Minority Welfare,12881,Verified,2026-03-10,BA003615,9820002205
A002845,S02845,Girl Child Assistance,8094,Verified,2026-03-10,BA003616,9820002206
A002846,S02846,Girl Child Assistance,10935,Verified,2026-03-17,BA003617,9820002207
A002847,S02847,Post-Matric Technical,16132,Verified,2026-03-14,BA003618,9820002208
A002848,S02848,Merit Scholarship,16745,Verified,2026-03-15,BA003619,9820002209
A002849,S02849,SC/ST Welfare Scheme,11847,Verified,2026-03-19,BA003620,9820002210
A002850,S02850,Girl Child Assistance,12038,Verified,2026-03-24,BA003621,9820002211
A002851,S02851,Girl Child Assistance,12720,Verified,2026-03-16,BA003622,9820002212
A002852,S02852,Merit Scholarship,17508,Verified,2026-03-10,BA003623,9820002213
A002853,S02853,Minority Welfare,18351,Verified,2026-03-11,BA003624,9820002214
A002854,S02854,Minority Welfare,13820,Verified,2026-03-27,BA003625,9820002215
A002855,S02855,Girl Child Assistance,11374,Verified,2026-03-23,BA003626,9820002216
A002856,S02856,Post-Matric Technical,17218,Verified,2026-03-22,BA003627,9820002217
A002857,S02857,Post-Matric Technical,21288,Verified,2026-03-22,BA003628,9820002218
A002858,S02858,Minority Welfare,11110,Verified,2026-03-14,BA003629,9820002219
A002859,S02859,Minority Welfare,17831,Verified,2026-03-12,BA003630,9820002220
A002860,S02860,Merit Scholarship,13423,Verified,2026-03-23,BA003631,9820002221
A002861,S02861,Merit Scholarship,14459,Verified,2026-03-14,BA003632,9820002222
A002862,S02862,Merit Scholarship,29473,Verified,2026-03-17,BA003633,9820002223
A002863,S02863,Post-Matric Technical,15039,Verified,2026-03-22,BA003634,9820002224
A002864,S02864,Girl Child Assistance,8672,Verified,2026-03-19,BA003635,9820002225
A002865,S02865,Minority Welfare,15280,Verified,2026-03-19,BA003636,9820002226
A002866,S02866,Merit Scholarship,25500,Verified,2026-03-23,BA003637,9820002227
A002867,S02867,Girl Child Assistance,9514,Verified,2026-03-25,BA003638,9820002228
A002868,S02868,Girl Child Assistance,14811,Verified,2026-03-26,BA003639,9820002229
A002869,S02869,Girl Child Assistance,14730,Verified,2026-03-20,BA003640,9820002230
A002870,S02870,Girl Child Assistance,11786,Verified,2026-03-27,BA003641,9820002231
A002871,S02871,Merit Scholarship,15875,Verified,2026-03-11,BA003642,9820002232
A002872,S02872,Merit Scholarship,14005,Verified,2026-03-10,BA003643,9820002233
A002873,S02873,SC/ST Welfare Scheme,19102,Verified,2026-03-16,BA003644,9820002234
A002874,S02874,Girl Child Assistance,10880,Verified,2026-03-18,BA003645,9820002235
A002875,S02875,Minority Welfare,11487,Verified,2026-03-11,BA003646,9820002236
A002876,S02876,Post-Matric Technical,14856,Verified,2026-03-22,BA003647,9820002237
A002877,S02877,Girl Child Assistance,7424,Verified,2026-03-26,BA003648,9820002238
A002878,S02878,Merit Scholarship,25580,Verified,2026-03-11,BA003649,9820002239
A002879,S02879,Minority Welfare,12964,Verified,2026-03-18,BA003650,9820002240
A002880,S02880,Post-Matric Technical,18152,Verified,2026-03-22,BA003651,9820002241
A002881,S02881,Post-Matric Technical,16146,Verified,2026-03-25,BA003652,9820002242
A002882,S02882,Minority Welfare,13435,Verified,2026-03-17,BA003653,9820002243
A002883,S02883,SC/ST Welfare Scheme,18866,Verified,2026-03-19,BA003654,9820002244
A002884,S02884,Girl Child Assistance,13750,Verified,2026-03-17,BA003655,9820002245
A002885,S02885,Post-Matric Technical,10665,Verified,2026-03-15,BA003656,9820002246
A002886,S02886,Minority Welfare,18487,Verified,2026-03-14,BA003657,9820002247
A002887,S02887,SC/ST Welfare Scheme,21060,Verified,2026-03-20,BA003658,9820002248
A002888,S02888,SC/ST Welfare Scheme,15122,Verified,2026-03-13,BA003659,9820002249
A002889,S02889,SC/ST Welfare Scheme,18668,Verified,2026-03-11,BA003660,9820002250
A002890,S02890,SC/ST Welfare Scheme,13773,Verified,2026-03-21,BA003661,9820002251
A002891,S02891,SC/ST Welfare Scheme,15839,Verified,2026-03-28,BA003662,9820002252
A002892,S02892,Post-Matric Technical,9600,Verified,2026-03-20,BA003663,9820002253
A002893,S02893,Merit Scholarship,18587,Verified,2026-03-17,BA003664,9820002254
A002894,S02894,Post-Matric Technical,18122,Verified,2026-03-12,BA003665,9820002255
A002895,S02895,Girl Child Assistance,7512,Verified,2026-03-20,BA003666,9820002256
A002896,S02896,SC/ST Welfare Scheme,21942,Verified,2026-03-17,BA003667,9820002257
A002897,S02897,Girl Child Assistance,8540,Verified,2026-03-19,BA003668,9820002258
A002898,S02898,Merit Scholarship,17327,Verified,2026-03-28,BA003669,9820002259
A002899,S02899,SC/ST Welfare Scheme,17045,Verified,2026-03-18,BA003670,9820002260
A002900,S02900,Girl Child Assistance,7395,Verified,2026-03-27,BA003671,9820002261
A002901,S02901,Merit Scholarship,14784,Verified,2026-03-27,BA003672,9820002262
A002902,S02902,SC/ST Welfare Scheme,18431,Verified,2026-03-26,BA003673,9820002263
A002903,S02903,Girl Child Assistance,13349,Verified,2026-03-25,BA003674,9820002264
A002904,S02904,SC/ST Welfare Scheme,23804,Verified,2026-03-28,BA003675,9820002265
A002905,S02905,Post-Matric Technical,17854,Verified,2026-03-16,BA003676,9820002266
A002906,S02906,Merit Scholarship,15240,Verified,2026-03-18,BA003677,9820002267
A002907,S02907,Minority Welfare,11565,Verified,2026-03-10,BA003678,9820002268
A002908,S02908,Post-Matric Technical,18990,Verified,2026-03-25,BA003679,9820002269
A002909,S02909,SC/ST Welfare Scheme,19455,Verified,2026-03-11,BA003680,9820002270
A002910,S02910,Post-Matric Technical,19289,Verified,2026-03-20,BA003681,9820002271
A002911,S02911,Post-Matric Technical,15464,Verified,2026-03-10,BA003682,9820002272
A002912,S02912,Girl Child Assistance,13986,Verified,2026-03-28,BA003683,9820002273
A002913,S02913,SC/ST Welfare Scheme,18701,Verified,2026-03-20,BA003684,9820002274
A002914,S02914,Girl Child Assistance,7499,Verified,2026-03-14,BA003685,9820002275
A002915,S02915,Minority Welfare,14587,Verified,2026-03-14,BA003686,9820002276
A002916,S02916,SC/ST Welfare Scheme,15787,Verified,2026-03-17,BA003687,9820002277
A002917,S02917,SC/ST Welfare Scheme,14782,Verified,2026-03-24,BA003688,9820002278
A002918,S02918,Post-Matric Technical,18307,Verified,2026-03-15,BA003689,9820002279
A002919,S02919,Merit Scholarship,28648,Verified,2026-03-17,BA003690,9820002280
A002920,S02920,Merit Scholarship,24393,Verified,2026-03-23,BA003691,9820002281
A002921,S02921,SC/ST Welfare Scheme,21547,Verified,2026-03-23,BA003692,9820002282
A002922,S02922,Girl Child Assistance,9742,Verified,2026-03-27,BA003693,9820002283
A002923,S02923,Merit Scholarship,12040,Verified,2026-03-14,BA003694,9820002284
A002924,S02924,SC/ST Welfare Scheme,12200,Verified,2026-03-26,BA003695,9820002285
A002925,S02925,SC/ST Welfare Scheme,13463,Verified,2026-03-10,BA003696,9820002286
A002926,S02926,Post-Matric Technical,19801,Verified,2026-03-10,BA003697,9820002287
A002927,S02927,SC/ST Welfare Scheme,24019,Verified,2026-03-17,BA003698,9820002288
A002928,S02928,Post-Matric Technical,12220,Verified,2026-03-10,BA003699,9820002289
A002929,S02929,Merit Scholarship,21996,Verified,2026-03-16,BA003700,9820002290
A002930,S02930,Merit Scholarship,26522,Verified,2026-03-21,BA003701,9820002291
A002931,S02931,Minority Welfare,19754,Verified,2026-03-10,BA003702,9820002292
A002932,S02932,SC/ST Welfare Scheme,12092,Verified,2026-03-22,BA003703,9820002293
A002933,S02933,Minority Welfare,8570,Verified,2026-03-21,BA003704,9820002294
A002934,S02934,SC/ST Welfare Scheme,21588,Verified,2026-03-25,BA003705,9820002295
A002935,S02935,Minority Welfare,19707,Verified,2026-03-19,BA003706,9820002296
A002936,S02936,Minority Welfare,17623,Verified,2026-03-27,BA003707,9820002297
A002937,S02937,SC/ST Welfare Scheme,18126,Verified,2026-03-19,BA003708,9820002298
A002938,S02938,SC/ST Welfare Scheme,11767,Verified,2026-03-27,BA003709,9820002299
A002939,S02939,Post-Matric Technical,11446,Verified,2026-03-27,BA003710,9820002300
A002940,S02940,Minority Welfare,13492,Verified,2026-03-17,BA003711,9820002301
A002941,S02941,Minority Welfare,15795,Verified,2026-03-20,BA003712,9820002302
A002942,S02942,Minority Welfare,15559,Verified,2026-03-16,BA003713,9820002303
A002943,S02943,Merit Scholarship,24473,Verified,2026-03-28,BA003714,9820002304
A002944,S02944,Merit Scholarship,15930,Verified,2026-03-10,BA003715,9820002305
A002945,S02945,SC/ST Welfare Scheme,23234,Verified,2026-03-12,BA003716,9820002306
A002946,S02946,SC/ST Welfare Scheme,23517,Verified,2026-03-17,BA003717,9820002307
A002947,S02947,Minority Welfare,10966,Verified,2026-03-16,BA003718,9820002308
A002948,S02948,Merit Scholarship,26617,Verified,2026-03-25,BA003719,9820002309
A002949,S02949,Minority Welfare,10138,Verified,2026-03-25,BA003720,9820002310
A002950,S02950,Girl Child Assistance,14950,Verified,2026-03-14,BA003721,9820002311
A002951,S02951,SC/ST Welfare Scheme,19420,Verified,2026-03-13,BA003722,9820002312
A002952,S02952,Girl Child Assistance,14215,Verified,2026-03-22,BA003723,9820002313
A002953,S02953,Girl Child Assistance,8039,Verified,2026-03-16,BA003724,9820002314
A002954,S02954,Merit Scholarship,12774,Verified,2026-03-26,BA003725,9820002315
A002955,S02955,Girl Child Assistance,13933,Verified,2026-03-28,BA003726,9820002316
A002956,S02956,Merit Scholarship,29337,Verified,2026-03-16,BA003727,9820002317
A002957,S02957,Minority Welfare,15160,Verified,2026-03-18,BA003728,9820002318
A002958,S02958,Girl Child Assistance,10360,Verified,2026-03-20,BA003729,9820002319
A002959,S02959,Merit Scholarship,12476,Verified,2026-03-21,BA003730,9820002320
A002960,S02960,Merit Scholarship,24350,Verified,2026-03-17,BA003731,9820002321
A002961,S02961,Post-Matric Technical,21584,Verified,2026-03-28,BA003732,9820002322
A002962,S02962,Post-Matric Technical,10512,Verified,2026-03-22,BA003733,9820002323
A002963,S02963,Post-Matric Technical,9732,Verified,2026-03-22,BA003734,9820002324
A002964,S02964,SC/ST Welfare Scheme,14227,Verified,2026-03-22,BA003735,9820002325
A002965,S02965,Girl Child Assistance,10559,Verified,2026-03-13,BA003736,9820002326
A002966,S02966,Post-Matric Technical,10514,Verified,2026-03-27,BA003737,9820002327
A002967,S02967,Girl Child Assistance,12209,Verified,2026-03-18,BA003738,9820002328
A002968,S02968,SC/ST Welfare Scheme,10491,Verified,2026-03-24,BA003739,9820002329
A002969,S02969,Girl Child Assistance,8214,Verified,2026-03-11,BA003740,9820002330
A002970,S02970,SC/ST Welfare Scheme,18832,Verified,2026-03-12,BA003741,9820002331
A002971,S02971,Minority Welfare,10305,Verified,2026-03-11,BA003742,9820002332
A002972,S02972,Merit Scholarship,27321,Verified,2026-03-17,BA003743,9820002333
A002973,S02973,Post-Matric Technical,13827,Verified,2026-03-12,BA003744,9820002334
A002974,S02974,Girl Child Assistance,12624,Verified,2026-03-23,BA003745,9820002335
A002975,S02975,SC/ST Welfare Scheme,17612,Verified,2026-03-15,BA003746,9820002336
A002976,S02976,Post-Matric Technical,12969,Verified,2026-03-26,BA003747,9820002337
A002977,S02977,Merit Scholarship,25999,Verified,2026-03-12,BA003748,9820002338
A002978,S02978,SC/ST Welfare Scheme,17035,Verified,2026-03-23,BA003749,9820002339
A002979,S02979,SC/ST Welfare Scheme,13584,Verified,2026-03-19,BA003750,9820002340
A002980,S02980,Merit Scholarship,23991,Verified,2026-03-25,BA003751,9820002341
A002981,S02981,Post-Matric Technical,17761,Verified,2026-03-15,BA003752,9820002342
A002982,S02982,Merit Scholarship,24918,Verified,2026-03-24,BA003753,9820002343
A002983,S02983,Post-Matric Technical,10254,Verified,2026-03-24,BA003754,9820002344
A002984,S02984,Girl Child Assistance,10826,Verified,2026-03-12,BA003755,9820002345
A002985,S02985,Minority Welfare,12937,Verified,2026-03-14,BA003756,9820002346
A002986,S02986,SC/ST Welfare Scheme,21895,Verified,2026-03-23,BA003757,9820002347
A002987,S02987,Minority Welfare,13837,Verified,2026-03-15,BA003758,9820002348
A002988,S02988,Minority Welfare,12637,Verified,2026-03-12,BA003759,9820002349
A002989,S02989,Girl Child Assistance,9040,Verified,2026-03-10,BA003760,9820002350
A002990,S02990,SC/ST Welfare Scheme,12928,Verified,2026-03-12,BA003761,9820002351
A002991,S02991,Post-Matric Technical,10611,Verified,2026-03-13,BA003762,9820002352
A002992,S02992,SC/ST Welfare Scheme,11347,Verified,2026-03-15,BA003763,9820002353
A002993,S02993,Post-Matric Technical,11331,Verified,2026-03-13,BA003764,9820002354
A002994,S02994,Minority Welfare,17743,Verified,2026-03-24,BA003765,9820002355
A002995,S02995,SC/ST Welfare Scheme,22291,Verified,2026-03-25,BA003766,9820002356
A002996,S02996,Girl Child Assistance,13206,Verified,2026-03-22,BA003767,9820002357
A002997,S02997,Girl Child Assistance,9333,Verified,2026-03-24,BA003768,9820002358
A002998,S02998,Merit Scholarship,23164,Verified,2026-03-17,BA003769,9820002359
A002999,S02999,Merit Scholarship,27455,Verified,2026-03-14,BA003770,9820002360
A003000,S03000,Minority Welfare,8450,Verified,2026-03-27,BA003771,9820002361
A003001,S03001,Post-Matric Technical,21695,Verified,2026-03-13,BA003772,9820002362
A003002,S03002,Minority Welfare,9737,Verified,2026-03-10,BA003773,9820002363
A003003,S03003,Merit Scholarship,12482,Verified,2026-03-15,BA003774,9820002364
A003004,S03004,Minority Welfare,10658,Verified,2026-03-13,BA003775,9820002365
A003005,S03005,Post-Matric Technical,19917,Verified,2026-03-25,BA003776,9820002366
A003006,S03006,SC/ST Welfare Scheme,14028,Verified,2026-03-28,BA003777,9820002367
A003007,S03007,Minority Welfare,9191,Verified,2026-03-10,BA003778,9820002368
A003008,S03008,Minority Welfare,12227,Verified,2026-03-15,BA003779,9820002369
A003009,S03009,Merit Scholarship,21595,Verified,2026-03-26,BA003780,9820002370
A003010,S03010,SC/ST Welfare Scheme,10253,Verified,2026-03-20,BA003781,9820002371
A003011,S03011,SC/ST Welfare Scheme,21440,Verified,2026-03-19,BA003782,9820002372
A003012,S03012,Minority Welfare,9486,Verified,2026-03-12,BA003783,9820002373
A003013,S03013,Merit Scholarship,28566,Verified,2026-03-28,BA003784,9820002374
A003014,S03014,SC/ST Welfare Scheme,22197,Verified,2026-03-13,BA003785,9820002375
A003015,S03015,Post-Matric Technical,21535,Verified,2026-03-28,BA003786,9820002376
A003016,S03016,SC/ST Welfare Scheme,22491,Verified,2026-03-24,BA003787,9820002377
A003017,S03017,Merit Scholarship,27157,Verified,2026-03-24,BA003788,9820002378
A003018,S03018,Post-Matric Technical,17192,Verified,2026-03-24,BA003789,9820002379
A003019,S03019,SC/ST Welfare Scheme,11002,Verified,2026-03-16,BA003790,9820002380
A003020,S03020,Minority Welfare,9194,Verified,2026-03-19,BA003791,9820002381
A003021,S03021,Post-Matric Technical,21316,Verified,2026-03-22,BA003792,9820002382
A003022,S03022,Post-Matric Technical,16022,Verified,2026-03-18,BA003793,9820002383
A003023,S03023,Minority Welfare,16986,Verified,2026-03-22,BA003794,9820002384
A003024,S03024,SC/ST Welfare Scheme,21829,Verified,2026-03-26,BA003795,9820002385
A003025,S03025,Merit Scholarship,17779,Verified,2026-03-11,BA003796,9820002386
A003026,S03026,Minority Welfare,16598,Verified,2026-03-14,BA003797,9820002387
A003027,S03027,Merit Scholarship,12289,Verified,2026-03-20,BA003798,9820002388
A003028,S03028,SC/ST Welfare Scheme,18195,Verified,2026-03-24,BA003799,9820002389
A003029,S03029,SC/ST Welfare Scheme,12411,Verified,2026-03-15,BA003800,9820002390
A003030,S03030,Minority Welfare,10884,Verified,2026-03-15,BA003801,9820002391
A003031,S03031,Merit Scholarship,28115,Verified,2026-03-13,BA003802,9820002392
A003032,S03032,SC/ST Welfare Scheme,23715,Verified,2026-03-27,BA003803,9820002393
A003033,S03033,Merit Scholarship,17871,Verified,2026-03-15,BA003804,9820002394
A003034,S03034,Post-Matric Technical,20118,Verified,2026-03-22,BA003805,9820002395
A003035,S03035,Merit Scholarship,14634,Verified,2026-03-22,BA003806,9820002396
A003036,S03036,Merit Scholarship,18497,Verified,2026-03-16,BA003807,9820002397
A003037,S03037,Minority Welfare,17227,Verified,2026-03-18,BA003808,9820002398
A003038,S03038,Girl Child Assistance,10257,Verified,2026-03-20,BA003809,9820002399
A003039,S03039,SC/ST Welfare Scheme,13587,Verified,2026-03-17,BA003810,9820002400
A003040,S03040,Post-Matric Technical,15350,Verified,2026-03-17,BA003811,9820002401
A003041,S03041,Girl Child Assistance,10236,Verified,2026-03-20,BA003812,9820002402
A003042,S03042,Girl Child Assistance,11007,Verified,2026-03-18,BA003813,9820002403
A003043,S03043,Girl Child Assistance,14135,Verified,2026-03-10,BA003814,9820002404
A003044,S03044,Merit Scholarship,18100,Verified,2026-03-12,BA003815,9820002405
A003045,S03045,Minority Welfare,10570,Verified,2026-03-21,BA003816,9820002406
A003046,S03046,Merit Scholarship,17045,Verified,2026-03-21,BA003817,9820002407
A003047,S03047,Merit Scholarship,13094,Verified,2026-03-17,BA003818,9820002408
A003048,S03048,Girl Child Assistance,8586,Verified,2026-03-17,BA003819,9820002409
A003049,S03049,Minority Welfare,13682,Verified,2026-03-28,BA003820,9820002410
A003050,S03050,Merit Scholarship,13885,Verified,2026-03-24,BA003821,9820002411
A003051,S03051,SC/ST Welfare Scheme,13976,Verified,2026-03-25,BA003822,9820002412
A003052,S03052,Post-Matric Technical,9243,Verified,2026-03-22,BA003823,9820002413
A003053,S03053,SC/ST Welfare Scheme,12169,Verified,2026-03-15,BA003824,9820002414
A003054,S03054,Minority Welfare,14566,Verified,2026-03-14,BA003825,9820002415
A003055,S03055,Post-Matric Technical,11324,Verified,2026-03-10,BA003826,9820002416
A003056,S03056,Minority Welfare,18810,Verified,2026-03-27,BA003827,9820002417
A003057,S03057,SC/ST Welfare Scheme,24091,Verified,2026-03-20,BA003828,9820002418
A003058,S03058,Minority Welfare,8808,Verified,2026-03-26,BA003829,9820002419
A003059,S03059,Post-Matric Technical,13117,Verified,2026-03-14,BA003830,9820002420
A003060,S03060,Girl Child Assistance,12737,Verified,2026-03-27,BA003831,9820002421
A003061,S03061,Merit Scholarship,24524,Verified,2026-03-28,BA003832,9820002422
A003062,S03062,Minority Welfare,15045,Verified,2026-03-21,BA003833,9820002423
A003063,S03063,Merit Scholarship,29031,Verified,2026-03-20,BA003834,9820002424
A003064,S03064,Girl Child Assistance,14968,Verified,2026-03-20,BA003835,9820002425
A003065,S03065,Minority Welfare,18788,Verified,2026-03-28,BA003836,9820002426
A003066,S03066,Minority Welfare,17594,Verified,2026-03-22,BA003837,9820002427
A003067,S03067,Minority Welfare,18873,Verified,2026-03-22,BA003838,9820002428
A003068,S03068,Post-Matric Technical,13127,Verified,2026-03-15,BA003839,9820002429
A003069,S03069,Minority Welfare,8220,Verified,2026-03-23,BA003840,9820002430
A003070,S03070,Post-Matric Technical,13297,Verified,2026-03-20,BA003841,9820002431
A003071,S03071,Post-Matric Technical,20750,Verified,2026-03-17,BA003842,9820002432
A003072,S03072,Merit Scholarship,18579,Verified,2026-03-27,BA003843,9820002433
A003073,S03073,Post-Matric Technical,15879,Verified,2026-03-10,BA003844,9820002434
A003074,S03074,Merit Scholarship,25696,Verified,2026-03-11,BA003845,9820002435
A003075,S03075,Minority Welfare,13334,Verified,2026-03-17,BA003846,9820002436
A003076,S03076,Post-Matric Technical,12652,Verified,2026-03-13,BA003847,9820002437
A003077,S03077,Minority Welfare,15131,Verified,2026-03-19,BA003848,9820002438
A003078,S03078,Merit Scholarship,18443,Verified,2026-03-24,BA003849,9820002439
A003079,S03079,Post-Matric Technical,21944,Verified,2026-03-18,BA003850,9820002440
A003080,S03080,SC/ST Welfare Scheme,15573,Verified,2026-03-13,BA003851,9820002441
A003081,S03081,Merit Scholarship,17988,Verified,2026-03-11,BA003852,9820002442
A003082,S03082,Post-Matric Technical,17129,Verified,2026-03-15,BA003853,9820002443
A003083,S03083,SC/ST Welfare Scheme,10176,Verified,2026-03-15,BA003854,9820002444
A003084,S03084,Girl Child Assistance,11582,Verified,2026-03-28,BA003855,9820002445
A003085,S03085,Minority Welfare,8052,Verified,2026-03-20,BA003856,9820002446
A003086,S03086,SC/ST Welfare Scheme,21896,Verified,2026-03-18,BA003857,9820002447
A003087,S03087,Girl Child Assistance,9145,Verified,2026-03-23,BA003858,9820002448
A003088,S03088,Post-Matric Technical,17277,Verified,2026-03-26,BA003859,9820002449
A003089,S03089,Merit Scholarship,20401,Verified,2026-03-23,BA003860,9820002450
A003090,S03090,Post-Matric Technical,21814,Verified,2026-03-12,BA003861,9820002451
A003091,S03091,Merit Scholarship,27577,Verified,2026-03-15,BA003862,9820002452
A003092,S03092,Merit Scholarship,12669,Verified,2026-03-19,BA003863,9820002453
A003093,S03093,Post-Matric Technical,18701,Verified,2026-03-26,BA003864,9820002454
A003094,S03094,Post-Matric Technical,15628,Verified,2026-03-25,BA003865,9820002455
A003095,S03095,Minority Welfare,9331,Verified,2026-03-10,BA003866,9820002456
A003096,S03096,Girl Child Assistance,9699,Verified,2026-03-11,BA003867,9820002457
A003097,S03097,Girl Child Assistance,12061,Verified,2026-03-26,BA003868,9820002458
A003098,S03098,SC/ST Welfare Scheme,14959,Verified,2026-03-28,BA003869,9820002459
A003099,S03099,Post-Matric Technical,15577,Verified,2026-03-24,BA003870,9820002460
A003100,S03100,Minority Welfare,10668,Verified,2026-03-28,BA003871,9820002461
A003101,S03101,Girl Child Assistance,11395,Verified,2026-03-15,BA003872,9820002462
A003102,S03102,Post-Matric Technical,10481,Verified,2026-03-24,BA003873,9820002463
A003103,S03103,SC/ST Welfare Scheme,21763,Verified,2026-03-28,BA003874,9820002464
A003104,S03104,Minority Welfare,18481,Verified,2026-03-10,BA003875,9820002465
A003105,S03105,Girl Child Assistance,12053,Verified,2026-03-20,BA003876,9820002466
A003106,S03106,SC/ST Welfare Scheme,24949,Verified,2026-03-26,BA003877,9820002467
A003107,S03107,Merit Scholarship,15658,Verified,2026-03-23,BA003878,9820002468
A003108,S03108,Merit Scholarship,19267,Verified,2026-03-13,BA003879,9820002469
A003109,S03109,Girl Child Assistance,9069,Verified,2026-03-28,BA003880,9820002470
A003110,S03110,Girl Child Assistance,13346,Verified,2026-03-11,BA003881,9820002471
A003111,S03111,Girl Child Assistance,7254,Verified,2026-03-26,BA003882,9820002472
A003112,S03112,Merit Scholarship,17426,Verified,2026-03-23,BA003883,9820002473
A003113,S03113,SC/ST Welfare Scheme,12413,Verified,2026-03-26,BA003884,9820002474
A003114,S03114,Girl Child Assistance,7616,Verified,2026-03-23,BA003885,9820002475
A003115,S03115,Merit Scholarship,24842,Verified,2026-03-14,BA003886,9820002476
A003116,S03116,Minority Welfare,15475,Verified,2026-03-11,BA003887,9820002477
A003117,S03117,Minority Welfare,17746,Verified,2026-03-22,BA003888,9820002478
A003118,S03118,Girl Child Assistance,7089,Verified,2026-03-19,BA003889,9820002479
A003119,S03119,SC/ST Welfare Scheme,15967,Verified,2026-03-17,BA003890,9820002480
A003120,S03120,SC/ST Welfare Scheme,14094,Verified,2026-03-22,BA003891,9820002481
A003121,S03121,Minority Welfare,11642,Verified,2026-03-23,BA003892,9820002482
A003122,S03122,Girl Child Assistance,7133,Verified,2026-03-17,BA003893,9820002483
A003123,S03123,Girl Child Assistance,10026,Verified,2026-03-18,BA003894,9820002484
A003124,S03124,Minority Welfare,15595,Verified,2026-03-26,BA003895,9820002485
A003125,S03125,Minority Welfare,8827,Verified,2026-03-18,BA003896,9820002486
A003126,S03126,Minority Welfare,8181,Verified,2026-03-22,BA003897,9820002487
A003127,S03127,Girl Child Assistance,12384,Verified,2026-03-14,BA003898,9820002488
A003128,S03128,Girl Child Assistance,10801,Verified,2026-03-25,BA003899,9820002489
A003129,S03129,Post-Matric Technical,13120,Verified,2026-03-17,BA003900,9820002490
A003130,S03130,Girl Child Assistance,8032,Verified,2026-03-22,BA003901,9820002491
A003131,S03131,SC/ST Welfare Scheme,20107,Verified,2026-03-12,BA003902,9820002492
A003132,S03132,Minority Welfare,9158,Verified,2026-03-16,BA003903,9820002493
A003133,S03133,Girl Child Assistance,12020,Verified,2026-03-27,BA003904,9820002494
A003134,S03134,Post-Matric Technical,11218,Verified,2026-03-19,BA003905,9820002495
A003135,S03135,Minority Welfare,14989,Verified,2026-03-23,BA003906,9820002496
A003136,S03136,Girl Child Assistance,13363,Verified,2026-03-27,BA003907,9820002497
A003137,S03137,SC/ST Welfare Scheme,14030,Verified,2026-03-10,BA003908,9820002498
A003138,S03138,Merit Scholarship,17011,Verified,2026-03-19,BA003909,9820002499
A003139,S03139,SC/ST Welfare Scheme,13181,Verified,2026-03-25,BA003910,9820002500
A003140,S03140,Merit Scholarship,17556,Verified,2026-03-12,BA003911,9820002501
A003141,S03141,Merit Scholarship,22928,Verified,2026-03-28,BA003912,9820002502
A003142,S03142,Post-Matric Technical,13886,Verified,2026-03-15,BA003913,9820002503
A003143,S03143,SC/ST Welfare Scheme,10420,Verified,2026-03-24,BA003914,9820002504
A003144,S03144,Minority Welfare,15707,Verified,2026-03-23,BA003915,9820002505
A003145,S03145,Girl Child Assistance,8957,Verified,2026-03-15,BA003916,9820002506
A003146,S03146,SC/ST Welfare Scheme,19912,Verified,2026-03-12,BA003917,9820002507
A003147,S03147,SC/ST Welfare Scheme,14444,Verified,2026-03-22,BA003918,9820002508
A003148,S03148,Merit Scholarship,27492,Verified,2026-03-10,BA003919,9820002509
A003149,S03149,Minority Welfare,16840,Verified,2026-03-18,BA003920,9820002510
A003150,S03150,Girl Child Assistance,11420,Verified,2026-03-10,BA003921,9820002511
A003151,S03151,Minority Welfare,16912,Verified,2026-03-27,BA003922,9820002512
A003152,S03152,Merit Scholarship,16966,Verified,2026-03-22,BA003923,9820002513
A003153,S03153,SC/ST Welfare Scheme,24204,Verified,2026-03-16,BA003924,9820002514
A003154,S03154,Minority Welfare,12914,Verified,2026-03-18,BA003925,9820002515
A003155,S03155,Merit Scholarship,27825,Verified,2026-03-11,BA003926,9820002516
A003156,S03156,Merit Scholarship,21245,Verified,2026-03-17,BA003927,9820002517
A003157,S03157,Minority Welfare,13546,Verified,2026-03-27,BA003928,9820002518
A003158,S03158,Post-Matric Technical,18732,Verified,2026-03-22,BA003929,9820002519
A003159,S03159,Minority Welfare,15821,Verified,2026-03-18,BA003930,9820002520
A003160,S03160,Post-Matric Technical,21657,Verified,2026-03-14,BA003931,9820002521
A003161,S03161,Merit Scholarship,20922,Verified,2026-03-23,BA003932,9820002522
A003162,S03162,Minority Welfare,17440,Verified,2026-03-22,BA003933,9820002523
A003163,S03163,Minority Welfare,15965,Verified,2026-03-27,BA003934,9820002524
A003164,S03164,Post-Matric Technical,9680,Verified,2026-03-22,BA003935,9820002525
A003165,S03165,Merit Scholarship,20715,Verified,2026-03-10,BA003936,9820002526
A003166,S03166,Minority Welfare,8961,Verified,2026-03-17,BA003937,9820002527
A003167,S03167,Merit Scholarship,27318,Verified,2026-03-21,BA003938,9820002528
A003168,S03168,Minority Welfare,16739,Verified,2026-03-23,BA003939,9820002529
A003169,S03169,SC/ST Welfare Scheme,19675,Verified,2026-03-14,BA003940,9820002530
A003170,S03170,Girl Child Assistance,8844,Verified,2026-03-26,BA003941,9820002531
A003171,S03171,Girl Child Assistance,8731,Verified,2026-03-19,BA003942,9820002532
A003172,S03172,Post-Matric Technical,11447,Verified,2026-03-13,BA003943,9820002533
A003173,S03173,SC/ST Welfare Scheme,12286,Verified,2026-03-19,BA003944,9820002534
A003174,S03174,Merit Scholarship,25814,Verified,2026-03-22,BA003945,9820002535
A003175,S03175,Merit Scholarship,14223,Verified,2026-03-24,BA003946,9820002536
A003176,S03176,Merit Scholarship,13768,Verified,2026-03-21,BA003947,9820002537
A003177,S03177,SC/ST Welfare Scheme,15039,Verified,2026-03-24,BA003948,9820002538
A003178,S03178,SC/ST Welfare Scheme,23298,Verified,2026-03-20,BA003949,9820002539
A003179,S03179,Post-Matric Technical,20771,Verified,2026-03-22,BA003950,9820002540
A003180,S03180,Merit Scholarship,28216,Verified,2026-03-18,BA003951,9820002541
A003181,S03181,SC/ST Welfare Scheme,23886,Verified,2026-03-25,BA003952,9820002542
A003182,S03182,Merit Scholarship,12836,Verified,2026-03-21,BA003953,9820002543
A003183,S03183,Minority Welfare,11446,Verified,2026-03-28,BA003954,9820002544
A003184,S03184,Minority Welfare,10684,Verified,2026-03-22,BA003955,9820002545
A003185,S03185,Girl Child Assistance,8306,Verified,2026-03-17,BA003956,9820002546
A003186,S03186,Minority Welfare,8355,Verified,2026-03-28,BA003957,9820002547
A003187,S03187,Merit Scholarship,16531,Verified,2026-03-16,BA003958,9820002548
A003188,S03188,Girl Child Assistance,12510,Verified,2026-03-25,BA003959,9820002549
A003189,S03189,Merit Scholarship,22603,Verified,2026-03-23,BA003960,9820002550
A003190,S03190,Merit Scholarship,21317,Verified,2026-03-17,BA003961,9820002551
A003191,S03191,Post-Matric Technical,16649,Verified,2026-03-16,BA003962,9820002552
A003192,S03192,Girl Child Assistance,12981,Verified,2026-03-25,BA003963,9820002553
A003193,S03193,Merit Scholarship,22262,Verified,2026-03-15,BA003964,9820002554
A003194,S03194,SC/ST Welfare Scheme,21600,Verified,2026-03-19,BA003965,9820002555
A003195,S03195,SC/ST Welfare Scheme,17012,Verified,2026-03-24,BA003966,9820002556
A003196,S03196,Merit Scholarship,13311,Verified,2026-03-17,BA003967,9820002557
A003197,S03197,SC/ST Welfare Scheme,14632,Verified,2026-03-28,BA003968,9820002558
A003198,S03198,Post-Matric Technical,18618,Verified,2026-03-28,BA003969,9820002559
A003199,S03199,Girl Child Assistance,11145,Verified,2026-03-23,BA003970,9820002560
A003200,S03200,SC/ST Welfare Scheme,21504,Verified,2026-03-16,BA003971,9820002561
A003201,S03201,Post-Matric Technical,10661,Verified,2026-03-14,BA003972,9820002562
A003202,S03202,Girl Child Assistance,12045,Verified,2026-03-19,BA003973,9820002563
A003203,S03203,Merit Scholarship,16504,Verified,2026-03-16,BA003974,9820002564
A003204,S03204,Post-Matric Technical,15515,Verified,2026-03-24,BA003975,9820002565
A003205,S03205,Girl Child Assistance,11473,Verified,2026-03-25,BA003976,9820002566
A003206,S03206,SC/ST Welfare Scheme,21428,Verified,2026-03-12,BA003977,9820002567
A003207,S03207,Girl Child Assistance,12566,Verified,2026-03-20,BA003978,9820002568
A003208,S03208,Girl Child Assistance,8977,Verified,2026-03-10,BA003979,9820002569
A003209,S03209,Merit Scholarship,25132,Verified,2026-03-14,BA003980,9820002570
A003210,S03210,SC/ST Welfare Scheme,14551,Verified,2026-03-20,BA003981,9820002571
A003211,S03211,Post-Matric Technical,13174,Verified,2026-03-25,BA003982,9820002572
A003212,S03212,Merit Scholarship,25596,Verified,2026-03-26,BA003983,9820002573
A003213,S03213,SC/ST Welfare Scheme,24610,Verified,2026-03-18,BA003984,9820002574
A003214,S03214,Girl Child Assistance,13567,Verified,2026-03-16,BA003985,9820002575
A003215,S03215,Girl Child Assistance,7343,Verified,2026-03-12,BA003986,9820002576
A003216,S03216,Merit Scholarship,28799,Verified,2026-03-23,BA003987,9820002577
A003217,S03217,SC/ST Welfare Scheme,24297,Verified,2026-03-18,BA003988,9820002578
A003218,S03218,Girl Child Assistance,11975,Verified,2026-03-25,BA003989,9820002579
A003219,S03219,Girl Child Assistance,7897,Verified,2026-03-16,BA003990,9820002580
A003220,S03220,Girl Child Assistance,8676,Verified,2026-03-21,BA003991,9820002581
A003221,S03221,SC/ST Welfare Scheme,13649,Verified,2026-03-28,BA003992,9820002582
A003222,S03222,SC/ST Welfare Scheme,10017,Verified,2026-03-15,BA003993,9820002583
A003223,S03223,Merit Scholarship,12575,Verified,2026-03-24,BA003994,9820002584
A003224,S03224,Merit Scholarship,27067,Verified,2026-03-25,BA003995,9820002585
A003225,S03225,SC/ST Welfare Scheme,22088,Verified,2026-03-18,BA003996,9820002586
A003226,S03226,Merit Scholarship,29039,Verified,2026-03-22,BA003997,9820002587
A003227,S03227,Merit Scholarship,23815,Verified,2026-03-27,BA003998,9820002588
A003228,S03228,SC/ST Welfare Scheme,18459,Verified,2026-03-16,BA003999,9820002589
A003229,S03229,Minority Welfare,9416,Verified,2026-03-21,BA004000,9820002590
A003230,S03230,Merit Scholarship,23855,Verified,2026-03-20,BA004001,9820002591
A003231,S03231,Girl Child Assistance,8183,Verified,2026-03-17,BA004002,9820002592
A003232,S03232,Girl Child Assistance,10862,Verified,2026-03-28,BA004003,9820002593
A003233,S03233,Post-Matric Technical,13596,Verified,2026-03-24,BA004004,9820002594
A003234,S03234,SC/ST Welfare Scheme,15142,Verified,2026-03-16,BA004005,9820002595
A003235,S03235,Girl Child Assistance,11212,Verified,2026-03-12,BA004006,9820002596
A003236,S03236,Post-Matric Technical,15055,Verified,2026-03-26,BA004007,9820002597
A003237,S03237,Girl Child Assistance,7187,Verified,2026-03-14,BA004008,9820002598
A003238,S03238,Merit Scholarship,15564,Verified,2026-03-15,BA004009,9820002599
A003239,S03239,Girl Child Assistance,8267,Verified,2026-03-28,BA004010,9820002600
A003240,S03240,Merit Scholarship,28005,Verified,2026-03-10,BA004011,9820002601
A003241,S03241,Girl Child Assistance,8202,Verified,2026-03-28,BA004012,9820002602
A003242,S03242,Minority Welfare,15154,Verified,2026-03-19,BA004013,9820002603
A003243,S03243,SC/ST Welfare Scheme,13691,Verified,2026-03-16,BA004014,9820002604
A003244,S03244,Merit Scholarship,15327,Verified,2026-03-15,BA004015,9820002605
A003245,S03245,SC/ST Welfare Scheme,15856,Verified,2026-03-14,BA004016,9820002606
A003246,S03246,Girl Child Assistance,13735,Verified,2026-03-18,BA004017,9820002607
A003247,S03247,Girl Child Assistance,14790,Verified,2026-03-11,BA004018,9820002608
A003248,S03248,Minority Welfare,16777,Verified,2026-03-24,BA004019,9820002609
A003249,S03249,Post-Matric Technical,19467,Verified,2026-03-24,BA004020,9820002610
A003250,S03250,Merit Scholarship,20749,Verified,2026-03-21,BA004021,9820002611
A003251,S03251,Post-Matric Technical,16000,Verified,2026-03-19,BA004022,9820002612
A003252,S03252,Minority Welfare,16169,Verified,2026-03-26,BA004023,9820002613
A003253,S03253,Girl Child Assistance,8206,Verified,2026-03-24,BA004024,9820002614
A003254,S03254,Girl Child Assistance,11627,Verified,2026-03-12,BA004025,9820002615
A003255,S03255,SC/ST Welfare Scheme,16158,Verified,2026-03-21,BA004026,9820002616
A003256,S03256,SC/ST Welfare Scheme,16374,Verified,2026-03-10,BA004027,9820002617
A003257,S03257,SC/ST Welfare Scheme,12004,Verified,2026-03-21,BA004028,9820002618
A003258,S03258,Merit Scholarship,15765,Verified,2026-03-23,BA004029,9820002619
A003259,S03259,Merit Scholarship,14352,Verified,2026-03-19,BA004030,9820002620
A003260,S03260,SC/ST Welfare Scheme,21453,Verified,2026-03-11,BA004031,9820002621
A003261,S03261,Post-Matric Technical,11054,Verified,2026-03-27,BA004032,9820002622
A003262,S03262,Minority Welfare,18394,Verified,2026-03-21,BA004033,9820002623
A003263,S03263,Girl Child Assistance,10765,Verified,2026-03-13,BA004034,9820002624
A003264,S03264,Post-Matric Technical,15457,Verified,2026-03-17,BA004035,9820002625
A003265,S03265,Merit Scholarship,20803,Verified,2026-03-28,BA004036,9820002626
A003266,S03266,Minority Welfare,14897,Verified,2026-03-25,BA004037,9820002627
A003267,S03267,Merit Scholarship,21046,Verified,2026-03-22,BA004038,9820002628
A003268,S03268,Girl Child Assistance,10751,Verified,2026-03-19,BA004039,9820002629
A003269,S03269,SC/ST Welfare Scheme,14035,Verified,2026-03-25,BA004040,9820002630
A003270,S03270,Girl Child Assistance,14320,Verified,2026-03-20,BA004041,9820002631
A003271,S03271,Minority Welfare,8736,Verified,2026-03-10,BA004042,9820002632
A003272,S03272,Girl Child Assistance,9740,Verified,2026-03-20,BA004043,9820002633
A003273,S03273,SC/ST Welfare Scheme,18739,Verified,2026-03-27,BA004044,9820002634
A003274,S03274,Post-Matric Technical,14917,Verified,2026-03-18,BA004045,9820002635
A003275,S03275,Merit Scholarship,15750,Verified,2026-03-18,BA004046,9820002636
A003276,S03276,Girl Child Assistance,14166,Verified,2026-03-10,BA004047,9820002637
A003277,S03277,Post-Matric Technical,15127,Verified,2026-03-26,BA004048,9820002638
A003278,S03278,Girl Child Assistance,11770,Verified,2026-03-12,BA004049,9820002639
A003279,S03279,SC/ST Welfare Scheme,10242,Verified,2026-03-25,BA004050,9820002640
A003280,S03280,Merit Scholarship,25868,Verified,2026-03-19,BA004051,9820002641
A003281,S03281,Merit Scholarship,18485,Verified,2026-03-17,BA004052,9820002642
A003282,S03282,Minority Welfare,8864,Verified,2026-03-15,BA004053,9820002643
A003283,S03283,Post-Matric Technical,14348,Verified,2026-03-14,BA004054,9820002644
A003284,S03284,Merit Scholarship,27741,Verified,2026-03-11,BA004055,9820002645
A003285,S03285,SC/ST Welfare Scheme,13371,Verified,2026-03-26,BA004056,9820002646
A003286,S03286,Minority Welfare,17619,Verified,2026-03-14,BA004057,9820002647
A003287,S03287,SC/ST Welfare Scheme,13403,Verified,2026-03-18,BA004058,9820002648
A003288,S03288,Girl Child Assistance,9978,Verified,2026-03-15,BA004059,9820002649
A003289,S03289,Minority Welfare,13460,Verified,2026-03-14,BA004060,9820002650
A003290,S03290,Post-Matric Technical,21993,Verified,2026-03-10,BA004061,9820002651
A003291,S03291,Post-Matric Technical,13055,Verified,2026-03-23,BA004062,9820002652
A003292,S03292,Minority Welfare,11801,Verified,2026-03-21,BA004063,9820002653
A003293,S03293,SC/ST Welfare Scheme,11086,Verified,2026-03-18,BA004064,9820002654
A003294,S03294,Minority Welfare,18151,Verified,2026-03-23,BA004065,9820002655
A003295,S03295,Post-Matric Technical,11609,Verified,2026-03-19,BA004066,9820002656
A003296,S03296,Post-Matric Technical,12414,Verified,2026-03-27,BA004067,9820002657
A003297,S03297,Girl Child Assistance,13184,Verified,2026-03-22,BA004068,9820002658
A003298,S03298,SC/ST Welfare Scheme,20501,Verified,2026-03-24,BA004069,9820002659
A003299,S03299,Girl Child Assistance,11097,Verified,2026-03-23,BA004070,9820002660
A003300,S03300,Post-Matric Technical,11410,Verified,2026-03-19,BA004071,9820002661
A003301,S03301,Girl Child Assistance,14048,Verified,2026-03-17,BA004072,9820002662
A003302,S03302,Girl Child Assistance,7239,Verified,2026-03-17,BA004073,9820002663
A003303,S03303,Post-Matric Technical,17786,Verified,2026-03-23,BA004074,9820002664
A003304,S03304,Merit Scholarship,18815,Verified,2026-03-13,BA004075,9820002665
A003305,S03305,Post-Matric Technical,19525,Verified,2026-03-18,BA004076,9820002666
A003306,S03306,Minority Welfare,11133,Verified,2026-03-13,BA004077,9820002667
A003307,S03307,Girl Child Assistance,11691,Verified,2026-03-18,BA004078,9820002668
A003308,S03308,Merit Scholarship,21572,Verified,2026-03-28,BA004079,9820002669
A003309,S03309,Post-Matric Technical,18831,Verified,2026-03-13,BA004080,9820002670
A003310,S03310,Merit Scholarship,25151,Verified,2026-03-17,BA004081,9820002671
A003311,S03311,Merit Scholarship,27795,Verified,2026-03-16,BA004082,9820002672
A003312,S03312,SC/ST Welfare Scheme,11165,Verified,2026-03-23,BA004083,9820002673
A003313,S03313,Merit Scholarship,14720,Verified,2026-03-10,BA004084,9820002674
A003314,S03314,Minority Welfare,14835,Verified,2026-03-23,BA004085,9820002675
A003315,S03315,Merit Scholarship,15997,Verified,2026-03-16,BA004086,9820002676
A003316,S03316,SC/ST Welfare Scheme,15230,Verified,2026-03-16,BA004087,9820002677
A003317,S03317,Post-Matric Technical,9962,Verified,2026-03-12,BA004088,9820002678
A003318,S03318,Merit Scholarship,15203,Verified,2026-03-28,BA004089,9820002679
A003319,S03319,Merit Scholarship,14892,Verified,2026-03-19,BA004090,9820002680
A003320,S03320,Girl Child Assistance,14650,Verified,2026-03-12,BA004091,9820002681
A003321,S03321,Girl Child Assistance,11539,Verified,2026-03-12,BA004092,9820002682
A003322,S03322,SC/ST Welfare Scheme,22819,Verified,2026-03-28,BA004093,9820002683
A003323,S03323,Minority Welfare,13497,Verified,2026-03-16,BA004094,9820002684
A003324,S03324,Post-Matric Technical,17976,Verified,2026-03-18,BA004095,9820002685
A003325,S03325,Minority Welfare,13952,Verified,2026-03-19,BA004096,9820002686
A003326,S03326,Post-Matric Technical,15978,Verified,2026-03-22,BA004097,9820002687
A003327,S03327,Minority Welfare,18869,Verified,2026-03-22,BA004098,9820002688
A003328,S03328,Girl Child Assistance,12934,Verified,2026-03-12,BA004099,9820002689
A003329,S03329,Minority Welfare,8130,Verified,2026-03-25,BA004100,9820002690
A003330,S03330,SC/ST Welfare Scheme,23408,Verified,2026-03-22,BA004101,9820002691
A003331,S03331,Minority Welfare,18455,Verified,2026-03-23,BA004102,9820002692
A003332,S03332,SC/ST Welfare Scheme,12305,Verified,2026-03-10,BA004103,9820002693
A003333,S03333,Girl Child Assistance,11523,Verified,2026-03-14,BA004104,9820002694
A003334,S03334,SC/ST Welfare Scheme,12548,Verified,2026-03-26,BA004105,9820002695
A003335,S03335,Girl Child Assistance,11540,Verified,2026-03-18,BA004106,9820002696
A003336,S03336,Minority Welfare,13685,Verified,2026-03-10,BA004107,9820002697
A003337,S03337,Post-Matric Technical,10927,Verified,2026-03-21,BA004108,9820002698
A003338,S03338,Girl Child Assistance,8045,Verified,2026-03-27,BA004109,9820002699
A003339,S03339,SC/ST Welfare Scheme,20047,Verified,2026-03-20,BA004110,9820002700
A003340,S03340,Merit Scholarship,25434,Verified,2026-03-24,BA004111,9820002701
A003341,S03341,Minority Welfare,13641,Verified,2026-03-25,BA004112,9820002702
A003342,S03342,Post-Matric Technical,12635,Verified,2026-03-24,BA004113,9820002703
A003343,S03343,Minority Welfare,13294,Verified,2026-03-21,BA004114,9820002704
A003344,S03344,Girl Child Assistance,11717,Verified,2026-03-10,BA004115,9820002705
A003345,S03345,Girl Child Assistance,11450,Verified,2026-03-23,BA004116,9820002706
A003346,S03346,Merit Scholarship,19652,Verified,2026-03-24,BA004117,9820002707
A003347,S03347,Merit Scholarship,14264,Verified,2026-03-19,BA004118,9820002708
A003348,S03348,Merit Scholarship,25057,Verified,2026-03-15,BA004119,9820002709
A003349,S03349,Post-Matric Technical,20064,Verified,2026-03-15,BA004120,9820002710
A003350,S03350,SC/ST Welfare Scheme,22563,Verified,2026-03-11,BA004121,9820002711
A003351,S03351,Minority Welfare,13367,Verified,2026-03-27,BA004122,9820002712
A003352,S03352,Girl Child Assistance,13627,Verified,2026-03-22,BA004123,9820002713
A003353,S03353,SC/ST Welfare Scheme,20167,Verified,2026-03-20,BA004124,9820002714
A003354,S03354,Minority Welfare,10282,Verified,2026-03-26,BA004125,9820002715
A003355,S03355,Merit Scholarship,14970,Verified,2026-03-24,BA004126,9820002716
A003356,S03356,Minority Welfare,9425,Verified,2026-03-23,BA004127,9820002717
A003357,S03357,Minority Welfare,11439,Verified,2026-03-25,BA004128,9820002718
A003358,S03358,SC/ST Welfare Scheme,13778,Verified,2026-03-28,BA004129,9820002719
A003359,S03359,Girl Child Assistance,7780,Verified,2026-03-28,BA004130,9820002720
A003360,S03360,Minority Welfare,17899,Verified,2026-03-25,BA004131,9820002721
A003361,S03361,Merit Scholarship,16791,Verified,2026-03-15,BA004132,9820002722
A003362,S03362,SC/ST Welfare Scheme,16036,Verified,2026-03-21,BA004133,9820002723
A003363,S03363,Minority Welfare,11839,Verified,2026-03-12,BA004134,9820002724
A003364,S03364,Post-Matric Technical,13745,Verified,2026-03-24,BA004135,9820002725
A003365,S03365,Merit Scholarship,15421,Verified,2026-03-12,BA004136,9820002726
A003366,S03366,Post-Matric Technical,11896,Verified,2026-03-25,BA004137,9820002727
A003367,S03367,Girl Child Assistance,10332,Verified,2026-03-12,BA004138,9820002728
A003368,S03368,Merit Scholarship,29927,Verified,2026-03-24,BA004139,9820002729
A003369,S03369,Post-Matric Technical,16967,Verified,2026-03-13,BA004140,9820002730
A003370,S03370,Merit Scholarship,21321,Verified,2026-03-26,BA004141,9820002731
A003371,S03371,Post-Matric Technical,9473,Verified,2026-03-17,BA004142,9820002732
A003372,S03372,Minority Welfare,9198,Verified,2026-03-16,BA004143,9820002733
A003373,S03373,Girl Child Assistance,14953,Verified,2026-03-25,BA004144,9820002734
A003374,S03374,Post-Matric Technical,14611,Verified,2026-03-28,BA004145,9820002735
A003375,S03375,Minority Welfare,8496,Verified,2026-03-22,BA004146,9820002736
A003376,S03376,Post-Matric Technical,21992,Verified,2026-03-17,BA004147,9820002737
A003377,S03377,Post-Matric Technical,14987,Verified,2026-03-22,BA004148,9820002738
A003378,S03378,Girl Child Assistance,11188,Verified,2026-03-19,BA004149,9820002739
A003379,S03379,Girl Child Assistance,8131,Verified,2026-03-20,BA004150,9820002740
A003380,S03380,Minority Welfare,13469,Verified,2026-03-13,BA004151,9820002741
A003381,S03381,Post-Matric Technical,21119,Verified,2026-03-20,BA004152,9820002742
A003382,S03382,Minority Welfare,17429,Verified,2026-03-13,BA004153,9820002743
A003383,S03383,SC/ST Welfare Scheme,19012,Verified,2026-03-10,BA004154,9820002744
A003384,S03384,Girl Child Assistance,11257,Verified,2026-03-19,BA004155,9820002745
A003385,S03385,Minority Welfare,10359,Verified,2026-03-17,BA004156,9820002746
A003386,S03386,Minority Welfare,12419,Verified,2026-03-20,BA004157,9820002747
A003387,S03387,Post-Matric Technical,12599,Verified,2026-03-14,BA004158,9820002748
A003388,S03388,Merit Scholarship,13605,Verified,2026-03-26,BA004159,9820002749
A003389,S03389,Minority Welfare,15395,Verified,2026-03-28,BA004160,9820002750
A003390,S03390,Girl Child Assistance,12227,Verified,2026-03-12,BA004161,9820002751
A003391,S03391,SC/ST Welfare Scheme,19212,Verified,2026-03-21,BA004162,9820002752
A003392,S03392,Merit Scholarship,24110,Verified,2026-03-12,BA004163,9820002753
A003393,S03393,Merit Scholarship,29386,Verified,2026-03-11,BA004164,9820002754
A003394,S03394,Girl Child Assistance,7558,Verified,2026-03-11,BA004165,9820002755
A003395,S03395,Merit Scholarship,22819,Verified,2026-03-16,BA004166,9820002756
A003396,S03396,SC/ST Welfare Scheme,15238,Verified,2026-03-21,BA004167,9820002757
A003397,S03397,Girl Child Assistance,7901,Verified,2026-03-25,BA004168,9820002758
A003398,S03398,Merit Scholarship,15365,Verified,2026-03-22,BA004169,9820002759
A003399,S03399,Minority Welfare,14951,Verified,2026-03-26,BA004170,9820002760
A003400,S03400,Girl Child Assistance,13028,Verified,2026-03-26,BA004171,9820002761
A003401,S03401,Post-Matric Technical,12397,Verified,2026-03-21,BA004172,9820002762
A003402,S03402,Girl Child Assistance,12780,Verified,2026-03-14,BA004173,9820002763
A003403,S03403,Minority Welfare,14556,Verified,2026-03-14,BA004174,9820002764
A003404,S03404,Post-Matric Technical,17837,Verified,2026-03-18,BA004175,9820002765
A003405,S03405,Girl Child Assistance,11222,Verified,2026-03-20,BA004176,9820002766
A003406,S03406,Post-Matric Technical,18177,Verified,2026-03-17,BA004177,9820002767
A003407,S03407,SC/ST Welfare Scheme,14912,Verified,2026-03-23,BA004178,9820002768
A003408,S03408,Girl Child Assistance,14568,Verified,2026-03-25,BA004179,9820002769
A003409,S03409,Merit Scholarship,26938,Verified,2026-03-13,BA004180,9820002770
A003410,S03410,SC/ST Welfare Scheme,17876,Verified,2026-03-26,BA004181,9820002771
A003411,S03411,Girl Child Assistance,8159,Verified,2026-03-18,BA004182,9820002772
A003412,S03412,SC/ST Welfare Scheme,22105,Verified,2026-03-25,BA004183,9820002773
A003413,S03413,Girl Child Assistance,12168,Verified,2026-03-25,BA004184,9820002774
A003414,S03414,Girl Child Assistance,10729,Verified,2026-03-23,BA004185,9820002775
A003415,S03415,Post-Matric Technical,20688,Verified,2026-03-21,BA004186,9820002776
A003416,S03416,SC/ST Welfare Scheme,13215,Verified,2026-03-24,BA004187,9820002777
A003417,S03417,Minority Welfare,8217,Verified,2026-03-24,BA004188,9820002778
A003418,S03418,Post-Matric Technical,10868,Verified,2026-03-20,BA004189,9820002779
A003419,S03419,Merit Scholarship,16960,Verified,2026-03-23,BA004190,9820002780
A003420,S03420,Minority Welfare,11423,Verified,2026-03-18,BA004191,9820002781
A003421,S03421,Post-Matric Technical,17198,Verified,2026-03-16,BA004192,9820002782
A003422,S03422,Girl Child Assistance,10866,Verified,2026-03-28,BA004193,9820002783
A003423,S03423,Minority Welfare,11933,Verified,2026-03-14,BA004194,9820002784
A003424,S03424,Post-Matric Technical,14977,Verified,2026-03-14,BA004195,9820002785
A003425,S03425,Girl Child Assistance,8052,Verified,2026-03-19,BA004196,9820002786
A003426,S03426,Minority Welfare,12983,Verified,2026-03-22,BA004197,9820002787
A003427,S03427,Merit Scholarship,18649,Verified,2026-03-11,BA004198,9820002788
A003428,S03428,Post-Matric Technical,21494,Verified,2026-03-16,BA004199,9820002789
A003429,S03429,Merit Scholarship,29073,Verified,2026-03-13,BA004200,9820002790
A003430,S03430,Girl Child Assistance,9751,Verified,2026-03-18,BA004201,9820002791
A003431,S03431,Girl Child Assistance,8807,Verified,2026-03-24,BA004202,9820002792
A003432,S03432,Post-Matric Technical,17386,Verified,2026-03-12,BA004203,9820002793
A003433,S03433,Post-Matric Technical,21600,Verified,2026-03-24,BA004204,9820002794
A003434,S03434,Minority Welfare,16986,Verified,2026-03-16,BA004205,9820002795
A003435,S03435,Minority Welfare,10044,Verified,2026-03-19,BA004206,9820002796
A003436,S03436,Minority Welfare,8471,Verified,2026-03-13,BA004207,9820002797
A003437,S03437,Post-Matric Technical,17696,Verified,2026-03-27,BA004208,9820002798
A003438,S03438,Post-Matric Technical,19727,Verified,2026-03-22,BA004209,9820002799
A003439,S03439,Minority Welfare,19323,Verified,2026-03-26,BA004210,9820002800
A003440,S03440,Minority Welfare,13322,Verified,2026-03-15,BA004211,9820002801
A003441,S03441,Girl Child Assistance,11781,Verified,2026-03-17,BA004212,9820002802
A003442,S03442,Minority Welfare,15616,Verified,2026-03-14,BA004213,9820002803
A003443,S03443,Post-Matric Technical,17719,Verified,2026-03-10,BA004214,9820002804
A003444,S03444,SC/ST Welfare Scheme,17910,Verified,2026-03-27,BA004215,9820002805
A003445,S03445,Minority Welfare,16730,Verified,2026-03-24,BA004216,9820002806
A003446,S03446,SC/ST Welfare Scheme,20673,Verified,2026-03-21,BA004217,9820002807
A003447,S03447,SC/ST Welfare Scheme,20476,Verified,2026-03-24,BA004218,9820002808
A003448,S03448,Merit Scholarship,16046,Verified,2026-03-13,BA004219,9820002809
A003449,S03449,Merit Scholarship,12752,Verified,2026-03-22,BA004220,9820002810
A003450,S03450,Minority Welfare,9950,Verified,2026-03-27,BA004221,9820002811
A003451,S03451,Merit Scholarship,20574,Verified,2026-03-15,BA004222,9820002812
A003452,S03452,Minority Welfare,18404,Verified,2026-03-19,BA004223,9820002813
A003453,S03453,Post-Matric Technical,18790,Verified,2026-03-21,BA004224,9820002814
A003454,S03454,Post-Matric Technical,17076,Verified,2026-03-16,BA004225,9820002815
A003455,S03455,SC/ST Welfare Scheme,24685,Verified,2026-03-27,BA004226,9820002816
A003456,S03456,SC/ST Welfare Scheme,14385,Verified,2026-03-26,BA004227,9820002817
A003457,S03457,Minority Welfare,14823,Verified,2026-03-25,BA004228,9820002818
A003458,S03458,SC/ST Welfare Scheme,24101,Verified,2026-03-24,BA004229,9820002819
A003459,S03459,Merit Scholarship,19157,Verified,2026-03-18,BA004230,9820002820
A003460,S03460,Post-Matric Technical,9389,Verified,2026-03-19,BA004231,9820002821
A003461,S03461,Merit Scholarship,12268,Verified,2026-03-11,BA004232,9820002822
A003462,S03462,Girl Child Assistance,10829,Verified,2026-03-24,BA004233,9820002823
A003463,S03463,Minority Welfare,8078,Verified,2026-03-17,BA004234,9820002824
A003464,S03464,SC/ST Welfare Scheme,21085,Verified,2026-03-14,BA004235,9820002825
A003465,S03465,Merit Scholarship,14121,Verified,2026-03-14,BA004236,9820002826
A003466,S03466,Minority Welfare,13416,Verified,2026-03-16,BA004237,9820002827
A003467,S03467,Merit Scholarship,23729,Verified,2026-03-15,BA004238,9820002828
A003468,S03468,Girl Child Assistance,7909,Verified,2026-03-11,BA004239,9820002829
A003469,S03469,Girl Child Assistance,9126,Verified,2026-03-23,BA004240,9820002830
A003470,S03470,Merit Scholarship,27618,Verified,2026-03-19,BA004241,9820002831
A003471,S03471,Minority Welfare,16909,Verified,2026-03-13,BA004242,9820002832
A003472,S03472,Post-Matric Technical,10423,Verified,2026-03-20,BA004243,9820002833
A003473,S03473,Minority Welfare,12219,Verified,2026-03-26,BA004244,9820002834
A003474,S03474,Post-Matric Technical,9970,Verified,2026-03-23,BA004245,9820002835
A003475,S03475,Post-Matric Technical,17094,Verified,2026-03-11,BA004246,9820002836
A003476,S03476,SC/ST Welfare Scheme,21855,Verified,2026-03-23,BA004247,9820002837
A003477,S03477,Merit Scholarship,29386,Verified,2026-03-11,BA004248,9820002838
A003478,S03478,Merit Scholarship,16759,Verified,2026-03-21,BA004249,9820002839
A003479,S03479,Merit Scholarship,16342,Verified,2026-03-25,BA004250,9820002840
A003480,S03480,Post-Matric Technical,10805,Verified,2026-03-20,BA004251,9820002841
A003481,S03481,SC/ST Welfare Scheme,17141,Verified,2026-03-21,BA004252,9820002842
A003482,S03482,Merit Scholarship,27848,Verified,2026-03-13,BA004253,9820002843
A003483,S03483,Minority Welfare,13566,Verified,2026-03-12,BA004254,9820002844
A003484,S03484,Girl Child Assistance,7683,Verified,2026-03-11,BA004255,9820002845
A003485,S03485,Girl Child Assistance,13445,Verified,2026-03-20,BA004256,9820002846
A003486,S03486,Post-Matric Technical,11243,Verified,2026-03-28,BA004257,9820002847
A003487,S03487,Merit Scholarship,20332,Verified,2026-03-18,BA004258,9820002848
A003488,S03488,Minority Welfare,16531,Verified,2026-03-17,BA004259,9820002849
A003489,S03489,Minority Welfare,16241,Verified,2026-03-22,BA004260,9820002850
A003490,S03490,Minority Welfare,19777,Verified,2026-03-16,BA004261,9820002851
A003491,S03491,Post-Matric Technical,17273,Verified,2026-03-13,BA004262,9820002852
A003492,S03492,Girl Child Assistance,7397,Verified,2026-03-20,BA004263,9820002853
A003493,S03493,Post-Matric Technical,17772,Verified,2026-03-27,BA004264,9820002854
A003494,S03494,Minority Welfare,19011,Verified,2026-03-22,BA004265,9820002855
A003495,S03495,Post-Matric Technical,13022,Verified,2026-03-22,BA004266,9820002856
A003496,S03496,Girl Child Assistance,10949,Verified,2026-03-15,BA004267,9820002857
A003497,S03497,Minority Welfare,9870,Verified,2026-03-23,BA004268,9820002858
A003498,S03498,Merit Scholarship,27033,Verified,2026-03-10,BA004269,9820002859
A003499,S03499,Merit Scholarship,20504,Verified,2026-03-21,BA004270,9820002860
A003500,S03500,Girl Child Assistance,7941,Verified,2026-03-15,BA004271,9820002861
A003501,S03501,Minority Welfare,16199,Verified,2026-03-23,BA004272,9820002862
A003502,S03502,Girl Child Assistance,10290,Verified,2026-03-22,BA004273,9820002863
A003503,S03503,SC/ST Welfare Scheme,22246,Verified,2026-03-19,BA004274,9820002864
A003504,S03504,Minority Welfare,12946,Verified,2026-03-19,BA004275,9820002865
A003505,S03505,Post-Matric Technical,16488,Verified,2026-03-23,BA004276,9820002866
A003506,S03506,Merit Scholarship,15692,Verified,2026-03-22,BA004277,9820002867
A003507,S03507,Post-Matric Technical,18263,Verified,2026-03-22,BA004278,9820002868
A003508,S03508,Merit Scholarship,19580,Verified,2026-03-10,BA004279,9820002869
A003509,S03509,Post-Matric Technical,10290,Verified,2026-03-21,BA004280,9820002870
A003510,S03510,Girl Child Assistance,9701,Verified,2026-03-17,BA004281,9820002871
A003511,S03511,SC/ST Welfare Scheme,18900,Verified,2026-03-24,BA004282,9820002872
A003512,S03512,SC/ST Welfare Scheme,11433,Verified,2026-03-27,BA004283,9820002873
A003513,S03513,Post-Matric Technical,19040,Verified,2026-03-26,BA004284,9820002874
A003514,S03514,SC/ST Welfare Scheme,15172,Verified,2026-03-15,BA004285,9820002875
A003515,S03515,Merit Scholarship,15110,Verified,2026-03-27,BA004286,9820002876
A003516,S03516,Merit Scholarship,22268,Verified,2026-03-23,BA004287,9820002877
A003517,S03517,Minority Welfare,10916,Verified,2026-03-23,BA004288,9820002878
A003518,S03518,Girl Child Assistance,7581,Verified,2026-03-12,BA004289,9820002879
A003519,S03519,Girl Child Assistance,7387,Verified,2026-03-13,BA004290,9820002880
A003520,S03520,Post-Matric Technical,20194,Verified,2026-03-15,BA004291,9820002881
A003521,S03521,Minority Welfare,16632,Verified,2026-03-20,BA004292,9820002882
A003522,S03522,Merit Scholarship,17352,Verified,2026-03-21,BA004293,9820002883
A003523,S03523,SC/ST Welfare Scheme,18981,Verified,2026-03-13,BA004294,9820002884
A003524,S03524,Minority Welfare,13603,Verified,2026-03-13,BA004295,9820002885
A003525,S03525,Girl Child Assistance,14399,Verified,2026-03-18,BA004296,9820002886
A003526,S03526,Minority Welfare,8611,Verified,2026-03-13,BA004297,9820002887
A003527,S03527,Girl Child Assistance,9607,Verified,2026-03-17,BA004298,9820002888
A003528,S03528,Merit Scholarship,25105,Verified,2026-03-26,BA004299,9820002889
A003529,S03529,Merit Scholarship,27231,Verified,2026-03-14,BA004300,9820002890
A003530,S03530,Girl Child Assistance,10960,Verified,2026-03-16,BA004301,9820002891
A003531,S03531,Merit Scholarship,18295,Verified,2026-03-23,BA004302,9820002892
A003532,S03532,Post-Matric Technical,20572,Verified,2026-03-15,BA004303,9820002893
A003533,S03533,Minority Welfare,12024,Verified,2026-03-15,BA004304,9820002894
A003534,S03534,Merit Scholarship,20796,Verified,2026-03-15,BA004305,9820002895
A003535,S03535,SC/ST Welfare Scheme,23246,Verified,2026-03-21,BA004306,9820002896
A003536,S03536,Post-Matric Technical,19949,Verified,2026-03-26,BA004307,9820002897
A003537,S03537,Post-Matric Technical,14759,Verified,2026-03-16,BA004308,9820002898
A003538,S03538,Minority Welfare,18424,Verified,2026-03-14,BA004309,9820002899
A003539,S03539,Girl Child Assistance,13388,Verified,2026-03-12,BA004310,9820002900
A003540,S03540,Post-Matric Technical,18726,Verified,2026-03-15,BA004311,9820002901
A003541,S03541,Minority Welfare,10750,Verified,2026-03-28,BA004312,9820002902
A003542,S03542,Post-Matric Technical,17876,Verified,2026-03-16,BA004313,9820002903
A003543,S03543,Minority Welfare,14957,Verified,2026-03-15,BA004314,9820002904
A003544,S03544,Post-Matric Technical,17827,Verified,2026-03-17,BA004315,9820002905
A003545,S03545,SC/ST Welfare Scheme,21987,Verified,2026-03-11,BA004316,9820002906
A003546,S03546,SC/ST Welfare Scheme,21918,Verified,2026-03-27,BA004317,9820002907
A003547,S03547,Minority Welfare,8355,Verified,2026-03-28,BA004318,9820002908
A003548,S03548,Girl Child Assistance,13910,Verified,2026-03-10,BA004319,9820002909
A003549,S03549,Girl Child Assistance,13877,Verified,2026-03-25,BA004320,9820002910
A003550,S03550,Post-Matric Technical,18697,Verified,2026-03-28,BA004321,9820002911
A003551,S03551,Girl Child Assistance,12284,Verified,2026-03-22,BA004322,9820002912
A003552,S03552,Post-Matric Technical,20481,Verified,2026-03-13,BA004323,9820002913
A003553,S03553,Merit Scholarship,26428,Verified,2026-03-12,BA004324,9820002914
A003554,S03554,Girl Child Assistance,10935,Verified,2026-03-21,BA004325,9820002915
A003555,S03555,Merit Scholarship,24594,Verified,2026-03-25,BA004326,9820002916
A003556,S03556,Minority Welfare,18005,Verified,2026-03-23,BA004327,9820002917
A003557,S03557,SC/ST Welfare Scheme,21590,Verified,2026-03-28,BA004328,9820002918
A003558,S03558,Merit Scholarship,14362,Verified,2026-03-25,BA004329,9820002919
A003559,S03559,SC/ST Welfare Scheme,21181,Verified,2026-03-17,BA004330,9820002920
A003560,S03560,Post-Matric Technical,21936,Verified,2026-03-12,BA004331,9820002921
A003561,S03561,Girl Child Assistance,10156,Verified,2026-03-16,BA004332,9820002922
A003562,S03562,Merit Scholarship,16630,Verified,2026-03-24,BA004333,9820002923
A003563,S03563,SC/ST Welfare Scheme,18252,Verified,2026-03-21,BA004334,9820002924
A003564,S03564,Post-Matric Technical,16779,Verified,2026-03-11,BA004335,9820002925
A003565,S03565,Minority Welfare,12608,Verified,2026-03-16,BA004336,9820002926
A003566,S03566,Girl Child Assistance,7589,Verified,2026-03-14,BA004337,9820002927
A003567,S03567,Post-Matric Technical,11032,Verified,2026-03-24,BA004338,9820002928
A003568,S03568,Post-Matric Technical,11226,Verified,2026-03-22,BA004339,9820002929
A003569,S03569,Girl Child Assistance,11061,Verified,2026-03-21,BA004340,9820002930
A003570,S03570,Minority Welfare,11117,Verified,2026-03-24,BA004341,9820002931
A003571,S03571,Merit Scholarship,27575,Verified,2026-03-19,BA004342,9820002932
A003572,S03572,Merit Scholarship,22096,Verified,2026-03-24,BA004343,9820002933
A003573,S03573,Merit Scholarship,13906,Verified,2026-03-11,BA004344,9820002934
A003574,S03574,Merit Scholarship,28588,Verified,2026-03-14,BA004345,9820002935
A003575,S03575,SC/ST Welfare Scheme,15987,Verified,2026-03-17,BA004346,9820002936
A003576,S03576,Minority Welfare,18343,Verified,2026-03-10,BA004347,9820002937
A003577,S03577,Girl Child Assistance,12453,Verified,2026-03-21,BA004348,9820002938
A003578,S03578,Girl Child Assistance,11486,Verified,2026-03-13,BA004349,9820002939
A003579,S03579,Post-Matric Technical,16706,Verified,2026-03-24,BA004350,9820002940
A003580,S03580,Post-Matric Technical,20805,Verified,2026-03-24,BA004351,9820002941
A003581,S03581,Post-Matric Technical,11181,Verified,2026-03-21,BA004352,9820002942
A003582,S03582,Girl Child Assistance,7555,Verified,2026-03-18,BA004353,9820002943
A003583,S03583,Minority Welfare,8284,Verified,2026-03-20,BA004354,9820002944
A003584,S03584,Minority Welfare,12151,Verified,2026-03-11,BA004355,9820002945
A003585,S03585,Merit Scholarship,19983,Verified,2026-03-16,BA004356,9820002946
A003586,S03586,Girl Child Assistance,14083,Verified,2026-03-19,BA004357,9820002947
A003587,S03587,SC/ST Welfare Scheme,18266,Verified,2026-03-25,BA004358,9820002948
A003588,S03588,Girl Child Assistance,14082,Verified,2026-03-25,BA004359,9820002949
A003589,S03589,Merit Scholarship,28846,Verified,2026-03-21,BA004360,9820002950
A003590,S03590,SC/ST Welfare Scheme,18638,Verified,2026-03-27,BA004361,9820002951
A003591,S03591,Merit Scholarship,14489,Verified,2026-03-15,BA004362,9820002952
A003592,S03592,Girl Child Assistance,13208,Verified,2026-03-15,BA004363,9820002953
A003593,S03593,Merit Scholarship,13345,Verified,2026-03-11,BA004364,9820002954
A003594,S03594,SC/ST Welfare Scheme,19940,Verified,2026-03-15,BA004365,9820002955
A003595,S03595,Girl Child Assistance,14567,Verified,2026-03-13,BA004366,9820002956
A003596,S03596,Minority Welfare,12845,Verified,2026-03-22,BA004367,9820002957
A003597,S03597,SC/ST Welfare Scheme,10638,Verified,2026-03-16,BA004368,9820002958
A003598,S03598,Merit Scholarship,15270,Verified,2026-03-11,BA004369,9820002959
A003599,S03599,SC/ST Welfare Scheme,13889,Verified,2026-03-19,BA004370,9820002960
A003600,S03600,Merit Scholarship,16632,Verified,2026-03-23,BA004371,9820002961
A003601,S03601,Post-Matric Technical,20383,Verified,2026-03-22,BA004372,9820002962
A003602,S03602,Merit Scholarship,16390,Verified,2026-03-13,BA004373,9820002963
A003603,S03603,Girl Child Assistance,8396,Verified,2026-03-22,BA004374,9820002964
A003604,S03604,Girl Child Assistance,14638,Verified,2026-03-12,BA004375,9820002965
A003605,S03605,SC/ST Welfare Scheme,12587,Verified,2026-03-14,BA004376,9820002966
A003606,S03606,Post-Matric Technical,17082,Verified,2026-03-14,BA004377,9820002967
A003607,S03607,Post-Matric Technical,20750,Verified,2026-03-11,BA004378,9820002968
A003608,S03608,Merit Scholarship,12522,Verified,2026-03-22,BA004379,9820002969
A003609,S03609,Minority Welfare,12922,Verified,2026-03-25,BA004380,9820002970
A003610,S03610,Post-Matric Technical,9381,Verified,2026-03-18,BA004381,9820002971
A003611,S03611,Girl Child Assistance,14377,Verified,2026-03-22,BA004382,9820002972
A003612,S03612,Post-Matric Technical,17063,Verified,2026-03-26,BA004383,9820002973
A003613,S03613,Post-Matric Technical,19797,Verified,2026-03-11,BA004384,9820002974
A003614,S03614,Minority Welfare,19909,Verified,2026-03-16,BA004385,9820002975
A003615,S03615,Girl Child Assistance,8698,Verified,2026-03-20,BA004386,9820002976
A003616,S03616,SC/ST Welfare Scheme,12760,Verified,2026-03-28,BA004387,9820002977
A003617,S03617,Merit Scholarship,26434,Verified,2026-03-14,BA004388,9820002978
A003618,S03618,Merit Scholarship,13844,Verified,2026-03-28,BA004389,9820002979
A003619,S03619,Post-Matric Technical,21619,Verified,2026-03-23,BA004390,9820002980
A003620,S03620,Minority Welfare,16762,Verified,2026-03-15,BA004391,9820002981
A003621,S03621,Girl Child Assistance,8717,Verified,2026-03-11,BA004392,9820002982
A003622,S03622,SC/ST Welfare Scheme,24854,Verified,2026-03-23,BA004393,9820002983
A003623,S03623,Post-Matric Technical,18413,Verified,2026-03-20,BA004394,9820002984
A003624,S03624,Minority Welfare,13646,Verified,2026-03-20,BA004395,9820002985
A003625,S03625,Girl Child Assistance,12781,Verified,2026-03-19,BA004396,9820002986
A003626,S03626,Minority Welfare,18680,Verified,2026-03-13,BA004397,9820002987
A003627,S03627,Minority Welfare,18507,Verified,2026-03-23,BA004398,9820002988
A003628,S03628,Post-Matric Technical,9816,Verified,2026-03-28,BA004399,9820002989
A003629,S03629,Minority Welfare,13362,Verified,2026-03-28,BA004400,9820002990
A003630,S03630,Minority Welfare,16871,Verified,2026-03-16,BA004401,9820002991
A003631,S03631,Minority Welfare,8807,Verified,2026-03-12,BA004402,9820002992
A003632,S03632,Merit Scholarship,12164,Verified,2026-03-12,BA004403,9820002993
A003633,S03633,Minority Welfare,13667,Verified,2026-03-20,BA004404,9820002994
A003634,S03634,Merit Scholarship,13340,Verified,2026-03-23,BA004405,9820002995
A003635,S03635,Post-Matric Technical,12378,Verified,2026-03-22,BA004406,9820002996
A003636,S03636,Merit Scholarship,23436,Verified,2026-03-23,BA004407,9820002997
A003637,S03637,Minority Welfare,19839,Verified,2026-03-16,BA004408,9820002998
A003638,S03638,Post-Matric Technical,10463,Verified,2026-03-15,BA004409,9820002999
A003639,S03639,Minority Welfare,8041,Verified,2026-03-24,BA004410,9820003000
A003640,S03640,SC/ST Welfare Scheme,17472,Verified,2026-03-25,BA004411,9820003001
A003641,S03641,Girl Child Assistance,8687,Verified,2026-03-13,BA004412,9820003002
A003642,S03642,Girl Child Assistance,12430,Verified,2026-03-28,BA004413,9820003003
A003643,S03643,Post-Matric Technical,14343,Verified,2026-03-19,BA004414,9820003004
A003644,S03644,Minority Welfare,15712,Verified,2026-03-25,BA004415,9820003005
A003645,S03645,Girl Child Assistance,10317,Verified,2026-03-17,BA004416,9820003006
A003646,S03646,Minority Welfare,18878,Verified,2026-03-11,BA004417,9820003007
A003647,S03647,SC/ST Welfare Scheme,20866,Verified,2026-03-12,BA004418,9820003008
A003648,S03648,Minority Welfare,13517,Verified,2026-03-22,BA004419,9820003009
A003649,S03649,SC/ST Welfare Scheme,15387,Verified,2026-03-21,BA004420,9820003010
A003650,S03650,SC/ST Welfare Scheme,16109,Verified,2026-03-21,BA004421,9820003011
A003651,S03651,Girl Child Assistance,7800,Verified,2026-03-23,BA004422,9820003012
A003652,S03652,Girl Child Assistance,13362,Verified,2026-03-16,BA004423,9820003013
A003653,S03653,SC/ST Welfare Scheme,19714,Verified,2026-03-24,BA004424,9820003014
A003654,S03654,Girl Child Assistance,9861,Verified,2026-03-20,BA004425,9820003015
A003655,S03655,Minority Welfare,8416,Verified,2026-03-16,BA004426,9820003016
A003656,S03656,Post-Matric Technical,10718,Verified,2026-03-24,BA004427,9820003017
A003657,S03657,Girl Child Assistance,11893,Verified,2026-03-15,BA004428,9820003018
A003658,S03658,Merit Scholarship,23965,Verified,2026-03-28,BA004429,9820003019
A003659,S03659,Girl Child Assistance,8967,Verified,2026-03-21,BA004430,9820003020
A003660,S03660,Post-Matric Technical,11176,Verified,2026-03-27,BA004431,9820003021
A003661,S03661,Merit Scholarship,14438,Verified,2026-03-18,BA004432,9820003022
A003662,S03662,SC/ST Welfare Scheme,13714,Verified,2026-03-23,BA004433,9820003023
A003663,S03663,Minority Welfare,12391,Verified,2026-03-26,BA004434,9820003024
A003664,S03664,Merit Scholarship,19481,Verified,2026-03-21,BA004435,9820003025
A003665,S03665,Minority Welfare,11887,Verified,2026-03-25,BA004436,9820003026
A003666,S03666,Merit Scholarship,14898,Verified,2026-03-14,BA004437,9820003027
A003667,S03667,Minority Welfare,9772,Verified,2026-03-28,BA004438,9820003028
A003668,S03668,Girl Child Assistance,9507,Verified,2026-03-22,BA004439,9820003029
A003669,S03669,SC/ST Welfare Scheme,15194,Verified,2026-03-18,BA004440,9820003030
A003670,S03670,Girl Child Assistance,14547,Verified,2026-03-24,BA004441,9820003031
A003671,S03671,SC/ST Welfare Scheme,17283,Verified,2026-03-23,BA004442,9820003032
A003672,S03672,Girl Child Assistance,10129,Verified,2026-03-14,BA004443,9820003033
A003673,S03673,Girl Child Assistance,10628,Verified,2026-03-15,BA004444,9820003034
A003674,S03674,Merit Scholarship,24939,Verified,2026-03-19,BA004445,9820003035
A003675,S03675,Girl Child Assistance,8943,Verified,2026-03-24,BA004446,9820003036
A003676,S03676,SC/ST Welfare Scheme,21289,Verified,2026-03-12,BA004447,9820003037
A003677,S03677,Post-Matric Technical,13911,Verified,2026-03-13,BA004448,9820003038
A003678,S03678,Minority Welfare,12872,Verified,2026-03-20,BA004449,9820003039
A003679,S03679,Post-Matric Technical,20217,Verified,2026-03-17,BA004450,9820003040
A003680,S03680,SC/ST Welfare Scheme,22299,Verified,2026-03-25,BA004451,9820003041
A003681,S03681,SC/ST Welfare Scheme,19049,Verified,2026-03-12,BA004452,9820003042
A003682,S03682,Minority Welfare,8176,Verified,2026-03-24,BA004453,9820003043
A003683,S03683,Minority Welfare,8056,Verified,2026-03-14,BA004454,9820003044
A003684,S03684,Merit Scholarship,12342,Verified,2026-03-14,BA004455,9820003045
A003685,S03685,Girl Child Assistance,7677,Verified,2026-03-10,BA004456,9820003046
A003686,S03686,SC/ST Welfare Scheme,14156,Verified,2026-03-22,BA004457,9820003047
A003687,S03687,SC/ST Welfare Scheme,22536,Verified,2026-03-12,BA004458,9820003048
A003688,S03688,Minority Welfare,17550,Verified,2026-03-25,BA004459,9820003049
A003689,S03689,Girl Child Assistance,8574,Verified,2026-03-11,BA004460,9820003050
A003690,S03690,Merit Scholarship,24516,Verified,2026-03-10,BA004461,9820003051
A003691,S03691,SC/ST Welfare Scheme,16310,Verified,2026-03-27,BA004462,9820003052
A003692,S03692,Post-Matric Technical,19931,Verified,2026-03-23,BA004463,9820003053
A003693,S03693,SC/ST Welfare Scheme,23795,Verified,2026-03-17,BA004464,9820003054
A003694,S03694,Minority Welfare,17505,Verified,2026-03-23,BA004465,9820003055
A003695,S03695,Post-Matric Technical,13602,Verified,2026-03-27,BA004466,9820003056
A003696,S03696,Post-Matric Technical,14643,Verified,2026-03-22,BA004467,9820003057
A003697,S03697,SC/ST Welfare Scheme,23152,Verified,2026-03-25,BA004468,9820003058
A003698,S03698,Merit Scholarship,22049,Verified,2026-03-24,BA004469,9820003059
A003699,S03699,SC/ST Welfare Scheme,21192,Verified,2026-03-28,BA004470,9820003060
A003700,S03700,SC/ST Welfare Scheme,19975,Verified,2026-03-26,BA004471,9820003061
A003701,S03701,Girl Child Assistance,12971,Verified,2026-03-15,BA004472,9820003062
A003702,S03702,Minority Welfare,15255,Verified,2026-03-24,BA004473,9820003063
A003703,S03703,Post-Matric Technical,17142,Verified,2026-03-24,BA004474,9820003064
A003704,S03704,Post-Matric Technical,12905,Verified,2026-03-21,BA004475,9820003065
A003705,S03705,Post-Matric Technical,13709,Verified,2026-03-16,BA004476,9820003066
A003706,S03706,Minority Welfare,11764,Verified,2026-03-18,BA004477,9820003067
A003707,S03707,Post-Matric Technical,12712,Verified,2026-03-10,BA004478,9820003068
A003708,S03708,Minority Welfare,13293,Verified,2026-03-14,BA004479,9820003069
A003709,S03709,SC/ST Welfare Scheme,18700,Verified,2026-03-27,BA004480,9820003070
A003710,S03710,SC/ST Welfare Scheme,22344,Verified,2026-03-26,BA004481,9820003071
A003711,S03711,SC/ST Welfare Scheme,16720,Verified,2026-03-19,BA004482,9820003072
A003712,S03712,Merit Scholarship,26635,Verified,2026-03-27,BA004483,9820003073
A003713,S03713,Girl Child Assistance,12090,Verified,2026-03-20,BA004484,9820003074
A003714,S03714,Minority Welfare,16593,Verified,2026-03-25,BA004485,9820003075
A003715,S03715,Post-Matric Technical,14935,Verified,2026-03-23,BA004486,9820003076
A003716,S03716,Post-Matric Technical,15997,Verified,2026-03-10,BA004487,9820003077
A003717,S03717,Girl Child Assistance,7338,Verified,2026-03-15,BA004488,9820003078
A003718,S03718,Merit Scholarship,12118,Verified,2026-03-12,BA004489,9820003079
A003719,S03719,SC/ST Welfare Scheme,10910,Verified,2026-03-18,BA004490,9820003080
A003720,S03720,Post-Matric Technical,15647,Verified,2026-03-28,BA004491,9820003081
A003721,S03721,Merit Scholarship,29788,Verified,2026-03-16,BA004492,9820003082
A003722,S03722,Post-Matric Technical,15519,Verified,2026-03-27,BA004493,9820003083
A003723,S03723,Merit Scholarship,27906,Verified,2026-03-12,BA004494,9820003084
A003724,S03724,SC/ST Welfare Scheme,10114,Verified,2026-03-13,BA004495,9820003085
A003725,S03725,Girl Child Assistance,12057,Verified,2026-03-14,BA004496,9820003086
A003726,S03726,Merit Scholarship,23561,Verified,2026-03-14,BA004497,9820003087
A003727,S03727,Girl Child Assistance,11141,Verified,2026-03-15,BA004498,9820003088
A003728,S03728,SC/ST Welfare Scheme,13457,Verified,2026-03-24,BA004499,9820003089
A003729,S03729,Merit Scholarship,15627,Verified,2026-03-19,BA004500,9820003090
A003730,S03730,Post-Matric Technical,15315,Verified,2026-03-14,BA004501,9820003091
A003731,S03731,Girl Child Assistance,13223,Verified,2026-03-23,BA004502,9820003092
A003732,S03732,SC/ST Welfare Scheme,20316,Verified,2026-03-20,BA004503,9820003093
A003733,S03733,Girl Child Assistance,14405,Verified,2026-03-22,BA004504,9820003094
A003734,S03734,Merit Scholarship,19418,Verified,2026-03-18,BA004505,9820003095
A003735,S03735,SC/ST Welfare Scheme,10816,Verified,2026-03-28,BA004506,9820003096
A003736,S03736,SC/ST Welfare Scheme,14718,Verified,2026-03-15,BA004507,9820003097
A003737,S03737,Minority Welfare,17823,Verified,2026-03-17,BA004508,9820003098
A003738,S03738,SC/ST Welfare Scheme,12429,Verified,2026-03-24,BA004509,9820003099
A003739,S03739,Merit Scholarship,28100,Verified,2026-03-20,BA004510,9820003100
A003740,S03740,Merit Scholarship,19299,Verified,2026-03-16,BA004511,9820003101
A003741,S03741,SC/ST Welfare Scheme,16836,Verified,2026-03-23,BA004512,9820003102
A003742,S03742,Merit Scholarship,17531,Verified,2026-03-15,BA004513,9820003103
A003743,S03743,SC/ST Welfare Scheme,13322,Verified,2026-03-14,BA004514,9820003104
A003744,S03744,Merit Scholarship,22215,Verified,2026-03-19,BA004515,9820003105
A003745,S03745,Minority Welfare,12655,Verified,2026-03-15,BA004516,9820003106
A003746,S03746,Post-Matric Technical,10002,Verified,2026-03-23,BA004517,9820003107
A003747,S03747,SC/ST Welfare Scheme,16557,Verified,2026-03-28,BA004518,9820003108
A003748,S03748,Minority Welfare,16411,Verified,2026-03-25,BA004519,9820003109
A003749,S03749,Minority Welfare,11808,Verified,2026-03-18,BA004520,9820003110
A003750,S03750,Minority Welfare,9662,Verified,2026-03-15,BA004521,9820003111
A003751,S03751,SC/ST Welfare Scheme,10900,Verified,2026-03-17,BA004522,9820003112
A003752,S03752,Merit Scholarship,16327,Verified,2026-03-20,BA004523,9820003113
A003753,S03753,Merit Scholarship,13714,Verified,2026-03-18,BA004524,9820003114
A003754,S03754,SC/ST Welfare Scheme,19727,Verified,2026-03-15,BA004525,9820003115
A003755,S03755,Merit Scholarship,14986,Verified,2026-03-17,BA004526,9820003116
A003756,S03756,Minority Welfare,9120,Verified,2026-03-25,BA004527,9820003117
A003757,S03757,SC/ST Welfare Scheme,20351,Verified,2026-03-14,BA004528,9820003118
A003758,S03758,Post-Matric Technical,19970,Verified,2026-03-27,BA004529,9820003119
A003759,S03759,Post-Matric Technical,14122,Verified,2026-03-11,BA004530,9820003120
A003760,S03760,Girl Child Assistance,12342,Verified,2026-03-23,BA004531,9820003121
A003761,S03761,SC/ST Welfare Scheme,22541,Verified,2026-03-28,BA004532,9820003122
A003762,S03762,SC/ST Welfare Scheme,10820,Verified,2026-03-16,BA004533,9820003123
A003763,S03763,Girl Child Assistance,14977,Verified,2026-03-22,BA004534,9820003124
A003764,S03764,Girl Child Assistance,12797,Verified,2026-03-27,BA004535,9820003125
A003765,S03765,SC/ST Welfare Scheme,19686,Verified,2026-03-22,BA004536,9820003126
A003766,S03766,Girl Child Assistance,11292,Verified,2026-03-11,BA004537,9820003127
A003767,S03767,Post-Matric Technical,13757,Verified,2026-03-24,BA004538,9820003128
A003768,S03768,Minority Welfare,16450,Verified,2026-03-17,BA004539,9820003129
A003769,S03769,Merit Scholarship,23359,Verified,2026-03-19,BA004540,9820003130
A003770,S03770,Merit Scholarship,13157,Verified,2026-03-23,BA004541,9820003131
A003771,S03771,Post-Matric Technical,15962,Verified,2026-03-19,BA004542,9820003132
A003772,S03772,Girl Child Assistance,9039,Verified,2026-03-12,BA004543,9820003133
A003773,S03773,Post-Matric Technical,14670,Verified,2026-03-23,BA004544,9820003134
A003774,S03774,Minority Welfare,11964,Verified,2026-03-10,BA004545,9820003135
A003775,S03775,Girl Child Assistance,11485,Verified,2026-03-25,BA004546,9820003136
A003776,S03776,Merit Scholarship,12779,Verified,2026-03-11,BA004547,9820003137
A003777,S03777,Girl Child Assistance,12169,Verified,2026-03-24,BA004548,9820003138
A003778,S03778,Minority Welfare,8216,Verified,2026-03-16,BA004549,9820003139
A003779,S03779,Merit Scholarship,22066,Verified,2026-03-17,BA004550,9820003140
A003780,S03780,SC/ST Welfare Scheme,16762,Verified,2026-03-20,BA004551,9820003141
A003781,S03781,Minority Welfare,14186,Verified,2026-03-15,BA004552,9820003142
A003782,S03782,SC/ST Welfare Scheme,12087,Verified,2026-03-17,BA004553,9820003143
A003783,S03783,SC/ST Welfare Scheme,11291,Verified,2026-03-21,BA004554,9820003144
A003784,S03784,SC/ST Welfare Scheme,11137,Verified,2026-03-23,BA004555,9820003145
A003785,S03785,Girl Child Assistance,9407,Verified,2026-03-18,BA004556,9820003146
A003786,S03786,Girl Child Assistance,9673,Verified,2026-03-14,BA004557,9820003147
A003787,S03787,Girl Child Assistance,8185,Verified,2026-03-15,BA004558,9820003148
A003788,S03788,SC/ST Welfare Scheme,14002,Verified,2026-03-24,BA004559,9820003149
A003789,S03789,SC/ST Welfare Scheme,12498,Verified,2026-03-22,BA004560,9820003150
A003790,S03790,Merit Scholarship,25394,Verified,2026-03-10,BA004561,9820003151
A003791,S03791,Post-Matric Technical,19086,Verified,2026-03-14,BA004562,9820003152
A003792,S03792,Girl Child Assistance,11589,Verified,2026-03-27,BA004563,9820003153
A003793,S03793,Minority Welfare,17213,Verified,2026-03-13,BA004564,9820003154
A003794,S03794,Merit Scholarship,15795,Verified,2026-03-24,BA004565,9820003155
A003795,S03795,Merit Scholarship,15279,Verified,2026-03-19,BA004566,9820003156
A003796,S03796,Merit Scholarship,23589,Verified,2026-03-22,BA004567,9820003157
A003797,S03797,Minority Welfare,12386,Verified,2026-03-10,BA004568,9820003158
A003798,S03798,Post-Matric Technical,19050,Verified,2026-03-26,BA004569,9820003159
A003799,S03799,Girl Child Assistance,12161,Verified,2026-03-22,BA004570,9820003160
A003800,S03800,Post-Matric Technical,16387,Verified,2026-03-21,BA004571,9820003161
A003801,S03801,Girl Child Assistance,7296,Verified,2026-03-12,BA004572,9820003162
A003802,S03802,Post-Matric Technical,10550,Verified,2026-03-15,BA004573,9820003163
A003803,S03803,Post-Matric Technical,16600,Verified,2026-03-19,BA004574,9820003164
A003804,S03804,Girl Child Assistance,7568,Verified,2026-03-24,BA004575,9820003165
A003805,S03805,Post-Matric Technical,10176,Verified,2026-03-24,BA004576,9820003166
A003806,S03806,Minority Welfare,17756,Verified,2026-03-16,BA004577,9820003167
A003807,S03807,Merit Scholarship,25864,Verified,2026-03-11,BA004578,9820003168
A003808,S03808,Minority Welfare,13843,Verified,2026-03-20,BA004579,9820003169
A003809,S03809,Minority Welfare,10650,Verified,2026-03-17,BA004580,9820003170
A003810,S03810,Merit Scholarship,19988,Verified,2026-03-10,BA004581,9820003171
A003811,S03811,Girl Child Assistance,12878,Verified,2026-03-13,BA004582,9820003172
A003812,S03812,Minority Welfare,12971,Verified,2026-03-23,BA004583,9820003173
A003813,S03813,Minority Welfare,13399,Verified,2026-03-17,BA004584,9820003174
A003814,S03814,Post-Matric Technical,20490,Verified,2026-03-12,BA004585,9820003175
A003815,S03815,Merit Scholarship,12192,Verified,2026-03-21,BA004586,9820003176
A003816,S03816,Post-Matric Technical,10940,Verified,2026-03-13,BA004587,9820003177
A003817,S03817,Post-Matric Technical,13952,Verified,2026-03-22,BA004588,9820003178
A003818,S03818,Girl Child Assistance,12147,Verified,2026-03-20,BA004589,9820003179
A003819,S03819,Minority Welfare,9622,Verified,2026-03-27,BA004590,9820003180
A003820,S03820,Girl Child Assistance,13830,Verified,2026-03-11,BA004591,9820003181
A003821,S03821,Merit Scholarship,14725,Verified,2026-03-20,BA004592,9820003182
A003822,S03822,Girl Child Assistance,9067,Verified,2026-03-26,BA004593,9820003183
A003823,S03823,Minority Welfare,12963,Verified,2026-03-22,BA004594,9820003184
A003824,S03824,Girl Child Assistance,12520,Verified,2026-03-16,BA004595,9820003185
A003825,S03825,SC/ST Welfare Scheme,24762,Verified,2026-03-21,BA004596,9820003186
A003826,S03826,Girl Child Assistance,8115,Verified,2026-03-14,BA004597,9820003187
A003827,S03827,Merit Scholarship,14068,Verified,2026-03-17,BA004598,9820003188
A003828,S03828,SC/ST Welfare Scheme,19954,Verified,2026-03-17,BA004599,9820003189
A003829,S03829,Girl Child Assistance,8997,Verified,2026-03-14,BA004600,9820003190
A003830,S03830,Merit Scholarship,16584,Verified,2026-03-27,BA004601,9820003191
A003831,S03831,Post-Matric Technical,18554,Verified,2026-03-18,BA004602,9820003192
A003832,S03832,Minority Welfare,12214,Verified,2026-03-18,BA004603,9820003193
A003833,S03833,Minority Welfare,9902,Verified,2026-03-12,BA004604,9820003194
A003834,S03834,Minority Welfare,19592,Verified,2026-03-26,BA004605,9820003195
A003835,S03835,Post-Matric Technical,21807,Verified,2026-03-11,BA004606,9820003196
A003836,S03836,Post-Matric Technical,14838,Verified,2026-03-28,BA004607,9820003197
A003837,S03837,SC/ST Welfare Scheme,24521,Verified,2026-03-22,BA004608,9820003198
A003838,S03838,Minority Welfare,16768,Verified,2026-03-10,BA004609,9820003199
A003839,S03839,Girl Child Assistance,11679,Verified,2026-03-16,BA004610,9820003200
A003840,S03840,Girl Child Assistance,13685,Verified,2026-03-14,BA004611,9820003201
A003841,S03841,Merit Scholarship,29291,Verified,2026-03-23,BA004612,9820003202
A003842,S03842,Post-Matric Technical,18103,Verified,2026-03-19,BA004613,9820003203
A003843,S03843,Merit Scholarship,16789,Verified,2026-03-28,BA004614,9820003204
A003844,S03844,Girl Child Assistance,7906,Verified,2026-03-11,BA004615,9820003205
A003845,S03845,Girl Child Assistance,13246,Verified,2026-03-19,BA004616,9820003206
A003846,S03846,Merit Scholarship,26719,Verified,2026-03-10,BA004617,9820003207
A003847,S03847,SC/ST Welfare Scheme,17043,Verified,2026-03-16,BA004618,9820003208
A003848,S03848,Girl Child Assistance,12606,Verified,2026-03-10,BA004619,9820003209
A003849,S03849,Merit Scholarship,26066,Verified,2026-03-15,BA004620,9820003210
A003850,S03850,Minority Welfare,11942,Verified,2026-03-20,BA004621,9820003211
A003851,S03851,Girl Child Assistance,12240,Verified,2026-03-18,BA004622,9820003212
A003852,S03852,Minority Welfare,17179,Verified,2026-03-10,BA004623,9820003213
A003853,S03853,Post-Matric Technical,18144,Verified,2026-03-25,BA004624,9820003214
A003854,S03854,SC/ST Welfare Scheme,16382,Verified,2026-03-13,BA004625,9820003215
A003855,S03855,Post-Matric Technical,9450,Verified,2026-03-13,BA004626,9820003216
A003856,S03856,Post-Matric Technical,20358,Verified,2026-03-15,BA004627,9820003217
A003857,S03857,Merit Scholarship,25621,Verified,2026-03-13,BA004628,9820003218
A003858,S03858,Minority Welfare,12006,Verified,2026-03-15,BA004629,9820003219
A003859,S03859,Merit Scholarship,21966,Verified,2026-03-17,BA004630,9820003220
A003860,S03860,Merit Scholarship,23136,Verified,2026-03-16,BA004631,9820003221
A003861,S03861,Merit Scholarship,26267,Verified,2026-03-15,BA004632,9820003222
A003862,S03862,Girl Child Assistance,7675,Verified,2026-03-24,BA004633,9820003223
A003863,S03863,Minority Welfare,9928,Verified,2026-03-27,BA004634,9820003224
A003864,S03864,SC/ST Welfare Scheme,16028,Verified,2026-03-20,BA004635,9820003225
A003865,S03865,Girl Child Assistance,9631,Verified,2026-03-24,BA004636,9820003226
A003866,S03866,Merit Scholarship,29965,Verified,2026-03-17,BA004637,9820003227
A003867,S03867,SC/ST Welfare Scheme,11437,Verified,2026-03-22,BA004638,9820003228
A003868,S03868,SC/ST Welfare Scheme,20801,Verified,2026-03-15,BA004639,9820003229
A003869,S03869,Minority Welfare,11207,Verified,2026-03-18,BA004640,9820003230
A003870,S03870,Merit Scholarship,21200,Verified,2026-03-22,BA004641,9820003231
A003871,S03871,Minority Welfare,15643,Verified,2026-03-13,BA004642,9820003232
A003872,S03872,Merit Scholarship,27917,Verified,2026-03-27,BA004643,9820003233
A003873,S03873,Minority Welfare,16947,Verified,2026-03-18,BA004644,9820003234
A003874,S03874,Post-Matric Technical,9140,Verified,2026-03-10,BA004645,9820003235
A003875,S03875,SC/ST Welfare Scheme,21206,Verified,2026-03-18,BA004646,9820003236
A003876,S03876,Merit Scholarship,25960,Verified,2026-03-14,BA004647,9820003237
A003877,S03877,SC/ST Welfare Scheme,21294,Verified,2026-03-22,BA004648,9820003238
A003878,S03878,SC/ST Welfare Scheme,13429,Verified,2026-03-26,BA004649,9820003239
A003879,S03879,Girl Child Assistance,9574,Verified,2026-03-24,BA004650,9820003240
A003880,S03880,Post-Matric Technical,15199,Verified,2026-03-25,BA004651,9820003241
A003881,S03881,Minority Welfare,18976,Verified,2026-03-13,BA004652,9820003242
A003882,S03882,Merit Scholarship,12085,Verified,2026-03-25,BA004653,9820003243
A003883,S03883,Girl Child Assistance,14407,Verified,2026-03-16,BA004654,9820003244
A003884,S03884,SC/ST Welfare Scheme,13068,Verified,2026-03-17,BA004655,9820003245
A003885,S03885,Post-Matric Technical,14423,Verified,2026-03-13,BA004656,9820003246
A003886,S03886,SC/ST Welfare Scheme,14025,Verified,2026-03-18,BA004657,9820003247
A003887,S03887,Post-Matric Technical,15031,Verified,2026-03-21,BA004658,9820003248
A003888,S03888,Minority Welfare,12120,Verified,2026-03-12,BA004659,9820003249
A003889,S03889,SC/ST Welfare Scheme,22549,Verified,2026-03-15,BA004660,9820003250
A003890,S03890,Girl Child Assistance,13191,Verified,2026-03-10,BA004661,9820003251
A003891,S03891,Post-Matric Technical,9432,Verified,2026-03-21,BA004662,9820003252
A003892,S03892,Girl Child Assistance,14674,Verified,2026-03-18,BA004663,9820003253
A003893,S03893,SC/ST Welfare Scheme,10108,Verified,2026-03-25,BA004664,9820003254
A003894,S03894,Girl Child Assistance,8121,Verified,2026-03-25,BA004665,9820003255
A003895,S03895,Girl Child Assistance,8457,Verified,2026-03-17,BA004666,9820003256
A003896,S03896,Minority Welfare,10452,Verified,2026-03-11,BA004667,9820003257
A003897,S03897,Merit Scholarship,12778,Verified,2026-03-12,BA004668,9820003258
A003898,S03898,Merit Scholarship,22136,Verified,2026-03-11,BA004669,9820003259
A003899,S03899,Minority Welfare,19237,Verified,2026-03-17,BA004670,9820003260
A003900,S03900,Merit Scholarship,16807,Verified,2026-03-13,BA004671,9820003261
A003901,S03901,Merit Scholarship,16761,Verified,2026-03-26,BA004672,9820003262
A003902,S03902,SC/ST Welfare Scheme,20165,Verified,2026-03-27,BA004673,9820003263
A003903,S03903,Girl Child Assistance,8234,Verified,2026-03-15,BA004674,9820003264
A003904,S03904,Merit Scholarship,13737,Verified,2026-03-19,BA004675,9820003265
A003905,S03905,SC/ST Welfare Scheme,23838,Verified,2026-03-28,BA004676,9820003266
A003906,S03906,Merit Scholarship,20423,Verified,2026-03-20,BA004677,9820003267
A003907,S03907,Post-Matric Technical,9230,Verified,2026-03-24,BA004678,9820003268
A003908,S03908,Girl Child Assistance,10753,Verified,2026-03-11,BA004679,9820003269
A003909,S03909,Girl Child Assistance,7502,Verified,2026-03-14,BA004680,9820003270
A003910,S03910,Post-Matric Technical,15187,Verified,2026-03-18,BA004681,9820003271
A003911,S03911,SC/ST Welfare Scheme,21937,Verified,2026-03-22,BA004682,9820003272
A003912,S03912,Minority Welfare,17457,Verified,2026-03-21,BA004683,9820003273
A003913,S03913,Girl Child Assistance,9957,Verified,2026-03-17,BA004684,9820003274
A003914,S03914,Merit Scholarship,14804,Verified,2026-03-27,BA004685,9820003275
A003915,S03915,Post-Matric Technical,20860,Verified,2026-03-22,BA004686,9820003276
A003916,S03916,SC/ST Welfare Scheme,11695,Verified,2026-03-11,BA004687,9820003277
A003917,S03917,SC/ST Welfare Scheme,16214,Verified,2026-03-24,BA004688,9820003278
A003918,S03918,Post-Matric Technical,9573,Verified,2026-03-28,BA004689,9820003279
A003919,S03919,Merit Scholarship,12387,Verified,2026-03-21,BA004690,9820003280
A003920,S03920,SC/ST Welfare Scheme,20268,Verified,2026-03-17,BA004691,9820003281
A003921,S03921,Minority Welfare,19050,Verified,2026-03-20,BA004692,9820003282
A003922,S03922,SC/ST Welfare Scheme,23621,Verified,2026-03-15,BA004693,9820003283
A003923,S03923,Girl Child Assistance,10313,Verified,2026-03-19,BA004694,9820003284
A003924,S03924,Minority Welfare,14002,Verified,2026-03-12,BA004695,9820003285
A003925,S03925,Girl Child Assistance,13319,Verified,2026-03-24,BA004696,9820003286
A003926,S03926,Post-Matric Technical,17133,Verified,2026-03-12,BA004697,9820003287
A003927,S03927,Merit Scholarship,21012,Verified,2026-03-18,BA004698,9820003288
A003928,S03928,SC/ST Welfare Scheme,10739,Verified,2026-03-21,BA004699,9820003289
A003929,S03929,Merit Scholarship,19978,Verified,2026-03-20,BA004700,9820003290
A003930,S03930,Girl Child Assistance,14887,Verified,2026-03-11,BA004701,9820003291
A003931,S03931,Merit Scholarship,22535,Verified,2026-03-17,BA004702,9820003292
A003932,S03932,Girl Child Assistance,7428,Verified,2026-03-24,BA004703,9820003293
A003933,S03933,Girl Child Assistance,8268,Verified,2026-03-21,BA004704,9820003294
A003934,S03934,Merit Scholarship,17372,Verified,2026-03-28,BA004705,9820003295
A003935,S03935,Post-Matric Technical,20191,Verified,2026-03-18,BA004706,9820003296
A003936,S03936,Post-Matric Technical,16465,Verified,2026-03-13,BA004707,9820003297
A003937,S03937,SC/ST Welfare Scheme,17504,Verified,2026-03-15,BA004708,9820003298
A003938,S03938,SC/ST Welfare Scheme,17307,Verified,2026-03-23,BA004709,9820003299
A003939,S03939,Post-Matric Technical,14396,Verified,2026-03-26,BA004710,9820003300
A003940,S03940,SC/ST Welfare Scheme,20000,Verified,2026-03-14,BA004711,9820003301
A003941,S03941,Merit Scholarship,14097,Verified,2026-03-28,BA004712,9820003302
A003942,S03942,Minority Welfare,12567,Verified,2026-03-26,BA004713,9820003303
A003943,S03943,Girl Child Assistance,9950,Verified,2026-03-23,BA004714,9820003304
A003944,S03944,Minority Welfare,13493,Verified,2026-03-18,BA004715,9820003305
A003945,S03945,Minority Welfare,11953,Verified,2026-03-17,BA004716,9820003306
A003946,S03946,Minority Welfare,18415,Verified,2026-03-15,BA004717,9820003307
A003947,S03947,SC/ST Welfare Scheme,13435,Verified,2026-03-27,BA004718,9820003308
A003948,S03948,Minority Welfare,14818,Verified,2026-03-12,BA004719,9820003309
A003949,S03949,SC/ST Welfare Scheme,17094,Verified,2026-03-20,BA004720,9820003310
A003950,S03950,Merit Scholarship,17614,Verified,2026-03-26,BA004721,9820003311
A003951,S03951,Merit Scholarship,29235,Verified,2026-03-19,BA004722,9820003312
A003952,S03952,Minority Welfare,10525,Verified,2026-03-11,BA004723,9820003313
A003953,S03953,Minority Welfare,10610,Verified,2026-03-10,BA004724,9820003314
A003954,S03954,Girl Child Assistance,13135,Verified,2026-03-25,BA004725,9820003315
A003955,S03955,Girl Child Assistance,13052,Verified,2026-03-22,BA004726,9820003316
A003956,S03956,Merit Scholarship,20802,Verified,2026-03-24,BA004727,9820003317
A003957,S03957,Post-Matric Technical,14684,Verified,2026-03-21,BA004728,9820003318
A003958,S03958,Post-Matric Technical,16420,Verified,2026-03-25,BA004729,9820003319
A003959,S03959,Minority Welfare,15574,Verified,2026-03-17,BA004730,9820003320
A003960,S03960,Post-Matric Technical,13170,Verified,2026-03-11,BA004731,9820003321
A003961,S03961,SC/ST Welfare Scheme,20637,Verified,2026-03-11,BA004732,9820003322
A003962,S03962,Post-Matric Technical,19446,Verified,2026-03-19,BA004733,9820003323
A003963,S03963,Minority Welfare,12563,Verified,2026-03-26,BA004734,9820003324
A003964,S03964,Post-Matric Technical,11921,Verified,2026-03-12,BA004735,9820003325
A003965,S03965,SC/ST Welfare Scheme,23910,Verified,2026-03-23,BA004736,9820003326
A003966,S03966,SC/ST Welfare Scheme,10520,Verified,2026-03-25,BA004737,9820003327
A003967,S03967,Minority Welfare,16382,Verified,2026-03-10,BA004738,9820003328
A003968,S03968,Post-Matric Technical,13059,Verified,2026-03-21,BA004739,9820003329
A003969,S03969,SC/ST Welfare Scheme,11916,Verified,2026-03-21,BA004740,9820003330
A003970,S03970,Minority Welfare,18418,Verified,2026-03-24,BA004741,9820003331
A003971,S03971,Post-Matric Technical,19174,Verified,2026-03-21,BA004742,9820003332
A003972,S03972,SC/ST Welfare Scheme,20020,Verified,2026-03-28,BA004743,9820003333
A003973,S03973,SC/ST Welfare Scheme,20347,Verified,2026-03-12,BA004744,9820003334
A003974,S03974,SC/ST Welfare Scheme,20227,Verified,2026-03-21,BA004745,9820003335
A003975,S03975,SC/ST Welfare Scheme,15133,Verified,2026-03-13,BA004746,9820003336
A003976,S03976,Minority Welfare,19641,Verified,2026-03-19,BA004747,9820003337
A003977,S03977,Minority Welfare,18206,Verified,2026-03-18,BA004748,9820003338
A003978,S03978,Girl Child Assistance,12970,Verified,2026-03-21,BA004749,9820003339
A003979,S03979,Merit Scholarship,17664,Verified,2026-03-28,BA004750,9820003340
A003980,S03980,Minority Welfare,10884,Verified,2026-03-12,BA004751,9820003341
A003981,S03981,Minority Welfare,15838,Verified,2026-03-18,BA004752,9820003342
A003982,S03982,Minority Welfare,9414,Verified,2026-03-27,BA004753,9820003343
A003983,S03983,Merit Scholarship,24022,Verified,2026-03-25,BA004754,9820003344
A003984,S03984,Girl Child Assistance,10407,Verified,2026-03-12,BA004755,9820003345
A003985,S03985,Minority Welfare,19595,Verified,2026-03-16,BA004756,9820003346
A003986,S03986,Merit Scholarship,13126,Verified,2026-03-15,BA004757,9820003347
A003987,S03987,Girl Child Assistance,13631,Verified,2026-03-21,BA004758,9820003348
A003988,S03988,Girl Child Assistance,12494,Verified,2026-03-16,BA004759,9820003349
A003989,S03989,Minority Welfare,8882,Verified,2026-03-19,BA004760,9820003350
A003990,S03990,Merit Scholarship,15022,Verified,2026-03-13,BA004761,9820003351
A003991,S03991,SC/ST Welfare Scheme,22807,Verified,2026-03-15,BA004762,9820003352
A003992,S03992,SC/ST Welfare Scheme,10455,Verified,2026-03-25,BA004763,9820003353
A003993,S03993,Post-Matric Technical,20523,Verified,2026-03-14,BA004764,9820003354
A003994,S03994,Post-Matric Technical,21228,Verified,2026-03-16,BA004765,9820003355
A003995,S03995,Minority Welfare,19007,Verified,2026-03-11,BA004766,9820003356
A003996,S03996,Post-Matric Technical,15211,Verified,2026-03-16,BA004767,9820003357
A003997,S03997,Post-Matric Technical,15502,Verified,2026-03-22,BA004768,9820003358
A003998,S03998,Minority Welfare,9771,Verified,2026-03-20,BA004769,9820003359
A003999,S03999,Merit Scholarship,25790,Verified,2026-03-16,BA004770,9820003360
A004000,S04000,Minority Welfare,16043,Verified,2026-03-19,BA004771,9820003361
A004001,S04001,Girl Child Assistance,11913,Verified,2026-03-10,BA004772,9820003362
A004002,S04002,SC/ST Welfare Scheme,15532,Verified,2026-03-18,BA004773,9820003363
A004003,S04003,Merit Scholarship,29019,Verified,2026-03-15,BA004774,9820003364
A004004,S04004,Girl Child Assistance,13891,Verified,2026-03-16,BA004775,9820003365
A004005,S04005,Merit Scholarship,22197,Verified,2026-03-23,BA004776,9820003366
A004006,S04006,Girl Child Assistance,10218,Verified,2026-03-17,BA004777,9820003367
A004007,S04007,Merit Scholarship,27754,Verified,2026-03-22,BA004778,9820003368
A004008,S04008,Girl Child Assistance,13138,Verified,2026-03-18,BA004779,9820003369
A004009,S04009,Post-Matric Technical,10190,Verified,2026-03-23,BA004780,9820003370
A004010,S04010,SC/ST Welfare Scheme,11463,Verified,2026-03-26,BA004781,9820003371
A004011,S04011,Merit Scholarship,17749,Verified,2026-03-22,BA004782,9820003372
A004012,S04012,Girl Child Assistance,7733,Verified,2026-03-18,BA004783,9820003373
A004013,S04013,SC/ST Welfare Scheme,16946,Verified,2026-03-10,BA004784,9820003374
A004014,S04014,Merit Scholarship,28270,Verified,2026-03-14,BA004785,9820003375
A004015,S04015,Girl Child Assistance,10645,Verified,2026-03-16,BA004786,9820003376
A004016,S04016,Girl Child Assistance,12563,Verified,2026-03-24,BA004787,9820003377
A004017,S04017,Minority Welfare,8543,Verified,2026-03-27,BA004788,9820003378
A004018,S04018,SC/ST Welfare Scheme,18645,Verified,2026-03-18,BA004789,9820003379
A004019,S04019,Post-Matric Technical,14418,Verified,2026-03-28,BA004790,9820003380
A004020,S04020,SC/ST Welfare Scheme,14670,Verified,2026-03-22,BA004791,9820003381
A004021,S04021,Minority Welfare,15129,Verified,2026-03-14,BA004792,9820003382
A004022,S04022,Merit Scholarship,14190,Verified,2026-03-24,BA004793,9820003383
A004023,S04023,Girl Child Assistance,9564,Verified,2026-03-13,BA004794,9820003384
A004024,S04024,Minority Welfare,16427,Verified,2026-03-25,BA004795,9820003385
A004025,S04025,Merit Scholarship,21301,Verified,2026-03-20,BA004796,9820003386
A004026,S04026,Minority Welfare,12617,Verified,2026-03-12,BA004797,9820003387
A004027,S04027,Minority Welfare,10768,Verified,2026-03-27,BA004798,9820003388
A004028,S04028,Post-Matric Technical,19805,Verified,2026-03-16,BA004799,9820003389
A004029,S04029,SC/ST Welfare Scheme,18481,Verified,2026-03-27,BA004800,9820003390
A004030,S04030,Merit Scholarship,21096,Verified,2026-03-12,BA004801,9820003391
A004031,S04031,Merit Scholarship,24511,Verified,2026-03-12,BA004802,9820003392
A004032,S04032,Girl Child Assistance,13555,Verified,2026-03-19,BA004803,9820003393
A004033,S04033,Post-Matric Technical,17143,Verified,2026-03-25,BA004804,9820003394
A004034,S04034,Post-Matric Technical,18183,Verified,2026-03-13,BA004805,9820003395
A004035,S04035,SC/ST Welfare Scheme,12719,Verified,2026-03-22,BA004806,9820003396
A004036,S04036,Merit Scholarship,12639,Verified,2026-03-14,BA004807,9820003397
A004037,S04037,Minority Welfare,13037,Verified,2026-03-22,BA004808,9820003398
A004038,S04038,Merit Scholarship,27479,Verified,2026-03-10,BA004809,9820003399
A004039,S04039,Minority Welfare,15121,Verified,2026-03-28,BA004810,9820003400
A004040,S04040,Merit Scholarship,17064,Verified,2026-03-23,BA004811,9820003401
A004041,S04041,Post-Matric Technical,16778,Verified,2026-03-19,BA004812,9820003402
A004042,S04042,SC/ST Welfare Scheme,15905,Verified,2026-03-18,BA004813,9820003403
A004043,S04043,Minority Welfare,13734,Verified,2026-03-10,BA004814,9820003404
A004044,S04044,Minority Welfare,10941,Verified,2026-03-22,BA004815,9820003405
A004045,S04045,Post-Matric Technical,12957,Verified,2026-03-10,BA004816,9820003406
A004046,S04046,SC/ST Welfare Scheme,15488,Verified,2026-03-12,BA004817,9820003407
A004047,S04047,Minority Welfare,19601,Verified,2026-03-27,BA004818,9820003408
A004048,S04048,Girl Child Assistance,9934,Verified,2026-03-16,BA004819,9820003409
A004049,S04049,Post-Matric Technical,13224,Verified,2026-03-14,BA004820,9820003410
A004050,S04050,Post-Matric Technical,12589,Verified,2026-03-25,BA004821,9820003411
A004051,S04051,Girl Child Assistance,13281,Verified,2026-03-11,BA004822,9820003412
A004052,S04052,SC/ST Welfare Scheme,22174,Verified,2026-03-24,BA004823,9820003413
A004053,S04053,Minority Welfare,14531,Verified,2026-03-12,BA004824,9820003414
A004054,S04054,Girl Child Assistance,10603,Verified,2026-03-13,BA004825,9820003415
A004055,S04055,SC/ST Welfare Scheme,16318,Verified,2026-03-27,BA004826,9820003416
A004056,S04056,Post-Matric Technical,13955,Verified,2026-03-14,BA004827,9820003417
A004057,S04057,Girl Child Assistance,9647,Verified,2026-03-16,BA004828,9820003418
A004058,S04058,Minority Welfare,18104,Verified,2026-03-16,BA004829,9820003419
A004059,S04059,Girl Child Assistance,12026,Verified,2026-03-24,BA004830,9820003420
A004060,S04060,Minority Welfare,9549,Verified,2026-03-26,BA004831,9820003421
A004061,S04061,Post-Matric Technical,9489,Verified,2026-03-14,BA004832,9820003422
A004062,S04062,Girl Child Assistance,8828,Verified,2026-03-19,BA004833,9820003423
A004063,S04063,SC/ST Welfare Scheme,19561,Verified,2026-03-21,BA004834,9820003424
A004064,S04064,Minority Welfare,15695,Verified,2026-03-22,BA004835,9820003425
A004065,S04065,SC/ST Welfare Scheme,21086,Verified,2026-03-23,BA004836,9820003426
A004066,S04066,Girl Child Assistance,11611,Verified,2026-03-21,BA004837,9820003427
A004067,S04067,Post-Matric Technical,9953,Verified,2026-03-26,BA004838,9820003428
A004068,S04068,Minority Welfare,15663,Verified,2026-03-16,BA004839,9820003429
A004069,S04069,Minority Welfare,11045,Verified,2026-03-15,BA004840,9820003430
A004070,S04070,Post-Matric Technical,19936,Verified,2026-03-22,BA004841,9820003431
A004071,S04071,Merit Scholarship,12750,Verified,2026-03-24,BA004842,9820003432
A004072,S04072,Minority Welfare,17136,Verified,2026-03-28,BA004843,9820003433
A004073,S04073,SC/ST Welfare Scheme,10954,Verified,2026-03-10,BA004844,9820003434
A004074,S04074,Post-Matric Technical,9237,Verified,2026-03-19,BA004845,9820003435
A004075,S04075,Minority Welfare,11496,Verified,2026-03-17,BA004846,9820003436
A004076,S04076,Merit Scholarship,12982,Verified,2026-03-20,BA004847,9820003437
A004077,S04077,Merit Scholarship,14967,Verified,2026-03-28,BA004848,9820003438
A004078,S04078,Girl Child Assistance,9162,Verified,2026-03-21,BA004849,9820003439
A004079,S04079,Girl Child Assistance,7473,Verified,2026-03-14,BA004850,9820003440
A004080,S04080,Girl Child Assistance,11982,Verified,2026-03-15,BA004851,9820003441
A004081,S04081,Minority Welfare,9673,Verified,2026-03-21,BA004852,9820003442
A004082,S04082,Girl Child Assistance,7368,Verified,2026-03-16,BA004853,9820003443
A004083,S04083,Girl Child Assistance,9126,Verified,2026-03-24,BA004854,9820003444
A004084,S04084,Girl Child Assistance,8453,Verified,2026-03-13,BA004855,9820003445
A004085,S04085,Minority Welfare,14697,Verified,2026-03-26,BA004856,9820003446
A004086,S04086,Merit Scholarship,19261,Verified,2026-03-16,BA004857,9820003447
A004087,S04087,Girl Child Assistance,9570,Verified,2026-03-20,BA004858,9820003448
A004088,S04088,Minority Welfare,16497,Verified,2026-03-10,BA004859,9820003449
A004089,S04089,Merit Scholarship,15035,Verified,2026-03-21,BA004860,9820003450
A004090,S04090,Merit Scholarship,15798,Verified,2026-03-16,BA004861,9820003451
A004091,S04091,SC/ST Welfare Scheme,19717,Verified,2026-03-17,BA004862,9820003452
A004092,S04092,Girl Child Assistance,11393,Verified,2026-03-10,BA004863,9820003453
A004093,S04093,Girl Child Assistance,7830,Verified,2026-03-23,BA004864,9820003454
A004094,S04094,Minority Welfare,17445,Verified,2026-03-21,BA004865,9820003455
A004095,S04095,Girl Child Assistance,14730,Verified,2026-03-16,BA004866,9820003456
A004096,S04096,Post-Matric Technical,15313,Verified,2026-03-14,BA004867,9820003457
A004097,S04097,Post-Matric Technical,9537,Verified,2026-03-17,BA004868,9820003458
A004098,S04098,SC/ST Welfare Scheme,11528,Verified,2026-03-15,BA004869,9820003459
A004099,S04099,Merit Scholarship,19537,Verified,2026-03-17,BA004870,9820003460
A004100,S04100,SC/ST Welfare Scheme,10975,Verified,2026-03-23,BA004871,9820003461
A004101,S04101,SC/ST Welfare Scheme,16339,Verified,2026-03-13,BA004872,9820003462
A004102,S04102,SC/ST Welfare Scheme,11066,Verified,2026-03-14,BA004873,9820003463
A004103,S04103,Post-Matric Technical,21594,Verified,2026-03-10,BA004874,9820003464
A004104,S04104,Post-Matric Technical,20334,Verified,2026-03-25,BA004875,9820003465
A004105,S04105,Girl Child Assistance,14170,Verified,2026-03-21,BA004876,9820003466
A004106,S04106,Girl Child Assistance,13780,Verified,2026-03-14,BA004877,9820003467
A004107,S04107,Post-Matric Technical,16980,Verified,2026-03-18,BA004878,9820003468
A004108,S04108,Merit Scholarship,12526,Verified,2026-03-19,BA004879,9820003469
A004109,S04109,Post-Matric Technical,13712,Verified,2026-03-24,BA004880,9820003470
A004110,S04110,Merit Scholarship,24803,Verified,2026-03-19,BA004881,9820003471
A004111,S04111,Post-Matric Technical,9234,Verified,2026-03-14,BA004882,9820003472
A004112,S04112,Post-Matric Technical,11246,Verified,2026-03-27,BA004883,9820003473
A004113,S04113,Minority Welfare,19061,Verified,2026-03-23,BA004884,9820003474
A004114,S04114,Post-Matric Technical,17045,Verified,2026-03-19,BA004885,9820003475
A004115,S04115,SC/ST Welfare Scheme,15280,Verified,2026-03-14,BA004886,9820003476
A004116,S04116,SC/ST Welfare Scheme,10554,Verified,2026-03-10,BA004887,9820003477
A004117,S04117,Girl Child Assistance,9965,Verified,2026-03-11,BA004888,9820003478
A004118,S04118,SC/ST Welfare Scheme,11436,Verified,2026-03-16,BA004889,9820003479
A004119,S04119,Post-Matric Technical,12968,Verified,2026-03-14,BA004890,9820003480
A004120,S04120,Merit Scholarship,20458,Verified,2026-03-17,BA004891,9820003481
A004121,S04121,Merit Scholarship,18449,Verified,2026-03-24,BA004892,9820003482
A004122,S04122,Minority Welfare,9880,Verified,2026-03-23,BA004893,9820003483
A004123,S04123,Minority Welfare,8253,Verified,2026-03-11,BA004894,9820003484
A004124,S04124,Minority Welfare,18101,Verified,2026-03-23,BA004895,9820003485
A004125,S04125,Girl Child Assistance,13285,Verified,2026-03-19,BA004896,9820003486
A004126,S04126,Minority Welfare,13092,Verified,2026-03-19,BA004897,9820003487
A004127,S04127,Minority Welfare,8754,Verified,2026-03-17,BA004898,9820003488
A004128,S04128,Girl Child Assistance,7058,Verified,2026-03-18,BA004899,9820003489
A004129,S04129,Post-Matric Technical,13902,Verified,2026-03-20,BA004900,9820003490
A004130,S04130,Minority Welfare,19206,Verified,2026-03-16,BA004901,9820003491
A004131,S04131,Minority Welfare,18758,Verified,2026-03-11,BA004902,9820003492
A004132,S04132,Merit Scholarship,15990,Verified,2026-03-10,BA004903,9820003493
A004133,S04133,SC/ST Welfare Scheme,17558,Verified,2026-03-19,BA004904,9820003494
A004134,S04134,Merit Scholarship,23875,Verified,2026-03-17,BA004905,9820003495
A004135,S04135,SC/ST Welfare Scheme,11511,Verified,2026-03-10,BA004906,9820003496
A004136,S04136,SC/ST Welfare Scheme,18131,Verified,2026-03-21,BA004907,9820003497
A004137,S04137,Girl Child Assistance,7439,Verified,2026-03-14,BA004908,9820003498
A004138,S04138,Minority Welfare,11597,Verified,2026-03-26,BA004909,9820003499
A004139,S04139,Girl Child Assistance,8525,Verified,2026-03-17,BA004910,9820003500
A004140,S04140,Post-Matric Technical,10927,Verified,2026-03-19,BA004911,9820003501
A004141,S04141,Girl Child Assistance,7147,Verified,2026-03-17,BA004912,9820003502
A004142,S04142,SC/ST Welfare Scheme,16187,Verified,2026-03-14,BA004913,9820003503
A004143,S04143,Minority Welfare,11482,Verified,2026-03-26,BA004914,9820003504
A004144,S04144,Minority Welfare,12283,Verified,2026-03-16,BA004915,9820003505
A004145,S04145,SC/ST Welfare Scheme,22459,Verified,2026-03-11,BA004916,9820003506
A004146,S04146,Merit Scholarship,18631,Verified,2026-03-18,BA004917,9820003507
A004147,S04147,Girl Child Assistance,9533,Verified,2026-03-23,BA004918,9820003508
A004148,S04148,Minority Welfare,15662,Verified,2026-03-27,BA004919,9820003509
A004149,S04149,Merit Scholarship,15107,Verified,2026-03-12,BA004920,9820003510
A004150,S04150,SC/ST Welfare Scheme,11200,Verified,2026-03-17,BA004921,9820003511
A004151,S04151,Merit Scholarship,17808,Verified,2026-03-25,BA004922,9820003512
A004152,S04152,Post-Matric Technical,14912,Verified,2026-03-27,BA004923,9820003513
A004153,S04153,SC/ST Welfare Scheme,22688,Verified,2026-03-27,BA004924,9820003514
A004154,S04154,Girl Child Assistance,11025,Verified,2026-03-14,BA004925,9820003515
A004155,S04155,Merit Scholarship,15079,Verified,2026-03-12,BA004926,9820003516
A004156,S04156,SC/ST Welfare Scheme,22277,Verified,2026-03-16,BA004927,9820003517
A004157,S04157,Girl Child Assistance,12948,Verified,2026-03-26,BA004928,9820003518
A004158,S04158,Post-Matric Technical,9303,Verified,2026-03-19,BA004929,9820003519
A004159,S04159,Post-Matric Technical,15240,Verified,2026-03-24,BA004930,9820003520
A004160,S04160,Merit Scholarship,17938,Verified,2026-03-16,BA004931,9820003521
A004161,S04161,Minority Welfare,10592,Verified,2026-03-18,BA004932,9820003522
A004162,S04162,Merit Scholarship,18405,Verified,2026-03-15,BA004933,9820003523
A004163,S04163,Merit Scholarship,18737,Verified,2026-03-15,BA004934,9820003524
A004164,S04164,Girl Child Assistance,11391,Verified,2026-03-27,BA004935,9820003525
A004165,S04165,Girl Child Assistance,14061,Verified,2026-03-28,BA004936,9820003526
A004166,S04166,Minority Welfare,8836,Verified,2026-03-15,BA004937,9820003527
A004167,S04167,Post-Matric Technical,13322,Verified,2026-03-20,BA004938,9820003528
A004168,S04168,Post-Matric Technical,16251,Verified,2026-03-12,BA004939,9820003529
A004169,S04169,Minority Welfare,18461,Verified,2026-03-14,BA004940,9820003530
A004170,S04170,Post-Matric Technical,20128,Verified,2026-03-26,BA004941,9820003531
A004171,S04171,Girl Child Assistance,14101,Verified,2026-03-11,BA004942,9820003532
A004172,S04172,Minority Welfare,14092,Verified,2026-03-22,BA004943,9820003533
A004173,S04173,Merit Scholarship,12956,Verified,2026-03-25,BA004944,9820003534
A004174,S04174,SC/ST Welfare Scheme,13578,Verified,2026-03-15,BA004945,9820003535
A004175,S04175,Merit Scholarship,29464,Verified,2026-03-24,BA004946,9820003536
A004176,S04176,SC/ST Welfare Scheme,14365,Verified,2026-03-22,BA004947,9820003537
A004177,S04177,Minority Welfare,12332,Verified,2026-03-13,BA004948,9820003538
A004178,S04178,Merit Scholarship,12692,Verified,2026-03-15,BA004949,9820003539
A004179,S04179,Girl Child Assistance,9149,Verified,2026-03-28,BA004950,9820003540
A004180,S04180,Post-Matric Technical,10428,Verified,2026-03-18,BA004951,9820003541
A004181,S04181,Post-Matric Technical,14593,Verified,2026-03-10,BA004952,9820003542
A004182,S04182,Minority Welfare,19898,Verified,2026-03-22,BA004953,9820003543
A004183,S04183,Post-Matric Technical,12918,Verified,2026-03-22,BA004954,9820003544
A004184,S04184,Merit Scholarship,23924,Verified,2026-03-28,BA004955,9820003545
A004185,S04185,Merit Scholarship,12294,Verified,2026-03-20,BA004956,9820003546
A004186,S04186,Post-Matric Technical,21350,Verified,2026-03-22,BA004957,9820003547
A004187,S04187,Post-Matric Technical,13937,Verified,2026-03-24,BA004958,9820003548
A004188,S04188,Minority Welfare,13755,Verified,2026-03-24,BA004959,9820003549
A004189,S04189,SC/ST Welfare Scheme,17851,Verified,2026-03-15,BA004960,9820003550
A004190,S04190,Minority Welfare,18866,Verified,2026-03-22,BA004961,9820003551
A004191,S04191,Post-Matric Technical,18024,Verified,2026-03-27,BA004962,9820003552
A004192,S04192,Minority Welfare,15555,Verified,2026-03-21,BA004963,9820003553
A004193,S04193,Minority Welfare,11386,Verified,2026-03-11,BA004964,9820003554
A004194,S04194,Girl Child Assistance,14859,Verified,2026-03-15,BA004965,9820003555
A004195,S04195,SC/ST Welfare Scheme,19718,Verified,2026-03-13,BA004966,9820003556
A004196,S04196,Merit Scholarship,17352,Verified,2026-03-10,BA004967,9820003557
A004197,S04197,Girl Child Assistance,8642,Verified,2026-03-12,BA004968,9820003558
A004198,S04198,Post-Matric Technical,11038,Verified,2026-03-11,BA004969,9820003559
A004199,S04199,SC/ST Welfare Scheme,22394,Verified,2026-03-25,BA004970,9820003560
A004200,S04200,Girl Child Assistance,12227,Verified,2026-03-20,BA004971,9820003561
A004201,S04201,SC/ST Welfare Scheme,18441,Verified,2026-03-14,BA004972,9820003562
A004202,S04202,Minority Welfare,11025,Verified,2026-03-21,BA004973,9820003563
A004203,S04203,Post-Matric Technical,9672,Verified,2026-03-17,BA004974,9820003564
A004204,S04204,Girl Child Assistance,11110,Verified,2026-03-24,BA004975,9820003565
A004205,S04205,SC/ST Welfare Scheme,24496,Verified,2026-03-20,BA004976,9820003566
A004206,S04206,SC/ST Welfare Scheme,13888,Verified,2026-03-20,BA004977,9820003567
A004207,S04207,Post-Matric Technical,21674,Verified,2026-03-16,BA004978,9820003568
A004208,S04208,Girl Child Assistance,12439,Verified,2026-03-14,BA004979,9820003569
A004209,S04209,SC/ST Welfare Scheme,19411,Verified,2026-03-15,BA004980,9820003570
A004210,S04210,Merit Scholarship,21452,Verified,2026-03-28,BA004981,9820003571
A004211,S04211,Girl Child Assistance,9328,Verified,2026-03-27,BA004982,9820003572
A004212,S04212,Post-Matric Technical,15985,Verified,2026-03-14,BA004983,9820003573
A004213,S04213,Post-Matric Technical,14628,Verified,2026-03-10,BA004984,9820003574
A004214,S04214,Post-Matric Technical,21816,Verified,2026-03-14,BA004985,9820003575
A004215,S04215,Post-Matric Technical,19282,Verified,2026-03-16,BA004986,9820003576
A004216,S04216,Merit Scholarship,19885,Verified,2026-03-19,BA004987,9820003577
A004217,S04217,SC/ST Welfare Scheme,13334,Verified,2026-03-21,BA004988,9820003578
A004218,S04218,Post-Matric Technical,21429,Verified,2026-03-10,BA004989,9820003579
A004219,S04219,Girl Child Assistance,10880,Verified,2026-03-12,BA004990,9820003580
A004220,S04220,Post-Matric Technical,20766,Verified,2026-03-28,BA004991,9820003581
A004221,S04221,Post-Matric Technical,15885,Verified,2026-03-11,BA004992,9820003582
A004222,S04222,Girl Child Assistance,7720,Verified,2026-03-11,BA004993,9820003583
A004223,S04223,Girl Child Assistance,8325,Verified,2026-03-22,BA004994,9820003584
A004224,S04224,Minority Welfare,15101,Verified,2026-03-17,BA004995,9820003585
A004225,S04225,Merit Scholarship,14057,Verified,2026-03-27,BA004996,9820003586
A004226,S04226,SC/ST Welfare Scheme,22385,Verified,2026-03-23,BA004997,9820003587
A004227,S04227,SC/ST Welfare Scheme,18396,Verified,2026-03-12,BA004998,9820003588
A004228,S04228,Post-Matric Technical,20926,Verified,2026-03-23,BA004999,9820003589
A004229,S04229,SC/ST Welfare Scheme,17112,Verified,2026-03-23,BA005000,9820003590
A004230,S04230,SC/ST Welfare Scheme,17772,Verified,2026-03-24,BA005001,9820003591
A004231,S04231,Minority Welfare,17991,Verified,2026-03-16,BA005002,9820003592
A004232,S04232,SC/ST Welfare Scheme,12362,Verified,2026-03-16,BA005003,9820003593
A004233,S04233,Girl Child Assistance,10198,Verified,2026-03-23,BA005004,9820003594
A004234,S04234,Merit Scholarship,16780,Verified,2026-03-17,BA005005,9820003595
A004235,S04235,Post-Matric Technical,20583,Verified,2026-03-27,BA005006,9820003596
A004236,S04236,Merit Scholarship,29066,Verified,2026-03-20,BA005007,9820003597
A004237,S04237,SC/ST Welfare Scheme,16543,Verified,2026-03-21,BA005008,9820003598
A004238,S04238,Merit Scholarship,16317,Verified,2026-03-22,BA005009,9820003599
A004239,S04239,SC/ST Welfare Scheme,16023,Verified,2026-03-23,BA005010,9820003600
A004240,S04240,SC/ST Welfare Scheme,11006,Verified,2026-03-19,BA005011,9820003601
A004241,S04241,Girl Child Assistance,9044,Verified,2026-03-20,BA005012,9820003602
A004242,S04242,Girl Child Assistance,13590,Verified,2026-03-20,BA005013,9820003603
A004243,S04243,Minority Welfare,18254,Verified,2026-03-18,BA005014,9820003604
A004244,S04244,Minority Welfare,11355,Verified,2026-03-15,BA005015,9820003605
A004245,S04245,Merit Scholarship,28561,Verified,2026-03-12,BA005016,9820003606
A004246,S04246,Minority Welfare,15522,Verified,2026-03-19,BA005017,9820003607
A004247,S04247,Merit Scholarship,26064,Verified,2026-03-13,BA005018,9820003608
A004248,S04248,SC/ST Welfare Scheme,10102,Verified,2026-03-25,BA005019,9820003609
A004249,S04249,SC/ST Welfare Scheme,11781,Verified,2026-03-22,BA005020,9820003610
A004250,S04250,Minority Welfare,11919,Verified,2026-03-14,BA005021,9820003611
A004251,S04251,Girl Child Assistance,10368,Verified,2026-03-21,BA005022,9820003612
A004252,S04252,Minority Welfare,13566,Verified,2026-03-26,BA005023,9820003613
A004253,S04253,SC/ST Welfare Scheme,21050,Verified,2026-03-17,BA005024,9820003614
A004254,S04254,Merit Scholarship,12252,Verified,2026-03-10,BA005025,9820003615
A004255,S04255,Post-Matric Technical,21658,Verified,2026-03-12,BA005026,9820003616
A004256,S04256,Merit Scholarship,18639,Verified,2026-03-15,BA005027,9820003617
A004257,S04257,Minority Welfare,14071,Verified,2026-03-18,BA005028,9820003618
A004258,S04258,SC/ST Welfare Scheme,10918,Verified,2026-03-24,BA005029,9820003619
A004259,S04259,Merit Scholarship,20685,Verified,2026-03-23,BA005030,9820003620
A004260,S04260,SC/ST Welfare Scheme,21808,Verified,2026-03-11,BA005031,9820003621
A004261,S04261,Merit Scholarship,19253,Verified,2026-03-16,BA005032,9820003622
A004262,S04262,Minority Welfare,13172,Verified,2026-03-25,BA005033,9820003623
A004263,S04263,Post-Matric Technical,13317,Verified,2026-03-17,BA005034,9820003624
A004264,S04264,Minority Welfare,15222,Verified,2026-03-11,BA005035,9820003625
A004265,S04265,Girl Child Assistance,11631,Verified,2026-03-25,BA005036,9820003626
A004266,S04266,Girl Child Assistance,10101,Verified,2026-03-24,BA005037,9820003627
A004267,S04267,Merit Scholarship,13874,Verified,2026-03-21,BA005038,9820003628
A004268,S04268,Merit Scholarship,20105,Verified,2026-03-12,BA005039,9820003629
A004269,S04269,Post-Matric Technical,15319,Verified,2026-03-21,BA005040,9820003630
A004270,S04270,SC/ST Welfare Scheme,13319,Verified,2026-03-21,BA005041,9820003631
A004271,S04271,SC/ST Welfare Scheme,15248,Verified,2026-03-23,BA005042,9820003632
A004272,S04272,Minority Welfare,10623,Verified,2026-03-23,BA005043,9820003633
A004273,S04273,Post-Matric Technical,9327,Verified,2026-03-13,BA005044,9820003634
A004274,S04274,Minority Welfare,17659,Verified,2026-03-18,BA005045,9820003635
A004275,S04275,Post-Matric Technical,11753,Verified,2026-03-26,BA005046,9820003636
A004276,S04276,Girl Child Assistance,7407,Verified,2026-03-12,BA005047,9820003637
A004277,S04277,Minority Welfare,18608,Verified,2026-03-22,BA005048,9820003638
A004278,S04278,Post-Matric Technical,20392,Verified,2026-03-28,BA005049,9820003639
A004279,S04279,Minority Welfare,11934,Verified,2026-03-28,BA005050,9820003640
A004280,S04280,Girl Child Assistance,11063,Verified,2026-03-21,BA005051,9820003641
A004281,S04281,SC/ST Welfare Scheme,11976,Verified,2026-03-27,BA005052,9820003642
A004282,S04282,Post-Matric Technical,18948,Verified,2026-03-17,BA005053,9820003643
A004283,S04283,Girl Child Assistance,10054,Verified,2026-03-22,BA005054,9820003644
A004284,S04284,SC/ST Welfare Scheme,11008,Verified,2026-03-22,BA005055,9820003645
A004285,S04285,Merit Scholarship,18198,Verified,2026-03-16,BA005056,9820003646
A004286,S04286,Minority Welfare,17122,Verified,2026-03-16,BA005057,9820003647
A004287,S04287,Girl Child Assistance,9698,Verified,2026-03-20,BA005058,9820003648
A004288,S04288,Merit Scholarship,27730,Verified,2026-03-26,BA005059,9820003649
A004289,S04289,Minority Welfare,10002,Verified,2026-03-24,BA005060,9820003650
A004290,S04290,Minority Welfare,15538,Verified,2026-03-26,BA005061,9820003651
A004291,S04291,Merit Scholarship,13817,Verified,2026-03-20,BA005062,9820003652
A004292,S04292,Post-Matric Technical,13925,Verified,2026-03-16,BA005063,9820003653
A004293,S04293,SC/ST Welfare Scheme,11253,Verified,2026-03-12,BA005064,9820003654
A004294,S04294,Girl Child Assistance,9225,Verified,2026-03-26,BA005065,9820003655
A004295,S04295,Post-Matric Technical,13203,Verified,2026-03-16,BA005066,9820003656
A004296,S04296,Girl Child Assistance,9583,Verified,2026-03-20,BA005067,9820003657
A004297,S04297,SC/ST Welfare Scheme,22875,Verified,2026-03-12,BA005068,9820003658
A004298,S04298,Post-Matric Technical,14714,Verified,2026-03-18,BA005069,9820003659
A004299,S04299,Merit Scholarship,15723,Verified,2026-03-16,BA005070,9820003660
A004300,S04300,Girl Child Assistance,11330,Verified,2026-03-19,BA005071,9820003661
A004301,S04301,Merit Scholarship,24963,Verified,2026-03-11,BA005072,9820003662
A004302,S04302,Post-Matric Technical,14477,Verified,2026-03-20,BA005073,9820003663
A004303,S04303,Merit Scholarship,24759,Verified,2026-03-15,BA005074,9820003664
A004304,S04304,SC/ST Welfare Scheme,20918,Verified,2026-03-19,BA005075,9820003665
A004305,S04305,Merit Scholarship,13659,Verified,2026-03-23,BA005076,9820003666
A004306,S04306,Girl Child Assistance,13338,Verified,2026-03-21,BA005077,9820003667
A004307,S04307,Minority Welfare,10792,Verified,2026-03-15,BA005078,9820003668
A004308,S04308,SC/ST Welfare Scheme,24834,Verified,2026-03-20,BA005079,9820003669
A004309,S04309,Merit Scholarship,18457,Verified,2026-03-23,BA005080,9820003670
A004310,S04310,Merit Scholarship,26126,Verified,2026-03-20,BA005081,9820003671
A004311,S04311,Merit Scholarship,22787,Verified,2026-03-15,BA005082,9820003672
A004312,S04312,Merit Scholarship,21277,Verified,2026-03-15,BA005083,9820003673
A004313,S04313,Merit Scholarship,18211,Verified,2026-03-28,BA005084,9820003674
A004314,S04314,Post-Matric Technical,11658,Verified,2026-03-10,BA005085,9820003675
A004315,S04315,Merit Scholarship,28488,Verified,2026-03-26,BA005086,9820003676
A004316,S04316,Girl Child Assistance,10795,Verified,2026-03-15,BA005087,9820003677
A004317,S04317,Post-Matric Technical,20368,Verified,2026-03-28,BA005088,9820003678
A004318,S04318,Minority Welfare,18725,Verified,2026-03-10,BA005089,9820003679
A004319,S04319,Girl Child Assistance,8399,Verified,2026-03-17,BA005090,9820003680
A004320,S04320,Merit Scholarship,20250,Verified,2026-03-22,BA005091,9820003681
A004321,S04321,Merit Scholarship,20294,Verified,2026-03-15,BA005092,9820003682
A004322,S04322,Merit Scholarship,22188,Verified,2026-03-14,BA005093,9820003683
A004323,S04323,Girl Child Assistance,9477,Verified,2026-03-11,BA005094,9820003684
A004324,S04324,Post-Matric Technical,19654,Verified,2026-03-20,BA005095,9820003685
A004325,S04325,Merit Scholarship,28156,Verified,2026-03-14,BA005096,9820003686
A004326,S04326,Minority Welfare,12740,Verified,2026-03-12,BA005097,9820003687
A004327,S04327,Girl Child Assistance,12812,Verified,2026-03-17,BA005098,9820003688
A004328,S04328,Girl Child Assistance,14601,Verified,2026-03-26,BA005099,9820003689
A004329,S04329,Minority Welfare,16453,Verified,2026-03-10,BA005100,9820003690
A004330,S04330,Merit Scholarship,26962,Verified,2026-03-17,BA005101,9820003691
A004331,S04331,SC/ST Welfare Scheme,13065,Verified,2026-03-12,BA005102,9820003692
A004332,S04332,Post-Matric Technical,16688,Verified,2026-03-10,BA005103,9820003693
A004333,S04333,Girl Child Assistance,12013,Verified,2026-03-22,BA005104,9820003694
A004334,S04334,Post-Matric Technical,21594,Verified,2026-03-12,BA005105,9820003695
A004335,S04335,SC/ST Welfare Scheme,15881,Verified,2026-03-18,BA005106,9820003696
A004336,S04336,Girl Child Assistance,13931,Verified,2026-03-16,BA005107,9820003697
A004337,S04337,Merit Scholarship,15595,Verified,2026-03-13,BA005108,9820003698
A004338,S04338,SC/ST Welfare Scheme,23216,Verified,2026-03-23,BA005109,9820003699
A004339,S04339,Girl Child Assistance,8944,Verified,2026-03-25,BA005110,9820003700
A004340,S04340,Minority Welfare,8647,Verified,2026-03-16,BA005111,9820003701
A004341,S04341,Girl Child Assistance,12943,Verified,2026-03-28,BA005112,9820003702
A004342,S04342,SC/ST Welfare Scheme,22273,Verified,2026-03-20,BA005113,9820003703
A004343,S04343,Merit Scholarship,19125,Verified,2026-03-12,BA005114,9820003704
A004344,S04344,Minority Welfare,14598,Verified,2026-03-15,BA005115,9820003705
A004345,S04345,SC/ST Welfare Scheme,18725,Verified,2026-03-13,BA005116,9820003706
A004346,S04346,Post-Matric Technical,9613,Verified,2026-03-11,BA005117,9820003707
A004347,S04347,SC/ST Welfare Scheme,18483,Verified,2026-03-18,BA005118,9820003708
A004348,S04348,Girl Child Assistance,8505,Verified,2026-03-12,BA005119,9820003709
A004349,S04349,Post-Matric Technical,19555,Verified,2026-03-19,BA005120,9820003710
A004350,S04350,Minority Welfare,14739,Verified,2026-03-21,BA005121,9820003711
A004351,S04351,Merit Scholarship,18529,Verified,2026-03-13,BA005122,9820003712
A004352,S04352,Post-Matric Technical,16739,Verified,2026-03-14,BA005123,9820003713
A004353,S04353,SC/ST Welfare Scheme,18013,Verified,2026-03-22,BA005124,9820003714
A004354,S04354,Girl Child Assistance,13743,Verified,2026-03-24,BA005125,9820003715
A004355,S04355,Post-Matric Technical,11110,Verified,2026-03-16,BA005126,9820003716
A004356,S04356,Minority Welfare,10633,Verified,2026-03-11,BA005127,9820003717
A004357,S04357,Merit Scholarship,25431,Verified,2026-03-26,BA005128,9820003718
A004358,S04358,Post-Matric Technical,18101,Verified,2026-03-10,BA005129,9820003719
A004359,S04359,Post-Matric Technical,10752,Verified,2026-03-21,BA005130,9820003720
A004360,S04360,SC/ST Welfare Scheme,18836,Verified,2026-03-20,BA005131,9820003721
A004361,S04361,Minority Welfare,11859,Verified,2026-03-28,BA005132,9820003722
A004362,S04362,Girl Child Assistance,11231,Verified,2026-03-20,BA005133,9820003723
A004363,S04363,Minority Welfare,17157,Verified,2026-03-18,BA005134,9820003724
A004364,S04364,SC/ST Welfare Scheme,13588,Verified,2026-03-20,BA005135,9820003725
A004365,S04365,Merit Scholarship,28493,Verified,2026-03-26,BA005136,9820003726
A004366,S04366,Minority Welfare,8634,Verified,2026-03-24,BA005137,9820003727
A004367,S04367,SC/ST Welfare Scheme,12847,Verified,2026-03-19,BA005138,9820003728
A004368,S04368,SC/ST Welfare Scheme,24622,Verified,2026-03-18,BA005139,9820003729
A004369,S04369,SC/ST Welfare Scheme,17100,Verified,2026-03-14,BA005140,9820003730
A004370,S04370,Merit Scholarship,27401,Verified,2026-03-12,BA005141,9820003731
A004371,S04371,Girl Child Assistance,13361,Verified,2026-03-11,BA005142,9820003732
A004372,S04372,Merit Scholarship,24327,Verified,2026-03-23,BA005143,9820003733
A004373,S04373,Post-Matric Technical,9934,Verified,2026-03-18,BA005144,9820003734
A004374,S04374,Post-Matric Technical,18398,Verified,2026-03-15,BA005145,9820003735
A004375,S04375,Girl Child Assistance,10489,Verified,2026-03-19,BA005146,9820003736
A004376,S04376,SC/ST Welfare Scheme,22896,Verified,2026-03-13,BA005147,9820003737
A004377,S04377,Merit Scholarship,27082,Verified,2026-03-18,BA005148,9820003738
A004378,S04378,SC/ST Welfare Scheme,23008,Verified,2026-03-20,BA005149,9820003739
A004379,S04379,Merit Scholarship,15578,Verified,2026-03-12,BA005150,9820003740
A004380,S04380,Merit Scholarship,28017,Verified,2026-03-13,BA005151,9820003741
A004381,S04381,Girl Child Assistance,9533,Verified,2026-03-18,BA005152,9820003742
A004382,S04382,Post-Matric Technical,12279,Verified,2026-03-27,BA005153,9820003743
A004383,S04383,Post-Matric Technical,20721,Verified,2026-03-19,BA005154,9820003744
A004384,S04384,Merit Scholarship,26371,Verified,2026-03-20,BA005155,9820003745
A004385,S04385,Girl Child Assistance,13975,Verified,2026-03-28,BA005156,9820003746
A004386,S04386,Minority Welfare,17718,Verified,2026-03-17,BA005157,9820003747
A004387,S04387,Minority Welfare,16484,Verified,2026-03-10,BA005158,9820003748
A004388,S04388,Merit Scholarship,26780,Verified,2026-03-16,BA005159,9820003749
A004389,S04389,SC/ST Welfare Scheme,14146,Verified,2026-03-19,BA005160,9820003750
A004390,S04390,Girl Child Assistance,13608,Verified,2026-03-11,BA005161,9820003751
A004391,S04391,Girl Child Assistance,8031,Verified,2026-03-24,BA005162,9820003752
A004392,S04392,Minority Welfare,17215,Verified,2026-03-21,BA005163,9820003753
A004393,S04393,Merit Scholarship,23811,Verified,2026-03-18,BA005164,9820003754
A004394,S04394,Post-Matric Technical,19067,Verified,2026-03-17,BA005165,9820003755
A004395,S04395,SC/ST Welfare Scheme,24626,Verified,2026-03-13,BA005166,9820003756
A004396,S04396,Post-Matric Technical,9962,Verified,2026-03-17,BA005167,9820003757
A004397,S04397,Girl Child Assistance,9928,Verified,2026-03-14,BA005168,9820003758
A004398,S04398,Post-Matric Technical,13301,Verified,2026-03-20,BA005169,9820003759
A004399,S04399,SC/ST Welfare Scheme,13162,Verified,2026-03-13,BA005170,9820003760
A004400,S04400,Minority Welfare,10376,Verified,2026-03-18,BA005171,9820003761
A004401,S04401,Minority Welfare,14695,Verified,2026-03-18,BA005172,9820003762
A004402,S04402,Merit Scholarship,15253,Verified,2026-03-12,BA005173,9820003763
A004403,S04403,Girl Child Assistance,14122,Verified,2026-03-14,BA005174,9820003764
A004404,S04404,Merit Scholarship,23682,Verified,2026-03-15,BA005175,9820003765
A004405,S04405,Post-Matric Technical,19239,Verified,2026-03-16,BA005176,9820003766
A004406,S04406,Minority Welfare,10182,Verified,2026-03-24,BA005177,9820003767
A004407,S04407,Post-Matric Technical,11260,Verified,2026-03-22,BA005178,9820003768
A004408,S04408,Minority Welfare,12118,Verified,2026-03-26,BA005179,9820003769
A004409,S04409,Post-Matric Technical,14840,Verified,2026-03-25,BA005180,9820003770
A004410,S04410,SC/ST Welfare Scheme,13187,Verified,2026-03-12,BA005181,9820003771
A004411,S04411,Girl Child Assistance,13963,Verified,2026-03-17,BA005182,9820003772
A004412,S04412,Post-Matric Technical,17473,Verified,2026-03-20,BA005183,9820003773
A004413,S04413,Minority Welfare,16914,Verified,2026-03-10,BA005184,9820003774
A004414,S04414,Minority Welfare,15824,Verified,2026-03-12,BA005185,9820003775
A004415,S04415,Girl Child Assistance,12268,Verified,2026-03-20,BA005186,9820003776
A004416,S04416,Minority Welfare,18220,Verified,2026-03-26,BA005187,9820003777
A004417,S04417,Post-Matric Technical,18024,Verified,2026-03-26,BA005188,9820003778
A004418,S04418,Merit Scholarship,12386,Verified,2026-03-15,BA005189,9820003779
A004419,S04419,Merit Scholarship,28897,Verified,2026-03-25,BA005190,9820003780
A004420,S04420,SC/ST Welfare Scheme,15492,Verified,2026-03-11,BA005191,9820003781
A004421,S04421,Post-Matric Technical,16296,Verified,2026-03-15,BA005192,9820003782
A004422,S04422,Merit Scholarship,13289,Verified,2026-03-19,BA005193,9820003783
A004423,S04423,SC/ST Welfare Scheme,17978,Verified,2026-03-22,BA005194,9820003784
A004424,S04424,SC/ST Welfare Scheme,16975,Verified,2026-03-22,BA005195,9820003785
A004425,S04425,Post-Matric Technical,20411,Verified,2026-03-21,BA005196,9820003786
A004426,S04426,Girl Child Assistance,13644,Verified,2026-03-23,BA005197,9820003787
A004427,S04427,SC/ST Welfare Scheme,18814,Verified,2026-03-20,BA005198,9820003788
A004428,S04428,Merit Scholarship,15588,Verified,2026-03-23,BA005199,9820003789
A004429,S04429,Girl Child Assistance,9215,Verified,2026-03-24,BA005200,9820003790
A004430,S04430,Girl Child Assistance,11169,Verified,2026-03-24,BA005201,9820003791
A004431,S04431,Minority Welfare,19882,Verified,2026-03-15,BA005202,9820003792
A004432,S04432,Post-Matric Technical,12024,Verified,2026-03-12,BA005203,9820003793
A004433,S04433,Merit Scholarship,19671,Verified,2026-03-14,BA005204,9820003794
A004434,S04434,Post-Matric Technical,21852,Verified,2026-03-10,BA005205,9820003795
A004435,S04435,Girl Child Assistance,7599,Verified,2026-03-17,BA005206,9820003796
A004436,S04436,Minority Welfare,12373,Verified,2026-03-24,BA005207,9820003797
A004437,S04437,Post-Matric Technical,13554,Verified,2026-03-17,BA005208,9820003798
A004438,S04438,Merit Scholarship,27997,Verified,2026-03-19,BA005209,9820003799
A004439,S04439,Post-Matric Technical,16510,Verified,2026-03-23,BA005210,9820003800
A004440,S04440,SC/ST Welfare Scheme,15325,Verified,2026-03-18,BA005211,9820003801
A004441,S04441,Post-Matric Technical,11790,Verified,2026-03-25,BA005212,9820003802
A004442,S04442,Merit Scholarship,28486,Verified,2026-03-26,BA005213,9820003803
A004443,S04443,SC/ST Welfare Scheme,13584,Verified,2026-03-28,BA005214,9820003804
A004444,S04444,Minority Welfare,15553,Verified,2026-03-13,BA005215,9820003805
A004445,S04445,Merit Scholarship,27826,Verified,2026-03-12,BA005216,9820003806
A004446,S04446,SC/ST Welfare Scheme,16399,Verified,2026-03-10,BA005217,9820003807
A004447,S04447,Girl Child Assistance,10035,Verified,2026-03-24,BA005218,9820003808
A004448,S04448,Post-Matric Technical,16094,Verified,2026-03-22,BA005219,9820003809
A004449,S04449,Post-Matric Technical,16139,Verified,2026-03-19,BA005220,9820003810
A004450,S04450,Minority Welfare,17391,Verified,2026-03-27,BA005221,9820003811
A004451,S04451,Girl Child Assistance,9259,Verified,2026-03-14,BA005222,9820003812
A004452,S04452,Girl Child Assistance,11873,Verified,2026-03-27,BA005223,9820003813
A004453,S04453,Girl Child Assistance,9500,Verified,2026-03-23,BA005224,9820003814
A004454,S04454,Minority Welfare,11178,Verified,2026-03-12,BA005225,9820003815
A004455,S04455,Minority Welfare,18954,Verified,2026-03-10,BA005226,9820003816
A004456,S04456,Girl Child Assistance,10043,Verified,2026-03-14,BA005227,9820003817
A004457,S04457,Post-Matric Technical,14676,Verified,2026-03-24,BA005228,9820003818
A004458,S04458,Post-Matric Technical,20675,Verified,2026-03-12,BA005229,9820003819
A004459,S04459,Post-Matric Technical,18423,Verified,2026-03-21,BA005230,9820003820
A004460,S04460,Merit Scholarship,13504,Verified,2026-03-13,BA005231,9820003821
A004461,S04461,Post-Matric Technical,20529,Verified,2026-03-15,BA005232,9820003822
A004462,S04462,Girl Child Assistance,9964,Verified,2026-03-13,BA005233,9820003823
A004463,S04463,Minority Welfare,18731,Verified,2026-03-25,BA005234,9820003824
A004464,S04464,Girl Child Assistance,14824,Verified,2026-03-24,BA005235,9820003825
A004465,S04465,Merit Scholarship,20978,Verified,2026-03-21,BA005236,9820003826
A004466,S04466,SC/ST Welfare Scheme,16401,Verified,2026-03-20,BA005237,9820003827
A004467,S04467,Minority Welfare,11090,Verified,2026-03-14,BA005238,9820003828
A004468,S04468,Girl Child Assistance,12269,Verified,2026-03-25,BA005239,9820003829
A004469,S04469,Girl Child Assistance,14242,Verified,2026-03-19,BA005240,9820003830
A004470,S04470,SC/ST Welfare Scheme,22451,Verified,2026-03-16,BA005241,9820003831
A004471,S04471,Merit Scholarship,20841,Verified,2026-03-10,BA005242,9820003832
A004472,S04472,Merit Scholarship,17698,Verified,2026-03-17,BA005243,9820003833
A004473,S04473,Minority Welfare,13622,Verified,2026-03-18,BA005244,9820003834
A004474,S04474,Minority Welfare,13250,Verified,2026-03-19,BA005245,9820003835
A004475,S04475,Minority Welfare,11557,Verified,2026-03-28,BA005246,9820003836
A004476,S04476,Post-Matric Technical,9964,Verified,2026-03-13,BA005247,9820003837
A004477,S04477,Minority Welfare,16840,Verified,2026-03-20,BA005248,9820003838
A004478,S04478,Post-Matric Technical,18256,Verified,2026-03-12,BA005249,9820003839
A004479,S04479,Merit Scholarship,19943,Verified,2026-03-28,BA005250,9820003840
A004480,S04480,Merit Scholarship,25809,Verified,2026-03-15,BA005251,9820003841
A004481,S04481,Post-Matric Technical,13523,Verified,2026-03-18,BA005252,9820003842
A004482,S04482,Minority Welfare,10627,Verified,2026-03-28,BA005253,9820003843
A004483,S04483,Minority Welfare,18309,Verified,2026-03-14,BA005254,9820003844
A004484,S04484,Post-Matric Technical,17333,Verified,2026-03-11,BA005255,9820003845
A004485,S04485,Post-Matric Technical,12086,Verified,2026-03-27,BA005256,9820003846
A004486,S04486,Merit Scholarship,18937,Verified,2026-03-14,BA005257,9820003847
A004487,S04487,Post-Matric Technical,18036,Verified,2026-03-23,BA005258,9820003848
A004488,S04488,SC/ST Welfare Scheme,23163,Verified,2026-03-23,BA005259,9820003849
A004489,S04489,SC/ST Welfare Scheme,22635,Verified,2026-03-12,BA005260,9820003850
A004490,S04490,Minority Welfare,11342,Verified,2026-03-20,BA005261,9820003851
A004491,S04491,SC/ST Welfare Scheme,15881,Verified,2026-03-28,BA005262,9820003852
A004492,S04492,SC/ST Welfare Scheme,20495,Verified,2026-03-17,BA005263,9820003853
A004493,S04493,Minority Welfare,10288,Verified,2026-03-12,BA005264,9820003854
A004494,S04494,Minority Welfare,13785,Verified,2026-03-25,BA005265,9820003855
A004495,S04495,Post-Matric Technical,13665,Verified,2026-03-14,BA005266,9820003856
A004496,S04496,Minority Welfare,11615,Verified,2026-03-25,BA005267,9820003857
A004497,S04497,Minority Welfare,18996,Verified,2026-03-16,BA005268,9820003858
A004498,S04498,SC/ST Welfare Scheme,15007,Verified,2026-03-28,BA005269,9820003859
A004499,S04499,SC/ST Welfare Scheme,18941,Verified,2026-03-24,BA005270,9820003860
A004500,S04500,SC/ST Welfare Scheme,20218,Verified,2026-03-10,BA005271,9820003861
A004501,S04501,Girl Child Assistance,12634,Verified,2026-03-27,BA005272,9820003862
A004502,S04502,Merit Scholarship,28566,Verified,2026-03-15,BA005273,9820003863
A004503,S04503,Girl Child Assistance,13494,Verified,2026-03-15,BA005274,9820003864
A004504,S04504,Minority Welfare,10602,Verified,2026-03-25,BA005275,9820003865
A004505,S04505,Post-Matric Technical,20174,Verified,2026-03-18,BA005276,9820003866
A004506,S04506,Minority Welfare,9726,Verified,2026-03-11,BA005277,9820003867
A004507,S04507,Girl Child Assistance,8382,Verified,2026-03-26,BA005278,9820003868
A004508,S04508,Girl Child Assistance,14961,Verified,2026-03-18,BA005279,9820003869
A004509,S04509,Minority Welfare,18184,Verified,2026-03-20,BA005280,9820003870
A004510,S04510,SC/ST Welfare Scheme,21393,Verified,2026-03-17,BA005281,9820003871
A004511,S04511,Merit Scholarship,14232,Verified,2026-03-14,BA005282,9820003872
A004512,S04512,Girl Child Assistance,13611,Verified,2026-03-10,BA005283,9820003873
A004513,S04513,Minority Welfare,14013,Verified,2026-03-15,BA005284,9820003874
A004514,S04514,Merit Scholarship,19941,Verified,2026-03-22,BA005285,9820003875
A004515,S04515,Merit Scholarship,16004,Verified,2026-03-27,BA005286,9820003876
A004516,S04516,Merit Scholarship,20024,Verified,2026-03-13,BA005287,9820003877
A004517,S04517,Post-Matric Technical,10723,Verified,2026-03-28,BA005288,9820003878
A004518,S04518,SC/ST Welfare Scheme,15061,Verified,2026-03-26,BA005289,9820003879
A004519,S04519,Girl Child Assistance,11037,Verified,2026-03-19,BA005290,9820003880
A004520,S04520,Post-Matric Technical,16408,Verified,2026-03-10,BA005291,9820003881
A004521,S04521,Minority Welfare,19779,Verified,2026-03-26,BA005292,9820003882
A004522,S04522,Minority Welfare,9855,Verified,2026-03-22,BA005293,9820003883
A004523,S04523,Minority Welfare,13739,Verified,2026-03-15,BA005294,9820003884
A004524,S04524,Minority Welfare,9830,Verified,2026-03-13,BA005295,9820003885
A004525,S04525,SC/ST Welfare Scheme,21135,Verified,2026-03-10,BA005296,9820003886
A004526,S04526,Post-Matric Technical,21156,Verified,2026-03-27,BA005297,9820003887
A004527,S04527,Merit Scholarship,26497,Verified,2026-03-17,BA005298,9820003888
A004528,S04528,Girl Child Assistance,13610,Verified,2026-03-20,BA005299,9820003889
A004529,S04529,SC/ST Welfare Scheme,14604,Verified,2026-03-12,BA005300,9820003890
A004530,S04530,Post-Matric Technical,17221,Verified,2026-03-20,BA005301,9820003891
A004531,S04531,Post-Matric Technical,17063,Verified,2026-03-11,BA005302,9820003892
A004532,S04532,Minority Welfare,12818,Verified,2026-03-11,BA005303,9820003893
A004533,S04533,SC/ST Welfare Scheme,17447,Verified,2026-03-24,BA005304,9820003894
A004534,S04534,Girl Child Assistance,14436,Verified,2026-03-17,BA005305,9820003895
A004535,S04535,Minority Welfare,8508,Verified,2026-03-12,BA005306,9820003896
A004536,S04536,SC/ST Welfare Scheme,21049,Verified,2026-03-25,BA005307,9820003897
A004537,S04537,Merit Scholarship,26415,Verified,2026-03-28,BA005308,9820003898
A004538,S04538,Post-Matric Technical,9917,Verified,2026-03-24,BA005309,9820003899
A004539,S04539,Girl Child Assistance,7817,Verified,2026-03-18,BA005310,9820003900
A004540,S04540,Post-Matric Technical,14543,Verified,2026-03-14,BA005311,9820003901
A004541,S04541,Merit Scholarship,22849,Verified,2026-03-12,BA005312,9820003902
A004542,S04542,Merit Scholarship,12137,Verified,2026-03-18,BA005313,9820003903
A004543,S04543,Post-Matric Technical,11437,Verified,2026-03-11,BA005314,9820003904
A004544,S04544,Minority Welfare,15770,Verified,2026-03-17,BA005315,9820003905
A004545,S04545,Minority Welfare,13561,Verified,2026-03-25,BA005316,9820003906
A004546,S04546,SC/ST Welfare Scheme,20911,Verified,2026-03-23,BA005317,9820003907
A004547,S04547,Girl Child Assistance,10726,Verified,2026-03-17,BA005318,9820003908
A004548,S04548,Post-Matric Technical,18876,Verified,2026-03-12,BA005319,9820003909
A004549,S04549,Minority Welfare,13107,Verified,2026-03-10,BA005320,9820003910
A004550,S04550,Merit Scholarship,13936,Verified,2026-03-13,BA005321,9820003911
A004551,S04551,Merit Scholarship,25144,Verified,2026-03-15,BA005322,9820003912
A004552,S04552,Minority Welfare,12520,Verified,2026-03-18,BA005323,9820003913
A004553,S04553,Merit Scholarship,14754,Verified,2026-03-12,BA005324,9820003914
A004554,S04554,Girl Child Assistance,12255,Verified,2026-03-19,BA005325,9820003915
A004555,S04555,Girl Child Assistance,7898,Verified,2026-03-21,BA005326,9820003916
A004556,S04556,Merit Scholarship,17689,Verified,2026-03-18,BA005327,9820003917
A004557,S04557,Girl Child Assistance,9647,Verified,2026-03-16,BA005328,9820003918
A004558,S04558,Girl Child Assistance,7017,Verified,2026-03-11,BA005329,9820003919
A004559,S04559,SC/ST Welfare Scheme,12906,Verified,2026-03-17,BA005330,9820003920
A004560,S04560,Girl Child Assistance,7624,Verified,2026-03-10,BA005331,9820003921
A004561,S04561,Post-Matric Technical,15290,Verified,2026-03-15,BA005332,9820003922
A004562,S04562,Merit Scholarship,24755,Verified,2026-03-13,BA005333,9820003923
A004563,S04563,Girl Child Assistance,8204,Verified,2026-03-12,BA005334,9820003924
A004564,S04564,Merit Scholarship,20724,Verified,2026-03-24,BA005335,9820003925
A004565,S04565,Merit Scholarship,25609,Verified,2026-03-11,BA005336,9820003926
A004566,S04566,Merit Scholarship,29731,Verified,2026-03-23,BA005337,9820003927
A004567,S04567,Minority Welfare,19501,Verified,2026-03-27,BA005338,9820003928
A004568,S04568,Post-Matric Technical,19430,Verified,2026-03-24,BA005339,9820003929
A004569,S04569,Merit Scholarship,20434,Verified,2026-03-22,BA005340,9820003930
A004570,S04570,Post-Matric Technical,10109,Verified,2026-03-21,BA005341,9820003931
A004571,S04571,SC/ST Welfare Scheme,17709,Verified,2026-03-23,BA005342,9820003932
A004572,S04572,Post-Matric Technical,14570,Verified,2026-03-20,BA005343,9820003933
A004573,S04573,Girl Child Assistance,10842,Verified,2026-03-19,BA005344,9820003934
A004574,S04574,Minority Welfare,9693,Verified,2026-03-20,BA005345,9820003935
A004575,S04575,Minority Welfare,10185,Verified,2026-03-26,BA005346,9820003936
A004576,S04576,Post-Matric Technical,19115,Verified,2026-03-23,BA005347,9820003937
A004577,S04577,Post-Matric Technical,9932,Verified,2026-03-12,BA005348,9820003938
A004578,S04578,Minority Welfare,18738,Verified,2026-03-19,BA005349,9820003939
A004579,S04579,Minority Welfare,17937,Verified,2026-03-17,BA005350,9820003940
A004580,S04580,SC/ST Welfare Scheme,22662,Verified,2026-03-24,BA005351,9820003941
A004581,S04581,Post-Matric Technical,13128,Verified,2026-03-27,BA005352,9820003942
A004582,S04582,Minority Welfare,17024,Verified,2026-03-19,BA005353,9820003943
A004583,S04583,Merit Scholarship,17739,Verified,2026-03-18,BA005354,9820003944
A004584,S04584,Minority Welfare,17581,Verified,2026-03-28,BA005355,9820003945
A004585,S04585,Minority Welfare,12296,Verified,2026-03-12,BA005356,9820003946
A004586,S04586,Minority Welfare,13240,Verified,2026-03-25,BA005357,9820003947
A004587,S04587,Girl Child Assistance,9733,Verified,2026-03-15,BA005358,9820003948
A004588,S04588,Minority Welfare,12442,Verified,2026-03-11,BA005359,9820003949
A004589,S04589,Post-Matric Technical,17162,Verified,2026-03-26,BA005360,9820003950
A004590,S04590,Girl Child Assistance,8544,Verified,2026-03-16,BA005361,9820003951
A004591,S04591,Girl Child Assistance,13785,Verified,2026-03-17,BA005362,9820003952
A004592,S04592,SC/ST Welfare Scheme,14092,Verified,2026-03-23,BA005363,9820003953
A004593,S04593,Merit Scholarship,13582,Verified,2026-03-15,BA005364,9820003954
A004594,S04594,Post-Matric Technical,16598,Verified,2026-03-24,BA005365,9820003955
A004595,S04595,Post-Matric Technical,13099,Verified,2026-03-26,BA005366,9820003956
A004596,S04596,SC/ST Welfare Scheme,11767,Verified,2026-03-11,BA005367,9820003957
A004597,S04597,Girl Child Assistance,13153,Verified,2026-03-14,BA005368,9820003958
A004598,S04598,Merit Scholarship,22201,Verified,2026-03-26,BA005369,9820003959
A004599,S04599,Merit Scholarship,25847,Verified,2026-03-10,BA005370,9820003960
A004600,S04600,Merit Scholarship,28614,Verified,2026-03-25,BA005371,9820003961
A004601,S04601,Post-Matric Technical,20423,Verified,2026-03-28,BA005372,9820003962
A004602,S04602,Girl Child Assistance,13758,Verified,2026-03-25,BA005373,9820003963
A004603,S04603,Merit Scholarship,26875,Verified,2026-03-24,BA005374,9820003964
A004604,S04604,Minority Welfare,9386,Verified,2026-03-28,BA005375,9820003965
A004605,S04605,Merit Scholarship,21053,Verified,2026-03-20,BA005376,9820003966
A004606,S04606,SC/ST Welfare Scheme,23511,Verified,2026-03-28,BA005377,9820003967
A004607,S04607,SC/ST Welfare Scheme,15410,Verified,2026-03-18,BA005378,9820003968
A004608,S04608,Merit Scholarship,23359,Verified,2026-03-11,BA005379,9820003969
A004609,S04609,Post-Matric Technical,21431,Verified,2026-03-20,BA005380,9820003970
A004610,S04610,Girl Child Assistance,12456,Verified,2026-03-12,BA005381,9820003971
A004611,S04611,Merit Scholarship,15468,Verified,2026-03-23,BA005382,9820003972
A004612,S04612,Merit Scholarship,14877,Verified,2026-03-22,BA005383,9820003973
A004613,S04613,Minority Welfare,14547,Verified,2026-03-25,BA005384,9820003974
A004614,S04614,SC/ST Welfare Scheme,18324,Verified,2026-03-12,BA005385,9820003975
A004615,S04615,Merit Scholarship,21880,Verified,2026-03-11,BA005386,9820003976
A004616,S04616,Minority Welfare,13597,Verified,2026-03-28,BA005387,9820003977
A004617,S04617,Post-Matric Technical,12078,Verified,2026-03-15,BA005388,9820003978
A004618,S04618,Merit Scholarship,25241,Verified,2026-03-12,BA005389,9820003979
A004619,S04619,Post-Matric Technical,18498,Verified,2026-03-25,BA005390,9820003980
A004620,S04620,Girl Child Assistance,11682,Verified,2026-03-23,BA005391,9820003981
A004621,S04621,Post-Matric Technical,21483,Verified,2026-03-21,BA005392,9820003982
A004622,S04622,Minority Welfare,14641,Verified,2026-03-28,BA005393,9820003983
A004623,S04623,Minority Welfare,18675,Verified,2026-03-10,BA005394,9820003984
A004624,S04624,Minority Welfare,10456,Verified,2026-03-15,BA005395,9820003985
A004625,S04625,Post-Matric Technical,20983,Verified,2026-03-19,BA005396,9820003986
A004626,S04626,SC/ST Welfare Scheme,23731,Verified,2026-03-11,BA005397,9820003987
A004627,S04627,Post-Matric Technical,16282,Verified,2026-03-19,BA005398,9820003988
A004628,S04628,SC/ST Welfare Scheme,11899,Verified,2026-03-27,BA005399,9820003989
A004629,S04629,Merit Scholarship,22797,Verified,2026-03-26,BA005400,9820003990
A004630,S04630,Merit Scholarship,14099,Verified,2026-03-13,BA005401,9820003991
A004631,S04631,Girl Child Assistance,10472,Verified,2026-03-22,BA005402,9820003992
A004632,S04632,Girl Child Assistance,12325,Verified,2026-03-17,BA005403,9820003993
A004633,S04633,SC/ST Welfare Scheme,20012,Verified,2026-03-11,BA005404,9820003994
A004634,S04634,SC/ST Welfare Scheme,15653,Verified,2026-03-16,BA005405,9820003995
A004635,S04635,SC/ST Welfare Scheme,17399,Verified,2026-03-13,BA005406,9820003996
A004636,S04636,Minority Welfare,17100,Verified,2026-03-11,BA005407,9820003997
A004637,S04637,Post-Matric Technical,17200,Verified,2026-03-21,BA005408,9820003998
A004638,S04638,Girl Child Assistance,9687,Verified,2026-03-13,BA005409,9820003999
A004639,S04639,Post-Matric Technical,14767,Verified,2026-03-24,BA005410,9820004000
A004640,S04640,Girl Child Assistance,13878,Verified,2026-03-28,BA005411,9820004001
A004641,S04641,Girl Child Assistance,14011,Verified,2026-03-18,BA005412,9820004002
A004642,S04642,SC/ST Welfare Scheme,23251,Verified,2026-03-23,BA005413,9820004003
A004643,S04643,Minority Welfare,8556,Verified,2026-03-28,BA005414,9820004004
A004644,S04644,SC/ST Welfare Scheme,13072,Verified,2026-03-14,BA005415,9820004005
A004645,S04645,SC/ST Welfare Scheme,19489,Verified,2026-03-19,BA005416,9820004006
A004646,S04646,Merit Scholarship,22721,Verified,2026-03-17,BA005417,9820004007
A004647,S04647,Post-Matric Technical,9476,Verified,2026-03-17,BA005418,9820004008
A004648,S04648,Merit Scholarship,25989,Verified,2026-03-22,BA005419,9820004009
A004649,S04649,Post-Matric Technical,13099,Verified,2026-03-26,BA005420,9820004010
A004650,S04650,SC/ST Welfare Scheme,11648,Verified,2026-03-28,BA005421,9820004011
A004651,S04651,SC/ST Welfare Scheme,17836,Verified,2026-03-11,BA005422,9820004012
A004652,S04652,Post-Matric Technical,20891,Verified,2026-03-10,BA005423,9820004013
A004653,S04653,Girl Child Assistance,10512,Verified,2026-03-27,BA005424,9820004014
A004654,S04654,SC/ST Welfare Scheme,12885,Verified,2026-03-23,BA005425,9820004015
A004655,S04655,Post-Matric Technical,9847,Verified,2026-03-19,BA005426,9820004016
A004656,S04656,SC/ST Welfare Scheme,17648,Verified,2026-03-10,BA005427,9820004017
A004657,S04657,Merit Scholarship,20442,Verified,2026-03-22,BA005428,9820004018
A004658,S04658,Minority Welfare,11997,Verified,2026-03-22,BA005429,9820004019
A004659,S04659,Merit Scholarship,24385,Verified,2026-03-25,BA005430,9820004020
A004660,S04660,Merit Scholarship,29745,Verified,2026-03-18,BA005431,9820004021
A004661,S04661,Merit Scholarship,21837,Verified,2026-03-10,BA005432,9820004022
A004662,S04662,SC/ST Welfare Scheme,20181,Verified,2026-03-28,BA005433,9820004023
A004663,S04663,Minority Welfare,15048,Verified,2026-03-11,BA005434,9820004024
A004664,S04664,Girl Child Assistance,14774,Verified,2026-03-19,BA005435,9820004025
A004665,S04665,Girl Child Assistance,12732,Verified,2026-03-16,BA005436,9820004026
A004666,S04666,Minority Welfare,17313,Verified,2026-03-16,BA005437,9820004027
A004667,S04667,Post-Matric Technical,14061,Verified,2026-03-27,BA005438,9820004028
A004668,S04668,Minority Welfare,14798,Verified,2026-03-11,BA005439,9820004029
A004669,S04669,Post-Matric Technical,18054,Verified,2026-03-14,BA005440,9820004030
A004670,S04670,Minority Welfare,8548,Verified,2026-03-21,BA005441,9820004031
A004671,S04671,Minority Welfare,16008,Verified,2026-03-26,BA005442,9820004032
A004672,S04672,Minority Welfare,13302,Verified,2026-03-20,BA005443,9820004033
A004673,S04673,Post-Matric Technical,20376,Verified,2026-03-19,BA005444,9820004034
A004674,S04674,Minority Welfare,12868,Verified,2026-03-26,BA005445,9820004035
A004675,S04675,SC/ST Welfare Scheme,18529,Verified,2026-03-21,BA005446,9820004036
A004676,S04676,Merit Scholarship,19609,Verified,2026-03-27,BA005447,9820004037
A004677,S04677,Post-Matric Technical,21302,Verified,2026-03-27,BA005448,9820004038
A004678,S04678,Minority Welfare,12246,Verified,2026-03-23,BA005449,9820004039
A004679,S04679,Post-Matric Technical,21215,Verified,2026-03-21,BA005450,9820004040
A004680,S04680,Minority Welfare,13891,Verified,2026-03-14,BA005451,9820004041
A004681,S04681,Merit Scholarship,25186,Verified,2026-03-16,BA005452,9820004042
A004682,S04682,Minority Welfare,10381,Verified,2026-03-24,BA005453,9820004043
A004683,S04683,Girl Child Assistance,9055,Verified,2026-03-25,BA005454,9820004044
A004684,S04684,Minority Welfare,17117,Verified,2026-03-21,BA005455,9820004045
A004685,S04685,Post-Matric Technical,19005,Verified,2026-03-14,BA005456,9820004046
A004686,S04686,Merit Scholarship,28725,Verified,2026-03-10,BA005457,9820004047
A004687,S04687,Girl Child Assistance,9279,Verified,2026-03-12,BA005458,9820004048
A004688,S04688,Girl Child Assistance,7029,Verified,2026-03-11,BA005459,9820004049
A004689,S04689,Merit Scholarship,22694,Verified,2026-03-19,BA005460,9820004050
A004690,S04690,Girl Child Assistance,10494,Verified,2026-03-26,BA005461,9820004051
A004691,S04691,Minority Welfare,16845,Verified,2026-03-23,BA005462,9820004052
A004692,S04692,Minority Welfare,19142,Verified,2026-03-26,BA005463,9820004053
A004693,S04693,Girl Child Assistance,12333,Verified,2026-03-19,BA005464,9820004054
A004694,S04694,Minority Welfare,11999,Verified,2026-03-10,BA005465,9820004055
A004695,S04695,Post-Matric Technical,15639,Verified,2026-03-19,BA005466,9820004056
A004696,S04696,SC/ST Welfare Scheme,20349,Verified,2026-03-12,BA005467,9820004057
A004697,S04697,SC/ST Welfare Scheme,21687,Verified,2026-03-13,BA005468,9820004058
A004698,S04698,Post-Matric Technical,14944,Verified,2026-03-20,BA005469,9820004059
A004699,S04699,Merit Scholarship,23534,Verified,2026-03-12,BA005470,9820004060
A004700,S04700,SC/ST Welfare Scheme,21978,Verified,2026-03-23,BA005471,9820004061
A004701,S04701,Merit Scholarship,15404,Verified,2026-03-24,BA005472,9820004062
A004702,S04702,Minority Welfare,10197,Verified,2026-03-19,BA005473,9820004063
A004703,S04703,Post-Matric Technical,12618,Verified,2026-03-14,BA005474,9820004064
A004704,S04704,Minority Welfare,16598,Verified,2026-03-28,BA005475,9820004065
A004705,S04705,SC/ST Welfare Scheme,17603,Verified,2026-03-15,BA005476,9820004066
A004706,S04706,Minority Welfare,8498,Verified,2026-03-23,BA005477,9820004067
A004707,S04707,Girl Child Assistance,7660,Verified,2026-03-18,BA005478,9820004068
A004708,S04708,SC/ST Welfare Scheme,24194,Verified,2026-03-27,BA005479,9820004069
A004709,S04709,Girl Child Assistance,7591,Verified,2026-03-21,BA005480,9820004070
A004710,S04710,SC/ST Welfare Scheme,10058,Verified,2026-03-13,BA005481,9820004071
A004711,S04711,Minority Welfare,19672,Verified,2026-03-14,BA005482,9820004072
A004712,S04712,Merit Scholarship,17530,Verified,2026-03-21,BA005483,9820004073
A004713,S04713,Post-Matric Technical,13615,Verified,2026-03-19,BA005484,9820004074
A004714,S04714,Minority Welfare,17766,Verified,2026-03-28,BA005485,9820004075
A004715,S04715,Girl Child Assistance,10365,Verified,2026-03-18,BA005486,9820004076
A004716,S04716,Minority Welfare,16443,Verified,2026-03-20,BA005487,9820004077
A004717,S04717,SC/ST Welfare Scheme,23701,Verified,2026-03-20,BA005488,9820004078
A004718,S04718,Minority Welfare,18064,Verified,2026-03-11,BA005489,9820004079
A004719,S04719,Post-Matric Technical,13119,Verified,2026-03-10,BA005490,9820004080
A004720,S04720,SC/ST Welfare Scheme,21046,Verified,2026-03-25,BA005491,9820004081
A004721,S04721,SC/ST Welfare Scheme,16200,Verified,2026-03-11,BA005492,9820004082
A004722,S04722,Post-Matric Technical,10730,Verified,2026-03-27,BA005493,9820004083
A004723,S04723,Girl Child Assistance,12121,Verified,2026-03-19,BA005494,9820004084
A004724,S04724,Minority Welfare,10240,Verified,2026-03-22,BA005495,9820004085
A004725,S04725,SC/ST Welfare Scheme,20918,Verified,2026-03-13,BA005496,9820004086
A004726,S04726,Girl Child Assistance,13833,Verified,2026-03-27,BA005497,9820004087
A004727,S04727,Post-Matric Technical,12427,Verified,2026-03-21,BA005498,9820004088
A004728,S04728,Post-Matric Technical,18156,Verified,2026-03-24,BA005499,9820004089
A004729,S04729,Merit Scholarship,22782,Verified,2026-03-18,BA005500,9820004090
A004730,S04730,Post-Matric Technical,18641,Verified,2026-03-11,BA005501,9820004091
A004731,S04731,Girl Child Assistance,8908,Verified,2026-03-22,BA005502,9820004092
A004732,S04732,Minority Welfare,11368,Verified,2026-03-22,BA005503,9820004093
A004733,S04733,Girl Child Assistance,12524,Verified,2026-03-25,BA005504,9820004094
A004734,S04734,SC/ST Welfare Scheme,23191,Verified,2026-03-13,BA005505,9820004095
A004735,S04735,Post-Matric Technical,15343,Verified,2026-03-20,BA005506,9820004096
A004736,S04736,Post-Matric Technical,13320,Verified,2026-03-27,BA005507,9820004097
A004737,S04737,Post-Matric Technical,11618,Verified,2026-03-27,BA005508,9820004098
A004738,S04738,Girl Child Assistance,11605,Verified,2026-03-27,BA005509,9820004099
A004739,S04739,Minority Welfare,18455,Verified,2026-03-26,BA005510,9820004100
A004740,S04740,SC/ST Welfare Scheme,21686,Verified,2026-03-17,BA005511,9820004101
A004741,S04741,Minority Welfare,16094,Verified,2026-03-10,BA005512,9820004102
A004742,S04742,Girl Child Assistance,14552,Verified,2026-03-13,BA005513,9820004103
A004743,S04743,Merit Scholarship,16882,Verified,2026-03-17,BA005514,9820004104
A004744,S04744,SC/ST Welfare Scheme,12603,Verified,2026-03-28,BA005515,9820004105
A004745,S04745,Minority Welfare,12380,Verified,2026-03-18,BA005516,9820004106
A004746,S04746,Girl Child Assistance,10935,Verified,2026-03-16,BA005517,9820004107
A004747,S04747,SC/ST Welfare Scheme,21911,Verified,2026-03-17,BA005518,9820004108
A004748,S04748,Merit Scholarship,16681,Verified,2026-03-21,BA005519,9820004109
A004749,S04749,Post-Matric Technical,16790,Verified,2026-03-19,BA005520,9820004110
A004750,S04750,Merit Scholarship,21617,Verified,2026-03-13,BA005521,9820004111
A004751,S04751,Post-Matric Technical,11551,Verified,2026-03-24,BA005522,9820004112
A004752,S04752,Minority Welfare,12843,Verified,2026-03-15,BA005523,9820004113
A004753,S04753,Girl Child Assistance,10783,Verified,2026-03-22,BA005524,9820004114
A004754,S04754,Post-Matric Technical,13039,Verified,2026-03-12,BA005525,9820004115
A004755,S04755,Girl Child Assistance,10428,Verified,2026-03-11,BA005526,9820004116
A004756,S04756,Girl Child Assistance,12081,Verified,2026-03-10,BA005527,9820004117
A004757,S04757,SC/ST Welfare Scheme,14216,Verified,2026-03-10,BA005528,9820004118
A004758,S04758,Minority Welfare,15193,Verified,2026-03-23,BA005529,9820004119
A004759,S04759,Merit Scholarship,15732,Verified,2026-03-23,BA005530,9820004120
A004760,S04760,Minority Welfare,18904,Verified,2026-03-10,BA005531,9820004121
A004761,S04761,Minority Welfare,11663,Verified,2026-03-22,BA005532,9820004122
A004762,S04762,Girl Child Assistance,10049,Verified,2026-03-14,BA005533,9820004123
A004763,S04763,Merit Scholarship,17126,Verified,2026-03-21,BA005534,9820004124
A004764,S04764,Post-Matric Technical,21655,Verified,2026-03-16,BA005535,9820004125
A004765,S04765,Girl Child Assistance,11598,Verified,2026-03-22,BA005536,9820004126
A004766,S04766,SC/ST Welfare Scheme,13065,Verified,2026-03-20,BA005537,9820004127
A004767,S04767,Post-Matric Technical,18585,Verified,2026-03-16,BA005538,9820004128
A004768,S04768,Girl Child Assistance,13575,Verified,2026-03-16,BA005539,9820004129
A004769,S04769,SC/ST Welfare Scheme,11834,Verified,2026-03-16,BA005540,9820004130
A004770,S04770,Post-Matric Technical,20467,Verified,2026-03-23,BA005541,9820004131
A004771,S04771,Minority Welfare,16356,Verified,2026-03-13,BA005542,9820004132
A004772,S04772,Merit Scholarship,29538,Verified,2026-03-18,BA005543,9820004133
A004773,S04773,Girl Child Assistance,13261,Verified,2026-03-13,BA005544,9820004134
A004774,S04774,Merit Scholarship,29078,Verified,2026-03-10,BA005545,9820004135
A004775,S04775,Girl Child Assistance,7131,Verified,2026-03-16,BA005546,9820004136
A004776,S04776,Merit Scholarship,13580,Verified,2026-03-20,BA005547,9820004137
A004777,S04777,Minority Welfare,18399,Verified,2026-03-15,BA005548,9820004138
A004778,S04778,Merit Scholarship,12722,Verified,2026-03-14,BA005549,9820004139
A004779,S04779,SC/ST Welfare Scheme,11880,Verified,2026-03-14,BA005550,9820004140
A004780,S04780,Minority Welfare,12382,Verified,2026-03-26,BA005551,9820004141
A004781,S04781,SC/ST Welfare Scheme,14009,Verified,2026-03-17,BA005552,9820004142
A004782,S04782,Post-Matric Technical,20721,Verified,2026-03-13,BA005553,9820004143
A004783,S04783,Girl Child Assistance,14594,Verified,2026-03-26,BA005554,9820004144
A004784,S04784,Post-Matric Technical,11362,Verified,2026-03-28,BA005555,9820004145
A004785,S04785,Minority Welfare,17053,Verified,2026-03-25,BA005556,9820004146
A004786,S04786,Minority Welfare,17314,Verified,2026-03-21,BA005557,9820004147
A004787,S04787,Girl Child Assistance,9010,Verified,2026-03-19,BA005558,9820004148
A004788,S04788,SC/ST Welfare Scheme,17763,Verified,2026-03-26,BA005559,9820004149
A004789,S04789,Girl Child Assistance,8606,Verified,2026-03-15,BA005560,9820004150
A004790,S04790,Post-Matric Technical,11674,Verified,2026-03-14,BA005561,9820004151
A004791,S04791,Merit Scholarship,23284,Verified,2026-03-20,BA005562,9820004152
A004792,S04792,Merit Scholarship,26888,Verified,2026-03-25,BA005563,9820004153
A004793,S04793,Post-Matric Technical,21425,Verified,2026-03-28,BA005564,9820004154
A004794,S04794,SC/ST Welfare Scheme,20527,Verified,2026-03-19,BA005565,9820004155
A004795,S04795,Minority Welfare,18862,Verified,2026-03-23,BA005566,9820004156
A004796,S04796,Merit Scholarship,20421,Verified,2026-03-25,BA005567,9820004157
A004797,S04797,Merit Scholarship,19551,Verified,2026-03-26,BA005568,9820004158
A004798,S04798,Girl Child Assistance,11474,Verified,2026-03-24,BA005569,9820004159
A004799,S04799,Girl Child Assistance,8734,Verified,2026-03-28,BA005570,9820004160
A004800,S04800,Minority Welfare,15389,Verified,2026-03-15,BA005571,9820004161
A004801,S04801,Post-Matric Technical,13619,Verified,2026-03-26,BA005572,9820004162
A004802,S04802,Minority Welfare,17542,Verified,2026-03-22,BA005573,9820004163
A004803,S04803,Girl Child Assistance,10785,Verified,2026-03-20,BA005574,9820004164
A004804,S04804,Girl Child Assistance,11720,Verified,2026-03-17,BA005575,9820004165
A004805,S04805,Minority Welfare,14876,Verified,2026-03-25,BA005576,9820004166
A004806,S04806,Post-Matric Technical,21900,Verified,2026-03-23,BA005577,9820004167
A004807,S04807,Merit Scholarship,16425,Verified,2026-03-12,BA005578,9820004168
A004808,S04808,Post-Matric Technical,9846,Verified,2026-03-12,BA005579,9820004169
A004809,S04809,Post-Matric Technical,14784,Verified,2026-03-19,BA005580,9820004170
A004810,S04810,Merit Scholarship,17036,Verified,2026-03-14,BA005581,9820004171
A004811,S04811,Merit Scholarship,25362,Verified,2026-03-23,BA005582,9820004172
A004812,S04812,Merit Scholarship,15528,Verified,2026-03-18,BA005583,9820004173
A004813,S04813,Post-Matric Technical,9025,Verified,2026-03-18,BA005584,9820004174
A004814,S04814,Minority Welfare,19032,Verified,2026-03-19,BA005585,9820004175
A004815,S04815,Minority Welfare,10036,Verified,2026-03-28,BA005586,9820004176
A004816,S04816,Merit Scholarship,19700,Verified,2026-03-20,BA005587,9820004177
A004817,S04817,SC/ST Welfare Scheme,22894,Verified,2026-03-14,BA005588,9820004178
A004818,S04818,SC/ST Welfare Scheme,20905,Verified,2026-03-12,BA005589,9820004179
A004819,S04819,Girl Child Assistance,14335,Verified,2026-03-15,BA005590,9820004180
A004820,S04820,Girl Child Assistance,10219,Verified,2026-03-23,BA005591,9820004181
A004821,S04821,Post-Matric Technical,11789,Verified,2026-03-19,BA005592,9820004182
A004822,S04822,Girl Child Assistance,8258,Verified,2026-03-21,BA005593,9820004183
A004823,S04823,Girl Child Assistance,13028,Verified,2026-03-22,BA005594,9820004184
A004824,S04824,Merit Scholarship,28358,Verified,2026-03-15,BA005595,9820004185
A004825,S04825,Girl Child Assistance,12557,Verified,2026-03-12,BA005596,9820004186
A004826,S04826,SC/ST Welfare Scheme,13875,Verified,2026-03-13,BA005597,9820004187
A004827,S04827,Post-Matric Technical,14216,Verified,2026-03-12,BA005598,9820004188
A004828,S04828,Minority Welfare,14390,Verified,2026-03-14,BA005599,9820004189
A004829,S04829,SC/ST Welfare Scheme,22139,Verified,2026-03-11,BA005600,9820004190
A004830,S04830,Merit Scholarship,18403,Verified,2026-03-25,BA005601,9820004191
A004831,S04831,Minority Welfare,14431,Verified,2026-03-24,BA005602,9820004192
A004832,S04832,SC/ST Welfare Scheme,21701,Verified,2026-03-11,BA005603,9820004193
A004833,S04833,Girl Child Assistance,11498,Verified,2026-03-15,BA005604,9820004194
A004834,S04834,Minority Welfare,16344,Verified,2026-03-28,BA005605,9820004195
A004835,S04835,Post-Matric Technical,16897,Verified,2026-03-12,BA005606,9820004196
A004836,S04836,Girl Child Assistance,10067,Verified,2026-03-12,BA005607,9820004197
A004837,S04837,Merit Scholarship,17083,Verified,2026-03-17,BA005608,9820004198
A004838,S04838,Girl Child Assistance,14358,Verified,2026-03-23,BA005609,9820004199
A004839,S04839,Minority Welfare,16899,Verified,2026-03-24,BA005610,9820004200
A004840,S04840,SC/ST Welfare Scheme,16716,Verified,2026-03-19,BA005611,9820004201
A004841,S04841,Girl Child Assistance,9948,Verified,2026-03-20,BA005612,9820004202
A004842,S04842,Girl Child Assistance,14775,Verified,2026-03-21,BA005613,9820004203
A004843,S04843,Girl Child Assistance,9772,Verified,2026-03-27,BA005614,9820004204
A004844,S04844,Girl Child Assistance,11555,Verified,2026-03-23,BA005615,9820004205
A004845,S04845,SC/ST Welfare Scheme,22647,Verified,2026-03-27,BA005616,9820004206
A004846,S04846,Post-Matric Technical,12592,Verified,2026-03-17,BA005617,9820004207
A004847,S04847,SC/ST Welfare Scheme,12423,Verified,2026-03-14,BA005618,9820004208
A004848,S04848,Girl Child Assistance,8790,Verified,2026-03-25,BA005619,9820004209
A004849,S04849,Post-Matric Technical,13747,Verified,2026-03-10,BA005620,9820004210
A004850,S04850,SC/ST Welfare Scheme,17834,Verified,2026-03-28,BA005621,9820004211
A004851,S04851,SC/ST Welfare Scheme,19373,Verified,2026-03-27,BA005622,9820004212
A004852,S04852,Girl Child Assistance,8899,Verified,2026-03-22,BA005623,9820004213
A004853,S04853,Post-Matric Technical,18758,Verified,2026-03-21,BA005624,9820004214
A004854,S04854,Merit Scholarship,24789,Verified,2026-03-12,BA005625,9820004215
A004855,S04855,SC/ST Welfare Scheme,17185,Verified,2026-03-15,BA005626,9820004216
A004856,S04856,SC/ST Welfare Scheme,24785,Verified,2026-03-12,BA005627,9820004217
A004857,S04857,Girl Child Assistance,13949,Verified,2026-03-17,BA005628,9820004218
A004858,S04858,Girl Child Assistance,7100,Verified,2026-03-20,BA005629,9820004219
A004859,S04859,Post-Matric Technical,18294,Verified,2026-03-12,BA005630,9820004220
A004860,S04860,Minority Welfare,15689,Verified,2026-03-13,BA005631,9820004221
A004861,S04861,Minority Welfare,14092,Verified,2026-03-16,BA005632,9820004222
A004862,S04862,SC/ST Welfare Scheme,12562,Verified,2026-03-26,BA005633,9820004223
A004863,S04863,Girl Child Assistance,10855,Verified,2026-03-26,BA005634,9820004224
A004864,S04864,Post-Matric Technical,18633,Verified,2026-03-25,BA005635,9820004225
A004865,S04865,Girl Child Assistance,11092,Verified,2026-03-28,BA005636,9820004226
A004866,S04866,SC/ST Welfare Scheme,14545,Verified,2026-03-21,BA005637,9820004227
A004867,S04867,Girl Child Assistance,14611,Verified,2026-03-24,BA005638,9820004228
A004868,S04868,Minority Welfare,10594,Verified,2026-03-21,BA005639,9820004229
A004869,S04869,SC/ST Welfare Scheme,11108,Verified,2026-03-24,BA005640,9820004230
A004870,S04870,Girl Child Assistance,12222,Verified,2026-03-20,BA005641,9820004231
A004871,S04871,Girl Child Assistance,12831,Verified,2026-03-20,BA005642,9820004232
A004872,S04872,Merit Scholarship,27637,Verified,2026-03-14,BA005643,9820004233
A004873,S04873,Girl Child Assistance,8555,Verified,2026-03-11,BA005644,9820004234
A004874,S04874,Minority Welfare,14359,Verified,2026-03-27,BA005645,9820004235
A004875,S04875,Merit Scholarship,17098,Verified,2026-03-13,BA005646,9820004236
A004876,S04876,Girl Child Assistance,7847,Verified,2026-03-25,BA005647,9820004237
A004877,S04877,Minority Welfare,14684,Verified,2026-03-27,BA005648,9820004238
A004878,S04878,Minority Welfare,11259,Verified,2026-03-27,BA005649,9820004239
A004879,S04879,Post-Matric Technical,16354,Verified,2026-03-17,BA005650,9820004240
A004880,S04880,Merit Scholarship,23593,Verified,2026-03-10,BA005651,9820004241
A004881,S04881,Girl Child Assistance,14470,Verified,2026-03-20,BA005652,9820004242
A004882,S04882,Minority Welfare,13894,Verified,2026-03-25,BA005653,9820004243
A004883,S04883,Minority Welfare,15649,Verified,2026-03-19,BA005654,9820004244
A004884,S04884,Merit Scholarship,15754,Verified,2026-03-12,BA005655,9820004245
A004885,S04885,Post-Matric Technical,16216,Verified,2026-03-21,BA005656,9820004246
A004886,S04886,SC/ST Welfare Scheme,19620,Verified,2026-03-14,BA005657,9820004247
A004887,S04887,Post-Matric Technical,18944,Verified,2026-03-19,BA005658,9820004248
A004888,S04888,SC/ST Welfare Scheme,20738,Verified,2026-03-22,BA005659,9820004249
A004889,S04889,SC/ST Welfare Scheme,11593,Verified,2026-03-25,BA005660,9820004250
A004890,S04890,Minority Welfare,11014,Verified,2026-03-18,BA005661,9820004251
A004891,S04891,Girl Child Assistance,13311,Verified,2026-03-11,BA005662,9820004252
A004892,S04892,Girl Child Assistance,14390,Verified,2026-03-27,BA005663,9820004253
A004893,S04893,Post-Matric Technical,15168,Verified,2026-03-13,BA005664,9820004254
A004894,S04894,Girl Child Assistance,7113,Verified,2026-03-28,BA005665,9820004255
A004895,S04895,Post-Matric Technical,19267,Verified,2026-03-27,BA005666,9820004256
A004896,S04896,Minority Welfare,14242,Verified,2026-03-18,BA005667,9820004257
A004897,S04897,Post-Matric Technical,15909,Verified,2026-03-13,BA005668,9820004258
A004898,S04898,Girl Child Assistance,13192,Verified,2026-03-28,BA005669,9820004259
A004899,S04899,Girl Child Assistance,11620,Verified,2026-03-26,BA005670,9820004260
A004900,S04900,Minority Welfare,16127,Verified,2026-03-13,BA005671,9820004261
A004901,S04901,Minority Welfare,14838,Verified,2026-03-20,BA005672,9820004262
A004902,S04902,Merit Scholarship,23305,Verified,2026-03-26,BA005673,9820004263
A004903,S04903,Post-Matric Technical,18393,Verified,2026-03-13,BA005674,9820004264
A004904,S04904,Post-Matric Technical,16947,Verified,2026-03-23,BA005675,9820004265
A004905,S04905,Minority Welfare,15786,Verified,2026-03-23,BA005676,9820004266
A004906,S04906,SC/ST Welfare Scheme,23842,Verified,2026-03-18,BA005677,9820004267
A004907,S04907,Merit Scholarship,14828,Verified,2026-03-27,BA005678,9820004268
A004908,S04908,Minority Welfare,10013,Verified,2026-03-21,BA005679,9820004269
A004909,S04909,Girl Child Assistance,7054,Verified,2026-03-21,BA005680,9820004270
A004910,S04910,Merit Scholarship,12433,Verified,2026-03-24,BA005681,9820004271
A004911,S04911,Post-Matric Technical,17007,Verified,2026-03-26,BA005682,9820004272
A004912,S04912,Minority Welfare,11995,Verified,2026-03-14,BA005683,9820004273
A004913,S04913,Post-Matric Technical,11025,Verified,2026-03-28,BA005684,9820004274
A004914,S04914,Post-Matric Technical,11474,Verified,2026-03-28,BA005685,9820004275
A004915,S04915,Minority Welfare,19922,Verified,2026-03-22,BA005686,9820004276
A004916,S04916,Girl Child Assistance,10462,Verified,2026-03-24,BA005687,9820004277
A004917,S04917,Merit Scholarship,12485,Verified,2026-03-20,BA005688,9820004278
A004918,S04918,Minority Welfare,18718,Verified,2026-03-20,BA005689,9820004279
A004919,S04919,Post-Matric Technical,17810,Verified,2026-03-11,BA005690,9820004280
A004920,S04920,Girl Child Assistance,9896,Verified,2026-03-18,BA005691,9820004281
A004921,S04921,Merit Scholarship,14767,Verified,2026-03-10,BA005692,9820004282
A004922,S04922,Girl Child Assistance,9893,Verified,2026-03-11,BA005693,9820004283
A004923,S04923,Post-Matric Technical,19470,Verified,2026-03-14,BA005694,9820004284
A004924,S04924,Merit Scholarship,20018,Verified,2026-03-20,BA005695,9820004285
A004925,S04925,Merit Scholarship,28266,Verified,2026-03-10,BA005696,9820004286
A004926,S04926,Girl Child Assistance,12263,Verified,2026-03-21,BA005697,9820004287
A004927,S04927,Girl Child Assistance,13248,Verified,2026-03-22,BA005698,9820004288
A004928,S04928,Post-Matric Technical,20237,Verified,2026-03-24,BA005699,9820004289
A004929,S04929,Minority Welfare,18894,Verified,2026-03-22,BA005700,9820004290
A004930,S04930,Post-Matric Technical,13676,Verified,2026-03-26,BA005701,9820004291
A004931,S04931,Girl Child Assistance,10783,Verified,2026-03-17,BA005702,9820004292
A004932,S04932,Minority Welfare,15430,Verified,2026-03-15,BA005703,9820004293
A004933,S04933,SC/ST Welfare Scheme,13845,Verified,2026-03-12,BA005704,9820004294
A004934,S04934,SC/ST Welfare Scheme,10940,Verified,2026-03-25,BA005705,9820004295
A004935,S04935,Post-Matric Technical,19461,Verified,2026-03-21,BA005706,9820004296
A004936,S04936,SC/ST Welfare Scheme,10633,Verified,2026-03-10,BA005707,9820004297
A004937,S04937,Girl Child Assistance,14199,Verified,2026-03-12,BA005708,9820004298
A004938,S04938,Girl Child Assistance,7901,Verified,2026-03-21,BA005709,9820004299
A004939,S04939,Merit Scholarship,18550,Verified,2026-03-16,BA005710,9820004300
A004940,S04940,Post-Matric Technical,18290,Verified,2026-03-16,BA005711,9820004301
A004941,S04941,SC/ST Welfare Scheme,11548,Verified,2026-03-19,BA005712,9820004302
A004942,S04942,Minority Welfare,19322,Verified,2026-03-24,BA005713,9820004303
A004943,S04943,SC/ST Welfare Scheme,20909,Verified,2026-03-28,BA005714,9820004304
A004944,S04944,Merit Scholarship,19626,Verified,2026-03-21,BA005715,9820004305
A004945,S04945,SC/ST Welfare Scheme,14321,Verified,2026-03-13,BA005716,9820004306
A004946,S04946,Minority Welfare,9602,Verified,2026-03-11,BA005717,9820004307
A004947,S04947,Post-Matric Technical,16271,Verified,2026-03-19,BA005718,9820004308
A004948,S04948,Merit Scholarship,18279,Verified,2026-03-14,BA005719,9820004309
A004949,S04949,Girl Child Assistance,9587,Verified,2026-03-26,BA005720,9820004310
A004950,S04950,Girl Child Assistance,14060,Verified,2026-03-17,BA005721,9820004311
A004951,S04951,SC/ST Welfare Scheme,11900,Verified,2026-03-15,BA005722,9820004312
A004952,S04952,SC/ST Welfare Scheme,11218,Verified,2026-03-16,BA005723,9820004313
A004953,S04953,Post-Matric Technical,15715,Verified,2026-03-22,BA005724,9820004314
A004954,S04954,Merit Scholarship,12161,Verified,2026-03-16,BA005725,9820004315
A004955,S04955,Merit Scholarship,18759,Verified,2026-03-11,BA005726,9820004316
A004956,S04956,Post-Matric Technical,19345,Verified,2026-03-12,BA005727,9820004317
A004957,S04957,SC/ST Welfare Scheme,11042,Verified,2026-03-28,BA005728,9820004318
A004958,S04958,SC/ST Welfare Scheme,21626,Verified,2026-03-24,BA005729,9820004319
A004959,S04959,Merit Scholarship,14284,Verified,2026-03-13,BA005730,9820004320
A004960,S04960,SC/ST Welfare Scheme,24902,Verified,2026-03-26,BA005731,9820004321
A004961,S04961,Merit Scholarship,14596,Verified,2026-03-23,BA005732,9820004322
A004962,S04962,Minority Welfare,13536,Verified,2026-03-14,BA005733,9820004323
A004963,S04963,Post-Matric Technical,14320,Verified,2026-03-16,BA005734,9820004324
A004964,S04964,SC/ST Welfare Scheme,22765,Verified,2026-03-20,BA005735,9820004325
A004965,S04965,Minority Welfare,12761,Verified,2026-03-23,BA005736,9820004326
A004966,S04966,Merit Scholarship,26032,Verified,2026-03-28,BA005737,9820004327
A004967,S04967,Merit Scholarship,22574,Verified,2026-03-18,BA005738,9820004328
A004968,S04968,Post-Matric Technical,15080,Verified,2026-03-25,BA005739,9820004329
A004969,S04969,Post-Matric Technical,12955,Verified,2026-03-12,BA005740,9820004330
A004970,S04970,Merit Scholarship,12607,Verified,2026-03-12,BA005741,9820004331
A004971,S04971,Post-Matric Technical,11771,Verified,2026-03-28,BA005742,9820004332
A004972,S04972,SC/ST Welfare Scheme,18227,Verified,2026-03-12,BA005743,9820004333
A004973,S04973,Minority Welfare,18405,Verified,2026-03-15,BA005744,9820004334
A004974,S04974,Merit Scholarship,24492,Verified,2026-03-15,BA005745,9820004335
A004975,S04975,Girl Child Assistance,8649,Verified,2026-03-12,BA005746,9820004336
A004976,S04976,Merit Scholarship,16866,Verified,2026-03-15,BA005747,9820004337
A004977,S04977,Minority Welfare,11509,Verified,2026-03-26,BA005748,9820004338
A004978,S04978,Post-Matric Technical,20457,Verified,2026-03-13,BA005749,9820004339
A004979,S04979,Minority Welfare,16059,Verified,2026-03-17,BA005750,9820004340
A004980,S04980,Merit Scholarship,20278,Verified,2026-03-15,BA005751,9820004341
A004981,S04981,Post-Matric Technical,19099,Verified,2026-03-19,BA005752,9820004342
A004982,S04982,SC/ST Welfare Scheme,24252,Verified,2026-03-10,BA005753,9820004343
A004983,S04983,Girl Child Assistance,13420,Verified,2026-03-15,BA005754,9820004344
A004984,S04984,SC/ST Welfare Scheme,20270,Verified,2026-03-13,BA005755,9820004345
A004985,S04985,Merit Scholarship,14413,Verified,2026-03-17,BA005756,9820004346
A004986,S04986,Post-Matric Technical,11918,Verified,2026-03-18,BA005757,9820004347
A004987,S04987,Girl Child Assistance,13740,Verified,2026-03-14,BA005758,9820004348
A004988,S04988,Merit Scholarship,22543,Verified,2026-03-25,BA005759,9820004349
A004989,S04989,Girl Child Assistance,11315,Verified,2026-03-21,BA005760,9820004350
A004990,S04990,Post-Matric Technical,15950,Verified,2026-03-27,BA005761,9820004351
A004991,S04991,Merit Scholarship,15496,Verified,2026-03-17,BA005762,9820004352
A004992,S04992,Girl Child Assistance,11580,Verified,2026-03-17,BA005763,9820004353
A004993,S04993,Post-Matric Technical,12422,Verified,2026-03-24,BA005764,9820004354
A004994,S04994,SC/ST Welfare Scheme,15055,Verified,2026-03-10,BA005765,9820004355
A004995,S04995,Merit Scholarship,16265,Verified,2026-03-16,BA005766,9820004356
A004996,S04996,Merit Scholarship,17871,Verified,2026-03-28,BA005767,9820004357
A004997,S04997,Merit Scholarship,17438,Verified,2026-03-20,BA005768,9820004358
A004998,S04998,Minority Welfare,12829,Verified,2026-03-13,BA005769,9820004359
A004999,S04999,Minority Welfare,19158,Verified,2026-03-25,BA005770,9820004360
A005000,S05000,Post-Matric Technical,21923,Verified,2026-03-12,BA005771,9820004361
A005001,S05001,Girl Child Assistance,7934,Verified,2026-03-16,BA005772,9820004362
A005002,S05002,Post-Matric Technical,12521,Verified,2026-03-25,BA005773,9820004363
A005003,S05003,Girl Child Assistance,7369,Verified,2026-03-25,BA005774,9820004364
A005004,S05004,Minority Welfare,10080,Verified,2026-03-19,BA005775,9820004365
A005005,S05005,Post-Matric Technical,11202,Verified,2026-03-28,BA005776,9820004366
A005006,S05006,Minority Welfare,10119,Verified,2026-03-10,BA005777,9820004367
A005007,S05007,Merit Scholarship,22512,Verified,2026-03-10,BA005778,9820004368
A005008,S05008,Post-Matric Technical,14351,Verified,2026-03-24,BA005779,9820004369
A005009,S05009,Post-Matric Technical,14923,Verified,2026-03-12,BA005780,9820004370
A005010,S05010,SC/ST Welfare Scheme,22895,Verified,2026-03-15,BA005781,9820004371
A005011,S05011,Post-Matric Technical,12671,Verified,2026-03-18,BA005782,9820004372
A005012,S05012,SC/ST Welfare Scheme,10313,Verified,2026-03-28,BA005783,9820004373
A005013,S05013,SC/ST Welfare Scheme,10658,Verified,2026-03-19,BA005784,9820004374
A005014,S05014,SC/ST Welfare Scheme,13457,Verified,2026-03-19,BA005785,9820004375
A005015,S05015,Minority Welfare,10204,Verified,2026-03-20,BA005786,9820004376
A005016,S05016,Minority Welfare,13429,Verified,2026-03-12,BA005787,9820004377
A005017,S05017,Minority Welfare,18778,Verified,2026-03-21,BA005788,9820004378
A005018,S05018,SC/ST Welfare Scheme,13936,Verified,2026-03-13,BA005789,9820004379
A005019,S05019,Merit Scholarship,27866,Verified,2026-03-22,BA005790,9820004380
A005020,S05020,Merit Scholarship,17121,Verified,2026-03-17,BA005791,9820004381
A005021,S05021,Post-Matric Technical,13792,Verified,2026-03-18,BA005792,9820004382
A005022,S05022,SC/ST Welfare Scheme,11376,Verified,2026-03-27,BA005793,9820004383
A005023,S05023,Merit Scholarship,20908,Verified,2026-03-18,BA005794,9820004384
A005024,S05024,Minority Welfare,17415,Verified,2026-03-12,BA005795,9820004385
A005025,S05025,Girl Child Assistance,9535,Verified,2026-03-22,BA005796,9820004386
A005026,S05026,Girl Child Assistance,12278,Verified,2026-03-19,BA005797,9820004387
A005027,S05027,Post-Matric Technical,18374,Verified,2026-03-25,BA005798,9820004388
A005028,S05028,SC/ST Welfare Scheme,19222,Verified,2026-03-13,BA005799,9820004389
A005029,S05029,Minority Welfare,14964,Verified,2026-03-22,BA005800,9820004390
A005030,S05030,Girl Child Assistance,13869,Verified,2026-03-18,BA005801,9820004391
A005031,S05031,Girl Child Assistance,9908,Verified,2026-03-23,BA005802,9820004392
A005032,S05032,Merit Scholarship,18965,Verified,2026-03-28,BA005803,9820004393
A005033,S05033,SC/ST Welfare Scheme,15823,Verified,2026-03-24,BA005804,9820004394
A005034,S05034,Minority Welfare,14037,Verified,2026-03-19,BA005805,9820004395
A005035,S05035,Girl Child Assistance,10190,Verified,2026-03-16,BA005806,9820004396
A005036,S05036,SC/ST Welfare Scheme,15518,Verified,2026-03-25,BA005807,9820004397
A005037,S05037,Post-Matric Technical,14471,Verified,2026-03-10,BA005808,9820004398
A005038,S05038,Merit Scholarship,27405,Verified,2026-03-14,BA005809,9820004399
A005039,S05039,Minority Welfare,17520,Verified,2026-03-18,BA005810,9820004400
A005040,S05040,Post-Matric Technical,15941,Verified,2026-03-27,BA005811,9820004401
A005041,S05041,Post-Matric Technical,13677,Verified,2026-03-16,BA005812,9820004402
A005042,S05042,Girl Child Assistance,8834,Verified,2026-03-25,BA005813,9820004403
A005043,S05043,Girl Child Assistance,11803,Verified,2026-03-13,BA005814,9820004404
A005044,S05044,Post-Matric Technical,11844,Verified,2026-03-20,BA005815,9820004405
A005045,S05045,Post-Matric Technical,19238,Verified,2026-03-26,BA005816,9820004406
A005046,S05046,Merit Scholarship,22088,Verified,2026-03-28,BA005817,9820004407
A005047,S05047,Post-Matric Technical,10600,Verified,2026-03-27,BA005818,9820004408
A005048,S05048,Girl Child Assistance,7966,Verified,2026-03-15,BA005819,9820004409
A005049,S05049,Merit Scholarship,15094,Verified,2026-03-18,BA005820,9820004410
A005050,S05050,SC/ST Welfare Scheme,23266,Verified,2026-03-16,BA005821,9820004411
A005051,S05051,Merit Scholarship,20316,Verified,2026-03-14,BA005822,9820004412
A005052,S05052,SC/ST Welfare Scheme,21813,Verified,2026-03-25,BA005823,9820004413
A005053,S05053,SC/ST Welfare Scheme,17853,Verified,2026-03-17,BA005824,9820004414
A005054,S05054,SC/ST Welfare Scheme,24322,Verified,2026-03-24,BA005825,9820004415
A005055,S05055,Merit Scholarship,13526,Verified,2026-03-20,BA005826,9820004416
A005056,S05056,Post-Matric Technical,14000,Verified,2026-03-26,BA005827,9820004417
A005057,S05057,Post-Matric Technical,17359,Verified,2026-03-26,BA005828,9820004418
A005058,S05058,Minority Welfare,15988,Verified,2026-03-25,BA005829,9820004419
A005059,S05059,Post-Matric Technical,21850,Verified,2026-03-15,BA005830,9820004420
A005060,S05060,Post-Matric Technical,21184,Verified,2026-03-20,BA005831,9820004421
A005061,S05061,Girl Child Assistance,10769,Verified,2026-03-13,BA005832,9820004422
A005062,S05062,SC/ST Welfare Scheme,16919,Verified,2026-03-21,BA005833,9820004423
A005063,S05063,SC/ST Welfare Scheme,13432,Verified,2026-03-21,BA005834,9820004424
A005064,S05064,Merit Scholarship,21900,Verified,2026-03-21,BA005835,9820004425
A005065,S05065,Merit Scholarship,14149,Verified,2026-03-24,BA005836,9820004426
A005066,S05066,Post-Matric Technical,9111,Verified,2026-03-15,BA005837,9820004427
A005067,S05067,Post-Matric Technical,10366,Verified,2026-03-10,BA005838,9820004428
A005068,S05068,Girl Child Assistance,13544,Verified,2026-03-27,BA005839,9820004429
A005069,S05069,SC/ST Welfare Scheme,14422,Verified,2026-03-28,BA005840,9820004430
A005070,S05070,Minority Welfare,13593,Verified,2026-03-27,BA005841,9820004431
A005071,S05071,Post-Matric Technical,9861,Verified,2026-03-12,BA005842,9820004432
A005072,S05072,Merit Scholarship,25318,Verified,2026-03-11,BA005843,9820004433
A005073,S05073,Minority Welfare,14834,Verified,2026-03-11,BA005844,9820004434
A005074,S05074,SC/ST Welfare Scheme,10134,Verified,2026-03-18,BA005845,9820004435
A005075,S05075,SC/ST Welfare Scheme,18061,Verified,2026-03-20,BA005846,9820004436
A005076,S05076,Girl Child Assistance,7948,Verified,2026-03-19,BA005847,9820004437
A005077,S05077,Girl Child Assistance,11560,Verified,2026-03-15,BA005848,9820004438
A005078,S05078,Post-Matric Technical,21027,Verified,2026-03-19,BA005849,9820004439
A005079,S05079,SC/ST Welfare Scheme,22959,Verified,2026-03-10,BA005850,9820004440
A005080,S05080,SC/ST Welfare Scheme,12029,Verified,2026-03-17,BA005851,9820004441
A005081,S05081,Post-Matric Technical,13805,Verified,2026-03-14,BA005852,9820004442
A005082,S05082,Girl Child Assistance,14426,Verified,2026-03-10,BA005853,9820004443
A005083,S05083,Girl Child Assistance,8801,Verified,2026-03-23,BA005854,9820004444
A005084,S05084,Minority Welfare,9716,Verified,2026-03-11,BA005855,9820004445
A005085,S05085,Post-Matric Technical,20269,Verified,2026-03-24,BA005856,9820004446
A005086,S05086,Girl Child Assistance,9051,Verified,2026-03-15,BA005857,9820004447
A005087,S05087,SC/ST Welfare Scheme,10749,Verified,2026-03-23,BA005858,9820004448
A005088,S05088,Merit Scholarship,19620,Verified,2026-03-19,BA005859,9820004449
A005089,S05089,Girl Child Assistance,12096,Verified,2026-03-25,BA005860,9820004450
A005090,S05090,Post-Matric Technical,10675,Verified,2026-03-15,BA005861,9820004451
A005091,S05091,SC/ST Welfare Scheme,18739,Verified,2026-03-27,BA005862,9820004452
A005092,S05092,Minority Welfare,11541,Verified,2026-03-23,BA005863,9820004453
A005093,S05093,Girl Child Assistance,12316,Verified,2026-03-15,BA005864,9820004454
A005094,S05094,Minority Welfare,18142,Verified,2026-03-21,BA005865,9820004455
A005095,S05095,Post-Matric Technical,14688,Verified,2026-03-27,BA005866,9820004456
A005096,S05096,Minority Welfare,14155,Verified,2026-03-26,BA005867,9820004457
A005097,S05097,Merit Scholarship,24688,Verified,2026-03-18,BA005868,9820004458
A005098,S05098,Post-Matric Technical,10587,Verified,2026-03-27,BA005869,9820004459
A005099,S05099,Merit Scholarship,29691,Verified,2026-03-19,BA005870,9820004460
A005100,S05100,Girl Child Assistance,7507,Verified,2026-03-17,BA005871,9820004461
A005101,S05101,Post-Matric Technical,18260,Verified,2026-03-17,BA005872,9820004462
A005102,S05102,Merit Scholarship,22318,Verified,2026-03-27,BA005873,9820004463
A005103,S05103,Merit Scholarship,20614,Verified,2026-03-21,BA005874,9820004464
A005104,S05104,Merit Scholarship,22740,Verified,2026-03-25,BA005875,9820004465
A005105,S05105,Girl Child Assistance,10135,Verified,2026-03-15,BA005876,9820004466
A005106,S05106,Merit Scholarship,18022,Verified,2026-03-10,BA005877,9820004467
A005107,S05107,SC/ST Welfare Scheme,14143,Verified,2026-03-24,BA005878,9820004468
A005108,S05108,Girl Child Assistance,12894,Verified,2026-03-21,BA005879,9820004469
A005109,S05109,Girl Child Assistance,9939,Verified,2026-03-12,BA005880,9820004470
A005110,S05110,Merit Scholarship,24244,Verified,2026-03-12,BA005881,9820004471
A005111,S05111,Minority Welfare,14269,Verified,2026-03-27,BA005882,9820004472
A005112,S05112,Post-Matric Technical,20049,Verified,2026-03-21,BA005883,9820004473
A005113,S05113,Merit Scholarship,14652,Verified,2026-03-14,BA005884,9820004474
A005114,S05114,Merit Scholarship,21734,Verified,2026-03-12,BA005885,9820004475
A005115,S05115,Merit Scholarship,18801,Verified,2026-03-23,BA005886,9820004476
A005116,S05116,Merit Scholarship,21173,Verified,2026-03-21,BA005887,9820004477
A005117,S05117,SC/ST Welfare Scheme,13812,Verified,2026-03-13,BA005888,9820004478
A005118,S05118,Girl Child Assistance,13223,Verified,2026-03-11,BA005889,9820004479
A005119,S05119,Minority Welfare,18344,Verified,2026-03-17,BA005890,9820004480
A005120,S05120,Merit Scholarship,17031,Verified,2026-03-25,BA005891,9820004481
A005121,S05121,SC/ST Welfare Scheme,17656,Verified,2026-03-11,BA005892,9820004482
A005122,S05122,Merit Scholarship,28588,Verified,2026-03-23,BA005893,9820004483
A005123,S05123,Merit Scholarship,29231,Verified,2026-03-14,BA005894,9820004484
A005124,S05124,Merit Scholarship,29760,Verified,2026-03-15,BA005895,9820004485
A005125,S05125,Post-Matric Technical,17306,Verified,2026-03-23,BA005896,9820004486
A005126,S05126,Minority Welfare,14344,Verified,2026-03-10,BA005897,9820004487
A005127,S05127,Post-Matric Technical,9769,Verified,2026-03-19,BA005898,9820004488
A005128,S05128,SC/ST Welfare Scheme,18944,Verified,2026-03-12,BA005899,9820004489
A005129,S05129,SC/ST Welfare Scheme,13554,Verified,2026-03-13,BA005900,9820004490
A005130,S05130,Minority Welfare,13664,Verified,2026-03-18,BA005901,9820004491
A005131,S05131,Girl Child Assistance,9088,Verified,2026-03-23,BA005902,9820004492
A005132,S05132,Post-Matric Technical,10637,Verified,2026-03-16,BA005903,9820004493
A005133,S05133,Merit Scholarship,27615,Verified,2026-03-19,BA005904,9820004494
A005134,S05134,Post-Matric Technical,17585,Verified,2026-03-15,BA005905,9820004495
A005135,S05135,Minority Welfare,13466,Verified,2026-03-20,BA005906,9820004496
A005136,S05136,Merit Scholarship,21296,Verified,2026-03-15,BA005907,9820004497
A005137,S05137,SC/ST Welfare Scheme,13217,Verified,2026-03-13,BA005908,9820004498
A005138,S05138,Post-Matric Technical,19103,Verified,2026-03-25,BA005909,9820004499
A005139,S05139,Girl Child Assistance,14347,Verified,2026-03-10,BA005910,9820004500
A005140,S05140,SC/ST Welfare Scheme,20067,Verified,2026-03-25,BA005911,9820004501
A005141,S05141,Post-Matric Technical,18211,Verified,2026-03-23,BA005912,9820004502
A005142,S05142,Minority Welfare,19773,Verified,2026-03-23,BA005913,9820004503
A005143,S05143,Post-Matric Technical,11681,Verified,2026-03-24,BA005914,9820004504
A005144,S05144,Girl Child Assistance,13582,Verified,2026-03-16,BA005915,9820004505
A005145,S05145,Girl Child Assistance,13059,Verified,2026-03-23,BA005916,9820004506
A005146,S05146,Post-Matric Technical,15110,Verified,2026-03-25,BA005917,9820004507
A005147,S05147,Girl Child Assistance,13324,Verified,2026-03-28,BA005918,9820004508
A005148,S05148,Minority Welfare,8515,Verified,2026-03-11,BA005919,9820004509
A005149,S05149,Post-Matric Technical,13665,Verified,2026-03-11,BA005920,9820004510
A005150,S05150,Post-Matric Technical,20800,Verified,2026-03-17,BA005921,9820004511
A005151,S05151,Girl Child Assistance,13221,Verified,2026-03-15,BA005922,9820004512
A005152,S05152,Minority Welfare,17009,Verified,2026-03-28,BA005923,9820004513
A005153,S05153,Minority Welfare,14119,Verified,2026-03-22,BA005924,9820004514
A005154,S05154,Merit Scholarship,28209,Verified,2026-03-12,BA005925,9820004515
A005155,S05155,Merit Scholarship,27020,Verified,2026-03-23,BA005926,9820004516
A005156,S05156,Girl Child Assistance,8148,Verified,2026-03-23,BA005927,9820004517
A005157,S05157,Minority Welfare,8243,Verified,2026-03-15,BA005928,9820004518
A005158,S05158,SC/ST Welfare Scheme,20474,Verified,2026-03-27,BA005929,9820004519
A005159,S05159,Minority Welfare,16673,Verified,2026-03-15,BA005930,9820004520
A005160,S05160,Merit Scholarship,20064,Verified,2026-03-14,BA005931,9820004521
A005161,S05161,SC/ST Welfare Scheme,15653,Verified,2026-03-24,BA005932,9820004522
A005162,S05162,Post-Matric Technical,16740,Verified,2026-03-24,BA005933,9820004523
A005163,S05163,Post-Matric Technical,19837,Verified,2026-03-19,BA005934,9820004524
A005164,S05164,Post-Matric Technical,18376,Verified,2026-03-24,BA005935,9820004525
A005165,S05165,Girl Child Assistance,8074,Verified,2026-03-13,BA005936,9820004526
A005166,S05166,SC/ST Welfare Scheme,10824,Verified,2026-03-15,BA005937,9820004527
A005167,S05167,Merit Scholarship,20553,Verified,2026-03-17,BA005938,9820004528
A005168,S05168,Post-Matric Technical,12652,Verified,2026-03-19,BA005939,9820004529
A005169,S05169,Merit Scholarship,14330,Verified,2026-03-17,BA005940,9820004530
A005170,S05170,Minority Welfare,18744,Verified,2026-03-18,BA005941,9820004531
A005171,S05171,Post-Matric Technical,10201,Verified,2026-03-13,BA005942,9820004532
A005172,S05172,Minority Welfare,16122,Verified,2026-03-27,BA005943,9820004533
A005173,S05173,Post-Matric Technical,9411,Verified,2026-03-21,BA005944,9820004534
A005174,S05174,Minority Welfare,10937,Verified,2026-03-18,BA005945,9820004535
A005175,S05175,Post-Matric Technical,9656,Verified,2026-03-25,BA005946,9820004536
A005176,S05176,Minority Welfare,10671,Verified,2026-03-16,BA005947,9820004537
A005177,S05177,Post-Matric Technical,10763,Verified,2026-03-28,BA005948,9820004538
A005178,S05178,SC/ST Welfare Scheme,23247,Verified,2026-03-14,BA005949,9820004539
A005179,S05179,SC/ST Welfare Scheme,17312,Verified,2026-03-27,BA005950,9820004540
A005180,S05180,SC/ST Welfare Scheme,20610,Verified,2026-03-24,BA005951,9820004541
A005181,S05181,Minority Welfare,14930,Verified,2026-03-13,BA005952,9820004542
A005182,S05182,Merit Scholarship,13420,Verified,2026-03-15,BA005953,9820004543
A005183,S05183,Girl Child Assistance,7988,Verified,2026-03-14,BA005954,9820004544
A005184,S05184,Merit Scholarship,12091,Verified,2026-03-20,BA005955,9820004545
A005185,S05185,Post-Matric Technical,20201,Verified,2026-03-15,BA005956,9820004546
A005186,S05186,Post-Matric Technical,20080,Verified,2026-03-25,BA005957,9820004547
A005187,S05187,SC/ST Welfare Scheme,24077,Verified,2026-03-10,BA005958,9820004548
A005188,S05188,Minority Welfare,12113,Verified,2026-03-18,BA005959,9820004549
A005189,S05189,Post-Matric Technical,19963,Verified,2026-03-16,BA005960,9820004550
A005190,S05190,Minority Welfare,13812,Verified,2026-03-24,BA005961,9820004551
A005191,S05191,Girl Child Assistance,8278,Verified,2026-03-21,BA005962,9820004552
A005192,S05192,Merit Scholarship,26841,Verified,2026-03-14,BA005963,9820004553
A005193,S05193,Merit Scholarship,25375,Verified,2026-03-22,BA005964,9820004554
A005194,S05194,Merit Scholarship,19687,Verified,2026-03-18,BA005965,9820004555
A005195,S05195,Minority Welfare,14064,Verified,2026-03-23,BA005966,9820004556
A005196,S05196,Minority Welfare,15859,Verified,2026-03-19,BA005967,9820004557
A005197,S05197,Merit Scholarship,21730,Verified,2026-03-23,BA005968,9820004558
A005198,S05198,Post-Matric Technical,15147,Verified,2026-03-20,BA005969,9820004559
A005199,S05199,Post-Matric Technical,17899,Verified,2026-03-10,BA005970,9820004560
A005200,S05200,Post-Matric Technical,19638,Verified,2026-03-22,BA005971,9820004561
A005201,S05201,Post-Matric Technical,9894,Verified,2026-03-17,BA005972,9820004562
A005202,S05202,Merit Scholarship,27077,Verified,2026-03-28,BA005973,9820004563
A005203,S05203,Minority Welfare,18189,Verified,2026-03-22,BA005974,9820004564
A005204,S05204,Girl Child Assistance,14068,Verified,2026-03-26,BA005975,9820004565
A005205,S05205,Girl Child Assistance,9852,Verified,2026-03-22,BA005976,9820004566
A005206,S05206,Post-Matric Technical,20403,Verified,2026-03-17,BA005977,9820004567
A005207,S05207,Girl Child Assistance,9907,Verified,2026-03-10,BA005978,9820004568
A005208,S05208,Minority Welfare,9439,Verified,2026-03-12,BA005979,9820004569
A005209,S05209,Girl Child Assistance,13163,Verified,2026-03-22,BA005980,9820004570
A005210,S05210,Merit Scholarship,22684,Verified,2026-03-11,BA005981,9820004571
A005211,S05211,Minority Welfare,16825,Verified,2026-03-12,BA005982,9820004572
A005212,S05212,Girl Child Assistance,7610,Verified,2026-03-17,BA005983,9820004573
A005213,S05213,Merit Scholarship,22003,Verified,2026-03-19,BA005984,9820004574
A005214,S05214,Girl Child Assistance,8824,Verified,2026-03-18,BA005985,9820004575
A005215,S05215,Merit Scholarship,13780,Verified,2026-03-10,BA005986,9820004576
A005216,S05216,Merit Scholarship,21551,Verified,2026-03-19,BA005987,9820004577
A005217,S05217,Post-Matric Technical,18983,Verified,2026-03-18,BA005988,9820004578
A005218,S05218,Post-Matric Technical,21190,Verified,2026-03-21,BA005989,9820004579
A005219,S05219,Merit Scholarship,21334,Verified,2026-03-10,BA005990,9820004580
A005220,S05220,Merit Scholarship,25553,Verified,2026-03-12,BA005991,9820004581
A005221,S05221,Girl Child Assistance,14617,Verified,2026-03-24,BA005992,9820004582
A005222,S05222,Girl Child Assistance,9972,Verified,2026-03-12,BA005993,9820004583
A005223,S05223,Post-Matric Technical,16967,Verified,2026-03-25,BA005994,9820004584
A005224,S05224,SC/ST Welfare Scheme,13846,Verified,2026-03-21,BA005995,9820004585
A005225,S05225,SC/ST Welfare Scheme,11920,Verified,2026-03-13,BA005996,9820004586
A005226,S05226,Post-Matric Technical,10681,Verified,2026-03-16,BA005997,9820004587
A005227,S05227,SC/ST Welfare Scheme,22420,Verified,2026-03-16,BA005998,9820004588
A005228,S05228,SC/ST Welfare Scheme,13610,Verified,2026-03-14,BA005999,9820004589
A005229,S05229,Minority Welfare,15162,Verified,2026-03-15,BA006000,9820004590
A005230,S05230,Minority Welfare,12243,Verified,2026-03-20,BA006001,9820004591
A005231,S05231,SC/ST Welfare Scheme,12608,Verified,2026-03-26,BA006002,9820004592
A005232,S05232,SC/ST Welfare Scheme,13101,Verified,2026-03-24,BA006003,9820004593
A005233,S05233,Minority Welfare,8318,Verified,2026-03-26,BA006004,9820004594
A005234,S05234,Minority Welfare,11323,Verified,2026-03-12,BA006005,9820004595
A005235,S05235,Merit Scholarship,12801,Verified,2026-03-16,BA006006,9820004596
A005236,S05236,SC/ST Welfare Scheme,21435,Verified,2026-03-27,BA006007,9820004597
A005237,S05237,Minority Welfare,19309,Verified,2026-03-20,BA006008,9820004598
A005238,S05238,Girl Child Assistance,12363,Verified,2026-03-17,BA006009,9820004599
A005239,S05239,Post-Matric Technical,13721,Verified,2026-03-20,BA006010,9820004600
A005240,S05240,Post-Matric Technical,19761,Verified,2026-03-16,BA006011,9820004601
A005241,S05241,SC/ST Welfare Scheme,10931,Verified,2026-03-24,BA006012,9820004602
A005242,S05242,Post-Matric Technical,19685,Verified,2026-03-16,BA006013,9820004603
A005243,S05243,Post-Matric Technical,15244,Verified,2026-03-14,BA006014,9820004604
A005244,S05244,Merit Scholarship,28232,Verified,2026-03-13,BA006015,9820004605
A005245,S05245,Minority Welfare,14802,Verified,2026-03-15,BA006016,9820004606
A005246,S05246,Girl Child Assistance,9614,Verified,2026-03-15,BA006017,9820004607
A005247,S05247,Girl Child Assistance,7751,Verified,2026-03-10,BA006018,9820004608
A005248,S05248,Minority Welfare,14782,Verified,2026-03-26,BA006019,9820004609
A005249,S05249,Girl Child Assistance,13386,Verified,2026-03-13,BA006020,9820004610
A005250,S05250,Post-Matric Technical,12664,Verified,2026-03-12,BA006021,9820004611
A005251,S05251,Merit Scholarship,27997,Verified,2026-03-20,BA006022,9820004612
A005252,S05252,SC/ST Welfare Scheme,22439,Verified,2026-03-11,BA006023,9820004613
A005253,S05253,Post-Matric Technical,15331,Verified,2026-03-21,BA006024,9820004614
A005254,S05254,Minority Welfare,10177,Verified,2026-03-12,BA006025,9820004615
A005255,S05255,Merit Scholarship,15011,Verified,2026-03-12,BA006026,9820004616
A005256,S05256,Minority Welfare,12287,Verified,2026-03-13,BA006027,9820004617
A005257,S05257,Post-Matric Technical,12690,Verified,2026-03-13,BA006028,9820004618
A005258,S05258,Post-Matric Technical,15503,Verified,2026-03-15,BA006029,9820004619
A005259,S05259,Merit Scholarship,14980,Verified,2026-03-19,BA006030,9820004620
A005260,S05260,SC/ST Welfare Scheme,23368,Verified,2026-03-22,BA006031,9820004621
A005261,S05261,Minority Welfare,19681,Verified,2026-03-28,BA006032,9820004622
A005262,S05262,Minority Welfare,13937,Verified,2026-03-10,BA006033,9820004623
A005263,S05263,Minority Welfare,14190,Verified,2026-03-13,BA006034,9820004624
A005264,S05264,SC/ST Welfare Scheme,13390,Verified,2026-03-17,BA006035,9820004625
A005265,S05265,Merit Scholarship,22138,Verified,2026-03-12,BA006036,9820004626
A005266,S05266,Post-Matric Technical,9817,Verified,2026-03-17,BA006037,9820004627
A005267,S05267,SC/ST Welfare Scheme,18263,Verified,2026-03-10,BA006038,9820004628
A005268,S05268,Post-Matric Technical,10515,Verified,2026-03-19,BA006039,9820004629
A005269,S05269,Merit Scholarship,24129,Verified,2026-03-21,BA006040,9820004630
A005270,S05270,SC/ST Welfare Scheme,11600,Verified,2026-03-26,BA006041,9820004631
A005271,S05271,Girl Child Assistance,11915,Verified,2026-03-26,BA006042,9820004632
A005272,S05272,Post-Matric Technical,16972,Verified,2026-03-21,BA006043,9820004633
A005273,S05273,Merit Scholarship,23610,Verified,2026-03-10,BA006044,9820004634
A005274,S05274,Post-Matric Technical,19442,Verified,2026-03-26,BA006045,9820004635
A005275,S05275,Girl Child Assistance,14276,Verified,2026-03-10,BA006046,9820004636
A005276,S05276,Post-Matric Technical,20036,Verified,2026-03-20,BA006047,9820004637
A005277,S05277,SC/ST Welfare Scheme,17173,Verified,2026-03-19,BA006048,9820004638
A005278,S05278,SC/ST Welfare Scheme,10834,Verified,2026-03-11,BA006049,9820004639
A005279,S05279,Merit Scholarship,25917,Verified,2026-03-18,BA006050,9820004640
A005280,S05280,Minority Welfare,9521,Verified,2026-03-11,BA006051,9820004641
A005281,S05281,SC/ST Welfare Scheme,14868,Verified,2026-03-24,BA006052,9820004642
A005282,S05282,Post-Matric Technical,9970,Verified,2026-03-23,BA006053,9820004643
A005283,S05283,Minority Welfare,9528,Verified,2026-03-24,BA006054,9820004644
A005284,S05284,Girl Child Assistance,10030,Verified,2026-03-18,BA006055,9820004645
A005285,S05285,Post-Matric Technical,10861,Verified,2026-03-24,BA006056,9820004646
A005286,S05286,Girl Child Assistance,7215,Verified,2026-03-27,BA006057,9820004647
A005287,S05287,SC/ST Welfare Scheme,14551,Verified,2026-03-23,BA006058,9820004648
A005288,S05288,Girl Child Assistance,14364,Verified,2026-03-11,BA006059,9820004649
A005289,S05289,Merit Scholarship,17086,Verified,2026-03-21,BA006060,9820004650
A005290,S05290,Girl Child Assistance,7067,Verified,2026-03-14,BA006061,9820004651
A005291,S05291,Merit Scholarship,12367,Verified,2026-03-17,BA006062,9820004652
A005292,S05292,Girl Child Assistance,11396,Verified,2026-03-13,BA006063,9820004653
A005293,S05293,Minority Welfare,15095,Verified,2026-03-25,BA006064,9820004654
A005294,S05294,Girl Child Assistance,9371,Verified,2026-03-10,BA006065,9820004655
A005295,S05295,Post-Matric Technical,21033,Verified,2026-03-10,BA006066,9820004656
A005296,S05296,Girl Child Assistance,9402,Verified,2026-03-19,BA006067,9820004657
A005297,S05297,Merit Scholarship,26220,Verified,2026-03-25,BA006068,9820004658
A005298,S05298,Minority Welfare,16115,Verified,2026-03-23,BA006069,9820004659
A005299,S05299,Girl Child Assistance,10898,Verified,2026-03-16,BA006070,9820004660
A005300,S05300,Post-Matric Technical,19398,Verified,2026-03-12,BA006071,9820004661
A005301,S05301,SC/ST Welfare Scheme,13132,Verified,2026-03-10,BA006072,9820004662
A005302,S05302,Minority Welfare,9406,Verified,2026-03-23,BA006073,9820004663
A005303,S05303,Merit Scholarship,19790,Verified,2026-03-23,BA006074,9820004664
A005304,S05304,Minority Welfare,11569,Verified,2026-03-12,BA006075,9820004665
A005305,S05305,SC/ST Welfare Scheme,17167,Verified,2026-03-27,BA006076,9820004666
A005306,S05306,Merit Scholarship,12824,Verified,2026-03-24,BA006077,9820004667
A005307,S05307,Post-Matric Technical,14302,Verified,2026-03-21,BA006078,9820004668
A005308,S05308,Minority Welfare,13354,Verified,2026-03-28,BA006079,9820004669
A005309,S05309,Post-Matric Technical,9742,Verified,2026-03-13,BA006080,9820004670
A005310,S05310,Post-Matric Technical,9160,Verified,2026-03-26,BA006081,9820004671
A005311,S05311,SC/ST Welfare Scheme,14658,Verified,2026-03-22,BA006082,9820004672
A005312,S05312,Minority Welfare,19345,Verified,2026-03-22,BA006083,9820004673
A005313,S05313,Girl Child Assistance,8598,Verified,2026-03-12,BA006084,9820004674
A005314,S05314,Minority Welfare,16521,Verified,2026-03-10,BA006085,9820004675
A005315,S05315,Minority Welfare,18723,Verified,2026-03-12,BA006086,9820004676
A005316,S05316,SC/ST Welfare Scheme,19189,Verified,2026-03-23,BA006087,9820004677
A005317,S05317,Post-Matric Technical,18146,Verified,2026-03-12,BA006088,9820004678
A005318,S05318,Girl Child Assistance,9040,Verified,2026-03-11,BA006089,9820004679
A005319,S05319,Post-Matric Technical,20894,Verified,2026-03-25,BA006090,9820004680
A005320,S05320,Minority Welfare,15734,Verified,2026-03-15,BA006091,9820004681
A005321,S05321,SC/ST Welfare Scheme,16839,Verified,2026-03-25,BA006092,9820004682
A005322,S05322,Girl Child Assistance,8813,Verified,2026-03-27,BA006093,9820004683
A005323,S05323,Minority Welfare,16468,Verified,2026-03-13,BA006094,9820004684
A005324,S05324,Minority Welfare,16463,Verified,2026-03-14,BA006095,9820004685
A005325,S05325,Minority Welfare,13581,Verified,2026-03-23,BA006096,9820004686
A005326,S05326,Post-Matric Technical,13578,Verified,2026-03-22,BA006097,9820004687
A005327,S05327,SC/ST Welfare Scheme,11723,Verified,2026-03-15,BA006098,9820004688
A005328,S05328,Post-Matric Technical,17254,Verified,2026-03-20,BA006099,9820004689
A005329,S05329,Post-Matric Technical,11128,Verified,2026-03-24,BA006100,9820004690
A005330,S05330,Post-Matric Technical,14436,Verified,2026-03-12,BA006101,9820004691
A005331,S05331,Girl Child Assistance,11863,Verified,2026-03-27,BA006102,9820004692
A005332,S05332,Post-Matric Technical,21146,Verified,2026-03-21,BA006103,9820004693
A005333,S05333,Girl Child Assistance,14284,Verified,2026-03-26,BA006104,9820004694
A005334,S05334,Girl Child Assistance,7603,Verified,2026-03-27,BA006105,9820004695
A005335,S05335,Post-Matric Technical,9614,Verified,2026-03-19,BA006106,9820004696
A005336,S05336,Merit Scholarship,14039,Verified,2026-03-14,BA006107,9820004697
A005337,S05337,Girl Child Assistance,7027,Verified,2026-03-17,BA006108,9820004698
A005338,S05338,Minority Welfare,16321,Verified,2026-03-10,BA006109,9820004699
A005339,S05339,Merit Scholarship,22447,Verified,2026-03-20,BA006110,9820004700
A005340,S05340,Merit Scholarship,28463,Verified,2026-03-16,BA006111,9820004701
A005341,S05341,Minority Welfare,10975,Verified,2026-03-21,BA006112,9820004702
A005342,S05342,SC/ST Welfare Scheme,14936,Verified,2026-03-26,BA006113,9820004703
A005343,S05343,Girl Child Assistance,7026,Verified,2026-03-20,BA006114,9820004704
A005344,S05344,SC/ST Welfare Scheme,20249,Verified,2026-03-19,BA006115,9820004705
A005345,S05345,Merit Scholarship,14190,Verified,2026-03-20,BA006116,9820004706
A005346,S05346,Post-Matric Technical,13782,Verified,2026-03-21,BA006117,9820004707
A005347,S05347,Girl Child Assistance,12077,Verified,2026-03-24,BA006118,9820004708
A005348,S05348,SC/ST Welfare Scheme,13121,Verified,2026-03-18,BA006119,9820004709
A005349,S05349,Minority Welfare,15130,Verified,2026-03-28,BA006120,9820004710
A005350,S05350,Girl Child Assistance,9623,Verified,2026-03-26,BA006121,9820004711
A005351,S05351,Merit Scholarship,16525,Verified,2026-03-22,BA006122,9820004712
A005352,S05352,Minority Welfare,17950,Verified,2026-03-16,BA006123,9820004713
A005353,S05353,SC/ST Welfare Scheme,23924,Verified,2026-03-20,BA006124,9820004714
A005354,S05354,Girl Child Assistance,9806,Verified,2026-03-22,BA006125,9820004715
A005355,S05355,Girl Child Assistance,9854,Verified,2026-03-24,BA006126,9820004716
A005356,S05356,Merit Scholarship,15245,Verified,2026-03-17,BA006127,9820004717
A005357,S05357,Post-Matric Technical,11172,Verified,2026-03-18,BA006128,9820004718
A005358,S05358,Merit Scholarship,26796,Verified,2026-03-28,BA006129,9820004719
A005359,S05359,Girl Child Assistance,14236,Verified,2026-03-18,BA006130,9820004720
A005360,S05360,Girl Child Assistance,11681,Verified,2026-03-18,BA006131,9820004721
A005361,S05361,Post-Matric Technical,15403,Verified,2026-03-10,BA006132,9820004722
A005362,S05362,Post-Matric Technical,20349,Verified,2026-03-17,BA006133,9820004723
A005363,S05363,Girl Child Assistance,8525,Verified,2026-03-24,BA006134,9820004724
A005364,S05364,SC/ST Welfare Scheme,19186,Verified,2026-03-23,BA006135,9820004725
A005365,S05365,SC/ST Welfare Scheme,15203,Verified,2026-03-12,BA006136,9820004726
A005366,S05366,SC/ST Welfare Scheme,12758,Verified,2026-03-27,BA006137,9820004727
A005367,S05367,Girl Child Assistance,10048,Verified,2026-03-27,BA006138,9820004728
A005368,S05368,Post-Matric Technical,19715,Verified,2026-03-16,BA006139,9820004729
A005369,S05369,Post-Matric Technical,13011,Verified,2026-03-12,BA006140,9820004730
A005370,S05370,Girl Child Assistance,10601,Verified,2026-03-26,BA006141,9820004731
A005371,S05371,Minority Welfare,8169,Verified,2026-03-16,BA006142,9820004732
A005372,S05372,Minority Welfare,12142,Verified,2026-03-22,BA006143,9820004733
A005373,S05373,SC/ST Welfare Scheme,14407,Verified,2026-03-17,BA006144,9820004734
A005374,S05374,SC/ST Welfare Scheme,17619,Verified,2026-03-22,BA006145,9820004735
A005375,S05375,Merit Scholarship,29453,Verified,2026-03-10,BA006146,9820004736
A005376,S05376,Minority Welfare,14313,Verified,2026-03-20,BA006147,9820004737
A005377,S05377,Post-Matric Technical,11775,Verified,2026-03-16,BA006148,9820004738
A005378,S05378,SC/ST Welfare Scheme,15132,Verified,2026-03-24,BA006149,9820004739
A005379,S05379,Minority Welfare,15357,Verified,2026-03-28,BA006150,9820004740
A005380,S05380,Minority Welfare,10534,Verified,2026-03-10,BA006151,9820004741
A005381,S05381,SC/ST Welfare Scheme,24487,Verified,2026-03-28,BA006152,9820004742
A005382,S05382,SC/ST Welfare Scheme,15028,Verified,2026-03-12,BA006153,9820004743
A005383,S05383,Minority Welfare,14053,Verified,2026-03-21,BA006154,9820004744
A005384,S05384,Minority Welfare,14739,Verified,2026-03-24,BA006155,9820004745
A005385,S05385,Merit Scholarship,15752,Verified,2026-03-19,BA006156,9820004746
A005386,S05386,SC/ST Welfare Scheme,21715,Verified,2026-03-23,BA006157,9820004747
A005387,S05387,Post-Matric Technical,20658,Verified,2026-03-24,BA006158,9820004748
A005388,S05388,SC/ST Welfare Scheme,20132,Verified,2026-03-12,BA006159,9820004749
A005389,S05389,Merit Scholarship,22330,Verified,2026-03-18,BA006160,9820004750
A005390,S05390,Minority Welfare,18278,Verified,2026-03-23,BA006161,9820004751
A005391,S05391,SC/ST Welfare Scheme,22954,Verified,2026-03-10,BA006162,9820004752
A005392,S05392,SC/ST Welfare Scheme,14100,Verified,2026-03-18,BA006163,9820004753
A005393,S05393,SC/ST Welfare Scheme,19420,Verified,2026-03-21,BA006164,9820004754
A005394,S05394,Post-Matric Technical,18532,Verified,2026-03-10,BA006165,9820004755
A005395,S05395,Minority Welfare,19163,Verified,2026-03-21,BA006166,9820004756
A005396,S05396,Post-Matric Technical,17156,Verified,2026-03-21,BA006167,9820004757
A005397,S05397,Post-Matric Technical,18510,Verified,2026-03-19,BA006168,9820004758
A005398,S05398,SC/ST Welfare Scheme,18695,Verified,2026-03-15,BA006169,9820004759
A005399,S05399,Girl Child Assistance,8626,Verified,2026-03-10,BA006170,9820004760
A005400,S05400,Post-Matric Technical,21564,Verified,2026-03-26,BA006171,9820004761
A005401,S05401,Merit Scholarship,24359,Verified,2026-03-24,BA006172,9820004762
A005402,S05402,Minority Welfare,15327,Verified,2026-03-21,BA006173,9820004763
A005403,S05403,Merit Scholarship,16157,Verified,2026-03-11,BA006174,9820004764
A005404,S05404,Girl Child Assistance,7170,Verified,2026-03-22,BA006175,9820004765
A005405,S05405,Post-Matric Technical,13184,Verified,2026-03-18,BA006176,9820004766
A005406,S05406,Merit Scholarship,12013,Verified,2026-03-13,BA006177,9820004767
A005407,S05407,Minority Welfare,18325,Verified,2026-03-18,BA006178,9820004768
A005408,S05408,Post-Matric Technical,9478,Verified,2026-03-25,BA006179,9820004769
A005409,S05409,SC/ST Welfare Scheme,21217,Verified,2026-03-16,BA006180,9820004770
A005410,S05410,Post-Matric Technical,11594,Verified,2026-03-28,BA006181,9820004771
A005411,S05411,SC/ST Welfare Scheme,16189,Verified,2026-03-10,BA006182,9820004772
A005412,S05412,Minority Welfare,10141,Verified,2026-03-19,BA006183,9820004773
A005413,S05413,SC/ST Welfare Scheme,20549,Verified,2026-03-17,BA006184,9820004774
A005414,S05414,Girl Child Assistance,11451,Verified,2026-03-13,BA006185,9820004775
A005415,S05415,Girl Child Assistance,7778,Verified,2026-03-24,BA006186,9820004776
A005416,S05416,Post-Matric Technical,21127,Verified,2026-03-20,BA006187,9820004777
A005417,S05417,SC/ST Welfare Scheme,24265,Verified,2026-03-20,BA006188,9820004778
A005418,S05418,Girl Child Assistance,12069,Verified,2026-03-28,BA006189,9820004779
A005419,S05419,Girl Child Assistance,7352,Verified,2026-03-27,BA006190,9820004780
A005420,S05420,Minority Welfare,18024,Verified,2026-03-27,BA006191,9820004781
A005421,S05421,Merit Scholarship,26636,Verified,2026-03-21,BA006192,9820004782
A005422,S05422,Girl Child Assistance,8727,Verified,2026-03-26,BA006193,9820004783
A005423,S05423,Post-Matric Technical,14717,Verified,2026-03-26,BA006194,9820004784
A005424,S05424,Minority Welfare,8478,Verified,2026-03-27,BA006195,9820004785
A005425,S05425,SC/ST Welfare Scheme,21689,Verified,2026-03-23,BA006196,9820004786
A005426,S05426,SC/ST Welfare Scheme,24413,Verified,2026-03-17,BA006197,9820004787
A005427,S05427,Post-Matric Technical,15630,Verified,2026-03-26,BA006198,9820004788
A005428,S05428,Post-Matric Technical,10396,Verified,2026-03-20,BA006199,9820004789
A005429,S05429,Minority Welfare,16751,Verified,2026-03-23,BA006200,9820004790
A005430,S05430,Post-Matric Technical,12853,Verified,2026-03-21,BA006201,9820004791
A005431,S05431,SC/ST Welfare Scheme,17278,Verified,2026-03-22,BA006202,9820004792
A005432,S05432,Post-Matric Technical,18380,Verified,2026-03-21,BA006203,9820004793
A005433,S05433,Post-Matric Technical,9493,Verified,2026-03-13,BA006204,9820004794
A005434,S05434,Girl Child Assistance,12292,Verified,2026-03-12,BA006205,9820004795
A005435,S05435,Merit Scholarship,22058,Verified,2026-03-25,BA006206,9820004796
A005436,S05436,Girl Child Assistance,12231,Verified,2026-03-21,BA006207,9820004797
A005437,S05437,Girl Child Assistance,13022,Verified,2026-03-26,BA006208,9820004798
A005438,S05438,Post-Matric Technical,18432,Verified,2026-03-27,BA006209,9820004799
A005439,S05439,Girl Child Assistance,10564,Verified,2026-03-26,BA006210,9820004800
A005440,S05440,Girl Child Assistance,14913,Verified,2026-03-17,BA006211,9820004801
A005441,S05441,SC/ST Welfare Scheme,22209,Verified,2026-03-19,BA006212,9820004802
A005442,S05442,SC/ST Welfare Scheme,13870,Verified,2026-03-19,BA006213,9820004803
A005443,S05443,Minority Welfare,8663,Verified,2026-03-27,BA006214,9820004804
A005444,S05444,Minority Welfare,11657,Verified,2026-03-13,BA006215,9820004805
A005445,S05445,Minority Welfare,12357,Verified,2026-03-10,BA006216,9820004806
A005446,S05446,Post-Matric Technical,14588,Verified,2026-03-15,BA006217,9820004807
A005447,S05447,Girl Child Assistance,7545,Verified,2026-03-25,BA006218,9820004808
A005448,S05448,Minority Welfare,13369,Verified,2026-03-18,BA006219,9820004809
A005449,S05449,Merit Scholarship,29253,Verified,2026-03-11,BA006220,9820004810
A005450,S05450,Girl Child Assistance,12459,Verified,2026-03-17,BA006221,9820004811
A005451,S05451,Merit Scholarship,17782,Verified,2026-03-14,BA006222,9820004812
A005452,S05452,Girl Child Assistance,8548,Verified,2026-03-21,BA006223,9820004813
A005453,S05453,Post-Matric Technical,19563,Verified,2026-03-28,BA006224,9820004814
A005454,S05454,SC/ST Welfare Scheme,20820,Verified,2026-03-12,BA006225,9820004815
A005455,S05455,Minority Welfare,19046,Verified,2026-03-13,BA006226,9820004816
A005456,S05456,Minority Welfare,14310,Verified,2026-03-26,BA006227,9820004817
A005457,S05457,Girl Child Assistance,11668,Verified,2026-03-18,BA006228,9820004818
A005458,S05458,Minority Welfare,8732,Verified,2026-03-22,BA006229,9820004819
A005459,S05459,Girl Child Assistance,11628,Verified,2026-03-17,BA006230,9820004820
A005460,S05460,Minority Welfare,15416,Verified,2026-03-14,BA006231,9820004821
A005461,S05461,Post-Matric Technical,14981,Verified,2026-03-28,BA006232,9820004822
A005462,S05462,Girl Child Assistance,7000,Verified,2026-03-10,BA006233,9820004823
A005463,S05463,Girl Child Assistance,12935,Verified,2026-03-14,BA006234,9820004824
A005464,S05464,Merit Scholarship,25896,Verified,2026-03-28,BA006235,9820004825
A005465,S05465,Girl Child Assistance,7566,Verified,2026-03-21,BA006236,9820004826
A005466,S05466,Merit Scholarship,16393,Verified,2026-03-15,BA006237,9820004827
A005467,S05467,Minority Welfare,19525,Verified,2026-03-22,BA006238,9820004828
A005468,S05468,Girl Child Assistance,11988,Verified,2026-03-12,BA006239,9820004829
A005469,S05469,Minority Welfare,18640,Verified,2026-03-17,BA006240,9820004830
A005470,S05470,Girl Child Assistance,11914,Verified,2026-03-10,BA006241,9820004831
A005471,S05471,Girl Child Assistance,9227,Verified,2026-03-28,BA006242,9820004832
A005472,S05472,Girl Child Assistance,9684,Verified,2026-03-15,BA006243,9820004833
A005473,S05473,Girl Child Assistance,7662,Verified,2026-03-12,BA006244,9820004834
A005474,S05474,Girl Child Assistance,13051,Verified,2026-03-25,BA006245,9820004835
A005475,S05475,Merit Scholarship,12724,Verified,2026-03-25,BA006246,9820004836
A005476,S05476,Merit Scholarship,12677,Verified,2026-03-12,BA006247,9820004837
A005477,S05477,SC/ST Welfare Scheme,24821,Verified,2026-03-21,BA006248,9820004838
A005478,S05478,Girl Child Assistance,7011,Verified,2026-03-13,BA006249,9820004839
A005479,S05479,Merit Scholarship,21614,Verified,2026-03-19,BA006250,9820004840
A005480,S05480,Minority Welfare,14441,Verified,2026-03-24,BA006251,9820004841
A005481,S05481,Post-Matric Technical,13706,Verified,2026-03-27,BA006252,9820004842
A005482,S05482,Post-Matric Technical,14460,Verified,2026-03-24,BA006253,9820004843
A005483,S05483,Merit Scholarship,25682,Verified,2026-03-17,BA006254,9820004844
A005484,S05484,Merit Scholarship,17045,Verified,2026-03-15,BA006255,9820004845
A005485,S05485,Post-Matric Technical,12067,Verified,2026-03-26,BA006256,9820004846
A005486,S05486,SC/ST Welfare Scheme,18338,Verified,2026-03-23,BA006257,9820004847
A005487,S05487,Girl Child Assistance,11301,Verified,2026-03-15,BA006258,9820004848
A005488,S05488,Post-Matric Technical,11879,Verified,2026-03-20,BA006259,9820004849
A005489,S05489,SC/ST Welfare Scheme,12232,Verified,2026-03-28,BA006260,9820004850
A005490,S05490,SC/ST Welfare Scheme,11937,Verified,2026-03-19,BA006261,9820004851
A005491,S05491,Post-Matric Technical,10735,Verified,2026-03-12,BA006262,9820004852
A005492,S05492,Merit Scholarship,23411,Verified,2026-03-20,BA006263,9820004853
A005493,S05493,Girl Child Assistance,12470,Verified,2026-03-24,BA006264,9820004854
A005494,S05494,Girl Child Assistance,10616,Verified,2026-03-24,BA006265,9820004855
A005495,S05495,Post-Matric Technical,18889,Verified,2026-03-14,BA006266,9820004856
A005496,S05496,Minority Welfare,12143,Verified,2026-03-16,BA006267,9820004857
A005497,S05497,Girl Child Assistance,13040,Verified,2026-03-12,BA006268,9820004858
A005498,S05498,Post-Matric Technical,20041,Verified,2026-03-11,BA006269,9820004859
A005499,S05499,Girl Child Assistance,11623,Verified,2026-03-11,BA006270,9820004860
A005500,S05500,Merit Scholarship,28059,Verified,2026-03-19,BA006271,9820004861
A005501,S05501,Girl Child Assistance,11695,Verified,2026-03-20,BA006272,9820004862
A005502,S05502,Merit Scholarship,19443,Verified,2026-03-11,BA006273,9820004863
A005503,S05503,Minority Welfare,9787,Verified,2026-03-15,BA006274,9820004864
A005504,S05504,SC/ST Welfare Scheme,16058,Verified,2026-03-26,BA006275,9820004865
A005505,S05505,SC/ST Welfare Scheme,21459,Verified,2026-03-24,BA006276,9820004866
A005506,S05506,Merit Scholarship,25489,Verified,2026-03-16,BA006277,9820004867
A005507,S05507,Minority Welfare,9216,Verified,2026-03-11,BA006278,9820004868
A005508,S05508,Post-Matric Technical,13584,Verified,2026-03-23,BA006279,9820004869
A005509,S05509,Post-Matric Technical,20638,Verified,2026-03-22,BA006280,9820004870
A005510,S05510,Post-Matric Technical,14898,Verified,2026-03-12,BA006281,9820004871
A005511,S05511,Minority Welfare,18953,Verified,2026-03-22,BA006282,9820004872
A005512,S05512,SC/ST Welfare Scheme,20379,Verified,2026-03-14,BA006283,9820004873
A005513,S05513,Post-Matric Technical,12885,Verified,2026-03-11,BA006284,9820004874
A005514,S05514,Minority Welfare,18748,Verified,2026-03-26,BA006285,9820004875
A005515,S05515,Minority Welfare,18889,Verified,2026-03-17,BA006286,9820004876
A005516,S05516,Post-Matric Technical,17614,Verified,2026-03-14,BA006287,9820004877
A005517,S05517,Girl Child Assistance,7358,Verified,2026-03-21,BA006288,9820004878
A005518,S05518,Minority Welfare,10060,Verified,2026-03-22,BA006289,9820004879
A005519,S05519,SC/ST Welfare Scheme,15154,Verified,2026-03-10,BA006290,9820004880
A005520,S05520,Post-Matric Technical,19026,Verified,2026-03-11,BA006291,9820004881
A005521,S05521,Post-Matric Technical,13742,Verified,2026-03-15,BA006292,9820004882
A005522,S05522,Merit Scholarship,15441,Verified,2026-03-11,BA006293,9820004883
A005523,S05523,Merit Scholarship,14978,Verified,2026-03-19,BA006294,9820004884
A005524,S05524,Minority Welfare,10366,Verified,2026-03-16,BA006295,9820004885
A005525,S05525,Merit Scholarship,16772,Verified,2026-03-18,BA006296,9820004886
A005526,S05526,Merit Scholarship,13826,Verified,2026-03-10,BA006297,9820004887
A005527,S05527,Post-Matric Technical,14454,Verified,2026-03-11,BA006298,9820004888
A005528,S05528,Minority Welfare,14236,Verified,2026-03-13,BA006299,9820004889
A005529,S05529,Girl Child Assistance,13552,Verified,2026-03-22,BA006300,9820004890
A005530,S05530,Girl Child Assistance,8765,Verified,2026-03-22,BA006301,9820004891
A005531,S05531,Girl Child Assistance,10086,Verified,2026-03-11,BA006302,9820004892
A005532,S05532,Merit Scholarship,17369,Verified,2026-03-23,BA006303,9820004893
A005533,S05533,Minority Welfare,17374,Verified,2026-03-25,BA006304,9820004894
A005534,S05534,Girl Child Assistance,14752,Verified,2026-03-26,BA006305,9820004895
A005535,S05535,Minority Welfare,9355,Verified,2026-03-16,BA006306,9820004896
A005536,S05536,Minority Welfare,8457,Verified,2026-03-22,BA006307,9820004897
A005537,S05537,Girl Child Assistance,9276,Verified,2026-03-19,BA006308,9820004898
A005538,S05538,Minority Welfare,15254,Verified,2026-03-10,BA006309,9820004899
A005539,S05539,Girl Child Assistance,14445,Verified,2026-03-15,BA006310,9820004900
A005540,S05540,SC/ST Welfare Scheme,23418,Verified,2026-03-17,BA006311,9820004901
A005541,S05541,Girl Child Assistance,9788,Verified,2026-03-17,BA006312,9820004902
A005542,S05542,SC/ST Welfare Scheme,10969,Verified,2026-03-26,BA006313,9820004903
A005543,S05543,Post-Matric Technical,9073,Verified,2026-03-27,BA006314,9820004904
A005544,S05544,Girl Child Assistance,12580,Verified,2026-03-24,BA006315,9820004905
A005545,S05545,SC/ST Welfare Scheme,16239,Verified,2026-03-21,BA006316,9820004906
A005546,S05546,Post-Matric Technical,19823,Verified,2026-03-10,BA006317,9820004907
A005547,S05547,SC/ST Welfare Scheme,11811,Verified,2026-03-11,BA006318,9820004908
A005548,S05548,Minority Welfare,18808,Verified,2026-03-23,BA006319,9820004909
A005549,S05549,Girl Child Assistance,11656,Verified,2026-03-22,BA006320,9820004910
A005550,S05550,Minority Welfare,13323,Verified,2026-03-16,BA006321,9820004911
A005551,S05551,Minority Welfare,8961,Verified,2026-03-16,BA006322,9820004912
A005552,S05552,SC/ST Welfare Scheme,15491,Verified,2026-03-23,BA006323,9820004913
A005553,S05553,Merit Scholarship,18105,Verified,2026-03-15,BA006324,9820004914
A005554,S05554,Post-Matric Technical,16594,Verified,2026-03-11,BA006325,9820004915
A005555,S05555,Post-Matric Technical,21075,Verified,2026-03-10,BA006326,9820004916
A005556,S05556,Merit Scholarship,16430,Verified,2026-03-19,BA006327,9820004917
A005557,S05557,SC/ST Welfare Scheme,17903,Verified,2026-03-19,BA006328,9820004918
A005558,S05558,Merit Scholarship,18302,Verified,2026-03-12,BA006329,9820004919
A005559,S05559,Merit Scholarship,14804,Verified,2026-03-14,BA006330,9820004920
A005560,S05560,SC/ST Welfare Scheme,15701,Verified,2026-03-21,BA006331,9820004921
A005561,S05561,Girl Child Assistance,10527,Verified,2026-03-24,BA006332,9820004922
A005562,S05562,Merit Scholarship,25210,Verified,2026-03-10,BA006333,9820004923
A005563,S05563,Minority Welfare,11773,Verified,2026-03-27,BA006334,9820004924
A005564,S05564,Merit Scholarship,27429,Verified,2026-03-13,BA006335,9820004925
A005565,S05565,Girl Child Assistance,7085,Verified,2026-03-18,BA006336,9820004926
A005566,S05566,SC/ST Welfare Scheme,13277,Verified,2026-03-25,BA006337,9820004927
A005567,S05567,Post-Matric Technical,11896,Verified,2026-03-19,BA006338,9820004928
A005568,S05568,Merit Scholarship,22407,Verified,2026-03-17,BA006339,9820004929
A005569,S05569,Merit Scholarship,20810,Verified,2026-03-11,BA006340,9820004930
A005570,S05570,Girl Child Assistance,14712,Verified,2026-03-13,BA006341,9820004931
A005571,S05571,Minority Welfare,12208,Verified,2026-03-14,BA006342,9820004932
A005572,S05572,SC/ST Welfare Scheme,16985,Verified,2026-03-18,BA006343,9820004933
A005573,S05573,Post-Matric Technical,10360,Verified,2026-03-11,BA006344,9820004934
A005574,S05574,Minority Welfare,12441,Verified,2026-03-16,BA006345,9820004935
A005575,S05575,Post-Matric Technical,10091,Verified,2026-03-10,BA006346,9820004936
A005576,S05576,SC/ST Welfare Scheme,21728,Verified,2026-03-17,BA006347,9820004937
A005577,S05577,SC/ST Welfare Scheme,17082,Verified,2026-03-22,BA006348,9820004938
A005578,S05578,Minority Welfare,13331,Verified,2026-03-13,BA006349,9820004939
A005579,S05579,Post-Matric Technical,9326,Verified,2026-03-27,BA006350,9820004940
A005580,S05580,Girl Child Assistance,13204,Verified,2026-03-23,BA006351,9820004941
A005581,S05581,Minority Welfare,19504,Verified,2026-03-22,BA006352,9820004942
A005582,S05582,SC/ST Welfare Scheme,20626,Verified,2026-03-11,BA006353,9820004943
A005583,S05583,Girl Child Assistance,12813,Verified,2026-03-28,BA006354,9820004944
A005584,S05584,SC/ST Welfare Scheme,19402,Verified,2026-03-19,BA006355,9820004945
A005585,S05585,Minority Welfare,18415,Verified,2026-03-28,BA006356,9820004946
A005586,S05586,Girl Child Assistance,14187,Verified,2026-03-27,BA006357,9820004947
A005587,S05587,SC/ST Welfare Scheme,19232,Verified,2026-03-12,BA006358,9820004948
A005588,S05588,Post-Matric Technical,21946,Verified,2026-03-11,BA006359,9820004949
A005589,S05589,SC/ST Welfare Scheme,20892,Verified,2026-03-14,BA006360,9820004950
A005590,S05590,Girl Child Assistance,7482,Verified,2026-03-16,BA006361,9820004951
A005591,S05591,Post-Matric Technical,14324,Verified,2026-03-12,BA006362,9820004952
A005592,S05592,Post-Matric Technical,9017,Verified,2026-03-26,BA006363,9820004953
A005593,S05593,Girl Child Assistance,14014,Verified,2026-03-10,BA006364,9820004954
A005594,S05594,Merit Scholarship,25271,Verified,2026-03-10,BA006365,9820004955
A005595,S05595,Post-Matric Technical,10382,Verified,2026-03-28,BA006366,9820004956
A005596,S05596,SC/ST Welfare Scheme,13659,Verified,2026-03-28,BA006367,9820004957
A005597,S05597,Post-Matric Technical,16638,Verified,2026-03-24,BA006368,9820004958
A005598,S05598,SC/ST Welfare Scheme,10316,Verified,2026-03-15,BA006369,9820004959
A005599,S05599,Post-Matric Technical,14194,Verified,2026-03-22,BA006370,9820004960
A005600,S05600,SC/ST Welfare Scheme,17369,Verified,2026-03-18,BA006371,9820004961
A005601,S05601,Merit Scholarship,14760,Verified,2026-03-19,BA006372,9820004962
A005602,S05602,Minority Welfare,18553,Verified,2026-03-11,BA006373,9820004963
A005603,S05603,SC/ST Welfare Scheme,13540,Verified,2026-03-13,BA006374,9820004964
A005604,S05604,SC/ST Welfare Scheme,19726,Verified,2026-03-15,BA006375,9820004965
A005605,S05605,SC/ST Welfare Scheme,24704,Verified,2026-03-15,BA006376,9820004966
A005606,S05606,Post-Matric Technical,9724,Verified,2026-03-12,BA006377,9820004967
A005607,S05607,Post-Matric Technical,20561,Verified,2026-03-19,BA006378,9820004968
A005608,S05608,Post-Matric Technical,14400,Verified,2026-03-18,BA006379,9820004969
A005609,S05609,SC/ST Welfare Scheme,22230,Verified,2026-03-18,BA006380,9820004970
A005610,S05610,Girl Child Assistance,9410,Verified,2026-03-26,BA006381,9820004971
A005611,S05611,Girl Child Assistance,14309,Verified,2026-03-17,BA006382,9820004972
A005612,S05612,Minority Welfare,9710,Verified,2026-03-11,BA006383,9820004973
A005613,S05613,Post-Matric Technical,21536,Verified,2026-03-17,BA006384,9820004974
A005614,S05614,SC/ST Welfare Scheme,19877,Verified,2026-03-18,BA006385,9820004975
A005615,S05615,Girl Child Assistance,13166,Verified,2026-03-19,BA006386,9820004976
A005616,S05616,Post-Matric Technical,11177,Verified,2026-03-11,BA006387,9820004977
A005617,S05617,Merit Scholarship,22909,Verified,2026-03-20,BA006388,9820004978
A005618,S05618,Minority Welfare,14287,Verified,2026-03-11,BA006389,9820004979
A005619,S05619,Minority Welfare,9385,Verified,2026-03-21,BA006390,9820004980
A005620,S05620,Minority Welfare,9054,Verified,2026-03-18,BA006391,9820004981
A005621,S05621,Minority Welfare,9231,Verified,2026-03-24,BA006392,9820004982
A005622,S05622,SC/ST Welfare Scheme,22492,Verified,2026-03-22,BA006393,9820004983
A005623,S05623,Post-Matric Technical,9420,Verified,2026-03-11,BA006394,9820004984
A005624,S05624,Minority Welfare,11313,Verified,2026-03-20,BA006395,9820004985
A005625,S05625,Girl Child Assistance,9690,Verified,2026-03-18,BA006396,9820004986
A005626,S05626,Post-Matric Technical,12166,Verified,2026-03-24,BA006397,9820004987
A005627,S05627,Minority Welfare,10962,Verified,2026-03-28,BA006398,9820004988
A005628,S05628,Post-Matric Technical,21478,Verified,2026-03-18,BA006399,9820004989
A005629,S05629,Merit Scholarship,23731,Verified,2026-03-20,BA006400,9820004990
A005630,S05630,Minority Welfare,8550,Verified,2026-03-20,BA006401,9820004991
A005631,S05631,Post-Matric Technical,20598,Verified,2026-03-10,BA006402,9820004992
A005632,S05632,Post-Matric Technical,12932,Verified,2026-03-26,BA006403,9820004993
A005633,S05633,Minority Welfare,12446,Verified,2026-03-18,BA006404,9820004994
A005634,S05634,Post-Matric Technical,13428,Verified,2026-03-15,BA006405,9820004995
A005635,S05635,SC/ST Welfare Scheme,18604,Verified,2026-03-22,BA006406,9820004996
A005636,S05636,Post-Matric Technical,11712,Verified,2026-03-19,BA006407,9820004997
A005637,S05637,Merit Scholarship,25324,Verified,2026-03-13,BA006408,9820004998
A005638,S05638,Post-Matric Technical,21157,Verified,2026-03-26,BA006409,9820004999
A005639,S05639,Merit Scholarship,15941,Verified,2026-03-23,BA006410,9820005000
A005640,S05640,Post-Matric Technical,21067,Verified,2026-03-12,BA006411,9820005001
A005641,S05641,Post-Matric Technical,19686,Verified,2026-03-27,BA006412,9820005002
A005642,S05642,Post-Matric Technical,13385,Verified,2026-03-26,BA006413,9820005003
A005643,S05643,SC/ST Welfare Scheme,18237,Verified,2026-03-11,BA006414,9820005004
A005644,S05644,SC/ST Welfare Scheme,14114,Verified,2026-03-20,BA006415,9820005005
A005645,S05645,Post-Matric Technical,12042,Verified,2026-03-15,BA006416,9820005006
A005646,S05646,Girl Child Assistance,11945,Verified,2026-03-10,BA006417,9820005007
A005647,S05647,Post-Matric Technical,21998,Verified,2026-03-22,BA006418,9820005008
A005648,S05648,Minority Welfare,13282,Verified,2026-03-10,BA006419,9820005009
A005649,S05649,Minority Welfare,9642,Verified,2026-03-15,BA006420,9820005010
A005650,S05650,Post-Matric Technical,18491,Verified,2026-03-28,BA006421,9820005011
A005651,S05651,Post-Matric Technical,17730,Verified,2026-03-14,BA006422,9820005012
A005652,S05652,Merit Scholarship,24153,Verified,2026-03-22,BA006423,9820005013
A005653,S05653,Post-Matric Technical,12854,Verified,2026-03-23,BA006424,9820005014
A005654,S05654,SC/ST Welfare Scheme,13178,Verified,2026-03-14,BA006425,9820005015
A005655,S05655,Minority Welfare,17511,Verified,2026-03-19,BA006426,9820005016
A005656,S05656,Minority Welfare,10865,Verified,2026-03-18,BA006427,9820005017
A005657,S05657,SC/ST Welfare Scheme,22089,Verified,2026-03-16,BA006428,9820005018
A005658,S05658,Merit Scholarship,16948,Verified,2026-03-28,BA006429,9820005019
A005659,S05659,Girl Child Assistance,12550,Verified,2026-03-21,BA006430,9820005020
A005660,S05660,Post-Matric Technical,19290,Verified,2026-03-22,BA006431,9820005021
A005661,S05661,Merit Scholarship,20850,Verified,2026-03-23,BA006432,9820005022
A005662,S05662,Minority Welfare,8015,Verified,2026-03-21,BA006433,9820005023
A005663,S05663,Merit Scholarship,16261,Verified,2026-03-28,BA006434,9820005024
A005664,S05664,Girl Child Assistance,14251,Verified,2026-03-11,BA006435,9820005025
A005665,S05665,Merit Scholarship,21916,Verified,2026-03-27,BA006436,9820005026
A005666,S05666,Girl Child Assistance,7879,Verified,2026-03-12,BA006437,9820005027
A005667,S05667,Minority Welfare,12905,Verified,2026-03-21,BA006438,9820005028
A005668,S05668,Girl Child Assistance,13965,Verified,2026-03-28,BA006439,9820005029
A005669,S05669,SC/ST Welfare Scheme,23015,Verified,2026-03-21,BA006440,9820005030
A005670,S05670,SC/ST Welfare Scheme,10707,Verified,2026-03-18,BA006441,9820005031
A005671,S05671,SC/ST Welfare Scheme,12670,Verified,2026-03-19,BA006442,9820005032
A005672,S05672,Post-Matric Technical,18269,Verified,2026-03-16,BA006443,9820005033
A005673,S05673,Merit Scholarship,25119,Verified,2026-03-25,BA006444,9820005034
A005674,S05674,SC/ST Welfare Scheme,18262,Verified,2026-03-22,BA006445,9820005035
A005675,S05675,SC/ST Welfare Scheme,22990,Verified,2026-03-26,BA006446,9820005036
A005676,S05676,SC/ST Welfare Scheme,13275,Verified,2026-03-27,BA006447,9820005037
A005677,S05677,Minority Welfare,17092,Verified,2026-03-23,BA006448,9820005038
A005678,S05678,Merit Scholarship,14544,Verified,2026-03-16,BA006449,9820005039
A005679,S05679,Girl Child Assistance,7588,Verified,2026-03-27,BA006450,9820005040
A005680,S05680,Post-Matric Technical,13524,Verified,2026-03-26,BA006451,9820005041
A005681,S05681,Merit Scholarship,20219,Verified,2026-03-26,BA006452,9820005042
A005682,S05682,SC/ST Welfare Scheme,19374,Verified,2026-03-22,BA006453,9820005043
A005683,S05683,Post-Matric Technical,9959,Verified,2026-03-16,BA006454,9820005044
A005684,S05684,Girl Child Assistance,7906,Verified,2026-03-13,BA006455,9820005045
A005685,S05685,Minority Welfare,10220,Verified,2026-03-23,BA006456,9820005046
A005686,S05686,Post-Matric Technical,19438,Verified,2026-03-11,BA006457,9820005047
A005687,S05687,Minority Welfare,14251,Verified,2026-03-20,BA006458,9820005048
A005688,S05688,Post-Matric Technical,19602,Verified,2026-03-16,BA006459,9820005049
A005689,S05689,SC/ST Welfare Scheme,17973,Verified,2026-03-18,BA006460,9820005050
A005690,S05690,Girl Child Assistance,10008,Verified,2026-03-10,BA006461,9820005051
A005691,S05691,Merit Scholarship,14810,Verified,2026-03-10,BA006462,9820005052
A005692,S05692,SC/ST Welfare Scheme,24962,Verified,2026-03-21,BA006463,9820005053
A005693,S05693,Girl Child Assistance,11520,Verified,2026-03-19,BA006464,9820005054
A005694,S05694,SC/ST Welfare Scheme,15200,Verified,2026-03-14,BA006465,9820005055
A005695,S05695,Minority Welfare,17281,Verified,2026-03-27,BA006466,9820005056
A005696,S05696,Minority Welfare,14290,Verified,2026-03-20,BA006467,9820005057
A005697,S05697,SC/ST Welfare Scheme,11748,Verified,2026-03-19,BA006468,9820005058
A005698,S05698,Post-Matric Technical,9990,Verified,2026-03-14,BA006469,9820005059
A005699,S05699,Merit Scholarship,22073,Verified,2026-03-15,BA006470,9820005060
A005700,S05700,Post-Matric Technical,19111,Verified,2026-03-14,BA006471,9820005061
A005701,S05701,Merit Scholarship,27500,Verified,2026-03-28,BA006472,9820005062
A005702,S05702,Minority Welfare,18616,Verified,2026-03-19,BA006473,9820005063
A005703,S05703,Merit Scholarship,26801,Verified,2026-03-15,BA006474,9820005064
A005704,S05704,Minority Welfare,15256,Verified,2026-03-13,BA006475,9820005065
A005705,S05705,Post-Matric Technical,9745,Verified,2026-03-13,BA006476,9820005066
A005706,S05706,Post-Matric Technical,11106,Verified,2026-03-21,BA006477,9820005067
A005707,S05707,Minority Welfare,14656,Verified,2026-03-12,BA006478,9820005068
A005708,S05708,Girl Child Assistance,14464,Verified,2026-03-23,BA006479,9820005069
A005709,S05709,Merit Scholarship,24126,Verified,2026-03-25,BA006480,9820005070
A005710,S05710,Minority Welfare,13275,Verified,2026-03-21,BA006481,9820005071
A005711,S05711,Post-Matric Technical,20817,Verified,2026-03-19,BA006482,9820005072
A005712,S05712,Minority Welfare,17034,Verified,2026-03-25,BA006483,9820005073
A005713,S05713,Merit Scholarship,20459,Verified,2026-03-19,BA006484,9820005074
A005714,S05714,Post-Matric Technical,11785,Verified,2026-03-18,BA006485,9820005075
A005715,S05715,Girl Child Assistance,13191,Verified,2026-03-22,BA006486,9820005076
A005716,S05716,Girl Child Assistance,13060,Verified,2026-03-25,BA006487,9820005077
A005717,S05717,Post-Matric Technical,16582,Verified,2026-03-17,BA006488,9820005078
A005718,S05718,Merit Scholarship,22718,Verified,2026-03-19,BA006489,9820005079
A005719,S05719,SC/ST Welfare Scheme,19784,Verified,2026-03-24,BA006490,9820005080
A005720,S05720,Merit Scholarship,22116,Verified,2026-03-21,BA006491,9820005081
A005721,S05721,Merit Scholarship,17638,Verified,2026-03-21,BA006492,9820005082
A005722,S05722,Girl Child Assistance,8041,Verified,2026-03-18,BA006493,9820005083
A005723,S05723,Minority Welfare,13819,Verified,2026-03-23,BA006494,9820005084
A005724,S05724,Post-Matric Technical,16172,Verified,2026-03-19,BA006495,9820005085
A005725,S05725,Minority Welfare,17352,Verified,2026-03-22,BA006496,9820005086
A005726,S05726,SC/ST Welfare Scheme,14564,Verified,2026-03-26,BA006497,9820005087
A005727,S05727,Post-Matric Technical,12909,Verified,2026-03-15,BA006498,9820005088
A005728,S05728,Post-Matric Technical,21000,Verified,2026-03-10,BA006499,9820005089
A005729,S05729,Post-Matric Technical,14501,Verified,2026-03-27,BA006500,9820005090
A005730,S05730,SC/ST Welfare Scheme,24859,Verified,2026-03-18,BA006501,9820005091
A005731,S05731,Merit Scholarship,24297,Verified,2026-03-25,BA006502,9820005092
A005732,S05732,Merit Scholarship,15165,Verified,2026-03-21,BA006503,9820005093
A005733,S05733,Post-Matric Technical,14526,Verified,2026-03-26,BA006504,9820005094
A005734,S05734,SC/ST Welfare Scheme,10537,Verified,2026-03-25,BA006505,9820005095
A005735,S05735,Merit Scholarship,27295,Verified,2026-03-18,BA006506,9820005096
A005736,S05736,Minority Welfare,16859,Verified,2026-03-22,BA006507,9820005097
A005737,S05737,Post-Matric Technical,17453,Verified,2026-03-11,BA006508,9820005098
A005738,S05738,Minority Welfare,10464,Verified,2026-03-16,BA006509,9820005099
A005739,S05739,Minority Welfare,16589,Verified,2026-03-10,BA006510,9820005100
A005740,S05740,Minority Welfare,14539,Verified,2026-03-27,BA006511,9820005101
A005741,S05741,Merit Scholarship,24007,Verified,2026-03-20,BA006512,9820005102
A005742,S05742,Minority Welfare,12879,Verified,2026-03-22,BA006513,9820005103
A005743,S05743,Merit Scholarship,26000,Verified,2026-03-21,BA006514,9820005104
A005744,S05744,Merit Scholarship,13085,Verified,2026-03-15,BA006515,9820005105
A005745,S05745,Merit Scholarship,18122,Verified,2026-03-18,BA006516,9820005106
A005746,S05746,SC/ST Welfare Scheme,22452,Verified,2026-03-21,BA006517,9820005107
A005747,S05747,Merit Scholarship,25246,Verified,2026-03-25,BA006518,9820005108
A005748,S05748,Post-Matric Technical,18875,Verified,2026-03-15,BA006519,9820005109
A005749,S05749,Merit Scholarship,23408,Verified,2026-03-17,BA006520,9820005110
A005750,S05750,Post-Matric Technical,15639,Verified,2026-03-21,BA006521,9820005111
A005751,S05751,SC/ST Welfare Scheme,18186,Verified,2026-03-28,BA006522,9820005112
A005752,S05752,SC/ST Welfare Scheme,18376,Verified,2026-03-16,BA006523,9820005113
A005753,S05753,SC/ST Welfare Scheme,16267,Verified,2026-03-26,BA006524,9820005114
A005754,S05754,Post-Matric Technical,9833,Verified,2026-03-10,BA006525,9820005115
A005755,S05755,Post-Matric Technical,16706,Verified,2026-03-10,BA006526,9820005116
A005756,S05756,Minority Welfare,9826,Verified,2026-03-16,BA006527,9820005117
A005757,S05757,Minority Welfare,14678,Verified,2026-03-26,BA006528,9820005118
A005758,S05758,SC/ST Welfare Scheme,20006,Verified,2026-03-17,BA006529,9820005119
A005759,S05759,Girl Child Assistance,8424,Verified,2026-03-26,BA006530,9820005120
A005760,S05760,SC/ST Welfare Scheme,11233,Verified,2026-03-26,BA006531,9820005121
A005761,S05761,Merit Scholarship,19573,Verified,2026-03-22,BA006532,9820005122
A005762,S05762,SC/ST Welfare Scheme,19867,Verified,2026-03-18,BA006533,9820005123
A005763,S05763,Minority Welfare,13167,Verified,2026-03-21,BA006534,9820005124
A005764,S05764,Merit Scholarship,20310,Verified,2026-03-21,BA006535,9820005125
A005765,S05765,Post-Matric Technical,15536,Verified,2026-03-15,BA006536,9820005126
A005766,S05766,SC/ST Welfare Scheme,16981,Verified,2026-03-10,BA006537,9820005127
A005767,S05767,Minority Welfare,9531,Verified,2026-03-26,BA006538,9820005128
A005768,S05768,Minority Welfare,17393,Verified,2026-03-13,BA006539,9820005129
A005769,S05769,SC/ST Welfare Scheme,21387,Verified,2026-03-26,BA006540,9820005130
A005770,S05770,Merit Scholarship,23818,Verified,2026-03-21,BA006541,9820005131
A005771,S05771,Post-Matric Technical,11259,Verified,2026-03-16,BA006542,9820005132
A005772,S05772,Girl Child Assistance,9370,Verified,2026-03-17,BA006543,9820005133
A005773,S05773,SC/ST Welfare Scheme,16850,Verified,2026-03-14,BA006544,9820005134
A005774,S05774,Post-Matric Technical,11967,Verified,2026-03-14,BA006545,9820005135
A005775,S05775,SC/ST Welfare Scheme,20947,Verified,2026-03-28,BA006546,9820005136
A005776,S05776,Post-Matric Technical,9512,Verified,2026-03-15,BA006547,9820005137
A005777,S05777,Girl Child Assistance,7199,Verified,2026-03-19,BA006548,9820005138
A005778,S05778,Merit Scholarship,18611,Verified,2026-03-19,BA006549,9820005139
A005779,S05779,Merit Scholarship,23411,Verified,2026-03-18,BA006550,9820005140
A005780,S05780,SC/ST Welfare Scheme,18288,Verified,2026-03-15,BA006551,9820005141
A005781,S05781,Post-Matric Technical,11178,Verified,2026-03-28,BA006552,9820005142
A005782,S05782,Merit Scholarship,25684,Verified,2026-03-28,BA006553,9820005143
A005783,S05783,Girl Child Assistance,8601,Verified,2026-03-13,BA006554,9820005144
A005784,S05784,Post-Matric Technical,16104,Verified,2026-03-13,BA006555,9820005145
A005785,S05785,SC/ST Welfare Scheme,13948,Verified,2026-03-17,BA006556,9820005146
A005786,S05786,Minority Welfare,19481,Verified,2026-03-18,BA006557,9820005147
A005787,S05787,SC/ST Welfare Scheme,22548,Verified,2026-03-19,BA006558,9820005148
A005788,S05788,Girl Child Assistance,10656,Verified,2026-03-14,BA006559,9820005149
A005789,S05789,Post-Matric Technical,18043,Verified,2026-03-24,BA006560,9820005150
A005790,S05790,Girl Child Assistance,14279,Verified,2026-03-13,BA006561,9820005151
A005791,S05791,Minority Welfare,9684,Verified,2026-03-23,BA006562,9820005152
A005792,S05792,Girl Child Assistance,14151,Verified,2026-03-24,BA006563,9820005153
A005793,S05793,SC/ST Welfare Scheme,14227,Verified,2026-03-14,BA006564,9820005154
A005794,S05794,Merit Scholarship,13842,Verified,2026-03-16,BA006565,9820005155
A005795,S05795,Minority Welfare,18152,Verified,2026-03-23,BA006566,9820005156
A005796,S05796,SC/ST Welfare Scheme,20996,Verified,2026-03-21,BA006567,9820005157
A005797,S05797,Post-Matric Technical,11425,Verified,2026-03-14,BA006568,9820005158
A005798,S05798,SC/ST Welfare Scheme,16896,Verified,2026-03-22,BA006569,9820005159
A005799,S05799,Merit Scholarship,23222,Verified,2026-03-20,BA006570,9820005160
A005800,S05800,SC/ST Welfare Scheme,18542,Verified,2026-03-20,BA006571,9820005161
A005801,S05801,Girl Child Assistance,10782,Verified,2026-03-14,BA006572,9820005162
A005802,S05802,SC/ST Welfare Scheme,23644,Verified,2026-03-19,BA006573,9820005163
A005803,S05803,Girl Child Assistance,14153,Verified,2026-03-11,BA006574,9820005164
A005804,S05804,Minority Welfare,12287,Verified,2026-03-11,BA006575,9820005165
A005805,S05805,Post-Matric Technical,16567,Verified,2026-03-23,BA006576,9820005166
A005806,S05806,Minority Welfare,17955,Verified,2026-03-25,BA006577,9820005167
A005807,S05807,Merit Scholarship,21271,Verified,2026-03-10,BA006578,9820005168
A005808,S05808,Minority Welfare,8684,Verified,2026-03-18,BA006579,9820005169
A005809,S05809,Post-Matric Technical,14205,Verified,2026-03-12,BA006580,9820005170
A005810,S05810,Minority Welfare,9534,Verified,2026-03-19,BA006581,9820005171
A005811,S05811,Post-Matric Technical,12942,Verified,2026-03-25,BA006582,9820005172
A005812,S05812,Merit Scholarship,21599,Verified,2026-03-20,BA006583,9820005173
A005813,S05813,SC/ST Welfare Scheme,18913,Verified,2026-03-19,BA006584,9820005174
A005814,S05814,Merit Scholarship,13738,Verified,2026-03-27,BA006585,9820005175
A005815,S05815,Merit Scholarship,13344,Verified,2026-03-16,BA006586,9820005176
A005816,S05816,Minority Welfare,18244,Verified,2026-03-16,BA006587,9820005177
A005817,S05817,Minority Welfare,10488,Verified,2026-03-13,BA006588,9820005178
A005818,S05818,Post-Matric Technical,18322,Verified,2026-03-15,BA006589,9820005179
A005819,S05819,Post-Matric Technical,9446,Verified,2026-03-27,BA006590,9820005180
A005820,S05820,Minority Welfare,15858,Verified,2026-03-10,BA006591,9820005181
A005821,S05821,SC/ST Welfare Scheme,20802,Verified,2026-03-12,BA006592,9820005182
A005822,S05822,Minority Welfare,16574,Verified,2026-03-22,BA006593,9820005183
A005823,S05823,Post-Matric Technical,13299,Verified,2026-03-14,BA006594,9820005184
A005824,S05824,SC/ST Welfare Scheme,19948,Verified,2026-03-11,BA006595,9820005185
A005825,S05825,SC/ST Welfare Scheme,19442,Verified,2026-03-12,BA006596,9820005186
A005826,S05826,Post-Matric Technical,16285,Verified,2026-03-22,BA006597,9820005187
A005827,S05827,SC/ST Welfare Scheme,18538,Verified,2026-03-28,BA006598,9820005188
A005828,S05828,SC/ST Welfare Scheme,12988,Verified,2026-03-10,BA006599,9820005189
A005829,S05829,SC/ST Welfare Scheme,10064,Verified,2026-03-24,BA006600,9820005190
A005830,S05830,Girl Child Assistance,8103,Verified,2026-03-15,BA006601,9820005191
A005831,S05831,Post-Matric Technical,18781,Verified,2026-03-26,BA006602,9820005192
A005832,S05832,Minority Welfare,19847,Verified,2026-03-11,BA006603,9820005193
A005833,S05833,Girl Child Assistance,13697,Verified,2026-03-24,BA006604,9820005194
A005834,S05834,Merit Scholarship,13827,Verified,2026-03-25,BA006605,9820005195
A005835,S05835,Minority Welfare,14342,Verified,2026-03-23,BA006606,9820005196
A005836,S05836,Girl Child Assistance,10423,Verified,2026-03-15,BA006607,9820005197
A005837,S05837,SC/ST Welfare Scheme,16518,Verified,2026-03-21,BA006608,9820005198
A005838,S05838,Minority Welfare,17286,Verified,2026-03-19,BA006609,9820005199
A005839,S05839,Post-Matric Technical,18103,Verified,2026-03-15,BA006610,9820005200
A005840,S05840,SC/ST Welfare Scheme,18154,Verified,2026-03-23,BA006611,9820005201
A005841,S05841,SC/ST Welfare Scheme,24115,Verified,2026-03-21,BA006612,9820005202
A005842,S05842,Girl Child Assistance,10064,Verified,2026-03-28,BA006613,9820005203
A005843,S05843,SC/ST Welfare Scheme,20000,Verified,2026-03-25,BA006614,9820005204
A005844,S05844,Girl Child Assistance,13875,Verified,2026-03-10,BA006615,9820005205
A005845,S05845,Minority Welfare,15613,Verified,2026-03-20,BA006616,9820005206
A005846,S05846,Minority Welfare,9800,Verified,2026-03-15,BA006617,9820005207
A005847,S05847,Girl Child Assistance,8994,Verified,2026-03-20,BA006618,9820005208
A005848,S05848,Girl Child Assistance,7750,Verified,2026-03-20,BA006619,9820005209
A005849,S05849,SC/ST Welfare Scheme,13663,Verified,2026-03-17,BA006620,9820005210
A005850,S05850,SC/ST Welfare Scheme,13651,Verified,2026-03-21,BA006621,9820005211
A005851,S05851,Post-Matric Technical,10077,Verified,2026-03-27,BA006622,9820005212
A005852,S05852,Girl Child Assistance,9352,Verified,2026-03-23,BA006623,9820005213
A005853,S05853,Merit Scholarship,21235,Verified,2026-03-20,BA006624,9820005214
A005854,S05854,Girl Child Assistance,7229,Verified,2026-03-21,BA006625,9820005215
A005855,S05855,Minority Welfare,10753,Verified,2026-03-12,BA006626,9820005216
A005856,S05856,Merit Scholarship,29869,Verified,2026-03-23,BA006627,9820005217
A005857,S05857,Post-Matric Technical,10956,Verified,2026-03-20,BA006628,9820005218
A005858,S05858,Minority Welfare,15255,Verified,2026-03-28,BA006629,9820005219
A005859,S05859,Post-Matric Technical,14980,Verified,2026-03-13,BA006630,9820005220
A005860,S05860,Girl Child Assistance,13429,Verified,2026-03-21,BA006631,9820005221
A005861,S05861,Post-Matric Technical,19752,Verified,2026-03-13,BA006632,9820005222
A005862,S05862,SC/ST Welfare Scheme,18580,Verified,2026-03-15,BA006633,9820005223
A005863,S05863,Merit Scholarship,20481,Verified,2026-03-21,BA006634,9820005224
A005864,S05864,Post-Matric Technical,18215,Verified,2026-03-21,BA006635,9820005225
A005865,S05865,SC/ST Welfare Scheme,13977,Verified,2026-03-27,BA006636,9820005226
A005866,S05866,Post-Matric Technical,19319,Verified,2026-03-12,BA006637,9820005227
A005867,S05867,Post-Matric Technical,12852,Verified,2026-03-15,BA006638,9820005228
A005868,S05868,Post-Matric Technical,17244,Verified,2026-03-25,BA006639,9820005229
A005869,S05869,Girl Child Assistance,8572,Verified,2026-03-15,BA006640,9820005230
A005870,S05870,Girl Child Assistance,11252,Verified,2026-03-19,BA006641,9820005231
A005871,S05871,Girl Child Assistance,9893,Verified,2026-03-25,BA006642,9820005232
A005872,S05872,SC/ST Welfare Scheme,10243,Verified,2026-03-15,BA006643,9820005233
A005873,S05873,SC/ST Welfare Scheme,13656,Verified,2026-03-13,BA006644,9820005234
A005874,S05874,SC/ST Welfare Scheme,23756,Verified,2026-03-20,BA006645,9820005235
A005875,S05875,Merit Scholarship,17350,Verified,2026-03-15,BA006646,9820005236
A005876,S05876,SC/ST Welfare Scheme,20096,Verified,2026-03-23,BA006647,9820005237
A005877,S05877,Minority Welfare,10689,Verified,2026-03-11,BA006648,9820005238
A005878,S05878,Minority Welfare,15089,Verified,2026-03-19,BA006649,9820005239
A005879,S05879,Post-Matric Technical,19370,Verified,2026-03-13,BA006650,9820005240
A005880,S05880,Girl Child Assistance,13716,Verified,2026-03-28,BA006651,9820005241
A005881,S05881,SC/ST Welfare Scheme,24933,Verified,2026-03-28,BA006652,9820005242
A005882,S05882,Minority Welfare,8902,Verified,2026-03-19,BA006653,9820005243
A005883,S05883,SC/ST Welfare Scheme,14212,Verified,2026-03-28,BA006654,9820005244
A005884,S05884,Post-Matric Technical,13999,Verified,2026-03-23,BA006655,9820005245
A005885,S05885,Merit Scholarship,28738,Verified,2026-03-27,BA006656,9820005246
A005886,S05886,Merit Scholarship,14693,Verified,2026-03-25,BA006657,9820005247
A005887,S05887,Girl Child Assistance,8792,Verified,2026-03-16,BA006658,9820005248
A005888,S05888,Minority Welfare,12118,Verified,2026-03-14,BA006659,9820005249
A005889,S05889,SC/ST Welfare Scheme,14506,Verified,2026-03-13,BA006660,9820005250
A005890,S05890,Minority Welfare,12874,Verified,2026-03-12,BA006661,9820005251
A005891,S05891,Post-Matric Technical,18760,Verified,2026-03-27,BA006662,9820005252
A005892,S05892,Minority Welfare,13594,Verified,2026-03-26,BA006663,9820005253
A005893,S05893,SC/ST Welfare Scheme,11435,Verified,2026-03-26,BA006664,9820005254
A005894,S05894,SC/ST Welfare Scheme,22537,Verified,2026-03-26,BA006665,9820005255
A005895,S05895,Merit Scholarship,28282,Verified,2026-03-27,BA006666,9820005256
A005896,S05896,Merit Scholarship,22458,Verified,2026-03-20,BA006667,9820005257
A005897,S05897,Minority Welfare,18247,Verified,2026-03-10,BA006668,9820005258
A005898,S05898,Girl Child Assistance,9269,Verified,2026-03-16,BA006669,9820005259
A005899,S05899,Merit Scholarship,19259,Verified,2026-03-14,BA006670,9820005260
A005900,S05900,Girl Child Assistance,10933,Verified,2026-03-26,BA006671,9820005261
A005901,S05901,Merit Scholarship,29684,Verified,2026-03-28,BA006672,9820005262
A005902,S05902,Merit Scholarship,17870,Verified,2026-03-25,BA006673,9820005263
A005903,S05903,Girl Child Assistance,13673,Verified,2026-03-12,BA006674,9820005264
A005904,S05904,Girl Child Assistance,11038,Verified,2026-03-26,BA006675,9820005265
A005905,S05905,SC/ST Welfare Scheme,14862,Verified,2026-03-10,BA006676,9820005266
A005906,S05906,Merit Scholarship,16509,Verified,2026-03-20,BA006677,9820005267
A005907,S05907,Merit Scholarship,27557,Verified,2026-03-17,BA006678,9820005268
A005908,S05908,Post-Matric Technical,13415,Verified,2026-03-21,BA006679,9820005269
A005909,S05909,Minority Welfare,10604,Verified,2026-03-16,BA006680,9820005270
A005910,S05910,Post-Matric Technical,18760,Verified,2026-03-26,BA006681,9820005271
A005911,S05911,Merit Scholarship,24569,Verified,2026-03-24,BA006682,9820005272
A005912,S05912,Minority Welfare,10616,Verified,2026-03-20,BA006683,9820005273
A005913,S05913,Post-Matric Technical,10259,Verified,2026-03-23,BA006684,9820005274
A005914,S05914,Girl Child Assistance,8845,Verified,2026-03-21,BA006685,9820005275
A005915,S05915,Minority Welfare,14291,Verified,2026-03-14,BA006686,9820005276
A005916,S05916,Post-Matric Technical,16212,Verified,2026-03-28,BA006687,9820005277
A005917,S05917,SC/ST Welfare Scheme,19787,Verified,2026-03-23,BA006688,9820005278
A005918,S05918,SC/ST Welfare Scheme,14453,Verified,2026-03-17,BA006689,9820005279
A005919,S05919,Post-Matric Technical,16015,Verified,2026-03-11,BA006690,9820005280
A005920,S05920,SC/ST Welfare Scheme,22652,Verified,2026-03-20,BA006691,9820005281
A005921,S05921,Merit Scholarship,13992,Verified,2026-03-26,BA006692,9820005282
A005922,S05922,Girl Child Assistance,13130,Verified,2026-03-21,BA006693,9820005283
A005923,S05923,Minority Welfare,17411,Verified,2026-03-28,BA006694,9820005284
A005924,S05924,SC/ST Welfare Scheme,16301,Verified,2026-03-26,BA006695,9820005285
A005925,S05925,Post-Matric Technical,17560,Verified,2026-03-23,BA006696,9820005286
A005926,S05926,SC/ST Welfare Scheme,18682,Verified,2026-03-10,BA006697,9820005287
A005927,S05927,Girl Child Assistance,13931,Verified,2026-03-17,BA006698,9820005288
A005928,S05928,Post-Matric Technical,12544,Verified,2026-03-24,BA006699,9820005289
A005929,S05929,Girl Child Assistance,13566,Verified,2026-03-27,BA006700,9820005290
A005930,S05930,SC/ST Welfare Scheme,14025,Verified,2026-03-22,BA006701,9820005291
A005931,S05931,Merit Scholarship,17167,Verified,2026-03-28,BA006702,9820005292
A005932,S05932,Minority Welfare,14350,Verified,2026-03-28,BA006703,9820005293
A005933,S05933,Girl Child Assistance,8553,Verified,2026-03-11,BA006704,9820005294
A005934,S05934,Merit Scholarship,25503,Verified,2026-03-24,BA006705,9820005295
A005935,S05935,Minority Welfare,13653,Verified,2026-03-15,BA006706,9820005296
A005936,S05936,Merit Scholarship,26500,Verified,2026-03-25,BA006707,9820005297
A005937,S05937,Post-Matric Technical,21820,Verified,2026-03-22,BA006708,9820005298
A005938,S05938,Girl Child Assistance,14458,Verified,2026-03-20,BA006709,9820005299
A005939,S05939,Merit Scholarship,15824,Verified,2026-03-15,BA006710,9820005300
A005940,S05940,Girl Child Assistance,7998,Verified,2026-03-12,BA006711,9820005301
A005941,S05941,Post-Matric Technical,16149,Verified,2026-03-26,BA006712,9820005302
A005942,S05942,Merit Scholarship,25944,Verified,2026-03-17,BA006713,9820005303
A005943,S05943,Minority Welfare,18340,Verified,2026-03-22,BA006714,9820005304
A005944,S05944,Merit Scholarship,22707,Verified,2026-03-18,BA006715,9820005305
A005945,S05945,Post-Matric Technical,10370,Verified,2026-03-26,BA006716,9820005306
A005946,S05946,SC/ST Welfare Scheme,15657,Verified,2026-03-20,BA006717,9820005307
A005947,S05947,SC/ST Welfare Scheme,16140,Verified,2026-03-15,BA006718,9820005308
A005948,S05948,SC/ST Welfare Scheme,21244,Verified,2026-03-16,BA006719,9820005309
A005949,S05949,Minority Welfare,15366,Verified,2026-03-23,BA006720,9820005310
A005950,S05950,Minority Welfare,11199,Verified,2026-03-11,BA006721,9820005311
A005951,S05951,SC/ST Welfare Scheme,17358,Verified,2026-03-23,BA006722,9820005312
A005952,S05952,Minority Welfare,17993,Verified,2026-03-12,BA006723,9820005313
A005953,S05953,Post-Matric Technical,17226,Verified,2026-03-18,BA006724,9820005314
A005954,S05954,Post-Matric Technical,19375,Verified,2026-03-24,BA006725,9820005315
A005955,S05955,Minority Welfare,11522,Verified,2026-03-14,BA006726,9820005316
A005956,S05956,Post-Matric Technical,19347,Verified,2026-03-19,BA006727,9820005317
A005957,S05957,Girl Child Assistance,12305,Verified,2026-03-11,BA006728,9820005318
A005958,S05958,Merit Scholarship,25622,Verified,2026-03-20,BA006729,9820005319
A005959,S05959,Minority Welfare,13454,Verified,2026-03-17,BA006730,9820005320
A005960,S05960,Girl Child Assistance,14891,Verified,2026-03-23,BA006731,9820005321
A005961,S05961,SC/ST Welfare Scheme,18964,Verified,2026-03-10,BA006732,9820005322
A005962,S05962,Post-Matric Technical,14987,Verified,2026-03-24,BA006733,9820005323
A005963,S05963,SC/ST Welfare Scheme,20431,Verified,2026-03-22,BA006734,9820005324
A005964,S05964,Minority Welfare,9853,Verified,2026-03-21,BA006735,9820005325
A005965,S05965,Post-Matric Technical,19446,Verified,2026-03-21,BA006736,9820005326
A005966,S05966,Girl Child Assistance,7315,Verified,2026-03-27,BA006737,9820005327
A005967,S05967,Girl Child Assistance,8845,Verified,2026-03-14,BA006738,9820005328
A005968,S05968,Post-Matric Technical,15767,Verified,2026-03-16,BA006739,9820005329
A005969,S05969,Minority Welfare,11708,Verified,2026-03-13,BA006740,9820005330
A005970,S05970,Merit Scholarship,27589,Verified,2026-03-12,BA006741,9820005331
A005971,S05971,Minority Welfare,12215,Verified,2026-03-22,BA006742,9820005332
A005972,S05972,Girl Child Assistance,13111,Verified,2026-03-12,BA006743,9820005333
A005973,S05973,Minority Welfare,16721,Verified,2026-03-19,BA006744,9820005334
A005974,S05974,Girl Child Assistance,11163,Verified,2026-03-28,BA006745,9820005335
A005975,S05975,SC/ST Welfare Scheme,15649,Verified,2026-03-19,BA006746,9820005336
A005976,S05976,Minority Welfare,18423,Verified,2026-03-28,BA006747,9820005337
A005977,S05977,Post-Matric Technical,19631,Verified,2026-03-11,BA006748,9820005338
A005978,S05978,Girl Child Assistance,11870,Verified,2026-03-15,BA006749,9820005339
A005979,S05979,Minority Welfare,10094,Verified,2026-03-21,BA006750,9820005340
A005980,S05980,SC/ST Welfare Scheme,21357,Verified,2026-03-16,BA006751,9820005341
A005981,S05981,Minority Welfare,16019,Verified,2026-03-11,BA006752,9820005342
A005982,S05982,Merit Scholarship,19786,Verified,2026-03-16,BA006753,9820005343
A005983,S05983,Minority Welfare,13567,Verified,2026-03-23,BA006754,9820005344
A005984,S05984,Post-Matric Technical,12784,Verified,2026-03-20,BA006755,9820005345
A005985,S05985,Girl Child Assistance,13357,Verified,2026-03-15,BA006756,9820005346
A005986,S05986,Post-Matric Technical,21758,Verified,2026-03-16,BA006757,9820005347
A005987,S05987,Minority Welfare,19834,Verified,2026-03-25,BA006758,9820005348
A005988,S05988,Post-Matric Technical,15504,Verified,2026-03-24,BA006759,9820005349
A005989,S05989,Post-Matric Technical,18712,Verified,2026-03-13,BA006760,9820005350
A005990,S05990,SC/ST Welfare Scheme,24110,Verified,2026-03-18,BA006761,9820005351
A005991,S05991,Girl Child Assistance,12220,Verified,2026-03-27,BA006762,9820005352
A005992,S05992,Minority Welfare,14441,Verified,2026-03-10,BA006763,9820005353
A005993,S05993,Minority Welfare,10813,Verified,2026-03-14,BA006764,9820005354
A005994,S05994,Post-Matric Technical,16212,Verified,2026-03-17,BA006765,9820005355
A005995,S05995,SC/ST Welfare Scheme,17605,Verified,2026-03-19,BA006766,9820005356
A005996,S05996,Post-Matric Technical,19620,Verified,2026-03-19,BA006767,9820005357
A005997,S05997,SC/ST Welfare Scheme,12867,Verified,2026-03-21,BA006768,9820005358
A005998,S05998,Minority Welfare,15483,Verified,2026-03-21,BA006769,9820005359
A005999,S05999,Post-Matric Technical,20781,Verified,2026-03-22,BA006770,9820005360
A006000,S06000,Post-Matric Technical,20662,Verified,2026-03-14,BA006771,9820005361
A006001,S06001,Post-Matric Technical,13172,Verified,2026-03-25,BA006772,9820005362
A006002,S06002,SC/ST Welfare Scheme,21048,Verified,2026-03-18,BA006773,9820005363
A006003,S06003,SC/ST Welfare Scheme,24448,Verified,2026-03-12,BA006774,9820005364
A006004,S06004,Post-Matric Technical,18706,Verified,2026-03-16,BA006775,9820005365
A006005,S06005,Merit Scholarship,16213,Verified,2026-03-13,BA006776,9820005366
A006006,S06006,Girl Child Assistance,10448,Verified,2026-03-10,BA006777,9820005367
A006007,S06007,Post-Matric Technical,14016,Verified,2026-03-12,BA006778,9820005368
A006008,S06008,Girl Child Assistance,13830,Verified,2026-03-22,BA006779,9820005369
A006009,S06009,Merit Scholarship,27102,Verified,2026-03-19,BA006780,9820005370
A006010,S06010,Minority Welfare,10987,Verified,2026-03-21,BA006781,9820005371
A006011,S06011,Post-Matric Technical,15944,Verified,2026-03-20,BA006782,9820005372
A006012,S06012,Merit Scholarship,22804,Verified,2026-03-18,BA006783,9820005373
A006013,S06013,Minority Welfare,13468,Verified,2026-03-10,BA006784,9820005374
A006014,S06014,Merit Scholarship,28548,Verified,2026-03-24,BA006785,9820005375
A006015,S06015,SC/ST Welfare Scheme,18442,Verified,2026-03-25,BA006786,9820005376
A006016,S06016,Minority Welfare,16901,Verified,2026-03-25,BA006787,9820005377
A006017,S06017,SC/ST Welfare Scheme,20900,Verified,2026-03-22,BA006788,9820005378
A006018,S06018,Post-Matric Technical,20300,Verified,2026-03-17,BA006789,9820005379
A006019,S06019,SC/ST Welfare Scheme,22194,Verified,2026-03-17,BA006790,9820005380
A006020,S06020,Minority Welfare,15515,Verified,2026-03-14,BA006791,9820005381
A006021,S06021,SC/ST Welfare Scheme,10807,Verified,2026-03-17,BA006792,9820005382
A006022,S06022,Post-Matric Technical,10555,Verified,2026-03-11,BA006793,9820005383
A006023,S06023,Merit Scholarship,19138,Verified,2026-03-18,BA006794,9820005384
A006024,S06024,SC/ST Welfare Scheme,11857,Verified,2026-03-25,BA006795,9820005385
A006025,S06025,Minority Welfare,14510,Verified,2026-03-22,BA006796,9820005386
A006026,S06026,SC/ST Welfare Scheme,18326,Verified,2026-03-25,BA006797,9820005387
A006027,S06027,SC/ST Welfare Scheme,17622,Verified,2026-03-28,BA006798,9820005388
A006028,S06028,Girl Child Assistance,7549,Verified,2026-03-11,BA006799,9820005389
A006029,S06029,Minority Welfare,18638,Verified,2026-03-16,BA006800,9820005390
A006030,S06030,Girl Child Assistance,14955,Verified,2026-03-28,BA006801,9820005391
A006031,S06031,Merit Scholarship,13628,Verified,2026-03-20,BA006802,9820005392
A006032,S06032,SC/ST Welfare Scheme,16668,Verified,2026-03-21,BA006803,9820005393
A006033,S06033,Minority Welfare,12074,Verified,2026-03-28,BA006804,9820005394
A006034,S06034,Merit Scholarship,17393,Verified,2026-03-28,BA006805,9820005395
A006035,S06035,SC/ST Welfare Scheme,21382,Verified,2026-03-28,BA006806,9820005396
A006036,S06036,Minority Welfare,13257,Verified,2026-03-22,BA006807,9820005397
A006037,S06037,Minority Welfare,11132,Verified,2026-03-19,BA006808,9820005398
A006038,S06038,Merit Scholarship,22871,Verified,2026-03-28,BA006809,9820005399
A006039,S06039,Merit Scholarship,20242,Verified,2026-03-15,BA006810,9820005400
A006040,S06040,Minority Welfare,18379,Verified,2026-03-14,BA006811,9820005401
A006041,S06041,Post-Matric Technical,16869,Verified,2026-03-25,BA006812,9820005402
A006042,S06042,Girl Child Assistance,8112,Verified,2026-03-25,BA006813,9820005403
A006043,S06043,Merit Scholarship,25822,Verified,2026-03-17,BA006814,9820005404
A006044,S06044,Merit Scholarship,14631,Verified,2026-03-23,BA006815,9820005405
A006045,S06045,Post-Matric Technical,20306,Verified,2026-03-27,BA006816,9820005406
A006046,S06046,Minority Welfare,19408,Verified,2026-03-24,BA006817,9820005407
A006047,S06047,Post-Matric Technical,18913,Verified,2026-03-12,BA006818,9820005408
A006048,S06048,Post-Matric Technical,11080,Verified,2026-03-15,BA006819,9820005409
A006049,S06049,Minority Welfare,8001,Verified,2026-03-10,BA006820,9820005410
A006050,S06050,Girl Child Assistance,14357,Verified,2026-03-20,BA006821,9820005411
A006051,S06051,Girl Child Assistance,10985,Verified,2026-03-18,BA006822,9820005412
A006052,S06052,Minority Welfare,14597,Verified,2026-03-26,BA006823,9820005413
A006053,S06053,SC/ST Welfare Scheme,24067,Verified,2026-03-19,BA006824,9820005414
A006054,S06054,Post-Matric Technical,13270,Verified,2026-03-23,BA006825,9820005415
A006055,S06055,Girl Child Assistance,9119,Verified,2026-03-12,BA006826,9820005416
A006056,S06056,SC/ST Welfare Scheme,22457,Verified,2026-03-10,BA006827,9820005417
A006057,S06057,SC/ST Welfare Scheme,19340,Verified,2026-03-14,BA006828,9820005418
A006058,S06058,SC/ST Welfare Scheme,19100,Verified,2026-03-14,BA006829,9820005419
A006059,S06059,Merit Scholarship,27067,Verified,2026-03-28,BA006830,9820005420
A006060,S06060,Post-Matric Technical,21399,Verified,2026-03-17,BA006831,9820005421
A006061,S06061,Minority Welfare,14529,Verified,2026-03-26,BA006832,9820005422
A006062,S06062,Merit Scholarship,29646,Verified,2026-03-13,BA006833,9820005423
A006063,S06063,Minority Welfare,11814,Verified,2026-03-21,BA006834,9820005424
A006064,S06064,Girl Child Assistance,10308,Verified,2026-03-10,BA006835,9820005425
A006065,S06065,SC/ST Welfare Scheme,17597,Verified,2026-03-14,BA006836,9820005426
A006066,S06066,Post-Matric Technical,16214,Verified,2026-03-24,BA006837,9820005427
A006067,S06067,Post-Matric Technical,18974,Verified,2026-03-11,BA006838,9820005428
A006068,S06068,SC/ST Welfare Scheme,13531,Verified,2026-03-25,BA006839,9820005429
A006069,S06069,Minority Welfare,10480,Verified,2026-03-18,BA006840,9820005430
A006070,S06070,SC/ST Welfare Scheme,18790,Verified,2026-03-23,BA006841,9820005431
A006071,S06071,Girl Child Assistance,10301,Verified,2026-03-16,BA006842,9820005432
A006072,S06072,Post-Matric Technical,11291,Verified,2026-03-27,BA006843,9820005433
A006073,S06073,SC/ST Welfare Scheme,19646,Verified,2026-03-26,BA006844,9820005434
A006074,S06074,Girl Child Assistance,7134,Verified,2026-03-20,BA006845,9820005435
A006075,S06075,Merit Scholarship,27983,Verified,2026-03-21,BA006846,9820005436
A006076,S06076,SC/ST Welfare Scheme,16418,Verified,2026-03-13,BA006847,9820005437
A006077,S06077,Girl Child Assistance,10516,Verified,2026-03-19,BA006848,9820005438
A006078,S06078,SC/ST Welfare Scheme,18139,Verified,2026-03-10,BA006849,9820005439
A006079,S06079,Merit Scholarship,19970,Verified,2026-03-27,BA006850,9820005440
A006080,S06080,SC/ST Welfare Scheme,19737,Verified,2026-03-10,BA006851,9820005441
A006081,S06081,Merit Scholarship,12828,Verified,2026-03-22,BA006852,9820005442
A006082,S06082,Girl Child Assistance,14085,Verified,2026-03-14,BA006853,9820005443
A006083,S06083,Post-Matric Technical,19076,Verified,2026-03-19,BA006854,9820005444
A006084,S06084,Girl Child Assistance,10293,Verified,2026-03-28,BA006855,9820005445
A006085,S06085,Minority Welfare,8217,Verified,2026-03-21,BA006856,9820005446
A006086,S06086,Merit Scholarship,14087,Verified,2026-03-14,BA006857,9820005447
A006087,S06087,Merit Scholarship,24312,Verified,2026-03-28,BA006858,9820005448
A006088,S06088,Merit Scholarship,29021,Verified,2026-03-28,BA006859,9820005449
A006089,S06089,Minority Welfare,9224,Verified,2026-03-26,BA006860,9820005450
A006090,S06090,Merit Scholarship,15144,Verified,2026-03-14,BA006861,9820005451
A006091,S06091,Girl Child Assistance,14665,Verified,2026-03-27,BA006862,9820005452
A006092,S06092,SC/ST Welfare Scheme,15043,Verified,2026-03-24,BA006863,9820005453
A006093,S06093,Post-Matric Technical,14014,Verified,2026-03-26,BA006864,9820005454
A006094,S06094,Post-Matric Technical,15087,Verified,2026-03-22,BA006865,9820005455
A006095,S06095,SC/ST Welfare Scheme,24574,Verified,2026-03-17,BA006866,9820005456
A006096,S06096,SC/ST Welfare Scheme,15716,Verified,2026-03-10,BA006867,9820005457
A006097,S06097,SC/ST Welfare Scheme,14073,Verified,2026-03-28,BA006868,9820005458
A006098,S06098,Post-Matric Technical,18725,Verified,2026-03-11,BA006869,9820005459
A006099,S06099,Merit Scholarship,12881,Verified,2026-03-14,BA006870,9820005460
A006100,S06100,SC/ST Welfare Scheme,21068,Verified,2026-03-17,BA006871,9820005461
A006101,S06101,Girl Child Assistance,8574,Verified,2026-03-27,BA006872,9820005462
A006102,S06102,Minority Welfare,10662,Verified,2026-03-17,BA006873,9820005463
A006103,S06103,Merit Scholarship,26515,Verified,2026-03-18,BA006874,9820005464
A006104,S06104,SC/ST Welfare Scheme,22253,Verified,2026-03-20,BA006875,9820005465
A006105,S06105,SC/ST Welfare Scheme,17686,Verified,2026-03-21,BA006876,9820005466
A006106,S06106,SC/ST Welfare Scheme,22227,Verified,2026-03-20,BA006877,9820005467
A006107,S06107,Merit Scholarship,21242,Verified,2026-03-26,BA006878,9820005468
A006108,S06108,SC/ST Welfare Scheme,16657,Verified,2026-03-12,BA006879,9820005469
A006109,S06109,Merit Scholarship,24808,Verified,2026-03-23,BA006880,9820005470
A006110,S06110,SC/ST Welfare Scheme,16537,Verified,2026-03-17,BA006881,9820005471
A006111,S06111,Post-Matric Technical,13514,Verified,2026-03-19,BA006882,9820005472
A006112,S06112,Girl Child Assistance,10514,Verified,2026-03-18,BA006883,9820005473
A006113,S06113,Merit Scholarship,19657,Verified,2026-03-22,BA006884,9820005474
A006114,S06114,Merit Scholarship,23821,Verified,2026-03-12,BA006885,9820005475
A006115,S06115,SC/ST Welfare Scheme,14743,Verified,2026-03-25,BA006886,9820005476
A006116,S06116,Girl Child Assistance,8439,Verified,2026-03-17,BA006887,9820005477
A006117,S06117,Merit Scholarship,29900,Verified,2026-03-20,BA006888,9820005478
A006118,S06118,SC/ST Welfare Scheme,21553,Verified,2026-03-20,BA006889,9820005479
A006119,S06119,Post-Matric Technical,18415,Verified,2026-03-23,BA006890,9820005480
A006120,S06120,Post-Matric Technical,9910,Verified,2026-03-22,BA006891,9820005481
A006121,S06121,SC/ST Welfare Scheme,15468,Verified,2026-03-20,BA006892,9820005482
A006122,S06122,Minority Welfare,15077,Verified,2026-03-17,BA006893,9820005483
A006123,S06123,Merit Scholarship,24472,Verified,2026-03-18,BA006894,9820005484
A006124,S06124,Minority Welfare,10936,Verified,2026-03-10,BA006895,9820005485
A006125,S06125,Girl Child Assistance,7627,Verified,2026-03-21,BA006896,9820005486
A006126,S06126,Post-Matric Technical,10452,Verified,2026-03-16,BA006897,9820005487
A006127,S06127,Girl Child Assistance,12262,Verified,2026-03-13,BA006898,9820005488
A006128,S06128,SC/ST Welfare Scheme,24043,Verified,2026-03-21,BA006899,9820005489
A006129,S06129,Girl Child Assistance,10228,Verified,2026-03-23,BA006900,9820005490
A006130,S06130,Merit Scholarship,14247,Verified,2026-03-22,BA006901,9820005491
A006131,S06131,Post-Matric Technical,16465,Verified,2026-03-10,BA006902,9820005492
A006132,S06132,SC/ST Welfare Scheme,20862,Verified,2026-03-10,BA006903,9820005493
A006133,S06133,SC/ST Welfare Scheme,18409,Verified,2026-03-25,BA006904,9820005494
A006134,S06134,Minority Welfare,15487,Verified,2026-03-15,BA006905,9820005495
A006135,S06135,Minority Welfare,18633,Verified,2026-03-22,BA006906,9820005496
A006136,S06136,SC/ST Welfare Scheme,23817,Verified,2026-03-14,BA006907,9820005497
A006137,S06137,SC/ST Welfare Scheme,24559,Verified,2026-03-16,BA006908,9820005498
A006138,S06138,Minority Welfare,12849,Verified,2026-03-14,BA006909,9820005499
A006139,S06139,Merit Scholarship,12362,Verified,2026-03-20,BA006910,9820005500
A006140,S06140,Minority Welfare,9128,Verified,2026-03-12,BA006911,9820005501
A006141,S06141,SC/ST Welfare Scheme,24503,Verified,2026-03-15,BA006912,9820005502
A006142,S06142,Minority Welfare,12255,Verified,2026-03-16,BA006913,9820005503
A006143,S06143,Girl Child Assistance,8369,Verified,2026-03-14,BA006914,9820005504
A006144,S06144,SC/ST Welfare Scheme,20201,Verified,2026-03-24,BA006915,9820005505
A006145,S06145,SC/ST Welfare Scheme,13082,Verified,2026-03-23,BA006916,9820005506
A006146,S06146,Post-Matric Technical,10282,Verified,2026-03-15,BA006917,9820005507
A006147,S06147,Minority Welfare,19145,Verified,2026-03-18,BA006918,9820005508
A006148,S06148,Girl Child Assistance,13208,Verified,2026-03-20,BA006919,9820005509
A006149,S06149,Girl Child Assistance,9965,Verified,2026-03-14,BA006920,9820005510
A006150,S06150,Merit Scholarship,23128,Verified,2026-03-15,BA006921,9820005511
A006151,S06151,Minority Welfare,19858,Verified,2026-03-28,BA006922,9820005512
A006152,S06152,Post-Matric Technical,10726,Verified,2026-03-10,BA006923,9820005513
A006153,S06153,Merit Scholarship,16583,Verified,2026-03-16,BA006924,9820005514
A006154,S06154,Minority Welfare,10234,Verified,2026-03-16,BA006925,9820005515
A006155,S06155,SC/ST Welfare Scheme,16757,Verified,2026-03-14,BA006926,9820005516
A006156,S06156,Minority Welfare,12369,Verified,2026-03-20,BA006927,9820005517
A006157,S06157,Post-Matric Technical,19467,Verified,2026-03-21,BA006928,9820005518
A006158,S06158,Girl Child Assistance,12620,Verified,2026-03-22,BA006929,9820005519
A006159,S06159,SC/ST Welfare Scheme,22060,Verified,2026-03-28,BA006930,9820005520
A006160,S06160,SC/ST Welfare Scheme,12883,Verified,2026-03-16,BA006931,9820005521
A006161,S06161,SC/ST Welfare Scheme,12648,Verified,2026-03-22,BA006932,9820005522
A006162,S06162,Minority Welfare,17556,Verified,2026-03-17,BA006933,9820005523
A006163,S06163,Girl Child Assistance,11593,Verified,2026-03-23,BA006934,9820005524
A006164,S06164,Girl Child Assistance,11665,Verified,2026-03-13,BA006935,9820005525
A006165,S06165,Post-Matric Technical,9143,Verified,2026-03-11,BA006936,9820005526
A006166,S06166,SC/ST Welfare Scheme,16495,Verified,2026-03-16,BA006937,9820005527
A006167,S06167,Minority Welfare,15090,Verified,2026-03-27,BA006938,9820005528
A006168,S06168,SC/ST Welfare Scheme,24971,Verified,2026-03-12,BA006939,9820005529
A006169,S06169,Post-Matric Technical,16563,Verified,2026-03-16,BA006940,9820005530
A006170,S06170,SC/ST Welfare Scheme,15794,Verified,2026-03-24,BA006941,9820005531
A006171,S06171,Minority Welfare,14788,Verified,2026-03-11,BA006942,9820005532
A006172,S06172,SC/ST Welfare Scheme,13097,Verified,2026-03-20,BA006943,9820005533
A006173,S06173,Minority Welfare,10765,Verified,2026-03-21,BA006944,9820005534
A006174,S06174,Minority Welfare,17036,Verified,2026-03-11,BA006945,9820005535
A006175,S06175,Girl Child Assistance,7017,Verified,2026-03-21,BA006946,9820005536
A006176,S06176,Merit Scholarship,20937,Verified,2026-03-15,BA006947,9820005537
A006177,S06177,Post-Matric Technical,14247,Verified,2026-03-18,BA006948,9820005538
A006178,S06178,Minority Welfare,14518,Verified,2026-03-10,BA006949,9820005539
A006179,S06179,Girl Child Assistance,8943,Verified,2026-03-28,BA006950,9820005540
A006180,S06180,Minority Welfare,17312,Verified,2026-03-13,BA006951,9820005541
A006181,S06181,Minority Welfare,10614,Verified,2026-03-27,BA006952,9820005542
A006182,S06182,Merit Scholarship,12501,Verified,2026-03-23,BA006953,9820005543
A006183,S06183,Merit Scholarship,18986,Verified,2026-03-17,BA006954,9820005544
A006184,S06184,SC/ST Welfare Scheme,10027,Verified,2026-03-27,BA006955,9820005545
A006185,S06185,Minority Welfare,15654,Verified,2026-03-12,BA006956,9820005546
A006186,S06186,Merit Scholarship,12242,Verified,2026-03-16,BA006957,9820005547
A006187,S06187,Girl Child Assistance,7573,Verified,2026-03-13,BA006958,9820005548
A006188,S06188,Girl Child Assistance,8293,Verified,2026-03-14,BA006959,9820005549
A006189,S06189,Merit Scholarship,22196,Verified,2026-03-28,BA006960,9820005550
A006190,S06190,Post-Matric Technical,16079,Verified,2026-03-25,BA006961,9820005551
A006191,S06191,Post-Matric Technical,11765,Verified,2026-03-15,BA006962,9820005552
A006192,S06192,Minority Welfare,13059,Verified,2026-03-26,BA006963,9820005553
A006193,S06193,Girl Child Assistance,14975,Verified,2026-03-24,BA006964,9820005554
A006194,S06194,Minority Welfare,16129,Verified,2026-03-10,BA006965,9820005555
A006195,S06195,SC/ST Welfare Scheme,12548,Verified,2026-03-19,BA006966,9820005556
A006196,S06196,Minority Welfare,14551,Verified,2026-03-16,BA006967,9820005557
A006197,S06197,Minority Welfare,10054,Verified,2026-03-22,BA006968,9820005558
A006198,S06198,Post-Matric Technical,10214,Verified,2026-03-15,BA006969,9820005559
A006199,S06199,SC/ST Welfare Scheme,17881,Verified,2026-03-23,BA006970,9820005560
A006200,S06200,Post-Matric Technical,15690,Verified,2026-03-16,BA006971,9820005561
A006201,S06201,Minority Welfare,10801,Verified,2026-03-23,BA006972,9820005562
A006202,S06202,Post-Matric Technical,10540,Verified,2026-03-27,BA006973,9820005563
A006203,S06203,Post-Matric Technical,18554,Verified,2026-03-20,BA006974,9820005564
A006204,S06204,Post-Matric Technical,18278,Verified,2026-03-20,BA006975,9820005565
A006205,S06205,Merit Scholarship,17561,Verified,2026-03-16,BA006976,9820005566
A006206,S06206,Girl Child Assistance,13527,Verified,2026-03-11,BA006977,9820005567
A006207,S06207,Merit Scholarship,14332,Verified,2026-03-12,BA006978,9820005568
A006208,S06208,Minority Welfare,13941,Verified,2026-03-28,BA006979,9820005569
A006209,S06209,Merit Scholarship,16822,Verified,2026-03-16,BA006980,9820005570
A006210,S06210,SC/ST Welfare Scheme,18862,Verified,2026-03-21,BA006981,9820005571
A006211,S06211,Minority Welfare,11991,Verified,2026-03-27,BA006982,9820005572
A006212,S06212,Girl Child Assistance,8281,Verified,2026-03-17,BA006983,9820005573
A006213,S06213,Minority Welfare,12189,Verified,2026-03-18,BA006984,9820005574
A006214,S06214,SC/ST Welfare Scheme,10380,Verified,2026-03-22,BA006985,9820005575
A006215,S06215,Girl Child Assistance,10596,Verified,2026-03-14,BA006986,9820005576
A006216,S06216,Girl Child Assistance,7038,Verified,2026-03-26,BA006987,9820005577
A006217,S06217,Minority Welfare,15176,Verified,2026-03-28,BA006988,9820005578
A006218,S06218,Merit Scholarship,21160,Verified,2026-03-28,BA006989,9820005579
A006219,S06219,SC/ST Welfare Scheme,19149,Verified,2026-03-10,BA006990,9820005580
A006220,S06220,SC/ST Welfare Scheme,16189,Verified,2026-03-28,BA006991,9820005581
A006221,S06221,Minority Welfare,15009,Verified,2026-03-17,BA006992,9820005582
A006222,S06222,Minority Welfare,19664,Verified,2026-03-19,BA006993,9820005583
A006223,S06223,Post-Matric Technical,20775,Verified,2026-03-20,BA006994,9820005584
A006224,S06224,Girl Child Assistance,9579,Verified,2026-03-25,BA006995,9820005585
A006225,S06225,Merit Scholarship,27691,Verified,2026-03-13,BA006996,9820005586
A006226,S06226,Girl Child Assistance,11947,Verified,2026-03-13,BA006997,9820005587
A006227,S06227,SC/ST Welfare Scheme,23543,Verified,2026-03-11,BA006998,9820005588
A006228,S06228,Minority Welfare,17700,Verified,2026-03-22,BA006999,9820005589
A006229,S06229,Merit Scholarship,23029,Verified,2026-03-23,BA007000,9820005590
A006230,S06230,Post-Matric Technical,16421,Verified,2026-03-13,BA007001,9820005591
A006231,S06231,Post-Matric Technical,20246,Verified,2026-03-24,BA007002,9820005592
A006232,S06232,Girl Child Assistance,14357,Verified,2026-03-24,BA007003,9820005593
A006233,S06233,Merit Scholarship,13003,Verified,2026-03-15,BA007004,9820005594
A006234,S06234,Minority Welfare,16375,Verified,2026-03-15,BA007005,9820005595
A006235,S06235,Merit Scholarship,24510,Verified,2026-03-28,BA007006,9820005596
A006236,S06236,SC/ST Welfare Scheme,14920,Verified,2026-03-28,BA007007,9820005597
A006237,S06237,Merit Scholarship,12236,Verified,2026-03-11,BA007008,9820005598
A006238,S06238,Merit Scholarship,19027,Verified,2026-03-10,BA007009,9820005599
A006239,S06239,Post-Matric Technical,15585,Verified,2026-03-27,BA007010,9820005600
A006240,S06240,Girl Child Assistance,11277,Verified,2026-03-25,BA007011,9820005601
A006241,S06241,Girl Child Assistance,10221,Verified,2026-03-14,BA007012,9820005602
A006242,S06242,SC/ST Welfare Scheme,23936,Verified,2026-03-19,BA007013,9820005603
A006243,S06243,Merit Scholarship,12838,Verified,2026-03-28,BA007014,9820005604
A006244,S06244,SC/ST Welfare Scheme,21482,Verified,2026-03-15,BA007015,9820005605
A006245,S06245,Merit Scholarship,19955,Verified,2026-03-24,BA007016,9820005606
A006246,S06246,SC/ST Welfare Scheme,21905,Verified,2026-03-11,BA007017,9820005607
A006247,S06247,SC/ST Welfare Scheme,15676,Verified,2026-03-22,BA007018,9820005608
A006248,S06248,SC/ST Welfare Scheme,15491,Verified,2026-03-24,BA007019,9820005609
A006249,S06249,Merit Scholarship,12579,Verified,2026-03-20,BA007020,9820005610
A006250,S06250,SC/ST Welfare Scheme,23243,Verified,2026-03-15,BA007021,9820005611
A006251,S06251,SC/ST Welfare Scheme,23872,Verified,2026-03-17,BA007022,9820005612
A006252,S06252,Girl Child Assistance,11224,Verified,2026-03-23,BA007023,9820005613
A006253,S06253,Girl Child Assistance,8319,Verified,2026-03-28,BA007024,9820005614
A006254,S06254,Minority Welfare,9057,Verified,2026-03-17,BA007025,9820005615
A006255,S06255,Girl Child Assistance,11013,Verified,2026-03-23,BA007026,9820005616
A006256,S06256,Girl Child Assistance,14173,Verified,2026-03-20,BA007027,9820005617
A006257,S06257,Minority Welfare,17794,Verified,2026-03-11,BA007028,9820005618
A006258,S06258,Post-Matric Technical,15470,Verified,2026-03-12,BA007029,9820005619
A006259,S06259,Girl Child Assistance,11806,Verified,2026-03-23,BA007030,9820005620
A006260,S06260,Post-Matric Technical,16498,Verified,2026-03-20,BA007031,9820005621
A006261,S06261,Girl Child Assistance,7813,Verified,2026-03-21,BA007032,9820005622
A006262,S06262,Girl Child Assistance,7788,Verified,2026-03-14,BA007033,9820005623
A006263,S06263,Post-Matric Technical,14537,Verified,2026-03-11,BA007034,9820005624
A006264,S06264,SC/ST Welfare Scheme,24236,Verified,2026-03-27,BA007035,9820005625
A006265,S06265,Post-Matric Technical,18404,Verified,2026-03-13,BA007036,9820005626
A006266,S06266,Post-Matric Technical,10658,Verified,2026-03-17,BA007037,9820005627
A006267,S06267,Girl Child Assistance,14608,Verified,2026-03-12,BA007038,9820005628
A006268,S06268,Post-Matric Technical,14860,Verified,2026-03-24,BA007039,9820005629
A006269,S06269,Minority Welfare,12861,Verified,2026-03-19,BA007040,9820005630
A006270,S06270,Minority Welfare,17729,Verified,2026-03-20,BA007041,9820005631
A006271,S06271,Girl Child Assistance,14634,Verified,2026-03-10,BA007042,9820005632
A006272,S06272,Girl Child Assistance,7558,Verified,2026-03-24,BA007043,9820005633
A006273,S06273,Merit Scholarship,22437,Verified,2026-03-25,BA007044,9820005634
A006274,S06274,Girl Child Assistance,10716,Verified,2026-03-28,BA007045,9820005635
A006275,S06275,Merit Scholarship,19806,Verified,2026-03-11,BA007046,9820005636
A006276,S06276,Minority Welfare,11070,Verified,2026-03-10,BA007047,9820005637
A006277,S06277,Girl Child Assistance,9624,Verified,2026-03-16,BA007048,9820005638
A006278,S06278,Post-Matric Technical,19896,Verified,2026-03-24,BA007049,9820005639
A006279,S06279,SC/ST Welfare Scheme,24600,Verified,2026-03-25,BA007050,9820005640
A006280,S06280,Girl Child Assistance,8675,Verified,2026-03-15,BA007051,9820005641
A006281,S06281,SC/ST Welfare Scheme,17802,Verified,2026-03-19,BA007052,9820005642
A006282,S06282,SC/ST Welfare Scheme,23460,Verified,2026-03-19,BA007053,9820005643
A006283,S06283,Girl Child Assistance,12582,Verified,2026-03-14,BA007054,9820005644
A006284,S06284,Minority Welfare,9416,Verified,2026-03-27,BA007055,9820005645
A006285,S06285,Minority Welfare,15949,Verified,2026-03-24,BA007056,9820005646
A006286,S06286,Minority Welfare,8298,Verified,2026-03-16,BA007057,9820005647
A006287,S06287,Minority Welfare,16282,Verified,2026-03-26,BA007058,9820005648
A006288,S06288,SC/ST Welfare Scheme,21516,Verified,2026-03-10,BA007059,9820005649
A006289,S06289,Post-Matric Technical,10517,Verified,2026-03-27,BA007060,9820005650
A006290,S06290,Merit Scholarship,21603,Verified,2026-03-12,BA007061,9820005651
A006291,S06291,Girl Child Assistance,12995,Verified,2026-03-23,BA007062,9820005652
A006292,S06292,Merit Scholarship,13738,Verified,2026-03-13,BA007063,9820005653
A006293,S06293,Girl Child Assistance,12668,Verified,2026-03-15,BA007064,9820005654
A006294,S06294,Minority Welfare,19276,Verified,2026-03-21,BA007065,9820005655
A006295,S06295,Minority Welfare,10947,Verified,2026-03-15,BA007066,9820005656
A006296,S06296,Minority Welfare,10344,Verified,2026-03-12,BA007067,9820005657
A006297,S06297,Merit Scholarship,22907,Verified,2026-03-21,BA007068,9820005658
A006298,S06298,SC/ST Welfare Scheme,13750,Verified,2026-03-12,BA007069,9820005659
A006299,S06299,Merit Scholarship,20606,Verified,2026-03-26,BA007070,9820005660
A006300,S06300,Merit Scholarship,28293,Verified,2026-03-16,BA007071,9820005661
A006301,S06301,Post-Matric Technical,10753,Verified,2026-03-16,BA007072,9820005662
A006302,S06302,SC/ST Welfare Scheme,15696,Verified,2026-03-28,BA007073,9820005663
A006303,S06303,Merit Scholarship,29185,Verified,2026-03-16,BA007074,9820005664
A006304,S06304,Post-Matric Technical,17714,Verified,2026-03-28,BA007075,9820005665
A006305,S06305,SC/ST Welfare Scheme,21211,Verified,2026-03-18,BA007076,9820005666
A006306,S06306,Girl Child Assistance,12615,Verified,2026-03-28,BA007077,9820005667
A006307,S06307,Merit Scholarship,16537,Verified,2026-03-26,BA007078,9820005668
A006308,S06308,Girl Child Assistance,7886,Verified,2026-03-22,BA007079,9820005669
A006309,S06309,Post-Matric Technical,19067,Verified,2026-03-11,BA007080,9820005670
A006310,S06310,Post-Matric Technical,16606,Verified,2026-03-26,BA007081,9820005671
A006311,S06311,Post-Matric Technical,10271,Verified,2026-03-11,BA007082,9820005672
A006312,S06312,Girl Child Assistance,12859,Verified,2026-03-23,BA007083,9820005673
A006313,S06313,SC/ST Welfare Scheme,15591,Verified,2026-03-23,BA007084,9820005674
A006314,S06314,Minority Welfare,10445,Verified,2026-03-21,BA007085,9820005675
A006315,S06315,Girl Child Assistance,7978,Verified,2026-03-18,BA007086,9820005676
A006316,S06316,SC/ST Welfare Scheme,24794,Verified,2026-03-11,BA007087,9820005677
A006317,S06317,Minority Welfare,15682,Verified,2026-03-20,BA007088,9820005678
A006318,S06318,Merit Scholarship,15837,Verified,2026-03-11,BA007089,9820005679
A006319,S06319,SC/ST Welfare Scheme,18656,Verified,2026-03-19,BA007090,9820005680
A006320,S06320,Merit Scholarship,23344,Verified,2026-03-27,BA007091,9820005681
A006321,S06321,Minority Welfare,11068,Verified,2026-03-25,BA007092,9820005682
A006322,S06322,SC/ST Welfare Scheme,13855,Verified,2026-03-27,BA007093,9820005683
A006323,S06323,Girl Child Assistance,14297,Verified,2026-03-19,BA007094,9820005684
A006324,S06324,Girl Child Assistance,7021,Verified,2026-03-13,BA007095,9820005685
A006325,S06325,SC/ST Welfare Scheme,13095,Verified,2026-03-28,BA007096,9820005686
A006326,S06326,Merit Scholarship,13446,Verified,2026-03-10,BA007097,9820005687
A006327,S06327,Minority Welfare,16876,Verified,2026-03-28,BA007098,9820005688
A006328,S06328,Post-Matric Technical,9496,Verified,2026-03-19,BA007099,9820005689
A006329,S06329,Post-Matric Technical,13318,Verified,2026-03-24,BA007100,9820005690
A006330,S06330,Merit Scholarship,13441,Verified,2026-03-22,BA007101,9820005691
A006331,S06331,Post-Matric Technical,21760,Verified,2026-03-11,BA007102,9820005692
A006332,S06332,Minority Welfare,13707,Verified,2026-03-11,BA007103,9820005693
A006333,S06333,SC/ST Welfare Scheme,23685,Verified,2026-03-11,BA007104,9820005694
A006334,S06334,SC/ST Welfare Scheme,22559,Verified,2026-03-20,BA007105,9820005695
A006335,S06335,Girl Child Assistance,14683,Verified,2026-03-13,BA007106,9820005696
A006336,S06336,SC/ST Welfare Scheme,21429,Verified,2026-03-13,BA007107,9820005697
A006337,S06337,SC/ST Welfare Scheme,18317,Verified,2026-03-15,BA007108,9820005698
A006338,S06338,SC/ST Welfare Scheme,22785,Verified,2026-03-15,BA007109,9820005699
A006339,S06339,Minority Welfare,14633,Verified,2026-03-21,BA007110,9820005700
A006340,S06340,Post-Matric Technical,9585,Verified,2026-03-10,BA007111,9820005701
A006341,S06341,Merit Scholarship,19822,Verified,2026-03-16,BA007112,9820005702
A006342,S06342,Girl Child Assistance,14950,Verified,2026-03-28,BA007113,9820005703
A006343,S06343,Minority Welfare,16613,Verified,2026-03-11,BA007114,9820005704
A006344,S06344,Post-Matric Technical,20298,Verified,2026-03-16,BA007115,9820005705
A006345,S06345,Minority Welfare,16806,Verified,2026-03-18,BA007116,9820005706
A006346,S06346,SC/ST Welfare Scheme,18874,Verified,2026-03-12,BA007117,9820005707
A006347,S06347,SC/ST Welfare Scheme,16601,Verified,2026-03-18,BA007118,9820005708
A006348,S06348,Post-Matric Technical,16981,Verified,2026-03-11,BA007119,9820005709
A006349,S06349,Minority Welfare,17463,Verified,2026-03-17,BA007120,9820005710
A006350,S06350,Minority Welfare,15665,Verified,2026-03-20,BA007121,9820005711
A006351,S06351,Girl Child Assistance,7948,Verified,2026-03-26,BA007122,9820005712
A006352,S06352,Merit Scholarship,15287,Verified,2026-03-12,BA007123,9820005713
A006353,S06353,Merit Scholarship,19780,Verified,2026-03-10,BA007124,9820005714
A006354,S06354,Post-Matric Technical,11205,Verified,2026-03-26,BA007125,9820005715
A006355,S06355,Girl Child Assistance,10538,Verified,2026-03-16,BA007126,9820005716
A006356,S06356,SC/ST Welfare Scheme,12778,Verified,2026-03-15,BA007127,9820005717
A006357,S06357,Girl Child Assistance,8971,Verified,2026-03-11,BA007128,9820005718
A006358,S06358,SC/ST Welfare Scheme,19040,Verified,2026-03-24,BA007129,9820005719
A006359,S06359,SC/ST Welfare Scheme,23808,Verified,2026-03-17,BA007130,9820005720
A006360,S06360,Girl Child Assistance,12937,Verified,2026-03-15,BA007131,9820005721
A006361,S06361,Post-Matric Technical,12078,Verified,2026-03-14,BA007132,9820005722
A006362,S06362,Merit Scholarship,15073,Verified,2026-03-13,BA007133,9820005723
A006363,S06363,Minority Welfare,13232,Verified,2026-03-24,BA007134,9820005724
A006364,S06364,Girl Child Assistance,7147,Verified,2026-03-11,BA007135,9820005725
A006365,S06365,Merit Scholarship,29942,Verified,2026-03-28,BA007136,9820005726
A006366,S06366,Merit Scholarship,15569,Verified,2026-03-21,BA007137,9820005727
A006367,S06367,Post-Matric Technical,14280,Verified,2026-03-22,BA007138,9820005728
A006368,S06368,SC/ST Welfare Scheme,18934,Verified,2026-03-16,BA007139,9820005729
A006369,S06369,Girl Child Assistance,13079,Verified,2026-03-13,BA007140,9820005730
A006370,S06370,Merit Scholarship,24316,Verified,2026-03-21,BA007141,9820005731
A006371,S06371,Girl Child Assistance,10370,Verified,2026-03-28,BA007142,9820005732
A006372,S06372,Girl Child Assistance,14121,Verified,2026-03-24,BA007143,9820005733
A006373,S06373,Post-Matric Technical,15081,Verified,2026-03-24,BA007144,9820005734
A006374,S06374,Girl Child Assistance,12667,Verified,2026-03-26,BA007145,9820005735
A006375,S06375,SC/ST Welfare Scheme,14066,Verified,2026-03-25,BA007146,9820005736
A006376,S06376,Girl Child Assistance,7764,Verified,2026-03-15,BA007147,9820005737
A006377,S06377,Post-Matric Technical,13284,Verified,2026-03-22,BA007148,9820005738
A006378,S06378,SC/ST Welfare Scheme,11092,Verified,2026-03-17,BA007149,9820005739
A006379,S06379,Post-Matric Technical,20078,Verified,2026-03-15,BA007150,9820005740
A006380,S06380,Post-Matric Technical,17806,Verified,2026-03-16,BA007151,9820005741
A006381,S06381,Post-Matric Technical,20222,Verified,2026-03-12,BA007152,9820005742
A006382,S06382,SC/ST Welfare Scheme,24629,Verified,2026-03-24,BA007153,9820005743
A006383,S06383,SC/ST Welfare Scheme,22636,Verified,2026-03-15,BA007154,9820005744
A006384,S06384,SC/ST Welfare Scheme,16922,Verified,2026-03-21,BA007155,9820005745
A006385,S06385,Merit Scholarship,12355,Verified,2026-03-26,BA007156,9820005746
A006386,S06386,Post-Matric Technical,10655,Verified,2026-03-21,BA007157,9820005747
A006387,S06387,Merit Scholarship,12237,Verified,2026-03-18,BA007158,9820005748
A006388,S06388,Girl Child Assistance,14097,Verified,2026-03-27,BA007159,9820005749
A006389,S06389,Minority Welfare,11126,Verified,2026-03-19,BA007160,9820005750
A006390,S06390,Merit Scholarship,20413,Verified,2026-03-12,BA007161,9820005751
A006391,S06391,SC/ST Welfare Scheme,19617,Verified,2026-03-12,BA007162,9820005752
A006392,S06392,SC/ST Welfare Scheme,16654,Verified,2026-03-16,BA007163,9820005753
A006393,S06393,Minority Welfare,15314,Verified,2026-03-19,BA007164,9820005754
A006394,S06394,SC/ST Welfare Scheme,16770,Verified,2026-03-21,BA007165,9820005755
A006395,S06395,Merit Scholarship,27907,Verified,2026-03-26,BA007166,9820005756
A006396,S06396,SC/ST Welfare Scheme,24029,Verified,2026-03-18,BA007167,9820005757
A006397,S06397,Girl Child Assistance,12477,Verified,2026-03-18,BA007168,9820005758
A006398,S06398,Merit Scholarship,17027,Verified,2026-03-18,BA007169,9820005759
A006399,S06399,Minority Welfare,17549,Verified,2026-03-13,BA007170,9820005760
A006400,S06400,SC/ST Welfare Scheme,17734,Verified,2026-03-10,BA007171,9820005761
A006401,S06401,Merit Scholarship,16961,Verified,2026-03-17,BA007172,9820005762
A006402,S06402,Minority Welfare,9961,Verified,2026-03-13,BA007173,9820005763
A006403,S06403,Merit Scholarship,17675,Verified,2026-03-17,BA007174,9820005764
A006404,S06404,Girl Child Assistance,11045,Verified,2026-03-28,BA007175,9820005765
A006405,S06405,Merit Scholarship,27477,Verified,2026-03-14,BA007176,9820005766
A006406,S06406,SC/ST Welfare Scheme,15920,Verified,2026-03-16,BA007177,9820005767
A006407,S06407,SC/ST Welfare Scheme,15097,Verified,2026-03-21,BA007178,9820005768
A006408,S06408,Merit Scholarship,26624,Verified,2026-03-25,BA007179,9820005769
A006409,S06409,Girl Child Assistance,8053,Verified,2026-03-19,BA007180,9820005770
A006410,S06410,Merit Scholarship,27997,Verified,2026-03-10,BA007181,9820005771
A006411,S06411,SC/ST Welfare Scheme,12660,Verified,2026-03-16,BA007182,9820005772
A006412,S06412,Minority Welfare,17112,Verified,2026-03-16,BA007183,9820005773
A006413,S06413,Minority Welfare,16871,Verified,2026-03-18,BA007184,9820005774
A006414,S06414,SC/ST Welfare Scheme,17254,Verified,2026-03-23,BA007185,9820005775
A006415,S06415,Merit Scholarship,17980,Verified,2026-03-21,BA007186,9820005776
A006416,S06416,Minority Welfare,11800,Verified,2026-03-18,BA007187,9820005777
A006417,S06417,SC/ST Welfare Scheme,14322,Verified,2026-03-25,BA007188,9820005778
A006418,S06418,Merit Scholarship,26022,Verified,2026-03-23,BA007189,9820005779
A006419,S06419,Merit Scholarship,26699,Verified,2026-03-24,BA007190,9820005780
A006420,S06420,SC/ST Welfare Scheme,14101,Verified,2026-03-28,BA007191,9820005781
A006421,S06421,Minority Welfare,14962,Verified,2026-03-27,BA007192,9820005782
A006422,S06422,Girl Child Assistance,12935,Verified,2026-03-25,BA007193,9820005783
A006423,S06423,Girl Child Assistance,7942,Verified,2026-03-10,BA007194,9820005784
A006424,S06424,SC/ST Welfare Scheme,13466,Verified,2026-03-11,BA007195,9820005785
A006425,S06425,Girl Child Assistance,7186,Verified,2026-03-10,BA007196,9820005786
A006426,S06426,Girl Child Assistance,14993,Verified,2026-03-28,BA007197,9820005787
A006427,S06427,SC/ST Welfare Scheme,22941,Verified,2026-03-11,BA007198,9820005788
A006428,S06428,SC/ST Welfare Scheme,20515,Verified,2026-03-11,BA007199,9820005789
A006429,S06429,Girl Child Assistance,8215,Verified,2026-03-19,BA007200,9820005790
A006430,S06430,Girl Child Assistance,9675,Verified,2026-03-13,BA007201,9820005791
A006431,S06431,Minority Welfare,18210,Verified,2026-03-24,BA007202,9820005792
A006432,S06432,Merit Scholarship,14046,Verified,2026-03-17,BA007203,9820005793
A006433,S06433,Girl Child Assistance,12431,Verified,2026-03-10,BA007204,9820005794
A006434,S06434,Girl Child Assistance,9204,Verified,2026-03-17,BA007205,9820005795
A006435,S06435,Post-Matric Technical,19766,Verified,2026-03-15,BA007206,9820005796
A006436,S06436,Girl Child Assistance,11763,Verified,2026-03-19,BA007207,9820005797
A006437,S06437,Post-Matric Technical,21199,Verified,2026-03-11,BA007208,9820005798
A006438,S06438,Post-Matric Technical,10874,Verified,2026-03-25,BA007209,9820005799
A006439,S06439,SC/ST Welfare Scheme,11805,Verified,2026-03-18,BA007210,9820005800
A006440,S06440,Post-Matric Technical,10898,Verified,2026-03-13,BA007211,9820005801
A006441,S06441,SC/ST Welfare Scheme,15328,Verified,2026-03-28,BA007212,9820005802
A006442,S06442,Minority Welfare,9965,Verified,2026-03-18,BA007213,9820005803
A006443,S06443,Post-Matric Technical,17959,Verified,2026-03-11,BA007214,9820005804
A006444,S06444,Post-Matric Technical,13446,Verified,2026-03-17,BA007215,9820005805
A006445,S06445,SC/ST Welfare Scheme,19959,Verified,2026-03-26,BA007216,9820005806
A006446,S06446,Girl Child Assistance,11899,Verified,2026-03-13,BA007217,9820005807
A006447,S06447,Post-Matric Technical,20693,Verified,2026-03-18,BA007218,9820005808
A006448,S06448,Merit Scholarship,14276,Verified,2026-03-11,BA007219,9820005809
A006449,S06449,Post-Matric Technical,15513,Verified,2026-03-25,BA007220,9820005810
A006450,S06450,SC/ST Welfare Scheme,15685,Verified,2026-03-10,BA007221,9820005811
A006451,S06451,Girl Child Assistance,10076,Verified,2026-03-24,BA007222,9820005812
A006452,S06452,Post-Matric Technical,14341,Verified,2026-03-15,BA007223,9820005813
A006453,S06453,Minority Welfare,16732,Verified,2026-03-16,BA007224,9820005814
A006454,S06454,Post-Matric Technical,13190,Verified,2026-03-24,BA007225,9820005815
A006455,S06455,Post-Matric Technical,19325,Verified,2026-03-27,BA007226,9820005816
A006456,S06456,Minority Welfare,8652,Verified,2026-03-16,BA007227,9820005817
A006457,S06457,Girl Child Assistance,9747,Verified,2026-03-26,BA007228,9820005818
A006458,S06458,Girl Child Assistance,10795,Verified,2026-03-23,BA007229,9820005819
A006459,S06459,Merit Scholarship,24747,Verified,2026-03-24,BA007230,9820005820
A006460,S06460,Merit Scholarship,23311,Verified,2026-03-24,BA007231,9820005821
A006461,S06461,Minority Welfare,13781,Verified,2026-03-12,BA007232,9820005822
A006462,S06462,Girl Child Assistance,7229,Verified,2026-03-28,BA007233,9820005823
A006463,S06463,SC/ST Welfare Scheme,15723,Verified,2026-03-17,BA007234,9820005824
A006464,S06464,Minority Welfare,14591,Verified,2026-03-25,BA007235,9820005825
A006465,S06465,SC/ST Welfare Scheme,19653,Verified,2026-03-28,BA007236,9820005826
A006466,S06466,Girl Child Assistance,13202,Verified,2026-03-11,BA007237,9820005827
A006467,S06467,Post-Matric Technical,10686,Verified,2026-03-28,BA007238,9820005828
A006468,S06468,Merit Scholarship,19501,Verified,2026-03-21,BA007239,9820005829
A006469,S06469,Merit Scholarship,28545,Verified,2026-03-12,BA007240,9820005830
A006470,S06470,Merit Scholarship,26824,Verified,2026-03-10,BA007241,9820005831
A006471,S06471,Girl Child Assistance,7422,Verified,2026-03-15,BA007242,9820005832
A006472,S06472,Minority Welfare,13060,Verified,2026-03-10,BA007243,9820005833
A006473,S06473,SC/ST Welfare Scheme,18308,Verified,2026-03-17,BA007244,9820005834
A006474,S06474,Girl Child Assistance,13362,Verified,2026-03-26,BA007245,9820005835
A006475,S06475,Minority Welfare,19528,Verified,2026-03-28,BA007246,9820005836
A006476,S06476,Post-Matric Technical,19640,Verified,2026-03-16,BA007247,9820005837
A006477,S06477,Minority Welfare,16386,Verified,2026-03-14,BA007248,9820005838
A006478,S06478,SC/ST Welfare Scheme,24707,Verified,2026-03-14,BA007249,9820005839
A006479,S06479,Girl Child Assistance,12336,Verified,2026-03-12,BA007250,9820005840
A006480,S06480,Girl Child Assistance,12156,Verified,2026-03-21,BA007251,9820005841
A006481,S06481,Post-Matric Technical,16394,Verified,2026-03-13,BA007252,9820005842
A006482,S06482,Minority Welfare,15857,Verified,2026-03-18,BA007253,9820005843
A006483,S06483,SC/ST Welfare Scheme,12137,Verified,2026-03-15,BA007254,9820005844
A006484,S06484,Minority Welfare,11735,Verified,2026-03-16,BA007255,9820005845
A006485,S06485,SC/ST Welfare Scheme,11072,Verified,2026-03-12,BA007256,9820005846
A006486,S06486,Minority Welfare,11478,Verified,2026-03-11,BA007257,9820005847
A006487,S06487,SC/ST Welfare Scheme,22442,Verified,2026-03-17,BA007258,9820005848
A006488,S06488,Girl Child Assistance,7293,Verified,2026-03-11,BA007259,9820005849
A006489,S06489,Merit Scholarship,23350,Verified,2026-03-12,BA007260,9820005850
A006490,S06490,Girl Child Assistance,8487,Verified,2026-03-14,BA007261,9820005851
A006491,S06491,Girl Child Assistance,8756,Verified,2026-03-15,BA007262,9820005852
A006492,S06492,Girl Child Assistance,12940,Verified,2026-03-23,BA007263,9820005853
A006493,S06493,Post-Matric Technical,13199,Verified,2026-03-23,BA007264,9820005854
A006494,S06494,SC/ST Welfare Scheme,19534,Verified,2026-03-12,BA007265,9820005855
A006495,S06495,Girl Child Assistance,8338,Verified,2026-03-16,BA007266,9820005856
A006496,S06496,Girl Child Assistance,13589,Verified,2026-03-19,BA007267,9820005857
A006497,S06497,Post-Matric Technical,20463,Verified,2026-03-18,BA007268,9820005858
A006498,S06498,Post-Matric Technical,20762,Verified,2026-03-11,BA007269,9820005859
A006499,S06499,Girl Child Assistance,9307,Verified,2026-03-22,BA007270,9820005860
A006500,S06500,Minority Welfare,18444,Verified,2026-03-14,BA007271,9820005861
A006501,S06501,Merit Scholarship,19134,Verified,2026-03-11,BA007272,9820005862
A006502,S06502,Girl Child Assistance,10236,Verified,2026-03-15,BA007273,9820005863
A006503,S06503,Minority Welfare,19207,Verified,2026-03-28,BA007274,9820005864
A006504,S06504,Minority Welfare,18197,Verified,2026-03-26,BA007275,9820005865
A006505,S06505,SC/ST Welfare Scheme,11419,Verified,2026-03-18,BA007276,9820005866
A006506,S06506,SC/ST Welfare Scheme,21570,Verified,2026-03-22,BA007277,9820005867
A006507,S06507,Minority Welfare,13940,Verified,2026-03-23,BA007278,9820005868
A006508,S06508,SC/ST Welfare Scheme,10573,Verified,2026-03-12,BA007279,9820005869
A006509,S06509,Minority Welfare,10049,Verified,2026-03-14,BA007280,9820005870
A006510,S06510,Girl Child Assistance,7646,Verified,2026-03-14,BA007281,9820005871
A006511,S06511,Girl Child Assistance,8245,Verified,2026-03-15,BA007282,9820005872
A006512,S06512,SC/ST Welfare Scheme,19701,Verified,2026-03-24,BA007283,9820005873
A006513,S06513,Post-Matric Technical,20591,Verified,2026-03-23,BA007284,9820005874
A006514,S06514,Merit Scholarship,27982,Verified,2026-03-17,BA007285,9820005875
A006515,S06515,Girl Child Assistance,7944,Verified,2026-03-14,BA007286,9820005876
A006516,S06516,Minority Welfare,12136,Verified,2026-03-16,BA007287,9820005877
A006517,S06517,Post-Matric Technical,13889,Verified,2026-03-19,BA007288,9820005878
A006518,S06518,SC/ST Welfare Scheme,20150,Verified,2026-03-18,BA007289,9820005879
A006519,S06519,Post-Matric Technical,10651,Verified,2026-03-22,BA007290,9820005880
A006520,S06520,SC/ST Welfare Scheme,23081,Verified,2026-03-21,BA007291,9820005881
A006521,S06521,Minority Welfare,17473,Verified,2026-03-28,BA007292,9820005882
A006522,S06522,Minority Welfare,16657,Verified,2026-03-10,BA007293,9820005883
A006523,S06523,SC/ST Welfare Scheme,15105,Verified,2026-03-16,BA007294,9820005884
A006524,S06524,Minority Welfare,9566,Verified,2026-03-23,BA007295,9820005885
A006525,S06525,Post-Matric Technical,19793,Verified,2026-03-21,BA007296,9820005886
A006526,S06526,SC/ST Welfare Scheme,13715,Verified,2026-03-24,BA007297,9820005887
A006527,S06527,Merit Scholarship,23756,Verified,2026-03-18,BA007298,9820005888
A006528,S06528,Girl Child Assistance,7360,Verified,2026-03-19,BA007299,9820005889
A006529,S06529,Merit Scholarship,23444,Verified,2026-03-12,BA007300,9820005890
A006530,S06530,Girl Child Assistance,14659,Verified,2026-03-16,BA007301,9820005891
A006531,S06531,Merit Scholarship,27652,Verified,2026-03-22,BA007302,9820005892
A006532,S06532,Girl Child Assistance,7819,Verified,2026-03-19,BA007303,9820005893
A006533,S06533,Girl Child Assistance,11016,Verified,2026-03-24,BA007304,9820005894
A006534,S06534,Minority Welfare,14145,Verified,2026-03-24,BA007305,9820005895
A006535,S06535,Post-Matric Technical,10546,Verified,2026-03-22,BA007306,9820005896
A006536,S06536,SC/ST Welfare Scheme,17049,Verified,2026-03-26,BA007307,9820005897
A006537,S06537,Minority Welfare,8164,Verified,2026-03-13,BA007308,9820005898
A006538,S06538,Girl Child Assistance,9194,Verified,2026-03-28,BA007309,9820005899
A006539,S06539,Merit Scholarship,22010,Verified,2026-03-24,BA007310,9820005900
A006540,S06540,SC/ST Welfare Scheme,19634,Verified,2026-03-18,BA007311,9820005901
A006541,S06541,Merit Scholarship,20606,Verified,2026-03-25,BA007312,9820005902
A006542,S06542,Post-Matric Technical,21885,Verified,2026-03-21,BA007313,9820005903
A006543,S06543,Post-Matric Technical,16566,Verified,2026-03-11,BA007314,9820005904
A006544,S06544,Merit Scholarship,25293,Verified,2026-03-23,BA007315,9820005905
A006545,S06545,Post-Matric Technical,10902,Verified,2026-03-26,BA007316,9820005906
A006546,S06546,Post-Matric Technical,21007,Verified,2026-03-18,BA007317,9820005907
A006547,S06547,SC/ST Welfare Scheme,21784,Verified,2026-03-20,BA007318,9820005908
A006548,S06548,Girl Child Assistance,7015,Verified,2026-03-14,BA007319,9820005909
A006549,S06549,Minority Welfare,19217,Verified,2026-03-19,BA007320,9820005910
A006550,S06550,SC/ST Welfare Scheme,24674,Verified,2026-03-25,BA007321,9820005911
A006551,S06551,Merit Scholarship,16802,Verified,2026-03-10,BA007322,9820005912
A006552,S06552,Post-Matric Technical,20972,Verified,2026-03-27,BA007323,9820005913
A006553,S06553,SC/ST Welfare Scheme,11981,Verified,2026-03-14,BA007324,9820005914
A006554,S06554,Girl Child Assistance,8778,Verified,2026-03-15,BA007325,9820005915
A006555,S06555,Minority Welfare,11510,Verified,2026-03-27,BA007326,9820005916
A006556,S06556,Merit Scholarship,17376,Verified,2026-03-16,BA007327,9820005917
A006557,S06557,SC/ST Welfare Scheme,17286,Verified,2026-03-12,BA007328,9820005918
A006558,S06558,Girl Child Assistance,12268,Verified,2026-03-17,BA007329,9820005919
A006559,S06559,SC/ST Welfare Scheme,15852,Verified,2026-03-19,BA007330,9820005920
A006560,S06560,Post-Matric Technical,20162,Verified,2026-03-25,BA007331,9820005921
A006561,S06561,Minority Welfare,12146,Verified,2026-03-26,BA007332,9820005922
A006562,S06562,Minority Welfare,8825,Verified,2026-03-11,BA007333,9820005923
A006563,S06563,Girl Child Assistance,12441,Verified,2026-03-22,BA007334,9820005924
A006564,S06564,SC/ST Welfare Scheme,22019,Verified,2026-03-20,BA007335,9820005925
A006565,S06565,Minority Welfare,12041,Verified,2026-03-27,BA007336,9820005926
A006566,S06566,SC/ST Welfare Scheme,22485,Verified,2026-03-13,BA007337,9820005927
A006567,S06567,Girl Child Assistance,8267,Verified,2026-03-18,BA007338,9820005928
A006568,S06568,Girl Child Assistance,8088,Verified,2026-03-24,BA007339,9820005929
A006569,S06569,Post-Matric Technical,20909,Verified,2026-03-10,BA007340,9820005930
A006570,S06570,SC/ST Welfare Scheme,14821,Verified,2026-03-25,BA007341,9820005931
A006571,S06571,Post-Matric Technical,18920,Verified,2026-03-26,BA007342,9820005932
A006572,S06572,Merit Scholarship,29018,Verified,2026-03-26,BA007343,9820005933
A006573,S06573,Minority Welfare,19967,Verified,2026-03-10,BA007344,9820005934
A006574,S06574,SC/ST Welfare Scheme,15127,Verified,2026-03-10,BA007345,9820005935
A006575,S06575,Merit Scholarship,18743,Verified,2026-03-13,BA007346,9820005936
A006576,S06576,Merit Scholarship,20865,Verified,2026-03-27,BA007347,9820005937
A006577,S06577,Girl Child Assistance,8870,Verified,2026-03-14,BA007348,9820005938
A006578,S06578,Post-Matric Technical,17551,Verified,2026-03-17,BA007349,9820005939
A006579,S06579,Girl Child Assistance,10768,Verified,2026-03-27,BA007350,9820005940
A006580,S06580,Merit Scholarship,24697,Verified,2026-03-28,BA007351,9820005941
A006581,S06581,SC/ST Welfare Scheme,22284,Verified,2026-03-23,BA007352,9820005942
A006582,S06582,Girl Child Assistance,7346,Verified,2026-03-13,BA007353,9820005943
A006583,S06583,Post-Matric Technical,10678,Verified,2026-03-26,BA007354,9820005944
A006584,S06584,SC/ST Welfare Scheme,12149,Verified,2026-03-15,BA007355,9820005945
A006585,S06585,Minority Welfare,10753,Verified,2026-03-25,BA007356,9820005946
A006586,S06586,Merit Scholarship,24651,Verified,2026-03-22,BA007357,9820005947
A006587,S06587,Post-Matric Technical,16637,Verified,2026-03-13,BA007358,9820005948
A006588,S06588,Merit Scholarship,22858,Verified,2026-03-24,BA007359,9820005949
A006589,S06589,Merit Scholarship,26308,Verified,2026-03-26,BA007360,9820005950
A006590,S06590,SC/ST Welfare Scheme,19255,Verified,2026-03-12,BA007361,9820005951
A006591,S06591,Post-Matric Technical,21813,Verified,2026-03-10,BA007362,9820005952
A006592,S06592,Post-Matric Technical,11563,Verified,2026-03-23,BA007363,9820005953
A006593,S06593,Merit Scholarship,22410,Verified,2026-03-11,BA007364,9820005954
A006594,S06594,Minority Welfare,12230,Verified,2026-03-19,BA007365,9820005955
A006595,S06595,SC/ST Welfare Scheme,24969,Verified,2026-03-25,BA007366,9820005956
A006596,S06596,Post-Matric Technical,9388,Verified,2026-03-23,BA007367,9820005957
A006597,S06597,Girl Child Assistance,8791,Verified,2026-03-25,BA007368,9820005958
A006598,S06598,Minority Welfare,17188,Verified,2026-03-14,BA007369,9820005959
A006599,S06599,Minority Welfare,9146,Verified,2026-03-15,BA007370,9820005960
A006600,S06600,Merit Scholarship,15658,Verified,2026-03-21,BA007371,9820005961
A006601,S06601,Minority Welfare,11273,Verified,2026-03-16,BA007372,9820005962
A006602,S06602,Girl Child Assistance,8501,Verified,2026-03-27,BA007373,9820005963
A006603,S06603,SC/ST Welfare Scheme,10706,Verified,2026-03-18,BA007374,9820005964
A006604,S06604,Merit Scholarship,17029,Verified,2026-03-19,BA007375,9820005965
A006605,S06605,Post-Matric Technical,17031,Verified,2026-03-15,BA007376,9820005966
A006606,S06606,Minority Welfare,14813,Verified,2026-03-27,BA007377,9820005967
A006607,S06607,Merit Scholarship,22693,Verified,2026-03-12,BA007378,9820005968
A006608,S06608,Girl Child Assistance,11201,Verified,2026-03-20,BA007379,9820005969
A006609,S06609,Merit Scholarship,19015,Verified,2026-03-18,BA007380,9820005970
A006610,S06610,Merit Scholarship,26837,Verified,2026-03-25,BA007381,9820005971
A006611,S06611,SC/ST Welfare Scheme,15510,Verified,2026-03-17,BA007382,9820005972
A006612,S06612,Minority Welfare,19099,Verified,2026-03-28,BA007383,9820005973
A006613,S06613,Merit Scholarship,20236,Verified,2026-03-23,BA007384,9820005974
A006614,S06614,Minority Welfare,16522,Verified,2026-03-16,BA007385,9820005975
A006615,S06615,Merit Scholarship,27821,Verified,2026-03-19,BA007386,9820005976
A006616,S06616,Merit Scholarship,17564,Verified,2026-03-13,BA007387,9820005977
A006617,S06617,Merit Scholarship,17973,Verified,2026-03-12,BA007388,9820005978
A006618,S06618,SC/ST Welfare Scheme,20472,Verified,2026-03-18,BA007389,9820005979
A006619,S06619,Minority Welfare,13841,Verified,2026-03-12,BA007390,9820005980
A006620,S06620,SC/ST Welfare Scheme,13975,Verified,2026-03-27,BA007391,9820005981
A006621,S06621,Post-Matric Technical,20436,Verified,2026-03-13,BA007392,9820005982
A006622,S06622,Merit Scholarship,29731,Verified,2026-03-18,BA007393,9820005983
A006623,S06623,Merit Scholarship,23001,Verified,2026-03-11,BA007394,9820005984
A006624,S06624,Girl Child Assistance,9621,Verified,2026-03-16,BA007395,9820005985
A006625,S06625,Post-Matric Technical,17437,Verified,2026-03-11,BA007396,9820005986
A006626,S06626,Girl Child Assistance,12776,Verified,2026-03-25,BA007397,9820005987
A006627,S06627,Post-Matric Technical,13672,Verified,2026-03-25,BA007398,9820005988
A006628,S06628,SC/ST Welfare Scheme,20974,Verified,2026-03-16,BA007399,9820005989
A006629,S06629,Post-Matric Technical,14049,Verified,2026-03-12,BA007400,9820005990
A006630,S06630,Post-Matric Technical,10383,Verified,2026-03-21,BA007401,9820005991
A006631,S06631,Girl Child Assistance,11815,Verified,2026-03-14,BA007402,9820005992
A006632,S06632,SC/ST Welfare Scheme,22479,Verified,2026-03-18,BA007403,9820005993
A006633,S06633,Post-Matric Technical,14389,Verified,2026-03-27,BA007404,9820005994
A006634,S06634,Minority Welfare,18663,Verified,2026-03-14,BA007405,9820005995
A006635,S06635,SC/ST Welfare Scheme,16452,Verified,2026-03-23,BA007406,9820005996
A006636,S06636,Post-Matric Technical,18296,Verified,2026-03-10,BA007407,9820005997
A006637,S06637,Merit Scholarship,14950,Verified,2026-03-24,BA007408,9820005998
A006638,S06638,Post-Matric Technical,20536,Verified,2026-03-28,BA007409,9820005999
A006639,S06639,Post-Matric Technical,21503,Verified,2026-03-19,BA007410,9820006000
A006640,S06640,Merit Scholarship,18597,Verified,2026-03-21,BA007411,9820006001
A006641,S06641,Minority Welfare,9904,Verified,2026-03-22,BA007412,9820006002
A006642,S06642,Minority Welfare,15772,Verified,2026-03-11,BA007413,9820006003
A006643,S06643,SC/ST Welfare Scheme,19412,Verified,2026-03-13,BA007414,9820006004
A006644,S06644,Post-Matric Technical,12647,Verified,2026-03-13,BA007415,9820006005
A006645,S06645,SC/ST Welfare Scheme,10488,Verified,2026-03-17,BA007416,9820006006
A006646,S06646,Merit Scholarship,25380,Verified,2026-03-22,BA007417,9820006007
A006647,S06647,Minority Welfare,10140,Verified,2026-03-24,BA007418,9820006008
A006648,S06648,Girl Child Assistance,14548,Verified,2026-03-21,BA007419,9820006009
A006649,S06649,Girl Child Assistance,11830,Verified,2026-03-21,BA007420,9820006010
A006650,S06650,SC/ST Welfare Scheme,22676,Verified,2026-03-28,BA007421,9820006011
A006651,S06651,Post-Matric Technical,19854,Verified,2026-03-28,BA007422,9820006012
A006652,S06652,Merit Scholarship,18711,Verified,2026-03-26,BA007423,9820006013
A006653,S06653,Post-Matric Technical,10092,Verified,2026-03-14,BA007424,9820006014
A006654,S06654,Merit Scholarship,27451,Verified,2026-03-21,BA007425,9820006015
A006655,S06655,Merit Scholarship,22851,Verified,2026-03-23,BA007426,9820006016
A006656,S06656,Minority Welfare,12362,Verified,2026-03-19,BA007427,9820006017
A006657,S06657,SC/ST Welfare Scheme,24212,Verified,2026-03-23,BA007428,9820006018
A006658,S06658,Post-Matric Technical,14479,Verified,2026-03-26,BA007429,9820006019
A006659,S06659,Girl Child Assistance,8136,Verified,2026-03-11,BA007430,9820006020
A006660,S06660,Merit Scholarship,26636,Verified,2026-03-22,BA007431,9820006021
A006661,S06661,Minority Welfare,17150,Verified,2026-03-17,BA007432,9820006022
A006662,S06662,Minority Welfare,11411,Verified,2026-03-19,BA007433,9820006023
A006663,S06663,Minority Welfare,14947,Verified,2026-03-25,BA007434,9820006024
A006664,S06664,Minority Welfare,12835,Verified,2026-03-12,BA007435,9820006025
A006665,S06665,Merit Scholarship,21052,Verified,2026-03-18,BA007436,9820006026
A006666,S06666,Merit Scholarship,19910,Verified,2026-03-18,BA007437,9820006027
A006667,S06667,Post-Matric Technical,19927,Verified,2026-03-26,BA007438,9820006028
A006668,S06668,SC/ST Welfare Scheme,17608,Verified,2026-03-24,BA007439,9820006029
A006669,S06669,SC/ST Welfare Scheme,12873,Verified,2026-03-25,BA007440,9820006030
A006670,S06670,Girl Child Assistance,10340,Verified,2026-03-24,BA007441,9820006031
A006671,S06671,Minority Welfare,10862,Verified,2026-03-16,BA007442,9820006032
A006672,S06672,Girl Child Assistance,8487,Verified,2026-03-10,BA007443,9820006033
A006673,S06673,Post-Matric Technical,13020,Verified,2026-03-26,BA007444,9820006034
A006674,S06674,Post-Matric Technical,19474,Verified,2026-03-21,BA007445,9820006035
A006675,S06675,Minority Welfare,19748,Verified,2026-03-23,BA007446,9820006036
A006676,S06676,Girl Child Assistance,14567,Verified,2026-03-22,BA007447,9820006037
A006677,S06677,Girl Child Assistance,11179,Verified,2026-03-20,BA007448,9820006038
A006678,S06678,SC/ST Welfare Scheme,18585,Verified,2026-03-16,BA007449,9820006039
A006679,S06679,Merit Scholarship,23375,Verified,2026-03-21,BA007450,9820006040
A006680,S06680,Post-Matric Technical,21373,Verified,2026-03-22,BA007451,9820006041
A006681,S06681,Girl Child Assistance,14404,Verified,2026-03-10,BA007452,9820006042
A006682,S06682,Post-Matric Technical,21424,Verified,2026-03-22,BA007453,9820006043
A006683,S06683,Minority Welfare,15888,Verified,2026-03-23,BA007454,9820006044
A006684,S06684,SC/ST Welfare Scheme,12054,Verified,2026-03-12,BA007455,9820006045
A006685,S06685,Girl Child Assistance,7863,Verified,2026-03-11,BA007456,9820006046
A006686,S06686,SC/ST Welfare Scheme,12964,Verified,2026-03-17,BA007457,9820006047
A006687,S06687,SC/ST Welfare Scheme,14116,Verified,2026-03-16,BA007458,9820006048
A006688,S06688,Merit Scholarship,24946,Verified,2026-03-16,BA007459,9820006049
A006689,S06689,Post-Matric Technical,17757,Verified,2026-03-16,BA007460,9820006050
A006690,S06690,SC/ST Welfare Scheme,13642,Verified,2026-03-13,BA007461,9820006051
A006691,S06691,Post-Matric Technical,10692,Verified,2026-03-17,BA007462,9820006052
A006692,S06692,Merit Scholarship,25492,Verified,2026-03-18,BA007463,9820006053
A006693,S06693,Post-Matric Technical,10812,Verified,2026-03-16,BA007464,9820006054
A006694,S06694,Minority Welfare,15676,Verified,2026-03-14,BA007465,9820006055
A006695,S06695,Girl Child Assistance,7443,Verified,2026-03-15,BA007466,9820006056
A006696,S06696,Post-Matric Technical,9890,Verified,2026-03-23,BA007467,9820006057
A006697,S06697,SC/ST Welfare Scheme,24562,Verified,2026-03-13,BA007468,9820006058
A006698,S06698,SC/ST Welfare Scheme,10127,Verified,2026-03-27,BA007469,9820006059
A006699,S06699,SC/ST Welfare Scheme,14197,Verified,2026-03-15,BA007470,9820006060
A006700,S06700,SC/ST Welfare Scheme,15531,Verified,2026-03-16,BA007471,9820006061
A006701,S06701,Minority Welfare,11623,Verified,2026-03-20,BA007472,9820006062
A006702,S06702,Post-Matric Technical,18488,Verified,2026-03-10,BA007473,9820006063
A006703,S06703,Post-Matric Technical,20251,Verified,2026-03-25,BA007474,9820006064
A006704,S06704,Merit Scholarship,22006,Verified,2026-03-10,BA007475,9820006065
A006705,S06705,Minority Welfare,18495,Verified,2026-03-16,BA007476,9820006066
A006706,S06706,Minority Welfare,13142,Verified,2026-03-23,BA007477,9820006067
A006707,S06707,Post-Matric Technical,15148,Verified,2026-03-19,BA007478,9820006068
A006708,S06708,Girl Child Assistance,8801,Verified,2026-03-19,BA007479,9820006069
A006709,S06709,SC/ST Welfare Scheme,23983,Verified,2026-03-20,BA007480,9820006070
A006710,S06710,Girl Child Assistance,11303,Verified,2026-03-22,BA007481,9820006071
A006711,S06711,Post-Matric Technical,14556,Verified,2026-03-18,BA007482,9820006072
A006712,S06712,SC/ST Welfare Scheme,15836,Verified,2026-03-18,BA007483,9820006073
A006713,S06713,SC/ST Welfare Scheme,16500,Verified,2026-03-21,BA007484,9820006074
A006714,S06714,Post-Matric Technical,14840,Verified,2026-03-17,BA007485,9820006075
A006715,S06715,Minority Welfare,17840,Verified,2026-03-20,BA007486,9820006076
A006716,S06716,SC/ST Welfare Scheme,23858,Verified,2026-03-11,BA007487,9820006077
A006717,S06717,SC/ST Welfare Scheme,12748,Verified,2026-03-18,BA007488,9820006078
A006718,S06718,SC/ST Welfare Scheme,23087,Verified,2026-03-28,BA007489,9820006079
A006719,S06719,Minority Welfare,12690,Verified,2026-03-17,BA007490,9820006080
A006720,S06720,SC/ST Welfare Scheme,13681,Verified,2026-03-12,BA007491,9820006081
A006721,S06721,Girl Child Assistance,13830,Verified,2026-03-26,BA007492,9820006082
A006722,S06722,Post-Matric Technical,13149,Verified,2026-03-18,BA007493,9820006083
A006723,S06723,Post-Matric Technical,16650,Verified,2026-03-11,BA007494,9820006084
A006724,S06724,Girl Child Assistance,13156,Verified,2026-03-18,BA007495,9820006085
A006725,S06725,Girl Child Assistance,8000,Verified,2026-03-25,BA007496,9820006086
A006726,S06726,SC/ST Welfare Scheme,14860,Verified,2026-03-21,BA007497,9820006087
A006727,S06727,Minority Welfare,17168,Verified,2026-03-13,BA007498,9820006088
A006728,S06728,Post-Matric Technical,18281,Verified,2026-03-13,BA007499,9820006089
A006729,S06729,Minority Welfare,13878,Verified,2026-03-18,BA007500,9820006090
A006730,S06730,Minority Welfare,8129,Verified,2026-03-27,BA007501,9820006091
A006731,S06731,Merit Scholarship,12604,Verified,2026-03-16,BA007502,9820006092
A006732,S06732,Post-Matric Technical,11600,Verified,2026-03-17,BA007503,9820006093
A006733,S06733,SC/ST Welfare Scheme,18810,Verified,2026-03-23,BA007504,9820006094
A006734,S06734,SC/ST Welfare Scheme,14615,Verified,2026-03-28,BA007505,9820006095
A006735,S06735,Minority Welfare,13473,Verified,2026-03-14,BA007506,9820006096
A006736,S06736,Minority Welfare,16491,Verified,2026-03-27,BA007507,9820006097
A006737,S06737,Post-Matric Technical,13953,Verified,2026-03-26,BA007508,9820006098
A006738,S06738,Merit Scholarship,20746,Verified,2026-03-22,BA007509,9820006099
A006739,S06739,Girl Child Assistance,10462,Verified,2026-03-26,BA007510,9820006100
A006740,S06740,Post-Matric Technical,12781,Verified,2026-03-14,BA007511,9820006101
A006741,S06741,SC/ST Welfare Scheme,24327,Verified,2026-03-28,BA007512,9820006102
A006742,S06742,Merit Scholarship,26364,Verified,2026-03-19,BA007513,9820006103
A006743,S06743,Minority Welfare,9303,Verified,2026-03-24,BA007514,9820006104
A006744,S06744,Girl Child Assistance,13413,Verified,2026-03-13,BA007515,9820006105
A006745,S06745,Post-Matric Technical,15315,Verified,2026-03-16,BA007516,9820006106
A006746,S06746,Girl Child Assistance,13523,Verified,2026-03-14,BA007517,9820006107
A006747,S06747,SC/ST Welfare Scheme,19350,Verified,2026-03-27,BA007518,9820006108
A006748,S06748,Girl Child Assistance,14499,Verified,2026-03-12,BA007519,9820006109
A006749,S06749,Post-Matric Technical,16719,Verified,2026-03-21,BA007520,9820006110
A006750,S06750,Minority Welfare,9112,Verified,2026-03-17,BA007521,9820006111
A006751,S06751,SC/ST Welfare Scheme,10808,Verified,2026-03-25,BA007522,9820006112
A006752,S06752,Merit Scholarship,25483,Verified,2026-03-28,BA007523,9820006113
A006753,S06753,Minority Welfare,8227,Verified,2026-03-10,BA007524,9820006114
A006754,S06754,Minority Welfare,11255,Verified,2026-03-22,BA007525,9820006115
A006755,S06755,SC/ST Welfare Scheme,24847,Verified,2026-03-20,BA007526,9820006116
A006756,S06756,Merit Scholarship,21452,Verified,2026-03-14,BA007527,9820006117
A006757,S06757,Merit Scholarship,18892,Verified,2026-03-14,BA007528,9820006118
A006758,S06758,Merit Scholarship,19525,Verified,2026-03-14,BA007529,9820006119
A006759,S06759,Post-Matric Technical,21470,Verified,2026-03-19,BA007530,9820006120
A006760,S06760,Girl Child Assistance,9779,Verified,2026-03-17,BA007531,9820006121
A006761,S06761,Girl Child Assistance,13133,Verified,2026-03-25,BA007532,9820006122
A006762,S06762,Minority Welfare,9077,Verified,2026-03-21,BA007533,9820006123
A006763,S06763,Merit Scholarship,17733,Verified,2026-03-17,BA007534,9820006124
A006764,S06764,Minority Welfare,13276,Verified,2026-03-22,BA007535,9820006125
A006765,S06765,Post-Matric Technical,16676,Verified,2026-03-24,BA007536,9820006126
A006766,S06766,Girl Child Assistance,14588,Verified,2026-03-23,BA007537,9820006127
A006767,S06767,Girl Child Assistance,10006,Verified,2026-03-27,BA007538,9820006128
A006768,S06768,SC/ST Welfare Scheme,21918,Verified,2026-03-14,BA007539,9820006129
A006769,S06769,Minority Welfare,10638,Verified,2026-03-20,BA007540,9820006130
A006770,S06770,Girl Child Assistance,14450,Verified,2026-03-23,BA007541,9820006131
A006771,S06771,Post-Matric Technical,21133,Verified,2026-03-20,BA007542,9820006132
A006772,S06772,Merit Scholarship,18903,Verified,2026-03-10,BA007543,9820006133
A006773,S06773,Girl Child Assistance,14141,Verified,2026-03-26,BA007544,9820006134
A006774,S06774,Minority Welfare,8892,Verified,2026-03-15,BA007545,9820006135
A006775,S06775,Post-Matric Technical,12249,Verified,2026-03-20,BA007546,9820006136
A006776,S06776,SC/ST Welfare Scheme,24702,Verified,2026-03-11,BA007547,9820006137
A006777,S06777,Girl Child Assistance,7818,Verified,2026-03-19,BA007548,9820006138
A006778,S06778,Minority Welfare,18614,Verified,2026-03-26,BA007549,9820006139
A006779,S06779,SC/ST Welfare Scheme,13811,Verified,2026-03-16,BA007550,9820006140
A006780,S06780,Merit Scholarship,23105,Verified,2026-03-27,BA007551,9820006141
A006781,S06781,Girl Child Assistance,9954,Verified,2026-03-27,BA007552,9820006142
A006782,S06782,Girl Child Assistance,13276,Verified,2026-03-18,BA007553,9820006143
A006783,S06783,Minority Welfare,13781,Verified,2026-03-20,BA007554,9820006144
A006784,S06784,Merit Scholarship,29412,Verified,2026-03-10,BA007555,9820006145
A006785,S06785,SC/ST Welfare Scheme,11070,Verified,2026-03-16,BA007556,9820006146
A006786,S06786,SC/ST Welfare Scheme,21194,Verified,2026-03-21,BA007557,9820006147
A006787,S06787,Minority Welfare,12498,Verified,2026-03-10,BA007558,9820006148
A006788,S06788,Merit Scholarship,13021,Verified,2026-03-27,BA007559,9820006149
A006789,S06789,Post-Matric Technical,15030,Verified,2026-03-21,BA007560,9820006150
A006790,S06790,Girl Child Assistance,11049,Verified,2026-03-20,BA007561,9820006151
A006791,S06791,Girl Child Assistance,12494,Verified,2026-03-11,BA007562,9820006152
A006792,S06792,Minority Welfare,11735,Verified,2026-03-20,BA007563,9820006153
A006793,S06793,Minority Welfare,16044,Verified,2026-03-21,BA007564,9820006154
A006794,S06794,SC/ST Welfare Scheme,19195,Verified,2026-03-11,BA007565,9820006155
A006795,S06795,Minority Welfare,11809,Verified,2026-03-18,BA007566,9820006156
A006796,S06796,Girl Child Assistance,12014,Verified,2026-03-16,BA007567,9820006157
A006797,S06797,SC/ST Welfare Scheme,22071,Verified,2026-03-17,BA007568,9820006158
A006798,S06798,Girl Child Assistance,14518,Verified,2026-03-26,BA007569,9820006159
A006799,S06799,Post-Matric Technical,19332,Verified,2026-03-10,BA007570,9820006160
A006800,S06800,Merit Scholarship,14975,Verified,2026-03-12,BA007571,9820006161
A006801,S06801,Post-Matric Technical,15820,Verified,2026-03-16,BA007572,9820006162
A006802,S06802,SC/ST Welfare Scheme,14272,Verified,2026-03-25,BA007573,9820006163
A006803,S06803,Girl Child Assistance,14762,Verified,2026-03-24,BA007574,9820006164
A006804,S06804,Girl Child Assistance,13801,Verified,2026-03-14,BA007575,9820006165
A006805,S06805,Minority Welfare,14784,Verified,2026-03-16,BA007576,9820006166
A006806,S06806,Minority Welfare,10538,Verified,2026-03-14,BA007577,9820006167
A006807,S06807,SC/ST Welfare Scheme,15776,Verified,2026-03-20,BA007578,9820006168
A006808,S06808,SC/ST Welfare Scheme,21904,Verified,2026-03-17,BA007579,9820006169
A006809,S06809,SC/ST Welfare Scheme,11522,Verified,2026-03-18,BA007580,9820006170
A006810,S06810,Minority Welfare,12367,Verified,2026-03-28,BA007581,9820006171
A006811,S06811,SC/ST Welfare Scheme,24208,Verified,2026-03-14,BA007582,9820006172
A006812,S06812,Minority Welfare,11548,Verified,2026-03-21,BA007583,9820006173
A006813,S06813,Minority Welfare,19299,Verified,2026-03-22,BA007584,9820006174
A006814,S06814,Merit Scholarship,26890,Verified,2026-03-13,BA007585,9820006175
A006815,S06815,SC/ST Welfare Scheme,15908,Verified,2026-03-14,BA007586,9820006176
A006816,S06816,Merit Scholarship,28793,Verified,2026-03-15,BA007587,9820006177
A006817,S06817,Post-Matric Technical,16035,Verified,2026-03-16,BA007588,9820006178
A006818,S06818,Minority Welfare,11778,Verified,2026-03-25,BA007589,9820006179
A006819,S06819,Post-Matric Technical,12377,Verified,2026-03-10,BA007590,9820006180
A006820,S06820,Girl Child Assistance,7407,Verified,2026-03-15,BA007591,9820006181
A006821,S06821,Post-Matric Technical,12733,Verified,2026-03-20,BA007592,9820006182
A006822,S06822,Girl Child Assistance,11158,Verified,2026-03-28,BA007593,9820006183
A006823,S06823,Merit Scholarship,24817,Verified,2026-03-18,BA007594,9820006184
A006824,S06824,Minority Welfare,13504,Verified,2026-03-22,BA007595,9820006185
A006825,S06825,SC/ST Welfare Scheme,11328,Verified,2026-03-26,BA007596,9820006186
A006826,S06826,Minority Welfare,15063,Verified,2026-03-12,BA007597,9820006187
A006827,S06827,Minority Welfare,17661,Verified,2026-03-18,BA007598,9820006188
A006828,S06828,Post-Matric Technical,12695,Verified,2026-03-17,BA007599,9820006189
A006829,S06829,Girl Child Assistance,8231,Verified,2026-03-18,BA007600,9820006190
A006830,S06830,Merit Scholarship,27260,Verified,2026-03-28,BA007601,9820006191
A006831,S06831,Minority Welfare,11351,Verified,2026-03-21,BA007602,9820006192
A006832,S06832,Merit Scholarship,24584,Verified,2026-03-14,BA007603,9820006193
A006833,S06833,Girl Child Assistance,12616,Verified,2026-03-24,BA007604,9820006194
A006834,S06834,Post-Matric Technical,13819,Verified,2026-03-24,BA007605,9820006195
A006835,S06835,Girl Child Assistance,14004,Verified,2026-03-23,BA007606,9820006196
A006836,S06836,Girl Child Assistance,10225,Verified,2026-03-27,BA007607,9820006197
A006837,S06837,Post-Matric Technical,15319,Verified,2026-03-17,BA007608,9820006198
A006838,S06838,Post-Matric Technical,9183,Verified,2026-03-18,BA007609,9820006199
A006839,S06839,Merit Scholarship,22399,Verified,2026-03-14,BA007610,9820006200
A006840,S06840,Post-Matric Technical,19507,Verified,2026-03-28,BA007611,9820006201
A006841,S06841,Post-Matric Technical,15986,Verified,2026-03-18,BA007612,9820006202
A006842,S06842,Merit Scholarship,21859,Verified,2026-03-19,BA007613,9820006203
A006843,S06843,Post-Matric Technical,15704,Verified,2026-03-15,BA007614,9820006204
A006844,S06844,Merit Scholarship,18459,Verified,2026-03-28,BA007615,9820006205
A006845,S06845,Girl Child Assistance,7636,Verified,2026-03-24,BA007616,9820006206
A006846,S06846,Girl Child Assistance,10639,Verified,2026-03-16,BA007617,9820006207
A006847,S06847,Merit Scholarship,27350,Verified,2026-03-14,BA007618,9820006208
A006848,S06848,Post-Matric Technical,11321,Verified,2026-03-28,BA007619,9820006209
A006849,S06849,SC/ST Welfare Scheme,18857,Verified,2026-03-11,BA007620,9820006210
A006850,S06850,Merit Scholarship,27434,Verified,2026-03-25,BA007621,9820006211
A006851,S06851,Merit Scholarship,22091,Verified,2026-03-14,BA007622,9820006212
A006852,S06852,Minority Welfare,17870,Verified,2026-03-19,BA007623,9820006213
A006853,S06853,SC/ST Welfare Scheme,12774,Verified,2026-03-21,BA007624,9820006214
A006854,S06854,Merit Scholarship,25196,Verified,2026-03-20,BA007625,9820006215
A006855,S06855,SC/ST Welfare Scheme,13609,Verified,2026-03-23,BA007626,9820006216
A006856,S06856,Merit Scholarship,27796,Verified,2026-03-21,BA007627,9820006217
A006857,S06857,Minority Welfare,12905,Verified,2026-03-17,BA007628,9820006218
A006858,S06858,Girl Child Assistance,12398,Verified,2026-03-28,BA007629,9820006219
A006859,S06859,Girl Child Assistance,9484,Verified,2026-03-28,BA007630,9820006220
A006860,S06860,Merit Scholarship,13768,Verified,2026-03-22,BA007631,9820006221
A006861,S06861,Girl Child Assistance,10773,Verified,2026-03-25,BA007632,9820006222
A006862,S06862,Girl Child Assistance,12673,Verified,2026-03-26,BA007633,9820006223
A006863,S06863,SC/ST Welfare Scheme,19312,Verified,2026-03-24,BA007634,9820006224
A006864,S06864,Merit Scholarship,18347,Verified,2026-03-15,BA007635,9820006225
A006865,S06865,Girl Child Assistance,13668,Verified,2026-03-14,BA007636,9820006226
A006866,S06866,Girl Child Assistance,12704,Verified,2026-03-16,BA007637,9820006227
A006867,S06867,Girl Child Assistance,12281,Verified,2026-03-19,BA007638,9820006228
A006868,S06868,Post-Matric Technical,20604,Verified,2026-03-18,BA007639,9820006229
A006869,S06869,Merit Scholarship,15794,Verified,2026-03-28,BA007640,9820006230
A006870,S06870,SC/ST Welfare Scheme,10794,Verified,2026-03-17,BA007641,9820006231
A006871,S06871,Merit Scholarship,28035,Verified,2026-03-16,BA007642,9820006232
A006872,S06872,Post-Matric Technical,21673,Verified,2026-03-15,BA007643,9820006233
A006873,S06873,Merit Scholarship,16319,Verified,2026-03-14,BA007644,9820006234
A006874,S06874,Minority Welfare,8500,Verified,2026-03-18,BA007645,9820006235
A006875,S06875,Minority Welfare,11176,Verified,2026-03-11,BA007646,9820006236
A006876,S06876,Minority Welfare,17395,Verified,2026-03-21,BA007647,9820006237
A006877,S06877,Minority Welfare,11965,Verified,2026-03-13,BA007648,9820006238
A006878,S06878,Minority Welfare,12848,Verified,2026-03-27,BA007649,9820006239
A006879,S06879,SC/ST Welfare Scheme,10906,Verified,2026-03-23,BA007650,9820006240
A006880,S06880,Minority Welfare,17776,Verified,2026-03-20,BA007651,9820006241
A006881,S06881,Merit Scholarship,15426,Verified,2026-03-16,BA007652,9820006242
A006882,S06882,Minority Welfare,16514,Verified,2026-03-12,BA007653,9820006243
A006883,S06883,Minority Welfare,14559,Verified,2026-03-20,BA007654,9820006244
A006884,S06884,Merit Scholarship,28962,Verified,2026-03-20,BA007655,9820006245
A006885,S06885,Merit Scholarship,21456,Verified,2026-03-27,BA007656,9820006246
A006886,S06886,Merit Scholarship,13145,Verified,2026-03-28,BA007657,9820006247
A006887,S06887,SC/ST Welfare Scheme,22638,Verified,2026-03-25,BA007658,9820006248
A006888,S06888,Girl Child Assistance,8333,Verified,2026-03-28,BA007659,9820006249
A006889,S06889,Post-Matric Technical,12835,Verified,2026-03-27,BA007660,9820006250
A006890,S06890,Minority Welfare,11675,Verified,2026-03-14,BA007661,9820006251
A006891,S06891,Minority Welfare,12977,Verified,2026-03-12,BA007662,9820006252
A006892,S06892,Minority Welfare,9836,Verified,2026-03-12,BA007663,9820006253
A006893,S06893,SC/ST Welfare Scheme,22394,Verified,2026-03-23,BA007664,9820006254
A006894,S06894,Girl Child Assistance,14291,Verified,2026-03-25,BA007665,9820006255
A006895,S06895,Post-Matric Technical,19392,Verified,2026-03-22,BA007666,9820006256
A006896,S06896,Post-Matric Technical,19400,Verified,2026-03-15,BA007667,9820006257
A006897,S06897,Merit Scholarship,18725,Verified,2026-03-19,BA007668,9820006258
A006898,S06898,SC/ST Welfare Scheme,10259,Verified,2026-03-18,BA007669,9820006259
A006899,S06899,Girl Child Assistance,10140,Verified,2026-03-19,BA007670,9820006260
A006900,S06900,Girl Child Assistance,13255,Verified,2026-03-14,BA007671,9820006261
A006901,S06901,Merit Scholarship,12055,Verified,2026-03-26,BA007672,9820006262
A006902,S06902,Merit Scholarship,27388,Verified,2026-03-11,BA007673,9820006263
A006903,S06903,Minority Welfare,11788,Verified,2026-03-12,BA007674,9820006264
A006904,S06904,Post-Matric Technical,17474,Verified,2026-03-15,BA007675,9820006265
A006905,S06905,Minority Welfare,19105,Verified,2026-03-25,BA007676,9820006266
A006906,S06906,Post-Matric Technical,11698,Verified,2026-03-15,BA007677,9820006267
A006907,S06907,SC/ST Welfare Scheme,14728,Verified,2026-03-22,BA007678,9820006268
A006908,S06908,Minority Welfare,19819,Verified,2026-03-23,BA007679,9820006269
A006909,S06909,Post-Matric Technical,19299,Verified,2026-03-26,BA007680,9820006270
A006910,S06910,Girl Child Assistance,7682,Verified,2026-03-24,BA007681,9820006271
A006911,S06911,SC/ST Welfare Scheme,21352,Verified,2026-03-23,BA007682,9820006272
A006912,S06912,Merit Scholarship,20069,Verified,2026-03-10,BA007683,9820006273
A006913,S06913,Post-Matric Technical,10175,Verified,2026-03-16,BA007684,9820006274
A006914,S06914,Post-Matric Technical,20825,Verified,2026-03-17,BA007685,9820006275
A006915,S06915,Minority Welfare,19334,Verified,2026-03-12,BA007686,9820006276
A006916,S06916,Post-Matric Technical,21059,Verified,2026-03-26,BA007687,9820006277
A006917,S06917,Minority Welfare,17835,Verified,2026-03-19,BA007688,9820006278
A006918,S06918,Merit Scholarship,25162,Verified,2026-03-12,BA007689,9820006279
A006919,S06919,Girl Child Assistance,11123,Verified,2026-03-18,BA007690,9820006280
A006920,S06920,Minority Welfare,14416,Verified,2026-03-16,BA007691,9820006281
A006921,S06921,SC/ST Welfare Scheme,12109,Verified,2026-03-26,BA007692,9820006282
A006922,S06922,Post-Matric Technical,10860,Verified,2026-03-23,BA007693,9820006283
A006923,S06923,Merit Scholarship,12993,Verified,2026-03-22,BA007694,9820006284
A006924,S06924,Girl Child Assistance,9711,Verified,2026-03-22,BA007695,9820006285
A006925,S06925,SC/ST Welfare Scheme,15888,Verified,2026-03-27,BA007696,9820006286
A006926,S06926,SC/ST Welfare Scheme,24073,Verified,2026-03-11,BA007697,9820006287
A006927,S06927,SC/ST Welfare Scheme,16246,Verified,2026-03-23,BA007698,9820006288
A006928,S06928,Merit Scholarship,20553,Verified,2026-03-16,BA007699,9820006289
A006929,S06929,Girl Child Assistance,7879,Verified,2026-03-23,BA007700,9820006290
A006930,S06930,Merit Scholarship,28577,Verified,2026-03-22,BA007701,9820006291
A006931,S06931,Girl Child Assistance,14659,Verified,2026-03-21,BA007702,9820006292
A006932,S06932,Minority Welfare,11953,Verified,2026-03-27,BA007703,9820006293
A006933,S06933,Post-Matric Technical,16640,Verified,2026-03-19,BA007704,9820006294
A006934,S06934,Minority Welfare,12394,Verified,2026-03-20,BA007705,9820006295
A006935,S06935,Merit Scholarship,25404,Verified,2026-03-10,BA007706,9820006296
A006936,S06936,SC/ST Welfare Scheme,22491,Verified,2026-03-12,BA007707,9820006297
A006937,S06937,Girl Child Assistance,8863,Verified,2026-03-10,BA007708,9820006298
A006938,S06938,Merit Scholarship,16385,Verified,2026-03-25,BA007709,9820006299
A006939,S06939,Girl Child Assistance,13408,Verified,2026-03-14,BA007710,9820006300
A006940,S06940,SC/ST Welfare Scheme,24921,Verified,2026-03-27,BA007711,9820006301
A006941,S06941,Girl Child Assistance,12470,Verified,2026-03-22,BA007712,9820006302
A006942,S06942,SC/ST Welfare Scheme,22066,Verified,2026-03-24,BA007713,9820006303
A006943,S06943,SC/ST Welfare Scheme,11317,Verified,2026-03-21,BA007714,9820006304
A006944,S06944,Merit Scholarship,25195,Verified,2026-03-16,BA007715,9820006305
A006945,S06945,Girl Child Assistance,12568,Verified,2026-03-22,BA007716,9820006306
A006946,S06946,SC/ST Welfare Scheme,17902,Verified,2026-03-21,BA007717,9820006307
A006947,S06947,Post-Matric Technical,10426,Verified,2026-03-25,BA007718,9820006308
A006948,S06948,SC/ST Welfare Scheme,12496,Verified,2026-03-13,BA007719,9820006309
A006949,S06949,Post-Matric Technical,11663,Verified,2026-03-24,BA007720,9820006310
A006950,S06950,Minority Welfare,16063,Verified,2026-03-16,BA007721,9820006311
A006951,S06951,Girl Child Assistance,10526,Verified,2026-03-25,BA007722,9820006312
A006952,S06952,Merit Scholarship,21886,Verified,2026-03-24,BA007723,9820006313
A006953,S06953,Girl Child Assistance,7643,Verified,2026-03-22,BA007724,9820006314
A006954,S06954,Merit Scholarship,24888,Verified,2026-03-21,BA007725,9820006315
A006955,S06955,Minority Welfare,14554,Verified,2026-03-27,BA007726,9820006316
A006956,S06956,Minority Welfare,13676,Verified,2026-03-25,BA007727,9820006317
A006957,S06957,SC/ST Welfare Scheme,10020,Verified,2026-03-22,BA007728,9820006318
A006958,S06958,Merit Scholarship,25689,Verified,2026-03-26,BA007729,9820006319
A006959,S06959,Girl Child Assistance,10960,Verified,2026-03-13,BA007730,9820006320
A006960,S06960,Post-Matric Technical,14976,Verified,2026-03-27,BA007731,9820006321
A006961,S06961,Merit Scholarship,25359,Verified,2026-03-15,BA007732,9820006322
A006962,S06962,Merit Scholarship,16567,Verified,2026-03-13,BA007733,9820006323
A006963,S06963,SC/ST Welfare Scheme,17944,Verified,2026-03-27,BA007734,9820006324
A006964,S06964,Girl Child Assistance,12506,Verified,2026-03-27,BA007735,9820006325
A006965,S06965,SC/ST Welfare Scheme,14671,Verified,2026-03-13,BA007736,9820006326
A006966,S06966,Post-Matric Technical,12044,Verified,2026-03-12,BA007737,9820006327
A006967,S06967,Girl Child Assistance,13635,Verified,2026-03-22,BA007738,9820006328
A006968,S06968,Minority Welfare,16229,Verified,2026-03-10,BA007739,9820006329
A006969,S06969,Post-Matric Technical,12676,Verified,2026-03-26,BA007740,9820006330
A006970,S06970,Merit Scholarship,28730,Verified,2026-03-12,BA007741,9820006331
A006971,S06971,Minority Welfare,8542,Verified,2026-03-12,BA007742,9820006332
A006972,S06972,SC/ST Welfare Scheme,22533,Verified,2026-03-27,BA007743,9820006333
A006973,S06973,Post-Matric Technical,14494,Verified,2026-03-10,BA007744,9820006334
A006974,S06974,SC/ST Welfare Scheme,15798,Verified,2026-03-28,BA007745,9820006335
A006975,S06975,Girl Child Assistance,10276,Verified,2026-03-23,BA007746,9820006336
A006976,S06976,Minority Welfare,16039,Verified,2026-03-22,BA007747,9820006337
A006977,S06977,Merit Scholarship,15893,Verified,2026-03-19,BA007748,9820006338
A006978,S06978,Merit Scholarship,24368,Verified,2026-03-11,BA007749,9820006339
A006979,S06979,Merit Scholarship,29245,Verified,2026-03-25,BA007750,9820006340
A006980,S06980,Girl Child Assistance,9172,Verified,2026-03-14,BA007751,9820006341
A006981,S06981,SC/ST Welfare Scheme,13060,Verified,2026-03-20,BA007752,9820006342
A006982,S06982,Post-Matric Technical,13289,Verified,2026-03-23,BA007753,9820006343
A006983,S06983,Merit Scholarship,19468,Verified,2026-03-25,BA007754,9820006344
A006984,S06984,Merit Scholarship,27566,Verified,2026-03-15,BA007755,9820006345
A006985,S06985,SC/ST Welfare Scheme,13382,Verified,2026-03-10,BA007756,9820006346
A006986,S06986,Girl Child Assistance,8000,Verified,2026-03-28,BA007757,9820006347
A006987,S06987,SC/ST Welfare Scheme,21580,Verified,2026-03-26,BA007758,9820006348
A006988,S06988,Minority Welfare,17303,Verified,2026-03-27,BA007759,9820006349
A006989,S06989,Girl Child Assistance,8903,Verified,2026-03-26,BA007760,9820006350
A006990,S06990,Merit Scholarship,27037,Verified,2026-03-23,BA007761,9820006351
A006991,S06991,Post-Matric Technical,21588,Verified,2026-03-28,BA007762,9820006352
A006992,S06992,SC/ST Welfare Scheme,24116,Verified,2026-03-24,BA007763,9820006353
A006993,S06993,SC/ST Welfare Scheme,20995,Verified,2026-03-17,BA007764,9820006354
A006994,S06994,Minority Welfare,16610,Verified,2026-03-26,BA007765,9820006355
A006995,S06995,Post-Matric Technical,12987,Verified,2026-03-12,BA007766,9820006356
A006996,S06996,Girl Child Assistance,7091,Verified,2026-03-27,BA007767,9820006357
A006997,S06997,SC/ST Welfare Scheme,18962,Verified,2026-03-13,BA007768,9820006358
A006998,S06998,Minority Welfare,16585,Verified,2026-03-12,BA007769,9820006359
A006999,S06999,Merit Scholarship,18603,Verified,2026-03-12,BA007770,9820006360
A007000,S07000,SC/ST Welfare Scheme,11882,Verified,2026-03-10,BA007771,9820006361
A007001,S07001,SC/ST Welfare Scheme,22282,Verified,2026-03-10,BA007772,9820006362
A007002,S07002,Merit Scholarship,20902,Verified,2026-03-26,BA007773,9820006363
A007003,S07003,Minority Welfare,14270,Verified,2026-03-19,BA007774,9820006364
A007004,S07004,Girl Child Assistance,11370,Verified,2026-03-28,BA007775,9820006365
A007005,S07005,Minority Welfare,11709,Verified,2026-03-12,BA007776,9820006366
A007006,S07006,SC/ST Welfare Scheme,16804,Verified,2026-03-28,BA007777,9820006367
A007007,S07007,Post-Matric Technical,16758,Verified,2026-03-25,BA007778,9820006368
A007008,S07008,Minority Welfare,16991,Verified,2026-03-18,BA007779,9820006369
A007009,S07009,Post-Matric Technical,12571,Verified,2026-03-15,BA007780,9820006370
A007010,S07010,Minority Welfare,12911,Verified,2026-03-21,BA007781,9820006371
A007011,S07011,Merit Scholarship,17292,Verified,2026-03-26,BA007782,9820006372
A007012,S07012,Merit Scholarship,29724,Verified,2026-03-25,BA007783,9820006373
A007013,S07013,Girl Child Assistance,13637,Verified,2026-03-21,BA007784,9820006374
A007014,S07014,Post-Matric Technical,16025,Verified,2026-03-13,BA007785,9820006375
A007015,S07015,Girl Child Assistance,9217,Verified,2026-03-11,BA007786,9820006376
A007016,S07016,Merit Scholarship,22171,Verified,2026-03-11,BA007787,9820006377
A007017,S07017,Post-Matric Technical,18620,Verified,2026-03-24,BA007788,9820006378
A007018,S07018,Minority Welfare,11662,Verified,2026-03-17,BA007789,9820006379
A007019,S07019,Merit Scholarship,15039,Verified,2026-03-25,BA007790,9820006380
A007020,S07020,Merit Scholarship,20122,Verified,2026-03-10,BA007791,9820006381
A007021,S07021,Post-Matric Technical,19242,Verified,2026-03-28,BA007792,9820006382
A007022,S07022,SC/ST Welfare Scheme,19678,Verified,2026-03-18,BA007793,9820006383
A007023,S07023,Post-Matric Technical,19537,Verified,2026-03-22,BA007794,9820006384
A007024,S07024,Girl Child Assistance,13944,Verified,2026-03-25,BA007795,9820006385
A007025,S07025,Merit Scholarship,25271,Verified,2026-03-14,BA007796,9820006386
A007026,S07026,Minority Welfare,8765,Verified,2026-03-13,BA007797,9820006387
A007027,S07027,Merit Scholarship,23270,Verified,2026-03-14,BA007798,9820006388
A007028,S07028,Girl Child Assistance,7800,Verified,2026-03-19,BA007799,9820006389
A007029,S07029,Post-Matric Technical,20309,Verified,2026-03-17,BA007800,9820006390
A007030,S07030,Post-Matric Technical,15123,Verified,2026-03-17,BA007801,9820006391
A007031,S07031,Post-Matric Technical,9582,Verified,2026-03-11,BA007802,9820006392
A007032,S07032,Girl Child Assistance,7883,Verified,2026-03-17,BA007803,9820006393
A007033,S07033,Merit Scholarship,28698,Verified,2026-03-22,BA007804,9820006394
A007034,S07034,SC/ST Welfare Scheme,19789,Verified,2026-03-20,BA007805,9820006395
A007035,S07035,Girl Child Assistance,9014,Verified,2026-03-19,BA007806,9820006396
A007036,S07036,SC/ST Welfare Scheme,10415,Verified,2026-03-12,BA007807,9820006397
A007037,S07037,SC/ST Welfare Scheme,13038,Verified,2026-03-11,BA007808,9820006398
A007038,S07038,Minority Welfare,17812,Verified,2026-03-27,BA007809,9820006399
A007039,S07039,Girl Child Assistance,7323,Verified,2026-03-24,BA007810,9820006400
A007040,S07040,Minority Welfare,12162,Verified,2026-03-28,BA007811,9820006401
A007041,S07041,Girl Child Assistance,9611,Verified,2026-03-17,BA007812,9820006402
A007042,S07042,Girl Child Assistance,7863,Verified,2026-03-19,BA007813,9820006403
A007043,S07043,SC/ST Welfare Scheme,14819,Verified,2026-03-27,BA007814,9820006404
A007044,S07044,SC/ST Welfare Scheme,12526,Verified,2026-03-21,BA007815,9820006405
A007045,S07045,Post-Matric Technical,20188,Verified,2026-03-11,BA007816,9820006406
A007046,S07046,Merit Scholarship,23133,Verified,2026-03-26,BA007817,9820006407
A007047,S07047,Merit Scholarship,19829,Verified,2026-03-25,BA007818,9820006408
A007048,S07048,SC/ST Welfare Scheme,19965,Verified,2026-03-27,BA007819,9820006409
A007049,S07049,Girl Child Assistance,9522,Verified,2026-03-10,BA007820,9820006410
A007050,S07050,SC/ST Welfare Scheme,24938,Verified,2026-03-18,BA007821,9820006411
A007051,S07051,SC/ST Welfare Scheme,14901,Verified,2026-03-11,BA007822,9820006412
A007052,S07052,Merit Scholarship,13349,Verified,2026-03-19,BA007823,9820006413
A007053,S07053,SC/ST Welfare Scheme,15077,Verified,2026-03-13,BA007824,9820006414
A007054,S07054,SC/ST Welfare Scheme,23922,Verified,2026-03-28,BA007825,9820006415
A007055,S07055,SC/ST Welfare Scheme,20271,Verified,2026-03-16,BA007826,9820006416
A007056,S07056,Merit Scholarship,13333,Verified,2026-03-16,BA007827,9820006417
A007057,S07057,Girl Child Assistance,13731,Verified,2026-03-26,BA007828,9820006418
A007058,S07058,Post-Matric Technical,15317,Verified,2026-03-23,BA007829,9820006419
A007059,S07059,Minority Welfare,11502,Verified,2026-03-17,BA007830,9820006420
A007060,S07060,Post-Matric Technical,10770,Verified,2026-03-18,BA007831,9820006421
A007061,S07061,Girl Child Assistance,11220,Verified,2026-03-19,BA007832,9820006422
A007062,S07062,Minority Welfare,16474,Verified,2026-03-10,BA007833,9820006423
A007063,S07063,Minority Welfare,11350,Verified,2026-03-15,BA007834,9820006424
A007064,S07064,Merit Scholarship,25062,Verified,2026-03-11,BA007835,9820006425
A007065,S07065,SC/ST Welfare Scheme,18911,Verified,2026-03-12,BA007836,9820006426
A007066,S07066,Post-Matric Technical,15869,Verified,2026-03-14,BA007837,9820006427
A007067,S07067,Post-Matric Technical,10422,Verified,2026-03-10,BA007838,9820006428
A007068,S07068,Minority Welfare,11324,Verified,2026-03-20,BA007839,9820006429
A007069,S07069,Girl Child Assistance,13099,Verified,2026-03-16,BA007840,9820006430
A007070,S07070,Girl Child Assistance,8432,Verified,2026-03-21,BA007841,9820006431
A007071,S07071,Minority Welfare,9215,Verified,2026-03-11,BA007842,9820006432
A007072,S07072,Merit Scholarship,14367,Verified,2026-03-14,BA007843,9820006433
A007073,S07073,Merit Scholarship,27429,Verified,2026-03-27,BA007844,9820006434
A007074,S07074,Merit Scholarship,15062,Verified,2026-03-25,BA007845,9820006435
A007075,S07075,SC/ST Welfare Scheme,10900,Verified,2026-03-19,BA007846,9820006436
A007076,S07076,Merit Scholarship,14296,Verified,2026-03-23,BA007847,9820006437
A007077,S07077,Girl Child Assistance,14151,Verified,2026-03-17,BA007848,9820006438
A007078,S07078,Post-Matric Technical,19573,Verified,2026-03-21,BA007849,9820006439
A007079,S07079,Minority Welfare,16420,Verified,2026-03-15,BA007850,9820006440
A007080,S07080,Girl Child Assistance,7487,Verified,2026-03-19,BA007851,9820006441
A007081,S07081,SC/ST Welfare Scheme,16274,Verified,2026-03-18,BA007852,9820006442
A007082,S07082,SC/ST Welfare Scheme,10236,Verified,2026-03-12,BA007853,9820006443
A007083,S07083,Merit Scholarship,29450,Verified,2026-03-12,BA007854,9820006444
A007084,S07084,Girl Child Assistance,12383,Verified,2026-03-27,BA007855,9820006445
A007085,S07085,SC/ST Welfare Scheme,15286,Verified,2026-03-18,BA007856,9820006446
A007086,S07086,Minority Welfare,9682,Verified,2026-03-11,BA007857,9820006447
A007087,S07087,Minority Welfare,9620,Verified,2026-03-19,BA007858,9820006448
A007088,S07088,Post-Matric Technical,20151,Verified,2026-03-18,BA007859,9820006449
A007089,S07089,Post-Matric Technical,14549,Verified,2026-03-18,BA007860,9820006450
A007090,S07090,Post-Matric Technical,10205,Verified,2026-03-23,BA007861,9820006451
A007091,S07091,SC/ST Welfare Scheme,14105,Verified,2026-03-14,BA007862,9820006452
A007092,S07092,Merit Scholarship,17247,Verified,2026-03-15,BA007863,9820006453
A007093,S07093,SC/ST Welfare Scheme,16298,Verified,2026-03-19,BA007864,9820006454
A007094,S07094,Girl Child Assistance,7085,Verified,2026-03-10,BA007865,9820006455
A007095,S07095,Girl Child Assistance,14173,Verified,2026-03-24,BA007866,9820006456
A007096,S07096,Girl Child Assistance,11841,Verified,2026-03-27,BA007867,9820006457
A007097,S07097,Merit Scholarship,29017,Verified,2026-03-12,BA007868,9820006458
A007098,S07098,Girl Child Assistance,10470,Verified,2026-03-20,BA007869,9820006459
A007099,S07099,Girl Child Assistance,11509,Verified,2026-03-15,BA007870,9820006460
A007100,S07100,SC/ST Welfare Scheme,23243,Verified,2026-03-11,BA007871,9820006461
A007101,S07101,SC/ST Welfare Scheme,19587,Verified,2026-03-27,BA007872,9820006462
A007102,S07102,Girl Child Assistance,13417,Verified,2026-03-25,BA007873,9820006463
A007103,S07103,Girl Child Assistance,14335,Verified,2026-03-22,BA007874,9820006464
A007104,S07104,Merit Scholarship,12795,Verified,2026-03-14,BA007875,9820006465
A007105,S07105,Minority Welfare,18716,Verified,2026-03-22,BA007876,9820006466
A007106,S07106,Girl Child Assistance,7871,Verified,2026-03-23,BA007877,9820006467
A007107,S07107,Merit Scholarship,26585,Verified,2026-03-27,BA007878,9820006468
A007108,S07108,Merit Scholarship,12085,Verified,2026-03-28,BA007879,9820006469
A007109,S07109,Minority Welfare,17303,Verified,2026-03-21,BA007880,9820006470
A007110,S07110,Merit Scholarship,23785,Verified,2026-03-16,BA007881,9820006471
A007111,S07111,Post-Matric Technical,13492,Verified,2026-03-28,BA007882,9820006472
A007112,S07112,Post-Matric Technical,19914,Verified,2026-03-17,BA007883,9820006473
A007113,S07113,Merit Scholarship,16546,Verified,2026-03-28,BA007884,9820006474
A007114,S07114,Post-Matric Technical,16997,Verified,2026-03-14,BA007885,9820006475
A007115,S07115,Girl Child Assistance,12044,Verified,2026-03-26,BA007886,9820006476
A007116,S07116,Post-Matric Technical,17694,Verified,2026-03-27,BA007887,9820006477
A007117,S07117,Post-Matric Technical,9639,Verified,2026-03-12,BA007888,9820006478
A007118,S07118,SC/ST Welfare Scheme,11429,Verified,2026-03-11,BA007889,9820006479
A007119,S07119,Minority Welfare,8577,Verified,2026-03-11,BA007890,9820006480
A007120,S07120,SC/ST Welfare Scheme,13526,Verified,2026-03-13,BA007891,9820006481
A007121,S07121,Merit Scholarship,29735,Verified,2026-03-27,BA007892,9820006482
A007122,S07122,SC/ST Welfare Scheme,24154,Verified,2026-03-27,BA007893,9820006483
A007123,S07123,SC/ST Welfare Scheme,11586,Verified,2026-03-25,BA007894,9820006484
A007124,S07124,SC/ST Welfare Scheme,12797,Verified,2026-03-16,BA007895,9820006485
A007125,S07125,SC/ST Welfare Scheme,21412,Verified,2026-03-25,BA007896,9820006486
A007126,S07126,Girl Child Assistance,13501,Verified,2026-03-12,BA007897,9820006487
A007127,S07127,Merit Scholarship,15758,Verified,2026-03-27,BA007898,9820006488
A007128,S07128,Merit Scholarship,12752,Verified,2026-03-28,BA007899,9820006489
A007129,S07129,Minority Welfare,8304,Verified,2026-03-15,BA007900,9820006490
A007130,S07130,SC/ST Welfare Scheme,14208,Verified,2026-03-16,BA007901,9820006491
A007131,S07131,SC/ST Welfare Scheme,23245,Verified,2026-03-22,BA007902,9820006492
A007132,S07132,Minority Welfare,16062,Verified,2026-03-16,BA007903,9820006493
A007133,S07133,Girl Child Assistance,7141,Verified,2026-03-16,BA007904,9820006494
A007134,S07134,SC/ST Welfare Scheme,20928,Verified,2026-03-23,BA007905,9820006495
A007135,S07135,Minority Welfare,15594,Verified,2026-03-27,BA007906,9820006496
A007136,S07136,Post-Matric Technical,18715,Verified,2026-03-10,BA007907,9820006497
A007137,S07137,Minority Welfare,12341,Verified,2026-03-14,BA007908,9820006498
A007138,S07138,SC/ST Welfare Scheme,21390,Verified,2026-03-24,BA007909,9820006499
A007139,S07139,SC/ST Welfare Scheme,14359,Verified,2026-03-17,BA007910,9820006500
A007140,S07140,SC/ST Welfare Scheme,19888,Verified,2026-03-25,BA007911,9820006501
A007141,S07141,Merit Scholarship,23688,Verified,2026-03-28,BA007912,9820006502
A007142,S07142,Post-Matric Technical,13592,Verified,2026-03-22,BA007913,9820006503
A007143,S07143,Post-Matric Technical,17362,Verified,2026-03-13,BA007914,9820006504
A007144,S07144,SC/ST Welfare Scheme,12323,Verified,2026-03-15,BA007915,9820006505
A007145,S07145,SC/ST Welfare Scheme,20398,Verified,2026-03-14,BA007916,9820006506
A007146,S07146,Merit Scholarship,22334,Verified,2026-03-11,BA007917,9820006507
A007147,S07147,Merit Scholarship,21595,Verified,2026-03-22,BA007918,9820006508
A007148,S07148,Merit Scholarship,18701,Verified,2026-03-24,BA007919,9820006509
A007149,S07149,Girl Child Assistance,14934,Verified,2026-03-28,BA007920,9820006510
A007150,S07150,Minority Welfare,15041,Verified,2026-03-18,BA007921,9820006511
A007151,S07151,Girl Child Assistance,12551,Verified,2026-03-27,BA007922,9820006512
A007152,S07152,Minority Welfare,9585,Verified,2026-03-21,BA007923,9820006513
A007153,S07153,Girl Child Assistance,12689,Verified,2026-03-24,BA007924,9820006514
A007154,S07154,SC/ST Welfare Scheme,18943,Verified,2026-03-12,BA007925,9820006515
A007155,S07155,Merit Scholarship,18589,Verified,2026-03-27,BA007926,9820006516
A007156,S07156,SC/ST Welfare Scheme,23487,Verified,2026-03-12,BA007927,9820006517
A007157,S07157,Girl Child Assistance,10107,Verified,2026-03-13,BA007928,9820006518
A007158,S07158,Merit Scholarship,20435,Verified,2026-03-21,BA007929,9820006519
A007159,S07159,SC/ST Welfare Scheme,11757,Verified,2026-03-14,BA007930,9820006520
A007160,S07160,Merit Scholarship,24490,Verified,2026-03-22,BA007931,9820006521
A007161,S07161,Merit Scholarship,19438,Verified,2026-03-28,BA007932,9820006522
A007162,S07162,Merit Scholarship,21549,Verified,2026-03-23,BA007933,9820006523
A007163,S07163,SC/ST Welfare Scheme,13602,Verified,2026-03-16,BA007934,9820006524
A007164,S07164,Post-Matric Technical,15053,Verified,2026-03-17,BA007935,9820006525
A007165,S07165,Post-Matric Technical,20036,Verified,2026-03-10,BA007936,9820006526
A007166,S07166,SC/ST Welfare Scheme,18366,Verified,2026-03-17,BA007937,9820006527
A007167,S07167,Post-Matric Technical,9034,Verified,2026-03-20,BA007938,9820006528
A007168,S07168,Merit Scholarship,20196,Verified,2026-03-26,BA007939,9820006529
A007169,S07169,Minority Welfare,14625,Verified,2026-03-15,BA007940,9820006530
A007170,S07170,Girl Child Assistance,7189,Verified,2026-03-13,BA007941,9820006531
A007171,S07171,Minority Welfare,12252,Verified,2026-03-15,BA007942,9820006532
A007172,S07172,Minority Welfare,18238,Verified,2026-03-22,BA007943,9820006533
A007173,S07173,Girl Child Assistance,11447,Verified,2026-03-12,BA007944,9820006534
A007174,S07174,Girl Child Assistance,14615,Verified,2026-03-14,BA007945,9820006535
A007175,S07175,Merit Scholarship,24759,Verified,2026-03-10,BA007946,9820006536
A007176,S07176,Post-Matric Technical,18823,Verified,2026-03-14,BA007947,9820006537
A007177,S07177,Girl Child Assistance,12569,Verified,2026-03-10,BA007948,9820006538
A007178,S07178,Girl Child Assistance,10889,Verified,2026-03-19,BA007949,9820006539
A007179,S07179,Minority Welfare,16117,Verified,2026-03-13,BA007950,9820006540
A007180,S07180,Merit Scholarship,25083,Verified,2026-03-19,BA007951,9820006541
A007181,S07181,Minority Welfare,9904,Verified,2026-03-18,BA007952,9820006542
A007182,S07182,Girl Child Assistance,13437,Verified,2026-03-22,BA007953,9820006543
A007183,S07183,SC/ST Welfare Scheme,12795,Verified,2026-03-24,BA007954,9820006544
A007184,S07184,Merit Scholarship,17759,Verified,2026-03-27,BA007955,9820006545
A007185,S07185,Post-Matric Technical,21295,Verified,2026-03-17,BA007956,9820006546
A007186,S07186,Girl Child Assistance,7345,Verified,2026-03-15,BA007957,9820006547
A007187,S07187,Merit Scholarship,16499,Verified,2026-03-10,BA007958,9820006548
A007188,S07188,Girl Child Assistance,10641,Verified,2026-03-20,BA007959,9820006549
A007189,S07189,Post-Matric Technical,14933,Verified,2026-03-26,BA007960,9820006550
A007190,S07190,SC/ST Welfare Scheme,18402,Verified,2026-03-26,BA007961,9820006551
A007191,S07191,Minority Welfare,13979,Verified,2026-03-28,BA007962,9820006552
A007192,S07192,SC/ST Welfare Scheme,10623,Verified,2026-03-20,BA007963,9820006553
A007193,S07193,Post-Matric Technical,19761,Verified,2026-03-28,BA007964,9820006554
A007194,S07194,SC/ST Welfare Scheme,20352,Verified,2026-03-23,BA007965,9820006555
A007195,S07195,Merit Scholarship,26095,Verified,2026-03-16,BA007966,9820006556
A007196,S07196,Merit Scholarship,25865,Verified,2026-03-25,BA007967,9820006557
A007197,S07197,Post-Matric Technical,12483,Verified,2026-03-23,BA007968,9820006558
A007198,S07198,Girl Child Assistance,11189,Verified,2026-03-24,BA007969,9820006559
A007199,S07199,Girl Child Assistance,11519,Verified,2026-03-23,BA007970,9820006560
A007200,S07200,Minority Welfare,15309,Verified,2026-03-15,BA007971,9820006561
A007201,S07201,Merit Scholarship,17655,Verified,2026-03-26,BA007972,9820006562
A007202,S07202,Post-Matric Technical,18269,Verified,2026-03-24,BA007973,9820006563
A007203,S07203,Merit Scholarship,14352,Verified,2026-03-15,BA007974,9820006564
A007204,S07204,Post-Matric Technical,14478,Verified,2026-03-15,BA007975,9820006565
A007205,S07205,Minority Welfare,17051,Verified,2026-03-12,BA007976,9820006566
A007206,S07206,Girl Child Assistance,7911,Verified,2026-03-12,BA007977,9820006567
A007207,S07207,Merit Scholarship,13794,Verified,2026-03-27,BA007978,9820006568
A007208,S07208,Merit Scholarship,27320,Verified,2026-03-10,BA007979,9820006569
A007209,S07209,Post-Matric Technical,10564,Verified,2026-03-12,BA007980,9820006570
A007210,S07210,SC/ST Welfare Scheme,14594,Verified,2026-03-11,BA007981,9820006571
A007211,S07211,Minority Welfare,15446,Verified,2026-03-16,BA007982,9820006572
A007212,S07212,Merit Scholarship,14629,Verified,2026-03-12,BA007983,9820006573
A007213,S07213,SC/ST Welfare Scheme,19278,Verified,2026-03-14,BA007984,9820006574
A007214,S07214,Minority Welfare,11353,Verified,2026-03-23,BA007985,9820006575
A007215,S07215,Merit Scholarship,20972,Verified,2026-03-24,BA007986,9820006576
A007216,S07216,Minority Welfare,17662,Verified,2026-03-23,BA007987,9820006577
A007217,S07217,Minority Welfare,15584,Verified,2026-03-27,BA007988,9820006578
A007218,S07218,Girl Child Assistance,7507,Verified,2026-03-15,BA007989,9820006579
A007219,S07219,Post-Matric Technical,19708,Verified,2026-03-14,BA007990,9820006580
A007220,S07220,Girl Child Assistance,7258,Verified,2026-03-26,BA007991,9820006581
A007221,S07221,Girl Child Assistance,7921,Verified,2026-03-13,BA007992,9820006582
A007222,S07222,Girl Child Assistance,9072,Verified,2026-03-18,BA007993,9820006583
A007223,S07223,Minority Welfare,13436,Verified,2026-03-12,BA007994,9820006584
A007224,S07224,Minority Welfare,9160,Verified,2026-03-23,BA007995,9820006585
A007225,S07225,Post-Matric Technical,17882,Verified,2026-03-26,BA007996,9820006586
A007226,S07226,Merit Scholarship,17246,Verified,2026-03-15,BA007997,9820006587
A007227,S07227,Girl Child Assistance,9353,Verified,2026-03-27,BA007998,9820006588
A007228,S07228,Post-Matric Technical,20656,Verified,2026-03-12,BA007999,9820006589
A007229,S07229,Post-Matric Technical,12165,Verified,2026-03-24,BA008000,9820006590
A007230,S07230,Minority Welfare,19380,Verified,2026-03-21,BA008001,9820006591
A007231,S07231,SC/ST Welfare Scheme,19627,Verified,2026-03-24,BA008002,9820006592
A007232,S07232,Merit Scholarship,13539,Verified,2026-03-24,BA008003,9820006593
A007233,S07233,Merit Scholarship,27176,Verified,2026-03-11,BA008004,9820006594
A007234,S07234,Post-Matric Technical,16839,Verified,2026-03-17,BA008005,9820006595
A007235,S07235,SC/ST Welfare Scheme,20391,Verified,2026-03-25,BA008006,9820006596
A007236,S07236,Post-Matric Technical,14910,Verified,2026-03-24,BA008007,9820006597
A007237,S07237,Post-Matric Technical,20011,Verified,2026-03-22,BA008008,9820006598
A007238,S07238,Minority Welfare,17236,Verified,2026-03-11,BA008009,9820006599
A007239,S07239,SC/ST Welfare Scheme,21726,Verified,2026-03-22,BA008010,9820006600
A007240,S07240,Girl Child Assistance,7631,Verified,2026-03-17,BA008011,9820006601
A007241,S07241,SC/ST Welfare Scheme,18716,Verified,2026-03-21,BA008012,9820006602
A007242,S07242,Merit Scholarship,12812,Verified,2026-03-19,BA008013,9820006603
A007243,S07243,Post-Matric Technical,9900,Verified,2026-03-11,BA008014,9820006604
A007244,S07244,Girl Child Assistance,8024,Verified,2026-03-13,BA008015,9820006605
A007245,S07245,Post-Matric Technical,20365,Verified,2026-03-27,BA008016,9820006606
A007246,S07246,Merit Scholarship,15171,Verified,2026-03-25,BA008017,9820006607
A007247,S07247,Girl Child Assistance,8924,Verified,2026-03-10,BA008018,9820006608
A007248,S07248,Minority Welfare,12569,Verified,2026-03-20,BA008019,9820006609
A007249,S07249,Post-Matric Technical,21920,Verified,2026-03-27,BA008020,9820006610
A007250,S07250,Merit Scholarship,14212,Verified,2026-03-23,BA008021,9820006611
A007251,S07251,Minority Welfare,15915,Verified,2026-03-13,BA008022,9820006612
A007252,S07252,Girl Child Assistance,13554,Verified,2026-03-25,BA008023,9820006613
A007253,S07253,Post-Matric Technical,12584,Verified,2026-03-14,BA008024,9820006614
A007254,S07254,Girl Child Assistance,14219,Verified,2026-03-12,BA008025,9820006615
A007255,S07255,Minority Welfare,13457,Verified,2026-03-17,BA008026,9820006616
A007256,S07256,Girl Child Assistance,9299,Verified,2026-03-23,BA008027,9820006617
A007257,S07257,Merit Scholarship,28625,Verified,2026-03-12,BA008028,9820006618
A007258,S07258,Minority Welfare,15061,Verified,2026-03-20,BA008029,9820006619
A007259,S07259,Merit Scholarship,23897,Verified,2026-03-11,BA008030,9820006620
A007260,S07260,Minority Welfare,12667,Verified,2026-03-15,BA008031,9820006621
A007261,S07261,Girl Child Assistance,12848,Verified,2026-03-15,BA008032,9820006622
A007262,S07262,Girl Child Assistance,7140,Verified,2026-03-11,BA008033,9820006623
A007263,S07263,Minority Welfare,15554,Verified,2026-03-17,BA008034,9820006624
A007264,S07264,SC/ST Welfare Scheme,19012,Verified,2026-03-28,BA008035,9820006625
A007265,S07265,Post-Matric Technical,17114,Verified,2026-03-22,BA008036,9820006626
A007266,S07266,Merit Scholarship,20337,Verified,2026-03-20,BA008037,9820006627
A007267,S07267,Minority Welfare,13588,Verified,2026-03-12,BA008038,9820006628
A007268,S07268,Post-Matric Technical,17649,Verified,2026-03-23,BA008039,9820006629
A007269,S07269,Minority Welfare,9767,Verified,2026-03-12,BA008040,9820006630
A007270,S07270,Minority Welfare,14888,Verified,2026-03-25,BA008041,9820006631
A007271,S07271,Merit Scholarship,15840,Verified,2026-03-12,BA008042,9820006632
A007272,S07272,Girl Child Assistance,11156,Verified,2026-03-25,BA008043,9820006633
A007273,S07273,Merit Scholarship,25853,Verified,2026-03-10,BA008044,9820006634
A007274,S07274,Girl Child Assistance,11148,Verified,2026-03-13,BA008045,9820006635
A007275,S07275,Minority Welfare,14049,Verified,2026-03-26,BA008046,9820006636
A007276,S07276,Girl Child Assistance,11857,Verified,2026-03-23,BA008047,9820006637
A007277,S07277,Girl Child Assistance,8298,Verified,2026-03-16,BA008048,9820006638
A007278,S07278,Post-Matric Technical,21789,Verified,2026-03-28,BA008049,9820006639
A007279,S07279,Merit Scholarship,17011,Verified,2026-03-18,BA008050,9820006640
A007280,S07280,Post-Matric Technical,20028,Verified,2026-03-13,BA008051,9820006641
A007281,S07281,SC/ST Welfare Scheme,14038,Verified,2026-03-18,BA008052,9820006642
A007282,S07282,SC/ST Welfare Scheme,19284,Verified,2026-03-16,BA008053,9820006643
A007283,S07283,Minority Welfare,17717,Verified,2026-03-22,BA008054,9820006644
A007284,S07284,SC/ST Welfare Scheme,20935,Verified,2026-03-18,BA008055,9820006645
A007285,S07285,SC/ST Welfare Scheme,24234,Verified,2026-03-10,BA008056,9820006646
A007286,S07286,SC/ST Welfare Scheme,18536,Verified,2026-03-20,BA008057,9820006647
A007287,S07287,Girl Child Assistance,7152,Verified,2026-03-18,BA008058,9820006648
A007288,S07288,Girl Child Assistance,7895,Verified,2026-03-25,BA008059,9820006649
A007289,S07289,SC/ST Welfare Scheme,17104,Verified,2026-03-10,BA008060,9820006650
A007290,S07290,Post-Matric Technical,19089,Verified,2026-03-11,BA008061,9820006651
A007291,S07291,Post-Matric Technical,20174,Verified,2026-03-24,BA008062,9820006652
A007292,S07292,Merit Scholarship,21534,Verified,2026-03-17,BA008063,9820006653
A007293,S07293,Minority Welfare,16208,Verified,2026-03-26,BA008064,9820006654
A007294,S07294,Merit Scholarship,13592,Verified,2026-03-13,BA008065,9820006655
A007295,S07295,SC/ST Welfare Scheme,17289,Verified,2026-03-26,BA008066,9820006656
A007296,S07296,Girl Child Assistance,13873,Verified,2026-03-19,BA008067,9820006657
A007297,S07297,Girl Child Assistance,13087,Verified,2026-03-19,BA008068,9820006658
A007298,S07298,Girl Child Assistance,12871,Verified,2026-03-24,BA008069,9820006659
A007299,S07299,Merit Scholarship,15383,Verified,2026-03-16,BA008070,9820006660
A007300,S07300,Minority Welfare,11586,Verified,2026-03-18,BA008071,9820006661
A007301,S07301,Post-Matric Technical,12226,Verified,2026-03-20,BA008072,9820006662
A007302,S07302,Post-Matric Technical,20343,Verified,2026-03-24,BA008073,9820006663
A007303,S07303,Post-Matric Technical,13059,Verified,2026-03-16,BA008074,9820006664
A007304,S07304,Minority Welfare,10616,Verified,2026-03-17,BA008075,9820006665
A007305,S07305,Girl Child Assistance,13816,Verified,2026-03-20,BA008076,9820006666
A007306,S07306,Merit Scholarship,19980,Verified,2026-03-21,BA008077,9820006667
A007307,S07307,Girl Child Assistance,7307,Verified,2026-03-10,BA008078,9820006668
A007308,S07308,Merit Scholarship,28975,Verified,2026-03-20,BA008079,9820006669
A007309,S07309,Merit Scholarship,18705,Verified,2026-03-28,BA008080,9820006670
A007310,S07310,Minority Welfare,16504,Verified,2026-03-11,BA008081,9820006671
A007311,S07311,Girl Child Assistance,11722,Verified,2026-03-26,BA008082,9820006672
A007312,S07312,Minority Welfare,11100,Verified,2026-03-22,BA008083,9820006673
A007313,S07313,Minority Welfare,12272,Verified,2026-03-22,BA008084,9820006674
A007314,S07314,SC/ST Welfare Scheme,12917,Verified,2026-03-14,BA008085,9820006675
A007315,S07315,Post-Matric Technical,9188,Verified,2026-03-21,BA008086,9820006676
A007316,S07316,Minority Welfare,10444,Verified,2026-03-17,BA008087,9820006677
A007317,S07317,Post-Matric Technical,20078,Verified,2026-03-26,BA008088,9820006678
A007318,S07318,Minority Welfare,17953,Verified,2026-03-15,BA008089,9820006679
A007319,S07319,Merit Scholarship,29331,Verified,2026-03-20,BA008090,9820006680
A007320,S07320,Merit Scholarship,14813,Verified,2026-03-20,BA008091,9820006681
A007321,S07321,SC/ST Welfare Scheme,10581,Verified,2026-03-17,BA008092,9820006682
A007322,S07322,Merit Scholarship,13951,Verified,2026-03-22,BA008093,9820006683
A007323,S07323,Post-Matric Technical,15000,Verified,2026-03-11,BA008094,9820006684
A007324,S07324,Minority Welfare,19964,Verified,2026-03-26,BA008095,9820006685
A007325,S07325,SC/ST Welfare Scheme,16283,Verified,2026-03-13,BA008096,9820006686
A007326,S07326,Post-Matric Technical,15677,Verified,2026-03-18,BA008097,9820006687
A007327,S07327,Post-Matric Technical,11976,Verified,2026-03-15,BA008098,9820006688
A007328,S07328,Minority Welfare,10083,Verified,2026-03-17,BA008099,9820006689
A007329,S07329,Minority Welfare,19171,Verified,2026-03-14,BA008100,9820006690
A007330,S07330,Girl Child Assistance,9596,Verified,2026-03-11,BA008101,9820006691
A007331,S07331,SC/ST Welfare Scheme,22455,Verified,2026-03-12,BA008102,9820006692
A007332,S07332,Merit Scholarship,21737,Verified,2026-03-15,BA008103,9820006693
A007333,S07333,Minority Welfare,18237,Verified,2026-03-28,BA008104,9820006694
A007334,S07334,Girl Child Assistance,12444,Verified,2026-03-13,BA008105,9820006695
A007335,S07335,Minority Welfare,12790,Verified,2026-03-13,BA008106,9820006696
A007336,S07336,Girl Child Assistance,12443,Verified,2026-03-21,BA008107,9820006697
A007337,S07337,Merit Scholarship,26201,Verified,2026-03-21,BA008108,9820006698
A007338,S07338,Girl Child Assistance,12976,Verified,2026-03-14,BA008109,9820006699
A007339,S07339,SC/ST Welfare Scheme,24423,Verified,2026-03-23,BA008110,9820006700
A007340,S07340,Minority Welfare,9587,Verified,2026-03-17,BA008111,9820006701
A007341,S07341,Post-Matric Technical,16448,Verified,2026-03-11,BA008112,9820006702
A007342,S07342,Post-Matric Technical,18029,Verified,2026-03-23,BA008113,9820006703
A007343,S07343,Merit Scholarship,21467,Verified,2026-03-11,BA008114,9820006704
A007344,S07344,Post-Matric Technical,10642,Verified,2026-03-20,BA008115,9820006705
A007345,S07345,Minority Welfare,8215,Verified,2026-03-19,BA008116,9820006706
A007346,S07346,Girl Child Assistance,7532,Verified,2026-03-19,BA008117,9820006707
A007347,S07347,Post-Matric Technical,11029,Verified,2026-03-15,BA008118,9820006708
A007348,S07348,SC/ST Welfare Scheme,13691,Verified,2026-03-16,BA008119,9820006709
A007349,S07349,Merit Scholarship,18462,Verified,2026-03-16,BA008120,9820006710
A007350,S07350,Minority Welfare,10502,Verified,2026-03-11,BA008121,9820006711
A007351,S07351,Girl Child Assistance,13616,Verified,2026-03-21,BA008122,9820006712
A007352,S07352,SC/ST Welfare Scheme,13992,Verified,2026-03-21,BA008123,9820006713
A007353,S07353,SC/ST Welfare Scheme,21993,Verified,2026-03-14,BA008124,9820006714
A007354,S07354,SC/ST Welfare Scheme,22360,Verified,2026-03-26,BA008125,9820006715
A007355,S07355,Post-Matric Technical,17415,Verified,2026-03-17,BA008126,9820006716
A007356,S07356,SC/ST Welfare Scheme,24860,Verified,2026-03-23,BA008127,9820006717
A007357,S07357,SC/ST Welfare Scheme,21042,Verified,2026-03-22,BA008128,9820006718
A007358,S07358,Minority Welfare,8219,Verified,2026-03-20,BA008129,9820006719
A007359,S07359,Merit Scholarship,15450,Verified,2026-03-12,BA008130,9820006720
A007360,S07360,SC/ST Welfare Scheme,16979,Verified,2026-03-17,BA008131,9820006721
A007361,S07361,SC/ST Welfare Scheme,15708,Verified,2026-03-22,BA008132,9820006722
A007362,S07362,SC/ST Welfare Scheme,14681,Verified,2026-03-12,BA008133,9820006723
A007363,S07363,Post-Matric Technical,19085,Verified,2026-03-22,BA008134,9820006724
A007364,S07364,Post-Matric Technical,15936,Verified,2026-03-21,BA008135,9820006725
A007365,S07365,SC/ST Welfare Scheme,15858,Verified,2026-03-20,BA008136,9820006726
A007366,S07366,Merit Scholarship,25395,Verified,2026-03-24,BA008137,9820006727
A007367,S07367,Minority Welfare,11290,Verified,2026-03-23,BA008138,9820006728
A007368,S07368,Merit Scholarship,18756,Verified,2026-03-25,BA008139,9820006729
A007369,S07369,SC/ST Welfare Scheme,11896,Verified,2026-03-11,BA008140,9820006730
A007370,S07370,Post-Matric Technical,21230,Verified,2026-03-20,BA008141,9820006731
A007371,S07371,Girl Child Assistance,12433,Verified,2026-03-21,BA008142,9820006732
A007372,S07372,Girl Child Assistance,7893,Verified,2026-03-26,BA008143,9820006733
A007373,S07373,Post-Matric Technical,16030,Verified,2026-03-10,BA008144,9820006734
A007374,S07374,Minority Welfare,15062,Verified,2026-03-22,BA008145,9820006735
A007375,S07375,Girl Child Assistance,14764,Verified,2026-03-20,BA008146,9820006736
A007376,S07376,Girl Child Assistance,14399,Verified,2026-03-15,BA008147,9820006737
A007377,S07377,Minority Welfare,9231,Verified,2026-03-18,BA008148,9820006738
A007378,S07378,SC/ST Welfare Scheme,14180,Verified,2026-03-10,BA008149,9820006739
A007379,S07379,Minority Welfare,10855,Verified,2026-03-18,BA008150,9820006740
A007380,S07380,Post-Matric Technical,15925,Verified,2026-03-13,BA008151,9820006741
A007381,S07381,Merit Scholarship,20003,Verified,2026-03-16,BA008152,9820006742
A007382,S07382,Post-Matric Technical,10898,Verified,2026-03-21,BA008153,9820006743
A007383,S07383,Merit Scholarship,29549,Verified,2026-03-16,BA008154,9820006744
A007384,S07384,Post-Matric Technical,19122,Verified,2026-03-27,BA008155,9820006745
A007385,S07385,Merit Scholarship,18976,Verified,2026-03-27,BA008156,9820006746
A007386,S07386,SC/ST Welfare Scheme,16488,Verified,2026-03-22,BA008157,9820006747
A007387,S07387,Post-Matric Technical,19312,Verified,2026-03-10,BA008158,9820006748
A007388,S07388,Merit Scholarship,20586,Verified,2026-03-28,BA008159,9820006749
A007389,S07389,SC/ST Welfare Scheme,19664,Verified,2026-03-17,BA008160,9820006750
A007390,S07390,Minority Welfare,11767,Verified,2026-03-20,BA008161,9820006751
A007391,S07391,SC/ST Welfare Scheme,24857,Verified,2026-03-16,BA008162,9820006752
A007392,S07392,Girl Child Assistance,9271,Verified,2026-03-21,BA008163,9820006753
A007393,S07393,SC/ST Welfare Scheme,15877,Verified,2026-03-13,BA008164,9820006754
A007394,S07394,Post-Matric Technical,12745,Verified,2026-03-12,BA008165,9820006755
A007395,S07395,Minority Welfare,14463,Verified,2026-03-28,BA008166,9820006756
A007396,S07396,Merit Scholarship,19943,Verified,2026-03-18,BA008167,9820006757
A007397,S07397,Post-Matric Technical,12909,Verified,2026-03-18,BA008168,9820006758
A007398,S07398,Merit Scholarship,22161,Verified,2026-03-14,BA008169,9820006759
A007399,S07399,Post-Matric Technical,17374,Verified,2026-03-24,BA008170,9820006760
A007400,S07400,SC/ST Welfare Scheme,13821,Verified,2026-03-13,BA008171,9820006761
A007401,S07401,Girl Child Assistance,10573,Verified,2026-03-24,BA008172,9820006762
A007402,S07402,SC/ST Welfare Scheme,18074,Verified,2026-03-12,BA008173,9820006763
A007403,S07403,SC/ST Welfare Scheme,16681,Verified,2026-03-12,BA008174,9820006764
A007404,S07404,Merit Scholarship,14278,Verified,2026-03-15,BA008175,9820006765
A007405,S07405,Minority Welfare,17742,Verified,2026-03-11,BA008176,9820006766
A007406,S07406,SC/ST Welfare Scheme,21781,Verified,2026-03-20,BA008177,9820006767
A007407,S07407,Minority Welfare,15058,Verified,2026-03-26,BA008178,9820006768
A007408,S07408,Merit Scholarship,23343,Verified,2026-03-26,BA008179,9820006769
A007409,S07409,SC/ST Welfare Scheme,12108,Verified,2026-03-16,BA008180,9820006770
A007410,S07410,Post-Matric Technical,16421,Verified,2026-03-25,BA008181,9820006771
A007411,S07411,SC/ST Welfare Scheme,10501,Verified,2026-03-19,BA008182,9820006772
A007412,S07412,SC/ST Welfare Scheme,14026,Verified,2026-03-21,BA008183,9820006773
A007413,S07413,SC/ST Welfare Scheme,22716,Verified,2026-03-19,BA008184,9820006774
A007414,S07414,SC/ST Welfare Scheme,22463,Verified,2026-03-23,BA008185,9820006775
A007415,S07415,Post-Matric Technical,18665,Verified,2026-03-27,BA008186,9820006776
A007416,S07416,Post-Matric Technical,11971,Verified,2026-03-25,BA008187,9820006777
A007417,S07417,Girl Child Assistance,11790,Verified,2026-03-19,BA008188,9820006778
A007418,S07418,Girl Child Assistance,14617,Verified,2026-03-23,BA008189,9820006779
A007419,S07419,Merit Scholarship,14025,Verified,2026-03-21,BA008190,9820006780
A007420,S07420,Minority Welfare,12293,Verified,2026-03-28,BA008191,9820006781
A007421,S07421,Girl Child Assistance,8658,Verified,2026-03-13,BA008192,9820006782
A007422,S07422,Post-Matric Technical,15224,Verified,2026-03-12,BA008193,9820006783
A007423,S07423,SC/ST Welfare Scheme,22499,Verified,2026-03-19,BA008194,9820006784
A007424,S07424,Minority Welfare,8522,Verified,2026-03-15,BA008195,9820006785
A007425,S07425,Post-Matric Technical,15284,Verified,2026-03-23,BA008196,9820006786
A007426,S07426,Post-Matric Technical,10580,Verified,2026-03-13,BA008197,9820006787
A007427,S07427,Post-Matric Technical,10659,Verified,2026-03-27,BA008198,9820006788
A007428,S07428,Post-Matric Technical,21156,Verified,2026-03-23,BA008199,9820006789
A007429,S07429,Girl Child Assistance,10061,Verified,2026-03-28,BA008200,9820006790
A007430,S07430,Girl Child Assistance,9011,Verified,2026-03-14,BA008201,9820006791
A007431,S07431,Minority Welfare,19686,Verified,2026-03-13,BA008202,9820006792
A007432,S07432,Girl Child Assistance,7577,Verified,2026-03-13,BA008203,9820006793
A007433,S07433,Post-Matric Technical,12249,Verified,2026-03-26,BA008204,9820006794
A007434,S07434,Minority Welfare,9823,Verified,2026-03-12,BA008205,9820006795
A007435,S07435,Girl Child Assistance,7300,Verified,2026-03-14,BA008206,9820006796
A007436,S07436,Merit Scholarship,29766,Verified,2026-03-28,BA008207,9820006797
A007437,S07437,Minority Welfare,8023,Verified,2026-03-19,BA008208,9820006798
A007438,S07438,Girl Child Assistance,9777,Verified,2026-03-23,BA008209,9820006799
A007439,S07439,Girl Child Assistance,13184,Verified,2026-03-28,BA008210,9820006800
A007440,S07440,Merit Scholarship,18675,Verified,2026-03-16,BA008211,9820006801
A007441,S07441,SC/ST Welfare Scheme,19348,Verified,2026-03-11,BA008212,9820006802
A007442,S07442,Post-Matric Technical,18366,Verified,2026-03-14,BA008213,9820006803
A007443,S07443,Girl Child Assistance,13155,Verified,2026-03-15,BA008214,9820006804
A007444,S07444,Merit Scholarship,26658,Verified,2026-03-10,BA008215,9820006805
A007445,S07445,Post-Matric Technical,19882,Verified,2026-03-14,BA008216,9820006806
A007446,S07446,SC/ST Welfare Scheme,12511,Verified,2026-03-14,BA008217,9820006807
A007447,S07447,SC/ST Welfare Scheme,17215,Verified,2026-03-11,BA008218,9820006808
A007448,S07448,Merit Scholarship,23576,Verified,2026-03-17,BA008219,9820006809
A007449,S07449,Minority Welfare,9523,Verified,2026-03-13,BA008220,9820006810
A007450,S07450,Girl Child Assistance,7512,Verified,2026-03-25,BA008221,9820006811
A007451,S07451,Post-Matric Technical,21917,Verified,2026-03-13,BA008222,9820006812
A007452,S07452,Minority Welfare,8934,Verified,2026-03-26,BA008223,9820006813
A007453,S07453,Post-Matric Technical,9304,Verified,2026-03-18,BA008224,9820006814
A007454,S07454,Girl Child Assistance,9691,Verified,2026-03-23,BA008225,9820006815
A007455,S07455,Merit Scholarship,21915,Verified,2026-03-23,BA008226,9820006816
A007456,S07456,Minority Welfare,11559,Verified,2026-03-25,BA008227,9820006817
A007457,S07457,Post-Matric Technical,11385,Verified,2026-03-22,BA008228,9820006818
A007458,S07458,Post-Matric Technical,15352,Verified,2026-03-28,BA008229,9820006819
A007459,S07459,Minority Welfare,19720,Verified,2026-03-26,BA008230,9820006820
A007460,S07460,Minority Welfare,9328,Verified,2026-03-27,BA008231,9820006821
A007461,S07461,Post-Matric Technical,21124,Verified,2026-03-21,BA008232,9820006822
A007462,S07462,Minority Welfare,19470,Verified,2026-03-26,BA008233,9820006823
A007463,S07463,Girl Child Assistance,11653,Verified,2026-03-13,BA008234,9820006824
A007464,S07464,Minority Welfare,10999,Verified,2026-03-24,BA008235,9820006825
A007465,S07465,Minority Welfare,13496,Verified,2026-03-19,BA008236,9820006826
A007466,S07466,Minority Welfare,18151,Verified,2026-03-11,BA008237,9820006827
A007467,S07467,Minority Welfare,8206,Verified,2026-03-25,BA008238,9820006828
A007468,S07468,Post-Matric Technical,12337,Verified,2026-03-22,BA008239,9820006829
A007469,S07469,SC/ST Welfare Scheme,13516,Verified,2026-03-24,BA008240,9820006830
A007470,S07470,Girl Child Assistance,9558,Verified,2026-03-18,BA008241,9820006831
A007471,S07471,Minority Welfare,18438,Verified,2026-03-17,BA008242,9820006832
A007472,S07472,Merit Scholarship,28742,Verified,2026-03-21,BA008243,9820006833
A007473,S07473,Merit Scholarship,27471,Verified,2026-03-10,BA008244,9820006834
A007474,S07474,Merit Scholarship,24845,Verified,2026-03-25,BA008245,9820006835
A007475,S07475,Post-Matric Technical,18362,Verified,2026-03-17,BA008246,9820006836
A007476,S07476,SC/ST Welfare Scheme,10420,Verified,2026-03-20,BA008247,9820006837
A007477,S07477,SC/ST Welfare Scheme,15408,Verified,2026-03-23,BA008248,9820006838
A007478,S07478,Post-Matric Technical,9953,Verified,2026-03-13,BA008249,9820006839
A007479,S07479,Girl Child Assistance,9147,Verified,2026-03-10,BA008250,9820006840
A007480,S07480,Post-Matric Technical,10924,Verified,2026-03-21,BA008251,9820006841
A007481,S07481,Merit Scholarship,24640,Verified,2026-03-24,BA008252,9820006842
A007482,S07482,SC/ST Welfare Scheme,19034,Verified,2026-03-14,BA008253,9820006843
A007483,S07483,Merit Scholarship,18336,Verified,2026-03-11,BA008254,9820006844
A007484,S07484,SC/ST Welfare Scheme,20653,Verified,2026-03-13,BA008255,9820006845
A007485,S07485,SC/ST Welfare Scheme,20158,Verified,2026-03-16,BA008256,9820006846
A007486,S07486,SC/ST Welfare Scheme,17015,Verified,2026-03-25,BA008257,9820006847
A007487,S07487,Minority Welfare,8474,Verified,2026-03-15,BA008258,9820006848
A007488,S07488,Minority Welfare,16371,Verified,2026-03-10,BA008259,9820006849
A007489,S07489,Girl Child Assistance,7879,Verified,2026-03-15,BA008260,9820006850
A007490,S07490,Girl Child Assistance,14840,Verified,2026-03-15,BA008261,9820006851
A007491,S07491,Post-Matric Technical,20315,Verified,2026-03-17,BA008262,9820006852
A007492,S07492,Post-Matric Technical,17838,Verified,2026-03-13,BA008263,9820006853
A007493,S07493,Merit Scholarship,17454,Verified,2026-03-12,BA008264,9820006854
A007494,S07494,Post-Matric Technical,9519,Verified,2026-03-24,BA008265,9820006855
A007495,S07495,Merit Scholarship,27122,Verified,2026-03-13,BA008266,9820006856
A007496,S07496,SC/ST Welfare Scheme,23715,Verified,2026-03-20,BA008267,9820006857
A007497,S07497,Merit Scholarship,17457,Verified,2026-03-26,BA008268,9820006858
A007498,S07498,SC/ST Welfare Scheme,10680,Verified,2026-03-16,BA008269,9820006859
A007499,S07499,Girl Child Assistance,14464,Verified,2026-03-13,BA008270,9820006860
A007500,S07500,Merit Scholarship,29631,Verified,2026-03-26,BA008271,9820006861
A007501,S07501,Post-Matric Technical,12922,Verified,2026-03-20,BA008272,9820006862
A007502,S07502,SC/ST Welfare Scheme,24210,Verified,2026-03-25,BA008273,9820006863
A007503,S07503,Minority Welfare,17456,Verified,2026-03-12,BA008274,9820006864
A007504,S07504,Post-Matric Technical,19343,Verified,2026-03-21,BA008275,9820006865
A007505,S07505,Girl Child Assistance,7191,Verified,2026-03-24,BA008276,9820006866
A007506,S07506,Post-Matric Technical,20627,Verified,2026-03-22,BA008277,9820006867
A007507,S07507,Minority Welfare,13716,Verified,2026-03-17,BA008278,9820006868
A007508,S07508,Girl Child Assistance,7173,Verified,2026-03-10,BA008279,9820006869
A007509,S07509,Girl Child Assistance,9010,Verified,2026-03-18,BA008280,9820006870
A007510,S07510,Post-Matric Technical,12882,Verified,2026-03-28,BA008281,9820006871
A007511,S07511,Girl Child Assistance,11793,Verified,2026-03-26,BA008282,9820006872
A007512,S07512,Girl Child Assistance,12043,Verified,2026-03-19,BA008283,9820006873
A007513,S07513,Minority Welfare,19108,Verified,2026-03-24,BA008284,9820006874
A007514,S07514,Girl Child Assistance,7478,Verified,2026-03-12,BA008285,9820006875
A007515,S07515,Post-Matric Technical,16556,Verified,2026-03-26,BA008286,9820006876
A007516,S07516,Merit Scholarship,22471,Verified,2026-03-27,BA008287,9820006877
A007517,S07517,Merit Scholarship,20909,Verified,2026-03-23,BA008288,9820006878
A007518,S07518,SC/ST Welfare Scheme,23172,Verified,2026-03-15,BA008289,9820006879
A007519,S07519,Minority Welfare,17153,Verified,2026-03-18,BA008290,9820006880
A007520,S07520,SC/ST Welfare Scheme,11976,Verified,2026-03-23,BA008291,9820006881
A007521,S07521,Minority Welfare,8243,Verified,2026-03-20,BA008292,9820006882
A007522,S07522,Merit Scholarship,29264,Verified,2026-03-23,BA008293,9820006883
A007523,S07523,Girl Child Assistance,13391,Verified,2026-03-24,BA008294,9820006884
A007524,S07524,Post-Matric Technical,12575,Verified,2026-03-25,BA008295,9820006885
A007525,S07525,Merit Scholarship,29626,Verified,2026-03-14,BA008296,9820006886
A007526,S07526,Minority Welfare,10843,Verified,2026-03-11,BA008297,9820006887
A007527,S07527,Post-Matric Technical,10703,Verified,2026-03-26,BA008298,9820006888
A007528,S07528,Post-Matric Technical,18753,Verified,2026-03-24,BA008299,9820006889
A007529,S07529,Girl Child Assistance,13976,Verified,2026-03-16,BA008300,9820006890
A007530,S07530,Merit Scholarship,14566,Verified,2026-03-17,BA008301,9820006891
A007531,S07531,Girl Child Assistance,10964,Verified,2026-03-23,BA008302,9820006892
A007532,S07532,Merit Scholarship,25793,Verified,2026-03-12,BA008303,9820006893
A007533,S07533,SC/ST Welfare Scheme,11911,Verified,2026-03-25,BA008304,9820006894
A007534,S07534,Post-Matric Technical,19837,Verified,2026-03-18,BA008305,9820006895
A007535,S07535,Minority Welfare,8925,Verified,2026-03-26,BA008306,9820006896
A007536,S07536,SC/ST Welfare Scheme,14046,Verified,2026-03-20,BA008307,9820006897
A007537,S07537,Minority Welfare,8999,Verified,2026-03-10,BA008308,9820006898
A007538,S07538,Girl Child Assistance,10644,Verified,2026-03-10,BA008309,9820006899
A007539,S07539,Girl Child Assistance,14538,Verified,2026-03-24,BA008310,9820006900
A007540,S07540,Minority Welfare,14251,Verified,2026-03-11,BA008311,9820006901
A007541,S07541,Girl Child Assistance,14487,Verified,2026-03-20,BA008312,9820006902
A007542,S07542,Post-Matric Technical,20335,Verified,2026-03-10,BA008313,9820006903
A007543,S07543,Post-Matric Technical,9532,Verified,2026-03-19,BA008314,9820006904
A007544,S07544,Girl Child Assistance,11776,Verified,2026-03-24,BA008315,9820006905
A007545,S07545,Post-Matric Technical,18964,Verified,2026-03-27,BA008316,9820006906
A007546,S07546,SC/ST Welfare Scheme,24204,Verified,2026-03-14,BA008317,9820006907
A007547,S07547,Merit Scholarship,13567,Verified,2026-03-15,BA008318,9820006908
A007548,S07548,Post-Matric Technical,10380,Verified,2026-03-12,BA008319,9820006909
A007549,S07549,Minority Welfare,10306,Verified,2026-03-25,BA008320,9820006910
A007550,S07550,SC/ST Welfare Scheme,15435,Verified,2026-03-24,BA008321,9820006911
A007551,S07551,SC/ST Welfare Scheme,12577,Verified,2026-03-24,BA008322,9820006912
A007552,S07552,Minority Welfare,15963,Verified,2026-03-12,BA008323,9820006913
A007553,S07553,SC/ST Welfare Scheme,23621,Verified,2026-03-15,BA008324,9820006914
A007554,S07554,Merit Scholarship,24172,Verified,2026-03-20,BA008325,9820006915
A007555,S07555,Merit Scholarship,29589,Verified,2026-03-11,BA008326,9820006916
A007556,S07556,SC/ST Welfare Scheme,17765,Verified,2026-03-24,BA008327,9820006917
A007557,S07557,Minority Welfare,15871,Verified,2026-03-20,BA008328,9820006918
A007558,S07558,SC/ST Welfare Scheme,16839,Verified,2026-03-19,BA008329,9820006919
A007559,S07559,Girl Child Assistance,7147,Verified,2026-03-23,BA008330,9820006920
A007560,S07560,Minority Welfare,9195,Verified,2026-03-10,BA008331,9820006921
A007561,S07561,Merit Scholarship,16485,Verified,2026-03-22,BA008332,9820006922
A007562,S07562,Merit Scholarship,28624,Verified,2026-03-20,BA008333,9820006923
A007563,S07563,SC/ST Welfare Scheme,15933,Verified,2026-03-10,BA008334,9820006924
A007564,S07564,SC/ST Welfare Scheme,17729,Verified,2026-03-25,BA008335,9820006925
A007565,S07565,SC/ST Welfare Scheme,18828,Verified,2026-03-17,BA008336,9820006926
A007566,S07566,Minority Welfare,9316,Verified,2026-03-27,BA008337,9820006927
A007567,S07567,Merit Scholarship,20273,Verified,2026-03-16,BA008338,9820006928
A007568,S07568,Post-Matric Technical,12489,Verified,2026-03-20,BA008339,9820006929
A007569,S07569,Girl Child Assistance,14395,Verified,2026-03-23,BA008340,9820006930
A007570,S07570,Girl Child Assistance,8933,Verified,2026-03-15,BA008341,9820006931
A007571,S07571,Minority Welfare,18656,Verified,2026-03-21,BA008342,9820006932
A007572,S07572,SC/ST Welfare Scheme,20209,Verified,2026-03-26,BA008343,9820006933
A007573,S07573,Merit Scholarship,21174,Verified,2026-03-13,BA008344,9820006934
A007574,S07574,SC/ST Welfare Scheme,18400,Verified,2026-03-26,BA008345,9820006935
A007575,S07575,Girl Child Assistance,12005,Verified,2026-03-17,BA008346,9820006936
A007576,S07576,SC/ST Welfare Scheme,14417,Verified,2026-03-19,BA008347,9820006937
A007577,S07577,Minority Welfare,15018,Verified,2026-03-27,BA008348,9820006938
A007578,S07578,Minority Welfare,15949,Verified,2026-03-21,BA008349,9820006939
A007579,S07579,Minority Welfare,14379,Verified,2026-03-20,BA008350,9820006940
A007580,S07580,Post-Matric Technical,19082,Verified,2026-03-22,BA008351,9820006941
A007581,S07581,Post-Matric Technical,19578,Verified,2026-03-12,BA008352,9820006942
A007582,S07582,Minority Welfare,18359,Verified,2026-03-21,BA008353,9820006943
A007583,S07583,Girl Child Assistance,7639,Verified,2026-03-17,BA008354,9820006944
A007584,S07584,Minority Welfare,15456,Verified,2026-03-17,BA008355,9820006945
A007585,S07585,Minority Welfare,17114,Verified,2026-03-23,BA008356,9820006946
A007586,S07586,Post-Matric Technical,15677,Verified,2026-03-17,BA008357,9820006947
A007587,S07587,Post-Matric Technical,9294,Verified,2026-03-14,BA008358,9820006948
A007588,S07588,Minority Welfare,17315,Verified,2026-03-17,BA008359,9820006949
A007589,S07589,Minority Welfare,11131,Verified,2026-03-14,BA008360,9820006950
A007590,S07590,Minority Welfare,11230,Verified,2026-03-16,BA008361,9820006951
A007591,S07591,Post-Matric Technical,15228,Verified,2026-03-19,BA008362,9820006952
A007592,S07592,Merit Scholarship,20261,Verified,2026-03-23,BA008363,9820006953
A007593,S07593,Minority Welfare,17579,Verified,2026-03-10,BA008364,9820006954
A007594,S07594,SC/ST Welfare Scheme,16819,Verified,2026-03-11,BA008365,9820006955
A007595,S07595,Girl Child Assistance,12076,Verified,2026-03-24,BA008366,9820006956
A007596,S07596,Merit Scholarship,19263,Verified,2026-03-13,BA008367,9820006957
A007597,S07597,SC/ST Welfare Scheme,12040,Verified,2026-03-23,BA008368,9820006958
A007598,S07598,Girl Child Assistance,12170,Verified,2026-03-16,BA008369,9820006959
A007599,S07599,Merit Scholarship,28061,Verified,2026-03-26,BA008370,9820006960
A007600,S07600,Merit Scholarship,26339,Verified,2026-03-24,BA008371,9820006961
A007601,S07601,Minority Welfare,17778,Verified,2026-03-18,BA008372,9820006962
A007602,S07602,Post-Matric Technical,13235,Verified,2026-03-25,BA008373,9820006963
A007603,S07603,Merit Scholarship,27018,Verified,2026-03-21,BA008374,9820006964
A007604,S07604,SC/ST Welfare Scheme,18119,Verified,2026-03-19,BA008375,9820006965
A007605,S07605,Merit Scholarship,19323,Verified,2026-03-10,BA008376,9820006966
A007606,S07606,Minority Welfare,12281,Verified,2026-03-26,BA008377,9820006967
A007607,S07607,Merit Scholarship,29866,Verified,2026-03-13,BA008378,9820006968
A007608,S07608,Post-Matric Technical,12802,Verified,2026-03-20,BA008379,9820006969
A007609,S07609,SC/ST Welfare Scheme,16845,Verified,2026-03-19,BA008380,9820006970
A007610,S07610,Minority Welfare,14397,Verified,2026-03-20,BA008381,9820006971
A007611,S07611,Post-Matric Technical,13944,Verified,2026-03-15,BA008382,9820006972
A007612,S07612,Girl Child Assistance,9039,Verified,2026-03-13,BA008383,9820006973
A007613,S07613,Post-Matric Technical,20981,Verified,2026-03-27,BA008384,9820006974
A007614,S07614,SC/ST Welfare Scheme,21689,Verified,2026-03-23,BA008385,9820006975
A007615,S07615,Post-Matric Technical,21858,Verified,2026-03-23,BA008386,9820006976
A007616,S07616,Girl Child Assistance,10875,Verified,2026-03-24,BA008387,9820006977
A007617,S07617,SC/ST Welfare Scheme,13984,Verified,2026-03-19,BA008388,9820006978
A007618,S07618,Girl Child Assistance,11017,Verified,2026-03-22,BA008389,9820006979
A007619,S07619,Minority Welfare,19064,Verified,2026-03-18,BA008390,9820006980
A007620,S07620,SC/ST Welfare Scheme,11089,Verified,2026-03-25,BA008391,9820006981
A007621,S07621,Post-Matric Technical,20820,Verified,2026-03-11,BA008392,9820006982
A007622,S07622,Minority Welfare,8290,Verified,2026-03-10,BA008393,9820006983
A007623,S07623,SC/ST Welfare Scheme,15551,Verified,2026-03-21,BA008394,9820006984
A007624,S07624,Minority Welfare,14295,Verified,2026-03-16,BA008395,9820006985
A007625,S07625,SC/ST Welfare Scheme,14438,Verified,2026-03-23,BA008396,9820006986
A007626,S07626,Merit Scholarship,23405,Verified,2026-03-12,BA008397,9820006987
A007627,S07627,SC/ST Welfare Scheme,20653,Verified,2026-03-12,BA008398,9820006988
A007628,S07628,Minority Welfare,8974,Verified,2026-03-10,BA008399,9820006989
A007629,S07629,SC/ST Welfare Scheme,16528,Verified,2026-03-17,BA008400,9820006990
A007630,S07630,Merit Scholarship,18343,Verified,2026-03-16,BA008401,9820006991
A007631,S07631,Minority Welfare,8639,Verified,2026-03-25,BA008402,9820006992
A007632,S07632,Minority Welfare,9483,Verified,2026-03-23,BA008403,9820006993
A007633,S07633,Girl Child Assistance,9746,Verified,2026-03-28,BA008404,9820006994
A007634,S07634,Girl Child Assistance,12813,Verified,2026-03-12,BA008405,9820006995
A007635,S07635,Merit Scholarship,16567,Verified,2026-03-20,BA008406,9820006996
A007636,S07636,SC/ST Welfare Scheme,15649,Verified,2026-03-11,BA008407,9820006997
A007637,S07637,Merit Scholarship,14886,Verified,2026-03-22,BA008408,9820006998
A007638,S07638,Minority Welfare,11288,Verified,2026-03-19,BA008409,9820006999
A007639,S07639,Girl Child Assistance,9272,Verified,2026-03-18,BA008410,9820007000
A007640,S07640,Post-Matric Technical,14378,Verified,2026-03-15,BA008411,9820007001
A007641,S07641,SC/ST Welfare Scheme,22308,Verified,2026-03-10,BA008412,9820007002
A007642,S07642,SC/ST Welfare Scheme,24502,Verified,2026-03-10,BA008413,9820007003
A007643,S07643,Merit Scholarship,29399,Verified,2026-03-15,BA008414,9820007004
A007644,S07644,Girl Child Assistance,7421,Verified,2026-03-23,BA008415,9820007005
A007645,S07645,SC/ST Welfare Scheme,19325,Verified,2026-03-24,BA008416,9820007006
A007646,S07646,Post-Matric Technical,20298,Verified,2026-03-27,BA008417,9820007007
A007647,S07647,Post-Matric Technical,15753,Verified,2026-03-28,BA008418,9820007008
A007648,S07648,SC/ST Welfare Scheme,20316,Verified,2026-03-10,BA008419,9820007009
A007649,S07649,SC/ST Welfare Scheme,19601,Verified,2026-03-25,BA008420,9820007010
A007650,S07650,Minority Welfare,16841,Verified,2026-03-10,BA008421,9820007011
A007651,S07651,Minority Welfare,10196,Verified,2026-03-24,BA008422,9820007012
A007652,S07652,Merit Scholarship,17916,Verified,2026-03-11,BA008423,9820007013
A007653,S07653,Girl Child Assistance,14590,Verified,2026-03-15,BA008424,9820007014
A007654,S07654,Minority Welfare,12181,Verified,2026-03-23,BA008425,9820007015
A007655,S07655,Girl Child Assistance,11457,Verified,2026-03-20,BA008426,9820007016
A007656,S07656,Girl Child Assistance,13950,Verified,2026-03-17,BA008427,9820007017
A007657,S07657,SC/ST Welfare Scheme,23510,Verified,2026-03-10,BA008428,9820007018
A007658,S07658,Girl Child Assistance,7141,Verified,2026-03-22,BA008429,9820007019
A007659,S07659,Girl Child Assistance,13895,Verified,2026-03-12,BA008430,9820007020
A007660,S07660,Girl Child Assistance,9214,Verified,2026-03-16,BA008431,9820007021
A007661,S07661,Merit Scholarship,19107,Verified,2026-03-10,BA008432,9820007022
A007662,S07662,Merit Scholarship,29829,Verified,2026-03-16,BA008433,9820007023
A007663,S07663,SC/ST Welfare Scheme,23025,Verified,2026-03-11,BA008434,9820007024
A007664,S07664,Girl Child Assistance,12252,Verified,2026-03-11,BA008435,9820007025
A007665,S07665,Girl Child Assistance,7457,Verified,2026-03-20,BA008436,9820007026
A007666,S07666,Minority Welfare,19186,Verified,2026-03-25,BA008437,9820007027
A007667,S07667,Minority Welfare,9533,Verified,2026-03-23,BA008438,9820007028
A007668,S07668,Post-Matric Technical,19682,Verified,2026-03-13,BA008439,9820007029
A007669,S07669,Girl Child Assistance,8186,Verified,2026-03-15,BA008440,9820007030
A007670,S07670,Girl Child Assistance,10339,Verified,2026-03-23,BA008441,9820007031
A007671,S07671,Post-Matric Technical,16785,Verified,2026-03-17,BA008442,9820007032
A007672,S07672,Post-Matric Technical,16755,Verified,2026-03-13,BA008443,9820007033
A007673,S07673,Post-Matric Technical,15852,Verified,2026-03-20,BA008444,9820007034
A007674,S07674,Minority Welfare,13644,Verified,2026-03-28,BA008445,9820007035
A007675,S07675,SC/ST Welfare Scheme,20857,Verified,2026-03-11,BA008446,9820007036
A007676,S07676,Merit Scholarship,26173,Verified,2026-03-13,BA008447,9820007037
A007677,S07677,Merit Scholarship,14802,Verified,2026-03-11,BA008448,9820007038
A007678,S07678,SC/ST Welfare Scheme,18378,Verified,2026-03-25,BA008449,9820007039
A007679,S07679,Post-Matric Technical,15405,Verified,2026-03-27,BA008450,9820007040
A007680,S07680,Minority Welfare,8148,Verified,2026-03-16,BA008451,9820007041
A007681,S07681,Post-Matric Technical,10142,Verified,2026-03-20,BA008452,9820007042
A007682,S07682,Merit Scholarship,19019,Verified,2026-03-23,BA008453,9820007043
A007683,S07683,SC/ST Welfare Scheme,15743,Verified,2026-03-17,BA008454,9820007044
A007684,S07684,Minority Welfare,15265,Verified,2026-03-19,BA008455,9820007045
A007685,S07685,Merit Scholarship,15201,Verified,2026-03-22,BA008456,9820007046
A007686,S07686,Post-Matric Technical,9159,Verified,2026-03-12,BA008457,9820007047
A007687,S07687,Post-Matric Technical,13196,Verified,2026-03-20,BA008458,9820007048
A007688,S07688,Minority Welfare,16543,Verified,2026-03-28,BA008459,9820007049
A007689,S07689,Girl Child Assistance,8216,Verified,2026-03-17,BA008460,9820007050
A007690,S07690,Minority Welfare,8663,Verified,2026-03-13,BA008461,9820007051
A007691,S07691,SC/ST Welfare Scheme,14845,Verified,2026-03-28,BA008462,9820007052
A007692,S07692,Merit Scholarship,13010,Verified,2026-03-15,BA008463,9820007053
A007693,S07693,Post-Matric Technical,18130,Verified,2026-03-24,BA008464,9820007054
A007694,S07694,Post-Matric Technical,9032,Verified,2026-03-24,BA008465,9820007055
A007695,S07695,Post-Matric Technical,9457,Verified,2026-03-11,BA008466,9820007056
A007696,S07696,SC/ST Welfare Scheme,18185,Verified,2026-03-17,BA008467,9820007057
A007697,S07697,Post-Matric Technical,10399,Verified,2026-03-16,BA008468,9820007058
A007698,S07698,Minority Welfare,14680,Verified,2026-03-19,BA008469,9820007059
A007699,S07699,Minority Welfare,14880,Verified,2026-03-26,BA008470,9820007060
A007700,S07700,Minority Welfare,8062,Verified,2026-03-26,BA008471,9820007061
A007701,S07701,Post-Matric Technical,20727,Verified,2026-03-13,BA008472,9820007062
A007702,S07702,Girl Child Assistance,11429,Verified,2026-03-18,BA008473,9820007063
A007703,S07703,Minority Welfare,13268,Verified,2026-03-10,BA008474,9820007064
A007704,S07704,Post-Matric Technical,9928,Verified,2026-03-22,BA008475,9820007065
A007705,S07705,Minority Welfare,17526,Verified,2026-03-24,BA008476,9820007066
A007706,S07706,Merit Scholarship,24698,Verified,2026-03-12,BA008477,9820007067
A007707,S07707,Girl Child Assistance,8418,Verified,2026-03-22,BA008478,9820007068
A007708,S07708,SC/ST Welfare Scheme,20879,Verified,2026-03-21,BA008479,9820007069
A007709,S07709,Minority Welfare,19903,Verified,2026-03-14,BA008480,9820007070
A007710,S07710,Girl Child Assistance,13911,Verified,2026-03-22,BA008481,9820007071
A007711,S07711,Post-Matric Technical,16066,Verified,2026-03-25,BA008482,9820007072
A007712,S07712,Post-Matric Technical,17878,Verified,2026-03-21,BA008483,9820007073
A007713,S07713,Merit Scholarship,15486,Verified,2026-03-18,BA008484,9820007074
A007714,S07714,Girl Child Assistance,10006,Verified,2026-03-26,BA008485,9820007075
A007715,S07715,Post-Matric Technical,17290,Verified,2026-03-17,BA008486,9820007076
A007716,S07716,Girl Child Assistance,8752,Verified,2026-03-23,BA008487,9820007077
A007717,S07717,SC/ST Welfare Scheme,10112,Verified,2026-03-28,BA008488,9820007078
A007718,S07718,Minority Welfare,13757,Verified,2026-03-16,BA008489,9820007079
A007719,S07719,Post-Matric Technical,15801,Verified,2026-03-24,BA008490,9820007080
A007720,S07720,SC/ST Welfare Scheme,17959,Verified,2026-03-18,BA008491,9820007081
A007721,S07721,Post-Matric Technical,15567,Verified,2026-03-23,BA008492,9820007082
A007722,S07722,SC/ST Welfare Scheme,16289,Verified,2026-03-18,BA008493,9820007083
A007723,S07723,Merit Scholarship,28253,Verified,2026-03-14,BA008494,9820007084
A007724,S07724,SC/ST Welfare Scheme,11247,Verified,2026-03-18,BA008495,9820007085
A007725,S07725,Post-Matric Technical,19511,Verified,2026-03-22,BA008496,9820007086
A007726,S07726,Post-Matric Technical,14494,Verified,2026-03-19,BA008497,9820007087
A007727,S07727,Post-Matric Technical,13640,Verified,2026-03-11,BA008498,9820007088
A007728,S07728,Minority Welfare,19744,Verified,2026-03-21,BA008499,9820007089
A007729,S07729,Merit Scholarship,22757,Verified,2026-03-22,BA008500,9820007090
A007730,S07730,Post-Matric Technical,15307,Verified,2026-03-25,BA008501,9820007091
A007731,S07731,Merit Scholarship,24117,Verified,2026-03-10,BA008502,9820007092
A007732,S07732,SC/ST Welfare Scheme,22713,Verified,2026-03-28,BA008503,9820007093
A007733,S07733,Merit Scholarship,21262,Verified,2026-03-16,BA008504,9820007094
A007734,S07734,SC/ST Welfare Scheme,10826,Verified,2026-03-15,BA008505,9820007095
A007735,S07735,SC/ST Welfare Scheme,14953,Verified,2026-03-17,BA008506,9820007096
A007736,S07736,Merit Scholarship,13391,Verified,2026-03-27,BA008507,9820007097
A007737,S07737,Girl Child Assistance,7630,Verified,2026-03-28,BA008508,9820007098
A007738,S07738,Girl Child Assistance,8396,Verified,2026-03-15,BA008509,9820007099
A007739,S07739,Merit Scholarship,21718,Verified,2026-03-12,BA008510,9820007100
A007740,S07740,SC/ST Welfare Scheme,21682,Verified,2026-03-26,BA008511,9820007101
A007741,S07741,SC/ST Welfare Scheme,11373,Verified,2026-03-12,BA008512,9820007102
A007742,S07742,Minority Welfare,18302,Verified,2026-03-14,BA008513,9820007103
A007743,S07743,Post-Matric Technical,15422,Verified,2026-03-23,BA008514,9820007104
A007744,S07744,Girl Child Assistance,13515,Verified,2026-03-19,BA008515,9820007105
A007745,S07745,Merit Scholarship,22986,Verified,2026-03-21,BA008516,9820007106
A007746,S07746,Post-Matric Technical,9848,Verified,2026-03-19,BA008517,9820007107
A007747,S07747,Girl Child Assistance,12590,Verified,2026-03-18,BA008518,9820007108
A007748,S07748,SC/ST Welfare Scheme,16045,Verified,2026-03-19,BA008519,9820007109
A007749,S07749,Minority Welfare,11422,Verified,2026-03-12,BA008520,9820007110
A007750,S07750,Post-Matric Technical,11870,Verified,2026-03-20,BA008521,9820007111
A007751,S07751,SC/ST Welfare Scheme,16749,Verified,2026-03-21,BA008522,9820007112
A007752,S07752,SC/ST Welfare Scheme,14649,Verified,2026-03-16,BA008523,9820007113
A007753,S07753,Girl Child Assistance,9016,Verified,2026-03-28,BA008524,9820007114
A007754,S07754,Post-Matric Technical,21991,Verified,2026-03-13,BA008525,9820007115
A007755,S07755,Minority Welfare,18150,Verified,2026-03-23,BA008526,9820007116
A007756,S07756,Merit Scholarship,26655,Verified,2026-03-12,BA008527,9820007117
A007757,S07757,SC/ST Welfare Scheme,24644,Verified,2026-03-23,BA008528,9820007118
A007758,S07758,SC/ST Welfare Scheme,20872,Verified,2026-03-10,BA008529,9820007119
A007759,S07759,Girl Child Assistance,13987,Verified,2026-03-16,BA008530,9820007120
A007760,S07760,Post-Matric Technical,21012,Verified,2026-03-13,BA008531,9820007121
A007761,S07761,Minority Welfare,10657,Verified,2026-03-18,BA008532,9820007122
A007762,S07762,Post-Matric Technical,16303,Verified,2026-03-10,BA008533,9820007123
A007763,S07763,Merit Scholarship,17113,Verified,2026-03-28,BA008534,9820007124
A007764,S07764,SC/ST Welfare Scheme,23831,Verified,2026-03-24,BA008535,9820007125
A007765,S07765,Minority Welfare,8865,Verified,2026-03-17,BA008536,9820007126
A007766,S07766,Merit Scholarship,22094,Verified,2026-03-28,BA008537,9820007127
A007767,S07767,SC/ST Welfare Scheme,19238,Verified,2026-03-15,BA008538,9820007128
A007768,S07768,Post-Matric Technical,10045,Verified,2026-03-21,BA008539,9820007129
A007769,S07769,Merit Scholarship,19452,Verified,2026-03-10,BA008540,9820007130
A007770,S07770,Post-Matric Technical,17376,Verified,2026-03-14,BA008541,9820007131
A007771,S07771,Minority Welfare,9023,Verified,2026-03-28,BA008542,9820007132
A007772,S07772,SC/ST Welfare Scheme,11936,Verified,2026-03-21,BA008543,9820007133
A007773,S07773,Post-Matric Technical,14606,Verified,2026-03-14,BA008544,9820007134
A007774,S07774,Girl Child Assistance,14253,Verified,2026-03-17,BA008545,9820007135
A007775,S07775,Post-Matric Technical,9385,Verified,2026-03-17,BA008546,9820007136
A007776,S07776,Girl Child Assistance,9416,Verified,2026-03-13,BA008547,9820007137
A007777,S07777,Post-Matric Technical,20824,Verified,2026-03-25,BA008548,9820007138
A007778,S07778,Minority Welfare,13961,Verified,2026-03-12,BA008549,9820007139
A007779,S07779,Merit Scholarship,29729,Verified,2026-03-12,BA008550,9820007140
A007780,S07780,Merit Scholarship,15363,Verified,2026-03-20,BA008551,9820007141
A007781,S07781,Minority Welfare,18322,Verified,2026-03-10,BA008552,9820007142
A007782,S07782,Merit Scholarship,27954,Verified,2026-03-26,BA008553,9820007143
A007783,S07783,Girl Child Assistance,8022,Verified,2026-03-23,BA008554,9820007144
A007784,S07784,SC/ST Welfare Scheme,19495,Verified,2026-03-27,BA008555,9820007145
A007785,S07785,Post-Matric Technical,13329,Verified,2026-03-24,BA008556,9820007146
A007786,S07786,Merit Scholarship,14953,Verified,2026-03-15,BA008557,9820007147
A007787,S07787,Post-Matric Technical,19392,Verified,2026-03-19,BA008558,9820007148
A007788,S07788,Minority Welfare,18711,Verified,2026-03-18,BA008559,9820007149
A007789,S07789,Minority Welfare,10959,Verified,2026-03-15,BA008560,9820007150
A007790,S07790,Post-Matric Technical,13696,Verified,2026-03-21,BA008561,9820007151
A007791,S07791,Minority Welfare,16194,Verified,2026-03-20,BA008562,9820007152
A007792,S07792,Girl Child Assistance,10761,Verified,2026-03-18,BA008563,9820007153
A007793,S07793,SC/ST Welfare Scheme,22665,Verified,2026-03-13,BA008564,9820007154
A007794,S07794,Merit Scholarship,14686,Verified,2026-03-15,BA008565,9820007155
A007795,S07795,Post-Matric Technical,10498,Verified,2026-03-28,BA008566,9820007156
A007796,S07796,Merit Scholarship,28951,Verified,2026-03-17,BA008567,9820007157
A007797,S07797,Post-Matric Technical,13643,Verified,2026-03-27,BA008568,9820007158
A007798,S07798,Post-Matric Technical,13779,Verified,2026-03-11,BA008569,9820007159
A007799,S07799,Girl Child Assistance,14821,Verified,2026-03-12,BA008570,9820007160
A007800,S07800,Minority Welfare,11946,Verified,2026-03-16,BA008571,9820007161
A007801,S07801,Girl Child Assistance,14413,Verified,2026-03-14,BA008572,9820007162
A007802,S07802,Girl Child Assistance,8231,Verified,2026-03-21,BA008573,9820007163
A007803,S07803,Minority Welfare,17928,Verified,2026-03-14,BA008574,9820007164
A007804,S07804,Minority Welfare,10184,Verified,2026-03-20,BA008575,9820007165
A007805,S07805,Minority Welfare,16501,Verified,2026-03-26,BA008576,9820007166
A007806,S07806,Minority Welfare,18108,Verified,2026-03-17,BA008577,9820007167
A007807,S07807,SC/ST Welfare Scheme,15754,Verified,2026-03-17,BA008578,9820007168
A007808,S07808,Post-Matric Technical,16877,Verified,2026-03-16,BA008579,9820007169
A007809,S07809,Post-Matric Technical,20620,Verified,2026-03-28,BA008580,9820007170
A007810,S07810,SC/ST Welfare Scheme,15513,Verified,2026-03-25,BA008581,9820007171
A007811,S07811,Minority Welfare,13014,Verified,2026-03-11,BA008582,9820007172
A007812,S07812,Girl Child Assistance,7599,Verified,2026-03-18,BA008583,9820007173
A007813,S07813,Post-Matric Technical,12726,Verified,2026-03-22,BA008584,9820007174
A007814,S07814,Girl Child Assistance,7161,Verified,2026-03-24,BA008585,9820007175
A007815,S07815,Girl Child Assistance,9749,Verified,2026-03-17,BA008586,9820007176
A007816,S07816,SC/ST Welfare Scheme,22437,Verified,2026-03-16,BA008587,9820007177
A007817,S07817,Post-Matric Technical,16706,Verified,2026-03-26,BA008588,9820007178
A007818,S07818,Minority Welfare,16206,Verified,2026-03-16,BA008589,9820007179
A007819,S07819,Girl Child Assistance,14862,Verified,2026-03-22,BA008590,9820007180
A007820,S07820,Girl Child Assistance,13027,Verified,2026-03-27,BA008591,9820007181
A007821,S07821,SC/ST Welfare Scheme,18755,Verified,2026-03-26,BA008592,9820007182
A007822,S07822,Girl Child Assistance,11795,Verified,2026-03-13,BA008593,9820007183
A007823,S07823,Post-Matric Technical,15374,Verified,2026-03-16,BA008594,9820007184
A007824,S07824,Post-Matric Technical,17986,Verified,2026-03-13,BA008595,9820007185
A007825,S07825,Girl Child Assistance,11527,Verified,2026-03-26,BA008596,9820007186
A007826,S07826,Merit Scholarship,15301,Verified,2026-03-19,BA008597,9820007187
A007827,S07827,SC/ST Welfare Scheme,11800,Verified,2026-03-22,BA008598,9820007188
A007828,S07828,Merit Scholarship,28099,Verified,2026-03-11,BA008599,9820007189
A007829,S07829,SC/ST Welfare Scheme,19820,Verified,2026-03-11,BA008600,9820007190
A007830,S07830,Minority Welfare,8558,Verified,2026-03-27,BA008601,9820007191
A007831,S07831,Minority Welfare,11835,Verified,2026-03-25,BA008602,9820007192
A007832,S07832,SC/ST Welfare Scheme,12400,Verified,2026-03-21,BA008603,9820007193
A007833,S07833,Merit Scholarship,18526,Verified,2026-03-11,BA008604,9820007194
A007834,S07834,Minority Welfare,9307,Verified,2026-03-12,BA008605,9820007195
A007835,S07835,Minority Welfare,15520,Verified,2026-03-23,BA008606,9820007196
A007836,S07836,Girl Child Assistance,9047,Verified,2026-03-17,BA008607,9820007197
A007837,S07837,SC/ST Welfare Scheme,22251,Verified,2026-03-25,BA008608,9820007198
A007838,S07838,Post-Matric Technical,16784,Verified,2026-03-23,BA008609,9820007199
A007839,S07839,Post-Matric Technical,15695,Verified,2026-03-16,BA008610,9820007200
A007840,S07840,Merit Scholarship,15941,Verified,2026-03-13,BA008611,9820007201
A007841,S07841,Post-Matric Technical,18383,Verified,2026-03-18,BA008612,9820007202
A007842,S07842,SC/ST Welfare Scheme,19772,Verified,2026-03-19,BA008613,9820007203
A007843,S07843,Post-Matric Technical,12842,Verified,2026-03-15,BA008614,9820007204
A007844,S07844,Minority Welfare,8401,Verified,2026-03-27,BA008615,9820007205
A007845,S07845,Minority Welfare,19598,Verified,2026-03-20,BA008616,9820007206
A007846,S07846,Minority Welfare,12326,Verified,2026-03-27,BA008617,9820007207
A007847,S07847,Girl Child Assistance,11552,Verified,2026-03-26,BA008618,9820007208
A007848,S07848,Merit Scholarship,24616,Verified,2026-03-13,BA008619,9820007209
A007849,S07849,Merit Scholarship,24775,Verified,2026-03-25,BA008620,9820007210
A007850,S07850,Girl Child Assistance,9328,Verified,2026-03-28,BA008621,9820007211
A007851,S07851,Minority Welfare,13951,Verified,2026-03-24,BA008622,9820007212
A007852,S07852,SC/ST Welfare Scheme,17250,Verified,2026-03-13,BA008623,9820007213
A007853,S07853,Girl Child Assistance,13383,Verified,2026-03-22,BA008624,9820007214
A007854,S07854,Girl Child Assistance,12021,Verified,2026-03-23,BA008625,9820007215
A007855,S07855,Minority Welfare,12633,Verified,2026-03-26,BA008626,9820007216
A007856,S07856,SC/ST Welfare Scheme,11807,Verified,2026-03-11,BA008627,9820007217
A007857,S07857,Girl Child Assistance,9803,Verified,2026-03-15,BA008628,9820007218
A007858,S07858,Girl Child Assistance,7494,Verified,2026-03-16,BA008629,9820007219
A007859,S07859,Post-Matric Technical,9610,Verified,2026-03-24,BA008630,9820007220
A007860,S07860,Minority Welfare,18284,Verified,2026-03-24,BA008631,9820007221
A007861,S07861,Girl Child Assistance,11871,Verified,2026-03-25,BA008632,9820007222
A007862,S07862,SC/ST Welfare Scheme,10648,Verified,2026-03-21,BA008633,9820007223
A007863,S07863,Minority Welfare,16992,Verified,2026-03-26,BA008634,9820007224
A007864,S07864,SC/ST Welfare Scheme,18925,Verified,2026-03-15,BA008635,9820007225
A007865,S07865,Post-Matric Technical,10262,Verified,2026-03-12,BA008636,9820007226
A007866,S07866,Girl Child Assistance,7461,Verified,2026-03-24,BA008637,9820007227
A007867,S07867,Minority Welfare,12563,Verified,2026-03-24,BA008638,9820007228
A007868,S07868,Post-Matric Technical,10061,Verified,2026-03-23,BA008639,9820007229
A007869,S07869,SC/ST Welfare Scheme,17276,Verified,2026-03-20,BA008640,9820007230
A007870,S07870,Girl Child Assistance,14128,Verified,2026-03-21,BA008641,9820007231
A007871,S07871,SC/ST Welfare Scheme,21786,Verified,2026-03-18,BA008642,9820007232
A007872,S07872,Minority Welfare,8158,Verified,2026-03-25,BA008643,9820007233
A007873,S07873,Minority Welfare,12909,Verified,2026-03-18,BA008644,9820007234
A007874,S07874,Girl Child Assistance,7512,Verified,2026-03-11,BA008645,9820007235
A007875,S07875,Merit Scholarship,19954,Verified,2026-03-27,BA008646,9820007236
A007876,S07876,SC/ST Welfare Scheme,15459,Verified,2026-03-25,BA008647,9820007237
A007877,S07877,SC/ST Welfare Scheme,24382,Verified,2026-03-26,BA008648,9820007238
A007878,S07878,Girl Child Assistance,7933,Verified,2026-03-27,BA008649,9820007239
A007879,S07879,Minority Welfare,11096,Verified,2026-03-17,BA008650,9820007240
A007880,S07880,SC/ST Welfare Scheme,18913,Verified,2026-03-17,BA008651,9820007241
A007881,S07881,Post-Matric Technical,9966,Verified,2026-03-20,BA008652,9820007242
A007882,S07882,Girl Child Assistance,7555,Verified,2026-03-19,BA008653,9820007243
A007883,S07883,Girl Child Assistance,8092,Verified,2026-03-15,BA008654,9820007244
A007884,S07884,Post-Matric Technical,13552,Verified,2026-03-26,BA008655,9820007245
A007885,S07885,Minority Welfare,12776,Verified,2026-03-18,BA008656,9820007246
A007886,S07886,Post-Matric Technical,21776,Verified,2026-03-24,BA008657,9820007247
A007887,S07887,Merit Scholarship,15214,Verified,2026-03-25,BA008658,9820007248
A007888,S07888,Post-Matric Technical,20987,Verified,2026-03-15,BA008659,9820007249
A007889,S07889,Post-Matric Technical,10177,Verified,2026-03-28,BA008660,9820007250
A007890,S07890,Minority Welfare,16325,Verified,2026-03-23,BA008661,9820007251
A007891,S07891,Merit Scholarship,22546,Verified,2026-03-25,BA008662,9820007252
A007892,S07892,Post-Matric Technical,19434,Verified,2026-03-18,BA008663,9820007253
A007893,S07893,Post-Matric Technical,12270,Verified,2026-03-19,BA008664,9820007254
A007894,S07894,Post-Matric Technical,19490,Verified,2026-03-16,BA008665,9820007255
A007895,S07895,Merit Scholarship,23719,Verified,2026-03-12,BA008666,9820007256
A007896,S07896,Post-Matric Technical,13923,Verified,2026-03-20,BA008667,9820007257
A007897,S07897,Post-Matric Technical,9480,Verified,2026-03-15,BA008668,9820007258
A007898,S07898,Minority Welfare,19968,Verified,2026-03-14,BA008669,9820007259
A007899,S07899,Girl Child Assistance,8579,Verified,2026-03-27,BA008670,9820007260
A007900,S07900,Post-Matric Technical,13883,Verified,2026-03-20,BA008671,9820007261
A007901,S07901,Girl Child Assistance,13384,Verified,2026-03-20,BA008672,9820007262
A007902,S07902,Merit Scholarship,22775,Verified,2026-03-24,BA008673,9820007263
A007903,S07903,Minority Welfare,9805,Verified,2026-03-10,BA008674,9820007264
A007904,S07904,SC/ST Welfare Scheme,12940,Verified,2026-03-10,BA008675,9820007265
A007905,S07905,Post-Matric Technical,9363,Verified,2026-03-19,BA008676,9820007266
A007906,S07906,Post-Matric Technical,13851,Verified,2026-03-26,BA008677,9820007267
A007907,S07907,Minority Welfare,10306,Verified,2026-03-11,BA008678,9820007268
A007908,S07908,Girl Child Assistance,14213,Verified,2026-03-28,BA008679,9820007269
A007909,S07909,SC/ST Welfare Scheme,11901,Verified,2026-03-14,BA008680,9820007270
A007910,S07910,SC/ST Welfare Scheme,11868,Verified,2026-03-25,BA008681,9820007271
A007911,S07911,Merit Scholarship,18982,Verified,2026-03-15,BA008682,9820007272
A007912,S07912,SC/ST Welfare Scheme,11955,Verified,2026-03-24,BA008683,9820007273
A007913,S07913,Post-Matric Technical,15851,Verified,2026-03-26,BA008684,9820007274
A007914,S07914,Post-Matric Technical,18978,Verified,2026-03-23,BA008685,9820007275
A007915,S07915,Merit Scholarship,13886,Verified,2026-03-19,BA008686,9820007276
A007916,S07916,SC/ST Welfare Scheme,19115,Verified,2026-03-26,BA008687,9820007277
A007917,S07917,Post-Matric Technical,10505,Verified,2026-03-27,BA008688,9820007278
A007918,S07918,Girl Child Assistance,9334,Verified,2026-03-23,BA008689,9820007279
A007919,S07919,Girl Child Assistance,10000,Verified,2026-03-22,BA008690,9820007280
A007920,S07920,Minority Welfare,18296,Verified,2026-03-21,BA008691,9820007281
A007921,S07921,Merit Scholarship,23675,Verified,2026-03-20,BA008692,9820007282
A007922,S07922,Girl Child Assistance,12691,Verified,2026-03-18,BA008693,9820007283
A007923,S07923,Merit Scholarship,27891,Verified,2026-03-28,BA008694,9820007284
A007924,S07924,Minority Welfare,10367,Verified,2026-03-17,BA008695,9820007285
A007925,S07925,Minority Welfare,17955,Verified,2026-03-25,BA008696,9820007286
A007926,S07926,Post-Matric Technical,10001,Verified,2026-03-23,BA008697,9820007287
A007927,S07927,Girl Child Assistance,11060,Verified,2026-03-25,BA008698,9820007288
A007928,S07928,Minority Welfare,15935,Verified,2026-03-25,BA008699,9820007289
A007929,S07929,SC/ST Welfare Scheme,21791,Verified,2026-03-10,BA008700,9820007290
A007930,S07930,Post-Matric Technical,12067,Verified,2026-03-16,BA008701,9820007291
A007931,S07931,Girl Child Assistance,14203,Verified,2026-03-27,BA008702,9820007292
A007932,S07932,SC/ST Welfare Scheme,15243,Verified,2026-03-16,BA008703,9820007293
A007933,S07933,Merit Scholarship,24668,Verified,2026-03-15,BA008704,9820007294
A007934,S07934,Merit Scholarship,13620,Verified,2026-03-17,BA008705,9820007295
A007935,S07935,Minority Welfare,11995,Verified,2026-03-23,BA008706,9820007296
A007936,S07936,Girl Child Assistance,8814,Verified,2026-03-12,BA008707,9820007297
A007937,S07937,Merit Scholarship,20500,Verified,2026-03-19,BA008708,9820007298
A007938,S07938,Minority Welfare,15924,Verified,2026-03-18,BA008709,9820007299
A007939,S07939,Merit Scholarship,24125,Verified,2026-03-16,BA008710,9820007300
A007940,S07940,Post-Matric Technical,21446,Verified,2026-03-24,BA008711,9820007301
A007941,S07941,Merit Scholarship,29469,Verified,2026-03-21,BA008712,9820007302
A007942,S07942,Merit Scholarship,23734,Verified,2026-03-22,BA008713,9820007303
A007943,S07943,Girl Child Assistance,7469,Verified,2026-03-28,BA008714,9820007304
A007944,S07944,Post-Matric Technical,13172,Verified,2026-03-19,BA008715,9820007305
A007945,S07945,SC/ST Welfare Scheme,13693,Verified,2026-03-24,BA008716,9820007306
A007946,S07946,Girl Child Assistance,10555,Verified,2026-03-22,BA008717,9820007307
A007947,S07947,Post-Matric Technical,10712,Verified,2026-03-24,BA008718,9820007308
A007948,S07948,Merit Scholarship,16375,Verified,2026-03-16,BA008719,9820007309
A007949,S07949,SC/ST Welfare Scheme,19398,Verified,2026-03-23,BA008720,9820007310
A007950,S07950,Girl Child Assistance,9427,Verified,2026-03-18,BA008721,9820007311
A007951,S07951,Post-Matric Technical,16314,Verified,2026-03-27,BA008722,9820007312
A007952,S07952,SC/ST Welfare Scheme,23897,Verified,2026-03-18,BA008723,9820007313
A007953,S07953,Merit Scholarship,16072,Verified,2026-03-12,BA008724,9820007314
A007954,S07954,SC/ST Welfare Scheme,20952,Verified,2026-03-27,BA008725,9820007315
A007955,S07955,Minority Welfare,17971,Verified,2026-03-17,BA008726,9820007316
A007956,S07956,SC/ST Welfare Scheme,19181,Verified,2026-03-22,BA008727,9820007317
A007957,S07957,Minority Welfare,8557,Verified,2026-03-16,BA008728,9820007318
A007958,S07958,SC/ST Welfare Scheme,23805,Verified,2026-03-12,BA008729,9820007319
A007959,S07959,Post-Matric Technical,16451,Verified,2026-03-19,BA008730,9820007320
A007960,S07960,SC/ST Welfare Scheme,17826,Verified,2026-03-16,BA008731,9820007321
A007961,S07961,Merit Scholarship,20667,Verified,2026-03-10,BA008732,9820007322
A007962,S07962,Post-Matric Technical,17711,Verified,2026-03-22,BA008733,9820007323
A007963,S07963,Minority Welfare,18309,Verified,2026-03-19,BA008734,9820007324
A007964,S07964,Merit Scholarship,24041,Verified,2026-03-17,BA008735,9820007325
A007965,S07965,Merit Scholarship,29560,Verified,2026-03-27,BA008736,9820007326
A007966,S07966,Minority Welfare,9176,Verified,2026-03-14,BA008737,9820007327
A007967,S07967,Post-Matric Technical,9171,Verified,2026-03-19,BA008738,9820007328
A007968,S07968,Post-Matric Technical,9316,Verified,2026-03-27,BA008739,9820007329
A007969,S07969,Merit Scholarship,13153,Verified,2026-03-12,BA008740,9820007330
A007970,S07970,Merit Scholarship,16522,Verified,2026-03-24,BA008741,9820007331
A007971,S07971,SC/ST Welfare Scheme,23115,Verified,2026-03-19,BA008742,9820007332
A007972,S07972,Minority Welfare,12306,Verified,2026-03-24,BA008743,9820007333
A007973,S07973,SC/ST Welfare Scheme,15284,Verified,2026-03-25,BA008744,9820007334
A007974,S07974,SC/ST Welfare Scheme,12064,Verified,2026-03-18,BA008745,9820007335
A007975,S07975,Post-Matric Technical,11941,Verified,2026-03-24,BA008746,9820007336
A007976,S07976,Girl Child Assistance,12919,Verified,2026-03-28,BA008747,9820007337
A007977,S07977,Minority Welfare,8533,Verified,2026-03-26,BA008748,9820007338
A007978,S07978,Post-Matric Technical,12576,Verified,2026-03-19,BA008749,9820007339
A007979,S07979,Post-Matric Technical,10905,Verified,2026-03-12,BA008750,9820007340
A007980,S07980,Minority Welfare,8078,Verified,2026-03-15,BA008751,9820007341
A007981,S07981,SC/ST Welfare Scheme,19057,Verified,2026-03-26,BA008752,9820007342
A007982,S07982,SC/ST Welfare Scheme,14002,Verified,2026-03-27,BA008753,9820007343
A007983,S07983,Merit Scholarship,14638,Verified,2026-03-25,BA008754,9820007344
A007984,S07984,Merit Scholarship,13968,Verified,2026-03-22,BA008755,9820007345
A007985,S07985,Minority Welfare,19251,Verified,2026-03-18,BA008756,9820007346
A007986,S07986,Post-Matric Technical,11787,Verified,2026-03-10,BA008757,9820007347
A007987,S07987,Minority Welfare,18264,Verified,2026-03-13,BA008758,9820007348
A007988,S07988,Minority Welfare,8257,Verified,2026-03-20,BA008759,9820007349
A007989,S07989,SC/ST Welfare Scheme,14223,Verified,2026-03-14,BA008760,9820007350
A007990,S07990,Minority Welfare,18845,Verified,2026-03-22,BA008761,9820007351
A007991,S07991,Girl Child Assistance,10870,Verified,2026-03-11,BA008762,9820007352
A007992,S07992,Minority Welfare,12018,Verified,2026-03-17,BA008763,9820007353
A007993,S07993,Girl Child Assistance,12470,Verified,2026-03-28,BA008764,9820007354
A007994,S07994,SC/ST Welfare Scheme,19188,Verified,2026-03-28,BA008765,9820007355
A007995,S07995,Post-Matric Technical,20535,Verified,2026-03-10,BA008766,9820007356
A007996,S07996,Minority Welfare,17889,Verified,2026-03-10,BA008767,9820007357
A007997,S07997,Minority Welfare,18881,Verified,2026-03-23,BA008768,9820007358
A007998,S07998,Merit Scholarship,22103,Verified,2026-03-27,BA008769,9820007359
A007999,S07999,SC/ST Welfare Scheme,24963,Verified,2026-03-28,BA008770,9820007360
A008000,S08000,Minority Welfare,14253,Verified,2026-03-10,BA008771,9820007361
A008001,S08001,Minority Welfare,15946,Verified,2026-03-15,BA008772,9820007362
A008002,S08002,Post-Matric Technical,21695,Verified,2026-03-20,BA008773,9820007363
A008003,S08003,Girl Child Assistance,12298,Verified,2026-03-14,BA008774,9820007364
A008004,S08004,Girl Child Assistance,11137,Verified,2026-03-14,BA008775,9820007365
A008005,S08005,Girl Child Assistance,14550,Verified,2026-03-10,BA008776,9820007366
A008006,S08006,Merit Scholarship,26760,Verified,2026-03-20,BA008777,9820007367
A008007,S08007,Girl Child Assistance,14605,Verified,2026-03-11,BA008778,9820007368
A008008,S08008,Merit Scholarship,22888,Verified,2026-03-13,BA008779,9820007369
A008009,S08009,Girl Child Assistance,14142,Verified,2026-03-23,BA008780,9820007370
A008010,S08010,Post-Matric Technical,13008,Verified,2026-03-20,BA008781,9820007371
A008011,S08011,Post-Matric Technical,16591,Verified,2026-03-19,BA008782,9820007372
A008012,S08012,Girl Child Assistance,9534,Verified,2026-03-23,BA008783,9820007373
A008013,S08013,SC/ST Welfare Scheme,16486,Verified,2026-03-10,BA008784,9820007374
A008014,S08014,Girl Child Assistance,10960,Verified,2026-03-27,BA008785,9820007375
A008015,S08015,Post-Matric Technical,11253,Verified,2026-03-26,BA008786,9820007376
A008016,S08016,Minority Welfare,19719,Verified,2026-03-11,BA008787,9820007377
A008017,S08017,Merit Scholarship,25580,Verified,2026-03-28,BA008788,9820007378
A008018,S08018,Girl Child Assistance,11056,Verified,2026-03-10,BA008789,9820007379
A008019,S08019,SC/ST Welfare Scheme,20658,Verified,2026-03-14,BA008790,9820007380
A008020,S08020,Girl Child Assistance,10213,Verified,2026-03-23,BA008791,9820007381
A008021,S08021,SC/ST Welfare Scheme,15105,Verified,2026-03-22,BA008792,9820007382
A008022,S08022,SC/ST Welfare Scheme,11103,Verified,2026-03-12,BA008793,9820007383
A008023,S08023,Girl Child Assistance,7996,Verified,2026-03-18,BA008794,9820007384
A008024,S08024,Girl Child Assistance,7775,Verified,2026-03-26,BA008795,9820007385
A008025,S08025,Post-Matric Technical,10776,Verified,2026-03-10,BA008796,9820007386
A008026,S08026,Post-Matric Technical,14761,Verified,2026-03-12,BA008797,9820007387
A008027,S08027,Merit Scholarship,21433,Verified,2026-03-19,BA008798,9820007388
A008028,S08028,Minority Welfare,12285,Verified,2026-03-15,BA008799,9820007389
A008029,S08029,Merit Scholarship,20841,Verified,2026-03-26,BA008800,9820007390
A008030,S08030,Girl Child Assistance,9996,Verified,2026-03-13,BA008801,9820007391
A008031,S08031,SC/ST Welfare Scheme,22768,Verified,2026-03-16,BA008802,9820007392
A008032,S08032,Post-Matric Technical,21212,Verified,2026-03-24,BA008803,9820007393
A008033,S08033,Girl Child Assistance,10737,Verified,2026-03-23,BA008804,9820007394
A008034,S08034,SC/ST Welfare Scheme,13108,Verified,2026-03-12,BA008805,9820007395
A008035,S08035,Minority Welfare,8201,Verified,2026-03-23,BA008806,9820007396
A008036,S08036,Girl Child Assistance,13455,Verified,2026-03-25,BA008807,9820007397
A008037,S08037,Post-Matric Technical,19229,Verified,2026-03-19,BA008808,9820007398
A008038,S08038,Minority Welfare,17274,Verified,2026-03-23,BA008809,9820007399
A008039,S08039,SC/ST Welfare Scheme,11232,Verified,2026-03-28,BA008810,9820007400
A008040,S08040,SC/ST Welfare Scheme,11286,Verified,2026-03-18,BA008811,9820007401
A008041,S08041,Post-Matric Technical,13129,Verified,2026-03-10,BA008812,9820007402
A008042,S08042,SC/ST Welfare Scheme,16646,Verified,2026-03-28,BA008813,9820007403
A008043,S08043,Merit Scholarship,19248,Verified,2026-03-14,BA008814,9820007404
A008044,S08044,Girl Child Assistance,8818,Verified,2026-03-18,BA008815,9820007405
A008045,S08045,Post-Matric Technical,13325,Verified,2026-03-25,BA008816,9820007406
A008046,S08046,Post-Matric Technical,19243,Verified,2026-03-14,BA008817,9820007407
A008047,S08047,SC/ST Welfare Scheme,19480,Verified,2026-03-24,BA008818,9820007408
A008048,S08048,Minority Welfare,17138,Verified,2026-03-27,BA008819,9820007409
A008049,S08049,Post-Matric Technical,15125,Verified,2026-03-19,BA008820,9820007410
A008050,S08050,SC/ST Welfare Scheme,10172,Verified,2026-03-18,BA008821,9820007411
A008051,S08051,Merit Scholarship,17515,Verified,2026-03-25,BA008822,9820007412
A008052,S08052,SC/ST Welfare Scheme,17707,Verified,2026-03-15,BA008823,9820007413
A008053,S08053,Girl Child Assistance,9715,Verified,2026-03-27,BA008824,9820007414
A008054,S08054,Girl Child Assistance,14248,Verified,2026-03-19,BA008825,9820007415
A008055,S08055,SC/ST Welfare Scheme,10588,Verified,2026-03-25,BA008826,9820007416
A008056,S08056,SC/ST Welfare Scheme,19403,Verified,2026-03-17,BA008827,9820007417
A008057,S08057,Merit Scholarship,29873,Verified,2026-03-13,BA008828,9820007418
A008058,S08058,SC/ST Welfare Scheme,20354,Verified,2026-03-17,BA008829,9820007419
A008059,S08059,Girl Child Assistance,7264,Verified,2026-03-27,BA008830,9820007420
A008060,S08060,Girl Child Assistance,14305,Verified,2026-03-14,BA008831,9820007421
A008061,S08061,Merit Scholarship,22335,Verified,2026-03-26,BA008832,9820007422
A008062,S08062,Post-Matric Technical,21534,Verified,2026-03-15,BA008833,9820007423
A008063,S08063,Merit Scholarship,19739,Verified,2026-03-11,BA008834,9820007424
A008064,S08064,Girl Child Assistance,10586,Verified,2026-03-11,BA008835,9820007425
A008065,S08065,Merit Scholarship,20009,Verified,2026-03-14,BA008836,9820007426
A008066,S08066,SC/ST Welfare Scheme,11191,Verified,2026-03-18,BA008837,9820007427
A008067,S08067,Minority Welfare,17665,Verified,2026-03-18,BA008838,9820007428
A008068,S08068,Girl Child Assistance,12516,Verified,2026-03-20,BA008839,9820007429
A008069,S08069,Girl Child Assistance,13392,Verified,2026-03-15,BA008840,9820007430
A008070,S08070,Girl Child Assistance,14572,Verified,2026-03-14,BA008841,9820007431
A008071,S08071,SC/ST Welfare Scheme,20164,Verified,2026-03-26,BA008842,9820007432
A008072,S08072,Minority Welfare,14819,Verified,2026-03-20,BA008843,9820007433
A008073,S08073,Minority Welfare,13889,Verified,2026-03-17,BA008844,9820007434
A008074,S08074,Merit Scholarship,29058,Verified,2026-03-21,BA008845,9820007435
A008075,S08075,Post-Matric Technical,12716,Verified,2026-03-19,BA008846,9820007436
A008076,S08076,SC/ST Welfare Scheme,13106,Verified,2026-03-14,BA008847,9820007437
A008077,S08077,Post-Matric Technical,19330,Verified,2026-03-10,BA008848,9820007438
A008078,S08078,SC/ST Welfare Scheme,23474,Verified,2026-03-21,BA008849,9820007439
A008079,S08079,Merit Scholarship,27555,Verified,2026-03-22,BA008850,9820007440
A008080,S08080,Merit Scholarship,21759,Verified,2026-03-24,BA008851,9820007441
A008081,S08081,Girl Child Assistance,7845,Verified,2026-03-11,BA008852,9820007442
A008082,S08082,Girl Child Assistance,13098,Verified,2026-03-11,BA008853,9820007443
A008083,S08083,Merit Scholarship,14426,Verified,2026-03-24,BA008854,9820007444
A008084,S08084,SC/ST Welfare Scheme,10185,Verified,2026-03-12,BA008855,9820007445
A008085,S08085,Post-Matric Technical,10343,Verified,2026-03-27,BA008856,9820007446
A008086,S08086,SC/ST Welfare Scheme,17624,Verified,2026-03-14,BA008857,9820007447
A008087,S08087,Girl Child Assistance,13613,Verified,2026-03-17,BA008858,9820007448
A008088,S08088,Post-Matric Technical,15976,Verified,2026-03-24,BA008859,9820007449
A008089,S08089,Post-Matric Technical,13187,Verified,2026-03-28,BA008860,9820007450
A008090,S08090,Minority Welfare,8483,Verified,2026-03-15,BA008861,9820007451
A008091,S08091,Merit Scholarship,13387,Verified,2026-03-28,BA008862,9820007452
A008092,S08092,Girl Child Assistance,7553,Verified,2026-03-23,BA008863,9820007453
A008093,S08093,Post-Matric Technical,18756,Verified,2026-03-12,BA008864,9820007454
A008094,S08094,Minority Welfare,8014,Verified,2026-03-20,BA008865,9820007455
A008095,S08095,Minority Welfare,16024,Verified,2026-03-13,BA008866,9820007456
A008096,S08096,Girl Child Assistance,8304,Verified,2026-03-15,BA008867,9820007457
A008097,S08097,Merit Scholarship,26714,Verified,2026-03-22,BA008868,9820007458
A008098,S08098,Minority Welfare,17355,Verified,2026-03-14,BA008869,9820007459
A008099,S08099,SC/ST Welfare Scheme,24806,Verified,2026-03-24,BA008870,9820007460
A008100,S08100,Merit Scholarship,27181,Verified,2026-03-21,BA008871,9820007461
A008101,S08101,Post-Matric Technical,10937,Verified,2026-03-24,BA008872,9820007462
A008102,S08102,Merit Scholarship,15598,Verified,2026-03-24,BA008873,9820007463
A008103,S08103,Post-Matric Technical,16012,Verified,2026-03-28,BA008874,9820007464
A008104,S08104,Girl Child Assistance,12206,Verified,2026-03-24,BA008875,9820007465
A008105,S08105,Post-Matric Technical,20280,Verified,2026-03-14,BA008876,9820007466
A008106,S08106,Girl Child Assistance,13801,Verified,2026-03-15,BA008877,9820007467
A008107,S08107,Girl Child Assistance,7209,Verified,2026-03-13,BA008878,9820007468
A008108,S08108,Girl Child Assistance,14990,Verified,2026-03-10,BA008879,9820007469
A008109,S08109,Girl Child Assistance,13146,Verified,2026-03-11,BA008880,9820007470
A008110,S08110,SC/ST Welfare Scheme,13043,Verified,2026-03-13,BA008881,9820007471
A008111,S08111,Merit Scholarship,25928,Verified,2026-03-17,BA008882,9820007472
A008112,S08112,Minority Welfare,18161,Verified,2026-03-25,BA008883,9820007473
A008113,S08113,Merit Scholarship,15608,Verified,2026-03-23,BA008884,9820007474
A008114,S08114,Merit Scholarship,22703,Verified,2026-03-16,BA008885,9820007475
A008115,S08115,Merit Scholarship,18100,Verified,2026-03-10,BA008886,9820007476
A008116,S08116,SC/ST Welfare Scheme,22281,Verified,2026-03-27,BA008887,9820007477
A008117,S08117,Merit Scholarship,20634,Verified,2026-03-14,BA008888,9820007478
A008118,S08118,SC/ST Welfare Scheme,19980,Verified,2026-03-15,BA008889,9820007479
A008119,S08119,Merit Scholarship,18646,Verified,2026-03-17,BA008890,9820007480
A008120,S08120,Merit Scholarship,12480,Verified,2026-03-18,BA008891,9820007481
A008121,S08121,SC/ST Welfare Scheme,18413,Verified,2026-03-13,BA008892,9820007482
A008122,S08122,Post-Matric Technical,15868,Verified,2026-03-22,BA008893,9820007483
A008123,S08123,Minority Welfare,19111,Verified,2026-03-24,BA008894,9820007484
A008124,S08124,Merit Scholarship,13503,Verified,2026-03-16,BA008895,9820007485
A008125,S08125,Merit Scholarship,22251,Verified,2026-03-11,BA008896,9820007486
A008126,S08126,SC/ST Welfare Scheme,21912,Verified,2026-03-25,BA008897,9820007487
A008127,S08127,Post-Matric Technical,13014,Verified,2026-03-18,BA008898,9820007488
A008128,S08128,Merit Scholarship,25154,Verified,2026-03-14,BA008899,9820007489
A008129,S08129,Post-Matric Technical,17015,Verified,2026-03-20,BA008900,9820007490
A008130,S08130,Merit Scholarship,20666,Verified,2026-03-10,BA008901,9820007491
A008131,S08131,Girl Child Assistance,14966,Verified,2026-03-26,BA008902,9820007492
A008132,S08132,Merit Scholarship,16753,Verified,2026-03-27,BA008903,9820007493
A008133,S08133,Minority Welfare,11979,Verified,2026-03-17,BA008904,9820007494
A008134,S08134,Merit Scholarship,12047,Verified,2026-03-16,BA008905,9820007495
A008135,S08135,Minority Welfare,10781,Verified,2026-03-10,BA008906,9820007496
A008136,S08136,Merit Scholarship,18943,Verified,2026-03-12,BA008907,9820007497
A008137,S08137,Post-Matric Technical,16862,Verified,2026-03-19,BA008908,9820007498
A008138,S08138,Minority Welfare,14877,Verified,2026-03-14,BA008909,9820007499
A008139,S08139,Merit Scholarship,22659,Verified,2026-03-14,BA008910,9820007500
A008140,S08140,Post-Matric Technical,10452,Verified,2026-03-17,BA008911,9820007501
A008141,S08141,Merit Scholarship,22135,Verified,2026-03-17,BA008912,9820007502
A008142,S08142,Merit Scholarship,17300,Verified,2026-03-21,BA008913,9820007503
A008143,S08143,Post-Matric Technical,21977,Verified,2026-03-27,BA008914,9820007504
A008144,S08144,Girl Child Assistance,7066,Verified,2026-03-15,BA008915,9820007505
A008145,S08145,Merit Scholarship,20747,Verified,2026-03-27,BA008916,9820007506
A008146,S08146,SC/ST Welfare Scheme,23556,Verified,2026-03-11,BA008917,9820007507
A008147,S08147,Merit Scholarship,29958,Verified,2026-03-27,BA008918,9820007508
A008148,S08148,Minority Welfare,10215,Verified,2026-03-12,BA008919,9820007509
A008149,S08149,Merit Scholarship,24584,Verified,2026-03-14,BA008920,9820007510
A008150,S08150,Post-Matric Technical,15742,Verified,2026-03-13,BA008921,9820007511
A008151,S08151,Post-Matric Technical,10376,Verified,2026-03-25,BA008922,9820007512
A008152,S08152,Girl Child Assistance,10827,Verified,2026-03-11,BA008923,9820007513
A008153,S08153,SC/ST Welfare Scheme,21573,Verified,2026-03-26,BA008924,9820007514
A008154,S08154,Merit Scholarship,14078,Verified,2026-03-15,BA008925,9820007515
A008155,S08155,Merit Scholarship,21708,Verified,2026-03-26,BA008926,9820007516
A008156,S08156,Minority Welfare,17226,Verified,2026-03-26,BA008927,9820007517
A008157,S08157,Girl Child Assistance,9546,Verified,2026-03-22,BA008928,9820007518
A008158,S08158,Merit Scholarship,25473,Verified,2026-03-11,BA008929,9820007519
A008159,S08159,Minority Welfare,18228,Verified,2026-03-20,BA008930,9820007520
A008160,S08160,Post-Matric Technical,19807,Verified,2026-03-28,BA008931,9820007521
A008161,S08161,Post-Matric Technical,16738,Verified,2026-03-26,BA008932,9820007522
A008162,S08162,Post-Matric Technical,20391,Verified,2026-03-14,BA008933,9820007523
A008163,S08163,Merit Scholarship,29605,Verified,2026-03-24,BA008934,9820007524
A008164,S08164,Post-Matric Technical,15314,Verified,2026-03-26,BA008935,9820007525
A008165,S08165,SC/ST Welfare Scheme,21337,Verified,2026-03-22,BA008936,9820007526
A008166,S08166,Minority Welfare,13037,Verified,2026-03-28,BA008937,9820007527
A008167,S08167,Minority Welfare,17829,Verified,2026-03-13,BA008938,9820007528
A008168,S08168,Merit Scholarship,23517,Verified,2026-03-26,BA008939,9820007529
A008169,S08169,SC/ST Welfare Scheme,13568,Verified,2026-03-27,BA008940,9820007530
A008170,S08170,Girl Child Assistance,11817,Verified,2026-03-14,BA008941,9820007531
A008171,S08171,Minority Welfare,10243,Verified,2026-03-27,BA008942,9820007532
A008172,S08172,Minority Welfare,8994,Verified,2026-03-23,BA008943,9820007533
A008173,S08173,Merit Scholarship,15500,Verified,2026-03-25,BA008944,9820007534
A008174,S08174,Minority Welfare,9139,Verified,2026-03-24,BA008945,9820007535
A008175,S08175,Minority Welfare,13982,Verified,2026-03-15,BA008946,9820007536
A008176,S08176,Post-Matric Technical,16731,Verified,2026-03-13,BA008947,9820007537
A008177,S08177,Girl Child Assistance,14368,Verified,2026-03-28,BA008948,9820007538
A008178,S08178,SC/ST Welfare Scheme,22367,Verified,2026-03-25,BA008949,9820007539
A008179,S08179,Post-Matric Technical,15677,Verified,2026-03-17,BA008950,9820007540
A008180,S08180,SC/ST Welfare Scheme,20604,Verified,2026-03-10,BA008951,9820007541
A008181,S08181,Girl Child Assistance,10163,Verified,2026-03-25,BA008952,9820007542
A008182,S08182,Merit Scholarship,18608,Verified,2026-03-23,BA008953,9820007543
A008183,S08183,Minority Welfare,16012,Verified,2026-03-11,BA008954,9820007544
A008184,S08184,SC/ST Welfare Scheme,19358,Verified,2026-03-28,BA008955,9820007545
A008185,S08185,Post-Matric Technical,16777,Verified,2026-03-28,BA008956,9820007546
A008186,S08186,SC/ST Welfare Scheme,16533,Verified,2026-03-24,BA008957,9820007547
A008187,S08187,SC/ST Welfare Scheme,17210,Verified,2026-03-23,BA008958,9820007548
A008188,S08188,Post-Matric Technical,14639,Verified,2026-03-19,BA008959,9820007549
A008189,S08189,SC/ST Welfare Scheme,14350,Verified,2026-03-19,BA008960,9820007550
A008190,S08190,Girl Child Assistance,8482,Verified,2026-03-17,BA008961,9820007551
A008191,S08191,Minority Welfare,15844,Verified,2026-03-26,BA008962,9820007552
A008192,S08192,Minority Welfare,11534,Verified,2026-03-13,BA008963,9820007553
A008193,S08193,SC/ST Welfare Scheme,18431,Verified,2026-03-23,BA008964,9820007554
A008194,S08194,Post-Matric Technical,12692,Verified,2026-03-27,BA008965,9820007555
A008195,S08195,Girl Child Assistance,11305,Verified,2026-03-14,BA008966,9820007556
A008196,S08196,SC/ST Welfare Scheme,20058,Verified,2026-03-26,BA008967,9820007557
A008197,S08197,SC/ST Welfare Scheme,20046,Verified,2026-03-23,BA008968,9820007558
A008198,S08198,Girl Child Assistance,8716,Verified,2026-03-27,BA008969,9820007559
A008199,S08199,Minority Welfare,13459,Verified,2026-03-14,BA008970,9820007560
A008200,S08200,Girl Child Assistance,10288,Verified,2026-03-21,BA008971,9820007561
A008201,S08201,Post-Matric Technical,19264,Verified,2026-03-18,BA008972,9820007562
A008202,S08202,Minority Welfare,11485,Verified,2026-03-14,BA008973,9820007563
A008203,S08203,Girl Child Assistance,13667,Verified,2026-03-10,BA008974,9820007564
A008204,S08204,Post-Matric Technical,10259,Verified,2026-03-19,BA008975,9820007565
A008205,S08205,Girl Child Assistance,7085,Verified,2026-03-21,BA008976,9820007566
A008206,S08206,Minority Welfare,11013,Verified,2026-03-20,BA008977,9820007567
A008207,S08207,Merit Scholarship,12923,Verified,2026-03-13,BA008978,9820007568
A008208,S08208,Minority Welfare,16380,Verified,2026-03-13,BA008979,9820007569
A008209,S08209,Minority Welfare,19260,Verified,2026-03-23,BA008980,9820007570
A008210,S08210,Minority Welfare,19152,Verified,2026-03-10,BA008981,9820007571
A008211,S08211,Girl Child Assistance,12961,Verified,2026-03-19,BA008982,9820007572
A008212,S08212,SC/ST Welfare Scheme,23546,Verified,2026-03-17,BA008983,9820007573
A008213,S08213,Girl Child Assistance,11786,Verified,2026-03-17,BA008984,9820007574
A008214,S08214,Post-Matric Technical,10615,Verified,2026-03-11,BA008985,9820007575
A008215,S08215,SC/ST Welfare Scheme,22513,Verified,2026-03-19,BA008986,9820007576
A008216,S08216,SC/ST Welfare Scheme,13431,Verified,2026-03-10,BA008987,9820007577
A008217,S08217,SC/ST Welfare Scheme,23866,Verified,2026-03-17,BA008988,9820007578
A008218,S08218,Post-Matric Technical,19879,Verified,2026-03-22,BA008989,9820007579
A008219,S08219,Girl Child Assistance,11682,Verified,2026-03-21,BA008990,9820007580
A008220,S08220,Merit Scholarship,20102,Verified,2026-03-23,BA008991,9820007581
A008221,S08221,Girl Child Assistance,9826,Verified,2026-03-15,BA008992,9820007582
A008222,S08222,Post-Matric Technical,13505,Verified,2026-03-27,BA008993,9820007583
A008223,S08223,Merit Scholarship,12741,Verified,2026-03-11,BA008994,9820007584
A008224,S08224,Girl Child Assistance,14997,Verified,2026-03-13,BA008995,9820007585
A008225,S08225,Merit Scholarship,13381,Verified,2026-03-21,BA008996,9820007586
A008226,S08226,SC/ST Welfare Scheme,23032,Verified,2026-03-24,BA008997,9820007587
A008227,S08227,Merit Scholarship,29568,Verified,2026-03-22,BA008998,9820007588
A008228,S08228,Merit Scholarship,14280,Verified,2026-03-19,BA008999,9820007589
A008229,S08229,Merit Scholarship,24825,Verified,2026-03-12,BA009000,9820007590
A008230,S08230,Merit Scholarship,28718,Verified,2026-03-24,BA009001,9820007591
A008231,S08231,Merit Scholarship,26798,Verified,2026-03-25,BA009002,9820007592
A008232,S08232,SC/ST Welfare Scheme,23879,Verified,2026-03-28,BA009003,9820007593
A008233,S08233,SC/ST Welfare Scheme,21916,Verified,2026-03-21,BA009004,9820007594
A008234,S08234,SC/ST Welfare Scheme,22927,Verified,2026-03-27,BA009005,9820007595
A008235,S08235,Merit Scholarship,29560,Verified,2026-03-24,BA009006,9820007596
A008236,S08236,SC/ST Welfare Scheme,16484,Verified,2026-03-23,BA009007,9820007597
A008237,S08237,Minority Welfare,13295,Verified,2026-03-17,BA009008,9820007598
A008238,S08238,Minority Welfare,17227,Verified,2026-03-17,BA009009,9820007599
A008239,S08239,Post-Matric Technical,18471,Verified,2026-03-20,BA009010,9820007600
A008240,S08240,Girl Child Assistance,9898,Verified,2026-03-11,BA009011,9820007601
A008241,S08241,Minority Welfare,10334,Verified,2026-03-10,BA009012,9820007602
A008242,S08242,Girl Child Assistance,8692,Verified,2026-03-18,BA009013,9820007603
A008243,S08243,Post-Matric Technical,10406,Verified,2026-03-11,BA009014,9820007604
A008244,S08244,Merit Scholarship,22470,Verified,2026-03-11,BA009015,9820007605
A008245,S08245,SC/ST Welfare Scheme,12950,Verified,2026-03-23,BA009016,9820007606
A008246,S08246,Post-Matric Technical,14534,Verified,2026-03-22,BA009017,9820007607
A008247,S08247,SC/ST Welfare Scheme,19571,Verified,2026-03-21,BA009018,9820007608
A008248,S08248,SC/ST Welfare Scheme,23836,Verified,2026-03-28,BA009019,9820007609
A008249,S08249,Post-Matric Technical,19073,Verified,2026-03-26,BA009020,9820007610
A008250,S08250,Post-Matric Technical,9941,Verified,2026-03-10,BA009021,9820007611
A008251,S08251,Girl Child Assistance,14153,Verified,2026-03-11,BA009022,9820007612
A008252,S08252,Post-Matric Technical,15731,Verified,2026-03-16,BA009023,9820007613
A008253,S08253,Minority Welfare,13294,Verified,2026-03-19,BA009024,9820007614
A008254,S08254,Girl Child Assistance,8975,Verified,2026-03-27,BA009025,9820007615
A008255,S08255,Merit Scholarship,16752,Verified,2026-03-15,BA009026,9820007616
A008256,S08256,Minority Welfare,14775,Verified,2026-03-10,BA009027,9820007617
A008257,S08257,Minority Welfare,8554,Verified,2026-03-18,BA009028,9820007618
A008258,S08258,Girl Child Assistance,7122,Verified,2026-03-25,BA009029,9820007619
A008259,S08259,Post-Matric Technical,18787,Verified,2026-03-11,BA009030,9820007620
A008260,S08260,Merit Scholarship,23656,Verified,2026-03-25,BA009031,9820007621
A008261,S08261,Post-Matric Technical,11868,Verified,2026-03-17,BA009032,9820007622
A008262,S08262,Girl Child Assistance,7790,Verified,2026-03-22,BA009033,9820007623
A008263,S08263,Merit Scholarship,25037,Verified,2026-03-16,BA009034,9820007624
A008264,S08264,Post-Matric Technical,21413,Verified,2026-03-22,BA009035,9820007625
A008265,S08265,Minority Welfare,8112,Verified,2026-03-12,BA009036,9820007626
A008266,S08266,Merit Scholarship,15789,Verified,2026-03-24,BA009037,9820007627
A008267,S08267,SC/ST Welfare Scheme,11314,Verified,2026-03-24,BA009038,9820007628
A008268,S08268,SC/ST Welfare Scheme,23732,Verified,2026-03-22,BA009039,9820007629
A008269,S08269,Post-Matric Technical,12533,Verified,2026-03-14,BA009040,9820007630
A008270,S08270,Girl Child Assistance,9998,Verified,2026-03-21,BA009041,9820007631
A008271,S08271,SC/ST Welfare Scheme,17326,Verified,2026-03-13,BA009042,9820007632
A008272,S08272,Girl Child Assistance,10533,Verified,2026-03-21,BA009043,9820007633
A008273,S08273,SC/ST Welfare Scheme,19420,Verified,2026-03-11,BA009044,9820007634
A008274,S08274,Post-Matric Technical,16387,Verified,2026-03-15,BA009045,9820007635
A008275,S08275,Minority Welfare,19187,Verified,2026-03-12,BA009046,9820007636
A008276,S08276,Post-Matric Technical,13169,Verified,2026-03-14,BA009047,9820007637
A008277,S08277,Girl Child Assistance,11590,Verified,2026-03-20,BA009048,9820007638
A008278,S08278,Minority Welfare,11273,Verified,2026-03-19,BA009049,9820007639
A008279,S08279,Merit Scholarship,19499,Verified,2026-03-22,BA009050,9820007640
A008280,S08280,SC/ST Welfare Scheme,11900,Verified,2026-03-25,BA009051,9820007641
A008281,S08281,Post-Matric Technical,14196,Verified,2026-03-13,BA009052,9820007642
A008282,S08282,SC/ST Welfare Scheme,21498,Verified,2026-03-19,BA009053,9820007643
A008283,S08283,Merit Scholarship,14687,Verified,2026-03-13,BA009054,9820007644
A008284,S08284,Merit Scholarship,29830,Verified,2026-03-25,BA009055,9820007645
A008285,S08285,Merit Scholarship,13523,Verified,2026-03-25,BA009056,9820007646
A008286,S08286,Merit Scholarship,16083,Verified,2026-03-23,BA009057,9820007647
A008287,S08287,Merit Scholarship,28245,Verified,2026-03-23,BA009058,9820007648
A008288,S08288,Merit Scholarship,20732,Verified,2026-03-27,BA009059,9820007649
A008289,S08289,Girl Child Assistance,9350,Verified,2026-03-20,BA009060,9820007650
A008290,S08290,Girl Child Assistance,11112,Verified,2026-03-23,BA009061,9820007651
A008291,S08291,Post-Matric Technical,14620,Verified,2026-03-21,BA009062,9820007652
A008292,S08292,Merit Scholarship,14903,Verified,2026-03-12,BA009063,9820007653
A008293,S08293,Merit Scholarship,29277,Verified,2026-03-20,BA009064,9820007654
A008294,S08294,Post-Matric Technical,19694,Verified,2026-03-22,BA009065,9820007655
A008295,S08295,Girl Child Assistance,8687,Verified,2026-03-21,BA009066,9820007656
A008296,S08296,Post-Matric Technical,10344,Verified,2026-03-16,BA009067,9820007657
A008297,S08297,Minority Welfare,9067,Verified,2026-03-18,BA009068,9820007658
A008298,S08298,Girl Child Assistance,9842,Verified,2026-03-19,BA009069,9820007659
A008299,S08299,Merit Scholarship,18277,Verified,2026-03-17,BA009070,9820007660
A008300,S08300,Post-Matric Technical,21924,Verified,2026-03-17,BA009071,9820007661
A008301,S08301,Minority Welfare,19769,Verified,2026-03-16,BA009072,9820007662
A008302,S08302,Minority Welfare,19167,Verified,2026-03-21,BA009073,9820007663
A008303,S08303,Minority Welfare,17555,Verified,2026-03-12,BA009074,9820007664
A008304,S08304,Girl Child Assistance,10568,Verified,2026-03-13,BA009075,9820007665
A008305,S08305,Merit Scholarship,21512,Verified,2026-03-15,BA009076,9820007666
A008306,S08306,Girl Child Assistance,11760,Verified,2026-03-16,BA009077,9820007667
A008307,S08307,SC/ST Welfare Scheme,24376,Verified,2026-03-18,BA009078,9820007668
A008308,S08308,Post-Matric Technical,11525,Verified,2026-03-26,BA009079,9820007669
A008309,S08309,Post-Matric Technical,20200,Verified,2026-03-19,BA009080,9820007670
A008310,S08310,Girl Child Assistance,7900,Verified,2026-03-26,BA009081,9820007671
A008311,S08311,SC/ST Welfare Scheme,20627,Verified,2026-03-11,BA009082,9820007672
A008312,S08312,Merit Scholarship,22682,Verified,2026-03-18,BA009083,9820007673
A008313,S08313,Merit Scholarship,25848,Verified,2026-03-17,BA009084,9820007674
A008314,S08314,Post-Matric Technical,18716,Verified,2026-03-11,BA009085,9820007675
A008315,S08315,Post-Matric Technical,10006,Verified,2026-03-13,BA009086,9820007676
A008316,S08316,Girl Child Assistance,14311,Verified,2026-03-18,BA009087,9820007677
A008317,S08317,Minority Welfare,13580,Verified,2026-03-15,BA009088,9820007678
A008318,S08318,Girl Child Assistance,14898,Verified,2026-03-20,BA009089,9820007679
A008319,S08319,SC/ST Welfare Scheme,23283,Verified,2026-03-10,BA009090,9820007680
A008320,S08320,SC/ST Welfare Scheme,19523,Verified,2026-03-24,BA009091,9820007681
A008321,S08321,Post-Matric Technical,21391,Verified,2026-03-14,BA009092,9820007682
A008322,S08322,Minority Welfare,17302,Verified,2026-03-20,BA009093,9820007683
A008323,S08323,Merit Scholarship,23897,Verified,2026-03-16,BA009094,9820007684
A008324,S08324,SC/ST Welfare Scheme,21246,Verified,2026-03-25,BA009095,9820007685
A008325,S08325,Minority Welfare,12711,Verified,2026-03-17,BA009096,9820007686
A008326,S08326,Post-Matric Technical,14837,Verified,2026-03-17,BA009097,9820007687
A008327,S08327,Merit Scholarship,24824,Verified,2026-03-22,BA009098,9820007688
A008328,S08328,Girl Child Assistance,7986,Verified,2026-03-24,BA009099,9820007689
A008329,S08329,SC/ST Welfare Scheme,15723,Verified,2026-03-16,BA009100,9820007690
A008330,S08330,Merit Scholarship,15531,Verified,2026-03-26,BA009101,9820007691
A008331,S08331,SC/ST Welfare Scheme,16468,Verified,2026-03-11,BA009102,9820007692
A008332,S08332,Girl Child Assistance,13295,Verified,2026-03-10,BA009103,9820007693
A008333,S08333,Post-Matric Technical,10185,Verified,2026-03-13,BA009104,9820007694
A008334,S08334,Post-Matric Technical,18124,Verified,2026-03-13,BA009105,9820007695
A008335,S08335,Minority Welfare,9357,Verified,2026-03-20,BA009106,9820007696
A008336,S08336,Minority Welfare,16003,Verified,2026-03-18,BA009107,9820007697
A008337,S08337,Girl Child Assistance,9332,Verified,2026-03-12,BA009108,9820007698
A008338,S08338,Post-Matric Technical,20434,Verified,2026-03-17,BA009109,9820007699
A008339,S08339,Merit Scholarship,24243,Verified,2026-03-16,BA009110,9820007700
A008340,S08340,Merit Scholarship,16041,Verified,2026-03-23,BA009111,9820007701
A008341,S08341,Girl Child Assistance,9730,Verified,2026-03-19,BA009112,9820007702
A008342,S08342,Minority Welfare,10548,Verified,2026-03-13,BA009113,9820007703
A008343,S08343,Minority Welfare,15864,Verified,2026-03-28,BA009114,9820007704
A008344,S08344,Girl Child Assistance,10826,Verified,2026-03-11,BA009115,9820007705
A008345,S08345,Girl Child Assistance,12194,Verified,2026-03-19,BA009116,9820007706
A008346,S08346,Post-Matric Technical,18766,Verified,2026-03-17,BA009117,9820007707
A008347,S08347,Girl Child Assistance,8687,Verified,2026-03-20,BA009118,9820007708
A008348,S08348,Girl Child Assistance,12180,Verified,2026-03-12,BA009119,9820007709
A008349,S08349,Girl Child Assistance,12615,Verified,2026-03-19,BA009120,9820007710
A008350,S08350,Minority Welfare,9830,Verified,2026-03-11,BA009121,9820007711
A008351,S08351,Minority Welfare,8110,Verified,2026-03-12,BA009122,9820007712
A008352,S08352,SC/ST Welfare Scheme,22346,Verified,2026-03-22,BA009123,9820007713
A008353,S08353,Girl Child Assistance,7883,Verified,2026-03-19,BA009124,9820007714
A008354,S08354,Girl Child Assistance,8201,Verified,2026-03-18,BA009125,9820007715
A008355,S08355,Merit Scholarship,14590,Verified,2026-03-20,BA009126,9820007716
A008356,S08356,Post-Matric Technical,10420,Verified,2026-03-12,BA009127,9820007717
A008357,S08357,SC/ST Welfare Scheme,19904,Verified,2026-03-14,BA009128,9820007718
A008358,S08358,Minority Welfare,14577,Verified,2026-03-17,BA009129,9820007719
A008359,S08359,Minority Welfare,11824,Verified,2026-03-28,BA009130,9820007720
A008360,S08360,Minority Welfare,16915,Verified,2026-03-25,BA009131,9820007721
A008361,S08361,Merit Scholarship,23634,Verified,2026-03-19,BA009132,9820007722
A008362,S08362,Post-Matric Technical,17060,Verified,2026-03-14,BA009133,9820007723
A008363,S08363,SC/ST Welfare Scheme,15316,Verified,2026-03-20,BA009134,9820007724
A008364,S08364,SC/ST Welfare Scheme,22066,Verified,2026-03-21,BA009135,9820007725
A008365,S08365,Minority Welfare,11668,Verified,2026-03-19,BA009136,9820007726
A008366,S08366,SC/ST Welfare Scheme,23003,Verified,2026-03-11,BA009137,9820007727
A008367,S08367,Girl Child Assistance,13867,Verified,2026-03-19,BA009138,9820007728
A008368,S08368,Merit Scholarship,16987,Verified,2026-03-17,BA009139,9820007729
A008369,S08369,Minority Welfare,12861,Verified,2026-03-20,BA009140,9820007730
A008370,S08370,Merit Scholarship,28877,Verified,2026-03-14,BA009141,9820007731
A008371,S08371,SC/ST Welfare Scheme,18690,Verified,2026-03-28,BA009142,9820007732
A008372,S08372,Minority Welfare,12978,Verified,2026-03-19,BA009143,9820007733
A008373,S08373,Merit Scholarship,27946,Verified,2026-03-28,BA009144,9820007734
A008374,S08374,Minority Welfare,15085,Verified,2026-03-16,BA009145,9820007735
A008375,S08375,Minority Welfare,15498,Verified,2026-03-28,BA009146,9820007736
A008376,S08376,Post-Matric Technical,21244,Verified,2026-03-21,BA009147,9820007737
A008377,S08377,Merit Scholarship,29727,Verified,2026-03-18,BA009148,9820007738
A008378,S08378,Merit Scholarship,28990,Verified,2026-03-25,BA009149,9820007739
A008379,S08379,Girl Child Assistance,8090,Verified,2026-03-21,BA009150,9820007740
A008380,S08380,SC/ST Welfare Scheme,12912,Verified,2026-03-14,BA009151,9820007741
A008381,S08381,Post-Matric Technical,20918,Verified,2026-03-26,BA009152,9820007742
A008382,S08382,Minority Welfare,11412,Verified,2026-03-19,BA009153,9820007743
A008383,S08383,Merit Scholarship,27853,Verified,2026-03-14,BA009154,9820007744
A008384,S08384,Minority Welfare,18832,Verified,2026-03-28,BA009155,9820007745
A008385,S08385,Post-Matric Technical,20868,Verified,2026-03-11,BA009156,9820007746
A008386,S08386,Post-Matric Technical,11561,Verified,2026-03-25,BA009157,9820007747
A008387,S08387,Merit Scholarship,14814,Verified,2026-03-27,BA009158,9820007748
A008388,S08388,SC/ST Welfare Scheme,21064,Verified,2026-03-21,BA009159,9820007749
A008389,S08389,Minority Welfare,9408,Verified,2026-03-28,BA009160,9820007750
A008390,S08390,Post-Matric Technical,18041,Verified,2026-03-10,BA009161,9820007751
A008391,S08391,Merit Scholarship,24126,Verified,2026-03-20,BA009162,9820007752
A008392,S08392,SC/ST Welfare Scheme,24475,Verified,2026-03-20,BA009163,9820007753
A008393,S08393,SC/ST Welfare Scheme,23253,Verified,2026-03-17,BA009164,9820007754
A008394,S08394,Post-Matric Technical,9361,Verified,2026-03-13,BA009165,9820007755
A008395,S08395,Merit Scholarship,21987,Verified,2026-03-17,BA009166,9820007756
A008396,S08396,SC/ST Welfare Scheme,15488,Verified,2026-03-22,BA009167,9820007757
A008397,S08397,Post-Matric Technical,17327,Verified,2026-03-15,BA009168,9820007758
A008398,S08398,Post-Matric Technical,16991,Verified,2026-03-14,BA009169,9820007759
A008399,S08399,SC/ST Welfare Scheme,21432,Verified,2026-03-11,BA009170,9820007760
A008400,S08400,Merit Scholarship,13010,Verified,2026-03-24,BA009171,9820007761
A008401,S08401,Girl Child Assistance,9796,Verified,2026-03-28,BA009172,9820007762
A008402,S08402,Merit Scholarship,17075,Verified,2026-03-11,BA009173,9820007763
A008403,S08403,SC/ST Welfare Scheme,15230,Verified,2026-03-15,BA009174,9820007764
A008404,S08404,Post-Matric Technical,16321,Verified,2026-03-24,BA009175,9820007765
A008405,S08405,Minority Welfare,10792,Verified,2026-03-26,BA009176,9820007766
A008406,S08406,Girl Child Assistance,8513,Verified,2026-03-23,BA009177,9820007767
A008407,S08407,Minority Welfare,10765,Verified,2026-03-19,BA009178,9820007768
A008408,S08408,Girl Child Assistance,9763,Verified,2026-03-21,BA009179,9820007769
A008409,S08409,Post-Matric Technical,11981,Verified,2026-03-24,BA009180,9820007770
A008410,S08410,Minority Welfare,8363,Verified,2026-03-27,BA009181,9820007771
A008411,S08411,Minority Welfare,10959,Verified,2026-03-18,BA009182,9820007772
A008412,S08412,Merit Scholarship,25687,Verified,2026-03-10,BA009183,9820007773
A008413,S08413,Post-Matric Technical,16629,Verified,2026-03-10,BA009184,9820007774
A008414,S08414,Merit Scholarship,28174,Verified,2026-03-26,BA009185,9820007775
A008415,S08415,Girl Child Assistance,11951,Verified,2026-03-19,BA009186,9820007776
A008416,S08416,SC/ST Welfare Scheme,23278,Verified,2026-03-10,BA009187,9820007777
A008417,S08417,Girl Child Assistance,14447,Verified,2026-03-17,BA009188,9820007778
A008418,S08418,Merit Scholarship,28317,Verified,2026-03-19,BA009189,9820007779
A008419,S08419,Merit Scholarship,16352,Verified,2026-03-26,BA009190,9820007780
A008420,S08420,Merit Scholarship,16975,Verified,2026-03-25,BA009191,9820007781
A008421,S08421,Minority Welfare,8619,Verified,2026-03-22,BA009192,9820007782
A008422,S08422,Girl Child Assistance,12024,Verified,2026-03-28,BA009193,9820007783
A008423,S08423,Minority Welfare,8137,Verified,2026-03-24,BA009194,9820007784
A008424,S08424,SC/ST Welfare Scheme,17762,Verified,2026-03-17,BA009195,9820007785
A008425,S08425,SC/ST Welfare Scheme,15756,Verified,2026-03-18,BA009196,9820007786
A008426,S08426,SC/ST Welfare Scheme,14355,Verified,2026-03-17,BA009197,9820007787
A008427,S08427,Merit Scholarship,28958,Verified,2026-03-10,BA009198,9820007788
A008428,S08428,Post-Matric Technical,17907,Verified,2026-03-10,BA009199,9820007789
A008429,S08429,SC/ST Welfare Scheme,18440,Verified,2026-03-15,BA009200,9820007790
A008430,S08430,SC/ST Welfare Scheme,22560,Verified,2026-03-11,BA009201,9820007791
A008431,S08431,Minority Welfare,19909,Verified,2026-03-20,BA009202,9820007792
A008432,S08432,SC/ST Welfare Scheme,23712,Verified,2026-03-18,BA009203,9820007793
A008433,S08433,Girl Child Assistance,8841,Verified,2026-03-27,BA009204,9820007794
A008434,S08434,Girl Child Assistance,12209,Verified,2026-03-10,BA009205,9820007795
A008435,S08435,Merit Scholarship,29785,Verified,2026-03-13,BA009206,9820007796
A008436,S08436,Girl Child Assistance,7893,Verified,2026-03-11,BA009207,9820007797
A008437,S08437,SC/ST Welfare Scheme,21615,Verified,2026-03-18,BA009208,9820007798
A008438,S08438,Girl Child Assistance,8114,Verified,2026-03-20,BA009209,9820007799
A008439,S08439,Girl Child Assistance,10141,Verified,2026-03-10,BA009210,9820007800
A008440,S08440,Girl Child Assistance,10547,Verified,2026-03-13,BA009211,9820007801
A008441,S08441,Post-Matric Technical,16255,Verified,2026-03-19,BA009212,9820007802
A008442,S08442,Girl Child Assistance,7750,Verified,2026-03-22,BA009213,9820007803
A008443,S08443,SC/ST Welfare Scheme,24128,Verified,2026-03-28,BA009214,9820007804
A008444,S08444,Girl Child Assistance,9045,Verified,2026-03-24,BA009215,9820007805
A008445,S08445,Minority Welfare,9186,Verified,2026-03-16,BA009216,9820007806
A008446,S08446,Post-Matric Technical,13906,Verified,2026-03-11,BA009217,9820007807
A008447,S08447,SC/ST Welfare Scheme,14911,Verified,2026-03-23,BA009218,9820007808
A008448,S08448,SC/ST Welfare Scheme,21290,Verified,2026-03-14,BA009219,9820007809
A008449,S08449,SC/ST Welfare Scheme,17794,Verified,2026-03-20,BA009220,9820007810
A008450,S08450,Post-Matric Technical,9710,Verified,2026-03-18,BA009221,9820007811
A008451,S08451,Merit Scholarship,19774,Verified,2026-03-21,BA009222,9820007812
A008452,S08452,Girl Child Assistance,10385,Verified,2026-03-21,BA009223,9820007813
A008453,S08453,Girl Child Assistance,12648,Verified,2026-03-24,BA009224,9820007814
A008454,S08454,Post-Matric Technical,13550,Verified,2026-03-26,BA009225,9820007815
A008455,S08455,SC/ST Welfare Scheme,14173,Verified,2026-03-19,BA009226,9820007816
A008456,S08456,Minority Welfare,18964,Verified,2026-03-25,BA009227,9820007817
A008457,S08457,Post-Matric Technical,9516,Verified,2026-03-24,BA009228,9820007818
A008458,S08458,Minority Welfare,9392,Verified,2026-03-14,BA009229,9820007819
A008459,S08459,Merit Scholarship,13798,Verified,2026-03-27,BA009230,9820007820
A008460,S08460,Minority Welfare,14844,Verified,2026-03-10,BA009231,9820007821
A008461,S08461,Post-Matric Technical,10206,Verified,2026-03-26,BA009232,9820007822
A008462,S08462,Post-Matric Technical,17225,Verified,2026-03-14,BA009233,9820007823
A008463,S08463,Girl Child Assistance,8270,Verified,2026-03-10,BA009234,9820007824
A008464,S08464,SC/ST Welfare Scheme,15780,Verified,2026-03-13,BA009235,9820007825
A008465,S08465,Post-Matric Technical,16490,Verified,2026-03-14,BA009236,9820007826
A008466,S08466,SC/ST Welfare Scheme,10610,Verified,2026-03-24,BA009237,9820007827
A008467,S08467,Minority Welfare,12043,Verified,2026-03-21,BA009238,9820007828
A008468,S08468,SC/ST Welfare Scheme,22056,Verified,2026-03-27,BA009239,9820007829
A008469,S08469,Post-Matric Technical,21774,Verified,2026-03-26,BA009240,9820007830
A008470,S08470,Post-Matric Technical,16822,Verified,2026-03-22,BA009241,9820007831
A008471,S08471,Minority Welfare,19014,Verified,2026-03-15,BA009242,9820007832
A008472,S08472,SC/ST Welfare Scheme,12973,Verified,2026-03-28,BA009243,9820007833
A008473,S08473,Merit Scholarship,15347,Verified,2026-03-28,BA009244,9820007834
A008474,S08474,Girl Child Assistance,8740,Verified,2026-03-11,BA009245,9820007835
A008475,S08475,Post-Matric Technical,9781,Verified,2026-03-16,BA009246,9820007836
A008476,S08476,SC/ST Welfare Scheme,14099,Verified,2026-03-18,BA009247,9820007837
A008477,S08477,SC/ST Welfare Scheme,15314,Verified,2026-03-25,BA009248,9820007838
A008478,S08478,Girl Child Assistance,7854,Verified,2026-03-18,BA009249,9820007839
A008479,S08479,Minority Welfare,16996,Verified,2026-03-22,BA009250,9820007840
A008480,S08480,Post-Matric Technical,10645,Verified,2026-03-12,BA009251,9820007841
A008481,S08481,SC/ST Welfare Scheme,14049,Verified,2026-03-21,BA009252,9820007842
A008482,S08482,Merit Scholarship,24788,Verified,2026-03-11,BA009253,9820007843
A008483,S08483,SC/ST Welfare Scheme,18635,Verified,2026-03-11,BA009254,9820007844
A008484,S08484,Post-Matric Technical,18733,Verified,2026-03-22,BA009255,9820007845
A008485,S08485,SC/ST Welfare Scheme,22789,Verified,2026-03-12,BA009256,9820007846
A008486,S08486,Post-Matric Technical,9370,Verified,2026-03-20,BA009257,9820007847
A008487,S08487,Merit Scholarship,16893,Verified,2026-03-14,BA009258,9820007848
A008488,S08488,Girl Child Assistance,10043,Verified,2026-03-26,BA009259,9820007849
A008489,S08489,Girl Child Assistance,13840,Verified,2026-03-28,BA009260,9820007850
A008490,S08490,Minority Welfare,16607,Verified,2026-03-23,BA009261,9820007851
A008491,S08491,Merit Scholarship,12705,Verified,2026-03-20,BA009262,9820007852
A008492,S08492,Girl Child Assistance,14799,Verified,2026-03-13,BA009263,9820007853
A008493,S08493,Merit Scholarship,24958,Verified,2026-03-16,BA009264,9820007854
A008494,S08494,Post-Matric Technical,19859,Verified,2026-03-21,BA009265,9820007855
A008495,S08495,Post-Matric Technical,12549,Verified,2026-03-20,BA009266,9820007856
A008496,S08496,SC/ST Welfare Scheme,19666,Verified,2026-03-28,BA009267,9820007857
A008497,S08497,Merit Scholarship,29584,Verified,2026-03-24,BA009268,9820007858
A008498,S08498,Post-Matric Technical,9774,Verified,2026-03-13,BA009269,9820007859
A008499,S08499,Minority Welfare,8601,Verified,2026-03-26,BA009270,9820007860
A008500,S08500,Merit Scholarship,15994,Verified,2026-03-11,BA009271,9820007861
A008501,S08501,SC/ST Welfare Scheme,12366,Verified,2026-03-12,BA009272,9820007862
A008502,S08502,Girl Child Assistance,13380,Verified,2026-03-25,BA009273,9820007863
A008503,S08503,Post-Matric Technical,11382,Verified,2026-03-27,BA009274,9820007864
A008504,S08504,Girl Child Assistance,11032,Verified,2026-03-15,BA009275,9820007865
A008505,S08505,Merit Scholarship,21554,Verified,2026-03-16,BA009276,9820007866
A008506,S08506,Merit Scholarship,17995,Verified,2026-03-27,BA009277,9820007867
A008507,S08507,Girl Child Assistance,9622,Verified,2026-03-19,BA009278,9820007868
A008508,S08508,Minority Welfare,10304,Verified,2026-03-18,BA009279,9820007869
A008509,S08509,Girl Child Assistance,14306,Verified,2026-03-10,BA009280,9820007870
A008510,S08510,Girl Child Assistance,13096,Verified,2026-03-27,BA009281,9820007871
A008511,S08511,Minority Welfare,9636,Verified,2026-03-11,BA009282,9820007872
A008512,S08512,Merit Scholarship,23843,Verified,2026-03-23,BA009283,9820007873
A008513,S08513,SC/ST Welfare Scheme,11565,Verified,2026-03-24,BA009284,9820007874
A008514,S08514,Minority Welfare,16524,Verified,2026-03-25,BA009285,9820007875
A008515,S08515,Minority Welfare,14851,Verified,2026-03-13,BA009286,9820007876
A008516,S08516,Girl Child Assistance,14451,Verified,2026-03-17,BA009287,9820007877
A008517,S08517,Merit Scholarship,27314,Verified,2026-03-26,BA009288,9820007878
A008518,S08518,Girl Child Assistance,10774,Verified,2026-03-21,BA009289,9820007879
A008519,S08519,Merit Scholarship,17840,Verified,2026-03-17,BA009290,9820007880
A008520,S08520,Merit Scholarship,20731,Verified,2026-03-17,BA009291,9820007881
A008521,S08521,Girl Child Assistance,10037,Verified,2026-03-12,BA009292,9820007882
A008522,S08522,Merit Scholarship,24210,Verified,2026-03-17,BA009293,9820007883
A008523,S08523,SC/ST Welfare Scheme,12112,Verified,2026-03-27,BA009294,9820007884
A008524,S08524,Merit Scholarship,12536,Verified,2026-03-25,BA009295,9820007885
A008525,S08525,SC/ST Welfare Scheme,18944,Verified,2026-03-28,BA009296,9820007886
A008526,S08526,Girl Child Assistance,10236,Verified,2026-03-28,BA009297,9820007887
A008527,S08527,SC/ST Welfare Scheme,15702,Verified,2026-03-11,BA009298,9820007888
A008528,S08528,SC/ST Welfare Scheme,17267,Verified,2026-03-26,BA009299,9820007889
A008529,S08529,SC/ST Welfare Scheme,16613,Verified,2026-03-17,BA009300,9820007890
A008530,S08530,Minority Welfare,13777,Verified,2026-03-12,BA009301,9820007891
A008531,S08531,SC/ST Welfare Scheme,22208,Verified,2026-03-26,BA009302,9820007892
A008532,S08532,Merit Scholarship,22928,Verified,2026-03-28,BA009303,9820007893
A008533,S08533,Merit Scholarship,29395,Verified,2026-03-14,BA009304,9820007894
A008534,S08534,Minority Welfare,19451,Verified,2026-03-24,BA009305,9820007895
A008535,S08535,Minority Welfare,8645,Verified,2026-03-27,BA009306,9820007896
A008536,S08536,Minority Welfare,19867,Verified,2026-03-10,BA009307,9820007897
A008537,S08537,Minority Welfare,13191,Verified,2026-03-26,BA009308,9820007898
A008538,S08538,Merit Scholarship,13738,Verified,2026-03-24,BA009309,9820007899
A008539,S08539,Post-Matric Technical,10471,Verified,2026-03-22,BA009310,9820007900
A008540,S08540,Minority Welfare,16199,Verified,2026-03-21,BA009311,9820007901
A008541,S08541,Post-Matric Technical,14911,Verified,2026-03-15,BA009312,9820007902
A008542,S08542,Girl Child Assistance,13404,Verified,2026-03-10,BA009313,9820007903
A008543,S08543,Girl Child Assistance,8459,Verified,2026-03-19,BA009314,9820007904
A008544,S08544,Girl Child Assistance,8380,Verified,2026-03-26,BA009315,9820007905
A008545,S08545,Girl Child Assistance,12681,Verified,2026-03-19,BA009316,9820007906
A008546,S08546,SC/ST Welfare Scheme,17144,Verified,2026-03-15,BA009317,9820007907
A008547,S08547,Minority Welfare,13702,Verified,2026-03-20,BA009318,9820007908
A008548,S08548,Post-Matric Technical,9928,Verified,2026-03-21,BA009319,9820007909
A008549,S08549,Girl Child Assistance,9679,Verified,2026-03-26,BA009320,9820007910
A008550,S08550,SC/ST Welfare Scheme,19203,Verified,2026-03-11,BA009321,9820007911
A008551,S08551,Merit Scholarship,22752,Verified,2026-03-23,BA009322,9820007912
A008552,S08552,Post-Matric Technical,21004,Verified,2026-03-14,BA009323,9820007913
A008553,S08553,Merit Scholarship,19539,Verified,2026-03-18,BA009324,9820007914
A008554,S08554,Girl Child Assistance,14071,Verified,2026-03-12,BA009325,9820007915
A008555,S08555,Merit Scholarship,29017,Verified,2026-03-19,BA009326,9820007916
A008556,S08556,SC/ST Welfare Scheme,17019,Verified,2026-03-20,BA009327,9820007917
A008557,S08557,Girl Child Assistance,10223,Verified,2026-03-17,BA009328,9820007918
A008558,S08558,Minority Welfare,8471,Verified,2026-03-17,BA009329,9820007919
A008559,S08559,Merit Scholarship,13418,Verified,2026-03-22,BA009330,9820007920
A008560,S08560,Merit Scholarship,25084,Verified,2026-03-25,BA009331,9820007921
A008561,S08561,Post-Matric Technical,17733,Verified,2026-03-11,BA009332,9820007922
A008562,S08562,Girl Child Assistance,10271,Verified,2026-03-15,BA009333,9820007923
A008563,S08563,Girl Child Assistance,11969,Verified,2026-03-11,BA009334,9820007924
A008564,S08564,Minority Welfare,14777,Verified,2026-03-17,BA009335,9820007925
A008565,S08565,SC/ST Welfare Scheme,21144,Verified,2026-03-19,BA009336,9820007926
A008566,S08566,Girl Child Assistance,14854,Verified,2026-03-17,BA009337,9820007927
A008567,S08567,Post-Matric Technical,11490,Verified,2026-03-21,BA009338,9820007928
A008568,S08568,Girl Child Assistance,8018,Verified,2026-03-20,BA009339,9820007929
A008569,S08569,SC/ST Welfare Scheme,15334,Verified,2026-03-28,BA009340,9820007930
A008570,S08570,Girl Child Assistance,10492,Verified,2026-03-28,BA009341,9820007931
A008571,S08571,Merit Scholarship,29525,Verified,2026-03-12,BA009342,9820007932
A008572,S08572,SC/ST Welfare Scheme,15493,Verified,2026-03-24,BA009343,9820007933
A008573,S08573,Merit Scholarship,15381,Verified,2026-03-15,BA009344,9820007934
A008574,S08574,Merit Scholarship,23112,Verified,2026-03-20,BA009345,9820007935
A008575,S08575,Merit Scholarship,23387,Verified,2026-03-17,BA009346,9820007936
A008576,S08576,SC/ST Welfare Scheme,12544,Verified,2026-03-10,BA009347,9820007937
A008577,S08577,Girl Child Assistance,7098,Verified,2026-03-28,BA009348,9820007938
A008578,S08578,Girl Child Assistance,9511,Verified,2026-03-28,BA009349,9820007939
A008579,S08579,Girl Child Assistance,9776,Verified,2026-03-13,BA009350,9820007940
A008580,S08580,Minority Welfare,17607,Verified,2026-03-12,BA009351,9820007941
A008581,S08581,Minority Welfare,17719,Verified,2026-03-25,BA009352,9820007942
A008582,S08582,SC/ST Welfare Scheme,24123,Verified,2026-03-15,BA009353,9820007943
A008583,S08583,SC/ST Welfare Scheme,18620,Verified,2026-03-14,BA009354,9820007944
A008584,S08584,Girl Child Assistance,14617,Verified,2026-03-24,BA009355,9820007945
A008585,S08585,Post-Matric Technical,10785,Verified,2026-03-19,BA009356,9820007946
A008586,S08586,Girl Child Assistance,10086,Verified,2026-03-16,BA009357,9820007947
A008587,S08587,Minority Welfare,19589,Verified,2026-03-26,BA009358,9820007948
A008588,S08588,Girl Child Assistance,13908,Verified,2026-03-21,BA009359,9820007949
A008589,S08589,Post-Matric Technical,16511,Verified,2026-03-19,BA009360,9820007950
A008590,S08590,Minority Welfare,15201,Verified,2026-03-12,BA009361,9820007951
A008591,S08591,Minority Welfare,9605,Verified,2026-03-24,BA009362,9820007952
A008592,S08592,Minority Welfare,19424,Verified,2026-03-26,BA009363,9820007953
A008593,S08593,Merit Scholarship,24090,Verified,2026-03-21,BA009364,9820007954
A008594,S08594,Merit Scholarship,17488,Verified,2026-03-25,BA009365,9820007955
A008595,S08595,Merit Scholarship,16295,Verified,2026-03-27,BA009366,9820007956
A008596,S08596,Girl Child Assistance,13280,Verified,2026-03-18,BA009367,9820007957
A008597,S08597,SC/ST Welfare Scheme,16683,Verified,2026-03-15,BA009368,9820007958
A008598,S08598,Merit Scholarship,23005,Verified,2026-03-26,BA009369,9820007959
A008599,S08599,Minority Welfare,8855,Verified,2026-03-20,BA009370,9820007960
A008600,S08600,Girl Child Assistance,12166,Verified,2026-03-16,BA009371,9820007961
A008601,S08601,Post-Matric Technical,18310,Verified,2026-03-15,BA009372,9820007962
A008602,S08602,Minority Welfare,14004,Verified,2026-03-18,BA009373,9820007963
A008603,S08603,Minority Welfare,9111,Verified,2026-03-16,BA009374,9820007964
A008604,S08604,Minority Welfare,17610,Verified,2026-03-26,BA009375,9820007965
A008605,S08605,SC/ST Welfare Scheme,21253,Verified,2026-03-10,BA009376,9820007966
A008606,S08606,Post-Matric Technical,13728,Verified,2026-03-14,BA009377,9820007967
A008607,S08607,Post-Matric Technical,11555,Verified,2026-03-17,BA009378,9820007968
A008608,S08608,Girl Child Assistance,13059,Verified,2026-03-23,BA009379,9820007969
A008609,S08609,Minority Welfare,15373,Verified,2026-03-18,BA009380,9820007970
A008610,S08610,SC/ST Welfare Scheme,16330,Verified,2026-03-20,BA009381,9820007971
A008611,S08611,Merit Scholarship,22449,Verified,2026-03-10,BA009382,9820007972
A008612,S08612,Merit Scholarship,26756,Verified,2026-03-21,BA009383,9820007973
A008613,S08613,SC/ST Welfare Scheme,22453,Verified,2026-03-26,BA009384,9820007974
A008614,S08614,Minority Welfare,18604,Verified,2026-03-19,BA009385,9820007975
A008615,S08615,Girl Child Assistance,13214,Verified,2026-03-21,BA009386,9820007976
A008616,S08616,Girl Child Assistance,7424,Verified,2026-03-24,BA009387,9820007977
A008617,S08617,Minority Welfare,13632,Verified,2026-03-17,BA009388,9820007978
A008618,S08618,Girl Child Assistance,12388,Verified,2026-03-24,BA009389,9820007979
A008619,S08619,Post-Matric Technical,14649,Verified,2026-03-13,BA009390,9820007980
A008620,S08620,Girl Child Assistance,8933,Verified,2026-03-11,BA009391,9820007981
A008621,S08621,SC/ST Welfare Scheme,12102,Verified,2026-03-25,BA009392,9820007982
A008622,S08622,Merit Scholarship,25613,Verified,2026-03-17,BA009393,9820007983
A008623,S08623,Merit Scholarship,26953,Verified,2026-03-16,BA009394,9820007984
A008624,S08624,Merit Scholarship,21373,Verified,2026-03-25,BA009395,9820007985
A008625,S08625,SC/ST Welfare Scheme,11868,Verified,2026-03-19,BA009396,9820007986
A008626,S08626,Post-Matric Technical,21109,Verified,2026-03-10,BA009397,9820007987
A008627,S08627,Merit Scholarship,18259,Verified,2026-03-12,BA009398,9820007988
A008628,S08628,Merit Scholarship,28035,Verified,2026-03-13,BA009399,9820007989
A008629,S08629,Merit Scholarship,23212,Verified,2026-03-16,BA009400,9820007990
A008630,S08630,Girl Child Assistance,12538,Verified,2026-03-10,BA009401,9820007991
A008631,S08631,Minority Welfare,16765,Verified,2026-03-27,BA009402,9820007992
A008632,S08632,SC/ST Welfare Scheme,22350,Verified,2026-03-11,BA009403,9820007993
A008633,S08633,Minority Welfare,9107,Verified,2026-03-11,BA009404,9820007994
A008634,S08634,Post-Matric Technical,14650,Verified,2026-03-19,BA009405,9820007995
A008635,S08635,Post-Matric Technical,19762,Verified,2026-03-10,BA009406,9820007996
A008636,S08636,Girl Child Assistance,8538,Verified,2026-03-28,BA009407,9820007997
A008637,S08637,SC/ST Welfare Scheme,20522,Verified,2026-03-12,BA009408,9820007998
A008638,S08638,Merit Scholarship,16046,Verified,2026-03-14,BA009409,9820007999
A008639,S08639,Girl Child Assistance,14373,Verified,2026-03-20,BA009410,9820008000
A008640,S08640,Girl Child Assistance,11440,Verified,2026-03-14,BA009411,9820008001
A008641,S08641,Minority Welfare,10749,Verified,2026-03-18,BA009412,9820008002
A008642,S08642,Merit Scholarship,24928,Verified,2026-03-25,BA009413,9820008003
A008643,S08643,Post-Matric Technical,12522,Verified,2026-03-16,BA009414,9820008004
A008644,S08644,Minority Welfare,10509,Verified,2026-03-27,BA009415,9820008005
A008645,S08645,Merit Scholarship,17500,Verified,2026-03-21,BA009416,9820008006
A008646,S08646,SC/ST Welfare Scheme,17867,Verified,2026-03-20,BA009417,9820008007
A008647,S08647,Girl Child Assistance,13656,Verified,2026-03-26,BA009418,9820008008
A008648,S08648,Post-Matric Technical,19730,Verified,2026-03-16,BA009419,9820008009
A008649,S08649,Girl Child Assistance,8590,Verified,2026-03-10,BA009420,9820008010
A008650,S08650,Merit Scholarship,27897,Verified,2026-03-19,BA009421,9820008011
A008651,S08651,Girl Child Assistance,13185,Verified,2026-03-13,BA009422,9820008012
A008652,S08652,Minority Welfare,9420,Verified,2026-03-20,BA009423,9820008013
A008653,S08653,Minority Welfare,19513,Verified,2026-03-15,BA009424,9820008014
A008654,S08654,SC/ST Welfare Scheme,10254,Verified,2026-03-28,BA009425,9820008015
A008655,S08655,SC/ST Welfare Scheme,12827,Verified,2026-03-27,BA009426,9820008016
A008656,S08656,SC/ST Welfare Scheme,22273,Verified,2026-03-23,BA009427,9820008017
A008657,S08657,SC/ST Welfare Scheme,16659,Verified,2026-03-23,BA009428,9820008018
A008658,S08658,Minority Welfare,20000,Verified,2026-03-28,BA009429,9820008019
A008659,S08659,Girl Child Assistance,13501,Verified,2026-03-16,BA009430,9820008020
A008660,S08660,Post-Matric Technical,17737,Verified,2026-03-15,BA009431,9820008021
A008661,S08661,SC/ST Welfare Scheme,12139,Verified,2026-03-18,BA009432,9820008022
A008662,S08662,Girl Child Assistance,11483,Verified,2026-03-16,BA009433,9820008023
A008663,S08663,Minority Welfare,9791,Verified,2026-03-18,BA009434,9820008024
A008664,S08664,Minority Welfare,17344,Verified,2026-03-21,BA009435,9820008025
A008665,S08665,Merit Scholarship,28535,Verified,2026-03-23,BA009436,9820008026
A008666,S08666,Girl Child Assistance,8955,Verified,2026-03-27,BA009437,9820008027
A008667,S08667,Minority Welfare,10213,Verified,2026-03-28,BA009438,9820008028
A008668,S08668,Post-Matric Technical,13304,Verified,2026-03-25,BA009439,9820008029
A008669,S08669,Minority Welfare,12627,Verified,2026-03-24,BA009440,9820008030
A008670,S08670,SC/ST Welfare Scheme,13560,Verified,2026-03-17,BA009441,9820008031
A008671,S08671,Merit Scholarship,13235,Verified,2026-03-22,BA009442,9820008032
A008672,S08672,SC/ST Welfare Scheme,22821,Verified,2026-03-16,BA009443,9820008033
A008673,S08673,Minority Welfare,18394,Verified,2026-03-20,BA009444,9820008034
A008674,S08674,SC/ST Welfare Scheme,18155,Verified,2026-03-12,BA009445,9820008035
A008675,S08675,Merit Scholarship,27303,Verified,2026-03-11,BA009446,9820008036
A008676,S08676,Post-Matric Technical,16630,Verified,2026-03-12,BA009447,9820008037
A008677,S08677,Girl Child Assistance,14509,Verified,2026-03-20,BA009448,9820008038
A008678,S08678,Minority Welfare,8569,Verified,2026-03-24,BA009449,9820008039
A008679,S08679,Post-Matric Technical,14616,Verified,2026-03-22,BA009450,9820008040
A008680,S08680,Post-Matric Technical,13529,Verified,2026-03-27,BA009451,9820008041
A008681,S08681,Post-Matric Technical,11548,Verified,2026-03-21,BA009452,9820008042
A008682,S08682,Minority Welfare,13338,Verified,2026-03-17,BA009453,9820008043
A008683,S08683,Merit Scholarship,14340,Verified,2026-03-23,BA009454,9820008044
A008684,S08684,Minority Welfare,17780,Verified,2026-03-25,BA009455,9820008045
A008685,S08685,Minority Welfare,11338,Verified,2026-03-15,BA009456,9820008046
A008686,S08686,Merit Scholarship,16520,Verified,2026-03-14,BA009457,9820008047
A008687,S08687,Girl Child Assistance,10558,Verified,2026-03-10,BA009458,9820008048
A008688,S08688,Minority Welfare,17525,Verified,2026-03-10,BA009459,9820008049
A008689,S08689,Girl Child Assistance,10745,Verified,2026-03-27,BA009460,9820008050
A008690,S08690,Post-Matric Technical,12100,Verified,2026-03-25,BA009461,9820008051
A008691,S08691,SC/ST Welfare Scheme,24901,Verified,2026-03-27,BA009462,9820008052
A008692,S08692,Minority Welfare,11712,Verified,2026-03-13,BA009463,9820008053
A008693,S08693,Minority Welfare,18328,Verified,2026-03-20,BA009464,9820008054
A008694,S08694,SC/ST Welfare Scheme,23754,Verified,2026-03-14,BA009465,9820008055
A008695,S08695,Merit Scholarship,14215,Verified,2026-03-24,BA009466,9820008056
A008696,S08696,SC/ST Welfare Scheme,10246,Verified,2026-03-18,BA009467,9820008057
A008697,S08697,Minority Welfare,16492,Verified,2026-03-26,BA009468,9820008058
A008698,S08698,Post-Matric Technical,20355,Verified,2026-03-27,BA009469,9820008059
A008699,S08699,Girl Child Assistance,8299,Verified,2026-03-23,BA009470,9820008060
A008700,S08700,Post-Matric Technical,21091,Verified,2026-03-10,BA009471,9820008061
A008701,S08701,Minority Welfare,8889,Verified,2026-03-10,BA009472,9820008062
A008702,S08702,Merit Scholarship,17683,Verified,2026-03-27,BA009473,9820008063
A008703,S08703,Merit Scholarship,15753,Verified,2026-03-19,BA009474,9820008064
A008704,S08704,Minority Welfare,9286,Verified,2026-03-22,BA009475,9820008065
A008705,S08705,Minority Welfare,8809,Verified,2026-03-28,BA009476,9820008066
A008706,S08706,SC/ST Welfare Scheme,22195,Verified,2026-03-11,BA009477,9820008067
A008707,S08707,Minority Welfare,13112,Verified,2026-03-18,BA009478,9820008068
A008708,S08708,Minority Welfare,15951,Verified,2026-03-15,BA009479,9820008069
A008709,S08709,Minority Welfare,11666,Verified,2026-03-13,BA009480,9820008070
A008710,S08710,Merit Scholarship,26115,Verified,2026-03-24,BA009481,9820008071
A008711,S08711,Merit Scholarship,12436,Verified,2026-03-21,BA009482,9820008072
A008712,S08712,Minority Welfare,13833,Verified,2026-03-13,BA009483,9820008073
A008713,S08713,SC/ST Welfare Scheme,14576,Verified,2026-03-24,BA009484,9820008074
A008714,S08714,Girl Child Assistance,14453,Verified,2026-03-28,BA009485,9820008075
A008715,S08715,SC/ST Welfare Scheme,20623,Verified,2026-03-13,BA009486,9820008076
A008716,S08716,Minority Welfare,19543,Verified,2026-03-16,BA009487,9820008077
A008717,S08717,SC/ST Welfare Scheme,19255,Verified,2026-03-17,BA009488,9820008078
A008718,S08718,SC/ST Welfare Scheme,14391,Verified,2026-03-22,BA009489,9820008079
A008719,S08719,Girl Child Assistance,11535,Verified,2026-03-23,BA009490,9820008080
A008720,S08720,SC/ST Welfare Scheme,18000,Verified,2026-03-25,BA009491,9820008081
A008721,S08721,Girl Child Assistance,8897,Verified,2026-03-16,BA009492,9820008082
A008722,S08722,Minority Welfare,14527,Verified,2026-03-15,BA009493,9820008083
A008723,S08723,SC/ST Welfare Scheme,22234,Verified,2026-03-20,BA009494,9820008084
A008724,S08724,Minority Welfare,12958,Verified,2026-03-26,BA009495,9820008085
A008725,S08725,Merit Scholarship,25454,Verified,2026-03-14,BA009496,9820008086
A008726,S08726,Minority Welfare,15003,Verified,2026-03-21,BA009497,9820008087
A008727,S08727,Girl Child Assistance,9158,Verified,2026-03-22,BA009498,9820008088
A008728,S08728,Girl Child Assistance,9759,Verified,2026-03-15,BA009499,9820008089
A008729,S08729,Girl Child Assistance,9674,Verified,2026-03-13,BA009500,9820008090
A008730,S08730,Girl Child Assistance,7949,Verified,2026-03-21,BA009501,9820008091
A008731,S08731,SC/ST Welfare Scheme,13370,Verified,2026-03-13,BA009502,9820008092
A008732,S08732,SC/ST Welfare Scheme,10731,Verified,2026-03-11,BA009503,9820008093
A008733,S08733,Post-Matric Technical,16737,Verified,2026-03-26,BA009504,9820008094
A008734,S08734,SC/ST Welfare Scheme,16460,Verified,2026-03-28,BA009505,9820008095
A008735,S08735,Girl Child Assistance,9569,Verified,2026-03-11,BA009506,9820008096
A008736,S08736,Merit Scholarship,20398,Verified,2026-03-18,BA009507,9820008097
A008737,S08737,Minority Welfare,19047,Verified,2026-03-21,BA009508,9820008098
A008738,S08738,Girl Child Assistance,14084,Verified,2026-03-22,BA009509,9820008099
A008739,S08739,Girl Child Assistance,11852,Verified,2026-03-22,BA009510,9820008100
A008740,S08740,Post-Matric Technical,19780,Verified,2026-03-14,BA009511,9820008101
A008741,S08741,Merit Scholarship,29779,Verified,2026-03-28,BA009512,9820008102
A008742,S08742,Post-Matric Technical,9115,Verified,2026-03-16,BA009513,9820008103
A008743,S08743,Merit Scholarship,20117,Verified,2026-03-28,BA009514,9820008104
A008744,S08744,Merit Scholarship,20552,Verified,2026-03-18,BA009515,9820008105
A008745,S08745,Post-Matric Technical,11763,Verified,2026-03-13,BA009516,9820008106
A008746,S08746,Minority Welfare,18172,Verified,2026-03-16,BA009517,9820008107
A008747,S08747,Girl Child Assistance,8760,Verified,2026-03-10,BA009518,9820008108
A008748,S08748,Post-Matric Technical,20868,Verified,2026-03-11,BA009519,9820008109
A008749,S08749,SC/ST Welfare Scheme,12982,Verified,2026-03-27,BA009520,9820008110
A008750,S08750,SC/ST Welfare Scheme,11476,Verified,2026-03-19,BA009521,9820008111
A008751,S08751,Merit Scholarship,15632,Verified,2026-03-23,BA009522,9820008112
A008752,S08752,Merit Scholarship,25481,Verified,2026-03-12,BA009523,9820008113
A008753,S08753,Minority Welfare,11157,Verified,2026-03-24,BA009524,9820008114
A008754,S08754,Girl Child Assistance,7091,Verified,2026-03-26,BA009525,9820008115
A008755,S08755,Merit Scholarship,13882,Verified,2026-03-24,BA009526,9820008116
A008756,S08756,Minority Welfare,9219,Verified,2026-03-14,BA009527,9820008117
A008757,S08757,Girl Child Assistance,10321,Verified,2026-03-28,BA009528,9820008118
A008758,S08758,Girl Child Assistance,9492,Verified,2026-03-19,BA009529,9820008119
A008759,S08759,Minority Welfare,13804,Verified,2026-03-16,BA009530,9820008120
A008760,S08760,SC/ST Welfare Scheme,10315,Verified,2026-03-12,BA009531,9820008121
A008761,S08761,Merit Scholarship,16241,Verified,2026-03-13,BA009532,9820008122
A008762,S08762,Girl Child Assistance,11813,Verified,2026-03-27,BA009533,9820008123
A008763,S08763,Post-Matric Technical,13867,Verified,2026-03-25,BA009534,9820008124
A008764,S08764,Merit Scholarship,23914,Verified,2026-03-11,BA009535,9820008125
A008765,S08765,SC/ST Welfare Scheme,14048,Verified,2026-03-21,BA009536,9820008126
A008766,S08766,Merit Scholarship,20010,Verified,2026-03-17,BA009537,9820008127
A008767,S08767,Merit Scholarship,29065,Verified,2026-03-23,BA009538,9820008128
A008768,S08768,Girl Child Assistance,9090,Verified,2026-03-22,BA009539,9820008129
A008769,S08769,Post-Matric Technical,17203,Verified,2026-03-10,BA009540,9820008130
A008770,S08770,Merit Scholarship,14098,Verified,2026-03-25,BA009541,9820008131
A008771,S08771,Girl Child Assistance,9377,Verified,2026-03-21,BA009542,9820008132
A008772,S08772,SC/ST Welfare Scheme,18988,Verified,2026-03-10,BA009543,9820008133
A008773,S08773,Girl Child Assistance,9972,Verified,2026-03-28,BA009544,9820008134
A008774,S08774,Merit Scholarship,14105,Verified,2026-03-13,BA009545,9820008135
A008775,S08775,Girl Child Assistance,10884,Verified,2026-03-28,BA009546,9820008136
A008776,S08776,Girl Child Assistance,11298,Verified,2026-03-12,BA009547,9820008137
A008777,S08777,SC/ST Welfare Scheme,20838,Verified,2026-03-10,BA009548,9820008138
A008778,S08778,Minority Welfare,19803,Verified,2026-03-17,BA009549,9820008139
A008779,S08779,Post-Matric Technical,19841,Verified,2026-03-18,BA009550,9820008140
A008780,S08780,Merit Scholarship,18953,Verified,2026-03-15,BA009551,9820008141
A008781,S08781,Merit Scholarship,15927,Verified,2026-03-20,BA009552,9820008142
A008782,S08782,Minority Welfare,11503,Verified,2026-03-10,BA009553,9820008143
A008783,S08783,Post-Matric Technical,11109,Verified,2026-03-11,BA009554,9820008144
A008784,S08784,Post-Matric Technical,9981,Verified,2026-03-25,BA009555,9820008145
A008785,S08785,Girl Child Assistance,14478,Verified,2026-03-13,BA009556,9820008146
A008786,S08786,Girl Child Assistance,14305,Verified,2026-03-28,BA009557,9820008147
A008787,S08787,Post-Matric Technical,9634,Verified,2026-03-10,BA009558,9820008148
A008788,S08788,Girl Child Assistance,11837,Verified,2026-03-16,BA009559,9820008149
A008789,S08789,SC/ST Welfare Scheme,19979,Verified,2026-03-17,BA009560,9820008150
A008790,S08790,Girl Child Assistance,13943,Verified,2026-03-26,BA009561,9820008151
A008791,S08791,Minority Welfare,12908,Verified,2026-03-23,BA009562,9820008152
A008792,S08792,SC/ST Welfare Scheme,10592,Verified,2026-03-12,BA009563,9820008153
A008793,S08793,Girl Child Assistance,9118,Verified,2026-03-26,BA009564,9820008154
A008794,S08794,Girl Child Assistance,9575,Verified,2026-03-14,BA009565,9820008155
A008795,S08795,Girl Child Assistance,12357,Verified,2026-03-11,BA009566,9820008156
A008796,S08796,Minority Welfare,15532,Verified,2026-03-17,BA009567,9820008157
A008797,S08797,Post-Matric Technical,12231,Verified,2026-03-20,BA009568,9820008158
A008798,S08798,Merit Scholarship,17554,Verified,2026-03-26,BA009569,9820008159
A008799,S08799,Merit Scholarship,19243,Verified,2026-03-12,BA009570,9820008160
A008800,S08800,SC/ST Welfare Scheme,23418,Verified,2026-03-26,BA009571,9820008161
A008801,S08801,Girl Child Assistance,9174,Verified,2026-03-27,BA009572,9820008162
A008802,S08802,Girl Child Assistance,12610,Verified,2026-03-10,BA009573,9820008163
A008803,S08803,Girl Child Assistance,9180,Verified,2026-03-17,BA009574,9820008164
A008804,S08804,Merit Scholarship,18613,Verified,2026-03-16,BA009575,9820008165
A008805,S08805,Girl Child Assistance,7137,Verified,2026-03-23,BA009576,9820008166
A008806,S08806,Merit Scholarship,29557,Verified,2026-03-16,BA009577,9820008167
A008807,S08807,Post-Matric Technical,20741,Verified,2026-03-25,BA009578,9820008168
A008808,S08808,Girl Child Assistance,8354,Verified,2026-03-22,BA009579,9820008169
A008809,S08809,Minority Welfare,14119,Verified,2026-03-27,BA009580,9820008170
A008810,S08810,Minority Welfare,8446,Verified,2026-03-16,BA009581,9820008171
A008811,S08811,Merit Scholarship,21180,Verified,2026-03-24,BA009582,9820008172
A008812,S08812,Girl Child Assistance,10532,Verified,2026-03-24,BA009583,9820008173
A008813,S08813,Merit Scholarship,23631,Verified,2026-03-13,BA009584,9820008174
A008814,S08814,Merit Scholarship,29823,Verified,2026-03-12,BA009585,9820008175
A008815,S08815,Girl Child Assistance,8369,Verified,2026-03-20,BA009586,9820008176
A008816,S08816,Minority Welfare,19654,Verified,2026-03-19,BA009587,9820008177
A008817,S08817,Minority Welfare,12752,Verified,2026-03-16,BA009588,9820008178
A008818,S08818,Minority Welfare,14237,Verified,2026-03-15,BA009589,9820008179
A008819,S08819,Girl Child Assistance,7016,Verified,2026-03-14,BA009590,9820008180
A008820,S08820,SC/ST Welfare Scheme,17309,Verified,2026-03-11,BA009591,9820008181
A008821,S08821,Minority Welfare,18280,Verified,2026-03-27,BA009592,9820008182
A008822,S08822,SC/ST Welfare Scheme,12818,Verified,2026-03-27,BA009593,9820008183
A008823,S08823,Post-Matric Technical,14475,Verified,2026-03-27,BA009594,9820008184
A008824,S08824,Girl Child Assistance,14104,Verified,2026-03-23,BA009595,9820008185
A008825,S08825,Merit Scholarship,16480,Verified,2026-03-21,BA009596,9820008186
A008826,S08826,SC/ST Welfare Scheme,17550,Verified,2026-03-19,BA009597,9820008187
A008827,S08827,Girl Child Assistance,12757,Verified,2026-03-14,BA009598,9820008188
A008828,S08828,Girl Child Assistance,10826,Verified,2026-03-27,BA009599,9820008189
A008829,S08829,SC/ST Welfare Scheme,19300,Verified,2026-03-21,BA009600,9820008190
A008830,S08830,SC/ST Welfare Scheme,19720,Verified,2026-03-28,BA009601,9820008191
A008831,S08831,Merit Scholarship,15575,Verified,2026-03-19,BA009602,9820008192
A008832,S08832,SC/ST Welfare Scheme,11653,Verified,2026-03-19,BA009603,9820008193
A008833,S08833,SC/ST Welfare Scheme,17651,Verified,2026-03-14,BA009604,9820008194
A008834,S08834,SC/ST Welfare Scheme,18511,Verified,2026-03-25,BA009605,9820008195
A008835,S08835,Girl Child Assistance,8375,Verified,2026-03-24,BA009606,9820008196
A008836,S08836,Girl Child Assistance,11954,Verified,2026-03-28,BA009607,9820008197
A008837,S08837,Minority Welfare,10532,Verified,2026-03-17,BA009608,9820008198
A008838,S08838,Post-Matric Technical,17824,Verified,2026-03-15,BA009609,9820008199
A008839,S08839,Girl Child Assistance,8046,Verified,2026-03-11,BA009610,9820008200
A008840,S08840,SC/ST Welfare Scheme,22521,Verified,2026-03-10,BA009611,9820008201
A008841,S08841,Merit Scholarship,29642,Verified,2026-03-27,BA009612,9820008202
A008842,S08842,Post-Matric Technical,12291,Verified,2026-03-18,BA009613,9820008203
A008843,S08843,Minority Welfare,17826,Verified,2026-03-10,BA009614,9820008204
A008844,S08844,Post-Matric Technical,13386,Verified,2026-03-17,BA009615,9820008205
A008845,S08845,SC/ST Welfare Scheme,12255,Verified,2026-03-12,BA009616,9820008206
A008846,S08846,Girl Child Assistance,14077,Verified,2026-03-11,BA009617,9820008207
A008847,S08847,Merit Scholarship,12647,Verified,2026-03-19,BA009618,9820008208
A008848,S08848,Post-Matric Technical,9630,Verified,2026-03-12,BA009619,9820008209
A008849,S08849,Girl Child Assistance,8796,Verified,2026-03-20,BA009620,9820008210
A008850,S08850,Merit Scholarship,17242,Verified,2026-03-24,BA009621,9820008211
A008851,S08851,Post-Matric Technical,19723,Verified,2026-03-10,BA009622,9820008212
A008852,S08852,Merit Scholarship,21345,Verified,2026-03-26,BA009623,9820008213
A008853,S08853,Post-Matric Technical,12838,Verified,2026-03-11,BA009624,9820008214
A008854,S08854,Post-Matric Technical,20308,Verified,2026-03-13,BA009625,9820008215
A008855,S08855,Girl Child Assistance,7535,Verified,2026-03-16,BA009626,9820008216
A008856,S08856,Girl Child Assistance,7806,Verified,2026-03-27,BA009627,9820008217
A008857,S08857,Merit Scholarship,22626,Verified,2026-03-26,BA009628,9820008218
A008858,S08858,Merit Scholarship,29660,Verified,2026-03-20,BA009629,9820008219
A008859,S08859,Merit Scholarship,25893,Verified,2026-03-17,BA009630,9820008220
A008860,S08860,SC/ST Welfare Scheme,21535,Verified,2026-03-25,BA009631,9820008221
A008861,S08861,Merit Scholarship,24474,Verified,2026-03-12,BA009632,9820008222
A008862,S08862,SC/ST Welfare Scheme,16954,Verified,2026-03-23,BA009633,9820008223
A008863,S08863,Post-Matric Technical,11862,Verified,2026-03-26,BA009634,9820008224
A008864,S08864,SC/ST Welfare Scheme,21616,Verified,2026-03-23,BA009635,9820008225
A008865,S08865,Girl Child Assistance,7777,Verified,2026-03-10,BA009636,9820008226
A008866,S08866,Merit Scholarship,27764,Verified,2026-03-11,BA009637,9820008227
A008867,S08867,Post-Matric Technical,9224,Verified,2026-03-19,BA009638,9820008228
A008868,S08868,Merit Scholarship,20183,Verified,2026-03-21,BA009639,9820008229
A008869,S08869,Post-Matric Technical,19263,Verified,2026-03-24,BA009640,9820008230
A008870,S08870,Girl Child Assistance,8901,Verified,2026-03-21,BA009641,9820008231
A008871,S08871,Girl Child Assistance,10359,Verified,2026-03-18,BA009642,9820008232
A008872,S08872,Minority Welfare,12300,Verified,2026-03-26,BA009643,9820008233
A008873,S08873,SC/ST Welfare Scheme,18346,Verified,2026-03-17,BA009644,9820008234
A008874,S08874,Post-Matric Technical,12798,Verified,2026-03-11,BA009645,9820008235
A008875,S08875,Girl Child Assistance,9757,Verified,2026-03-15,BA009646,9820008236
A008876,S08876,Minority Welfare,14149,Verified,2026-03-27,BA009647,9820008237
A008877,S08877,Merit Scholarship,22276,Verified,2026-03-13,BA009648,9820008238
A008878,S08878,Minority Welfare,11225,Verified,2026-03-22,BA009649,9820008239
A008879,S08879,SC/ST Welfare Scheme,10544,Verified,2026-03-19,BA009650,9820008240
A008880,S08880,SC/ST Welfare Scheme,19852,Verified,2026-03-12,BA009651,9820008241
A008881,S08881,SC/ST Welfare Scheme,23655,Verified,2026-03-26,BA009652,9820008242
A008882,S08882,Girl Child Assistance,12201,Verified,2026-03-24,BA009653,9820008243
A008883,S08883,Post-Matric Technical,9132,Verified,2026-03-23,BA009654,9820008244
A008884,S08884,Merit Scholarship,14243,Verified,2026-03-14,BA009655,9820008245
A008885,S08885,Post-Matric Technical,20210,Verified,2026-03-20,BA009656,9820008246
A008886,S08886,Girl Child Assistance,8063,Verified,2026-03-26,BA009657,9820008247
A008887,S08887,SC/ST Welfare Scheme,23130,Verified,2026-03-28,BA009658,9820008248
A008888,S08888,Post-Matric Technical,10747,Verified,2026-03-21,BA009659,9820008249
A008889,S08889,SC/ST Welfare Scheme,10548,Verified,2026-03-11,BA009660,9820008250
A008890,S08890,SC/ST Welfare Scheme,17873,Verified,2026-03-23,BA009661,9820008251
A008891,S08891,SC/ST Welfare Scheme,11690,Verified,2026-03-25,BA009662,9820008252
A008892,S08892,Merit Scholarship,16974,Verified,2026-03-25,BA009663,9820008253
A008893,S08893,Girl Child Assistance,7453,Verified,2026-03-23,BA009664,9820008254
A008894,S08894,Girl Child Assistance,9914,Verified,2026-03-20,BA009665,9820008255
A008895,S08895,Minority Welfare,15487,Verified,2026-03-10,BA009666,9820008256
A008896,S08896,Girl Child Assistance,7556,Verified,2026-03-24,BA009667,9820008257
A008897,S08897,Girl Child Assistance,7752,Verified,2026-03-28,BA009668,9820008258
A008898,S08898,Minority Welfare,19100,Verified,2026-03-20,BA009669,9820008259
A008899,S08899,Post-Matric Technical,9808,Verified,2026-03-26,BA009670,9820008260
A008900,S08900,Girl Child Assistance,11087,Verified,2026-03-20,BA009671,9820008261
A008901,S08901,Minority Welfare,13663,Verified,2026-03-17,BA009672,9820008262
A008902,S08902,Minority Welfare,12353,Verified,2026-03-26,BA009673,9820008263
A008903,S08903,Girl Child Assistance,8282,Verified,2026-03-11,BA009674,9820008264
A008904,S08904,SC/ST Welfare Scheme,13059,Verified,2026-03-24,BA009675,9820008265
A008905,S08905,Minority Welfare,8549,Verified,2026-03-26,BA009676,9820008266
A008906,S08906,Girl Child Assistance,14500,Verified,2026-03-20,BA009677,9820008267
A008907,S08907,Merit Scholarship,22399,Verified,2026-03-21,BA009678,9820008268
A008908,S08908,Minority Welfare,8794,Verified,2026-03-24,BA009679,9820008269
A008909,S08909,Girl Child Assistance,13025,Verified,2026-03-25,BA009680,9820008270
A008910,S08910,Merit Scholarship,16454,Verified,2026-03-12,BA009681,9820008271
A008911,S08911,Merit Scholarship,17526,Verified,2026-03-20,BA009682,9820008272
A008912,S08912,Minority Welfare,18633,Verified,2026-03-14,BA009683,9820008273
A008913,S08913,SC/ST Welfare Scheme,12922,Verified,2026-03-14,BA009684,9820008274
A008914,S08914,Minority Welfare,19020,Verified,2026-03-25,BA009685,9820008275
A008915,S08915,Merit Scholarship,19103,Verified,2026-03-19,BA009686,9820008276
A008916,S08916,Minority Welfare,17902,Verified,2026-03-14,BA009687,9820008277
A008917,S08917,Post-Matric Technical,20190,Verified,2026-03-10,BA009688,9820008278
A008918,S08918,SC/ST Welfare Scheme,12387,Verified,2026-03-27,BA009689,9820008279
A008919,S08919,Girl Child Assistance,11729,Verified,2026-03-22,BA009690,9820008280
A008920,S08920,Post-Matric Technical,9050,Verified,2026-03-26,BA009691,9820008281
A008921,S08921,Minority Welfare,9770,Verified,2026-03-26,BA009692,9820008282
A008922,S08922,SC/ST Welfare Scheme,15279,Verified,2026-03-22,BA009693,9820008283
A008923,S08923,Post-Matric Technical,11319,Verified,2026-03-18,BA009694,9820008284
A008924,S08924,Minority Welfare,10306,Verified,2026-03-24,BA009695,9820008285
A008925,S08925,SC/ST Welfare Scheme,22587,Verified,2026-03-27,BA009696,9820008286
A008926,S08926,Post-Matric Technical,12651,Verified,2026-03-24,BA009697,9820008287
A008927,S08927,SC/ST Welfare Scheme,12002,Verified,2026-03-20,BA009698,9820008288
A008928,S08928,Girl Child Assistance,10054,Verified,2026-03-27,BA009699,9820008289
A008929,S08929,Merit Scholarship,15701,Verified,2026-03-19,BA009700,9820008290
A008930,S08930,Post-Matric Technical,18083,Verified,2026-03-10,BA009701,9820008291
A008931,S08931,Post-Matric Technical,17156,Verified,2026-03-26,BA009702,9820008292
A008932,S08932,Merit Scholarship,28376,Verified,2026-03-18,BA009703,9820008293
A008933,S08933,Post-Matric Technical,14181,Verified,2026-03-22,BA009704,9820008294
A008934,S08934,Girl Child Assistance,11851,Verified,2026-03-20,BA009705,9820008295
A008935,S08935,Merit Scholarship,28198,Verified,2026-03-21,BA009706,9820008296
A008936,S08936,Girl Child Assistance,14440,Verified,2026-03-21,BA009707,9820008297
A008937,S08937,Post-Matric Technical,21485,Verified,2026-03-28,BA009708,9820008298
A008938,S08938,Girl Child Assistance,12122,Verified,2026-03-13,BA009709,9820008299
A008939,S08939,Girl Child Assistance,12754,Verified,2026-03-27,BA009710,9820008300
A008940,S08940,SC/ST Welfare Scheme,23330,Verified,2026-03-27,BA009711,9820008301
A008941,S08941,SC/ST Welfare Scheme,21569,Verified,2026-03-13,BA009712,9820008302
A008942,S08942,Girl Child Assistance,9147,Verified,2026-03-17,BA009713,9820008303
A008943,S08943,SC/ST Welfare Scheme,12278,Verified,2026-03-15,BA009714,9820008304
A008944,S08944,Merit Scholarship,24172,Verified,2026-03-25,BA009715,9820008305
A008945,S08945,Post-Matric Technical,19645,Verified,2026-03-13,BA009716,9820008306
A008946,S08946,SC/ST Welfare Scheme,19790,Verified,2026-03-22,BA009717,9820008307
A008947,S08947,SC/ST Welfare Scheme,18878,Verified,2026-03-26,BA009718,9820008308
A008948,S08948,Merit Scholarship,28043,Verified,2026-03-11,BA009719,9820008309
A008949,S08949,Minority Welfare,8745,Verified,2026-03-15,BA009720,9820008310
A008950,S08950,Minority Welfare,16447,Verified,2026-03-18,BA009721,9820008311
A008951,S08951,SC/ST Welfare Scheme,22630,Verified,2026-03-27,BA009722,9820008312
A008952,S08952,Girl Child Assistance,10148,Verified,2026-03-19,BA009723,9820008313
A008953,S08953,Girl Child Assistance,13367,Verified,2026-03-12,BA009724,9820008314
A008954,S08954,Post-Matric Technical,12018,Verified,2026-03-23,BA009725,9820008315
A008955,S08955,Merit Scholarship,16897,Verified,2026-03-19,BA009726,9820008316
A008956,S08956,Girl Child Assistance,14274,Verified,2026-03-15,BA009727,9820008317
A008957,S08957,SC/ST Welfare Scheme,23544,Verified,2026-03-21,BA009728,9820008318
A008958,S08958,Girl Child Assistance,7936,Verified,2026-03-19,BA009729,9820008319
A008959,S08959,Girl Child Assistance,9283,Verified,2026-03-10,BA009730,9820008320
A008960,S08960,Merit Scholarship,12195,Verified,2026-03-20,BA009731,9820008321
A008961,S08961,Merit Scholarship,16908,Verified,2026-03-22,BA009732,9820008322
A008962,S08962,Minority Welfare,18243,Verified,2026-03-26,BA009733,9820008323
A008963,S08963,SC/ST Welfare Scheme,11563,Verified,2026-03-14,BA009734,9820008324
A008964,S08964,Minority Welfare,16399,Verified,2026-03-20,BA009735,9820008325
A008965,S08965,Post-Matric Technical,20801,Verified,2026-03-27,BA009736,9820008326
A008966,S08966,Merit Scholarship,20059,Verified,2026-03-11,BA009737,9820008327
A008967,S08967,Merit Scholarship,18094,Verified,2026-03-11,BA009738,9820008328
A008968,S08968,SC/ST Welfare Scheme,20968,Verified,2026-03-14,BA009739,9820008329
A008969,S08969,Merit Scholarship,12040,Verified,2026-03-26,BA009740,9820008330
A008970,S08970,Minority Welfare,17687,Verified,2026-03-18,BA009741,9820008331
A008971,S08971,Merit Scholarship,18349,Verified,2026-03-17,BA009742,9820008332
A008972,S08972,Merit Scholarship,23899,Verified,2026-03-28,BA009743,9820008333
A008973,S08973,SC/ST Welfare Scheme,10987,Verified,2026-03-27,BA009744,9820008334
A008974,S08974,Post-Matric Technical,16095,Verified,2026-03-15,BA009745,9820008335
A008975,S08975,Post-Matric Technical,12561,Verified,2026-03-11,BA009746,9820008336
A008976,S08976,Post-Matric Technical,18104,Verified,2026-03-23,BA009747,9820008337
A008977,S08977,Minority Welfare,13225,Verified,2026-03-17,BA009748,9820008338
A008978,S08978,Minority Welfare,18312,Verified,2026-03-24,BA009749,9820008339
A008979,S08979,Post-Matric Technical,9778,Verified,2026-03-16,BA009750,9820008340
A008980,S08980,Minority Welfare,15125,Verified,2026-03-23,BA009751,9820008341
A008981,S08981,Post-Matric Technical,12234,Verified,2026-03-10,BA009752,9820008342
A008982,S08982,Girl Child Assistance,11854,Verified,2026-03-17,BA009753,9820008343
A008983,S08983,Merit Scholarship,27807,Verified,2026-03-14,BA009754,9820008344
A008984,S08984,Merit Scholarship,26553,Verified,2026-03-10,BA009755,9820008345
A008985,S08985,Merit Scholarship,16212,Verified,2026-03-11,BA009756,9820008346
A008986,S08986,Post-Matric Technical,18229,Verified,2026-03-22,BA009757,9820008347
A008987,S08987,Girl Child Assistance,12690,Verified,2026-03-19,BA009758,9820008348
A008988,S08988,Girl Child Assistance,7392,Verified,2026-03-15,BA009759,9820008349
A008989,S08989,Minority Welfare,14607,Verified,2026-03-10,BA009760,9820008350
A008990,S08990,Merit Scholarship,22824,Verified,2026-03-15,BA009761,9820008351
A008991,S08991,Minority Welfare,16677,Verified,2026-03-11,BA009762,9820008352
A008992,S08992,Merit Scholarship,15420,Verified,2026-03-12,BA009763,9820008353
A008993,S08993,SC/ST Welfare Scheme,15268,Verified,2026-03-16,BA009764,9820008354
A008994,S08994,Minority Welfare,11447,Verified,2026-03-25,BA009765,9820008355
A008995,S08995,Girl Child Assistance,11648,Verified,2026-03-12,BA009766,9820008356
A008996,S08996,Girl Child Assistance,13811,Verified,2026-03-22,BA009767,9820008357
A008997,S08997,SC/ST Welfare Scheme,16978,Verified,2026-03-13,BA009768,9820008358
A008998,S08998,Girl Child Assistance,14480,Verified,2026-03-26,BA009769,9820008359
A008999,S08999,Merit Scholarship,15866,Verified,2026-03-25,BA009770,9820008360
A009000,S09000,Post-Matric Technical,21754,Verified,2026-03-25,BA009771,9820008361
A009001,S09001,Merit Scholarship,24822,Verified,2026-03-24,BA009772,9820008362
A009002,S09002,SC/ST Welfare Scheme,21805,Verified,2026-03-27,BA009773,9820008363
A009003,S09003,Merit Scholarship,27339,Verified,2026-03-23,BA009774,9820008364
A009004,S09004,Post-Matric Technical,12315,Verified,2026-03-15,BA009775,9820008365
A009005,S09005,Merit Scholarship,12444,Verified,2026-03-20,BA009776,9820008366
A009006,S09006,Minority Welfare,9127,Verified,2026-03-22,BA009777,9820008367
A009007,S09007,Post-Matric Technical,15487,Verified,2026-03-18,BA009778,9820008368
A009008,S09008,Girl Child Assistance,14014,Verified,2026-03-20,BA009779,9820008369
A009009,S09009,SC/ST Welfare Scheme,13309,Verified,2026-03-24,BA009780,9820008370
A009010,S09010,Merit Scholarship,15676,Verified,2026-03-25,BA009781,9820008371
A009011,S09011,Post-Matric Technical,11953,Verified,2026-03-24,BA009782,9820008372
A009012,S09012,Post-Matric Technical,14198,Verified,2026-03-16,BA009783,9820008373
A009013,S09013,SC/ST Welfare Scheme,24567,Verified,2026-03-20,BA009784,9820008374
A009014,S09014,Merit Scholarship,21061,Verified,2026-03-13,BA009785,9820008375
A009015,S09015,Merit Scholarship,29930,Verified,2026-03-15,BA009786,9820008376
A009016,S09016,Girl Child Assistance,9668,Verified,2026-03-17,BA009787,9820008377
A009017,S09017,Merit Scholarship,28309,Verified,2026-03-16,BA009788,9820008378
A009018,S09018,Girl Child Assistance,13442,Verified,2026-03-17,BA009789,9820008379
A009019,S09019,SC/ST Welfare Scheme,22071,Verified,2026-03-26,BA009790,9820008380
A009020,S09020,Merit Scholarship,21253,Verified,2026-03-21,BA009791,9820008381
A009021,S09021,Merit Scholarship,22474,Verified,2026-03-11,BA009792,9820008382
A009022,S09022,Post-Matric Technical,16237,Verified,2026-03-23,BA009793,9820008383
A009023,S09023,Post-Matric Technical,15776,Verified,2026-03-21,BA009794,9820008384
A009024,S09024,SC/ST Welfare Scheme,15429,Verified,2026-03-22,BA009795,9820008385
A009025,S09025,Post-Matric Technical,9066,Verified,2026-03-24,BA009796,9820008386
A009026,S09026,Post-Matric Technical,21615,Verified,2026-03-21,BA009797,9820008387
A009027,S09027,Post-Matric Technical,12202,Verified,2026-03-10,BA009798,9820008388
A009028,S09028,SC/ST Welfare Scheme,20154,Verified,2026-03-12,BA009799,9820008389
A009029,S09029,Merit Scholarship,12758,Verified,2026-03-15,BA009800,9820008390
A009030,S09030,Merit Scholarship,29501,Verified,2026-03-13,BA009801,9820008391
A009031,S09031,Girl Child Assistance,13735,Verified,2026-03-26,BA009802,9820008392
A009032,S09032,Minority Welfare,14646,Verified,2026-03-12,BA009803,9820008393
A009033,S09033,Post-Matric Technical,19805,Verified,2026-03-15,BA009804,9820008394
A009034,S09034,Girl Child Assistance,13013,Verified,2026-03-20,BA009805,9820008395
A009035,S09035,Merit Scholarship,22909,Verified,2026-03-28,BA009806,9820008396
A009036,S09036,Minority Welfare,18697,Verified,2026-03-20,BA009807,9820008397
A009037,S09037,Post-Matric Technical,13514,Verified,2026-03-20,BA009808,9820008398
A009038,S09038,SC/ST Welfare Scheme,20083,Verified,2026-03-27,BA009809,9820008399
A009039,S09039,Post-Matric Technical,17085,Verified,2026-03-16,BA009810,9820008400
A009040,S09040,Post-Matric Technical,17340,Verified,2026-03-12,BA009811,9820008401
A009041,S09041,Merit Scholarship,18073,Verified,2026-03-20,BA009812,9820008402
A009042,S09042,Merit Scholarship,28200,Verified,2026-03-23,BA009813,9820008403
A009043,S09043,Minority Welfare,11918,Verified,2026-03-12,BA009814,9820008404
A009044,S09044,SC/ST Welfare Scheme,21248,Verified,2026-03-23,BA009815,9820008405
A009045,S09045,Minority Welfare,19991,Verified,2026-03-14,BA009816,9820008406
A009046,S09046,Merit Scholarship,29237,Verified,2026-03-24,BA009817,9820008407
A009047,S09047,Girl Child Assistance,13636,Verified,2026-03-14,BA009818,9820008408
A009048,S09048,Girl Child Assistance,7086,Verified,2026-03-21,BA009819,9820008409
A009049,S09049,Girl Child Assistance,13097,Verified,2026-03-10,BA009820,9820008410
A009050,S09050,SC/ST Welfare Scheme,24090,Verified,2026-03-23,BA009821,9820008411
A009051,S09051,Girl Child Assistance,11746,Verified,2026-03-17,BA009822,9820008412
A009052,S09052,SC/ST Welfare Scheme,22190,Verified,2026-03-24,BA009823,9820008413
A009053,S09053,SC/ST Welfare Scheme,17080,Verified,2026-03-18,BA009824,9820008414
A009054,S09054,SC/ST Welfare Scheme,12275,Verified,2026-03-19,BA009825,9820008415
A009055,S09055,Minority Welfare,12508,Verified,2026-03-16,BA009826,9820008416
A009056,S09056,SC/ST Welfare Scheme,14853,Verified,2026-03-25,BA009827,9820008417
A009057,S09057,Post-Matric Technical,20323,Verified,2026-03-11,BA009828,9820008418
A009058,S09058,Merit Scholarship,28477,Verified,2026-03-10,BA009829,9820008419
A009059,S09059,Post-Matric Technical,9511,Verified,2026-03-23,BA009830,9820008420
A009060,S09060,Merit Scholarship,15960,Verified,2026-03-27,BA009831,9820008421
A009061,S09061,Minority Welfare,11345,Verified,2026-03-14,BA009832,9820008422
A009062,S09062,Merit Scholarship,21799,Verified,2026-03-10,BA009833,9820008423
A009063,S09063,SC/ST Welfare Scheme,16025,Verified,2026-03-24,BA009834,9820008424
A009064,S09064,SC/ST Welfare Scheme,16354,Verified,2026-03-21,BA009835,9820008425
A009065,S09065,Merit Scholarship,14620,Verified,2026-03-27,BA009836,9820008426
A009066,S09066,Minority Welfare,12786,Verified,2026-03-16,BA009837,9820008427
A009067,S09067,Merit Scholarship,14797,Verified,2026-03-25,BA009838,9820008428
A009068,S09068,Girl Child Assistance,9119,Verified,2026-03-26,BA009839,9820008429
A009069,S09069,Girl Child Assistance,11882,Verified,2026-03-14,BA009840,9820008430
A009070,S09070,Girl Child Assistance,9093,Verified,2026-03-18,BA009841,9820008431
A009071,S09071,Post-Matric Technical,15709,Verified,2026-03-27,BA009842,9820008432
A009072,S09072,SC/ST Welfare Scheme,16867,Verified,2026-03-23,BA009843,9820008433
A009073,S09073,Minority Welfare,14439,Verified,2026-03-18,BA009844,9820008434
A009074,S09074,Merit Scholarship,27217,Verified,2026-03-25,BA009845,9820008435
A009075,S09075,Girl Child Assistance,8131,Verified,2026-03-13,BA009846,9820008436
A009076,S09076,SC/ST Welfare Scheme,21527,Verified,2026-03-13,BA009847,9820008437
A009077,S09077,Minority Welfare,13815,Verified,2026-03-11,BA009848,9820008438
A009078,S09078,Post-Matric Technical,12555,Verified,2026-03-22,BA009849,9820008439
A009079,S09079,Merit Scholarship,29346,Verified,2026-03-18,BA009850,9820008440
A009080,S09080,Post-Matric Technical,10943,Verified,2026-03-19,BA009851,9820008441
A009081,S09081,Merit Scholarship,19454,Verified,2026-03-28,BA009852,9820008442
A009082,S09082,Girl Child Assistance,14498,Verified,2026-03-23,BA009853,9820008443
A009083,S09083,Post-Matric Technical,19884,Verified,2026-03-11,BA009854,9820008444
A009084,S09084,Girl Child Assistance,12531,Verified,2026-03-15,BA009855,9820008445
A009085,S09085,Merit Scholarship,13920,Verified,2026-03-21,BA009856,9820008446
A009086,S09086,Girl Child Assistance,7198,Verified,2026-03-28,BA009857,9820008447
A009087,S09087,Minority Welfare,19213,Verified,2026-03-23,BA009858,9820008448
A009088,S09088,Merit Scholarship,28212,Verified,2026-03-24,BA009859,9820008449
A009089,S09089,Minority Welfare,19544,Verified,2026-03-14,BA009860,9820008450
A009090,S09090,SC/ST Welfare Scheme,11010,Verified,2026-03-14,BA009861,9820008451
A009091,S09091,Girl Child Assistance,9836,Verified,2026-03-13,BA009862,9820008452
A009092,S09092,Post-Matric Technical,20416,Verified,2026-03-27,BA009863,9820008453
A009093,S09093,Merit Scholarship,21185,Verified,2026-03-21,BA009864,9820008454
A009094,S09094,Minority Welfare,14728,Verified,2026-03-13,BA009865,9820008455
A009095,S09095,Merit Scholarship,21215,Verified,2026-03-15,BA009866,9820008456
A009096,S09096,Minority Welfare,13015,Verified,2026-03-15,BA009867,9820008457
A009097,S09097,Girl Child Assistance,12040,Verified,2026-03-21,BA009868,9820008458
A009098,S09098,SC/ST Welfare Scheme,16618,Verified,2026-03-22,BA009869,9820008459
A009099,S09099,Girl Child Assistance,12128,Verified,2026-03-20,BA009870,9820008460
A009100,S09100,Post-Matric Technical,9041,Verified,2026-03-11,BA009871,9820008461
A009101,S09101,Girl Child Assistance,13300,Verified,2026-03-28,BA009872,9820008462
A009102,S09102,Merit Scholarship,15594,Verified,2026-03-25,BA009873,9820008463
A009103,S09103,Minority Welfare,9160,Verified,2026-03-21,BA009874,9820008464
A009104,S09104,Minority Welfare,16899,Verified,2026-03-25,BA009875,9820008465
A009105,S09105,Post-Matric Technical,21135,Verified,2026-03-22,BA009876,9820008466
A009106,S09106,Girl Child Assistance,7634,Verified,2026-03-22,BA009877,9820008467
A009107,S09107,Post-Matric Technical,12946,Verified,2026-03-14,BA009878,9820008468
A009108,S09108,SC/ST Welfare Scheme,21811,Verified,2026-03-18,BA009879,9820008469
A009109,S09109,Merit Scholarship,28951,Verified,2026-03-26,BA009880,9820008470
A009110,S09110,Post-Matric Technical,21070,Verified,2026-03-22,BA009881,9820008471
A009111,S09111,Merit Scholarship,23574,Verified,2026-03-22,BA009882,9820008472
A009112,S09112,SC/ST Welfare Scheme,23157,Verified,2026-03-21,BA009883,9820008473
A009113,S09113,SC/ST Welfare Scheme,12264,Verified,2026-03-20,BA009884,9820008474
A009114,S09114,Girl Child Assistance,14571,Verified,2026-03-10,BA009885,9820008475
A009115,S09115,Merit Scholarship,19822,Verified,2026-03-18,BA009886,9820008476
A009116,S09116,Girl Child Assistance,10203,Verified,2026-03-24,BA009887,9820008477
A009117,S09117,Minority Welfare,16013,Verified,2026-03-11,BA009888,9820008478
A009118,S09118,Girl Child Assistance,11797,Verified,2026-03-12,BA009889,9820008479
A009119,S09119,Merit Scholarship,21957,Verified,2026-03-11,BA009890,9820008480
A009120,S09120,Minority Welfare,17995,Verified,2026-03-26,BA009891,9820008481
A009121,S09121,Girl Child Assistance,9917,Verified,2026-03-26,BA009892,9820008482
A009122,S09122,SC/ST Welfare Scheme,17068,Verified,2026-03-17,BA009893,9820008483
A009123,S09123,Minority Welfare,13670,Verified,2026-03-12,BA009894,9820008484
A009124,S09124,Minority Welfare,18523,Verified,2026-03-28,BA009895,9820008485
A009125,S09125,Girl Child Assistance,8074,Verified,2026-03-10,BA009896,9820008486
A009126,S09126,Merit Scholarship,15232,Verified,2026-03-26,BA009897,9820008487
A009127,S09127,SC/ST Welfare Scheme,20863,Verified,2026-03-15,BA009898,9820008488
A009128,S09128,Minority Welfare,13065,Verified,2026-03-15,BA009899,9820008489
A009129,S09129,Minority Welfare,12432,Verified,2026-03-11,BA009900,9820008490
A009130,S09130,Post-Matric Technical,16049,Verified,2026-03-13,BA009901,9820008491
A009131,S09131,Girl Child Assistance,13650,Verified,2026-03-22,BA009902,9820008492
A009132,S09132,Girl Child Assistance,9388,Verified,2026-03-12,BA009903,9820008493
A009133,S09133,Merit Scholarship,13318,Verified,2026-03-20,BA009904,9820008494
A009134,S09134,SC/ST Welfare Scheme,22990,Verified,2026-03-14,BA009905,9820008495
A009135,S09135,Merit Scholarship,24592,Verified,2026-03-22,BA009906,9820008496
A009136,S09136,Minority Welfare,19080,Verified,2026-03-23,BA009907,9820008497
A009137,S09137,Girl Child Assistance,11725,Verified,2026-03-10,BA009908,9820008498
A009138,S09138,Minority Welfare,18049,Verified,2026-03-25,BA009909,9820008499
A009139,S09139,Post-Matric Technical,17789,Verified,2026-03-21,BA009910,9820008500
A009140,S09140,SC/ST Welfare Scheme,19061,Verified,2026-03-16,BA009911,9820008501
A009141,S09141,Girl Child Assistance,10111,Verified,2026-03-20,BA009912,9820008502
A009142,S09142,Post-Matric Technical,10064,Verified,2026-03-22,BA009913,9820008503
A009143,S09143,Merit Scholarship,23111,Verified,2026-03-11,BA009914,9820008504
A009144,S09144,Merit Scholarship,29108,Verified,2026-03-26,BA009915,9820008505
A009145,S09145,Post-Matric Technical,21098,Verified,2026-03-14,BA009916,9820008506
A009146,S09146,Minority Welfare,13542,Verified,2026-03-16,BA009917,9820008507
A009147,S09147,Post-Matric Technical,13409,Verified,2026-03-18,BA009918,9820008508
A009148,S09148,Merit Scholarship,29657,Verified,2026-03-24,BA009919,9820008509
A009149,S09149,Girl Child Assistance,11704,Verified,2026-03-18,BA009920,9820008510
A009150,S09150,Girl Child Assistance,14961,Verified,2026-03-14,BA009921,9820008511
A009151,S09151,Minority Welfare,8798,Verified,2026-03-12,BA009922,9820008512
A009152,S09152,Post-Matric Technical,15333,Verified,2026-03-11,BA009923,9820008513
A009153,S09153,Post-Matric Technical,16967,Verified,2026-03-11,BA009924,9820008514
A009154,S09154,Minority Welfare,19204,Verified,2026-03-11,BA009925,9820008515
A009155,S09155,Girl Child Assistance,8847,Verified,2026-03-12,BA009926,9820008516
A009156,S09156,Post-Matric Technical,18107,Verified,2026-03-27,BA009927,9820008517
A009157,S09157,Post-Matric Technical,14649,Verified,2026-03-28,BA009928,9820008518
A009158,S09158,Merit Scholarship,22835,Verified,2026-03-11,BA009929,9820008519
A009159,S09159,Minority Welfare,13855,Verified,2026-03-14,BA009930,9820008520
A009160,S09160,Girl Child Assistance,10889,Verified,2026-03-12,BA009931,9820008521
A009161,S09161,Merit Scholarship,24398,Verified,2026-03-15,BA009932,9820008522
A009162,S09162,Merit Scholarship,29001,Verified,2026-03-18,BA009933,9820008523
A009163,S09163,Post-Matric Technical,9733,Verified,2026-03-28,BA009934,9820008524
A009164,S09164,Minority Welfare,13966,Verified,2026-03-25,BA009935,9820008525
A009165,S09165,SC/ST Welfare Scheme,11373,Verified,2026-03-22,BA009936,9820008526
A009166,S09166,Minority Welfare,8183,Verified,2026-03-17,BA009937,9820008527
A009167,S09167,SC/ST Welfare Scheme,18021,Verified,2026-03-24,BA009938,9820008528
A009168,S09168,Girl Child Assistance,14269,Verified,2026-03-26,BA009939,9820008529
A009169,S09169,SC/ST Welfare Scheme,13737,Verified,2026-03-15,BA009940,9820008530
A009170,S09170,SC/ST Welfare Scheme,24230,Verified,2026-03-14,BA009941,9820008531
A009171,S09171,SC/ST Welfare Scheme,16903,Verified,2026-03-26,BA009942,9820008532
A009172,S09172,Merit Scholarship,21238,Verified,2026-03-26,BA009943,9820008533
A009173,S09173,Merit Scholarship,16993,Verified,2026-03-26,BA009944,9820008534
A009174,S09174,Girl Child Assistance,14794,Verified,2026-03-10,BA009945,9820008535
A009175,S09175,Merit Scholarship,16422,Verified,2026-03-18,BA009946,9820008536
A009176,S09176,Minority Welfare,17372,Verified,2026-03-28,BA009947,9820008537
A009177,S09177,Minority Welfare,9184,Verified,2026-03-17,BA009948,9820008538
A009178,S09178,Girl Child Assistance,13510,Verified,2026-03-27,BA009949,9820008539
A009179,S09179,SC/ST Welfare Scheme,13875,Verified,2026-03-10,BA009950,9820008540
A009180,S09180,Girl Child Assistance,14100,Verified,2026-03-16,BA009951,9820008541
A009181,S09181,Minority Welfare,10676,Verified,2026-03-19,BA009952,9820008542
A009182,S09182,Post-Matric Technical,20511,Verified,2026-03-27,BA009953,9820008543
A009183,S09183,SC/ST Welfare Scheme,19685,Verified,2026-03-10,BA009954,9820008544
A009184,S09184,SC/ST Welfare Scheme,15597,Verified,2026-03-25,BA009955,9820008545
A009185,S09185,Girl Child Assistance,8615,Verified,2026-03-14,BA009956,9820008546
A009186,S09186,Minority Welfare,9482,Verified,2026-03-14,BA009957,9820008547
A009187,S09187,Merit Scholarship,21239,Verified,2026-03-16,BA009958,9820008548
A009188,S09188,Minority Welfare,17635,Verified,2026-03-11,BA009959,9820008549
A009189,S09189,Post-Matric Technical,11376,Verified,2026-03-11,BA009960,9820008550
A009190,S09190,Post-Matric Technical,16783,Verified,2026-03-25,BA009961,9820008551
A009191,S09191,SC/ST Welfare Scheme,18954,Verified,2026-03-25,BA009962,9820008552
A009192,S09192,Post-Matric Technical,16439,Verified,2026-03-20,BA009963,9820008553
A009193,S09193,Minority Welfare,14221,Verified,2026-03-28,BA009964,9820008554
A009194,S09194,SC/ST Welfare Scheme,12440,Verified,2026-03-23,BA009965,9820008555
A009195,S09195,Minority Welfare,10666,Verified,2026-03-27,BA009966,9820008556
A009196,S09196,SC/ST Welfare Scheme,24006,Verified,2026-03-12,BA009967,9820008557
A009197,S09197,SC/ST Welfare Scheme,12485,Verified,2026-03-12,BA009968,9820008558
A009198,S09198,SC/ST Welfare Scheme,21556,Verified,2026-03-21,BA009969,9820008559
A009199,S09199,Merit Scholarship,21823,Verified,2026-03-18,BA009970,9820008560
A009200,S09200,Post-Matric Technical,16763,Verified,2026-03-23,BA009971,9820008561
A009201,S09201,Girl Child Assistance,11758,Verified,2026-03-25,BA009972,9820008562
A009202,S09202,Post-Matric Technical,18120,Verified,2026-03-10,BA009973,9820008563
A009203,S09203,Minority Welfare,19703,Verified,2026-03-22,BA009974,9820008564
A009204,S09204,Girl Child Assistance,13813,Verified,2026-03-23,BA009975,9820008565
A009205,S09205,Post-Matric Technical,10833,Verified,2026-03-17,BA009976,9820008566
A009206,S09206,Merit Scholarship,26178,Verified,2026-03-14,BA009977,9820008567
A009207,S09207,SC/ST Welfare Scheme,24373,Verified,2026-03-14,BA009978,9820008568
A009208,S09208,Minority Welfare,14554,Verified,2026-03-28,BA009979,9820008569
A009209,S09209,Merit Scholarship,25056,Verified,2026-03-24,BA009980,9820008570
A009210,S09210,Post-Matric Technical,13148,Verified,2026-03-15,BA009981,9820008571
A009211,S09211,Girl Child Assistance,7030,Verified,2026-03-13,BA009982,9820008572
A009212,S09212,Girl Child Assistance,14426,Verified,2026-03-19,BA009983,9820008573
A009213,S09213,Girl Child Assistance,14167,Verified,2026-03-12,BA009984,9820008574
A009214,S09214,Minority Welfare,18550,Verified,2026-03-12,BA009985,9820008575
A009215,S09215,Girl Child Assistance,7882,Verified,2026-03-17,BA009986,9820008576
A009216,S09216,SC/ST Welfare Scheme,20254,Verified,2026-03-14,BA009987,9820008577
A009217,S09217,Post-Matric Technical,20553,Verified,2026-03-22,BA009988,9820008578
A009218,S09218,Post-Matric Technical,18307,Verified,2026-03-24,BA009989,9820008579
A009219,S09219,SC/ST Welfare Scheme,18098,Verified,2026-03-24,BA009990,9820008580
A009220,S09220,Post-Matric Technical,15523,Verified,2026-03-28,BA009991,9820008581
A009221,S09221,Merit Scholarship,20227,Verified,2026-03-17,BA009992,9820008582
A009222,S09222,Girl Child Assistance,7863,Verified,2026-03-26,BA009993,9820008583
A009223,S09223,SC/ST Welfare Scheme,22640,Verified,2026-03-13,BA009994,9820008584
A009224,S09224,Post-Matric Technical,17928,Verified,2026-03-24,BA009995,9820008585
A009225,S09225,Post-Matric Technical,13640,Verified,2026-03-11,BA009996,9820008586
A009226,S09226,Girl Child Assistance,14488,Verified,2026-03-18,BA009997,9820008587
A009227,S09227,SC/ST Welfare Scheme,10758,Verified,2026-03-16,BA009998,9820008588
A009228,S09228,SC/ST Welfare Scheme,17761,Verified,2026-03-19,BA009999,9820008589
A009229,S09229,Minority Welfare,13070,Verified,2026-03-21,BA010000,9820008590
A009230,S09230,SC/ST Welfare Scheme,23815,Verified,2026-03-20,BA010001,9820008591
A009231,S09231,SC/ST Welfare Scheme,24898,Verified,2026-03-18,BA010002,9820008592
A009232,S09232,SC/ST Welfare Scheme,21602,Verified,2026-03-21,BA010003,9820008593
A009233,S09233,Girl Child Assistance,8835,Verified,2026-03-23,BA010004,9820008594
A009234,S09234,Girl Child Assistance,9711,Verified,2026-03-20,BA010005,9820008595
A009235,S09235,SC/ST Welfare Scheme,21129,Verified,2026-03-10,BA010006,9820008596
A009236,S09236,Post-Matric Technical,11471,Verified,2026-03-11,BA010007,9820008597
A009237,S09237,Post-Matric Technical,14704,Verified,2026-03-21,BA010008,9820008598
A009238,S09238,Girl Child Assistance,8896,Verified,2026-03-28,BA010009,9820008599
A009239,S09239,Post-Matric Technical,10544,Verified,2026-03-10,BA010010,9820008600
A009240,S09240,Minority Welfare,13950,Verified,2026-03-18,BA010011,9820008601
A009241,S09241,Girl Child Assistance,12454,Verified,2026-03-21,BA010012,9820008602
A009242,S09242,Merit Scholarship,23853,Verified,2026-03-20,BA010013,9820008603
A009243,S09243,Post-Matric Technical,13965,Verified,2026-03-24,BA010014,9820008604
A009244,S09244,SC/ST Welfare Scheme,13771,Verified,2026-03-22,BA010015,9820008605
A009245,S09245,SC/ST Welfare Scheme,23824,Verified,2026-03-26,BA010016,9820008606
A009246,S09246,Merit Scholarship,20214,Verified,2026-03-10,BA010017,9820008607
A009247,S09247,SC/ST Welfare Scheme,12597,Verified,2026-03-28,BA010018,9820008608
A009248,S09248,Post-Matric Technical,16875,Verified,2026-03-11,BA010019,9820008609
A009249,S09249,Girl Child Assistance,12561,Verified,2026-03-19,BA010020,9820008610
A009250,S09250,Merit Scholarship,25142,Verified,2026-03-19,BA010021,9820008611
A009251,S09251,Merit Scholarship,18135,Verified,2026-03-18,BA010022,9820008612
A009252,S09252,SC/ST Welfare Scheme,23119,Verified,2026-03-28,BA010023,9820008613
A009253,S09253,Post-Matric Technical,13613,Verified,2026-03-23,BA010024,9820008614
A009254,S09254,Girl Child Assistance,10497,Verified,2026-03-26,BA010025,9820008615
A009255,S09255,SC/ST Welfare Scheme,13781,Verified,2026-03-22,BA010026,9820008616
A009256,S09256,Minority Welfare,17901,Verified,2026-03-26,BA010027,9820008617
A009257,S09257,Post-Matric Technical,17986,Verified,2026-03-28,BA010028,9820008618
A009258,S09258,Minority Welfare,17568,Verified,2026-03-24,BA010029,9820008619
A009259,S09259,Post-Matric Technical,13905,Verified,2026-03-28,BA010030,9820008620
A009260,S09260,Post-Matric Technical,10715,Verified,2026-03-19,BA010031,9820008621
A009261,S09261,Minority Welfare,14836,Verified,2026-03-13,BA010032,9820008622
A009262,S09262,Merit Scholarship,26754,Verified,2026-03-14,BA010033,9820008623
A009263,S09263,Minority Welfare,18529,Verified,2026-03-20,BA010034,9820008624
A009264,S09264,Post-Matric Technical,12073,Verified,2026-03-28,BA010035,9820008625
A009265,S09265,Merit Scholarship,24665,Verified,2026-03-15,BA010036,9820008626
A009266,S09266,Girl Child Assistance,10906,Verified,2026-03-20,BA010037,9820008627
A009267,S09267,Minority Welfare,19899,Verified,2026-03-17,BA010038,9820008628
A009268,S09268,Girl Child Assistance,7708,Verified,2026-03-21,BA010039,9820008629
A009269,S09269,Girl Child Assistance,10332,Verified,2026-03-12,BA010040,9820008630
A009270,S09270,Minority Welfare,16054,Verified,2026-03-13,BA010041,9820008631
A009271,S09271,Minority Welfare,19399,Verified,2026-03-23,BA010042,9820008632
A009272,S09272,Merit Scholarship,28964,Verified,2026-03-24,BA010043,9820008633
A009273,S09273,Girl Child Assistance,13953,Verified,2026-03-16,BA010044,9820008634
A009274,S09274,Merit Scholarship,18293,Verified,2026-03-11,BA010045,9820008635
A009275,S09275,SC/ST Welfare Scheme,23119,Verified,2026-03-18,BA010046,9820008636
A009276,S09276,Girl Child Assistance,11765,Verified,2026-03-23,BA010047,9820008637
A009277,S09277,Girl Child Assistance,11899,Verified,2026-03-14,BA010048,9820008638
A009278,S09278,Minority Welfare,19227,Verified,2026-03-24,BA010049,9820008639
A009279,S09279,Minority Welfare,17626,Verified,2026-03-22,BA010050,9820008640
A009280,S09280,Merit Scholarship,26738,Verified,2026-03-20,BA010051,9820008641
A009281,S09281,SC/ST Welfare Scheme,21431,Verified,2026-03-23,BA010052,9820008642
A009282,S09282,Girl Child Assistance,14829,Verified,2026-03-12,BA010053,9820008643
A009283,S09283,Girl Child Assistance,10121,Verified,2026-03-26,BA010054,9820008644
A009284,S09284,Post-Matric Technical,17359,Verified,2026-03-20,BA010055,9820008645
A009285,S09285,Minority Welfare,9072,Verified,2026-03-20,BA010056,9820008646
A009286,S09286,Girl Child Assistance,14574,Verified,2026-03-15,BA010057,9820008647
A009287,S09287,Post-Matric Technical,13375,Verified,2026-03-10,BA010058,9820008648
A009288,S09288,Post-Matric Technical,9775,Verified,2026-03-14,BA010059,9820008649
A009289,S09289,SC/ST Welfare Scheme,17267,Verified,2026-03-19,BA010060,9820008650
A009290,S09290,Minority Welfare,17712,Verified,2026-03-26,BA010061,9820008651
A009291,S09291,Merit Scholarship,19333,Verified,2026-03-26,BA010062,9820008652
A009292,S09292,Girl Child Assistance,9615,Verified,2026-03-14,BA010063,9820008653
A009293,S09293,Minority Welfare,8403,Verified,2026-03-18,BA010064,9820008654
A009294,S09294,Merit Scholarship,26299,Verified,2026-03-25,BA010065,9820008655
A009295,S09295,Minority Welfare,16437,Verified,2026-03-27,BA010066,9820008656
A009296,S09296,Minority Welfare,8302,Verified,2026-03-15,BA010067,9820008657
A009297,S09297,Girl Child Assistance,14691,Verified,2026-03-21,BA010068,9820008658
A009298,S09298,Post-Matric Technical,19949,Verified,2026-03-21,BA010069,9820008659
A009299,S09299,Post-Matric Technical,12711,Verified,2026-03-20,BA010070,9820008660
A009300,S09300,Girl Child Assistance,12798,Verified,2026-03-22,BA010071,9820008661
A009301,S09301,Post-Matric Technical,12267,Verified,2026-03-10,BA010072,9820008662
A009302,S09302,Girl Child Assistance,10835,Verified,2026-03-22,BA010073,9820008663
A009303,S09303,Merit Scholarship,15111,Verified,2026-03-17,BA010074,9820008664
A009304,S09304,SC/ST Welfare Scheme,15579,Verified,2026-03-25,BA010075,9820008665
A009305,S09305,Minority Welfare,17862,Verified,2026-03-11,BA010076,9820008666
A009306,S09306,Post-Matric Technical,13667,Verified,2026-03-18,BA010077,9820008667
A009307,S09307,SC/ST Welfare Scheme,11683,Verified,2026-03-27,BA010078,9820008668
A009308,S09308,Post-Matric Technical,10661,Verified,2026-03-23,BA010079,9820008669
A009309,S09309,Merit Scholarship,13805,Verified,2026-03-14,BA010080,9820008670
A009310,S09310,Post-Matric Technical,18525,Verified,2026-03-21,BA010081,9820008671
A009311,S09311,Post-Matric Technical,14092,Verified,2026-03-21,BA010082,9820008672
A009312,S09312,Post-Matric Technical,16513,Verified,2026-03-12,BA010083,9820008673
A009313,S09313,Merit Scholarship,26554,Verified,2026-03-16,BA010084,9820008674
A009314,S09314,Post-Matric Technical,11348,Verified,2026-03-24,BA010085,9820008675
A009315,S09315,Minority Welfare,15308,Verified,2026-03-24,BA010086,9820008676
A009316,S09316,SC/ST Welfare Scheme,17267,Verified,2026-03-26,BA010087,9820008677
A009317,S09317,SC/ST Welfare Scheme,22729,Verified,2026-03-17,BA010088,9820008678
A009318,S09318,Merit Scholarship,28100,Verified,2026-03-25,BA010089,9820008679
A009319,S09319,Minority Welfare,18082,Verified,2026-03-19,BA010090,9820008680
A009320,S09320,Post-Matric Technical,17446,Verified,2026-03-18,BA010091,9820008681
A009321,S09321,Post-Matric Technical,10481,Verified,2026-03-23,BA010092,9820008682
A009322,S09322,Merit Scholarship,27369,Verified,2026-03-16,BA010093,9820008683
A009323,S09323,Minority Welfare,11137,Verified,2026-03-22,BA010094,9820008684
A009324,S09324,Girl Child Assistance,7965,Verified,2026-03-22,BA010095,9820008685
A009325,S09325,SC/ST Welfare Scheme,11216,Verified,2026-03-16,BA010096,9820008686
A009326,S09326,Girl Child Assistance,13783,Verified,2026-03-13,BA010097,9820008687
A009327,S09327,SC/ST Welfare Scheme,14736,Verified,2026-03-17,BA010098,9820008688
A009328,S09328,Post-Matric Technical,10889,Verified,2026-03-14,BA010099,9820008689
A009329,S09329,Girl Child Assistance,11356,Verified,2026-03-25,BA010100,9820008690
A009330,S09330,Minority Welfare,13075,Verified,2026-03-16,BA010101,9820008691
A009331,S09331,SC/ST Welfare Scheme,10259,Verified,2026-03-26,BA010102,9820008692
A009332,S09332,SC/ST Welfare Scheme,24968,Verified,2026-03-10,BA010103,9820008693
A009333,S09333,Post-Matric Technical,21583,Verified,2026-03-24,BA010104,9820008694
A009334,S09334,Merit Scholarship,18427,Verified,2026-03-19,BA010105,9820008695
A009335,S09335,Post-Matric Technical,20538,Verified,2026-03-25,BA010106,9820008696
A009336,S09336,Minority Welfare,14674,Verified,2026-03-15,BA010107,9820008697
A009337,S09337,Minority Welfare,8978,Verified,2026-03-12,BA010108,9820008698
A009338,S09338,Minority Welfare,10570,Verified,2026-03-28,BA010109,9820008699
A009339,S09339,SC/ST Welfare Scheme,16260,Verified,2026-03-15,BA010110,9820008700
A009340,S09340,Minority Welfare,16376,Verified,2026-03-27,BA010111,9820008701
A009341,S09341,Post-Matric Technical,15719,Verified,2026-03-27,BA010112,9820008702
A009342,S09342,Minority Welfare,19598,Verified,2026-03-18,BA010113,9820008703
A009343,S09343,Girl Child Assistance,12481,Verified,2026-03-13,BA010114,9820008704
A009344,S09344,Girl Child Assistance,11219,Verified,2026-03-15,BA010115,9820008705
A009345,S09345,Minority Welfare,10433,Verified,2026-03-13,BA010116,9820008706
A009346,S09346,SC/ST Welfare Scheme,12420,Verified,2026-03-21,BA010117,9820008707
A009347,S09347,Girl Child Assistance,7487,Verified,2026-03-14,BA010118,9820008708
A009348,S09348,Merit Scholarship,29537,Verified,2026-03-24,BA010119,9820008709
A009349,S09349,Merit Scholarship,24601,Verified,2026-03-17,BA010120,9820008710
A009350,S09350,Post-Matric Technical,19958,Verified,2026-03-21,BA010121,9820008711
A009351,S09351,Post-Matric Technical,20650,Verified,2026-03-24,BA010122,9820008712
A009352,S09352,Post-Matric Technical,18846,Verified,2026-03-14,BA010123,9820008713
A009353,S09353,Merit Scholarship,12894,Verified,2026-03-11,BA010124,9820008714
A009354,S09354,Merit Scholarship,19988,Verified,2026-03-22,BA010125,9820008715
A009355,S09355,Merit Scholarship,17351,Verified,2026-03-13,BA010126,9820008716
A009356,S09356,Girl Child Assistance,14514,Verified,2026-03-14,BA010127,9820008717
A009357,S09357,SC/ST Welfare Scheme,18887,Verified,2026-03-20,BA010128,9820008718
A009358,S09358,Post-Matric Technical,20651,Verified,2026-03-16,BA010129,9820008719
A009359,S09359,SC/ST Welfare Scheme,10085,Verified,2026-03-10,BA010130,9820008720
A009360,S09360,Girl Child Assistance,14106,Verified,2026-03-13,BA010131,9820008721
A009361,S09361,SC/ST Welfare Scheme,17915,Verified,2026-03-11,BA010132,9820008722
A009362,S09362,SC/ST Welfare Scheme,10885,Verified,2026-03-22,BA010133,9820008723
A009363,S09363,SC/ST Welfare Scheme,17926,Verified,2026-03-18,BA010134,9820008724
A009364,S09364,Girl Child Assistance,9179,Verified,2026-03-14,BA010135,9820008725
A009365,S09365,SC/ST Welfare Scheme,23710,Verified,2026-03-14,BA010136,9820008726
A009366,S09366,Minority Welfare,19237,Verified,2026-03-14,BA010137,9820008727
A009367,S09367,Merit Scholarship,27659,Verified,2026-03-10,BA010138,9820008728
A009368,S09368,Minority Welfare,19461,Verified,2026-03-12,BA010139,9820008729
A009369,S09369,Post-Matric Technical,17561,Verified,2026-03-11,BA010140,9820008730
A009370,S09370,Girl Child Assistance,9160,Verified,2026-03-24,BA010141,9820008731
A009371,S09371,Minority Welfare,16445,Verified,2026-03-17,BA010142,9820008732
A009372,S09372,Merit Scholarship,17603,Verified,2026-03-25,BA010143,9820008733
A009373,S09373,SC/ST Welfare Scheme,16893,Verified,2026-03-17,BA010144,9820008734
A009374,S09374,Merit Scholarship,14317,Verified,2026-03-25,BA010145,9820008735
A009375,S09375,Girl Child Assistance,12688,Verified,2026-03-11,BA010146,9820008736
A009376,S09376,Minority Welfare,9801,Verified,2026-03-15,BA010147,9820008737
A009377,S09377,Merit Scholarship,16185,Verified,2026-03-10,BA010148,9820008738
A009378,S09378,Post-Matric Technical,19202,Verified,2026-03-19,BA010149,9820008739
A009379,S09379,Girl Child Assistance,10452,Verified,2026-03-17,BA010150,9820008740
A009380,S09380,Girl Child Assistance,8917,Verified,2026-03-17,BA010151,9820008741
A009381,S09381,Minority Welfare,12258,Verified,2026-03-22,BA010152,9820008742
A009382,S09382,SC/ST Welfare Scheme,19094,Verified,2026-03-25,BA010153,9820008743
A009383,S09383,Girl Child Assistance,9899,Verified,2026-03-10,BA010154,9820008744
A009384,S09384,Post-Matric Technical,12197,Verified,2026-03-27,BA010155,9820008745
A009385,S09385,Merit Scholarship,20965,Verified,2026-03-21,BA010156,9820008746
A009386,S09386,Minority Welfare,19134,Verified,2026-03-27,BA010157,9820008747
A009387,S09387,SC/ST Welfare Scheme,13164,Verified,2026-03-14,BA010158,9820008748
A009388,S09388,Post-Matric Technical,11460,Verified,2026-03-16,BA010159,9820008749
A009389,S09389,Post-Matric Technical,13278,Verified,2026-03-22,BA010160,9820008750
A009390,S09390,SC/ST Welfare Scheme,18165,Verified,2026-03-18,BA010161,9820008751
A009391,S09391,Girl Child Assistance,13453,Verified,2026-03-18,BA010162,9820008752
A009392,S09392,Merit Scholarship,15996,Verified,2026-03-19,BA010163,9820008753
A009393,S09393,Post-Matric Technical,13600,Verified,2026-03-10,BA010164,9820008754
A009394,S09394,Girl Child Assistance,11838,Verified,2026-03-14,BA010165,9820008755
A009395,S09395,Post-Matric Technical,20141,Verified,2026-03-15,BA010166,9820008756
A009396,S09396,Girl Child Assistance,13461,Verified,2026-03-21,BA010167,9820008757
A009397,S09397,Post-Matric Technical,17771,Verified,2026-03-12,BA010168,9820008758
A009398,S09398,Post-Matric Technical,18664,Verified,2026-03-10,BA010169,9820008759
A009399,S09399,Minority Welfare,13362,Verified,2026-03-12,BA010170,9820008760
A009400,S09400,SC/ST Welfare Scheme,14118,Verified,2026-03-20,BA010171,9820008761
A009401,S09401,Merit Scholarship,24612,Verified,2026-03-18,BA010172,9820008762
A009402,S09402,Post-Matric Technical,11368,Verified,2026-03-25,BA010173,9820008763
A009403,S09403,Merit Scholarship,21448,Verified,2026-03-23,BA010174,9820008764
A009404,S09404,SC/ST Welfare Scheme,20121,Verified,2026-03-18,BA010175,9820008765
A009405,S09405,Post-Matric Technical,19503,Verified,2026-03-23,BA010176,9820008766
A009406,S09406,SC/ST Welfare Scheme,13545,Verified,2026-03-25,BA010177,9820008767
A009407,S09407,Minority Welfare,17062,Verified,2026-03-18,BA010178,9820008768
A009408,S09408,Minority Welfare,10523,Verified,2026-03-26,BA010179,9820008769
A009409,S09409,Minority Welfare,14060,Verified,2026-03-28,BA010180,9820008770
A009410,S09410,Merit Scholarship,21019,Verified,2026-03-25,BA010181,9820008771
A009411,S09411,Minority Welfare,11122,Verified,2026-03-20,BA010182,9820008772
A009412,S09412,Post-Matric Technical,19890,Verified,2026-03-16,BA010183,9820008773
A009413,S09413,Minority Welfare,14916,Verified,2026-03-26,BA010184,9820008774
A009414,S09414,Minority Welfare,9454,Verified,2026-03-18,BA010185,9820008775
A009415,S09415,Minority Welfare,17026,Verified,2026-03-16,BA010186,9820008776
A009416,S09416,Post-Matric Technical,11704,Verified,2026-03-27,BA010187,9820008777
A009417,S09417,Post-Matric Technical,15489,Verified,2026-03-25,BA010188,9820008778
A009418,S09418,Merit Scholarship,14197,Verified,2026-03-26,BA010189,9820008779
A009419,S09419,Merit Scholarship,16486,Verified,2026-03-14,BA010190,9820008780
A009420,S09420,SC/ST Welfare Scheme,16002,Verified,2026-03-10,BA010191,9820008781
A009421,S09421,Minority Welfare,14560,Verified,2026-03-25,BA010192,9820008782
A009422,S09422,Post-Matric Technical,17177,Verified,2026-03-23,BA010193,9820008783
A009423,S09423,Merit Scholarship,18905,Verified,2026-03-12,BA010194,9820008784
A009424,S09424,Girl Child Assistance,14005,Verified,2026-03-24,BA010195,9820008785
A009425,S09425,Post-Matric Technical,13426,Verified,2026-03-21,BA010196,9820008786
A009426,S09426,SC/ST Welfare Scheme,18592,Verified,2026-03-17,BA010197,9820008787
A009427,S09427,Girl Child Assistance,10422,Verified,2026-03-20,BA010198,9820008788
A009428,S09428,Merit Scholarship,23346,Verified,2026-03-18,BA010199,9820008789
A009429,S09429,SC/ST Welfare Scheme,20799,Verified,2026-03-15,BA010200,9820008790
A009430,S09430,Girl Child Assistance,8354,Verified,2026-03-20,BA010201,9820008791
A009431,S09431,Post-Matric Technical,11377,Verified,2026-03-13,BA010202,9820008792
A009432,S09432,Minority Welfare,17130,Verified,2026-03-10,BA010203,9820008793
A009433,S09433,Merit Scholarship,23417,Verified,2026-03-28,BA010204,9820008794
A009434,S09434,SC/ST Welfare Scheme,22698,Verified,2026-03-24,BA010205,9820008795
A009435,S09435,Girl Child Assistance,11558,Verified,2026-03-28,BA010206,9820008796
A009436,S09436,Minority Welfare,8406,Verified,2026-03-26,BA010207,9820008797
A009437,S09437,SC/ST Welfare Scheme,19688,Verified,2026-03-12,BA010208,9820008798
A009438,S09438,Girl Child Assistance,7607,Verified,2026-03-26,BA010209,9820008799
A009439,S09439,Minority Welfare,8829,Verified,2026-03-16,BA010210,9820008800
A009440,S09440,Merit Scholarship,24418,Verified,2026-03-22,BA010211,9820008801
A009441,S09441,Post-Matric Technical,19447,Verified,2026-03-12,BA010212,9820008802
A009442,S09442,Post-Matric Technical,11133,Verified,2026-03-21,BA010213,9820008803
A009443,S09443,Merit Scholarship,20653,Verified,2026-03-21,BA010214,9820008804
A009444,S09444,SC/ST Welfare Scheme,12152,Verified,2026-03-18,BA010215,9820008805
A009445,S09445,Girl Child Assistance,11624,Verified,2026-03-15,BA010216,9820008806
A009446,S09446,SC/ST Welfare Scheme,19703,Verified,2026-03-17,BA010217,9820008807
A009447,S09447,Girl Child Assistance,13369,Verified,2026-03-15,BA010218,9820008808
A009448,S09448,Merit Scholarship,20094,Verified,2026-03-20,BA010219,9820008809
A009449,S09449,Post-Matric Technical,16911,Verified,2026-03-28,BA010220,9820008810
A009450,S09450,Post-Matric Technical,10974,Verified,2026-03-17,BA010221,9820008811
A009451,S09451,Minority Welfare,15549,Verified,2026-03-27,BA010222,9820008812
A009452,S09452,Post-Matric Technical,15428,Verified,2026-03-20,BA010223,9820008813
A009453,S09453,Merit Scholarship,15464,Verified,2026-03-28,BA010224,9820008814
A009454,S09454,Merit Scholarship,27434,Verified,2026-03-25,BA010225,9820008815
A009455,S09455,Merit Scholarship,16554,Verified,2026-03-13,BA010226,9820008816
A009456,S09456,Post-Matric Technical,18992,Verified,2026-03-17,BA010227,9820008817
A009457,S09457,Minority Welfare,8005,Verified,2026-03-27,BA010228,9820008818
A009458,S09458,SC/ST Welfare Scheme,16599,Verified,2026-03-10,BA010229,9820008819
A009459,S09459,Minority Welfare,10322,Verified,2026-03-24,BA010230,9820008820
A009460,S09460,Minority Welfare,16785,Verified,2026-03-21,BA010231,9820008821
A009461,S09461,Minority Welfare,19399,Verified,2026-03-20,BA010232,9820008822
A009462,S09462,Merit Scholarship,20530,Verified,2026-03-26,BA010233,9820008823
A009463,S09463,Post-Matric Technical,10081,Verified,2026-03-27,BA010234,9820008824
A009464,S09464,Minority Welfare,17243,Verified,2026-03-16,BA010235,9820008825
A009465,S09465,Girl Child Assistance,9728,Verified,2026-03-26,BA010236,9820008826
A009466,S09466,Post-Matric Technical,17580,Verified,2026-03-15,BA010237,9820008827
A009467,S09467,Minority Welfare,17846,Verified,2026-03-13,BA010238,9820008828
A009468,S09468,Merit Scholarship,23948,Verified,2026-03-24,BA010239,9820008829
A009469,S09469,Minority Welfare,14877,Verified,2026-03-22,BA010240,9820008830
A009470,S09470,Post-Matric Technical,13825,Verified,2026-03-16,BA010241,9820008831
A009471,S09471,SC/ST Welfare Scheme,14508,Verified,2026-03-20,BA010242,9820008832
A009472,S09472,SC/ST Welfare Scheme,12609,Verified,2026-03-25,BA010243,9820008833
A009473,S09473,Girl Child Assistance,11580,Verified,2026-03-11,BA010244,9820008834
A009474,S09474,Girl Child Assistance,11489,Verified,2026-03-21,BA010245,9820008835
A009475,S09475,Girl Child Assistance,12013,Verified,2026-03-11,BA010246,9820008836
A009476,S09476,Minority Welfare,14275,Verified,2026-03-16,BA010247,9820008837
A009477,S09477,Minority Welfare,12870,Verified,2026-03-28,BA010248,9820008838
A009478,S09478,Minority Welfare,11749,Verified,2026-03-17,BA010249,9820008839
A009479,S09479,Merit Scholarship,22582,Verified,2026-03-16,BA010250,9820008840
A009480,S09480,SC/ST Welfare Scheme,24205,Verified,2026-03-19,BA010251,9820008841
A009481,S09481,Minority Welfare,10366,Verified,2026-03-19,BA010252,9820008842
A009482,S09482,Merit Scholarship,25028,Verified,2026-03-21,BA010253,9820008843
A009483,S09483,SC/ST Welfare Scheme,17462,Verified,2026-03-24,BA010254,9820008844
A009484,S09484,SC/ST Welfare Scheme,22840,Verified,2026-03-19,BA010255,9820008845
A009485,S09485,Merit Scholarship,20096,Verified,2026-03-11,BA010256,9820008846
A009486,S09486,Post-Matric Technical,12830,Verified,2026-03-19,BA010257,9820008847
A009487,S09487,Merit Scholarship,25905,Verified,2026-03-17,BA010258,9820008848
A009488,S09488,Girl Child Assistance,7296,Verified,2026-03-10,BA010259,9820008849
A009489,S09489,SC/ST Welfare Scheme,20181,Verified,2026-03-25,BA010260,9820008850
A009490,S09490,Minority Welfare,11615,Verified,2026-03-21,BA010261,9820008851
A009491,S09491,Girl Child Assistance,9624,Verified,2026-03-17,BA010262,9820008852
A009492,S09492,Merit Scholarship,26337,Verified,2026-03-21,BA010263,9820008853
A009493,S09493,Post-Matric Technical,10104,Verified,2026-03-26,BA010264,9820008854
A009494,S09494,SC/ST Welfare Scheme,17110,Verified,2026-03-17,BA010265,9820008855
A009495,S09495,Girl Child Assistance,14568,Verified,2026-03-27,BA010266,9820008856
A009496,S09496,Girl Child Assistance,12700,Verified,2026-03-25,BA010267,9820008857
A009497,S09497,Girl Child Assistance,8751,Verified,2026-03-18,BA010268,9820008858
A009498,S09498,SC/ST Welfare Scheme,10314,Verified,2026-03-18,BA010269,9820008859
A009499,S09499,SC/ST Welfare Scheme,18995,Verified,2026-03-21,BA010270,9820008860
A009500,S09500,Minority Welfare,13233,Verified,2026-03-24,BA010271,9820008861
A009501,S09501,Minority Welfare,8665,Verified,2026-03-27,BA010272,9820008862
A009502,S09502,SC/ST Welfare Scheme,19912,Verified,2026-03-25,BA010273,9820008863
A009503,S09503,SC/ST Welfare Scheme,12662,Verified,2026-03-18,BA010274,9820008864
A009504,S09504,Girl Child Assistance,12856,Verified,2026-03-24,BA010275,9820008865
A009505,S09505,Merit Scholarship,23300,Verified,2026-03-14,BA010276,9820008866
A009506,S09506,Post-Matric Technical,17901,Verified,2026-03-15,BA010277,9820008867
A009507,S09507,Minority Welfare,13430,Verified,2026-03-19,BA010278,9820008868
A009508,S09508,Post-Matric Technical,12755,Verified,2026-03-26,BA010279,9820008869
A009509,S09509,Merit Scholarship,13051,Verified,2026-03-12,BA010280,9820008870
A009510,S09510,Girl Child Assistance,7127,Verified,2026-03-23,BA010281,9820008871
A009511,S09511,SC/ST Welfare Scheme,23668,Verified,2026-03-24,BA010282,9820008872
A009512,S09512,SC/ST Welfare Scheme,17765,Verified,2026-03-23,BA010283,9820008873
A009513,S09513,Merit Scholarship,29508,Verified,2026-03-14,BA010284,9820008874
A009514,S09514,SC/ST Welfare Scheme,13260,Verified,2026-03-26,BA010285,9820008875
A009515,S09515,Minority Welfare,15932,Verified,2026-03-12,BA010286,9820008876
A009516,S09516,Post-Matric Technical,17449,Verified,2026-03-19,BA010287,9820008877
A009517,S09517,Post-Matric Technical,15655,Verified,2026-03-13,BA010288,9820008878
A009518,S09518,Merit Scholarship,12489,Verified,2026-03-28,BA010289,9820008879
A009519,S09519,SC/ST Welfare Scheme,19650,Verified,2026-03-13,BA010290,9820008880
A009520,S09520,Post-Matric Technical,17031,Verified,2026-03-22,BA010291,9820008881
A009521,S09521,SC/ST Welfare Scheme,14670,Verified,2026-03-21,BA010292,9820008882
A009522,S09522,Minority Welfare,10668,Verified,2026-03-12,BA010293,9820008883
A009523,S09523,Girl Child Assistance,13658,Verified,2026-03-19,BA010294,9820008884
A009524,S09524,Girl Child Assistance,11199,Verified,2026-03-14,BA010295,9820008885
A009525,S09525,Girl Child Assistance,14552,Verified,2026-03-14,BA010296,9820008886
A009526,S09526,SC/ST Welfare Scheme,17885,Verified,2026-03-24,BA010297,9820008887
A009527,S09527,Minority Welfare,15393,Verified,2026-03-28,BA010298,9820008888
A009528,S09528,Girl Child Assistance,7072,Verified,2026-03-27,BA010299,9820008889
A009529,S09529,Minority Welfare,14057,Verified,2026-03-21,BA010300,9820008890
A009530,S09530,SC/ST Welfare Scheme,24878,Verified,2026-03-13,BA010301,9820008891
A009531,S09531,Minority Welfare,12885,Verified,2026-03-15,BA010302,9820008892
A009532,S09532,Merit Scholarship,29491,Verified,2026-03-21,BA010303,9820008893
A009533,S09533,SC/ST Welfare Scheme,22428,Verified,2026-03-16,BA010304,9820008894
A009534,S09534,Post-Matric Technical,14968,Verified,2026-03-18,BA010305,9820008895
A009535,S09535,Merit Scholarship,20306,Verified,2026-03-27,BA010306,9820008896
A009536,S09536,Girl Child Assistance,12752,Verified,2026-03-21,BA010307,9820008897
A009537,S09537,Minority Welfare,16106,Verified,2026-03-17,BA010308,9820008898
A009538,S09538,Merit Scholarship,25159,Verified,2026-03-13,BA010309,9820008899
A009539,S09539,Minority Welfare,14264,Verified,2026-03-27,BA010310,9820008900
A009540,S09540,Post-Matric Technical,12792,Verified,2026-03-19,BA010311,9820008901
A009541,S09541,Merit Scholarship,25233,Verified,2026-03-24,BA010312,9820008902
A009542,S09542,Post-Matric Technical,12780,Verified,2026-03-12,BA010313,9820008903
A009543,S09543,SC/ST Welfare Scheme,17700,Verified,2026-03-22,BA010314,9820008904
A009544,S09544,SC/ST Welfare Scheme,11722,Verified,2026-03-11,BA010315,9820008905
A009545,S09545,Girl Child Assistance,14331,Verified,2026-03-15,BA010316,9820008906
A009546,S09546,Minority Welfare,10157,Verified,2026-03-24,BA010317,9820008907
A009547,S09547,Girl Child Assistance,9007,Verified,2026-03-27,BA010318,9820008908
A009548,S09548,Girl Child Assistance,12274,Verified,2026-03-26,BA010319,9820008909
A009549,S09549,Minority Welfare,14827,Verified,2026-03-11,BA010320,9820008910
A009550,S09550,Minority Welfare,14004,Verified,2026-03-22,BA010321,9820008911
A009551,S09551,SC/ST Welfare Scheme,11888,Verified,2026-03-17,BA010322,9820008912
A009552,S09552,Girl Child Assistance,7502,Verified,2026-03-23,BA010323,9820008913
A009553,S09553,SC/ST Welfare Scheme,18372,Verified,2026-03-23,BA010324,9820008914
A009554,S09554,Minority Welfare,10716,Verified,2026-03-21,BA010325,9820008915
A009555,S09555,Minority Welfare,15895,Verified,2026-03-11,BA010326,9820008916
A009556,S09556,Post-Matric Technical,13373,Verified,2026-03-25,BA010327,9820008917
A009557,S09557,Post-Matric Technical,15018,Verified,2026-03-17,BA010328,9820008918
A009558,S09558,Post-Matric Technical,15789,Verified,2026-03-26,BA010329,9820008919
A009559,S09559,Merit Scholarship,20524,Verified,2026-03-24,BA010330,9820008920
A009560,S09560,Girl Child Assistance,8536,Verified,2026-03-16,BA010331,9820008921
A009561,S09561,Post-Matric Technical,21199,Verified,2026-03-20,BA010332,9820008922
A009562,S09562,Minority Welfare,15936,Verified,2026-03-13,BA010333,9820008923
A009563,S09563,Post-Matric Technical,18116,Verified,2026-03-18,BA010334,9820008924
A009564,S09564,SC/ST Welfare Scheme,17172,Verified,2026-03-23,BA010335,9820008925
A009565,S09565,SC/ST Welfare Scheme,21374,Verified,2026-03-15,BA010336,9820008926
A009566,S09566,Post-Matric Technical,13122,Verified,2026-03-17,BA010337,9820008927
A009567,S09567,Merit Scholarship,15914,Verified,2026-03-14,BA010338,9820008928
A009568,S09568,Post-Matric Technical,17076,Verified,2026-03-16,BA010339,9820008929
A009569,S09569,Minority Welfare,10536,Verified,2026-03-18,BA010340,9820008930
A009570,S09570,SC/ST Welfare Scheme,18723,Verified,2026-03-11,BA010341,9820008931
A009571,S09571,Girl Child Assistance,8226,Verified,2026-03-18,BA010342,9820008932
A009572,S09572,Minority Welfare,16762,Verified,2026-03-20,BA010343,9820008933
A009573,S09573,Merit Scholarship,20812,Verified,2026-03-11,BA010344,9820008934
A009574,S09574,Minority Welfare,13144,Verified,2026-03-28,BA010345,9820008935
A009575,S09575,Girl Child Assistance,14321,Verified,2026-03-25,BA010346,9820008936
A009576,S09576,Girl Child Assistance,11273,Verified,2026-03-23,BA010347,9820008937
A009577,S09577,Girl Child Assistance,7734,Verified,2026-03-24,BA010348,9820008938
A009578,S09578,Girl Child Assistance,8798,Verified,2026-03-23,BA010349,9820008939
A009579,S09579,Merit Scholarship,13978,Verified,2026-03-24,BA010350,9820008940
A009580,S09580,SC/ST Welfare Scheme,17686,Verified,2026-03-25,BA010351,9820008941
A009581,S09581,SC/ST Welfare Scheme,20639,Verified,2026-03-18,BA010352,9820008942
A009582,S09582,Post-Matric Technical,14460,Verified,2026-03-24,BA010353,9820008943
A009583,S09583,Post-Matric Technical,15970,Verified,2026-03-10,BA010354,9820008944
A009584,S09584,Post-Matric Technical,20678,Verified,2026-03-11,BA010355,9820008945
A009585,S09585,Minority Welfare,9038,Verified,2026-03-22,BA010356,9820008946
A009586,S09586,SC/ST Welfare Scheme,24209,Verified,2026-03-15,BA010357,9820008947
A009587,S09587,Post-Matric Technical,15165,Verified,2026-03-18,BA010358,9820008948
A009588,S09588,Girl Child Assistance,7089,Verified,2026-03-10,BA010359,9820008949
A009589,S09589,Post-Matric Technical,16283,Verified,2026-03-24,BA010360,9820008950
A009590,S09590,Minority Welfare,16362,Verified,2026-03-21,BA010361,9820008951
A009591,S09591,SC/ST Welfare Scheme,13353,Verified,2026-03-28,BA010362,9820008952
A009592,S09592,SC/ST Welfare Scheme,11288,Verified,2026-03-22,BA010363,9820008953
A009593,S09593,Girl Child Assistance,11892,Verified,2026-03-25,BA010364,9820008954
A009594,S09594,Girl Child Assistance,9981,Verified,2026-03-13,BA010365,9820008955
A009595,S09595,SC/ST Welfare Scheme,11001,Verified,2026-03-11,BA010366,9820008956
A009596,S09596,Girl Child Assistance,13399,Verified,2026-03-11,BA010367,9820008957
A009597,S09597,Minority Welfare,15415,Verified,2026-03-16,BA010368,9820008958
A009598,S09598,Minority Welfare,19319,Verified,2026-03-20,BA010369,9820008959
A009599,S09599,Minority Welfare,10010,Verified,2026-03-27,BA010370,9820008960
A009600,S09600,Minority Welfare,13710,Verified,2026-03-20,BA010371,9820008961
A009601,S09601,Minority Welfare,19904,Verified,2026-03-12,BA010372,9820008962
A009602,S09602,Post-Matric Technical,17557,Verified,2026-03-23,BA010373,9820008963
A009603,S09603,Merit Scholarship,28374,Verified,2026-03-20,BA010374,9820008964
A009604,S09604,Merit Scholarship,12552,Verified,2026-03-26,BA010375,9820008965
A009605,S09605,Merit Scholarship,27523,Verified,2026-03-16,BA010376,9820008966
A009606,S09606,Girl Child Assistance,14803,Verified,2026-03-12,BA010377,9820008967
A009607,S09607,Merit Scholarship,15706,Verified,2026-03-18,BA010378,9820008968
A009608,S09608,Minority Welfare,14651,Verified,2026-03-19,BA010379,9820008969
A009609,S09609,Merit Scholarship,27257,Verified,2026-03-18,BA010380,9820008970
A009610,S09610,Girl Child Assistance,8632,Verified,2026-03-23,BA010381,9820008971
A009611,S09611,Merit Scholarship,28654,Verified,2026-03-19,BA010382,9820008972
A009612,S09612,Minority Welfare,18602,Verified,2026-03-23,BA010383,9820008973
A009613,S09613,Post-Matric Technical,15070,Verified,2026-03-16,BA010384,9820008974
A009614,S09614,Minority Welfare,8612,Verified,2026-03-25,BA010385,9820008975
A009615,S09615,Merit Scholarship,17438,Verified,2026-03-20,BA010386,9820008976
A009616,S09616,Merit Scholarship,19881,Verified,2026-03-15,BA010387,9820008977
A009617,S09617,Girl Child Assistance,7463,Verified,2026-03-20,BA010388,9820008978
A009618,S09618,Minority Welfare,17065,Verified,2026-03-24,BA010389,9820008979
A009619,S09619,Girl Child Assistance,13730,Verified,2026-03-10,BA010390,9820008980
A009620,S09620,Post-Matric Technical,17496,Verified,2026-03-16,BA010391,9820008981
A009621,S09621,Girl Child Assistance,8762,Verified,2026-03-27,BA010392,9820008982
A009622,S09622,Post-Matric Technical,9087,Verified,2026-03-19,BA010393,9820008983
A009623,S09623,Minority Welfare,8778,Verified,2026-03-15,BA010394,9820008984
A009624,S09624,Post-Matric Technical,18478,Verified,2026-03-27,BA010395,9820008985
A009625,S09625,SC/ST Welfare Scheme,14724,Verified,2026-03-20,BA010396,9820008986
A009626,S09626,Girl Child Assistance,9543,Verified,2026-03-26,BA010397,9820008987
A009627,S09627,SC/ST Welfare Scheme,10829,Verified,2026-03-21,BA010398,9820008988
A009628,S09628,SC/ST Welfare Scheme,22058,Verified,2026-03-13,BA010399,9820008989
A009629,S09629,Girl Child Assistance,14226,Verified,2026-03-26,BA010400,9820008990
A009630,S09630,SC/ST Welfare Scheme,20962,Verified,2026-03-24,BA010401,9820008991
A009631,S09631,Merit Scholarship,23157,Verified,2026-03-18,BA010402,9820008992
A009632,S09632,Girl Child Assistance,13568,Verified,2026-03-16,BA010403,9820008993
A009633,S09633,Merit Scholarship,21013,Verified,2026-03-15,BA010404,9820008994
A009634,S09634,SC/ST Welfare Scheme,13830,Verified,2026-03-27,BA010405,9820008995
A009635,S09635,SC/ST Welfare Scheme,13312,Verified,2026-03-20,BA010406,9820008996
A009636,S09636,Minority Welfare,10275,Verified,2026-03-16,BA010407,9820008997
A009637,S09637,Merit Scholarship,29741,Verified,2026-03-25,BA010408,9820008998
A009638,S09638,Post-Matric Technical,20094,Verified,2026-03-22,BA010409,9820008999
A009639,S09639,SC/ST Welfare Scheme,12509,Verified,2026-03-17,BA010410,9820009000
A009640,S09640,Merit Scholarship,21672,Verified,2026-03-26,BA010411,9820009001
A009641,S09641,Merit Scholarship,29189,Verified,2026-03-18,BA010412,9820009002
A009642,S09642,Post-Matric Technical,18185,Verified,2026-03-24,BA010413,9820009003
A009643,S09643,Post-Matric Technical,16524,Verified,2026-03-28,BA010414,9820009004
A009644,S09644,Merit Scholarship,20167,Verified,2026-03-11,BA010415,9820009005
A009645,S09645,Post-Matric Technical,13154,Verified,2026-03-16,BA010416,9820009006
A009646,S09646,Post-Matric Technical,19823,Verified,2026-03-24,BA010417,9820009007
A009647,S09647,SC/ST Welfare Scheme,14995,Verified,2026-03-13,BA010418,9820009008
A009648,S09648,SC/ST Welfare Scheme,20591,Verified,2026-03-13,BA010419,9820009009
A009649,S09649,Girl Child Assistance,11880,Verified,2026-03-24,BA010420,9820009010
A009650,S09650,SC/ST Welfare Scheme,24414,Verified,2026-03-27,BA010421,9820009011
A009651,S09651,Minority Welfare,19742,Verified,2026-03-10,BA010422,9820009012
A009652,S09652,Post-Matric Technical,11740,Verified,2026-03-11,BA010423,9820009013
A009653,S09653,SC/ST Welfare Scheme,20716,Verified,2026-03-20,BA010424,9820009014
A009654,S09654,SC/ST Welfare Scheme,21449,Verified,2026-03-25,BA010425,9820009015
A009655,S09655,Post-Matric Technical,10450,Verified,2026-03-17,BA010426,9820009016
A009656,S09656,Post-Matric Technical,20487,Verified,2026-03-23,BA010427,9820009017
A009657,S09657,SC/ST Welfare Scheme,21703,Verified,2026-03-22,BA010428,9820009018
A009658,S09658,Post-Matric Technical,15239,Verified,2026-03-20,BA010429,9820009019
A009659,S09659,Girl Child Assistance,10768,Verified,2026-03-19,BA010430,9820009020
A009660,S09660,Post-Matric Technical,12684,Verified,2026-03-24,BA010431,9820009021
A009661,S09661,Merit Scholarship,19601,Verified,2026-03-10,BA010432,9820009022
A009662,S09662,Girl Child Assistance,11892,Verified,2026-03-16,BA010433,9820009023
A009663,S09663,Minority Welfare,15937,Verified,2026-03-27,BA010434,9820009024
A009664,S09664,Minority Welfare,12191,Verified,2026-03-23,BA010435,9820009025
A009665,S09665,Merit Scholarship,28585,Verified,2026-03-16,BA010436,9820009026
A009666,S09666,Minority Welfare,13796,Verified,2026-03-18,BA010437,9820009027
A009667,S09667,Girl Child Assistance,10480,Verified,2026-03-13,BA010438,9820009028
A009668,S09668,Post-Matric Technical,18072,Verified,2026-03-16,BA010439,9820009029
A009669,S09669,Post-Matric Technical,15241,Verified,2026-03-21,BA010440,9820009030
A009670,S09670,Girl Child Assistance,9675,Verified,2026-03-23,BA010441,9820009031
A009671,S09671,Post-Matric Technical,12658,Verified,2026-03-27,BA010442,9820009032
A009672,S09672,Merit Scholarship,24290,Verified,2026-03-25,BA010443,9820009033
A009673,S09673,Post-Matric Technical,13990,Verified,2026-03-16,BA010444,9820009034
A009674,S09674,SC/ST Welfare Scheme,19736,Verified,2026-03-27,BA010445,9820009035
A009675,S09675,Minority Welfare,10715,Verified,2026-03-28,BA010446,9820009036
A009676,S09676,Minority Welfare,16570,Verified,2026-03-10,BA010447,9820009037
A009677,S09677,Girl Child Assistance,13413,Verified,2026-03-17,BA010448,9820009038
A009678,S09678,Post-Matric Technical,16116,Verified,2026-03-17,BA010449,9820009039
A009679,S09679,Minority Welfare,11297,Verified,2026-03-12,BA010450,9820009040
A009680,S09680,Merit Scholarship,21438,Verified,2026-03-23,BA010451,9820009041
A009681,S09681,Merit Scholarship,20947,Verified,2026-03-22,BA010452,9820009042
A009682,S09682,SC/ST Welfare Scheme,16767,Verified,2026-03-14,BA010453,9820009043
A009683,S09683,Girl Child Assistance,11556,Verified,2026-03-14,BA010454,9820009044
A009684,S09684,Girl Child Assistance,7547,Verified,2026-03-10,BA010455,9820009045
A009685,S09685,Post-Matric Technical,14263,Verified,2026-03-26,BA010456,9820009046
A009686,S09686,Minority Welfare,9735,Verified,2026-03-18,BA010457,9820009047
A009687,S09687,Minority Welfare,14351,Verified,2026-03-10,BA010458,9820009048
A009688,S09688,SC/ST Welfare Scheme,22654,Verified,2026-03-24,BA010459,9820009049
A009689,S09689,Post-Matric Technical,13654,Verified,2026-03-22,BA010460,9820009050
A009690,S09690,SC/ST Welfare Scheme,17160,Verified,2026-03-23,BA010461,9820009051
A009691,S09691,SC/ST Welfare Scheme,20114,Verified,2026-03-11,BA010462,9820009052
A009692,S09692,SC/ST Welfare Scheme,13428,Verified,2026-03-26,BA010463,9820009053
A009693,S09693,Merit Scholarship,21756,Verified,2026-03-18,BA010464,9820009054
A009694,S09694,Minority Welfare,12238,Verified,2026-03-12,BA010465,9820009055
A009695,S09695,Post-Matric Technical,12079,Verified,2026-03-12,BA010466,9820009056
A009696,S09696,Minority Welfare,18460,Verified,2026-03-25,BA010467,9820009057
A009697,S09697,Girl Child Assistance,10615,Verified,2026-03-21,BA010468,9820009058
A009698,S09698,Minority Welfare,16541,Verified,2026-03-12,BA010469,9820009059
A009699,S09699,Post-Matric Technical,15230,Verified,2026-03-23,BA010470,9820009060
A009700,S09700,Post-Matric Technical,21953,Verified,2026-03-27,BA010471,9820009061
A009701,S09701,SC/ST Welfare Scheme,11032,Verified,2026-03-26,BA010472,9820009062
A009702,S09702,Post-Matric Technical,18396,Verified,2026-03-23,BA010473,9820009063
A009703,S09703,Girl Child Assistance,14035,Verified,2026-03-28,BA010474,9820009064
A009704,S09704,Post-Matric Technical,15143,Verified,2026-03-13,BA010475,9820009065
A009705,S09705,Post-Matric Technical,10476,Verified,2026-03-20,BA010476,9820009066
A009706,S09706,Merit Scholarship,23861,Verified,2026-03-24,BA010477,9820009067
A009707,S09707,Post-Matric Technical,13339,Verified,2026-03-19,BA010478,9820009068
A009708,S09708,SC/ST Welfare Scheme,15161,Verified,2026-03-24,BA010479,9820009069
A009709,S09709,Girl Child Assistance,8637,Verified,2026-03-19,BA010480,9820009070
A009710,S09710,Merit Scholarship,16311,Verified,2026-03-28,BA010481,9820009071
A009711,S09711,Post-Matric Technical,19667,Verified,2026-03-15,BA010482,9820009072
A009712,S09712,Post-Matric Technical,9814,Verified,2026-03-12,BA010483,9820009073
A009713,S09713,SC/ST Welfare Scheme,13825,Verified,2026-03-12,BA010484,9820009074
A009714,S09714,Post-Matric Technical,9108,Verified,2026-03-20,BA010485,9820009075
A009715,S09715,Girl Child Assistance,9412,Verified,2026-03-19,BA010486,9820009076
A009716,S09716,Post-Matric Technical,18972,Verified,2026-03-25,BA010487,9820009077
A009717,S09717,Minority Welfare,8241,Verified,2026-03-10,BA010488,9820009078
A009718,S09718,Girl Child Assistance,9894,Verified,2026-03-18,BA010489,9820009079
A009719,S09719,Minority Welfare,13365,Verified,2026-03-20,BA010490,9820009080
A009720,S09720,Minority Welfare,19463,Verified,2026-03-24,BA010491,9820009081
A009721,S09721,Girl Child Assistance,8149,Verified,2026-03-22,BA010492,9820009082
A009722,S09722,Girl Child Assistance,14776,Verified,2026-03-12,BA010493,9820009083
A009723,S09723,Post-Matric Technical,19797,Verified,2026-03-17,BA010494,9820009084
A009724,S09724,Minority Welfare,17997,Verified,2026-03-10,BA010495,9820009085
A009725,S09725,Minority Welfare,8021,Verified,2026-03-14,BA010496,9820009086
A009726,S09726,SC/ST Welfare Scheme,14671,Verified,2026-03-24,BA010497,9820009087
A009727,S09727,Girl Child Assistance,10365,Verified,2026-03-20,BA010498,9820009088
A009728,S09728,Merit Scholarship,12319,Verified,2026-03-19,BA010499,9820009089
A009729,S09729,SC/ST Welfare Scheme,13732,Verified,2026-03-19,BA010500,9820009090
A009730,S09730,Minority Welfare,16770,Verified,2026-03-21,BA010501,9820009091
A009731,S09731,Post-Matric Technical,21905,Verified,2026-03-28,BA010502,9820009092
A009732,S09732,Minority Welfare,17892,Verified,2026-03-21,BA010503,9820009093
A009733,S09733,Girl Child Assistance,14400,Verified,2026-03-19,BA010504,9820009094
A009734,S09734,Merit Scholarship,13580,Verified,2026-03-20,BA010505,9820009095
A009735,S09735,Minority Welfare,15182,Verified,2026-03-27,BA010506,9820009096
A009736,S09736,SC/ST Welfare Scheme,22096,Verified,2026-03-14,BA010507,9820009097
A009737,S09737,Post-Matric Technical,13676,Verified,2026-03-14,BA010508,9820009098
A009738,S09738,Girl Child Assistance,14718,Verified,2026-03-10,BA010509,9820009099
A009739,S09739,Post-Matric Technical,12649,Verified,2026-03-28,BA010510,9820009100
A009740,S09740,Post-Matric Technical,20272,Verified,2026-03-12,BA010511,9820009101
A009741,S09741,Merit Scholarship,26483,Verified,2026-03-18,BA010512,9820009102
A009742,S09742,Minority Welfare,13007,Verified,2026-03-14,BA010513,9820009103
A009743,S09743,Minority Welfare,11374,Verified,2026-03-24,BA010514,9820009104
A009744,S09744,Girl Child Assistance,12955,Verified,2026-03-10,BA010515,9820009105
A009745,S09745,Merit Scholarship,20479,Verified,2026-03-21,BA010516,9820009106
A009746,S09746,SC/ST Welfare Scheme,10609,Verified,2026-03-28,BA010517,9820009107
A009747,S09747,Minority Welfare,9748,Verified,2026-03-14,BA010518,9820009108
A009748,S09748,SC/ST Welfare Scheme,24421,Verified,2026-03-12,BA010519,9820009109
A009749,S09749,Minority Welfare,17307,Verified,2026-03-10,BA010520,9820009110
A009750,S09750,Post-Matric Technical,12785,Verified,2026-03-23,BA010521,9820009111
A009751,S09751,SC/ST Welfare Scheme,22243,Verified,2026-03-26,BA010522,9820009112
A009752,S09752,Post-Matric Technical,9545,Verified,2026-03-22,BA010523,9820009113
A009753,S09753,Girl Child Assistance,7835,Verified,2026-03-10,BA010524,9820009114
A009754,S09754,SC/ST Welfare Scheme,12460,Verified,2026-03-12,BA010525,9820009115
A009755,S09755,Girl Child Assistance,14975,Verified,2026-03-22,BA010526,9820009116
A009756,S09756,Merit Scholarship,15212,Verified,2026-03-13,BA010527,9820009117
A009757,S09757,Girl Child Assistance,7453,Verified,2026-03-27,BA010528,9820009118
A009758,S09758,SC/ST Welfare Scheme,24564,Verified,2026-03-12,BA010529,9820009119
A009759,S09759,Minority Welfare,12001,Verified,2026-03-25,BA010530,9820009120
A009760,S09760,SC/ST Welfare Scheme,11316,Verified,2026-03-19,BA010531,9820009121
A009761,S09761,SC/ST Welfare Scheme,23092,Verified,2026-03-22,BA010532,9820009122
A009762,S09762,Post-Matric Technical,14399,Verified,2026-03-24,BA010533,9820009123
A009763,S09763,Girl Child Assistance,9254,Verified,2026-03-11,BA010534,9820009124
A009764,S09764,SC/ST Welfare Scheme,22996,Verified,2026-03-11,BA010535,9820009125
A009765,S09765,SC/ST Welfare Scheme,18594,Verified,2026-03-25,BA010536,9820009126
A009766,S09766,Post-Matric Technical,18642,Verified,2026-03-23,BA010537,9820009127
A009767,S09767,Girl Child Assistance,7777,Verified,2026-03-19,BA010538,9820009128
A009768,S09768,Merit Scholarship,27634,Verified,2026-03-20,BA010539,9820009129
A009769,S09769,Girl Child Assistance,8084,Verified,2026-03-26,BA010540,9820009130
A009770,S09770,Merit Scholarship,17582,Verified,2026-03-28,BA010541,9820009131
A009771,S09771,Minority Welfare,17506,Verified,2026-03-16,BA010542,9820009132
A009772,S09772,Minority Welfare,16325,Verified,2026-03-15,BA010543,9820009133
A009773,S09773,Minority Welfare,12858,Verified,2026-03-26,BA010544,9820009134
A009774,S09774,Minority Welfare,17932,Verified,2026-03-20,BA010545,9820009135
A009775,S09775,SC/ST Welfare Scheme,20984,Verified,2026-03-19,BA010546,9820009136
A009776,S09776,Merit Scholarship,18603,Verified,2026-03-13,BA010547,9820009137
A009777,S09777,Minority Welfare,18216,Verified,2026-03-25,BA010548,9820009138
A009778,S09778,SC/ST Welfare Scheme,11994,Verified,2026-03-28,BA010549,9820009139
A009779,S09779,Minority Welfare,14040,Verified,2026-03-25,BA010550,9820009140
A009780,S09780,Merit Scholarship,19155,Verified,2026-03-22,BA010551,9820009141
A009781,S09781,Girl Child Assistance,7109,Verified,2026-03-14,BA010552,9820009142
A009782,S09782,Girl Child Assistance,8786,Verified,2026-03-16,BA010553,9820009143
A009783,S09783,Girl Child Assistance,11922,Verified,2026-03-18,BA010554,9820009144
A009784,S09784,Post-Matric Technical,14917,Verified,2026-03-26,BA010555,9820009145
A009785,S09785,Post-Matric Technical,12455,Verified,2026-03-13,BA010556,9820009146
A009786,S09786,Girl Child Assistance,8538,Verified,2026-03-23,BA010557,9820009147
A009787,S09787,SC/ST Welfare Scheme,15655,Verified,2026-03-11,BA010558,9820009148
A009788,S09788,Minority Welfare,17399,Verified,2026-03-27,BA010559,9820009149
A009789,S09789,SC/ST Welfare Scheme,22560,Verified,2026-03-22,BA010560,9820009150
A009790,S09790,Minority Welfare,19988,Verified,2026-03-23,BA010561,9820009151
A009791,S09791,Merit Scholarship,23258,Verified,2026-03-25,BA010562,9820009152
A009792,S09792,Merit Scholarship,15925,Verified,2026-03-26,BA010563,9820009153
A009793,S09793,Post-Matric Technical,17567,Verified,2026-03-24,BA010564,9820009154
A009794,S09794,Girl Child Assistance,13270,Verified,2026-03-22,BA010565,9820009155
A009795,S09795,Merit Scholarship,18390,Verified,2026-03-15,BA010566,9820009156
A009796,S09796,Girl Child Assistance,11458,Verified,2026-03-25,BA010567,9820009157
A009797,S09797,Merit Scholarship,22960,Verified,2026-03-26,BA010568,9820009158
A009798,S09798,Post-Matric Technical,9496,Verified,2026-03-14,BA010569,9820009159
A009799,S09799,Girl Child Assistance,12723,Verified,2026-03-22,BA010570,9820009160
A009800,S09800,Merit Scholarship,12501,Verified,2026-03-12,BA010571,9820009161
A009801,S09801,Girl Child Assistance,8220,Verified,2026-03-21,BA010572,9820009162
A009802,S09802,SC/ST Welfare Scheme,18488,Verified,2026-03-28,BA010573,9820009163
A009803,S09803,Post-Matric Technical,9842,Verified,2026-03-25,BA010574,9820009164
A009804,S09804,Girl Child Assistance,14220,Verified,2026-03-23,BA010575,9820009165
A009805,S09805,Merit Scholarship,24132,Verified,2026-03-24,BA010576,9820009166
A009806,S09806,Girl Child Assistance,9763,Verified,2026-03-25,BA010577,9820009167
A009807,S09807,SC/ST Welfare Scheme,19963,Verified,2026-03-19,BA010578,9820009168
A009808,S09808,Girl Child Assistance,10704,Verified,2026-03-24,BA010579,9820009169
A009809,S09809,SC/ST Welfare Scheme,11968,Verified,2026-03-24,BA010580,9820009170
A009810,S09810,SC/ST Welfare Scheme,24173,Verified,2026-03-25,BA010581,9820009171
A009811,S09811,Post-Matric Technical,14447,Verified,2026-03-27,BA010582,9820009172
A009812,S09812,Merit Scholarship,27641,Verified,2026-03-19,BA010583,9820009173
A009813,S09813,SC/ST Welfare Scheme,21524,Verified,2026-03-13,BA010584,9820009174
A009814,S09814,SC/ST Welfare Scheme,19166,Verified,2026-03-26,BA010585,9820009175
A009815,S09815,Girl Child Assistance,14949,Verified,2026-03-26,BA010586,9820009176
A009816,S09816,Minority Welfare,18281,Verified,2026-03-19,BA010587,9820009177
A009817,S09817,Merit Scholarship,13981,Verified,2026-03-18,BA010588,9820009178
A009818,S09818,Girl Child Assistance,12636,Verified,2026-03-26,BA010589,9820009179
A009819,S09819,SC/ST Welfare Scheme,23643,Verified,2026-03-16,BA010590,9820009180
A009820,S09820,Merit Scholarship,18964,Verified,2026-03-15,BA010591,9820009181
A009821,S09821,Girl Child Assistance,8327,Verified,2026-03-12,BA010592,9820009182
A009822,S09822,Girl Child Assistance,9004,Verified,2026-03-28,BA010593,9820009183
A009823,S09823,SC/ST Welfare Scheme,14792,Verified,2026-03-21,BA010594,9820009184
A009824,S09824,Post-Matric Technical,21026,Verified,2026-03-14,BA010595,9820009185
A009825,S09825,Minority Welfare,15357,Verified,2026-03-14,BA010596,9820009186
A009826,S09826,Post-Matric Technical,15429,Verified,2026-03-22,BA010597,9820009187
A009827,S09827,Minority Welfare,14498,Verified,2026-03-21,BA010598,9820009188
A009828,S09828,Minority Welfare,12064,Verified,2026-03-24,BA010599,9820009189
A009829,S09829,SC/ST Welfare Scheme,13023,Verified,2026-03-11,BA010600,9820009190
A009830,S09830,SC/ST Welfare Scheme,20457,Verified,2026-03-19,BA010601,9820009191
A009831,S09831,SC/ST Welfare Scheme,16903,Verified,2026-03-16,BA010602,9820009192
A009832,S09832,SC/ST Welfare Scheme,17907,Verified,2026-03-11,BA010603,9820009193
A009833,S09833,SC/ST Welfare Scheme,21615,Verified,2026-03-23,BA010604,9820009194
A009834,S09834,Merit Scholarship,29828,Verified,2026-03-27,BA010605,9820009195
A009835,S09835,Post-Matric Technical,19087,Verified,2026-03-27,BA010606,9820009196
A009836,S09836,Merit Scholarship,22965,Verified,2026-03-10,BA010607,9820009197
A009837,S09837,Girl Child Assistance,7095,Verified,2026-03-24,BA010608,9820009198
A009838,S09838,Post-Matric Technical,14513,Verified,2026-03-23,BA010609,9820009199
A009839,S09839,Minority Welfare,11443,Verified,2026-03-11,BA010610,9820009200
A009840,S09840,Post-Matric Technical,11523,Verified,2026-03-14,BA010611,9820009201
A009841,S09841,Minority Welfare,9195,Verified,2026-03-11,BA010612,9820009202
A009842,S09842,Merit Scholarship,22359,Verified,2026-03-12,BA010613,9820009203
A009843,S09843,Girl Child Assistance,14634,Verified,2026-03-19,BA010614,9820009204
A009844,S09844,SC/ST Welfare Scheme,21413,Verified,2026-03-13,BA010615,9820009205
A009845,S09845,SC/ST Welfare Scheme,22558,Verified,2026-03-17,BA010616,9820009206
A009846,S09846,Merit Scholarship,28959,Verified,2026-03-10,BA010617,9820009207
A009847,S09847,SC/ST Welfare Scheme,14834,Verified,2026-03-25,BA010618,9820009208
A009848,S09848,Merit Scholarship,28228,Verified,2026-03-27,BA010619,9820009209
A009849,S09849,Girl Child Assistance,7406,Verified,2026-03-14,BA010620,9820009210
A009850,S09850,Minority Welfare,18559,Verified,2026-03-22,BA010621,9820009211
A009851,S09851,Post-Matric Technical,21782,Verified,2026-03-21,BA010622,9820009212
A009852,S09852,Girl Child Assistance,8834,Verified,2026-03-17,BA010623,9820009213
A009853,S09853,Girl Child Assistance,14957,Verified,2026-03-15,BA010624,9820009214
A009854,S09854,Post-Matric Technical,19761,Verified,2026-03-16,BA010625,9820009215
A009855,S09855,Merit Scholarship,17963,Verified,2026-03-19,BA010626,9820009216
A009856,S09856,Girl Child Assistance,10754,Verified,2026-03-28,BA010627,9820009217
A009857,S09857,SC/ST Welfare Scheme,16344,Verified,2026-03-28,BA010628,9820009218
A009858,S09858,Post-Matric Technical,21969,Verified,2026-03-26,BA010629,9820009219
A009859,S09859,Girl Child Assistance,13681,Verified,2026-03-16,BA010630,9820009220
A009860,S09860,SC/ST Welfare Scheme,22629,Verified,2026-03-19,BA010631,9820009221
A009861,S09861,Girl Child Assistance,8132,Verified,2026-03-15,BA010632,9820009222
A009862,S09862,SC/ST Welfare Scheme,16295,Verified,2026-03-24,BA010633,9820009223
A009863,S09863,Post-Matric Technical,20160,Verified,2026-03-17,BA010634,9820009224
A009864,S09864,Minority Welfare,14979,Verified,2026-03-11,BA010635,9820009225
A009865,S09865,Minority Welfare,8411,Verified,2026-03-15,BA010636,9820009226
A009866,S09866,Girl Child Assistance,8234,Verified,2026-03-23,BA010637,9820009227
A009867,S09867,Minority Welfare,14187,Verified,2026-03-14,BA010638,9820009228
A009868,S09868,SC/ST Welfare Scheme,22896,Verified,2026-03-13,BA010639,9820009229
A009869,S09869,Girl Child Assistance,12428,Verified,2026-03-28,BA010640,9820009230
A009870,S09870,SC/ST Welfare Scheme,15922,Verified,2026-03-10,BA010641,9820009231
A009871,S09871,Minority Welfare,15800,Verified,2026-03-13,BA010642,9820009232
A009872,S09872,Minority Welfare,18679,Verified,2026-03-26,BA010643,9820009233
A009873,S09873,Merit Scholarship,22724,Verified,2026-03-11,BA010644,9820009234
A009874,S09874,Girl Child Assistance,7365,Verified,2026-03-10,BA010645,9820009235
A009875,S09875,Post-Matric Technical,14176,Verified,2026-03-25,BA010646,9820009236
A009876,S09876,Girl Child Assistance,14969,Verified,2026-03-23,BA010647,9820009237
A009877,S09877,Minority Welfare,18136,Verified,2026-03-17,BA010648,9820009238
A009878,S09878,Minority Welfare,16775,Verified,2026-03-19,BA010649,9820009239
A009879,S09879,Girl Child Assistance,11629,Verified,2026-03-14,BA010650,9820009240
A009880,S09880,Girl Child Assistance,10117,Verified,2026-03-22,BA010651,9820009241
A009881,S09881,Minority Welfare,9813,Verified,2026-03-13,BA010652,9820009242
A009882,S09882,Post-Matric Technical,13604,Verified,2026-03-26,BA010653,9820009243
A009883,S09883,Girl Child Assistance,8051,Verified,2026-03-25,BA010654,9820009244
A009884,S09884,SC/ST Welfare Scheme,12900,Verified,2026-03-20,BA010655,9820009245
A009885,S09885,Merit Scholarship,15611,Verified,2026-03-13,BA010656,9820009246
A009886,S09886,SC/ST Welfare Scheme,24190,Verified,2026-03-27,BA010657,9820009247
A009887,S09887,Merit Scholarship,13908,Verified,2026-03-13,BA010658,9820009248
A009888,S09888,Merit Scholarship,15367,Verified,2026-03-19,BA010659,9820009249
A009889,S09889,Minority Welfare,16777,Verified,2026-03-20,BA010660,9820009250
A009890,S09890,Merit Scholarship,17506,Verified,2026-03-11,BA010661,9820009251
A009891,S09891,Post-Matric Technical,12522,Verified,2026-03-20,BA010662,9820009252
A009892,S09892,Minority Welfare,10455,Verified,2026-03-26,BA010663,9820009253
A009893,S09893,SC/ST Welfare Scheme,14297,Verified,2026-03-25,BA010664,9820009254
A009894,S09894,Post-Matric Technical,16513,Verified,2026-03-10,BA010665,9820009255
A009895,S09895,Minority Welfare,15339,Verified,2026-03-27,BA010666,9820009256
A009896,S09896,Post-Matric Technical,19181,Verified,2026-03-13,BA010667,9820009257
A009897,S09897,Post-Matric Technical,14600,Verified,2026-03-17,BA010668,9820009258
A009898,S09898,Post-Matric Technical,11680,Verified,2026-03-20,BA010669,9820009259
A009899,S09899,Girl Child Assistance,14793,Verified,2026-03-28,BA010670,9820009260
A009900,S09900,Post-Matric Technical,16646,Verified,2026-03-24,BA010671,9820009261
A009901,S09901,SC/ST Welfare Scheme,10046,Verified,2026-03-16,BA010672,9820009262
A009902,S09902,Girl Child Assistance,14269,Verified,2026-03-18,BA010673,9820009263
A009903,S09903,Girl Child Assistance,11644,Verified,2026-03-26,BA010674,9820009264
A009904,S09904,Merit Scholarship,19171,Verified,2026-03-16,BA010675,9820009265
A009905,S09905,Post-Matric Technical,19817,Verified,2026-03-14,BA010676,9820009266
A009906,S09906,Minority Welfare,11901,Verified,2026-03-27,BA010677,9820009267
A009907,S09907,Merit Scholarship,19321,Verified,2026-03-12,BA010678,9820009268
A009908,S09908,Minority Welfare,15398,Verified,2026-03-18,BA010679,9820009269
A009909,S09909,Minority Welfare,11971,Verified,2026-03-27,BA010680,9820009270
A009910,S09910,Girl Child Assistance,9983,Verified,2026-03-20,BA010681,9820009271
A009911,S09911,Post-Matric Technical,16242,Verified,2026-03-13,BA010682,9820009272
A009912,S09912,Girl Child Assistance,7660,Verified,2026-03-25,BA010683,9820009273
A009913,S09913,SC/ST Welfare Scheme,10661,Verified,2026-03-17,BA010684,9820009274
A009914,S09914,Minority Welfare,11220,Verified,2026-03-15,BA010685,9820009275
A009915,S09915,Merit Scholarship,14572,Verified,2026-03-11,BA010686,9820009276
A009916,S09916,Merit Scholarship,13772,Verified,2026-03-13,BA010687,9820009277
A009917,S09917,SC/ST Welfare Scheme,20294,Verified,2026-03-28,BA010688,9820009278
A009918,S09918,Girl Child Assistance,13781,Verified,2026-03-26,BA010689,9820009279
A009919,S09919,SC/ST Welfare Scheme,18330,Verified,2026-03-27,BA010690,9820009280
A009920,S09920,Merit Scholarship,12567,Verified,2026-03-13,BA010691,9820009281
A009921,S09921,Girl Child Assistance,8835,Verified,2026-03-18,BA010692,9820009282
A009922,S09922,Minority Welfare,17108,Verified,2026-03-28,BA010693,9820009283
A009923,S09923,Merit Scholarship,20796,Verified,2026-03-23,BA010694,9820009284
A009924,S09924,Girl Child Assistance,12775,Verified,2026-03-20,BA010695,9820009285
A009925,S09925,Girl Child Assistance,9372,Verified,2026-03-14,BA010696,9820009286
A009926,S09926,SC/ST Welfare Scheme,11475,Verified,2026-03-16,BA010697,9820009287
A009927,S09927,Post-Matric Technical,12082,Verified,2026-03-15,BA010698,9820009288
A009928,S09928,SC/ST Welfare Scheme,17156,Verified,2026-03-28,BA010699,9820009289
A009929,S09929,SC/ST Welfare Scheme,16089,Verified,2026-03-28,BA010700,9820009290
A009930,S09930,Merit Scholarship,25942,Verified,2026-03-18,BA010701,9820009291
A009931,S09931,Post-Matric Technical,10300,Verified,2026-03-19,BA010702,9820009292
A009932,S09932,SC/ST Welfare Scheme,17988,Verified,2026-03-20,BA010703,9820009293
A009933,S09933,Post-Matric Technical,16408,Verified,2026-03-22,BA010704,9820009294
A009934,S09934,Merit Scholarship,19879,Verified,2026-03-15,BA010705,9820009295
A009935,S09935,Minority Welfare,9965,Verified,2026-03-16,BA010706,9820009296
A009936,S09936,Post-Matric Technical,13074,Verified,2026-03-14,BA010707,9820009297
A009937,S09937,Girl Child Assistance,11496,Verified,2026-03-10,BA010708,9820009298
A009938,S09938,Post-Matric Technical,15848,Verified,2026-03-11,BA010709,9820009299
A009939,S09939,SC/ST Welfare Scheme,22502,Verified,2026-03-17,BA010710,9820009300
A009940,S09940,Minority Welfare,9590,Verified,2026-03-28,BA010711,9820009301
A009941,S09941,SC/ST Welfare Scheme,24810,Verified,2026-03-22,BA010712,9820009302
A009942,S09942,Minority Welfare,12285,Verified,2026-03-17,BA010713,9820009303
A009943,S09943,SC/ST Welfare Scheme,18951,Verified,2026-03-19,BA010714,9820009304
A009944,S09944,Minority Welfare,11008,Verified,2026-03-22,BA010715,9820009305
A009945,S09945,SC/ST Welfare Scheme,21560,Verified,2026-03-10,BA010716,9820009306
A009946,S09946,Post-Matric Technical,10346,Verified,2026-03-18,BA010717,9820009307
A009947,S09947,SC/ST Welfare Scheme,20435,Verified,2026-03-10,BA010718,9820009308
A009948,S09948,Merit Scholarship,16569,Verified,2026-03-25,BA010719,9820009309
A009949,S09949,SC/ST Welfare Scheme,12393,Verified,2026-03-23,BA010720,9820009310
A009950,S09950,SC/ST Welfare Scheme,11479,Verified,2026-03-13,BA010721,9820009311
A009951,S09951,Post-Matric Technical,21789,Verified,2026-03-24,BA010722,9820009312
A009952,S09952,Post-Matric Technical,14730,Verified,2026-03-16,BA010723,9820009313
A009953,S09953,Merit Scholarship,20322,Verified,2026-03-10,BA010724,9820009314
A009954,S09954,SC/ST Welfare Scheme,16447,Verified,2026-03-27,BA010725,9820009315
A009955,S09955,Girl Child Assistance,8619,Verified,2026-03-12,BA010726,9820009316
A009956,S09956,SC/ST Welfare Scheme,20791,Verified,2026-03-13,BA010727,9820009317
A009957,S09957,Girl Child Assistance,8866,Verified,2026-03-22,BA010728,9820009318
A009958,S09958,Girl Child Assistance,14468,Verified,2026-03-15,BA010729,9820009319
A009959,S09959,Minority Welfare,8169,Verified,2026-03-18,BA010730,9820009320
A009960,S09960,Merit Scholarship,14391,Verified,2026-03-13,BA010731,9820009321
A009961,S09961,Post-Matric Technical,12466,Verified,2026-03-16,BA010732,9820009322
A009962,S09962,Girl Child Assistance,9732,Verified,2026-03-28,BA010733,9820009323
A009963,S09963,Post-Matric Technical,11756,Verified,2026-03-24,BA010734,9820009324
A009964,S09964,SC/ST Welfare Scheme,23333,Verified,2026-03-13,BA010735,9820009325
A009965,S09965,Post-Matric Technical,19352,Verified,2026-03-17,BA010736,9820009326
A009966,S09966,Merit Scholarship,17543,Verified,2026-03-11,BA010737,9820009327
A009967,S09967,SC/ST Welfare Scheme,13627,Verified,2026-03-12,BA010738,9820009328
A009968,S09968,Merit Scholarship,29404,Verified,2026-03-20,BA010739,9820009329
A009969,S09969,Post-Matric Technical,15011,Verified,2026-03-12,BA010740,9820009330
A009970,S09970,Minority Welfare,13457,Verified,2026-03-11,BA010741,9820009331
A009971,S09971,Merit Scholarship,13214,Verified,2026-03-18,BA010742,9820009332
A009972,S09972,Girl Child Assistance,8720,Verified,2026-03-21,BA010743,9820009333
A009973,S09973,SC/ST Welfare Scheme,22167,Verified,2026-03-27,BA010744,9820009334
A009974,S09974,SC/ST Welfare Scheme,16366,Verified,2026-03-25,BA010745,9820009335
A009975,S09975,Merit Scholarship,22893,Verified,2026-03-23,BA010746,9820009336
A009976,S09976,Merit Scholarship,20787,Verified,2026-03-26,BA010747,9820009337
A009977,S09977,Post-Matric Technical,12663,Verified,2026-03-15,BA010748,9820009338
A009978,S09978,Merit Scholarship,21333,Verified,2026-03-16,BA010749,9820009339
A009979,S09979,Post-Matric Technical,14574,Verified,2026-03-19,BA010750,9820009340
A009980,S09980,SC/ST Welfare Scheme,24969,Verified,2026-03-26,BA010751,9820009341
A009981,S09981,Minority Welfare,11321,Verified,2026-03-25,BA010752,9820009342
A009982,S09982,Merit Scholarship,19629,Verified,2026-03-15,BA010753,9820009343
A009983,S09983,Merit Scholarship,29901,Verified,2026-03-25,BA010754,9820009344
A009984,S09984,Merit Scholarship,22985,Verified,2026-03-22,BA010755,9820009345
A009985,S09985,Minority Welfare,12227,Verified,2026-03-20,BA010756,9820009346
A009986,S09986,Girl Child Assistance,9850,Verified,2026-03-26,BA010757,9820009347
A009987,S09987,Minority Welfare,19827,Verified,2026-03-10,BA010758,9820009348
A009988,S09988,Post-Matric Technical,14729,Verified,2026-03-24,BA010759,9820009349
A009989,S09989,Girl Child Assistance,7367,Verified,2026-03-28,BA010760,9820009350
A009990,S09990,Minority Welfare,11050,Verified,2026-03-17,BA010761,9820009351
A009991,S09991,SC/ST Welfare Scheme,18814,Verified,2026-03-20,BA010762,9820009352
A009992,S09992,Girl Child Assistance,10324,Verified,2026-03-16,BA010763,9820009353
A009993,S09993,Merit Scholarship,13301,Verified,2026-03-25,BA010764,9820009354
A009994,S09994,SC/ST Welfare Scheme,10705,Verified,2026-03-22,BA010765,9820009355
A009995,S09995,Merit Scholarship,16124,Verified,2026-03-13,BA010766,9820009356
A009996,S09996,Merit Scholarship,18012,Verified,2026-03-27,BA010767,9820009357
A009997,S09997,Minority Welfare,12071,Verified,2026-03-14,BA010768,9820009358
A009998,S09998,SC/ST Welfare Scheme,17731,Verified,2026-03-22,BA010769,9820009359
A009999,S09999,Minority Welfare,15488,Verified,2026-03-20,BA010770,9820009360
A010000,S10000,Minority Welfare,14994,Verified,2026-03-14,BA010771,9820009361
