student_id,total_classes,present_days,attendance_pct
S003,180,14,8
S006,180,21,12
S007,180,28,16
S008,180,19,11
S107001,180,36,20
S107002,180,7,4
S107003,180,45,25
S107004,180,43,24
S107005,180,23,13
S107006,180,32,18
S107007,180,36,20
S107008,180,36,20
S107009,180,43,24
S107010,180,18,10
S107011,180,16,9
S107012,180,7,4
S107013,180,34,19
S107014,180,27,15
S107015,180,9,5
S107016,180,10,6
S107017,180,10,6
S107018,180,14,8
S107019,180,37,21
S107020,180,36,20
S107021,180,30,17
S107022,180,37,21
S107023,180,46,26
S107024,180,45,25
S107025,180,32,18
S107026,180,32,18
S107027,180,19,11
S107028,180,7,4
S107029,180,19,11
S107030,180,7,4
S107031,180,19,11
S107032,180,25,14
S107033,180,19,11
S107034,180,18,10
S107035,180,39,22
S107036,180,19,11
S107037,180,30,17
S107038,180,12,7
S107039,180,30,17
S107040,180,9,5
S107041,180,9,5
S107042,180,12,7
S107043,180,18,10
S107044,180,14,8
S107045,180,21,12
S107046,180,10,6
S107047,180,12,7
S107048,180,7,4
S107049,180,19,11
S107050,180,34,19
S107051,180,28,16
S107052,180,28,16
S107053,180,21,12
S107054,180,23,13
S107055,180,45,25
S107056,180,14,8
S107057,180,18,10
S107058,180,37,21
S107059,180,9,5
S107060,180,34,19
S107061,180,16,9
S107062,180,10,6
S111001,180,10,6
S111002,180,45,25
S111003,180,12,7
S111004,180,39,22
S111005,180,41,23
S111006,180,45,25
S111007,180,36,20
S111008,180,18,10
S111009,180,19,11
S111010,180,14,8
S111011,180,32,18
S111012,180,7,4
S111013,180,39,22
S111014,180,37,21
S111015,180,21,12
S111016,180,10,6
S111017,180,27,15
S111018,180,32,18
S115001,180,41,23
S115002,180,7,4
S115003,180,23,13
S115004,180,14,8
S115005,180,12,7
S115006,180,23,13
S115007,180,46,26
S115008,180,45,25
S115009,180,36,20
S118001,180,9,5
S118002,180,21,12
S118003,180,25,14
S118004,180,16,9
S118005,180,37,21
S118006,180,37,21
S118007,180,10,6
S118008,180,9,5
S118009,180,39,22
S118010,180,30,17
S118011,180,23,13
S118012,180,27,15
S118013,180,45,25
S118014,180,37,21
S118015,180,41,23
S118016,180,19,11
S118017,180,30,17
S118018,180,25,14
S118019,180,21,12
S118020,180,28,16
S118021,180,19,11
S118022,180,27,15
S118023,180,19,11
S118024,180,28,16
S118025,180,10,6
S118026,180,27,15
S118027,180,28,16
S118028,180,25,14
S118029,180,12,7
S118030,180,39,22
S118031,180,12,7
S122001,180,25,14
S122002,180,36,20
S122003,180,39,22
S122004,180,9,5
S122005,180,7,4
S122006,180,45,25
S122007,180,27,15
S122008,180,45,25
S122009,180,25,14
S122010,180,23,13
S122011,180,45,25
S122012,180,28,16
S122013,180,37,21
S122014,180,30,17
S126001,180,45,25
S126002,180,41,23
S126003,180,28,16
S126004,180,23,13
S126005,180,30,17
S126006,180,43,24
S126007,180,32,18
S126008,180,36,20
S126009,180,45,25
S126010,180,36,20
S126011,180,25,14
S126012,180,45,25
S126013,180,18,10
S126014,180,9,5
S126015,180,41,23
S126016,180,32,18
S126017,180,18,10
S126018,180,34,19
S126019,180,14,8
S126020,180,12,7
S126021,180,16,9
S126022,180,32,18
S131001,180,19,11
S131002,180,32,18
S131003,180,45,25
S131004,180,41,23
S131005,180,41,23
S131006,180,30,17
S131007,180,32,18
S131008,180,34,19
S131009,180,19,11
S131010,180,36,20
S131011,180,21,12
S131012,180,46,26
S131013,180,21,12
S131014,180,37,21
S131015,180,14,8
S131016,180,46,26
S135001,180,10,6
S135002,180,25,14
S135003,180,30,17
S135004,180,30,17
S135005,180,46,26
S135006,180,28,16
S135007,180,27,15
S135008,180,30,17
S135009,180,41,23
S135010,180,34,19
S135011,180,30,17
S135012,180,28,16
S140001,180,16,9
S140002,180,41,23
S140003,180,28,16
S140004,180,43,24
S140005,180,32,18
S140006,180,21,12
S140007,180,18,10
S140008,180,25,14
S140009,180,21,12
S140010,180,21,12
S140011,180,7,4
S140012,180,9,5
S140013,180,19,11
S140014,180,43,24
S140015,180,19,11
S140016,180,41,23
S140017,180,14,8
S140018,180,39,22
S140019,180,46,26
S140020,180,16,9
S144001,180,46,26
S144002,180,23,13
S144003,180,7,4
S144004,180,39,22
S144005,180,28,16
S144006,180,10,6
S144007,180,12,7
S144008,180,45,25
S144009,180,39,22
S144010,180,37,21
S144011,180,10,6
S144012,180,7,4
S144013,180,34,19
S144014,180,27,15
S144015,180,46,26
S144016,180,16,9
S144017,180,43,24
S149001,180,37,21
S149002,180,32,18
S149003,180,21,12
S149004,180,10,6
S149005,180,19,11
S149006,180,39,22
S149007,180,25,14
S149008,180,25,14
S149009,180,18,10
S149010,180,25,14
S149011,180,46,26
S149012,180,37,21
S149013,180,18,10
S149014,180,30,17
S149015,180,19,11
S_DEC_0001,180,75,42
S_DEC_0002,180,75,42
S_DEC_0003,180,57,32
S_DEC_0004,180,57,32
S_DEC_0005,180,68,38
S_DEC_0006,180,68,38
S_DEC_0007,180,75,42
S_DEC_0008,180,75,42
S_DEC_0009,180,72,40
S_DEC_0010,180,72,40
S_DEC_0011,180,72,40
S_DEC_0012,180,72,40
S_DEC_0013,180,64,36
S_DEC_0014,180,64,36
S_DEC_0015,180,59,33
S_DEC_0016,180,59,33
S_DEC_0017,180,59,33
S_DEC_0018,180,59,33
S_DEC_0019,180,62,35
S_DEC_0020,180,62,35
S_DEC_0021,180,73,41
S_DEC_0022,180,73,41
S_DEC_0023,180,64,36
S_DEC_0024,180,64,36
S_DEC_0025,180,64,36
S_DEC_0026,180,64,36
S_DEC_0027,180,64,36
S_DEC_0028,180,64,36
S_DEC_0029,180,61,34
S_DEC_0030,180,61,34
S_DEC_0031,180,72,40
S_DEC_0032,180,72,40
S_DEC_0033,180,59,33
S_DEC_0034,180,59,33
S_DEC_0035,180,70,39
S_DEC_0036,180,70,39
S_DEC_0037,180,61,34
S_DEC_0038,180,61,34
S_DEC_0039,180,59,33
S_DEC_0040,180,59,33
S_DEC_0041,180,59,33
S_DEC_0042,180,59,33
S_DEC_0043,180,61,34
S_DEC_0044,180,61,34
S_DEC_0045,180,62,35
S_DEC_0046,180,62,35
S_DEC_0047,180,73,41
S_DEC_0048,180,73,41
S_DEC_0049,180,72,40
S_DEC_0050,180,72,40
S_DEC_0051,180,64,36
S_DEC_0052,180,64,36
S_DEC_0053,180,73,41
S_DEC_0054,180,73,41
S_DEC_0055,180,59,33
S_DEC_0056,180,59,33
S_DEC_0057,180,75,42
S_DEC_0058,180,75,42
S_DEC_0059,180,61,34
S_DEC_0060,180,61,34
S_DEC_0061,180,59,33
S_DEC_0062,180,59,33
S_DEC_0063,180,70,39
S_DEC_0064,180,70,39
S_DEC_0065,180,64,36
S_DEC_0066,180,64,36
S_DEC_0067,180,64,36
S_DEC_0068,180,64,36
S_DEC_0069,180,59,33
S_DEC_0070,180,59,33
S_DEC_0071,180,75,42
S_DEC_0072,180,75,42
S_DEC_0073,180,68,38
S_DEC_0074,180,68,38
S_DEC_0075,180,75,42
S_DEC_0076,180,75,42
S_DEC_0077,180,59,33
S_DEC_0078,180,59,33
S_DEC_0079,180,73,41
S_DEC_0080,180,73,41
S_DEC_0081,180,64,36
S_DEC_0082,180,64,36
S_DEC_0083,180,64,36
S_DEC_0084,180,64,36
S_DEC_0085,180,72,40
S_DEC_0086,180,72,40
S_DEC_0087,180,59,33
S_DEC_0088,180,59,33
S_DEC_0089,180,66,37
S_DEC_0090,180,66,37
S_DEC_0091,180,59,33
S_DEC_0092,180,59,33
S_DEC_0093,180,73,41
S_DEC_0094,180,73,41
S_DEC_0095,180,70,39
S_DEC_0096,180,70,39
S_DEC_0097,180,64,36
S_DEC_0098,180,64,36
S_DEC_0099,180,75,42
S_DEC_0100,180,75,42
S_DEC_0101,180,66,37
S_DEC_0102,180,66,37
S_DEC_0103,180,75,42
S_DEC_0104,180,75,42
S_DEC_0105,180,66,37
S_DEC_0106,180,66,37
S_DEC_0107,180,64,36
S_DEC_0108,180,64,36
S_DEC_0109,180,57,32
S_DEC_0110,180,57,32
S_DEC_0111,180,64,36
S_DEC_0112,180,64,36
S_DEC_0113,180,72,40
S_DEC_0114,180,72,40
S_DEC_0115,180,70,39
S_DEC_0116,180,70,39
S_DEC_0117,180,72,40
S_DEC_0118,180,72,40
S_DEC_0119,180,75,42
S_DEC_0120,180,75,42
S_DEC_0121,180,62,35
S_DEC_0122,180,62,35
S_DEC_0123,180,64,36
S_DEC_0124,180,64,36
S_DEC_0125,180,59,33
S_DEC_0126,180,59,33
S_DEC_0127,180,62,35
S_DEC_0128,180,62,35
S_DEC_0129,180,72,40
S_DEC_0130,180,72,40
S_DEC_0131,180,59,33
S_DEC_0132,180,59,33
S_DEC_0133,180,59,33
S_DEC_0134,180,59,33
S_DEC_0135,180,64,36
S_DEC_0136,180,64,36
S_DEC_0137,180,68,38
S_DEC_0138,180,68,38
S_DEC_0139,180,62,35
S_DEC_0140,180,62,35
S_DEC_0141,180,68,38
S_DEC_0142,180,68,38
S_DEC_0143,180,61,34
S_DEC_0144,180,61,34
S_DEC_0145,180,68,38
S_DEC_0146,180,68,38
S_DEC_0147,180,64,36
S_DEC_0148,180,64,36
S_DEC_0149,180,64,36
S_DEC_0150,180,64,36
S_DEC_0151,180,75,42
S_DEC_0152,180,75,42
S_DEC_0153,180,70,39
S_DEC_0154,180,70,39
S_DEC_0155,180,66,37
S_DEC_0156,180,66,37
S_DEC_0157,180,68,38
S_DEC_0158,180,68,38
S_DEC_0159,180,62,35
S_DEC_0160,180,62,35
S_DEC_0161,180,68,38
S_DEC_0162,180,68,38
S_DEC_0163,180,57,32
S_DEC_0164,180,57,32
S_DEC_0165,180,68,38
S_DEC_0166,180,68,38
S_DEC_0167,180,70,39
S_DEC_0168,180,70,39
S_DEC_0169,180,73,41
S_DEC_0170,180,73,41
S_DEC_0171,180,70,39
S_DEC_0172,180,70,39
S_DEC_0173,180,57,32
S_DEC_0174,180,57,32
S_DEC_0175,180,75,42
S_DEC_0176,180,75,42
S_DEC_0177,180,64,36
S_DEC_0178,180,64,36
S_DEC_0179,180,75,42
S_DEC_0180,180,75,42
S_DEC_0181,180,68,38
S_DEC_0182,180,68,38
S_DEC_0183,180,72,40
S_DEC_0184,180,72,40
S_DEC_0185,180,62,35
S_DEC_0186,180,62,35
S_DEC_0187,180,68,38
S_DEC_0188,180,68,38
S_DEC_0189,180,61,34
S_DEC_0190,180,61,34
S_DEC_0191,180,57,32
S_DEC_0192,180,57,32
S_DEC_0193,180,66,37
S_DEC_0194,180,66,37
S_DEC_0195,180,62,35
S_DEC_0196,180,62,35
S_DEC_0197,180,75,42
S_DEC_0198,180,75,42
S_DEC_0199,180,61,34
S_DEC_0200,180,61,34
S_DEC_0201,180,73,41
S_DEC_0202,180,73,41
S_DEC_0203,180,73,41
S_DEC_0204,180,73,41
S_DEC_0205,180,75,42
S_DEC_0206,180,75,42
S_DEC_0207,180,75,42
S_DEC_0208,180,75,42
S_DEC_0209,180,64,36
S_DEC_0210,180,64,36
S_DEC_0211,180,59,33
S_DEC_0212,180,59,33
S_DEC_0213,180,64,36
S_DEC_0214,180,64,36
S_DEC_0215,180,64,36
S_DEC_0216,180,64,36
S_DEC_0217,180,68,38
S_DEC_0218,180,68,38
S_DEC_0219,180,68,38
S_DEC_0220,180,68,38
S_DEC_0221,180,64,36
S_DEC_0222,180,64,36
S_DEC_0223,180,75,42
S_DEC_0224,180,75,42
S_DEC_0225,180,73,41
S_DEC_0226,180,73,41
S_DEC_0227,180,62,35
S_DEC_0228,180,62,35
S_DEC_0229,180,62,35
S_DEC_0230,180,62,35
S_DEC_0231,180,64,36
S_DEC_0232,180,64,36
S_DEC_0233,180,75,42
S_DEC_0234,180,75,42
S_DEC_0235,180,64,36
S_DEC_0236,180,64,36
S_DEC_0237,180,66,37
S_DEC_0238,180,66,37
S_DEC_0239,180,64,36
S_DEC_0240,180,64,36
S_DEC_0241,180,62,35
S_DEC_0242,180,62,35
S_DEC_0243,180,72,40
S_DEC_0244,180,72,40
S_DEC_0245,180,61,34
S_DEC_0246,180,61,34
S_DEC_0247,180,64,36
S_DEC_0248,180,64,36
S_DEC_0249,180,70,39
S_DEC_0250,180,70,39
S_DEC_0251,180,75,42
S_DEC_0252,180,75,42
S_DEC_0253,180,72,40
S_DEC_0254,180,72,40
S_DEC_0255,180,57,32
S_DEC_0256,180,57,32
S_DEC_0257,180,70,39
S_DEC_0258,180,70,39
S_DEC_0259,180,68,38
S_DEC_0260,180,68,38
S_DEC_0261,180,59,33
S_DEC_0262,180,59,33
S_DEC_0263,180,57,32
S_DEC_0264,180,57,32
S_DEC_0265,180,73,41
S_DEC_0266,180,73,41
S_DEC_0267,180,75,42
S_DEC_0268,180,75,42
S_DEC_0269,180,59,33
S_DEC_0270,180,59,33
S_DEC_0271,180,64,36
S_DEC_0272,180,64,36
S_DEC_0273,180,62,35
S_DEC_0274,180,62,35
S_DEC_0275,180,70,39
S_DEC_0276,180,70,39
S_DEC_0277,180,68,38
S_DEC_0278,180,68,38
S_DEC_0279,180,68,38
S_DEC_0280,180,68,38
S_DEC_0281,180,73,41
S_DEC_0282,180,73,41
S_DEC_0283,180,66,37
S_DEC_0284,180,66,37
S_DEC_0285,180,62,35
S_DEC_0286,180,62,35
S_DEC_0287,180,72,40
S_DEC_0288,180,72,40
S_DEC_0289,180,57,32
S_DEC_0290,180,57,32
S_DEC_0291,180,59,33
S_DEC_0292,180,59,33
S_DEC_0293,180,75,42
S_DEC_0294,180,75,42
S_DEC_0295,180,57,32
S_DEC_0296,180,57,32
S_DEC_0297,180,73,41
S_DEC_0298,180,73,41
S_DEC_0299,180,62,35
S_DEC_0300,180,62,35
S_DEC_0301,180,135,75
S_DEC_0302,180,135,75
S_DEC_0303,180,131,73
S_DEC_0304,180,131,73
S_DEC_0305,180,131,73
S_DEC_0306,180,131,73
S_DEC_0307,180,154,86
S_DEC_0308,180,154,86
S_DEC_0309,180,136,76
S_DEC_0310,180,136,76
S_DEC_0311,180,125,70
S_DEC_0312,180,125,70
S_DEC_0313,180,158,88
S_DEC_0314,180,158,88
S_DEC_0315,180,158,88
S_DEC_0316,180,158,88
S_DEC_0317,180,136,76
S_DEC_0318,180,136,76
S_DEC_0319,180,142,79
S_DEC_0320,180,142,79
S_DEC_0321,180,118,66
S_DEC_0322,180,118,66
S_DEC_0323,180,133,74
S_DEC_0324,180,133,74
S_DEC_0325,180,118,66
S_DEC_0326,180,118,66
S_DEC_0327,180,154,86
S_DEC_0328,180,154,86
S_DEC_0329,180,120,67
S_DEC_0330,180,120,67
S_DEC_0331,180,124,69
S_DEC_0332,180,124,69
S_DEC_0333,180,151,84
S_DEC_0334,180,151,84
S_DEC_0335,180,156,87
S_DEC_0336,180,156,87
S_DEC_0337,180,145,81
S_DEC_0338,180,145,81
S_DEC_0339,180,151,84
S_DEC_0340,180,151,84
S_DEC_0341,180,153,85
S_DEC_0342,180,153,85
S_DEC_0343,180,129,72
S_DEC_0344,180,129,72
S_DEC_0345,180,138,77
S_DEC_0346,180,138,77
S_DEC_0347,180,135,75
S_DEC_0348,180,135,75
S_DEC_0349,180,136,76
S_DEC_0350,180,136,76
S_DEC_0351,180,120,67
S_DEC_0352,180,120,67
S_DEC_0353,180,140,78
S_DEC_0354,180,140,78
S_DEC_0355,180,147,82
S_DEC_0356,180,147,82
S_DEC_0357,180,147,82
S_DEC_0358,180,147,82
S_DEC_0359,180,140,78
S_DEC_0360,180,140,78
S_DEC_0361,180,133,74
S_DEC_0362,180,133,74
S_DEC_0363,180,149,83
S_DEC_0364,180,149,83
S_DEC_0365,180,154,86
S_DEC_0366,180,154,86
S_DEC_0367,180,136,76
S_DEC_0368,180,136,76
S_DEC_0369,180,149,83
S_DEC_0370,180,149,83
S_DEC_0371,180,147,82
S_DEC_0372,180,147,82
S_DEC_0373,180,154,86
S_DEC_0374,180,154,86
S_DEC_0375,180,151,84
S_DEC_0376,180,151,84
S_DEC_0377,180,131,73
S_DEC_0378,180,131,73
S_DEC_0379,180,136,76
S_DEC_0380,180,136,76
S_DEC_0381,180,149,83
S_DEC_0382,180,149,83
S_DEC_0383,180,124,69
S_DEC_0384,180,124,69
S_DEC_0385,180,127,71
S_DEC_0386,180,127,71
S_DEC_0387,180,135,75
S_DEC_0388,180,135,75
S_DEC_0389,180,158,88
S_DEC_0390,180,158,88
S_DEC_0391,180,151,84
S_DEC_0392,180,151,84
S_DEC_0393,180,124,69
S_DEC_0394,180,124,69
S_DEC_0395,180,131,73
S_DEC_0396,180,131,73
S_DEC_0397,180,151,84
S_DEC_0398,180,151,84
S_DEC_0399,180,127,71
S_DEC_0400,180,127,71
S_DEC_0401,180,136,76
S_DEC_0402,180,136,76
S_DEC_0403,180,154,86
S_DEC_0404,180,154,86
S_DEC_0405,180,145,81
S_DEC_0406,180,145,81
S_DEC_0407,180,129,72
S_DEC_0408,180,129,72
S_DEC_0409,180,127,71
S_DEC_0410,180,127,71
S_DEC_0411,180,131,73
S_DEC_0412,180,131,73
S_DEC_0413,180,117,65
S_DEC_0414,180,117,65
S_DEC_0415,180,124,69
S_DEC_0416,180,124,69
S_DEC_0417,180,145,81
S_DEC_0418,180,145,81
S_DEC_0419,180,120,67
S_DEC_0420,180,120,67
S_DEC_0421,180,140,78
S_DEC_0422,180,140,78
S_DEC_0423,180,135,75
S_DEC_0424,180,135,75
S_DEC_0425,180,133,74
S_DEC_0426,180,133,74
S_DEC_0427,180,135,75
S_DEC_0428,180,135,75
S_DEC_0429,180,120,67
S_DEC_0430,180,120,67
S_DEC_0431,180,129,72
S_DEC_0432,180,129,72
S_DEC_0433,180,120,67
S_DEC_0434,180,120,67
S_DEC_0435,180,158,88
S_DEC_0436,180,158,88
S_DEC_0437,180,125,70
S_DEC_0438,180,125,70
S_DEC_0439,180,145,81
S_DEC_0440,180,145,81
S_DEC_0441,180,136,76
S_DEC_0442,180,136,76
S_DEC_0443,180,129,72
S_DEC_0444,180,129,72
S_DEC_0445,180,127,71
S_DEC_0446,180,127,71
S_DEC_0447,180,153,85
S_DEC_0448,180,153,85
S_DEC_0449,180,142,79
S_DEC_0450,180,142,79
S_DEC_0451,180,142,79
S_DEC_0452,180,142,79
S_DEC_0453,180,153,85
S_DEC_0454,180,153,85
S_DEC_0455,180,153,85
S_DEC_0456,180,153,85
S_DEC_0457,180,120,67
S_DEC_0458,180,120,67
S_DEC_0459,180,131,73
S_DEC_0460,180,131,73
S_DEC_0461,180,145,81
S_DEC_0462,180,145,81
S_DEC_0463,180,142,79
S_DEC_0464,180,142,79
S_DEC_0465,180,133,74
S_DEC_0466,180,133,74
S_DEC_0467,180,151,84
S_DEC_0468,180,151,84
S_DEC_0469,180,149,83
S_DEC_0470,180,149,83
S_DEC_0471,180,142,79
S_DEC_0472,180,142,79
S_DEC_0473,180,144,80
S_DEC_0474,180,144,80
S_DEC_0475,180,142,79
S_DEC_0476,180,142,79
S_DEC_0477,180,145,81
S_DEC_0478,180,145,81
S_DEC_0479,180,156,87
S_DEC_0480,180,156,87
S_DEC_0481,180,145,81
S_DEC_0482,180,145,81
S_DEC_0483,180,136,76
S_DEC_0484,180,136,76
S_DEC_0485,180,135,75
S_DEC_0486,180,135,75
S_DEC_0487,180,153,85
S_DEC_0488,180,153,85
S_DEC_0489,180,122,68
S_DEC_0490,180,122,68
S_DEC_0491,180,133,74
S_DEC_0492,180,133,74
S_DEC_0493,180,124,69
S_DEC_0494,180,124,69
S_DEC_0495,180,154,86
S_DEC_0496,180,154,86
S_DEC_0497,180,133,74
S_DEC_0498,180,133,74
S_DEC_0499,180,124,69
S_DEC_0500,180,124,69
S_DEC_0501,180,133,74
S_DEC_0502,180,133,74
S_DEC_0503,180,154,86
S_DEC_0504,180,154,86
S_DEC_0505,180,120,67
S_DEC_0506,180,120,67
S_DEC_0507,180,145,81
S_DEC_0508,180,145,81
S_DEC_0509,180,133,74
S_DEC_0510,180,133,74
S_DEC_0511,180,144,80
S_DEC_0512,180,144,80
S_DEC_0513,180,124,69
S_DEC_0514,180,124,69
S_DEC_0515,180,145,81
S_DEC_0516,180,145,81
S_DEC_0517,180,154,86
S_DEC_0518,180,154,86
S_DEC_0519,180,138,77
S_DEC_0520,180,138,77
S_DEC_0521,180,156,87
S_DEC_0522,180,156,87
S_DEC_0523,180,118,66
S_DEC_0524,180,118,66
S_DEC_0525,180,142,79
S_DEC_0526,180,142,79
S_DEC_0527,180,129,72
S_DEC_0528,180,129,72
S_DEC_0529,180,144,80
S_DEC_0530,180,144,80
S_DEC_0531,180,136,76
S_DEC_0532,180,136,76
S_DEC_0533,180,142,79
S_DEC_0534,180,142,79
S_DEC_0535,180,145,81
S_DEC_0536,180,145,81
S_DEC_0537,180,127,71
S_DEC_0538,180,127,71
S_DEC_0539,180,118,66
S_DEC_0540,180,118,66
S_DEC_0541,180,147,82
S_DEC_0542,180,147,82
S_DEC_0543,180,122,68
S_DEC_0544,180,122,68
S_DEC_0545,180,131,73
S_DEC_0546,180,131,73
S_DEC_0547,180,140,78
S_DEC_0548,180,140,78
S_DEC_0549,180,136,76
S_DEC_0550,180,136,76
S_DEC_0551,180,138,77
S_DEC_0552,180,138,77
S_DEC_0553,180,138,77
S_DEC_0554,180,138,77
S_DEC_0555,180,117,65
S_DEC_0556,180,117,65
S_DEC_0557,180,124,69
S_DEC_0558,180,124,69
S_DEC_0559,180,144,80
S_DEC_0560,180,144,80
S_DEC_0561,180,156,87
S_DEC_0562,180,156,87
S_DEC_0563,180,117,65
S_DEC_0564,180,117,65
S_DEC_0565,180,131,73
S_DEC_0566,180,131,73
S_DEC_0567,180,158,88
S_DEC_0568,180,158,88
S_DEC_0569,180,122,68
S_DEC_0570,180,122,68
S_DEC_0571,180,133,74
S_DEC_0572,180,133,74
S_DEC_0573,180,140,78
S_DEC_0574,180,140,78
S_DEC_0575,180,120,67
S_DEC_0576,180,120,67
S_DEC_0577,180,147,82
S_DEC_0578,180,147,82
S_DEC_0579,180,149,83
S_DEC_0580,180,149,83
S_DEC_0581,180,133,74
S_DEC_0582,180,133,74
S_DEC_0583,180,136,76
S_DEC_0584,180,136,76
S_DEC_0585,180,125,70
S_DEC_0586,180,125,70
S_DEC_0587,180,145,81
S_DEC_0588,180,145,81
S_DEC_0589,180,147,82
S_DEC_0590,180,147,82
S_DEC_0591,180,147,82
S_DEC_0592,180,147,82
S_DEC_0593,180,118,66
S_DEC_0594,180,118,66
S_DEC_0595,180,131,73
S_DEC_0596,180,131,73
S_DEC_0597,180,120,67
S_DEC_0598,180,120,67
S_DEC_0599,180,149,83
S_DEC_0600,180,149,83
S_DEC_0601,180,136,76
S_DEC_0602,180,136,76
S_DEC_0603,180,154,86
S_DEC_0604,180,154,86
S_DEC_0605,180,153,85
S_DEC_0606,180,153,85
S_DEC_0607,180,156,87
S_DEC_0608,180,156,87
S_DEC_0609,180,127,71
S_DEC_0610,180,127,71
S_DEC_0611,180,118,66
S_DEC_0612,180,118,66
S_DEC_0613,180,138,77
S_DEC_0614,180,138,77
S_DEC_0615,180,131,73
S_DEC_0616,180,131,73
S_DEC_0617,180,133,74
S_DEC_0618,180,133,74
S_DEC_0619,180,131,73
S_DEC_0620,180,131,73
S_DEC_0621,180,140,78
S_DEC_0622,180,140,78
S_DEC_0623,180,138,77
S_DEC_0624,180,138,77
S_DEC_0625,180,156,87
S_DEC_0626,180,156,87
S_DEC_0627,180,131,73
S_DEC_0628,180,131,73
S_DEC_0629,180,120,67
S_DEC_0630,180,120,67
S_DEC_0631,180,147,82
S_DEC_0632,180,147,82
S_DEC_0633,180,120,67
S_DEC_0634,180,120,67
S_DEC_0635,180,142,79
S_DEC_0636,180,142,79
S_DEC_0637,180,125,70
S_DEC_0638,180,125,70
S_DEC_0639,180,142,79
S_DEC_0640,180,142,79
S_DEC_0641,180,151,84
S_DEC_0642,180,151,84
S_DEC_0643,180,120,67
S_DEC_0644,180,120,67
S_DEC_0645,180,158,88
S_DEC_0646,180,158,88
S_DEC_0647,180,124,69
S_DEC_0648,180,124,69
S_DEC_0649,180,120,67
S_DEC_0650,180,120,67
S_DEC_0651,180,136,76
S_DEC_0652,180,136,76
S_DEC_0653,180,151,84
S_DEC_0654,180,151,84
S_DEC_0655,180,136,76
S_DEC_0656,180,136,76
S_DEC_0657,180,149,83
S_DEC_0658,180,149,83
S_DEC_0659,180,138,77
S_DEC_0660,180,138,77
S_DEC_0661,180,129,72
S_DEC_0662,180,129,72
S_DEC_0663,180,144,80
S_DEC_0664,180,144,80
S_DEC_0665,180,122,68
S_DEC_0666,180,122,68
S_DEC_0667,180,156,87
S_DEC_0668,180,156,87
S_DEC_0669,180,133,74
S_DEC_0670,180,133,74
S_DEC_0671,180,127,71
S_DEC_0672,180,127,71
S_DEC_0673,180,142,79
S_DEC_0674,180,142,79
S_DEC_0675,180,154,86
S_DEC_0676,180,154,86
S_DEC_0677,180,147,82
S_DEC_0678,180,147,82
S_DEC_0679,180,125,70
S_DEC_0680,180,125,70
S_DEC_0681,180,136,76
S_DEC_0682,180,136,76
S_DEC_0683,180,127,71
S_DEC_0684,180,127,71
S_DEC_0685,180,117,65
S_DEC_0686,180,117,65
S_DEC_0687,180,136,76
S_DEC_0688,180,136,76
S_DEC_0689,180,124,69
S_DEC_0690,180,124,69
S_DEC_0691,180,120,67
S_DEC_0692,180,120,67
S_DEC_0693,180,145,81
S_DEC_0694,180,145,81
S_DEC_0695,180,149,83
S_DEC_0696,180,149,83
S_DEC_0697,180,153,85
S_DEC_0698,180,153,85
S_DEC_0699,180,154,86
S_DEC_0700,180,154,86
S_DEC_0701,180,147,82
S_DEC_0702,180,147,82
S_DEC_0703,180,124,69
S_DEC_0704,180,124,69
S_DEC_0705,180,122,68
S_DEC_0706,180,122,68
S_DEC_0707,180,125,70
S_DEC_0708,180,125,70
S_DEC_0709,180,136,76
S_DEC_0710,180,136,76
S_DEC_0711,180,131,73
S_DEC_0712,180,131,73
S_DEC_0713,180,153,85
S_DEC_0714,180,153,85
S_DEC_0715,180,120,67
S_DEC_0716,180,120,67
S_DEC_0717,180,149,83
S_DEC_0718,180,149,83
S_DEC_0719,180,154,86
S_DEC_0720,180,154,86
S_DEC_0721,180,135,75
S_DEC_0722,180,135,75
S_DEC_0723,180,118,66
S_DEC_0724,180,118,66
S_DEC_0725,180,120,67
S_DEC_0726,180,120,67
S_DEC_0727,180,149,83
S_DEC_0728,180,149,83
S_DEC_0729,180,144,80
S_DEC_0730,180,144,80
S_DEC_0731,180,144,80
S_DEC_0732,180,144,80
S_DEC_0733,180,133,74
S_DEC_0734,180,133,74
S_DEC_0735,180,125,70
S_DEC_0736,180,125,70
S_DEC_0737,180,142,79
S_DEC_0738,180,142,79
S_DEC_0739,180,124,69
S_DEC_0740,180,124,69
S_DEC_0741,180,158,88
S_DEC_0742,180,158,88
S_DEC_0743,180,124,69
S_DEC_0744,180,124,69
S_DEC_0745,180,147,82
S_DEC_0746,180,147,82
S_DEC_0747,180,142,79
S_DEC_0748,180,142,79
S_DEC_0749,180,129,72
S_DEC_0750,180,129,72
S_DEC_0751,180,133,74
S_DEC_0752,180,133,74
S_DEC_0753,180,125,70
S_DEC_0754,180,125,70
S_DEC_0755,180,127,71
S_DEC_0756,180,127,71
S_DEC_0757,180,145,81
S_DEC_0758,180,145,81
S_DEC_0759,180,144,80
S_DEC_0760,180,144,80
S_DEC_0761,180,145,81
S_DEC_0762,180,145,81
S_DEC_0763,180,149,83
S_DEC_0764,180,149,83
S_DEC_0765,180,133,74
S_DEC_0766,180,133,74
S_DEC_0767,180,147,82
S_DEC_0768,180,147,82
S_DEC_0769,180,140,78
S_DEC_0770,180,140,78
S_DEC_0771,180,138,77
S_DEC_0772,180,138,77
S_DEC_0773,180,118,66
S_DEC_0774,180,118,66
S_DEC_0775,180,136,76
S_DEC_0776,180,136,76
S_DEC_0777,180,138,77
S_DEC_0778,180,138,77
S_DEC_0779,180,131,73
S_DEC_0780,180,131,73
S_DEC_0781,180,122,68
S_DEC_0782,180,122,68
S_DEC_0783,180,138,77
S_DEC_0784,180,138,77
S_DEC_0785,180,136,76
S_DEC_0786,180,136,76
S_DEC_0787,180,151,84
S_DEC_0788,180,151,84
S_DEC_0789,180,118,66
S_DEC_0790,180,118,66
S_DEC_0791,180,156,87
S_DEC_0792,180,156,87
S_DEC_0793,180,142,79
S_DEC_0794,180,142,79
S_DEC_0795,180,124,69
S_DEC_0796,180,124,69
S_DEC_0797,180,135,75
S_DEC_0798,180,135,75
S_DEC_0799,180,158,88
S_DEC_0800,180,158,88
S_DEC_0801,180,135,75
S_DEC_0802,180,135,75
S_DEC_0803,180,147,82
S_DEC_0804,180,147,82
S_DEC_0805,180,133,74
S_DEC_0806,180,133,74
S_DEC_0807,180,136,76
S_DEC_0808,180,136,76
S_DEC_0809,180,149,83
S_DEC_0810,180,149,83
S_DEC_0811,180,151,84
S_DEC_0812,180,151,84
S_DEC_0813,180,149,83
S_DEC_0814,180,149,83
S_DEC_0815,180,149,83
S_DEC_0816,180,149,83
S_DEC_0817,180,153,85
S_DEC_0818,180,153,85
S_DEC_0819,180,124,69
S_DEC_0820,180,124,69
S01061,180,147,82
S01062,180,162,90
S01063,180,156,87
S01064,180,129,72
S01065,180,133,74
S01066,180,167,93
S01067,180,135,75
S01068,180,127,71
S01069,180,125,70
S01070,180,142,79
S01071,180,142,79
S01072,180,136,76
S01073,180,145,81
S01074,180,111,62
S01075,180,140,78
S01076,180,86,48
S01077,180,127,71
S01078,180,129,72
S01079,180,163,91
S01080,180,153,85
S01081,180,162,90
S01082,180,147,82
S01083,180,145,81
S01084,180,79,44
S01085,180,142,79
S01086,180,79,44
S01087,180,167,93
S01088,180,145,81
S01089,180,165,92
S01090,180,136,76
S01091,180,97,54
S01092,180,145,81
S01093,180,160,89
S01094,180,145,81
S01095,180,125,70
S01096,180,149,83
S01097,180,162,90
S01098,180,113,63
S01099,180,106,59
S01100,180,147,82
S01101,180,138,77
S01102,180,136,76
S01103,180,147,82
S01104,180,151,84
S01105,180,133,74
S01106,180,136,76
S01107,180,135,75
S01108,180,136,76
S01109,180,153,85
S01110,180,149,83
S01111,180,149,83
S01112,180,106,59
S01113,180,115,64
S01114,180,129,72
S01115,180,147,82
S01116,180,149,83
S01117,180,145,81
S01118,180,120,67
S01119,180,106,59
S01120,180,176,98
S01121,180,142,79
S01122,180,131,73
S01123,180,171,95
S01124,180,136,76
S01125,180,156,87
S01126,180,153,85
S01127,180,158,88
S01128,180,142,79
S01129,180,122,68
S01130,180,127,71
S01131,180,122,68
S01132,180,153,85
S01133,180,129,72
S01134,180,149,83
S01135,180,104,58
S01136,180,160,89
S01137,180,145,81
S01138,180,99,55
S01139,180,149,83
S01140,180,113,63
S01141,180,163,91
S01142,180,167,93
S01143,180,109,61
S01144,180,160,89
S01145,180,124,69
S01146,180,163,91
S01147,180,153,85
S01148,180,127,71
S01149,180,117,65
S01150,180,124,69
S01151,180,118,66
S01152,180,113,63
S01153,180,144,80
S01154,180,124,69
S01155,180,109,61
S01156,180,140,78
S01157,180,160,89
S01158,180,133,74
S01159,180,131,73
S01160,180,160,89
S01161,180,99,55
S01162,180,135,75
S01163,180,180,100
S01164,180,154,86
S01165,180,93,52
S01166,180,124,69
S01167,180,142,79
S01168,180,120,67
S01169,180,115,64
S01170,180,172,96
S01171,180,133,74
S01172,180,118,66
S01173,180,153,85
S01174,180,145,81
S01175,180,154,86
S01176,180,109,61
S01177,180,145,81
S01178,180,144,80
S01179,180,153,85
S01180,180,163,91
S01181,180,129,72
S01182,180,140,78
S01183,180,131,73
S01184,180,154,86
S01185,180,144,80
S01186,180,86,48
S01187,180,125,70
S01188,180,136,76
S01189,180,145,81
S01190,180,99,55
S01191,180,113,63
S01192,180,163,91
S01193,180,138,77
S01194,180,124,69
S01195,180,118,66
S01196,180,140,78
S01197,180,95,53
S01198,180,125,70
S01199,180,140,78
S01200,180,145,81
S01201,180,144,80
S01202,180,115,64
S01203,180,156,87
S01204,180,149,83
S01205,180,125,70
S01206,180,113,63
S01207,180,131,73
S01208,180,154,86
S01209,180,136,76
S01210,180,171,95
S01211,180,124,69
S01212,180,178,99
S01213,180,151,84
S01214,180,115,64
S01215,180,151,84
S01216,180,117,65
S01217,180,142,79
S01218,180,124,69
S01219,180,120,67
S01220,180,149,83
S01221,180,131,73
S01222,180,154,86
S01223,180,109,61
S01224,180,160,89
S01225,180,135,75
S01226,180,111,62
S01227,180,113,63
S01228,180,124,69
S01229,180,109,61
S01230,180,142,79
S01231,180,165,92
S01232,180,140,78
S01233,180,135,75
S01234,180,156,87
S01235,180,117,65
S01236,180,162,90
S01237,180,129,72
S01238,180,169,94
S01239,180,138,77
S01240,180,145,81
S01241,180,82,46
S01242,180,154,86
S01243,180,156,87
S01244,180,135,75
S01245,180,176,98
S01246,180,169,94
S01247,180,147,82
S01248,180,180,100
S01249,180,131,73
S01250,180,156,87
S01251,180,135,75
S01252,180,142,79
S01253,180,140,78
S01254,180,124,69
S01255,180,102,57
S01256,180,149,83
S01257,180,149,83
S01258,180,93,52
S01259,180,102,57
S01260,180,111,62
S01261,180,129,72
S01262,180,104,58
S01263,180,140,78
S01264,180,125,70
S01265,180,142,79
S01266,180,176,98
S01267,180,140,78
S01268,180,111,62
S01269,180,163,91
S01270,180,140,78
S01271,180,122,68
S01272,180,151,84
S01273,180,118,66
S01274,180,156,87
S01275,180,154,86
S01276,180,122,68
S01277,180,118,66
S01278,180,145,81
S01279,180,109,61
S01280,180,167,93
S01281,180,118,66
S01282,180,156,87
S01283,180,165,92
S01284,180,106,59
S01285,180,129,72
S01286,180,160,89
S01287,180,156,87
S01288,180,122,68
S01289,180,151,84
S01290,180,113,63
S01291,180,136,76
S01292,180,142,79
S01293,180,156,87
S01294,180,127,71
S01295,180,118,66
S01296,180,136,76
S01297,180,135,75
S01298,180,115,64
S01299,180,117,65
S01300,180,136,76
S01301,180,165,92
S01302,180,125,70
S01303,180,140,78
S01304,180,129,72
S01305,180,144,80
S01306,180,91,51
S01307,180,129,72
S01308,180,125,70
S01309,180,135,75
S01310,180,97,54
S01311,180,153,85
S01312,180,147,82
S01313,180,106,59
S01314,180,136,76
S01315,180,135,75
S01316,180,111,62
S01317,180,180,100
S01318,180,127,71
S01319,180,133,74
S01320,180,125,70
S01321,180,124,69
S01322,180,140,78
S01323,180,174,97
S01324,180,113,63
S01325,180,129,72
S01326,180,142,79
S01327,180,149,83
S01328,180,160,89
S01329,180,151,84
S01330,180,106,59
S01331,180,109,61
S01332,180,144,80
S01333,180,104,58
S01334,180,142,79
S01335,180,122,68
S01336,180,125,70
S01337,180,180,100
S01338,180,156,87
S01339,180,160,89
S01340,180,144,80
S01341,180,131,73
S01342,180,158,88
S01343,180,162,90
S01344,180,140,78
S01345,180,151,84
S01346,180,108,60
S01347,180,144,80
S01348,180,149,83
S01349,180,174,97
S01350,180,153,85
S01351,180,97,54
S01352,180,174,97
S01353,180,120,67
S01354,180,127,71
S01355,180,142,79
S01356,180,127,71
S01357,180,147,82
S01358,180,158,88
S01359,180,124,69
S01360,180,125,70
S01361,180,145,81
S01362,180,129,72
S01363,180,176,98
S01364,180,122,68
S01365,180,129,72
S01366,180,149,83
S01367,180,108,60
S01368,180,138,77
S01369,180,140,78
S01370,180,138,77
S01371,180,142,79
S01372,180,144,80
S01373,180,144,80
S01374,180,131,73
S01375,180,163,91
S01376,180,147,82
S01377,180,133,74
S01378,180,136,76
S01379,180,117,65
S01380,180,180,100
S01381,180,145,81
S01382,180,160,89
S01383,180,111,62
S01384,180,129,72
S01385,180,142,79
S01386,180,136,76
S01387,180,127,71
S01388,180,158,88
S01389,180,135,75
S01390,180,131,73
S01391,180,158,88
S01392,180,127,71
S01393,180,147,82
S01394,180,151,84
S01395,180,125,70
S01396,180,142,79
S01397,180,136,76
S01398,180,118,66
S01399,180,115,64
S01400,180,129,72
S01401,180,149,83
S01402,180,90,50
S01403,180,133,74
S01404,180,133,74
S01405,180,136,76
S01406,180,153,85
S01407,180,136,76
S01408,180,138,77
S01409,180,127,71
S01410,180,145,81
S01411,180,133,74
S01412,180,122,68
S01413,180,70,39
S01414,180,127,71
S01415,180,162,90
S01416,180,138,77
S01417,180,145,81
S01418,180,127,71
S01419,180,135,75
S01420,180,138,77
S01421,180,138,77
S01422,180,149,83
S01423,180,136,76
S01424,180,113,63
S01425,180,108,60
S01426,180,135,75
S01427,180,124,69
S01428,180,138,77
S01429,180,113,63
S01430,180,160,89
S01431,180,88,49
S01432,180,149,83
S01433,180,171,95
S01434,180,163,91
S01435,180,84,47
S01436,180,165,92
S01437,180,124,69
S01438,180,167,93
S01439,180,180,100
S01440,180,115,64
S01441,180,142,79
S01442,180,172,96
S01443,180,145,81
S01444,180,145,81
S01445,180,136,76
S01446,180,140,78
S01447,180,131,73
S01448,180,142,79
S01449,180,104,58
S01450,180,180,100
S01451,180,172,96
S01452,180,156,87
S01453,180,153,85
S01454,180,124,69
S01455,180,88,49
S01456,180,147,82
S01457,180,162,90
S01458,180,133,74
S01459,180,138,77
S01460,180,142,79
S01461,180,136,76
S01462,180,129,72
S01463,180,125,70
S01464,180,153,85
S01465,180,165,92
S01466,180,151,84
S01467,180,138,77
S01468,180,138,77
S01469,180,133,74
S01470,180,160,89
S01471,180,144,80
S01472,180,138,77
S01473,180,91,51
S01474,180,147,82
S01475,180,153,85
S01476,180,145,81
S01477,180,129,72
S01478,180,113,63
S01479,180,122,68
S01480,180,118,66
S01481,180,180,100
S01482,180,91,51
S01483,180,122,68
S01484,180,147,82
S01485,180,140,78
S01486,180,149,83
S01487,180,133,74
S01488,180,109,61
S01489,180,176,98
S01490,180,162,90
S01491,180,174,97
S01492,180,136,76
S01493,180,171,95
S01494,180,142,79
S01495,180,122,68
S01496,180,136,76
S01497,180,131,73
S01498,180,113,63
S01499,180,158,88
S01500,180,147,82
S01501,180,131,73
S01502,180,115,64
S01503,180,108,60
S01504,180,142,79
S01505,180,125,70
S01506,180,180,100
S01507,180,124,69
S01508,180,180,100
S01509,180,149,83
S01510,180,133,74
S01511,180,115,64
S01512,180,90,50
S01513,180,169,94
S01514,180,158,88
S01515,180,158,88
S01516,180,151,84
S01517,180,140,78
S01518,180,140,78
S01519,180,122,68
S01520,180,122,68
S01521,180,156,87
S01522,180,145,81
S01523,180,165,92
S01524,180,142,79
S01525,180,154,86
S01526,180,156,87
S01527,180,172,96
S01528,180,156,87
S01529,180,151,84
S01530,180,131,73
S01531,180,153,85
S01532,180,136,76
S01533,180,147,82
S01534,180,147,82
S01535,180,142,79
S01536,180,147,82
S01537,180,153,85
S01538,180,180,100
S01539,180,158,88
S01540,180,156,87
S01541,180,144,80
S01542,180,125,70
S01543,180,118,66
S01544,180,108,60
S01545,180,169,94
S01546,180,133,74
S01547,180,140,78
S01548,180,171,95
S01549,180,124,69
S01550,180,154,86
S01551,180,131,73
S01552,180,165,92
S01553,180,131,73
S01554,180,160,89
S01555,180,147,82
S01556,180,149,83
S01557,180,113,63
S01558,180,145,81
S01559,180,156,87
S01560,180,125,70
S01561,180,151,84
S01562,180,106,59
S01563,180,180,100
S01564,180,129,72
S01565,180,102,57
S01566,180,169,94
S01567,180,135,75
S01568,180,90,50
S01569,180,154,86
S01570,180,140,78
S01571,180,144,80
S01572,180,125,70
S01573,180,138,77
S01574,180,149,83
S01575,180,169,94
S01576,180,171,95
S01577,180,180,100
S01578,180,97,54
S01579,180,171,95
S01580,180,135,75
S01581,180,81,45
S01582,180,140,78
S01583,180,149,83
S01584,180,162,90
S01585,180,145,81
S01586,180,151,84
S01587,180,117,65
S01588,180,156,87
S01589,180,169,94
S01590,180,171,95
S01591,180,158,88
S01592,180,156,87
S01593,180,118,66
S01594,180,149,83
S01595,180,153,85
S01596,180,117,65
S01597,180,145,81
S01598,180,151,84
S01599,180,136,76
S01600,180,138,77
S01601,180,149,83
S01602,180,127,71
S01603,180,158,88
S01604,180,117,65
S01605,180,104,58
S01606,180,136,76
S01607,180,131,73
S01608,180,153,85
S01609,180,149,83
S01610,180,167,93
S01611,180,151,84
S01612,180,149,83
S01613,180,106,59
S01614,180,111,62
S01615,180,149,83
S01616,180,149,83
S01617,180,180,100
S01618,180,108,60
S01619,180,162,90
S01620,180,135,75
S01621,180,124,69
S01622,180,97,54
S01623,180,180,100
S01624,180,145,81
S01625,180,81,45
S01626,180,156,87
S01627,180,158,88
S01628,180,124,69
S01629,180,163,91
S01630,180,163,91
S01631,180,158,88
S01632,180,138,77
S01633,180,120,67
S01634,180,142,79
S01635,180,86,48
S01636,180,125,70
S01637,180,147,82
S01638,180,133,74
S01639,180,151,84
S01640,180,124,69
S01641,180,129,72
S01642,180,160,89
S01643,180,108,60
S01644,180,104,58
S01645,180,138,77
S01646,180,140,78
S01647,180,131,73
S01648,180,145,81
S01649,180,138,77
S01650,180,138,77
S01651,180,156,87
S01652,180,172,96
S01653,180,163,91
S01654,180,145,81
S01655,180,174,97
S01656,180,176,98
S01657,180,151,84
S01658,180,120,67
S01659,180,154,86
S01660,180,138,77
S01661,180,160,89
S01662,180,104,58
S01663,180,169,94
S01664,180,153,85
S01665,180,120,67
S01666,180,145,81
S01667,180,156,87
S01668,180,145,81
S01669,180,153,85
S01670,180,122,68
S01671,180,172,96
S01672,180,106,59
S01673,180,149,83
S01674,180,142,79
S01675,180,165,92
S01676,180,99,55
S01677,180,144,80
S01678,180,125,70
S01679,180,142,79
S01680,180,147,82
S01681,180,131,73
S01682,180,127,71
S01683,180,120,67
S01684,180,138,77
S01685,180,151,84
S01686,180,91,51
S01687,180,144,80
S01688,180,118,66
S01689,180,153,85
S01690,180,120,67
S01691,180,142,79
S01692,180,106,59
S01693,180,118,66
S01694,180,129,72
S01695,180,118,66
S01696,180,145,81
S01697,180,149,83
S01698,180,172,96
S01699,180,115,64
S01700,180,172,96
S01701,180,149,83
S01702,180,131,73
S01703,180,115,64
S01704,180,138,77
S01705,180,135,75
S01706,180,117,65
S01707,180,160,89
S01708,180,122,68
S01709,180,153,85
S01710,180,109,61
S01711,180,138,77
S01712,180,142,79
S01713,180,165,92
S01714,180,180,100
S01715,180,106,59
S01716,180,138,77
S01717,180,142,79
S01718,180,174,97
S01719,180,122,68
S01720,180,125,70
S01721,180,125,70
S01722,180,171,95
S01723,180,136,76
S01724,180,102,57
S01725,180,149,83
S01726,180,144,80
S01727,180,118,66
S01728,180,158,88
S01729,180,138,77
S01730,180,169,94
S01731,180,109,61
S01732,180,120,67
S01733,180,108,60
S01734,180,135,75
S01735,180,95,53
S01736,180,156,87
S01737,180,140,78
S01738,180,133,74
S01739,180,158,88
S01740,180,145,81
S01741,180,180,100
S01742,180,135,75
S01743,180,169,94
S01744,180,108,60
S01745,180,180,100
S01746,180,180,100
S01747,180,142,79
S01748,180,109,61
S01749,180,111,62
S01750,180,171,95
S01751,180,124,69
S01752,180,176,98
S01753,180,124,69
S01754,180,180,100
S01755,180,111,62
S01756,180,81,45
S01757,180,127,71
S01758,180,142,79
S01759,180,147,82
S01760,180,135,75
S01761,180,147,82
S01762,180,97,54
S01763,180,108,60
S01764,180,142,79
S01765,180,151,84
S01766,180,165,92
S01767,180,171,95
S01768,180,135,75
S01769,180,127,71
S01770,180,178,99
S01771,180,172,96
S01772,180,138,77
S01773,180,124,69
S01774,180,149,83
S01775,180,158,88
S01776,180,118,66
S01777,180,156,87
S01778,180,162,90
S01779,180,160,89
S01780,180,133,74
S01781,180,133,74
S01782,180,118,66
S01783,180,86,48
S01784,180,135,75
S01785,180,142,79
S01786,180,135,75
S01787,180,156,87
S01788,180,125,70
S01789,180,111,62
S01790,180,172,96
S01791,180,122,68
S01792,180,172,96
S01793,180,140,78
S01794,180,122,68
S01795,180,140,78
S01796,180,151,84
S01797,180,127,71
S01798,180,124,69
S01799,180,124,69
S01800,180,145,81
S01801,180,118,66
S01802,180,118,66
S01803,180,167,93
S01804,180,117,65
S01805,180,149,83
S01806,180,108,60
S01807,180,124,69
S01808,180,97,54
S01809,180,154,86
S01810,180,131,73
S01811,180,169,94
S01812,180,136,76
S01813,180,136,76
S01814,180,167,93
S01815,180,153,85
S01816,180,140,78
S01817,180,163,91
S01818,180,167,93
S01819,180,122,68
S01820,180,135,75
S01821,180,169,94
S01822,180,124,69
S01823,180,135,75
S01824,180,127,71
S01825,180,144,80
S01826,180,129,72
S01827,180,113,63
S01828,180,133,74
S01829,180,158,88
S01830,180,147,82
S01831,180,176,98
S01832,180,158,88
S01833,180,145,81
S01834,180,106,59
S01835,180,154,86
S01836,180,133,74
S01837,180,131,73
S01838,180,127,71
S01839,180,140,78
S01840,180,149,83
S01841,180,117,65
S01842,180,180,100
S01843,180,169,94
S01844,180,138,77
S01845,180,142,79
S01846,180,120,67
S01847,180,133,74
S01848,180,129,72
S01849,180,117,65
S01850,180,118,66
S01851,180,158,88
S01852,180,125,70
S01853,180,151,84
S01854,180,135,75
S01855,180,124,69
S01856,180,149,83
S01857,180,162,90
S01858,180,135,75
S01859,180,120,67
S01860,180,140,78
S01861,180,142,79
S01862,180,153,85
S01863,180,149,83
S01864,180,147,82
S01865,180,149,83
S01866,180,135,75
S01867,180,106,59
S01868,180,160,89
S01869,180,151,84
S01870,180,113,63
S01871,180,171,95
S01872,180,162,90
S01873,180,113,63
S01874,180,163,91
S01875,180,120,67
S01876,180,117,65
S01877,180,145,81
S01878,180,162,90
S01879,180,102,57
S01880,180,135,75
S01881,180,91,51
S01882,180,160,89
S01883,180,118,66
S01884,180,118,66
S01885,180,147,82
S01886,180,118,66
S01887,180,120,67
S01888,180,131,73
S01889,180,156,87
S01890,180,154,86
S01891,180,99,55
S01892,180,147,82
S01893,180,145,81
S01894,180,140,78
S01895,180,136,76
S01896,180,172,96
S01897,180,158,88
S01898,180,136,76
S01899,180,144,80
S01900,180,149,83
S01901,180,118,66
S01902,180,90,50
S01903,180,127,71
S01904,180,144,80
S01905,180,109,61
S01906,180,153,85
S01907,180,125,70
S01908,180,140,78
S01909,180,142,79
S01910,180,142,79
S01911,180,79,44
S01912,180,111,62
S01913,180,133,74
S01914,180,158,88
S01915,180,158,88
S01916,180,180,100
S01917,180,145,81
S01918,180,129,72
S01919,180,145,81
S01920,180,140,78
S01921,180,162,90
S01922,180,167,93
S01923,180,144,80
S01924,180,127,71
S01925,180,106,59
S01926,180,138,77
S01927,180,174,97
S01928,180,113,63
S01929,180,160,89
S01930,180,158,88
S01931,180,158,88
S01932,180,122,68
S01933,180,158,88
S01934,180,117,65
S01935,180,109,61
S01936,180,165,92
S01937,180,106,59
S01938,180,145,81
S01939,180,133,74
S01940,180,176,98
S01941,180,144,80
S01942,180,142,79
S01943,180,144,80
S01944,180,133,74
S01945,180,154,86
S01946,180,102,57
S01947,180,99,55
S01948,180,140,78
S01949,180,165,92
S01950,180,147,82
S01951,180,95,53
S01952,180,113,63
S01953,180,115,64
S01954,180,122,68
S01955,180,124,69
S01956,180,108,60
S01957,180,142,79
S01958,180,167,93
S01959,180,113,63
S01960,180,158,88
S01961,180,133,74
S01962,180,138,77
S01963,180,125,70
S01964,180,120,67
S01965,180,149,83
S01966,180,160,89
S01967,180,149,83
S01968,180,113,63
S01969,180,156,87
S01970,180,144,80
S01971,180,140,78
S01972,180,147,82
S01973,180,149,83
S01974,180,163,91
S01975,180,140,78
S01976,180,158,88
S01977,180,144,80
S01978,180,136,76
S01979,180,136,76
S01980,180,113,63
S01981,180,131,73
S01982,180,117,65
S01983,180,124,69
S01984,180,113,63
S01985,180,138,77
S01986,180,127,71
S01987,180,115,64
S01988,180,122,68
S01989,180,122,68
S01990,180,127,71
S01991,180,131,73
S01992,180,156,87
S01993,180,127,71
S01994,180,180,100
S01995,180,154,86
S01996,180,180,100
S01997,180,138,77
S01998,180,124,69
S01999,180,169,94
S02000,180,129,72
S02001,180,147,82
S02002,180,140,78
S02003,180,124,69
S02004,180,158,88
S02005,180,113,63
S02006,180,120,67
S02007,180,124,69
S02008,180,140,78
S02009,180,171,95
S02010,180,120,67
S02011,180,144,80
S02012,180,140,78
S02013,180,145,81
S02014,180,133,74
S02015,180,136,76
S02016,180,171,95
S02017,180,111,62
S02018,180,147,82
S02019,180,153,85
S02020,180,117,65
S02021,180,124,69
S02022,180,169,94
S02023,180,120,67
S02024,180,120,67
S02025,180,156,87
S02026,180,90,50
S02027,180,129,72
S02028,180,115,64
S02029,180,165,92
S02030,180,127,71
S02031,180,149,83
S02032,180,138,77
S02033,180,109,61
S02034,180,162,90
S02035,180,127,71
S02036,180,113,63
S02037,180,158,88
S02038,180,140,78
S02039,180,169,94
S02040,180,138,77
S02041,180,169,94
S02042,180,149,83
S02043,180,176,98
S02044,180,154,86
S02045,180,124,69
S02046,180,163,91
S02047,180,127,71
S02048,180,169,94
S02049,180,111,62
S02050,180,142,79
S02051,180,158,88
S02052,180,106,59
S02053,180,135,75
S02054,180,149,83
S02055,180,136,76
S02056,180,115,64
S02057,180,149,83
S02058,180,154,86
S02059,180,135,75
S02060,180,153,85
S02061,180,125,70
S02062,180,151,84
S02063,180,111,62
S02064,180,117,65
S02065,180,156,87
S02066,180,167,93
S02067,180,133,74
S02068,180,142,79
S02069,180,138,77
S02070,180,165,92
S02071,180,136,76
S02072,180,142,79
S02073,180,172,96
S02074,180,133,74
S02075,180,151,84
S02076,180,120,67
S02077,180,127,71
S02078,180,147,82
S02079,180,153,85
S02080,180,113,63
S02081,180,138,77
S02082,180,145,81
S02083,180,125,70
S02084,180,158,88
S02085,180,120,67
S02086,180,133,74
S02087,180,151,84
S02088,180,133,74
S02089,180,111,62
S02090,180,118,66
S02091,180,131,73
S02092,180,154,86
S02093,180,138,77
S02094,180,106,59
S02095,180,117,65
S02096,180,165,92
S02097,180,106,59
S02098,180,147,82
S02099,180,135,75
S02100,180,120,67
S02101,180,160,89
S02102,180,140,78
S02103,180,180,100
S02104,180,144,80
S02105,180,163,91
S02106,180,131,73
S02107,180,133,74
S02108,180,174,97
S02109,180,151,84
S02110,180,145,81
S02111,180,135,75
S02112,180,169,94
S02113,180,125,70
S02114,180,140,78
S02115,180,153,85
S02116,180,133,74
S02117,180,125,70
S02118,180,153,85
S02119,180,133,74
S02120,180,160,89
S02121,180,120,67
S02122,180,95,53
S02123,180,158,88
S02124,180,100,56
S02125,180,138,77
S02126,180,124,69
S02127,180,120,67
S02128,180,160,89
S02129,180,142,79
S02130,180,117,65
S02131,180,138,77
S02132,180,154,86
S02133,180,144,80
S02134,180,113,63
S02135,180,122,68
S02136,180,154,86
S02137,180,145,81
S02138,180,120,67
S02139,180,142,79
S02140,180,136,76
S02141,180,127,71
S02142,180,145,81
S02143,180,145,81
S02144,180,136,76
S02145,180,162,90
S02146,180,162,90
S02147,180,142,79
S02148,180,153,85
S02149,180,113,63
S02150,180,111,62
S02151,180,136,76
S02152,180,162,90
S02153,180,104,58
S02154,180,95,53
S02155,180,153,85
S02156,180,178,99
S02157,180,111,62
S02158,180,108,60
S02159,180,131,73
S02160,180,125,70
S02161,180,156,87
S02162,180,135,75
S02163,180,108,60
S02164,180,145,81
S02165,180,140,78
S02166,180,124,69
S02167,180,147,82
S02168,180,138,77
S02169,180,129,72
S02170,180,135,75
S02171,180,125,70
S02172,180,125,70
S02173,180,118,66
S02174,180,111,62
S02175,180,140,78
S02176,180,124,69
S02177,180,142,79
S02178,180,147,82
S02179,180,178,99
S02180,180,180,100
S02181,180,144,80
S02182,180,153,85
S02183,180,147,82
S02184,180,111,62
S02185,180,90,50
S02186,180,160,89
S02187,180,124,69
S02188,180,90,50
S02189,180,180,100
S02190,180,180,100
S02191,180,129,72
S02192,180,108,60
S02193,180,120,67
S02194,180,169,94
S02195,180,145,81
S02196,180,153,85
S02197,180,165,92
S02198,180,160,89
S02199,180,163,91
S02200,180,133,74
S02201,180,160,89
S02202,180,131,73
S02203,180,167,93
S02204,180,117,65
S02205,180,117,65
S02206,180,163,91
S02207,180,180,100
S02208,180,133,74
S02209,180,131,73
S02210,180,180,100
S02211,180,156,87
S02212,180,171,95
S02213,180,129,72
S02214,180,140,78
S02215,180,142,79
S02216,180,140,78
S02217,180,125,70
S02218,180,129,72
S02219,180,147,82
S02220,180,140,78
S02221,180,102,57
S02222,180,180,100
S02223,180,133,74
S02224,180,113,63
S02225,180,142,79
S02226,180,153,85
S02227,180,111,62
S02228,180,97,54
S02229,180,147,82
S02230,180,131,73
S02231,180,108,60
S02232,180,174,97
S02233,180,133,74
S02234,180,122,68
S02235,180,180,100
S02236,180,104,58
S02237,180,180,100
S02238,180,144,80
S02239,180,174,97
S02240,180,149,83
S02241,180,133,74
S02242,180,120,67
S02243,180,142,79
S02244,180,129,72
S02245,180,151,84
S02246,180,172,96
S02247,180,131,73
S02248,180,171,95
S02249,180,154,86
S02250,180,165,92
S02251,180,158,88
S02252,180,147,82
S02253,180,127,71
S02254,180,153,85
S02255,180,135,75
S02256,180,142,79
S02257,180,125,70
S02258,180,140,78
S02259,180,147,82
S02260,180,118,66
S02261,180,160,89
S02262,180,142,79
S02263,180,145,81
S02264,180,124,69
S02265,180,135,75
S02266,180,118,66
S02267,180,167,93
S02268,180,131,73
S02269,180,113,63
S02270,180,167,93
S02271,180,158,88
S02272,180,145,81
S02273,180,163,91
S02274,180,145,81
S02275,180,109,61
S02276,180,135,75
S02277,180,133,74
S02278,180,140,78
S02279,180,147,82
S02280,180,167,93
S02281,180,138,77
S02282,180,153,85
S02283,180,147,82
S02284,180,165,92
S02285,180,153,85
S02286,180,180,100
S02287,180,180,100
S02288,180,122,68
S02289,180,133,74
S02290,180,154,86
S02291,180,169,94
S02292,180,153,85
S02293,180,142,79
S02294,180,163,91
S02295,180,135,75
S02296,180,113,63
S02297,180,129,72
S02298,180,156,87
S02299,180,149,83
S02300,180,120,67
S02301,180,118,66
S02302,180,133,74
S02303,180,140,78
S02304,180,162,90
S02305,180,133,74
S02306,180,160,89
S02307,180,124,69
S02308,180,125,70
S02309,180,145,81
S02310,180,138,77
S02311,180,138,77
S02312,180,151,84
S02313,180,140,78
S02314,180,133,74
S02315,180,165,92
S02316,180,142,79
S02317,180,149,83
S02318,180,147,82
S02319,180,147,82
S02320,180,140,78
S02321,180,111,62
S02322,180,129,72
S02323,180,140,78
S02324,180,133,74
S02325,180,131,73
S02326,180,140,78
S02327,180,122,68
S02328,180,93,52
S02329,180,120,67
S02330,180,131,73
S02331,180,127,71
S02332,180,133,74
S02333,180,125,70
S02334,180,129,72
S02335,180,118,66
S02336,180,125,70
S02337,180,149,83
S02338,180,144,80
S02339,180,149,83
S02340,180,136,76
S02341,180,124,69
S02342,180,144,80
S02343,180,108,60
S02344,180,111,62
S02345,180,171,95
S02346,180,131,73
S02347,180,90,50
S02348,180,180,100
S02349,180,122,68
S02350,180,144,80
S02351,180,142,79
S02352,180,178,99
S02353,180,135,75
S02354,180,138,77
S02355,180,154,86
S02356,180,163,91
S02357,180,160,89
S02358,180,176,98
S02359,180,111,62
S02360,180,147,82
S02361,180,140,78
S02362,180,151,84
S02363,180,129,72
S02364,180,163,91
S02365,180,163,91
S02366,180,147,82
S02367,180,156,87
S02368,180,151,84
S02369,180,136,76
S02370,180,163,91
S02371,180,158,88
S02372,180,167,93
S02373,180,151,84
S02374,180,115,64
S02375,180,102,57
S02376,180,154,86
S02377,180,149,83
S02378,180,154,86
S02379,180,118,66
S02380,180,95,53
S02381,180,162,90
S02382,180,158,88
S02383,180,125,70
S02384,180,102,57
S02385,180,180,100
S02386,180,180,100
S02387,180,144,80
S02388,180,142,79
S02389,180,176,98
S02390,180,163,91
S02391,180,147,82
S02392,180,82,46
S02393,180,158,88
S02394,180,144,80
S02395,180,138,77
S02396,180,140,78
S02397,180,113,63
S02398,180,133,74
S02399,180,147,82
S02400,180,154,86
S02401,180,149,83
S02402,180,136,76
S02403,180,165,92
S02404,180,124,69
S02405,180,142,79
S02406,180,153,85
S02407,180,125,70
S02408,180,120,67
S02409,180,140,78
S02410,180,165,92
S02411,180,156,87
S02412,180,142,79
S02413,180,140,78
S02414,180,91,51
S02415,180,158,88
S02416,180,154,86
S02417,180,140,78
S02418,180,162,90
S02419,180,135,75
S02420,180,154,86
S02421,180,135,75
S02422,180,124,69
S02423,180,160,89
S02424,180,167,93
S02425,180,140,78
S02426,180,140,78
S02427,180,122,68
S02428,180,129,72
S02429,180,131,73
S02430,180,129,72
S02431,180,156,87
S02432,180,117,65
S02433,180,133,74
S02434,180,122,68
S02435,180,144,80
S02436,180,138,77
S02437,180,158,88
S02438,180,127,71
S02439,180,162,90
S02440,180,127,71
S02441,180,133,74
S02442,180,127,71
S02443,180,151,84
S02444,180,120,67
S02445,180,136,76
S02446,180,165,92
S02447,180,142,79
S02448,180,115,64
S02449,180,156,87
S02450,180,118,66
S02451,180,109,61
S02452,180,136,76
S02453,180,167,93
S02454,180,154,86
S02455,180,117,65
S02456,180,122,68
S02457,180,169,94
S02458,180,149,83
S02459,180,113,63
S02460,180,169,94
S02461,180,154,86
S02462,180,91,51
S02463,180,131,73
S02464,180,138,77
S02465,180,131,73
S02466,180,99,55
S02467,180,135,75
S02468,180,118,66
S02469,180,120,67
S02470,180,160,89
S02471,180,100,56
S02472,180,117,65
S02473,180,127,71
S02474,180,140,78
S02475,180,142,79
S02476,180,136,76
S02477,180,165,92
S02478,180,163,91
S02479,180,120,67
S02480,180,135,75
S02481,180,125,70
S02482,180,99,55
S02483,180,140,78
S02484,180,135,75
S02485,180,138,77
S02486,180,158,88
S02487,180,165,92
S02488,180,140,78
S02489,180,135,75
S02490,180,135,75
S02491,180,162,90
S02492,180,169,94
S02493,180,117,65
S02494,180,154,86
S02495,180,124,69
S02496,180,136,76
S02497,180,109,61
S02498,180,160,89
S02499,180,144,80
S02500,180,100,56
S02501,180,140,78
S02502,180,138,77
S02503,180,109,61
S02504,180,135,75
S02505,180,133,74
S02506,180,180,100
S02507,180,133,74
S02508,180,99,55
S02509,180,108,60
S02510,180,178,99
S02511,180,167,93
S02512,180,86,48
S02513,180,138,77
S02514,180,145,81
S02515,180,153,85
S02516,180,140,78
S02517,180,158,88
S02518,180,120,67
S02519,180,131,73
S02520,180,140,78
S02521,180,125,70
S02522,180,111,62
S02523,180,165,92
S02524,180,131,73
S02525,180,136,76
S02526,180,124,69
S02527,180,122,68
S02528,180,151,84
S02529,180,145,81
S02530,180,129,72
S02531,180,117,65
S02532,180,102,57
S02533,180,118,66
S02534,180,144,80
S02535,180,158,88
S02536,180,131,73
S02537,180,102,57
S02538,180,133,74
S02539,180,142,79
S02540,180,153,85
S02541,180,147,82
S02542,180,127,71
S02543,180,180,100
S02544,180,154,86
S02545,180,138,77
S02546,180,127,71
S02547,180,100,56
S02548,180,138,77
S02549,180,149,83
S02550,180,99,55
S02551,180,153,85
S02552,180,145,81
S02553,180,118,66
S02554,180,136,76
S02555,180,154,86
S02556,180,131,73
S02557,180,117,65
S02558,180,136,76
S02559,180,138,77
S02560,180,118,66
S02561,180,127,71
S02562,180,86,48
S02563,180,172,96
S02564,180,129,72
S02565,180,138,77
S02566,180,151,84
S02567,180,158,88
S02568,180,100,56
S02569,180,140,78
S02570,180,151,84
S02571,180,125,70
S02572,180,109,61
S02573,180,145,81
S02574,180,127,71
S02575,180,163,91
S02576,180,124,69
S02577,180,167,93
S02578,180,149,83
S02579,180,138,77
S02580,180,124,69
S02581,180,151,84
S02582,180,154,86
S02583,180,118,66
S02584,180,171,95
S02585,180,167,93
S02586,180,115,64
S02587,180,154,86
S02588,180,142,79
S02589,180,106,59
S02590,180,124,69
S02591,180,138,77
S02592,180,140,78
S02593,180,115,64
S02594,180,133,74
S02595,180,178,99
S02596,180,131,73
S02597,180,131,73
S02598,180,111,62
S02599,180,117,65
S02600,180,125,70
S02601,180,151,84
S02602,180,151,84
S02603,180,120,67
S02604,180,122,68
S02605,180,178,99
S02606,180,167,93
S02607,180,163,91
S02608,180,138,77
S02609,180,180,100
S02610,180,167,93
S02611,180,162,90
S02612,180,127,71
S02613,180,138,77
S02614,180,145,81
S02615,180,138,77
S02616,180,153,85
S02617,180,111,62
S02618,180,140,78
S02619,180,106,59
S02620,180,129,72
S02621,180,129,72
S02622,180,136,76
S02623,180,180,100
S02624,180,145,81
S02625,180,106,59
S02626,180,180,100
S02627,180,113,63
S02628,180,104,58
S02629,180,172,96
S02630,180,129,72
S02631,180,104,58
S02632,180,108,60
S02633,180,136,76
S02634,180,133,74
S02635,180,111,62
S02636,180,158,88
S02637,180,133,74
S02638,180,124,69
S02639,180,144,80
S02640,180,120,67
S02641,180,163,91
S02642,180,158,88
S02643,180,122,68
S02644,180,125,70
S02645,180,162,90
S02646,180,158,88
S02647,180,171,95
S02648,180,154,86
S02649,180,144,80
S02650,180,149,83
S02651,180,149,83
S02652,180,151,84
S02653,180,108,60
S02654,180,131,73
S02655,180,127,71
S02656,180,163,91
S02657,180,131,73
S02658,180,151,84
S02659,180,140,78
S02660,180,169,94
S02661,180,172,96
S02662,180,165,92
S02663,180,129,72
S02664,180,135,75
S02665,180,172,96
S02666,180,142,79
S02667,180,133,74
S02668,180,145,81
S02669,180,125,70
S02670,180,169,94
S02671,180,145,81
S02672,180,135,75
S02673,180,160,89
S02674,180,95,53
S02675,180,145,81
S02676,180,113,63
S02677,180,97,54
S02678,180,120,67
S02679,180,131,73
S02680,180,147,82
S02681,180,145,81
S02682,180,147,82
S02683,180,147,82
S02684,180,122,68
S02685,180,95,53
S02686,180,167,93
S02687,180,153,85
S02688,180,169,94
S02689,180,169,94
S02690,180,135,75
S02691,180,111,62
S02692,180,120,67
S02693,180,100,56
S02694,180,120,67
S02695,180,158,88
S02696,180,144,80
S02697,180,117,65
S02698,180,135,75
S02699,180,129,72
S02700,180,145,81
S02701,180,117,65
S02702,180,124,69
S02703,180,136,76
S02704,180,133,74
S02705,180,149,83
S02706,180,93,52
S02707,180,127,71
S02708,180,158,88
S02709,180,144,80
S02710,180,156,87
S02711,180,180,100
S02712,180,109,61
S02713,180,142,79
S02714,180,138,77
S02715,180,124,69
S02716,180,115,64
S02717,180,144,80
S02718,180,160,89
S02719,180,171,95
S02720,180,154,86
S02721,180,147,82
S02722,180,111,62
S02723,180,154,86
S02724,180,135,75
S02725,180,147,82
S02726,180,125,70
S02727,180,106,59
S02728,180,154,86
S02729,180,140,78
S02730,180,102,57
S02731,180,156,87
S02732,180,171,95
S02733,180,133,74
S02734,180,90,50
S02735,180,97,54
S02736,180,140,78
S02737,180,160,89
S02738,180,129,72
S02739,180,147,82
S02740,180,129,72
S02741,180,120,67
S02742,180,160,89
S02743,180,136,76
S02744,180,145,81
S02745,180,180,100
S02746,180,169,94
S02747,180,167,93
S02748,180,120,67
S02749,180,145,81
S02750,180,138,77
S02751,180,100,56
S02752,180,115,64
S02753,180,144,80
S02754,180,156,87
S02755,180,125,70
S02756,180,151,84
S02757,180,125,70
S02758,180,131,73
S02759,180,169,94
S02760,180,145,81
S02761,180,138,77
S02762,180,125,70
S02763,180,154,86
S02764,180,156,87
S02765,180,180,100
S02766,180,151,84
S02767,180,109,61
S02768,180,133,74
S02769,180,127,71
S02770,180,84,47
S02771,180,142,79
S02772,180,162,90
S02773,180,154,86
S02774,180,154,86
S02775,180,149,83
S02776,180,151,84
S02777,180,163,91
S02778,180,180,100
S02779,180,133,74
S02780,180,180,100
S02781,180,144,80
S02782,180,180,100
S02783,180,163,91
S02784,180,151,84
S02785,180,153,85
S02786,180,140,78
S02787,180,117,65
S02788,180,154,86
S02789,180,165,92
S02790,180,133,74
S02791,180,149,83
S02792,180,142,79
S02793,180,127,71
S02794,180,118,66
S02795,180,131,73
S02796,180,117,65
S02797,180,111,62
S02798,180,120,67
S02799,180,120,67
S02800,180,151,84
S02801,180,135,75
S02802,180,162,90
S02803,180,95,53
S02804,180,115,64
S02805,180,122,68
S02806,180,156,87
S02807,180,169,94
S02808,180,162,90
S02809,180,125,70
S02810,180,135,75
S02811,180,154,86
S02812,180,142,79
S02813,180,140,78
S02814,180,84,47
S02815,180,151,84
S02816,180,111,62
S02817,180,140,78
S02818,180,142,79
S02819,180,140,78
S02820,180,174,97
S02821,180,165,92
S02822,180,147,82
S02823,180,133,74
S02824,180,84,47
S02825,180,158,88
S02826,180,165,92
S02827,180,163,91
S02828,180,131,73
S02829,180,180,100
S02830,180,154,86
S02831,180,180,100
S02832,180,109,61
S02833,180,138,77
S02834,180,138,77
S02835,180,142,79
S02836,180,106,59
S02837,180,151,84
S02838,180,156,87
S02839,180,142,79
S02840,180,151,84
S02841,180,124,69
S02842,180,113,63
S02843,180,145,81
S02844,180,131,73
S02845,180,125,70
S02846,180,163,91
S02847,180,127,71
S02848,180,125,70
S02849,180,136,76
S02850,180,133,74
S02851,180,93,52
S02852,180,102,57
S02853,180,125,70
S02854,180,136,76
S02855,180,156,87
S02856,180,172,96
S02857,180,147,82
S02858,180,135,75
S02859,180,136,76
S02860,180,127,71
S02861,180,106,59
S02862,180,102,57
S02863,180,153,85
S02864,180,169,94
S02865,180,131,73
S02866,180,153,85
S02867,180,120,67
S02868,180,122,68
S02869,180,145,81
S02870,180,131,73
S02871,180,142,79
S02872,180,127,71
S02873,180,133,74
S02874,180,147,82
S02875,180,180,100
S02876,180,144,80
S02877,180,147,82
S02878,180,162,90
S02879,180,99,55
S02880,180,160,89
S02881,180,163,91
S02882,180,169,94
S02883,180,135,75
S02884,180,142,79
S02885,180,167,93
S02886,180,90,50
S02887,180,113,63
S02888,180,133,74
S02889,180,109,61
S02890,180,142,79
S02891,180,115,64
S02892,180,149,83
S02893,180,142,79
S02894,180,151,84
S02895,180,136,76
S02896,180,140,78
S02897,180,163,91
S02898,180,147,82
S02899,180,145,81
S02900,180,178,99
S02901,180,124,69
S02902,180,136,76
S02903,180,135,75
S02904,180,111,62
S02905,180,138,77
S02906,180,115,64
S02907,180,118,66
S02908,180,136,76
S02909,180,99,55
S02910,180,118,66
S02911,180,142,79
S02912,180,138,77
S02913,180,129,72
S02914,180,153,85
S02915,180,100,56
S02916,180,167,93
S02917,180,82,46
S02918,180,122,68
S02919,180,153,85
S02920,180,149,83
S02921,180,144,80
S02922,180,147,82
S02923,180,180,100
S02924,180,131,73
S02925,180,113,63
S02926,180,147,82
S02927,180,163,91
S02928,180,129,72
S02929,180,147,82
S02930,180,104,58
S02931,180,109,61
S02932,180,160,89
S02933,180,180,100
S02934,180,129,72
S02935,180,129,72
S02936,180,180,100
S02937,180,158,88
S02938,180,118,66
S02939,180,129,72
S02940,180,138,77
S02941,180,158,88
S02942,180,147,82
S02943,180,131,73
S02944,180,127,71
S02945,180,138,77
S02946,180,100,56
S02947,180,144,80
S02948,180,151,84
S02949,180,129,72
S02950,180,118,66
S02951,180,122,68
S02952,180,129,72
S02953,180,151,84
S02954,180,127,71
S02955,180,180,100
S02956,180,131,73
S02957,180,158,88
S02958,180,106,59
S02959,180,176,98
S02960,180,180,100
S02961,180,140,78
S02962,180,149,83
S02963,180,145,81
S02964,180,162,90
S02965,180,162,90
S02966,180,86,48
S02967,180,156,87
S02968,180,162,90
S02969,180,124,69
S02970,180,129,72
S02971,180,109,61
S02972,180,136,76
S02973,180,118,66
S02974,180,180,100
S02975,180,136,76
S02976,180,142,79
S02977,180,133,74
S02978,180,104,58
S02979,180,125,70
S02980,180,171,95
S02981,180,149,83
S02982,180,125,70
S02983,180,133,74
S02984,180,118,66
S02985,180,135,75
S02986,180,144,80
S02987,180,172,96
S02988,180,160,89
S02989,180,125,70
S02990,180,140,78
S02991,180,73,41
S02992,180,124,69
S02993,180,167,93
S02994,180,149,83
S02995,180,142,79
S02996,180,140,78
S02997,180,180,100
S02998,180,129,72
S02999,180,180,100
S03000,180,145,81
S03001,180,151,84
S03002,180,136,76
S03003,180,124,69
S03004,180,109,61
S03005,180,109,61
S03006,180,117,65
S03007,180,145,81
S03008,180,144,80
S03009,180,108,60
S03010,180,109,61
S03011,180,156,87
S03012,180,127,71
S03013,180,153,85
S03014,180,127,71
S03015,180,154,86
S03016,180,129,72
S03017,180,162,90
S03018,180,171,95
S03019,180,140,78
S03020,180,115,64
S03021,180,129,72
S03022,180,120,67
S03023,180,171,95
S03024,180,180,100
S03025,180,147,82
S03026,180,115,64
S03027,180,158,88
S03028,180,135,75
S03029,180,162,90
S03030,180,174,97
S03031,180,160,89
S03032,180,104,58
S03033,180,102,57
S03034,180,176,98
S03035,180,135,75
S03036,180,142,79
S03037,180,138,77
S03038,180,156,87
S03039,180,117,65
S03040,180,120,67
S03041,180,142,79
S03042,180,133,74
S03043,180,102,57
S03044,180,154,86
S03045,180,125,70
S03046,180,127,71
S03047,180,113,63
S03048,180,115,64
S03049,180,129,72
S03050,180,147,82
S03051,180,163,91
S03052,180,122,68
S03053,180,122,68
S03054,180,117,65
S03055,180,125,70
S03056,180,169,94
S03057,180,151,84
S03058,180,144,80
S03059,180,127,71
S03060,180,125,70
S03061,180,131,73
S03062,180,165,92
S03063,180,151,84
S03064,180,160,89
S03065,180,127,71
S03066,180,147,82
S03067,180,142,79
S03068,180,136,76
S03069,180,140,78
S03070,180,156,87
S03071,180,142,79
S03072,180,147,82
S03073,180,180,100
S03074,180,169,94
S03075,180,127,71
S03076,180,149,83
S03077,180,142,79
S03078,180,129,72
S03079,180,115,64
S03080,180,136,76
S03081,180,153,85
S03082,180,117,65
S03083,180,147,82
S03084,180,115,64
S03085,180,147,82
S03086,180,162,90
S03087,180,178,99
S03088,180,144,80
S03089,180,122,68
S03090,180,153,85
S03091,180,100,56
S03092,180,135,75
S03093,180,180,100
S03094,180,149,83
S03095,180,136,76
S03096,180,117,65
S03097,180,124,69
S03098,180,149,83
S03099,180,169,94
S03100,180,151,84
S03101,180,108,60
S03102,180,120,67
S03103,180,129,72
S03104,180,131,73
S03105,180,122,68
S03106,180,125,70
S03107,180,127,71
S03108,180,104,58
S03109,180,163,91
S03110,180,111,62
S03111,180,162,90
S03112,180,136,76
S03113,180,160,89
S03114,180,102,57
S03115,180,131,73
S03116,180,95,53
S03117,180,118,66
S03118,180,100,56
S03119,180,145,81
S03120,180,167,93
S03121,180,131,73
S03122,180,147,82
S03123,180,129,72
S03124,180,136,76
S03125,180,125,70
S03126,180,153,85
S03127,180,127,71
S03128,180,133,74
S03129,180,151,84
S03130,180,140,78
S03131,180,180,100
S03132,180,158,88
S03133,180,149,83
S03134,180,115,64
S03135,180,153,85
S03136,180,144,80
S03137,180,129,72
S03138,180,145,81
S03139,180,127,71
S03140,180,140,78
S03141,180,140,78
S03142,180,149,83
S03143,180,149,83
S03144,180,124,69
S03145,180,162,90
S03146,180,149,83
S03147,180,131,73
S03148,180,136,76
S03149,180,169,94
S03150,180,115,64
S03151,180,144,80
S03152,180,104,58
S03153,180,178,99
S03154,180,163,91
S03155,180,142,79
S03156,180,99,55
S03157,180,147,82
S03158,180,120,67
S03159,180,151,84
S03160,180,154,86
S03161,180,131,73
S03162,180,174,97
S03163,180,138,77
S03164,180,131,73
S03165,180,131,73
S03166,180,147,82
S03167,180,124,69
S03168,180,127,71
S03169,180,180,100
S03170,180,113,63
S03171,180,158,88
S03172,180,158,88
S03173,180,133,74
S03174,180,118,66
S03175,180,125,70
S03176,180,154,86
S03177,180,151,84
S03178,180,151,84
S03179,180,174,97
S03180,180,174,97
S03181,180,136,76
S03182,180,133,74
S03183,180,145,81
S03184,180,129,72
S03185,180,129,72
S03186,180,125,70
S03187,180,127,71
S03188,180,145,81
S03189,180,131,73
S03190,180,154,86
S03191,180,174,97
S03192,180,138,77
S03193,180,145,81
S03194,180,158,88
S03195,180,171,95
S03196,180,144,80
S03197,180,113,63
S03198,180,111,62
S03199,180,127,71
S03200,180,99,55
S03201,180,136,76
S03202,180,151,84
S03203,180,135,75
S03204,180,125,70
S03205,180,144,80
S03206,180,113,63
S03207,180,125,70
S03208,180,122,68
S03209,180,165,92
S03210,180,147,82
S03211,180,124,69
S03212,180,171,95
S03213,180,158,88
S03214,180,149,83
S03215,180,144,80
S03216,180,138,77
S03217,180,136,76
S03218,180,113,63
S03219,180,147,82
S03220,180,131,73
S03221,180,180,100
S03222,180,135,75
S03223,180,158,88
S03224,180,84,47
S03225,180,97,54
S03226,180,104,58
S03227,180,127,71
S03228,180,133,74
S03229,180,133,74
S03230,180,118,66
S03231,180,165,92
S03232,180,97,54
S03233,180,133,74
S03234,180,154,86
S03235,180,108,60
S03236,180,131,73
S03237,180,144,80
S03238,180,156,87
S03239,180,180,100
S03240,180,147,82
S03241,180,149,83
S03242,180,142,79
S03243,180,163,91
S03244,180,145,81
S03245,180,117,65
S03246,180,115,64
S03247,180,129,72
S03248,180,136,76
S03249,180,154,86
S03250,180,106,59
S03251,180,167,93
S03252,180,135,75
S03253,180,158,88
S03254,180,133,74
S03255,180,95,53
S03256,180,82,46
S03257,180,151,84
S03258,180,99,55
S03259,180,180,100
S03260,180,124,69
S03261,180,145,81
S03262,180,122,68
S03263,180,109,61
S03264,180,165,92
S03265,180,167,93
S03266,180,171,95
S03267,180,117,65
S03268,180,144,80
S03269,180,163,91
S03270,180,169,94
S03271,180,117,65
S03272,180,142,79
S03273,180,149,83
S03274,180,91,51
S03275,180,122,68
S03276,180,156,87
S03277,180,117,65
S03278,180,140,78
S03279,180,142,79
S03280,180,163,91
S03281,180,117,65
S03282,180,154,86
S03283,180,180,100
S03284,180,97,54
S03285,180,136,76
S03286,180,111,62
S03287,180,117,65
S03288,180,162,90
S03289,180,158,88
S03290,180,169,94
S03291,180,124,69
S03292,180,147,82
S03293,180,111,62
S03294,180,70,39
S03295,180,144,80
S03296,180,118,66
S03297,180,120,67
S03298,180,133,74
S03299,180,156,87
S03300,180,131,73
S03301,180,104,58
S03302,180,111,62
S03303,180,144,80
S03304,180,145,81
S03305,180,145,81
S03306,180,111,62
S03307,180,158,88
S03308,180,117,65
S03309,180,144,80
S03310,180,138,77
S03311,180,144,80
S03312,180,154,86
S03313,180,180,100
S03314,180,138,77
S03315,180,138,77
S03316,180,131,73
S03317,180,109,61
S03318,180,125,70
S03319,180,158,88
S03320,180,138,77
S03321,180,125,70
S03322,180,154,86
S03323,180,153,85
S03324,180,151,84
S03325,180,140,78
S03326,180,113,63
S03327,180,144,80
S03328,180,138,77
S03329,180,140,78
S03330,180,118,66
S03331,180,136,76
S03332,180,178,99
S03333,180,136,76
S03334,180,127,71
S03335,180,135,75
S03336,180,136,76
S03337,180,151,84
S03338,180,133,74
S03339,180,153,85
S03340,180,149,83
S03341,180,125,70
S03342,180,135,75
S03343,180,149,83
S03344,180,120,67
S03345,180,118,66
S03346,180,115,64
S03347,180,156,87
S03348,180,149,83
S03349,180,144,80
S03350,180,115,64
S03351,180,127,71
S03352,180,171,95
S03353,180,124,69
S03354,180,144,80
S03355,180,149,83
S03356,180,133,74
S03357,180,156,87
S03358,180,127,71
S03359,180,147,82
S03360,180,100,56
S03361,180,131,73
S03362,180,127,71
S03363,180,142,79
S03364,180,156,87
S03365,180,142,79
S03366,180,129,72
S03367,180,144,80
S03368,180,147,82
S03369,180,129,72
S03370,180,127,71
S03371,180,154,86
S03372,180,147,82
S03373,180,125,70
S03374,180,118,66
S03375,180,149,83
S03376,180,133,74
S03377,180,145,81
S03378,180,154,86
S03379,180,135,75
S03380,180,160,89
S03381,180,142,79
S03382,180,104,58
S03383,180,151,84
S03384,180,131,73
S03385,180,124,69
S03386,180,118,66
S03387,180,111,62
S03388,180,160,89
S03389,180,127,71
S03390,180,149,83
S03391,180,129,72
S03392,180,125,70
S03393,180,180,100
S03394,180,162,90
S03395,180,127,71
S03396,180,156,87
S03397,180,133,74
S03398,180,131,73
S03399,180,129,72
S03400,180,140,78
S03401,180,180,100
S03402,180,156,87
S03403,180,167,93
S03404,180,136,76
S03405,180,140,78
S03406,180,138,77
S03407,180,153,85
S03408,180,108,60
S03409,180,115,64
S03410,180,111,62
S03411,180,162,90
S03412,180,147,82
S03413,180,158,88
S03414,180,106,59
S03415,180,124,69
S03416,180,136,76
S03417,180,154,86
S03418,180,115,64
S03419,180,180,100
S03420,180,165,92
S03421,180,171,95
S03422,180,102,57
S03423,180,172,96
S03424,180,133,74
S03425,180,118,66
S03426,180,176,98
S03427,180,120,67
S03428,180,133,74
S03429,180,135,75
S03430,180,111,62
S03431,180,140,78
S03432,180,109,61
S03433,180,118,66
S03434,180,136,76
S03435,180,115,64
S03436,180,120,67
S03437,180,135,75
S03438,180,129,72
S03439,180,127,71
S03440,180,131,73
S03441,180,124,69
S03442,180,109,61
S03443,180,136,76
S03444,180,142,79
S03445,180,95,53
S03446,180,111,62
S03447,180,113,63
S03448,180,122,68
S03449,180,125,70
S03450,180,122,68
S03451,180,180,100
S03452,180,144,80
S03453,180,163,91
S03454,180,117,65
S03455,180,144,80
S03456,180,158,88
S03457,180,113,63
S03458,180,97,54
S03459,180,180,100
S03460,180,118,66
S03461,180,117,65
S03462,180,124,69
S03463,180,154,86
S03464,180,115,64
S03465,180,109,61
S03466,180,93,52
S03467,180,151,84
S03468,180,149,83
S03469,180,151,84
S03470,180,171,95
S03471,180,127,71
S03472,180,108,60
S03473,180,140,78
S03474,180,122,68
S03475,180,142,79
S03476,180,178,99
S03477,180,180,100
S03478,180,122,68
S03479,180,147,82
S03480,180,129,72
S03481,180,129,72
S03482,180,129,72
S03483,180,135,75
S03484,180,129,72
S03485,180,145,81
S03486,180,147,82
S03487,180,122,68
S03488,180,145,81
S03489,180,138,77
S03490,180,120,67
S03491,180,131,73
S03492,180,122,68
S03493,180,165,92
S03494,180,149,83
S03495,180,145,81
S03496,180,180,100
S03497,180,169,94
S03498,180,156,87
S03499,180,160,89
S03500,180,120,67
S03501,180,106,59
S03502,180,153,85
S03503,180,129,72
S03504,180,151,84
S03505,180,108,60
S03506,180,154,86
S03507,180,138,77
S03508,180,144,80
S03509,180,118,66
S03510,180,95,53
S03511,180,172,96
S03512,180,151,84
S03513,180,115,64
S03514,180,104,58
S03515,180,131,73
S03516,180,180,100
S03517,180,145,81
S03518,180,127,71
S03519,180,113,63
S03520,180,102,57
S03521,180,129,72
S03522,180,144,80
S03523,180,120,67
S03524,180,138,77
S03525,180,135,75
S03526,180,125,70
S03527,180,138,77
S03528,180,156,87
S03529,180,125,70
S03530,180,120,67
S03531,180,117,65
S03532,180,153,85
S03533,180,135,75
S03534,180,88,49
S03535,180,174,97
S03536,180,180,100
S03537,180,142,79
S03538,180,138,77
S03539,180,180,100
S03540,180,156,87
S03541,180,106,59
S03542,180,144,80
S03543,180,144,80
S03544,180,120,67
S03545,180,180,100
S03546,180,172,96
S03547,180,120,67
S03548,180,133,74
S03549,180,154,86
S03550,180,124,69
S03551,180,153,85
S03552,180,135,75
S03553,180,169,94
S03554,180,108,60
S03555,180,135,75
S03556,180,133,74
S03557,180,118,66
S03558,180,180,100
S03559,180,142,79
S03560,180,129,72
S03561,180,122,68
S03562,180,117,65
S03563,180,172,96
S03564,180,158,88
S03565,180,153,85
S03566,180,144,80
S03567,180,169,94
S03568,180,158,88
S03569,180,136,76
S03570,180,145,81
S03571,180,176,98
S03572,180,131,73
S03573,180,129,72
S03574,180,162,90
S03575,180,124,69
S03576,180,162,90
S03577,180,138,77
S03578,180,131,73
S03579,180,144,80
S03580,180,122,68
S03581,180,127,71
S03582,180,136,76
S03583,180,153,85
S03584,180,140,78
S03585,180,118,66
S03586,180,135,75
S03587,180,180,100
S03588,180,169,94
S03589,180,180,100
S03590,180,129,72
S03591,180,109,61
S03592,180,142,79
S03593,180,124,69
S03594,180,129,72
S03595,180,160,89
S03596,180,120,67
S03597,180,154,86
S03598,180,125,70
S03599,180,129,72
S03600,180,124,69
S03601,180,136,76
S03602,180,147,82
S03603,180,151,84
S03604,180,133,74
S03605,180,102,57
S03606,180,140,78
S03607,180,151,84
S03608,180,135,75
S03609,180,149,83
S03610,180,100,56
S03611,180,117,65
S03612,180,138,77
S03613,180,120,67
S03614,180,167,93
S03615,180,133,74
S03616,180,174,97
S03617,180,136,76
S03618,180,178,99
S03619,180,100,56
S03620,180,140,78
S03621,180,169,94
S03622,180,118,66
S03623,180,133,74
S03624,180,178,99
S03625,180,113,63
S03626,180,142,79
S03627,180,136,76
S03628,180,162,90
S03629,180,149,83
S03630,180,144,80
S03631,180,117,65
S03632,180,142,79
S03633,180,108,60
S03634,180,171,95
S03635,180,131,73
S03636,180,131,73
S03637,180,145,81
S03638,180,120,67
S03639,180,158,88
S03640,180,131,73
S03641,180,131,73
S03642,180,124,69
S03643,180,117,65
S03644,180,169,94
S03645,180,145,81
S03646,180,149,83
S03647,180,97,54
S03648,180,149,83
S03649,180,118,66
S03650,180,111,62
S03651,180,149,83
S03652,180,99,55
S03653,180,122,68
S03654,180,145,81
S03655,180,122,68
S03656,180,140,78
S03657,180,144,80
S03658,180,122,68
S03659,180,120,67
S03660,180,149,83
S03661,180,154,86
S03662,180,136,76
S03663,180,125,70
S03664,180,171,95
S03665,180,135,75
S03666,180,142,79
S03667,180,165,92
S03668,180,153,85
S03669,180,124,69
S03670,180,154,86
S03671,180,149,83
S03672,180,151,84
S03673,180,140,78
S03674,180,154,86
S03675,180,162,90
S03676,180,140,78
S03677,180,149,83
S03678,180,153,85
S03679,180,131,73
S03680,180,167,93
S03681,180,169,94
S03682,180,70,39
S03683,180,154,86
S03684,180,145,81
S03685,180,142,79
S03686,180,165,92
S03687,180,171,95
S03688,180,171,95
S03689,180,115,64
S03690,180,147,82
S03691,180,124,69
S03692,180,135,75
S03693,180,169,94
S03694,180,127,71
S03695,180,153,85
S03696,180,129,72
S03697,180,144,80
S03698,180,145,81
S03699,180,118,66
S03700,180,151,84
S03701,180,162,90
S03702,180,111,62
S03703,180,169,94
S03704,180,147,82
S03705,180,154,86
S03706,180,167,93
S03707,180,156,87
S03708,180,97,54
S03709,180,140,78
S03710,180,174,97
S03711,180,180,100
S03712,180,129,72
S03713,180,151,84
S03714,180,135,75
S03715,180,151,84
S03716,180,176,98
S03717,180,136,76
S03718,180,138,77
S03719,180,154,86
S03720,180,145,81
S03721,180,144,80
S03722,180,174,97
S03723,180,153,85
S03724,180,124,69
S03725,180,113,63
S03726,180,151,84
S03727,180,138,77
S03728,180,140,78
S03729,180,160,89
S03730,180,125,70
S03731,180,140,78
S03732,180,147,82
S03733,180,109,61
S03734,180,140,78
S03735,180,156,87
S03736,180,156,87
S03737,180,151,84
S03738,180,151,84
S03739,180,140,78
S03740,180,125,70
S03741,180,122,68
S03742,180,145,81
S03743,180,102,57
S03744,180,147,82
S03745,180,158,88
S03746,180,111,62
S03747,180,154,86
S03748,180,135,75
S03749,180,158,88
S03750,180,104,58
S03751,180,167,93
S03752,180,144,80
S03753,180,125,70
S03754,180,154,86
S03755,180,149,83
S03756,180,151,84
S03757,180,106,59
S03758,180,180,100
S03759,180,140,78
S03760,180,151,84
S03761,180,145,81
S03762,180,153,85
S03763,180,129,72
S03764,180,138,77
S03765,180,180,100
S03766,180,118,66
S03767,180,140,78
S03768,180,140,78
S03769,180,142,79
S03770,180,109,61
S03771,180,131,73
S03772,180,142,79
S03773,180,153,85
S03774,180,180,100
S03775,180,111,62
S03776,180,142,79
S03777,180,174,97
S03778,180,138,77
S03779,180,167,93
S03780,180,144,80
S03781,180,113,63
S03782,180,136,76
S03783,180,160,89
S03784,180,144,80
S03785,180,153,85
S03786,180,99,55
S03787,180,154,86
S03788,180,100,56
S03789,180,180,100
S03790,180,153,85
S03791,180,174,97
S03792,180,124,69
S03793,180,138,77
S03794,180,156,87
S03795,180,117,65
S03796,180,138,77
S03797,180,108,60
S03798,180,147,82
S03799,180,151,84
S03800,180,149,83
S03801,180,163,91
S03802,180,145,81
S03803,180,144,80
S03804,180,136,76
S03805,180,140,78
S03806,180,135,75
S03807,180,129,72
S03808,180,142,79
S03809,180,142,79
S03810,180,171,95
S03811,180,120,67
S03812,180,129,72
S03813,180,153,85
S03814,180,133,74
S03815,180,158,88
S03816,180,124,69
S03817,180,129,72
S03818,180,111,62
S03819,180,125,70
S03820,180,129,72
S03821,180,171,95
S03822,180,140,78
S03823,180,171,95
S03824,180,140,78
S03825,180,115,64
S03826,180,135,75
S03827,180,77,43
S03828,180,129,72
S03829,180,120,67
S03830,180,127,71
S03831,180,154,86
S03832,180,95,53
S03833,180,151,84
S03834,180,106,59
S03835,180,156,87
S03836,180,149,83
S03837,180,180,100
S03838,180,124,69
S03839,180,95,53
S03840,180,111,62
S03841,180,162,90
S03842,180,151,84
S03843,180,120,67
S03844,180,133,74
S03845,180,144,80
S03846,180,153,85
S03847,180,144,80
S03848,180,133,74
S03849,180,149,83
S03850,180,142,79
S03851,180,144,80
S03852,180,172,96
S03853,180,144,80
S03854,180,162,90
S03855,180,172,96
S03856,180,140,78
S03857,180,127,71
S03858,180,154,86
S03859,180,120,67
S03860,180,176,98
S03861,180,154,86
S03862,180,153,85
S03863,180,180,100
S03864,180,145,81
S03865,180,144,80
S03866,180,135,75
S03867,180,82,46
S03868,180,151,84
S03869,180,120,67
S03870,180,158,88
S03871,180,136,76
S03872,180,111,62
S03873,180,104,58
S03874,180,136,76
S03875,180,93,52
S03876,180,99,55
S03877,180,136,76
S03878,180,154,86
S03879,180,138,77
S03880,180,115,64
S03881,180,172,96
S03882,180,136,76
S03883,180,147,82
S03884,180,151,84
S03885,180,135,75
S03886,180,151,84
S03887,180,144,80
S03888,180,120,67
S03889,180,174,97
S03890,180,124,69
S03891,180,149,83
S03892,180,147,82
S03893,180,133,74
S03894,180,136,76
S03895,180,138,77
S03896,180,131,73
S03897,180,120,67
S03898,180,153,85
S03899,180,158,88
S03900,180,127,71
S03901,180,125,70
S03902,180,140,78
S03903,180,169,94
S03904,180,115,64
S03905,180,120,67
S03906,180,138,77
S03907,180,108,60
S03908,180,129,72
S03909,180,109,61
S03910,180,136,76
S03911,180,147,82
S03912,180,163,91
S03913,180,144,80
S03914,180,149,83
S03915,180,172,96
S03916,180,140,78
S03917,180,142,79
S03918,180,162,90
S03919,180,149,83
S03920,180,117,65
S03921,180,106,59
S03922,180,108,60
S03923,180,140,78
S03924,180,122,68
S03925,180,144,80
S03926,180,95,53
S03927,180,147,82
S03928,180,115,64
S03929,180,113,63
S03930,180,127,71
S03931,180,154,86
S03932,180,135,75
S03933,180,176,98
S03934,180,142,79
S03935,180,163,91
S03936,180,125,70
S03937,180,113,63
S03938,180,81,45
S03939,180,117,65
S03940,180,124,69
S03941,180,118,66
S03942,180,88,49
S03943,180,140,78
S03944,180,174,97
S03945,180,144,80
S03946,180,142,79
S03947,180,102,57
S03948,180,160,89
S03949,180,120,67
S03950,180,122,68
S03951,180,154,86
S03952,180,129,72
S03953,180,149,83
S03954,180,115,64
S03955,180,127,71
S03956,180,104,58
S03957,180,151,84
S03958,180,163,91
S03959,180,127,71
S03960,180,156,87
S03961,180,162,90
S03962,180,125,70
S03963,180,99,55
S03964,180,133,74
S03965,180,124,69
S03966,180,158,88
S03967,180,149,83
S03968,180,144,80
S03969,180,160,89
S03970,180,122,68
S03971,180,156,87
S03972,180,147,82
S03973,180,125,70
S03974,180,167,93
S03975,180,171,95
S03976,180,178,99
S03977,180,178,99
S03978,180,149,83
S03979,180,147,82
S03980,180,104,58
S03981,180,122,68
S03982,180,162,90
S03983,180,144,80
S03984,180,156,87
S03985,180,147,82
S03986,180,145,81
S03987,180,113,63
S03988,180,131,73
S03989,180,180,100
S03990,180,169,94
S03991,180,178,99
S03992,180,147,82
S03993,180,142,79
S03994,180,120,67
S03995,180,111,62
S03996,180,93,52
S03997,180,158,88
S03998,180,142,79
S03999,180,100,56
S04000,180,118,66
S04001,180,111,62
S04002,180,129,72
S04003,180,147,82
S04004,180,174,97
S04005,180,172,96
S04006,180,145,81
S04007,180,131,73
S04008,180,145,81
S04009,180,144,80
S04010,180,149,83
S04011,180,144,80
S04012,180,120,67
S04013,180,125,70
S04014,180,125,70
S04015,180,122,68
S04016,180,142,79
S04017,180,136,76
S04018,180,176,98
S04019,180,142,79
S04020,180,135,75
S04021,180,171,95
S04022,180,86,48
S04023,180,129,72
S04024,180,124,69
S04025,180,162,90
S04026,180,147,82
S04027,180,131,73
S04028,180,158,88
S04029,180,117,65
S04030,180,160,89
S04031,180,156,87
S04032,180,154,86
S04033,180,147,82
S04034,180,172,96
S04035,180,151,84
S04036,180,135,75
S04037,180,125,70
S04038,180,135,75
S04039,180,102,57
S04040,180,142,79
S04041,180,172,96
S04042,180,102,57
S04043,180,115,64
S04044,180,138,77
S04045,180,115,64
S04046,180,99,55
S04047,180,136,76
S04048,180,162,90
S04049,180,127,71
S04050,180,131,73
S04051,180,140,78
S04052,180,145,81
S04053,180,151,84
S04054,180,129,72
S04055,180,140,78
S04056,180,106,59
S04057,180,145,81
S04058,180,117,65
S04059,180,154,86
S04060,180,138,77
S04061,180,176,98
S04062,180,131,73
S04063,180,153,85
S04064,180,115,64
S04065,180,118,66
S04066,180,131,73
S04067,180,115,64
S04068,180,167,93
S04069,180,125,70
S04070,180,156,87
S04071,180,142,79
S04072,180,140,78
S04073,180,117,65
S04074,180,118,66
S04075,180,135,75
S04076,180,117,65
S04077,180,117,65
S04078,180,131,73
S04079,180,133,74
S04080,180,153,85
S04081,180,122,68
S04082,180,160,89
S04083,180,133,74
S04084,180,162,90
S04085,180,133,74
S04086,180,100,56
S04087,180,109,61
S04088,180,156,87
S04089,180,178,99
S04090,180,156,87
S04091,180,158,88
S04092,180,144,80
S04093,180,160,89
S04094,180,111,62
S04095,180,169,94
S04096,180,108,60
S04097,180,133,74
S04098,180,144,80
S04099,180,144,80
S04100,180,133,74
S04101,180,147,82
S04102,180,120,67
S04103,180,151,84
S04104,180,140,78
S04105,180,149,83
S04106,180,124,69
S04107,180,125,70
S04108,180,131,73
S04109,180,151,84
S04110,180,131,73
S04111,180,180,100
S04112,180,180,100
S04113,180,129,72
S04114,180,163,91
S04115,180,151,84
S04116,180,117,65
S04117,180,149,83
S04118,180,124,69
S04119,180,169,94
S04120,180,142,79
S04121,180,138,77
S04122,180,144,80
S04123,180,88,49
S04124,180,142,79
S04125,180,82,46
S04126,180,149,83
S04127,180,135,75
S04128,180,145,81
S04129,180,169,94
S04130,180,122,68
S04131,180,169,94
S04132,180,162,90
S04133,180,122,68
S04134,180,162,90
S04135,180,151,84
S04136,180,90,50
S04137,180,133,74
S04138,180,109,61
S04139,180,174,97
S04140,180,100,56
S04141,180,117,65
S04142,180,145,81
S04143,180,180,100
S04144,180,178,99
S04145,180,136,76
S04146,180,118,66
S04147,180,145,81
S04148,180,124,69
S04149,180,127,71
S04150,180,171,95
S04151,180,151,84
S04152,180,180,100
S04153,180,153,85
S04154,180,147,82
S04155,180,129,72
S04156,180,117,65
S04157,180,144,80
S04158,180,145,81
S04159,180,144,80
S04160,180,171,95
S04161,180,136,76
S04162,180,133,74
S04163,180,131,73
S04164,180,122,68
S04165,180,122,68
S04166,180,163,91
S04167,180,156,87
S04168,180,113,63
S04169,180,135,75
S04170,180,162,90
S04171,180,136,76
S04172,180,180,100
S04173,180,140,78
S04174,180,169,94
S04175,180,172,96
S04176,180,149,83
S04177,180,171,95
S04178,180,97,54
S04179,180,172,96
S04180,180,167,93
S04181,180,153,85
S04182,180,124,69
S04183,180,147,82
S04184,180,142,79
S04185,180,122,68
S04186,180,86,48
S04187,180,136,76
S04188,180,163,91
S04189,180,122,68
S04190,180,111,62
S04191,180,113,63
S04192,180,140,78
S04193,180,113,63
S04194,180,153,85
S04195,180,138,77
S04196,180,140,78
S04197,180,133,74
S04198,180,147,82
S04199,180,135,75
S04200,180,156,87
S04201,180,156,87
S04202,180,118,66
S04203,180,145,81
S04204,180,102,57
S04205,180,172,96
S04206,180,142,79
S04207,180,122,68
S04208,180,127,71
S04209,180,100,56
S04210,180,153,85
S04211,180,163,91
S04212,180,145,81
S04213,180,125,70
S04214,180,118,66
S04215,180,127,71
S04216,180,147,82
S04217,180,174,97
S04218,180,122,68
S04219,180,160,89
S04220,180,153,85
S04221,180,97,54
S04222,180,124,69
S04223,180,142,79
S04224,180,147,82
S04225,180,117,65
S04226,180,100,56
S04227,180,167,93
S04228,180,113,63
S04229,180,113,63
S04230,180,145,81
S04231,180,129,72
S04232,180,163,91
S04233,180,142,79
S04234,180,97,54
S04235,180,169,94
S04236,180,174,97
S04237,180,144,80
S04238,180,120,67
S04239,180,154,86
S04240,180,133,74
S04241,180,124,69
S04242,180,145,81
S04243,180,147,82
S04244,180,180,100
S04245,180,142,79
S04246,180,127,71
S04247,180,133,74
S04248,180,149,83
S04249,180,144,80
S04250,180,144,80
S04251,180,151,84
S04252,180,151,84
S04253,180,120,67
S04254,180,145,81
S04255,180,133,74
S04256,180,136,76
S04257,180,125,70
S04258,180,133,74
S04259,180,135,75
S04260,180,124,69
S04261,180,131,73
S04262,180,156,87
S04263,180,136,76
S04264,180,133,74
S04265,180,162,90
S04266,180,180,100
S04267,180,104,58
S04268,180,140,78
S04269,180,133,74
S04270,180,163,91
S04271,180,156,87
S04272,180,140,78
S04273,180,149,83
S04274,180,100,56
S04275,180,180,100
S04276,180,153,85
S04277,180,131,73
S04278,180,115,64
S04279,180,151,84
S04280,180,156,87
S04281,180,163,91
S04282,180,115,64
S04283,180,113,63
S04284,180,93,52
S04285,180,162,90
S04286,180,171,95
S04287,180,165,92
S04288,180,167,93
S04289,180,104,58
S04290,180,163,91
S04291,180,147,82
S04292,180,113,63
S04293,180,147,82
S04294,180,169,94
S04295,180,104,58
S04296,180,117,65
S04297,180,145,81
S04298,180,180,100
S04299,180,162,90
S04300,180,108,60
S04301,180,169,94
S04302,180,158,88
S04303,180,180,100
S04304,180,109,61
S04305,180,172,96
S04306,180,120,67
S04307,180,167,93
S04308,180,153,85
S04309,180,86,48
S04310,180,129,72
S04311,180,122,68
S04312,180,109,61
S04313,180,131,73
S04314,180,174,97
S04315,180,156,87
S04316,180,163,91
S04317,180,154,86
S04318,180,127,71
S04319,180,135,75
S04320,180,149,83
S04321,180,84,47
S04322,180,81,45
S04323,180,140,78
S04324,180,115,64
S04325,180,180,100
S04326,180,144,80
S04327,180,127,71
S04328,180,131,73
S04329,180,169,94
S04330,180,133,74
S04331,180,131,73
S04332,180,135,75
S04333,180,104,58
S04334,180,127,71
S04335,180,156,87
S04336,180,129,72
S04337,180,133,74
S04338,180,147,82
S04339,180,180,100
S04340,180,142,79
S04341,180,160,89
S04342,180,156,87
S04343,180,158,88
S04344,180,125,70
S04345,180,145,81
S04346,180,111,62
S04347,180,154,86
S04348,180,147,82
S04349,180,167,93
S04350,180,108,60
S04351,180,133,74
S04352,180,160,89
S04353,180,100,56
S04354,180,160,89
S04355,180,176,98
S04356,180,118,66
S04357,180,138,77
S04358,180,149,83
S04359,180,145,81
S04360,180,104,58
S04361,180,180,100
S04362,180,149,83
S04363,180,174,97
S04364,180,135,75
S04365,180,90,50
S04366,180,154,86
S04367,180,174,97
S04368,180,144,80
S04369,180,118,66
S04370,180,133,74
S04371,180,102,57
S04372,180,147,82
S04373,180,129,72
S04374,180,125,70
S04375,180,174,97
S04376,180,174,97
S04377,180,158,88
S04378,180,124,69
S04379,180,162,90
S04380,180,117,65
S04381,180,151,84
S04382,180,176,98
S04383,180,169,94
S04384,180,167,93
S04385,180,160,89
S04386,180,162,90
S04387,180,172,96
S04388,180,127,71
S04389,180,156,87
S04390,180,129,72
S04391,180,113,63
S04392,180,135,75
S04393,180,129,72
S04394,180,133,74
S04395,180,117,65
S04396,180,144,80
S04397,180,113,63
S04398,180,138,77
S04399,180,135,75
S04400,180,120,67
S04401,180,115,64
S04402,180,158,88
S04403,180,149,83
S04404,180,144,80
S04405,180,147,82
S04406,180,93,52
S04407,180,142,79
S04408,180,111,62
S04409,180,180,100
S04410,180,131,73
S04411,180,145,81
S04412,180,138,77
S04413,180,129,72
S04414,180,117,65
S04415,180,108,60
S04416,180,120,67
S04417,180,115,64
S04418,180,169,94
S04419,180,163,91
S04420,180,147,82
S04421,180,147,82
S04422,180,154,86
S04423,180,167,93
S04424,180,122,68
S04425,180,109,61
S04426,180,127,71
S04427,180,163,91
S04428,180,131,73
S04429,180,127,71
S04430,180,138,77
S04431,180,180,100
S04432,180,135,75
S04433,180,120,67
S04434,180,133,74
S04435,180,147,82
S04436,180,169,94
S04437,180,147,82
S04438,180,118,66
S04439,180,169,94
S04440,180,156,87
S04441,180,147,82
S04442,180,147,82
S04443,180,135,75
S04444,180,127,71
S04445,180,135,75
S04446,180,156,87
S04447,180,154,86
S04448,180,115,64
S04449,180,158,88
S04450,180,145,81
S04451,180,117,65
S04452,180,131,73
S04453,180,109,61
S04454,180,153,85
S04455,180,140,78
S04456,180,144,80
S04457,180,145,81
S04458,180,144,80
S04459,180,158,88
S04460,180,127,71
S04461,180,169,94
S04462,180,171,95
S04463,180,113,63
S04464,180,151,84
S04465,180,145,81
S04466,180,100,56
S04467,180,88,49
S04468,180,102,57
S04469,180,140,78
S04470,180,99,55
S04471,180,158,88
S04472,180,115,64
S04473,180,140,78
S04474,180,115,64
S04475,180,158,88
S04476,180,127,71
S04477,180,120,67
S04478,180,118,66
S04479,180,147,82
S04480,180,180,100
S04481,180,160,89
S04482,180,111,62
S04483,180,160,89
S04484,180,169,94
S04485,180,156,87
S04486,180,131,73
S04487,180,124,69
S04488,180,120,67
S04489,180,147,82
S04490,180,120,67
S04491,180,167,93
S04492,180,162,90
S04493,180,156,87
S04494,180,178,99
S04495,180,129,72
S04496,180,127,71
S04497,180,162,90
S04498,180,160,89
S04499,180,178,99
S04500,180,145,81
S04501,180,149,83
S04502,180,154,86
S04503,180,125,70
S04504,180,163,91
S04505,180,174,97
S04506,180,120,67
S04507,180,136,76
S04508,180,118,66
S04509,180,122,68
S04510,180,104,58
S04511,180,160,89
S04512,180,158,88
S04513,180,160,89
S04514,180,172,96
S04515,180,127,71
S04516,180,131,73
S04517,180,167,93
S04518,180,120,67
S04519,180,160,89
S04520,180,125,70
S04521,180,174,97
S04522,180,117,65
S04523,180,154,86
S04524,180,169,94
S04525,180,167,93
S04526,180,180,100
S04527,180,144,80
S04528,180,147,82
S04529,180,142,79
S04530,180,138,77
S04531,180,124,69
S04532,180,144,80
S04533,180,118,66
S04534,180,180,100
S04535,180,153,85
S04536,180,145,81
S04537,180,135,75
S04538,180,115,64
S04539,180,118,66
S04540,180,91,51
S04541,180,144,80
S04542,180,142,79
S04543,180,125,70
S04544,180,138,77
S04545,180,180,100
S04546,180,131,73
S04547,180,131,73
S04548,180,160,89
S04549,180,142,79
S04550,180,127,71
S04551,180,117,65
S04552,180,163,91
S04553,180,136,76
S04554,180,95,53
S04555,180,122,68
S04556,180,136,76
S04557,180,180,100
S04558,180,93,52
S04559,180,104,58
S04560,180,178,99
S04561,180,180,100
S04562,180,133,74
S04563,180,127,71
S04564,180,127,71
S04565,180,149,83
S04566,180,147,82
S04567,180,149,83
S04568,180,147,82
S04569,180,167,93
S04570,180,125,70
S04571,180,136,76
S04572,180,106,59
S04573,180,113,63
S04574,180,106,59
S04575,180,86,48
S04576,180,115,64
S04577,180,158,88
S04578,180,127,71
S04579,180,151,84
S04580,180,124,69
S04581,180,180,100
S04582,180,115,64
S04583,180,162,90
S04584,180,151,84
S04585,180,129,72
S04586,180,122,68
S04587,180,120,67
S04588,180,167,93
S04589,180,144,80
S04590,180,125,70
S04591,180,147,82
S04592,180,144,80
S04593,180,106,59
S04594,180,104,58
S04595,180,124,69
S04596,180,153,85
S04597,180,133,74
S04598,180,153,85
S04599,180,127,71
S04600,180,142,79
S04601,180,165,92
S04602,180,133,74
S04603,180,158,88
S04604,180,169,94
S04605,180,113,63
S04606,180,162,90
S04607,180,160,89
S04608,180,178,99
S04609,180,133,74
S04610,180,142,79
S04611,180,151,84
S04612,180,117,65
S04613,180,122,68
S04614,180,140,78
S04615,180,131,73
S04616,180,120,67
S04617,180,174,97
S04618,180,171,95
S04619,180,158,88
S04620,180,125,70
S04621,180,127,71
S04622,180,127,71
S04623,180,174,97
S04624,180,133,74
S04625,180,149,83
S04626,180,172,96
S04627,180,144,80
S04628,180,154,86
S04629,180,180,100
S04630,180,131,73
S04631,180,142,79
S04632,180,115,64
S04633,180,124,69
S04634,180,131,73
S04635,180,138,77
S04636,180,127,71
S04637,180,131,73
S04638,180,154,86
S04639,180,115,64
S04640,180,154,86
S04641,180,136,76
S04642,180,135,75
S04643,180,162,90
S04644,180,125,70
S04645,180,174,97
S04646,180,129,72
S04647,180,70,39
S04648,180,124,69
S04649,180,142,79
S04650,180,142,79
S04651,180,122,68
S04652,180,140,78
S04653,180,125,70
S04654,180,118,66
S04655,180,147,82
S04656,180,93,52
S04657,180,180,100
S04658,180,129,72
S04659,180,122,68
S04660,180,133,74
S04661,180,180,100
S04662,180,163,91
S04663,180,140,78
S04664,180,165,92
S04665,180,149,83
S04666,180,117,65
S04667,180,140,78
S04668,180,124,69
S04669,180,153,85
S04670,180,118,66
S04671,180,142,79
S04672,180,180,100
S04673,180,131,73
S04674,180,180,100
S04675,180,154,86
S04676,180,156,87
S04677,180,135,75
S04678,180,162,90
S04679,180,117,65
S04680,180,180,100
S04681,180,129,72
S04682,180,154,86
S04683,180,138,77
S04684,180,118,66
S04685,180,140,78
S04686,180,106,59
S04687,180,138,77
S04688,180,174,97
S04689,180,153,85
S04690,180,180,100
S04691,180,160,89
S04692,180,167,93
S04693,180,149,83
S04694,180,156,87
S04695,180,151,84
S04696,180,158,88
S04697,180,160,89
S04698,180,113,63
S04699,180,120,67
S04700,180,135,75
S04701,180,147,82
S04702,180,158,88
S04703,180,120,67
S04704,180,154,86
S04705,180,142,79
S04706,180,136,76
S04707,180,113,63
S04708,180,180,100
S04709,180,140,78
S04710,180,142,79
S04711,180,136,76
S04712,180,145,81
S04713,180,138,77
S04714,180,162,90
S04715,180,140,78
S04716,180,104,58
S04717,180,163,91
S04718,180,129,72
S04719,180,125,70
S04720,180,133,74
S04721,180,122,68
S04722,180,125,70
S04723,180,147,82
S04724,180,169,94
S04725,180,172,96
S04726,180,174,97
S04727,180,125,70
S04728,180,151,84
S04729,180,153,85
S04730,180,149,83
S04731,180,124,69
S04732,180,176,98
S04733,180,145,81
S04734,180,144,80
S04735,180,118,66
S04736,180,106,59
S04737,180,93,52
S04738,180,154,86
S04739,180,136,76
S04740,180,180,100
S04741,180,118,66
S04742,180,145,81
S04743,180,172,96
S04744,180,153,85
S04745,180,136,76
S04746,180,113,63
S04747,180,163,91
S04748,180,138,77
S04749,180,113,63
S04750,180,145,81
S04751,180,153,85
S04752,180,118,66
S04753,180,167,93
S04754,180,122,68
S04755,180,163,91
S04756,180,149,83
S04757,180,131,73
S04758,180,106,59
S04759,180,124,69
S04760,180,171,95
S04761,180,165,92
S04762,180,135,75
S04763,180,75,42
S04764,180,163,91
S04765,180,169,94
S04766,180,91,51
S04767,180,156,87
S04768,180,88,49
S04769,180,135,75
S04770,180,138,77
S04771,180,162,90
S04772,180,162,90
S04773,180,162,90
S04774,180,117,65
S04775,180,136,76
S04776,180,136,76
S04777,180,122,68
S04778,180,165,92
S04779,180,180,100
S04780,180,108,60
S04781,180,106,59
S04782,180,115,64
S04783,180,129,72
S04784,180,127,71
S04785,180,144,80
S04786,180,97,54
S04787,180,118,66
S04788,180,154,86
S04789,180,149,83
S04790,180,149,83
S04791,180,147,82
S04792,180,117,65
S04793,180,151,84
S04794,180,153,85
S04795,180,145,81
S04796,180,154,86
S04797,180,136,76
S04798,180,129,72
S04799,180,140,78
S04800,180,108,60
S04801,180,136,76
S04802,180,133,74
S04803,180,149,83
S04804,180,129,72
S04805,180,135,75
S04806,180,133,74
S04807,180,169,94
S04808,180,108,60
S04809,180,129,72
S04810,180,135,75
S04811,180,144,80
S04812,180,140,78
S04813,180,167,93
S04814,180,158,88
S04815,180,109,61
S04816,180,111,62
S04817,180,124,69
S04818,180,109,61
S04819,180,131,73
S04820,180,144,80
S04821,180,163,91
S04822,180,172,96
S04823,180,131,73
S04824,180,147,82
S04825,180,133,74
S04826,180,162,90
S04827,180,122,68
S04828,180,169,94
S04829,180,129,72
S04830,180,120,67
S04831,180,109,61
S04832,180,142,79
S04833,180,158,88
S04834,180,129,72
S04835,180,147,82
S04836,180,140,78
S04837,180,108,60
S04838,180,145,81
S04839,180,97,54
S04840,180,125,70
S04841,180,117,65
S04842,180,102,57
S04843,180,117,65
S04844,180,142,79
S04845,180,138,77
S04846,180,162,90
S04847,180,138,77
S04848,180,117,65
S04849,180,142,79
S04850,180,180,100
S04851,180,122,68
S04852,180,162,90
S04853,180,124,69
S04854,180,118,66
S04855,180,149,83
S04856,180,162,90
S04857,180,151,84
S04858,180,118,66
S04859,180,142,79
S04860,180,158,88
S04861,180,180,100
S04862,180,120,67
S04863,180,138,77
S04864,180,140,78
S04865,180,133,74
S04866,180,97,54
S04867,180,97,54
S04868,180,171,95
S04869,180,117,65
S04870,180,117,65
S04871,180,133,74
S04872,180,140,78
S04873,180,144,80
S04874,180,136,76
S04875,180,145,81
S04876,180,127,71
S04877,180,102,57
S04878,180,122,68
S04879,180,160,89
S04880,180,145,81
S04881,180,118,66
S04882,180,111,62
S04883,180,136,76
S04884,180,149,83
S04885,180,149,83
S04886,180,138,77
S04887,180,158,88
S04888,180,118,66
S04889,180,95,53
S04890,180,142,79
S04891,180,117,65
S04892,180,115,64
S04893,180,111,62
S04894,180,108,60
S04895,180,180,100
S04896,180,129,72
S04897,180,160,89
S04898,180,138,77
S04899,180,162,90
S04900,180,131,73
S04901,180,100,56
S04902,180,174,97
S04903,180,138,77
S04904,180,122,68
S04905,180,111,62
S04906,180,149,83
S04907,180,144,80
S04908,180,153,85
S04909,180,131,73
S04910,180,124,69
S04911,180,145,81
S04912,180,156,87
S04913,180,118,66
S04914,180,147,82
S04915,180,142,79
S04916,180,125,70
S04917,180,147,82
S04918,180,160,89
S04919,180,117,65
S04920,180,154,86
S04921,180,129,72
S04922,180,151,84
S04923,180,165,92
S04924,180,122,68
S04925,180,156,87
S04926,180,145,81
S04927,180,99,55
S04928,180,169,94
S04929,180,127,71
S04930,180,133,74
S04931,180,113,63
S04932,180,135,75
S04933,180,104,58
S04934,180,117,65
S04935,180,144,80
S04936,180,162,90
S04937,180,109,61
S04938,180,122,68
S04939,180,145,81
S04940,180,145,81
S04941,180,154,86
S04942,180,154,86
S04943,180,120,67
S04944,180,180,100
S04945,180,131,73
S04946,180,135,75
S04947,180,156,87
S04948,180,142,79
S04949,180,178,99
S04950,180,122,68
S04951,180,145,81
S04952,180,131,73
S04953,180,174,97
S04954,180,111,62
S04955,180,160,89
S04956,180,131,73
S04957,180,118,66
S04958,180,144,80
S04959,180,124,69
S04960,180,147,82
S04961,180,111,62
S04962,180,102,57
S04963,180,129,72
S04964,180,147,82
S04965,180,62,35
S04966,180,153,85
S04967,180,169,94
S04968,180,163,91
S04969,180,171,95
S04970,180,145,81
S04971,180,108,60
S04972,180,127,71
S04973,180,118,66
S04974,180,156,87
S04975,180,180,100
S04976,180,149,83
S04977,180,127,71
S04978,180,162,90
S04979,180,106,59
S04980,180,140,78
S04981,180,138,77
S04982,180,160,89
S04983,180,109,61
S04984,180,140,78
S04985,180,147,82
S04986,180,147,82
S04987,180,158,88
S04988,180,104,58
S04989,180,129,72
S04990,180,165,92
S04991,180,109,61
S04992,180,136,76
S04993,180,169,94
S04994,180,113,63
S04995,180,180,100
S04996,180,144,80
S04997,180,144,80
S04998,180,127,71
S04999,180,140,78
S05000,180,145,81
S05001,180,122,68
S05002,180,171,95
S05003,180,144,80
S05004,180,144,80
S05005,180,140,78
S05006,180,160,89
S05007,180,122,68
S05008,180,122,68
S05009,180,133,74
S05010,180,180,100
S05011,180,147,82
S05012,180,111,62
S05013,180,158,88
S05014,180,133,74
S05015,180,136,76
S05016,180,142,79
S05017,180,135,75
S05018,180,131,73
S05019,180,142,79
S05020,180,122,68
S05021,180,158,88
S05022,180,147,82
S05023,180,167,93
S05024,180,108,60
S05025,180,163,91
S05026,180,124,69
S05027,180,140,78
S05028,180,115,64
S05029,180,154,86
S05030,180,117,65
S05031,180,145,81
S05032,180,162,90
S05033,180,162,90
S05034,180,109,61
S05035,180,124,69
S05036,180,99,55
S05037,180,149,83
S05038,180,178,99
S05039,180,111,62
S05040,180,144,80
S05041,180,99,55
S05042,180,156,87
S05043,180,138,77
S05044,180,156,87
S05045,180,124,69
S05046,180,127,71
S05047,180,135,75
S05048,180,153,85
S05049,180,140,78
S05050,180,180,100
S05051,180,169,94
S05052,180,138,77
S05053,180,160,89
S05054,180,122,68
S05055,180,167,93
S05056,180,138,77
S05057,180,172,96
S05058,180,129,72
S05059,180,147,82
S05060,180,135,75
S05061,180,144,80
S05062,180,140,78
S05063,180,127,71
S05064,180,129,72
S05065,180,149,83
S05066,180,117,65
S05067,180,142,79
S05068,180,154,86
S05069,180,140,78
S05070,180,140,78
S05071,180,174,97
S05072,180,160,89
S05073,180,149,83
S05074,180,108,60
S05075,180,140,78
S05076,180,118,66
S05077,180,147,82
S05078,180,140,78
S05079,180,138,77
S05080,180,109,61
S05081,180,180,100
S05082,180,133,74
S05083,180,167,93
S05084,180,154,86
S05085,180,144,80
S05086,180,120,67
S05087,180,129,72
S05088,180,142,79
S05089,180,142,79
S05090,180,129,72
S05091,180,151,84
S05092,180,108,60
S05093,180,127,71
S05094,180,136,76
S05095,180,169,94
S05096,180,118,66
S05097,180,129,72
S05098,180,129,72
S05099,180,140,78
S05100,180,77,43
S05101,180,165,92
S05102,180,140,78
S05103,180,162,90
S05104,180,162,90
S05105,180,138,77
S05106,180,138,77
S05107,180,176,98
S05108,180,158,88
S05109,180,138,77
S05110,180,127,71
S05111,180,147,82
S05112,180,176,98
S05113,180,135,75
S05114,180,144,80
S05115,180,97,54
S05116,180,120,67
S05117,180,165,92
S05118,180,144,80
S05119,180,145,81
S05120,180,125,70
S05121,180,140,78
S05122,180,180,100
S05123,180,104,58
S05124,180,180,100
S05125,180,122,68
S05126,180,160,89
S05127,180,154,86
S05128,180,118,66
S05129,180,163,91
S05130,180,156,87
S05131,180,93,52
S05132,180,117,65
S05133,180,118,66
S05134,180,149,83
S05135,180,129,72
S05136,180,144,80
S05137,180,131,73
S05138,180,147,82
S05139,180,138,77
S05140,180,142,79
S05141,180,133,74
S05142,180,149,83
S05143,180,135,75
S05144,180,131,73
S05145,180,129,72
S05146,180,147,82
S05147,180,151,84
S05148,180,131,73
S05149,180,167,93
S05150,180,106,59
S05151,180,169,94
S05152,180,108,60
S05153,180,174,97
S05154,180,153,85
S05155,180,125,70
S05156,180,124,69
S05157,180,129,72
S05158,180,180,100
S05159,180,171,95
S05160,180,153,85
S05161,180,127,71
S05162,180,125,70
S05163,180,129,72
S05164,180,91,51
S05165,180,111,62
S05166,180,138,77
S05167,180,127,71
S05168,180,156,87
S05169,180,135,75
S05170,180,115,64
S05171,180,147,82
S05172,180,171,95
S05173,180,124,69
S05174,180,122,68
S05175,180,171,95
S05176,180,180,100
S05177,180,129,72
S05178,180,135,75
S05179,180,162,90
S05180,180,156,87
S05181,180,115,64
S05182,180,108,60
S05183,180,142,79
S05184,180,118,66
S05185,180,154,86
S05186,180,138,77
S05187,180,147,82
S05188,180,153,85
S05189,180,129,72
S05190,180,124,69
S05191,180,124,69
S05192,180,167,93
S05193,180,133,74
S05194,180,180,100
S05195,180,122,68
S05196,180,153,85
S05197,180,122,68
S05198,180,147,82
S05199,180,147,82
S05200,180,180,100
S05201,180,171,95
S05202,180,165,92
S05203,180,162,90
S05204,180,156,87
S05205,180,106,59
S05206,180,135,75
S05207,180,136,76
S05208,180,131,73
S05209,180,156,87
S05210,180,136,76
S05211,180,127,71
S05212,180,122,68
S05213,180,180,100
S05214,180,147,82
S05215,180,172,96
S05216,180,138,77
S05217,180,154,86
S05218,180,124,69
S05219,180,138,77
S05220,180,171,95
S05221,180,106,59
S05222,180,154,86
S05223,180,142,79
S05224,180,156,87
S05225,180,138,77
S05226,180,178,99
S05227,180,145,81
S05228,180,124,69
S05229,180,151,84
S05230,180,147,82
S05231,180,142,79
S05232,180,125,70
S05233,180,125,70
S05234,180,124,69
S05235,180,158,88
S05236,180,147,82
S05237,180,138,77
S05238,180,129,72
S05239,180,131,73
S05240,180,120,67
S05241,180,122,68
S05242,180,104,58
S05243,180,124,69
S05244,180,117,65
S05245,180,125,70
S05246,180,124,69
S05247,180,120,67
S05248,180,104,58
S05249,180,129,72
S05250,180,124,69
S05251,180,144,80
S05252,180,124,69
S05253,180,136,76
S05254,180,153,85
S05255,180,127,71
S05256,180,171,95
S05257,180,149,83
S05258,180,158,88
S05259,180,167,93
S05260,180,154,86
S05261,180,149,83
S05262,180,131,73
S05263,180,122,68
S05264,180,149,83
S05265,180,172,96
S05266,180,100,56
S05267,180,125,70
S05268,180,140,78
S05269,180,136,76
S05270,180,160,89
S05271,180,154,86
S05272,180,142,79
S05273,180,171,95
S05274,180,122,68
S05275,180,129,72
S05276,180,122,68
S05277,180,154,86
S05278,180,149,83
S05279,180,172,96
S05280,180,135,75
S05281,180,125,70
S05282,180,167,93
S05283,180,115,64
S05284,180,180,100
S05285,180,124,69
S05286,180,125,70
S05287,180,129,72
S05288,180,144,80
S05289,180,91,51
S05290,180,75,42
S05291,180,138,77
S05292,180,165,92
S05293,180,125,70
S05294,180,136,76
S05295,180,118,66
S05296,180,144,80
S05297,180,156,87
S05298,180,115,64
S05299,180,151,84
S05300,180,156,87
S05301,180,115,64
S05302,180,86,48
S05303,180,118,66
S05304,180,127,71
S05305,180,156,87
S05306,180,149,83
S05307,180,167,93
S05308,180,115,64
S05309,180,136,76
S05310,180,136,76
S05311,180,160,89
S05312,180,124,69
S05313,180,104,58
S05314,180,149,83
S05315,180,180,100
S05316,180,140,78
S05317,180,113,63
S05318,180,102,57
S05319,180,145,81
S05320,180,142,79
S05321,180,131,73
S05322,180,138,77
S05323,180,180,100
S05324,180,113,63
S05325,180,153,85
S05326,180,142,79
S05327,180,136,76
S05328,180,131,73
S05329,180,82,46
S05330,180,122,68
S05331,180,158,88
S05332,180,145,81
S05333,180,136,76
S05334,180,154,86
S05335,180,133,74
S05336,180,165,92
S05337,180,149,83
S05338,180,156,87
S05339,180,122,68
S05340,180,122,68
S05341,180,135,75
S05342,180,135,75
S05343,180,142,79
S05344,180,140,78
S05345,180,145,81
S05346,180,104,58
S05347,180,147,82
S05348,180,144,80
S05349,180,142,79
S05350,180,165,92
S05351,180,160,89
S05352,180,180,100
S05353,180,125,70
S05354,180,180,100
S05355,180,88,49
S05356,180,144,80
S05357,180,169,94
S05358,180,138,77
S05359,180,133,74
S05360,180,154,86
S05361,180,102,57
S05362,180,142,79
S05363,180,138,77
S05364,180,145,81
S05365,180,109,61
S05366,180,147,82
S05367,180,167,93
S05368,180,129,72
S05369,180,165,92
S05370,180,97,54
S05371,180,149,83
S05372,180,104,58
S05373,180,117,65
S05374,180,129,72
S05375,180,158,88
S05376,180,111,62
S05377,180,109,61
S05378,180,135,75
S05379,180,113,63
S05380,180,145,81
S05381,180,86,48
S05382,180,156,87
S05383,180,125,70
S05384,180,124,69
S05385,180,165,92
S05386,180,153,85
S05387,180,149,83
S05388,180,109,61
S05389,180,108,60
S05390,180,171,95
S05391,180,142,79
S05392,180,115,64
S05393,180,138,77
S05394,180,144,80
S05395,180,172,96
S05396,180,127,71
S05397,180,124,69
S05398,180,135,75
S05399,180,131,73
S05400,180,151,84
S05401,180,156,87
S05402,180,108,60
S05403,180,147,82
S05404,180,113,63
S05405,180,153,85
S05406,180,138,77
S05407,180,140,78
S05408,180,115,64
S05409,180,129,72
S05410,180,145,81
S05411,180,171,95
S05412,180,154,86
S05413,180,133,74
S05414,180,140,78
S05415,180,171,95
S05416,180,144,80
S05417,180,135,75
S05418,180,140,78
S05419,180,133,74
S05420,180,172,96
S05421,180,160,89
S05422,180,142,79
S05423,180,147,82
S05424,180,129,72
S05425,180,84,47
S05426,180,120,67
S05427,180,149,83
S05428,180,135,75
S05429,180,151,84
S05430,180,118,66
S05431,180,147,82
S05432,180,162,90
S05433,180,172,96
S05434,180,147,82
S05435,180,100,56
S05436,180,104,58
S05437,180,140,78
S05438,180,129,72
S05439,180,149,83
S05440,180,180,100
S05441,180,158,88
S05442,180,153,85
S05443,180,122,68
S05444,180,129,72
S05445,180,113,63
S05446,180,93,52
S05447,180,108,60
S05448,180,162,90
S05449,180,125,70
S05450,180,125,70
S05451,180,102,57
S05452,180,140,78
S05453,180,133,74
S05454,180,120,67
S05455,180,156,87
S05456,180,133,74
S05457,180,169,94
S05458,180,140,78
S05459,180,140,78
S05460,180,120,67
S05461,180,133,74
S05462,180,151,84
S05463,180,172,96
S05464,180,180,100
S05465,180,88,49
S05466,180,149,83
S05467,180,127,71
S05468,180,120,67
S05469,180,158,88
S05470,180,131,73
S05471,180,124,69
S05472,180,140,78
S05473,180,113,63
S05474,180,117,65
S05475,180,127,71
S05476,180,133,74
S05477,180,108,60
S05478,180,151,84
S05479,180,149,83
S05480,180,149,83
S05481,180,180,100
S05482,180,154,86
S05483,180,149,83
S05484,180,136,76
S05485,180,156,87
S05486,180,122,68
S05487,180,117,65
S05488,180,165,92
S05489,180,131,73
S05490,180,153,85
S05491,180,142,79
S05492,180,153,85
S05493,180,169,94
S05494,180,127,71
S05495,180,154,86
S05496,180,144,80
S05497,180,124,69
S05498,180,136,76
S05499,180,122,68
S05500,180,149,83
S05501,180,140,78
S05502,180,120,67
S05503,180,160,89
S05504,180,156,87
S05505,180,115,64
S05506,180,172,96
S05507,180,145,81
S05508,180,162,90
S05509,180,154,86
S05510,180,136,76
S05511,180,180,100
S05512,180,125,70
S05513,180,147,82
S05514,180,149,83
S05515,180,142,79
S05516,180,145,81
S05517,180,142,79
S05518,180,122,68
S05519,180,138,77
S05520,180,180,100
S05521,180,156,87
S05522,180,120,67
S05523,180,138,77
S05524,180,122,68
S05525,180,135,75
S05526,180,172,96
S05527,180,109,61
S05528,180,135,75
S05529,180,133,74
S05530,180,174,97
S05531,180,151,84
S05532,180,167,93
S05533,180,113,63
S05534,180,151,84
S05535,180,127,71
S05536,180,131,73
S05537,180,151,84
S05538,180,125,70
S05539,180,145,81
S05540,180,172,96
S05541,180,122,68
S05542,180,117,65
S05543,180,149,83
S05544,180,149,83
S05545,180,154,86
S05546,180,165,92
S05547,180,149,83
S05548,180,109,61
S05549,180,171,95
S05550,180,144,80
S05551,180,153,85
S05552,180,156,87
S05553,180,106,59
S05554,180,108,60
S05555,180,136,76
S05556,180,151,84
S05557,180,115,64
S05558,180,158,88
S05559,180,133,74
S05560,180,167,93
S05561,180,111,62
S05562,180,136,76
S05563,180,162,90
S05564,180,129,72
S05565,180,144,80
S05566,180,149,83
S05567,180,160,89
S05568,180,167,93
S05569,180,165,92
S05570,180,125,70
S05571,180,115,64
S05572,180,136,76
S05573,180,109,61
S05574,180,109,61
S05575,180,113,63
S05576,180,140,78
S05577,180,125,70
S05578,180,144,80
S05579,180,169,94
S05580,180,151,84
S05581,180,151,84
S05582,180,129,72
S05583,180,153,85
S05584,180,144,80
S05585,180,120,67
S05586,180,149,83
S05587,180,127,71
S05588,180,129,72
S05589,180,129,72
S05590,180,127,71
S05591,180,120,67
S05592,180,147,82
S05593,180,178,99
S05594,180,151,84
S05595,180,131,73
S05596,180,113,63
S05597,180,135,75
S05598,180,117,65
S05599,180,127,71
S05600,180,154,86
S05601,180,125,70
S05602,180,136,76
S05603,180,145,81
S05604,180,174,97
S05605,180,147,82
S05606,180,151,84
S05607,180,156,87
S05608,180,120,67
S05609,180,136,76
S05610,180,136,76
S05611,180,129,72
S05612,180,102,57
S05613,180,88,49
S05614,180,135,75
S05615,180,149,83
S05616,180,176,98
S05617,180,117,65
S05618,180,108,60
S05619,180,144,80
S05620,180,160,89
S05621,180,156,87
S05622,180,135,75
S05623,180,163,91
S05624,180,144,80
S05625,180,140,78
S05626,180,178,99
S05627,180,102,57
S05628,180,131,73
S05629,180,142,79
S05630,180,158,88
S05631,180,111,62
S05632,180,174,97
S05633,180,156,87
S05634,180,120,67
S05635,180,151,84
S05636,180,115,64
S05637,180,124,69
S05638,180,162,90
S05639,180,120,67
S05640,180,81,45
S05641,180,111,62
S05642,180,125,70
S05643,180,118,66
S05644,180,145,81
S05645,180,158,88
S05646,180,104,58
S05647,180,117,65
S05648,180,144,80
S05649,180,127,71
S05650,180,106,59
S05651,180,124,69
S05652,180,142,79
S05653,180,120,67
S05654,180,122,68
S05655,180,111,62
S05656,180,127,71
S05657,180,167,93
S05658,180,149,83
S05659,180,174,97
S05660,180,106,59
S05661,180,118,66
S05662,180,180,100
S05663,180,138,77
S05664,180,129,72
S05665,180,117,65
S05666,180,140,78
S05667,180,162,90
S05668,180,138,77
S05669,180,144,80
S05670,180,153,85
S05671,180,113,63
S05672,180,180,100
S05673,180,142,79
S05674,180,171,95
S05675,180,135,75
S05676,180,125,70
S05677,180,125,70
S05678,180,144,80
S05679,180,120,67
S05680,180,165,92
S05681,180,133,74
S05682,180,102,57
S05683,180,154,86
S05684,180,147,82
S05685,180,138,77
S05686,180,172,96
S05687,180,145,81
S05688,180,172,96
S05689,180,140,78
S05690,180,156,87
S05691,180,124,69
S05692,180,145,81
S05693,180,138,77
S05694,180,104,58
S05695,180,127,71
S05696,180,135,75
S05697,180,151,84
S05698,180,154,86
S05699,180,149,83
S05700,180,140,78
S05701,180,149,83
S05702,180,135,75
S05703,180,160,89
S05704,180,113,63
S05705,180,127,71
S05706,180,169,94
S05707,180,145,81
S05708,180,165,92
S05709,180,118,66
S05710,180,124,69
S05711,180,135,75
S05712,180,153,85
S05713,180,118,66
S05714,180,165,92
S05715,180,149,83
S05716,180,120,67
S05717,180,111,62
S05718,180,145,81
S05719,180,133,74
S05720,180,176,98
S05721,180,153,85
S05722,180,145,81
S05723,180,120,67
S05724,180,176,98
S05725,180,151,84
S05726,180,140,78
S05727,180,124,69
S05728,180,144,80
S05729,180,156,87
S05730,180,125,70
S05731,180,151,84
S05732,180,102,57
S05733,180,127,71
S05734,180,165,92
S05735,180,140,78
S05736,180,133,74
S05737,180,172,96
S05738,180,136,76
S05739,180,154,86
S05740,180,158,88
S05741,180,169,94
S05742,180,124,69
S05743,180,127,71
S05744,180,169,94
S05745,180,133,74
S05746,180,153,85
S05747,180,154,86
S05748,180,129,72
S05749,180,124,69
S05750,180,149,83
S05751,180,171,95
S05752,180,102,57
S05753,180,153,85
S05754,180,115,64
S05755,180,142,79
S05756,180,138,77
S05757,180,111,62
S05758,180,140,78
S05759,180,156,87
S05760,180,120,67
S05761,180,117,65
S05762,180,122,68
S05763,180,125,70
S05764,180,108,60
S05765,180,122,68
S05766,180,167,93
S05767,180,125,70
S05768,180,122,68
S05769,180,178,99
S05770,180,120,67
S05771,180,162,90
S05772,180,138,77
S05773,180,149,83
S05774,180,171,95
S05775,180,160,89
S05776,180,162,90
S05777,180,127,71
S05778,180,162,90
S05779,180,95,53
S05780,180,104,58
S05781,180,86,48
S05782,180,124,69
S05783,180,162,90
S05784,180,135,75
S05785,180,144,80
S05786,180,131,73
S05787,180,178,99
S05788,180,131,73
S05789,180,145,81
S05790,180,151,84
S05791,180,156,87
S05792,180,122,68
S05793,180,135,75
S05794,180,162,90
S05795,180,113,63
S05796,180,138,77
S05797,180,117,65
S05798,180,153,85
S05799,180,129,72
S05800,180,142,79
S05801,180,136,76
S05802,180,162,90
S05803,180,135,75
S05804,180,122,68
S05805,180,124,69
S05806,180,120,67
S05807,180,120,67
S05808,180,129,72
S05809,180,151,84
S05810,180,144,80
S05811,180,151,84
S05812,180,163,91
S05813,180,153,85
S05814,180,154,86
S05815,180,167,93
S05816,180,165,92
S05817,180,171,95
S05818,180,125,70
S05819,180,109,61
S05820,180,147,82
S05821,180,97,54
S05822,180,153,85
S05823,180,160,89
S05824,180,172,96
S05825,180,140,78
S05826,180,127,71
S05827,180,133,74
S05828,180,138,77
S05829,180,131,73
S05830,180,122,68
S05831,180,125,70
S05832,180,165,92
S05833,180,140,78
S05834,180,131,73
S05835,180,140,78
S05836,180,144,80
S05837,180,109,61
S05838,180,172,96
S05839,180,129,72
S05840,180,151,84
S05841,180,127,71
S05842,180,117,65
S05843,180,118,66
S05844,180,151,84
S05845,180,133,74
S05846,180,138,77
S05847,180,153,85
S05848,180,108,60
S05849,180,133,74
S05850,180,174,97
S05851,180,127,71
S05852,180,124,69
S05853,180,111,62
S05854,180,127,71
S05855,180,136,76
S05856,180,171,95
S05857,180,125,70
S05858,180,135,75
S05859,180,165,92
S05860,180,156,87
S05861,180,131,73
S05862,180,140,78
S05863,180,147,82
S05864,180,153,85
S05865,180,115,64
S05866,180,129,72
S05867,180,106,59
S05868,180,111,62
S05869,180,100,56
S05870,180,144,80
S05871,180,102,57
S05872,180,142,79
S05873,180,142,79
S05874,180,113,63
S05875,180,124,69
S05876,180,140,78
S05877,180,158,88
S05878,180,149,83
S05879,180,156,87
S05880,180,162,90
S05881,180,111,62
S05882,180,138,77
S05883,180,172,96
S05884,180,138,77
S05885,180,149,83
S05886,180,106,59
S05887,180,169,94
S05888,180,160,89
S05889,180,180,100
S05890,180,127,71
S05891,180,171,95
S05892,180,149,83
S05893,180,108,60
S05894,180,178,99
S05895,180,91,51
S05896,180,131,73
S05897,180,133,74
S05898,180,171,95
S05899,180,115,64
S05900,180,88,49
S05901,180,149,83
S05902,180,135,75
S05903,180,84,47
S05904,180,180,100
S05905,180,144,80
S05906,180,133,74
S05907,180,160,89
S05908,180,142,79
S05909,180,171,95
S05910,180,102,57
S05911,180,160,89
S05912,180,145,81
S05913,180,118,66
S05914,180,172,96
S05915,180,79,44
S05916,180,162,90
S05917,180,172,96
S05918,180,125,70
S05919,180,169,94
S05920,180,147,82
S05921,180,144,80
S05922,180,142,79
S05923,180,122,68
S05924,180,147,82
S05925,180,111,62
S05926,180,136,76
S05927,180,117,65
S05928,180,95,53
S05929,180,160,89
S05930,180,135,75
S05931,180,156,87
S05932,180,147,82
S05933,180,153,85
S05934,180,129,72
S05935,180,82,46
S05936,180,147,82
S05937,180,163,91
S05938,180,147,82
S05939,180,99,55
S05940,180,140,78
S05941,180,104,58
S05942,180,124,69
S05943,180,120,67
S05944,180,160,89
S05945,180,136,76
S05946,180,144,80
S05947,180,149,83
S05948,180,153,85
S05949,180,117,65
S05950,180,118,66
S05951,180,127,71
S05952,180,129,72
S05953,180,154,86
S05954,180,154,86
S05955,180,104,58
S05956,180,147,82
S05957,180,142,79
S05958,180,122,68
S05959,180,113,63
S05960,180,129,72
S05961,180,124,69
S05962,180,180,100
S05963,180,147,82
S05964,180,131,73
S05965,180,124,69
S05966,180,163,91
S05967,180,151,84
S05968,180,125,70
S05969,180,129,72
S05970,180,149,83
S05971,180,97,54
S05972,180,158,88
S05973,180,125,70
S05974,180,108,60
S05975,180,124,69
S05976,180,165,92
S05977,180,122,68
S05978,180,145,81
S05979,180,171,95
S05980,180,124,69
S05981,180,171,95
S05982,180,163,91
S05983,180,171,95
S05984,180,113,63
S05985,180,135,75
S05986,180,131,73
S05987,180,169,94
S05988,180,140,78
S05989,180,162,90
S05990,180,111,62
S05991,180,140,78
S05992,180,149,83
S05993,180,154,86
S05994,180,167,93
S05995,180,106,59
S05996,180,136,76
S05997,180,156,87
S05998,180,120,67
S05999,180,133,74
S06000,180,144,80
S06001,180,117,65
S06002,180,138,77
S06003,180,124,69
S06004,180,138,77
S06005,180,111,62
S06006,180,138,77
S06007,180,131,73
S06008,180,108,60
S06009,180,115,64
S06010,180,142,79
S06011,180,135,75
S06012,180,133,74
S06013,180,97,54
S06014,180,129,72
S06015,180,122,68
S06016,180,147,82
S06017,180,174,97
S06018,180,153,85
S06019,180,115,64
S06020,180,142,79
S06021,180,127,71
S06022,180,145,81
S06023,180,138,77
S06024,180,102,57
S06025,180,158,88
S06026,180,95,53
S06027,180,124,69
S06028,180,160,89
S06029,180,149,83
S06030,180,109,61
S06031,180,145,81
S06032,180,180,100
S06033,180,118,66
S06034,180,174,97
S06035,180,154,86
S06036,180,180,100
S06037,180,151,84
S06038,180,138,77
S06039,180,151,84
S06040,180,125,70
S06041,180,158,88
S06042,180,158,88
S06043,180,127,71
S06044,180,95,53
S06045,180,144,80
S06046,180,147,82
S06047,180,145,81
S06048,180,145,81
S06049,180,138,77
S06050,180,120,67
S06051,180,113,63
S06052,180,154,86
S06053,180,95,53
S06054,180,180,100
S06055,180,147,82
S06056,180,147,82
S06057,180,169,94
S06058,180,133,74
S06059,180,154,86
S06060,180,144,80
S06061,180,100,56
S06062,180,133,74
S06063,180,140,78
S06064,180,145,81
S06065,180,160,89
S06066,180,180,100
S06067,180,171,95
S06068,180,131,73
S06069,180,151,84
S06070,180,136,76
S06071,180,133,74
S06072,180,160,89
S06073,180,95,53
S06074,180,133,74
S06075,180,125,70
S06076,180,172,96
S06077,180,120,67
S06078,180,125,70
S06079,180,154,86
S06080,180,120,67
S06081,180,169,94
S06082,180,180,100
S06083,180,131,73
S06084,180,153,85
S06085,180,122,68
S06086,180,133,74
S06087,180,133,74
S06088,180,115,64
S06089,180,171,95
S06090,180,140,78
S06091,180,91,51
S06092,180,180,100
S06093,180,106,59
S06094,180,99,55
S06095,180,108,60
S06096,180,108,60
S06097,180,131,73
S06098,180,118,66
S06099,180,125,70
S06100,180,104,58
S06101,180,162,90
S06102,180,145,81
S06103,180,145,81
S06104,180,160,89
S06105,180,163,91
S06106,180,124,69
S06107,180,162,90
S06108,180,133,74
S06109,180,180,100
S06110,180,149,83
S06111,180,113,63
S06112,180,151,84
S06113,180,118,66
S06114,180,136,76
S06115,180,102,57
S06116,180,156,87
S06117,180,95,53
S06118,180,102,57
S06119,180,133,74
S06120,180,154,86
S06121,180,138,77
S06122,180,158,88
S06123,180,180,100
S06124,180,129,72
S06125,180,158,88
S06126,180,153,85
S06127,180,167,93
S06128,180,151,84
S06129,180,124,69
S06130,180,140,78
S06131,180,125,70
S06132,180,81,45
S06133,180,136,76
S06134,180,127,71
S06135,180,154,86
S06136,180,113,63
S06137,180,138,77
S06138,180,154,86
S06139,180,133,74
S06140,180,109,61
S06141,180,127,71
S06142,180,82,46
S06143,180,151,84
S06144,180,167,93
S06145,180,160,89
S06146,180,154,86
S06147,180,108,60
S06148,180,100,56
S06149,180,135,75
S06150,180,124,69
S06151,180,131,73
S06152,180,124,69
S06153,180,154,86
S06154,180,144,80
S06155,180,180,100
S06156,180,174,97
S06157,180,117,65
S06158,180,133,74
S06159,180,111,62
S06160,180,156,87
S06161,180,127,71
S06162,180,160,89
S06163,180,115,64
S06164,180,133,74
S06165,180,138,77
S06166,180,149,83
S06167,180,151,84
S06168,180,160,89
S06169,180,113,63
S06170,180,172,96
S06171,180,106,59
S06172,180,70,39
S06173,180,145,81
S06174,180,154,86
S06175,180,122,68
S06176,180,129,72
S06177,180,138,77
S06178,180,180,100
S06179,180,162,90
S06180,180,133,74
S06181,180,162,90
S06182,180,171,95
S06183,180,154,86
S06184,180,111,62
S06185,180,115,64
S06186,180,144,80
S06187,180,158,88
S06188,180,127,71
S06189,180,109,61
S06190,180,172,96
S06191,180,163,91
S06192,180,117,65
S06193,180,111,62
S06194,180,149,83
S06195,180,151,84
S06196,180,147,82
S06197,180,122,68
S06198,180,117,65
S06199,180,153,85
S06200,180,135,75
S06201,180,142,79
S06202,180,151,84
S06203,180,106,59
S06204,180,180,100
S06205,180,140,78
S06206,180,111,62
S06207,180,156,87
S06208,180,99,55
S06209,180,135,75
S06210,180,127,71
S06211,180,91,51
S06212,180,91,51
S06213,180,165,92
S06214,180,167,93
S06215,180,113,63
S06216,180,109,61
S06217,180,64,36
S06218,180,95,53
S06219,180,142,79
S06220,180,180,100
S06221,180,138,77
S06222,180,147,82
S06223,180,151,84
S06224,180,133,74
S06225,180,108,60
S06226,180,160,89
S06227,180,122,68
S06228,180,100,56
S06229,180,153,85
S06230,180,149,83
S06231,180,109,61
S06232,180,133,74
S06233,180,117,65
S06234,180,109,61
S06235,180,147,82
S06236,180,124,69
S06237,180,120,67
S06238,180,127,71
S06239,180,140,78
S06240,180,140,78
S06241,180,178,99
S06242,180,117,65
S06243,180,149,83
S06244,180,102,57
S06245,180,145,81
S06246,180,142,79
S06247,180,136,76
S06248,180,131,73
S06249,180,171,95
S06250,180,178,99
S06251,180,154,86
S06252,180,158,88
S06253,180,138,77
S06254,180,125,70
S06255,180,140,78
S06256,180,136,76
S06257,180,151,84
S06258,180,118,66
S06259,180,124,69
S06260,180,147,82
S06261,180,125,70
S06262,180,91,51
S06263,180,140,78
S06264,180,115,64
S06265,180,88,49
S06266,180,158,88
S06267,180,149,83
S06268,180,127,71
S06269,180,124,69
S06270,180,140,78
S06271,180,117,65
S06272,180,151,84
S06273,180,144,80
S06274,180,142,79
S06275,180,140,78
S06276,180,120,67
S06277,180,102,57
S06278,180,122,68
S06279,180,109,61
S06280,180,136,76
S06281,180,127,71
S06282,180,138,77
S06283,180,144,80
S06284,180,149,83
S06285,180,136,76
S06286,180,169,94
S06287,180,95,53
S06288,180,140,78
S06289,180,158,88
S06290,180,174,97
S06291,180,97,54
S06292,180,138,77
S06293,180,142,79
S06294,180,162,90
S06295,180,149,83
S06296,180,135,75
S06297,180,127,71
S06298,180,81,45
S06299,180,100,56
S06300,180,127,71
S06301,180,160,89
S06302,180,124,69
S06303,180,122,68
S06304,180,125,70
S06305,180,140,78
S06306,180,118,66
S06307,180,144,80
S06308,180,144,80
S06309,180,176,98
S06310,180,142,79
S06311,180,180,100
S06312,180,127,71
S06313,180,113,63
S06314,180,131,73
S06315,180,104,58
S06316,180,135,75
S06317,180,149,83
S06318,180,124,69
S06319,180,125,70
S06320,180,171,95
S06321,180,115,64
S06322,180,162,90
S06323,180,165,92
S06324,180,131,73
S06325,180,145,81
S06326,180,171,95
S06327,180,144,80
S06328,180,144,80
S06329,180,171,95
S06330,180,167,93
S06331,180,109,61
S06332,180,136,76
S06333,180,180,100
S06334,180,144,80
S06335,180,118,66
S06336,180,151,84
S06337,180,149,83
S06338,180,163,91
S06339,180,138,77
S06340,180,145,81
S06341,180,118,66
S06342,180,135,75
S06343,180,156,87
S06344,180,149,83
S06345,180,136,76
S06346,180,111,62
S06347,180,156,87
S06348,180,117,65
S06349,180,122,68
S06350,180,151,84
S06351,180,115,64
S06352,180,120,67
S06353,180,122,68
S06354,180,77,43
S06355,180,135,75
S06356,180,129,72
S06357,180,162,90
S06358,180,122,68
S06359,180,138,77
S06360,180,109,61
S06361,180,124,69
S06362,180,138,77
S06363,180,180,100
S06364,180,154,86
S06365,180,140,78
S06366,180,147,82
S06367,180,154,86
S06368,180,133,74
S06369,180,140,78
S06370,180,120,67
S06371,180,115,64
S06372,180,111,62
S06373,180,133,74
S06374,180,118,66
S06375,180,178,99
S06376,180,147,82
S06377,180,149,83
S06378,180,118,66
S06379,180,127,71
S06380,180,113,63
S06381,180,117,65
S06382,180,122,68
S06383,180,118,66
S06384,180,133,74
S06385,180,129,72
S06386,180,145,81
S06387,180,125,70
S06388,180,113,63
S06389,180,162,90
S06390,180,156,87
S06391,180,136,76
S06392,180,147,82
S06393,180,142,79
S06394,180,162,90
S06395,180,151,84
S06396,180,109,61
S06397,180,176,98
S06398,180,154,86
S06399,180,154,86
S06400,180,158,88
S06401,180,108,60
S06402,180,178,99
S06403,180,163,91
S06404,180,167,93
S06405,180,127,71
S06406,180,113,63
S06407,180,108,60
S06408,180,153,85
S06409,180,154,86
S06410,180,167,93
S06411,180,118,66
S06412,180,113,63
S06413,180,133,74
S06414,180,147,82
S06415,180,163,91
S06416,180,140,78
S06417,180,138,77
S06418,180,142,79
S06419,180,158,88
S06420,180,153,85
S06421,180,178,99
S06422,180,120,67
S06423,180,125,70
S06424,180,138,77
S06425,180,167,93
S06426,180,169,94
S06427,180,147,82
S06428,180,108,60
S06429,180,147,82
S06430,180,145,81
S06431,180,124,69
S06432,180,118,66
S06433,180,136,76
S06434,180,124,69
S06435,180,108,60
S06436,180,131,73
S06437,180,162,90
S06438,180,147,82
S06439,180,140,78
S06440,180,129,72
S06441,180,117,65
S06442,180,120,67
S06443,180,144,80
S06444,180,136,76
S06445,180,167,93
S06446,180,133,74
S06447,180,99,55
S06448,180,117,65
S06449,180,131,73
S06450,180,133,74
S06451,180,180,100
S06452,180,147,82
S06453,180,136,76
S06454,180,122,68
S06455,180,113,63
S06456,180,136,76
S06457,180,165,92
S06458,180,163,91
S06459,180,117,65
S06460,180,133,74
S06461,180,129,72
S06462,180,154,86
S06463,180,129,72
S06464,180,165,92
S06465,180,131,73
S06466,180,129,72
S06467,180,140,78
S06468,180,145,81
S06469,180,109,61
S06470,180,147,82
S06471,180,149,83
S06472,180,149,83
S06473,180,142,79
S06474,180,149,83
S06475,180,140,78
S06476,180,156,87
S06477,180,169,94
S06478,180,160,89
S06479,180,86,48
S06480,180,124,69
S06481,180,172,96
S06482,180,124,69
S06483,180,95,53
S06484,180,180,100
S06485,180,172,96
S06486,180,118,66
S06487,180,160,89
S06488,180,162,90
S06489,180,131,73
S06490,180,158,88
S06491,180,142,79
S06492,180,167,93
S06493,180,133,74
S06494,180,153,85
S06495,180,135,75
S06496,180,178,99
S06497,180,145,81
S06498,180,102,57
S06499,180,153,85
S06500,180,147,82
S06501,180,151,84
S06502,180,118,66
S06503,180,102,57
S06504,180,124,69
S06505,180,145,81
S06506,180,140,78
S06507,180,124,69
S06508,180,176,98
S06509,180,140,78
S06510,180,156,87
S06511,180,140,78
S06512,180,167,93
S06513,180,149,83
S06514,180,129,72
S06515,180,131,73
S06516,180,127,71
S06517,180,118,66
S06518,180,127,71
S06519,180,158,88
S06520,180,180,100
S06521,180,138,77
S06522,180,133,74
S06523,180,180,100
S06524,180,122,68
S06525,180,122,68
S06526,180,120,67
S06527,180,154,86
S06528,180,144,80
S06529,180,136,76
S06530,180,172,96
S06531,180,124,69
S06532,180,124,69
S06533,180,160,89
S06534,180,180,100
S06535,180,154,86
S06536,180,149,83
S06537,180,127,71
S06538,180,167,93
S06539,180,149,83
S06540,180,145,81
S06541,180,142,79
S06542,180,147,82
S06543,180,135,75
S06544,180,127,71
S06545,180,142,79
S06546,180,125,70
S06547,180,144,80
S06548,180,135,75
S06549,180,124,69
S06550,180,117,65
S06551,180,151,84
S06552,180,120,67
S06553,180,129,72
S06554,180,129,72
S06555,180,142,79
S06556,180,156,87
S06557,180,100,56
S06558,180,158,88
S06559,180,133,74
S06560,180,108,60
S06561,180,122,68
S06562,180,115,64
S06563,180,140,78
S06564,180,171,95
S06565,180,131,73
S06566,180,153,85
S06567,180,165,92
S06568,180,163,91
S06569,180,129,72
S06570,180,93,52
S06571,180,122,68
S06572,180,144,80
S06573,180,180,100
S06574,180,131,73
S06575,180,142,79
S06576,180,124,69
S06577,180,162,90
S06578,180,158,88
S06579,180,144,80
S06580,180,142,79
S06581,180,115,64
S06582,180,133,74
S06583,180,142,79
S06584,180,125,70
S06585,180,93,52
S06586,180,144,80
S06587,180,120,67
S06588,180,147,82
S06589,180,109,61
S06590,180,115,64
S06591,180,142,79
S06592,180,120,67
S06593,180,118,66
S06594,180,125,70
S06595,180,136,76
S06596,180,122,68
S06597,180,144,80
S06598,180,104,58
S06599,180,162,90
S06600,180,125,70
S06601,180,160,89
S06602,180,135,75
S06603,180,180,100
S06604,180,147,82
S06605,180,104,58
S06606,180,156,87
S06607,180,131,73
S06608,180,104,58
S06609,180,124,69
S06610,180,154,86
S06611,180,104,58
S06612,180,145,81
S06613,180,140,78
S06614,180,142,79
S06615,180,117,65
S06616,180,154,86
S06617,180,140,78
S06618,180,147,82
S06619,180,156,87
S06620,180,109,61
S06621,180,163,91
S06622,180,133,74
S06623,180,140,78
S06624,180,122,68
S06625,180,180,100
S06626,180,136,76
S06627,180,95,53
S06628,180,86,48
S06629,180,127,71
S06630,180,180,100
S06631,180,131,73
S06632,180,136,76
S06633,180,120,67
S06634,180,118,66
S06635,180,169,94
S06636,180,125,70
S06637,180,144,80
S06638,180,140,78
S06639,180,125,70
S06640,180,104,58
S06641,180,147,82
S06642,180,138,77
S06643,180,138,77
S06644,180,144,80
S06645,180,122,68
S06646,180,127,71
S06647,180,151,84
S06648,180,133,74
S06649,180,125,70
S06650,180,115,64
S06651,180,174,97
S06652,180,153,85
S06653,180,176,98
S06654,180,158,88
S06655,180,113,63
S06656,180,135,75
S06657,180,160,89
S06658,180,135,75
S06659,180,124,69
S06660,180,111,62
S06661,180,129,72
S06662,180,151,84
S06663,180,151,84
S06664,180,129,72
S06665,180,145,81
S06666,180,163,91
S06667,180,136,76
S06668,180,133,74
S06669,180,124,69
S06670,180,156,87
S06671,180,140,78
S06672,180,125,70
S06673,180,124,69
S06674,180,144,80
S06675,180,108,60
S06676,180,104,58
S06677,180,125,70
S06678,180,133,74
S06679,180,122,68
S06680,180,122,68
S06681,180,133,74
S06682,180,135,75
S06683,180,145,81
S06684,180,142,79
S06685,180,136,76
S06686,180,106,59
S06687,180,111,62
S06688,180,138,77
S06689,180,142,79
S06690,180,104,58
S06691,180,180,100
S06692,180,140,78
S06693,180,127,71
S06694,180,111,62
S06695,180,160,89
S06696,180,111,62
S06697,180,153,85
S06698,180,165,92
S06699,180,149,83
S06700,180,172,96
S06701,180,180,100
S06702,180,131,73
S06703,180,149,83
S06704,180,127,71
S06705,180,180,100
S06706,180,120,67
S06707,180,124,69
S06708,180,147,82
S06709,180,140,78
S06710,180,153,85
S06711,180,144,80
S06712,180,178,99
S06713,180,178,99
S06714,180,104,58
S06715,180,138,77
S06716,180,160,89
S06717,180,118,66
S06718,180,129,72
S06719,180,127,71
S06720,180,138,77
S06721,180,109,61
S06722,180,154,86
S06723,180,140,78
S06724,180,113,63
S06725,180,109,61
S06726,180,122,68
S06727,180,120,67
S06728,180,136,76
S06729,180,138,77
S06730,180,145,81
S06731,180,135,75
S06732,180,171,95
S06733,180,149,83
S06734,180,115,64
S06735,180,140,78
S06736,180,133,74
S06737,180,172,96
S06738,180,163,91
S06739,180,160,89
S06740,180,117,65
S06741,180,147,82
S06742,180,111,62
S06743,180,156,87
S06744,180,118,66
S06745,180,129,72
S06746,180,156,87
S06747,180,153,85
S06748,180,136,76
S06749,180,153,85
S06750,180,115,64
S06751,180,129,72
S06752,180,162,90
S06753,180,127,71
S06754,180,136,76
S06755,180,117,65
S06756,180,140,78
S06757,180,138,77
S06758,180,115,64
S06759,180,127,71
S06760,180,172,96
S06761,180,140,78
S06762,180,129,72
S06763,180,171,95
S06764,180,142,79
S06765,180,140,78
S06766,180,117,65
S06767,180,149,83
S06768,180,136,76
S06769,180,144,80
S06770,180,160,89
S06771,180,120,67
S06772,180,131,73
S06773,180,147,82
S06774,180,122,68
S06775,180,151,84
S06776,180,140,78
S06777,180,147,82
S06778,180,163,91
S06779,180,127,71
S06780,180,118,66
S06781,180,154,86
S06782,180,138,77
S06783,180,142,79
S06784,180,153,85
S06785,180,142,79
S06786,180,86,48
S06787,180,172,96
S06788,180,149,83
S06789,180,145,81
S06790,180,122,68
S06791,180,111,62
S06792,180,167,93
S06793,180,90,50
S06794,180,118,66
S06795,180,153,85
S06796,180,151,84
S06797,180,138,77
S06798,180,115,64
S06799,180,135,75
S06800,180,154,86
S06801,180,106,59
S06802,180,180,100
S06803,180,149,83
S06804,180,151,84
S06805,180,129,72
S06806,180,154,86
S06807,180,142,79
S06808,180,180,100
S06809,180,133,74
S06810,180,104,58
S06811,180,129,72
S06812,180,140,78
S06813,180,125,70
S06814,180,142,79
S06815,180,127,71
S06816,180,135,75
S06817,180,136,76
S06818,180,162,90
S06819,180,140,78
S06820,180,165,92
S06821,180,136,76
S06822,180,156,87
S06823,180,111,62
S06824,180,115,64
S06825,180,131,73
S06826,180,172,96
S06827,180,144,80
S06828,180,151,84
S06829,180,144,80
S06830,180,117,65
S06831,180,131,73
S06832,180,109,61
S06833,180,117,65
S06834,180,135,75
S06835,180,147,82
S06836,180,153,85
S06837,180,136,76
S06838,180,115,64
S06839,180,125,70
S06840,180,88,49
S06841,180,158,88
S06842,180,158,88
S06843,180,127,71
S06844,180,162,90
S06845,180,136,76
S06846,180,169,94
S06847,180,125,70
S06848,180,109,61
S06849,180,147,82
S06850,180,133,74
S06851,180,151,84
S06852,180,144,80
S06853,180,127,71
S06854,180,120,67
S06855,180,169,94
S06856,180,160,89
S06857,180,136,76
S06858,180,129,72
S06859,180,160,89
S06860,180,158,88
S06861,180,120,67
S06862,180,180,100
S06863,180,180,100
S06864,180,124,69
S06865,180,162,90
S06866,180,118,66
S06867,180,153,85
S06868,180,145,81
S06869,180,125,70
S06870,180,144,80
S06871,180,158,88
S06872,180,144,80
S06873,180,176,98
S06874,180,117,65
S06875,180,124,69
S06876,180,118,66
S06877,180,120,67
S06878,180,135,75
S06879,180,127,71
S06880,180,81,45
S06881,180,118,66
S06882,180,172,96
S06883,180,109,61
S06884,180,129,72
S06885,180,135,75
S06886,180,144,80
S06887,180,135,75
S06888,180,129,72
S06889,180,120,67
S06890,180,145,81
S06891,180,131,73
S06892,180,115,64
S06893,180,124,69
S06894,180,118,66
S06895,180,145,81
S06896,180,180,100
S06897,180,153,85
S06898,180,158,88
S06899,180,165,92
S06900,180,135,75
S06901,180,104,58
S06902,180,162,90
S06903,180,147,82
S06904,180,131,73
S06905,180,109,61
S06906,180,109,61
S06907,180,180,100
S06908,180,124,69
S06909,180,176,98
S06910,180,160,89
S06911,180,138,77
S06912,180,131,73
S06913,180,176,98
S06914,180,113,63
S06915,180,127,71
S06916,180,172,96
S06917,180,133,74
S06918,180,172,96
S06919,180,102,57
S06920,180,158,88
S06921,180,151,84
S06922,180,145,81
S06923,180,149,83
S06924,180,131,73
S06925,180,153,85
S06926,180,124,69
S06927,180,156,87
S06928,180,106,59
S06929,180,140,78
S06930,180,151,84
S06931,180,135,75
S06932,180,131,73
S06933,180,142,79
S06934,180,97,54
S06935,180,154,86
S06936,180,151,84
S06937,180,133,74
S06938,180,145,81
S06939,180,104,58
S06940,180,156,87
S06941,180,124,69
S06942,180,147,82
S06943,180,117,65
S06944,180,113,63
S06945,180,133,74
S06946,180,167,93
S06947,180,163,91
S06948,180,158,88
S06949,180,156,87
S06950,180,99,55
S06951,180,145,81
S06952,180,151,84
S06953,180,147,82
S06954,180,171,95
S06955,180,154,86
S06956,180,144,80
S06957,180,135,75
S06958,180,169,94
S06959,180,158,88
S06960,180,156,87
S06961,180,120,67
S06962,180,151,84
S06963,180,167,93
S06964,180,144,80
S06965,180,174,97
S06966,180,142,79
S06967,180,167,93
S06968,180,127,71
S06969,180,120,67
S06970,180,100,56
S06971,180,131,73
S06972,180,135,75
S06973,180,125,70
S06974,180,140,78
S06975,180,158,88
S06976,180,180,100
S06977,180,106,59
S06978,180,127,71
S06979,180,133,74
S06980,180,138,77
S06981,180,104,58
S06982,180,147,82
S06983,180,176,98
S06984,180,111,62
S06985,180,172,96
S06986,180,158,88
S06987,180,160,89
S06988,180,108,60
S06989,180,117,65
S06990,180,147,82
S06991,180,136,76
S06992,180,109,61
S06993,180,144,80
S06994,180,129,72
S06995,180,140,78
S06996,180,140,78
S06997,180,138,77
S06998,180,180,100
S06999,180,142,79
S07000,180,127,71
S07001,180,124,69
S07002,180,163,91
S07003,180,136,76
S07004,180,162,90
S07005,180,125,70
S07006,180,165,92
S07007,180,118,66
S07008,180,120,67
S07009,180,135,75
S07010,180,117,65
S07011,180,117,65
S07012,180,153,85
S07013,180,125,70
S07014,180,135,75
S07015,180,142,79
S07016,180,131,73
S07017,180,140,78
S07018,180,145,81
S07019,180,180,100
S07020,180,127,71
S07021,180,142,79
S07022,180,142,79
S07023,180,118,66
S07024,180,154,86
S07025,180,172,96
S07026,180,149,83
S07027,180,136,76
S07028,180,136,76
S07029,180,125,70
S07030,180,120,67
S07031,180,138,77
S07032,180,127,71
S07033,180,131,73
S07034,180,165,92
S07035,180,163,91
S07036,180,91,51
S07037,180,144,80
S07038,180,147,82
S07039,180,122,68
S07040,180,142,79
S07041,180,117,65
S07042,180,167,93
S07043,180,140,78
S07044,180,163,91
S07045,180,125,70
S07046,180,131,73
S07047,180,108,60
S07048,180,106,59
S07049,180,140,78
S07050,180,158,88
S07051,180,169,94
S07052,180,144,80
S07053,180,129,72
S07054,180,127,71
S07055,180,171,95
S07056,180,180,100
S07057,180,145,81
S07058,180,140,78
S07059,180,162,90
S07060,180,93,52
S07061,180,142,79
S07062,180,160,89
S07063,180,129,72
S07064,180,122,68
S07065,180,129,72
S07066,180,158,88
S07067,180,106,59
S07068,180,144,80
S07069,180,125,70
S07070,180,156,87
S07071,180,86,48
S07072,180,140,78
S07073,180,122,68
S07074,180,153,85
S07075,180,149,83
S07076,180,64,36
S07077,180,127,71
S07078,180,117,65
S07079,180,142,79
S07080,180,145,81
S07081,180,133,74
S07082,180,156,87
S07083,180,169,94
S07084,180,135,75
S07085,180,153,85
S07086,180,149,83
S07087,180,147,82
S07088,180,124,69
S07089,180,140,78
S07090,180,124,69
S07091,180,122,68
S07092,180,167,93
S07093,180,113,63
S07094,180,180,100
S07095,180,136,76
S07096,180,100,56
S07097,180,140,78
S07098,180,149,83
S07099,180,117,65
S07100,180,135,75
S07101,180,147,82
S07102,180,135,75
S07103,180,167,93
S07104,180,136,76
S07105,180,140,78
S07106,180,122,68
S07107,180,129,72
S07108,180,129,72
S07109,180,138,77
S07110,180,117,65
S07111,180,151,84
S07112,180,102,57
S07113,180,174,97
S07114,180,127,71
S07115,180,144,80
S07116,180,91,51
S07117,180,99,55
S07118,180,122,68
S07119,180,178,99
S07120,180,165,92
S07121,180,140,78
S07122,180,156,87
S07123,180,127,71
S07124,180,113,63
S07125,180,149,83
S07126,180,156,87
S07127,180,169,94
S07128,180,153,85
S07129,180,127,71
S07130,180,147,82
S07131,180,160,89
S07132,180,140,78
S07133,180,117,65
S07134,180,140,78
S07135,180,144,80
S07136,180,133,74
S07137,180,149,83
S07138,180,124,69
S07139,180,144,80
S07140,180,140,78
S07141,180,171,95
S07142,180,176,98
S07143,180,158,88
S07144,180,86,48
S07145,180,138,77
S07146,180,125,70
S07147,180,144,80
S07148,180,86,48
S07149,180,142,79
S07150,180,156,87
S07151,180,149,83
S07152,180,131,73
S07153,180,104,58
S07154,180,108,60
S07155,180,147,82
S07156,180,165,92
S07157,180,145,81
S07158,180,144,80
S07159,180,118,66
S07160,180,118,66
S07161,180,180,100
S07162,180,127,71
S07163,180,135,75
S07164,180,113,63
S07165,180,154,86
S07166,180,129,72
S07167,180,151,84
S07168,180,147,82
S07169,180,122,68
S07170,180,153,85
S07171,180,151,84
S07172,180,122,68
S07173,180,129,72
S07174,180,124,69
S07175,180,117,65
S07176,180,154,86
S07177,180,129,72
S07178,180,117,65
S07179,180,122,68
S07180,180,125,70
S07181,180,129,72
S07182,180,135,75
S07183,180,111,62
S07184,180,136,76
S07185,180,169,94
S07186,180,118,66
S07187,180,133,74
S07188,180,129,72
S07189,180,117,65
S07190,180,115,64
S07191,180,156,87
S07192,180,115,64
S07193,180,176,98
S07194,180,122,68
S07195,180,122,68
S07196,180,122,68
S07197,180,144,80
S07198,180,156,87
S07199,180,136,76
S07200,180,180,100
S07201,180,180,100
S07202,180,142,79
S07203,180,133,74
S07204,180,135,75
S07205,180,165,92
S07206,180,131,73
S07207,180,133,74
S07208,180,149,83
S07209,180,158,88
S07210,180,145,81
S07211,180,180,100
S07212,180,104,58
S07213,180,169,94
S07214,180,111,62
S07215,180,135,75
S07216,180,117,65
S07217,180,125,70
S07218,180,129,72
S07219,180,180,100
S07220,180,180,100
S07221,180,133,74
S07222,180,113,63
S07223,180,125,70
S07224,180,158,88
S07225,180,160,89
S07226,180,178,99
S07227,180,171,95
S07228,180,131,73
S07229,180,140,78
S07230,180,149,83
S07231,180,144,80
S07232,180,140,78
S07233,180,111,62
S07234,180,180,100
S07235,180,120,67
S07236,180,127,71
S07237,180,160,89
S07238,180,111,62
S07239,180,138,77
S07240,180,122,68
S07241,180,136,76
S07242,180,149,83
S07243,180,147,82
S07244,180,135,75
S07245,180,149,83
S07246,180,109,61
S07247,180,178,99
S07248,180,142,79
S07249,180,149,83
S07250,180,138,77
S07251,180,151,84
S07252,180,136,76
S07253,180,138,77
S07254,180,171,95
S07255,180,172,96
S07256,180,109,61
S07257,180,180,100
S07258,180,151,84
S07259,180,138,77
S07260,180,144,80
S07261,180,171,95
S07262,180,131,73
S07263,180,154,86
S07264,180,104,58
S07265,180,165,92
S07266,180,165,92
S07267,180,147,82
S07268,180,122,68
S07269,180,153,85
S07270,180,133,74
S07271,180,172,96
S07272,180,127,71
S07273,180,108,60
S07274,180,115,64
S07275,180,144,80
S07276,180,90,50
S07277,180,133,74
S07278,180,140,78
S07279,180,160,89
S07280,180,120,67
S07281,180,142,79
S07282,180,118,66
S07283,180,136,76
S07284,180,172,96
S07285,180,133,74
S07286,180,140,78
S07287,180,151,84
S07288,180,81,45
S07289,180,115,64
S07290,180,149,83
S07291,180,145,81
S07292,180,124,69
S07293,180,163,91
S07294,180,135,75
S07295,180,151,84
S07296,180,136,76
S07297,180,100,56
S07298,180,160,89
S07299,180,153,85
S07300,180,109,61
S07301,180,142,79
S07302,180,162,90
S07303,180,127,71
S07304,180,131,73
S07305,180,109,61
S07306,180,149,83
S07307,180,120,67
S07308,180,144,80
S07309,180,129,72
S07310,180,118,66
S07311,180,167,93
S07312,180,129,72
S07313,180,156,87
S07314,180,149,83
S07315,180,135,75
S07316,180,97,54
S07317,180,145,81
S07318,180,133,74
S07319,180,147,82
S07320,180,102,57
S07321,180,129,72
S07322,180,147,82
S07323,180,125,70
S07324,180,180,100
S07325,180,135,75
S07326,180,176,98
S07327,180,138,77
S07328,180,149,83
S07329,180,133,74
S07330,180,104,58
S07331,180,147,82
S07332,180,100,56
S07333,180,111,62
S07334,180,108,60
S07335,180,135,75
S07336,180,100,56
S07337,180,118,66
S07338,180,117,65
S07339,180,124,69
S07340,180,154,86
S07341,180,165,92
S07342,180,167,93
S07343,180,125,70
S07344,180,88,49
S07345,180,124,69
S07346,180,162,90
S07347,180,127,71
S07348,180,174,97
S07349,180,129,72
S07350,180,131,73
S07351,180,79,44
S07352,180,129,72
S07353,180,140,78
S07354,180,66,37
S07355,180,160,89
S07356,180,120,67
S07357,180,147,82
S07358,180,122,68
S07359,180,174,97
S07360,180,172,96
S07361,180,156,87
S07362,180,104,58
S07363,180,158,88
S07364,180,138,77
S07365,180,156,87
S07366,180,125,70
S07367,180,133,74
S07368,180,167,93
S07369,180,171,95
S07370,180,154,86
S07371,180,160,89
S07372,180,108,60
S07373,180,99,55
S07374,180,178,99
S07375,180,151,84
S07376,180,136,76
S07377,180,167,93
S07378,180,125,70
S07379,180,145,81
S07380,180,124,69
S07381,180,167,93
S07382,180,144,80
S07383,180,117,65
S07384,180,172,96
S07385,180,178,99
S07386,180,154,86
S07387,180,144,80
S07388,180,156,87
S07389,180,70,39
S07390,180,125,70
S07391,180,131,73
S07392,180,120,67
S07393,180,118,66
S07394,180,162,90
S07395,180,167,93
S07396,180,138,77
S07397,180,147,82
S07398,180,151,84
S07399,180,165,92
S07400,180,140,78
S07401,180,131,73
S07402,180,115,64
S07403,180,162,90
S07404,180,118,66
S07405,180,124,69
S07406,180,147,82
S07407,180,125,70
S07408,180,180,100
S07409,180,100,56
S07410,180,172,96
S07411,180,142,79
S07412,180,171,95
S07413,180,142,79
S07414,180,145,81
S07415,180,117,65
S07416,180,165,92
S07417,180,174,97
S07418,180,135,75
S07419,180,169,94
S07420,180,125,70
S07421,180,120,67
S07422,180,145,81
S07423,180,138,77
S07424,180,131,73
S07425,180,118,66
S07426,180,133,74
S07427,180,178,99
S07428,180,162,90
S07429,180,133,74
S07430,180,135,75
S07431,180,135,75
S07432,180,172,96
S07433,180,129,72
S07434,180,142,79
S07435,180,147,82
S07436,180,153,85
S07437,180,125,70
S07438,180,153,85
S07439,180,117,65
S07440,180,154,86
S07441,180,153,85
S07442,180,117,65
S07443,180,95,53
S07444,180,160,89
S07445,180,149,83
S07446,180,154,86
S07447,180,136,76
S07448,180,180,100
S07449,180,176,98
S07450,180,135,75
S07451,180,154,86
S07452,180,93,52
S07453,180,176,98
S07454,180,160,89
S07455,180,144,80
S07456,180,125,70
S07457,180,149,83
S07458,180,151,84
S07459,180,149,83
S07460,180,142,79
S07461,180,129,72
S07462,180,115,64
S07463,180,162,90
S07464,180,120,67
S07465,180,156,87
S07466,180,122,68
S07467,180,136,76
S07468,180,122,68
S07469,180,124,69
S07470,180,163,91
S07471,180,158,88
S07472,180,129,72
S07473,180,156,87
S07474,180,158,88
S07475,180,131,73
S07476,180,147,82
S07477,180,144,80
S07478,180,120,67
S07479,180,127,71
S07480,180,127,71
S07481,180,125,70
S07482,180,145,81
S07483,180,72,40
S07484,180,99,55
S07485,180,171,95
S07486,180,162,90
S07487,180,131,73
S07488,180,144,80
S07489,180,163,91
S07490,180,113,63
S07491,180,142,79
S07492,180,162,90
S07493,180,113,63
S07494,180,142,79
S07495,180,135,75
S07496,180,106,59
S07497,180,145,81
S07498,180,151,84
S07499,180,169,94
S07500,180,140,78
S07501,180,165,92
S07502,180,151,84
S07503,180,118,66
S07504,180,91,51
S07505,180,163,91
S07506,180,151,84
S07507,180,140,78
S07508,180,133,74
S07509,180,131,73
S07510,180,145,81
S07511,180,149,83
S07512,180,158,88
S07513,180,102,57
S07514,180,120,67
S07515,180,131,73
S07516,180,138,77
S07517,180,138,77
S07518,180,138,77
S07519,180,156,87
S07520,180,118,66
S07521,180,165,92
S07522,180,129,72
S07523,180,113,63
S07524,180,165,92
S07525,180,156,87
S07526,180,140,78
S07527,180,127,71
S07528,180,113,63
S07529,180,106,59
S07530,180,151,84
S07531,180,171,95
S07532,180,151,84
S07533,180,122,68
S07534,180,97,54
S07535,180,160,89
S07536,180,122,68
S07537,180,151,84
S07538,180,117,65
S07539,180,117,65
S07540,180,125,70
S07541,180,117,65
S07542,180,135,75
S07543,180,163,91
S07544,180,102,57
S07545,180,131,73
S07546,180,140,78
S07547,180,129,72
S07548,180,111,62
S07549,180,147,82
S07550,180,160,89
S07551,180,158,88
S07552,180,133,74
S07553,180,136,76
S07554,180,153,85
S07555,180,142,79
S07556,180,144,80
S07557,180,160,89
S07558,180,162,90
S07559,180,154,86
S07560,180,140,78
S07561,180,160,89
S07562,180,129,72
S07563,180,178,99
S07564,180,133,74
S07565,180,142,79
S07566,180,180,100
S07567,180,163,91
S07568,180,147,82
S07569,180,131,73
S07570,180,180,100
S07571,180,144,80
S07572,180,151,84
S07573,180,133,74
S07574,180,111,62
S07575,180,144,80
S07576,180,163,91
S07577,180,145,81
S07578,180,111,62
S07579,180,120,67
S07580,180,140,78
S07581,180,163,91
S07582,180,144,80
S07583,180,127,71
S07584,180,174,97
S07585,180,113,63
S07586,180,111,62
S07587,180,129,72
S07588,180,135,75
S07589,180,163,91
S07590,180,163,91
S07591,180,180,100
S07592,180,109,61
S07593,180,113,63
S07594,180,113,63
S07595,180,122,68
S07596,180,180,100
S07597,180,163,91
S07598,180,115,64
S07599,180,180,100
S07600,180,153,85
S07601,180,144,80
S07602,180,142,79
S07603,180,118,66
S07604,180,142,79
S07605,180,120,67
S07606,180,153,85
S07607,180,135,75
S07608,180,142,79
S07609,180,151,84
S07610,180,138,77
S07611,180,163,91
S07612,180,158,88
S07613,180,115,64
S07614,180,151,84
S07615,180,180,100
S07616,180,109,61
S07617,180,167,93
S07618,180,138,77
S07619,180,174,97
S07620,180,133,74
S07621,180,165,92
S07622,180,167,93
S07623,180,149,83
S07624,180,129,72
S07625,180,135,75
S07626,180,165,92
S07627,180,174,97
S07628,180,118,66
S07629,180,145,81
S07630,180,135,75
S07631,180,163,91
S07632,180,140,78
S07633,180,180,100
S07634,180,144,80
S07635,180,149,83
S07636,180,165,92
S07637,180,135,75
S07638,180,142,79
S07639,180,171,95
S07640,180,145,81
S07641,180,169,94
S07642,180,135,75
S07643,180,154,86
S07644,180,156,87
S07645,180,176,98
S07646,180,147,82
S07647,180,135,75
S07648,180,145,81
S07649,180,144,80
S07650,180,151,84
S07651,180,167,93
S07652,180,122,68
S07653,180,131,73
S07654,180,167,93
S07655,180,149,83
S07656,180,156,87
S07657,180,93,52
S07658,180,144,80
S07659,180,118,66
S07660,180,171,95
S07661,180,135,75
S07662,180,180,100
S07663,180,149,83
S07664,180,144,80
S07665,180,165,92
S07666,180,127,71
S07667,180,147,82
S07668,180,117,65
S07669,180,145,81
S07670,180,136,76
S07671,180,145,81
S07672,180,140,78
S07673,180,142,79
S07674,180,145,81
S07675,180,127,71
S07676,180,129,72
S07677,180,145,81
S07678,180,156,87
S07679,180,144,80
S07680,180,171,95
S07681,180,145,81
S07682,180,108,60
S07683,180,127,71
S07684,180,108,60
S07685,180,135,75
S07686,180,167,93
S07687,180,97,54
S07688,180,133,74
S07689,180,133,74
S07690,180,169,94
S07691,180,106,59
S07692,180,106,59
S07693,180,113,63
S07694,180,125,70
S07695,180,147,82
S07696,180,127,71
S07697,180,162,90
S07698,180,180,100
S07699,180,153,85
S07700,180,162,90
S07701,180,145,81
S07702,180,138,77
S07703,180,106,59
S07704,180,142,79
S07705,180,144,80
S07706,180,151,84
S07707,180,90,50
S07708,180,160,89
S07709,180,180,100
S07710,180,111,62
S07711,180,99,55
S07712,180,145,81
S07713,180,154,86
S07714,180,154,86
S07715,180,129,72
S07716,180,136,76
S07717,180,149,83
S07718,180,154,86
S07719,180,144,80
S07720,180,178,99
S07721,180,171,95
S07722,180,154,86
S07723,180,122,68
S07724,180,153,85
S07725,180,109,61
S07726,180,108,60
S07727,180,153,85
S07728,180,140,78
S07729,180,144,80
S07730,180,125,70
S07731,180,122,68
S07732,180,120,67
S07733,180,122,68
S07734,180,131,73
S07735,180,158,88
S07736,180,127,71
S07737,180,125,70
S07738,180,151,84
S07739,180,131,73
S07740,180,124,69
S07741,180,133,74
S07742,180,131,73
S07743,180,111,62
S07744,180,156,87
S07745,180,136,76
S07746,180,135,75
S07747,180,122,68
S07748,180,142,79
S07749,180,100,56
S07750,180,142,79
S07751,180,142,79
S07752,180,84,47
S07753,180,147,82
S07754,180,144,80
S07755,180,109,61
S07756,180,140,78
S07757,180,86,48
S07758,180,180,100
S07759,180,144,80
S07760,180,136,76
S07761,180,163,91
S07762,180,144,80
S07763,180,77,43
S07764,180,136,76
S07765,180,178,99
S07766,180,136,76
S07767,180,131,73
S07768,180,140,78
S07769,180,127,71
S07770,180,122,68
S07771,180,120,67
S07772,180,144,80
S07773,180,140,78
S07774,180,172,96
S07775,180,151,84
S07776,180,167,93
S07777,180,153,85
S07778,180,124,69
S07779,180,153,85
S07780,180,62,35
S07781,180,120,67
S07782,180,160,89
S07783,180,154,86
S07784,180,127,71
S07785,180,163,91
S07786,180,145,81
S07787,180,122,68
S07788,180,180,100
S07789,180,151,84
S07790,180,154,86
S07791,180,124,69
S07792,180,151,84
S07793,180,153,85
S07794,180,84,47
S07795,180,178,99
S07796,180,167,93
S07797,180,122,68
S07798,180,174,97
S07799,180,144,80
S07800,180,135,75
S07801,180,122,68
S07802,180,162,90
S07803,180,124,69
S07804,180,113,63
S07805,180,140,78
S07806,180,136,76
S07807,180,113,63
S07808,180,138,77
S07809,180,151,84
S07810,180,115,64
S07811,180,127,71
S07812,180,125,70
S07813,180,111,62
S07814,180,151,84
S07815,180,140,78
S07816,180,131,73
S07817,180,180,100
S07818,180,113,63
S07819,180,167,93
S07820,180,167,93
S07821,180,180,100
S07822,180,142,79
S07823,180,176,98
S07824,180,138,77
S07825,180,138,77
S07826,180,151,84
S07827,180,129,72
S07828,180,145,81
S07829,180,153,85
S07830,180,136,76
S07831,180,106,59
S07832,180,158,88
S07833,180,147,82
S07834,180,129,72
S07835,180,136,76
S07836,180,118,66
S07837,180,138,77
S07838,180,171,95
S07839,180,151,84
S07840,180,118,66
S07841,180,158,88
S07842,180,135,75
S07843,180,151,84
S07844,180,140,78
S07845,180,117,65
S07846,180,169,94
S07847,180,125,70
S07848,180,142,79
S07849,180,129,72
S07850,180,144,80
S07851,180,129,72
S07852,180,81,45
S07853,180,120,67
S07854,180,129,72
S07855,180,127,71
S07856,180,149,83
S07857,180,154,86
S07858,180,136,76
S07859,180,145,81
S07860,180,99,55
S07861,180,156,87
S07862,180,124,69
S07863,180,180,100
S07864,180,149,83
S07865,180,111,62
S07866,180,156,87
S07867,180,180,100
S07868,180,156,87
S07869,180,162,90
S07870,180,163,91
S07871,180,129,72
S07872,180,153,85
S07873,180,120,67
S07874,180,165,92
S07875,180,118,66
S07876,180,90,50
S07877,180,153,85
S07878,180,144,80
S07879,180,125,70
S07880,180,163,91
S07881,180,129,72
S07882,180,117,65
S07883,180,129,72
S07884,180,156,87
S07885,180,109,61
S07886,180,133,74
S07887,180,147,82
S07888,180,162,90
S07889,180,162,90
S07890,180,176,98
S07891,180,142,79
S07892,180,136,76
S07893,180,115,64
S07894,180,129,72
S07895,180,109,61
S07896,180,145,81
S07897,180,163,91
S07898,180,165,92
S07899,180,149,83
S07900,180,136,76
S07901,180,144,80
S07902,180,158,88
S07903,180,156,87
S07904,180,149,83
S07905,180,147,82
S07906,180,109,61
S07907,180,129,72
S07908,180,145,81
S07909,180,136,76
S07910,180,160,89
S07911,180,111,62
S07912,180,135,75
S07913,180,125,70
S07914,180,158,88
S07915,180,140,78
S07916,180,144,80
S07917,180,163,91
S07918,180,180,100
S07919,180,97,54
S07920,180,140,78
S07921,180,129,72
S07922,180,154,86
S07923,180,163,91
S07924,180,138,77
S07925,180,162,90
S07926,180,172,96
S07927,180,129,72
S07928,180,180,100
S07929,180,153,85
S07930,180,158,88
S07931,180,99,55
S07932,180,156,87
S07933,180,138,77
S07934,180,149,83
S07935,180,169,94
S07936,180,129,72
S07937,180,86,48
S07938,180,125,70
S07939,180,149,83
S07940,180,104,58
S07941,180,133,74
S07942,180,117,65
S07943,180,125,70
S07944,180,140,78
S07945,180,158,88
S07946,180,138,77
S07947,180,145,81
S07948,180,158,88
S07949,180,140,78
S07950,180,133,74
S07951,180,138,77
S07952,180,124,69
S07953,180,99,55
S07954,180,171,95
S07955,180,138,77
S07956,180,167,93
S07957,180,163,91
S07958,180,104,58
S07959,180,115,64
S07960,180,140,78
S07961,180,131,73
S07962,180,138,77
S07963,180,115,64
S07964,180,136,76
S07965,180,136,76
S07966,180,158,88
S07967,180,160,89
S07968,180,138,77
S07969,180,180,100
S07970,180,120,67
S07971,180,135,75
S07972,180,142,79
S07973,180,125,70
S07974,180,140,78
S07975,180,162,90
S07976,180,124,69
S07977,180,111,62
S07978,180,145,81
S07979,180,138,77
S07980,180,62,35
S07981,180,120,67
S07982,180,135,75
S07983,180,108,60
S07984,180,153,85
S07985,180,136,76
S07986,180,117,65
S07987,180,151,84
S07988,180,149,83
S07989,180,125,70
S07990,180,144,80
S07991,180,149,83
S07992,180,145,81
S07993,180,145,81
S07994,180,165,92
S07995,180,131,73
S07996,180,142,79
S07997,180,147,82
S07998,180,180,100
S07999,180,108,60
S08000,180,117,65
S08001,180,176,98
S08002,180,171,95
S08003,180,118,66
S08004,180,125,70
S08005,180,138,77
S08006,180,124,69
S08007,180,172,96
S08008,180,115,64
S08009,180,135,75
S08010,180,120,67
S08011,180,136,76
S08012,180,124,69
S08013,180,104,58
S08014,180,158,88
S08015,180,165,92
S08016,180,165,92
S08017,180,118,66
S08018,180,108,60
S08019,180,118,66
S08020,180,109,61
S08021,180,140,78
S08022,180,127,71
S08023,180,169,94
S08024,180,129,72
S08025,180,145,81
S08026,180,122,68
S08027,180,125,70
S08028,180,122,68
S08029,180,167,93
S08030,180,97,54
S08031,180,106,59
S08032,180,120,67
S08033,180,133,74
S08034,180,129,72
S08035,180,111,62
S08036,180,154,86
S08037,180,117,65
S08038,180,158,88
S08039,180,118,66
S08040,180,140,78
S08041,180,122,68
S08042,180,144,80
S08043,180,127,71
S08044,180,160,89
S08045,180,131,73
S08046,180,111,62
S08047,180,136,76
S08048,180,108,60
S08049,180,140,78
S08050,180,144,80
S08051,180,154,86
S08052,180,158,88
S08053,180,142,79
S08054,180,122,68
S08055,180,113,63
S08056,180,131,73
S08057,180,124,69
S08058,180,120,67
S08059,180,142,79
S08060,180,165,92
S08061,180,109,61
S08062,180,113,63
S08063,180,180,100
S08064,180,136,76
S08065,180,122,68
S08066,180,109,61
S08067,180,109,61
S08068,180,133,74
S08069,180,153,85
S08070,180,144,80
S08071,180,138,77
S08072,180,120,67
S08073,180,145,81
S08074,180,154,86
S08075,180,156,87
S08076,180,178,99
S08077,180,113,63
S08078,180,160,89
S08079,180,131,73
S08080,180,142,79
S08081,180,131,73
S08082,180,138,77
S08083,180,102,57
S08084,180,149,83
S08085,180,86,48
S08086,180,138,77
S08087,180,144,80
S08088,180,124,69
S08089,180,153,85
S08090,180,127,71
S08091,180,147,82
S08092,180,99,55
S08093,180,180,100
S08094,180,135,75
S08095,180,156,87
S08096,180,106,59
S08097,180,140,78
S08098,180,145,81
S08099,180,127,71
S08100,180,93,52
S08101,180,145,81
S08102,180,163,91
S08103,180,127,71
S08104,180,149,83
S08105,180,131,73
S08106,180,151,84
S08107,180,122,68
S08108,180,154,86
S08109,180,172,96
S08110,180,165,92
S08111,180,122,68
S08112,180,135,75
S08113,180,104,58
S08114,180,120,67
S08115,180,154,86
S08116,180,142,79
S08117,180,145,81
S08118,180,135,75
S08119,180,167,93
S08120,180,124,69
S08121,180,108,60
S08122,180,140,78
S08123,180,153,85
S08124,180,138,77
S08125,180,144,80
S08126,180,153,85
S08127,180,127,71
S08128,180,127,71
S08129,180,153,85
S08130,180,142,79
S08131,180,120,67
S08132,180,131,73
S08133,180,160,89
S08134,180,156,87
S08135,180,127,71
S08136,180,113,63
S08137,180,135,75
S08138,180,124,69
S08139,180,133,74
S08140,180,75,42
S08141,180,142,79
S08142,180,165,92
S08143,180,178,99
S08144,180,169,94
S08145,180,144,80
S08146,180,145,81
S08147,180,135,75
S08148,180,138,77
S08149,180,162,90
S08150,180,124,69
S08151,180,167,93
S08152,180,167,93
S08153,180,122,68
S08154,180,156,87
S08155,180,180,100
S08156,180,147,82
S08157,180,180,100
S08158,180,117,65
S08159,180,142,79
S08160,180,125,70
S08161,180,122,68
S08162,180,151,84
S08163,180,117,65
S08164,180,135,75
S08165,180,172,96
S08166,180,129,72
S08167,180,138,77
S08168,180,122,68
S08169,180,158,88
S08170,180,135,75
S08171,180,138,77
S08172,180,176,98
S08173,180,133,74
S08174,180,180,100
S08175,180,142,79
S08176,180,104,58
S08177,180,131,73
S08178,180,124,69
S08179,180,136,76
S08180,180,120,67
S08181,180,111,62
S08182,180,163,91
S08183,180,154,86
S08184,180,136,76
S08185,180,131,73
S08186,180,133,74
S08187,180,156,87
S08188,180,115,64
S08189,180,156,87
S08190,180,138,77
S08191,180,124,69
S08192,180,144,80
S08193,180,176,98
S08194,180,145,81
S08195,180,142,79
S08196,180,145,81
S08197,180,163,91
S08198,180,122,68
S08199,180,120,67
S08200,180,144,80
S08201,180,102,57
S08202,180,127,71
S08203,180,160,89
S08204,180,138,77
S08205,180,131,73
S08206,180,136,76
S08207,180,162,90
S08208,180,138,77
S08209,180,125,70
S08210,180,122,68
S08211,180,149,83
S08212,180,106,59
S08213,180,135,75
S08214,180,145,81
S08215,180,133,74
S08216,180,135,75
S08217,180,111,62
S08218,180,138,77
S08219,180,125,70
S08220,180,127,71
S08221,180,127,71
S08222,180,131,73
S08223,180,122,68
S08224,180,162,90
S08225,180,162,90
S08226,180,133,74
S08227,180,149,83
S08228,180,118,66
S08229,180,106,59
S08230,180,125,70
S08231,180,180,100
S08232,180,144,80
S08233,180,124,69
S08234,180,120,67
S08235,180,162,90
S08236,180,174,97
S08237,180,136,76
S08238,180,180,100
S08239,180,127,71
S08240,180,154,86
S08241,180,140,78
S08242,180,135,75
S08243,180,178,99
S08244,180,120,67
S08245,180,145,81
S08246,180,142,79
S08247,180,169,94
S08248,180,174,97
S08249,180,99,55
S08250,180,133,74
S08251,180,136,76
S08252,180,136,76
S08253,180,115,64
S08254,180,115,64
S08255,180,147,82
S08256,180,131,73
S08257,180,151,84
S08258,180,133,74
S08259,180,113,63
S08260,180,151,84
S08261,180,142,79
S08262,180,147,82
S08263,180,171,95
S08264,180,135,75
S08265,180,154,86
S08266,180,176,98
S08267,180,165,92
S08268,180,131,73
S08269,180,154,86
S08270,180,127,71
S08271,180,125,70
S08272,180,144,80
S08273,180,129,72
S08274,180,153,85
S08275,180,95,53
S08276,180,154,86
S08277,180,140,78
S08278,180,115,64
S08279,180,133,74
S08280,180,97,54
S08281,180,129,72
S08282,180,178,99
S08283,180,145,81
S08284,180,180,100
S08285,180,131,73
S08286,180,147,82
S08287,180,174,97
S08288,180,118,66
S08289,180,122,68
S08290,180,135,75
S08291,180,133,74
S08292,180,151,84
S08293,180,115,64
S08294,180,131,73
S08295,180,158,88
S08296,180,180,100
S08297,180,115,64
S08298,180,180,100
S08299,180,142,79
S08300,180,118,66
S08301,180,115,64
S08302,180,118,66
S08303,180,171,95
S08304,180,133,74
S08305,180,144,80
S08306,180,122,68
S08307,180,117,65
S08308,180,142,79
S08309,180,174,97
S08310,180,135,75
S08311,180,165,92
S08312,180,176,98
S08313,180,133,74
S08314,180,131,73
S08315,180,135,75
S08316,180,135,75
S08317,180,108,60
S08318,180,125,70
S08319,180,178,99
S08320,180,142,79
S08321,180,145,81
S08322,180,117,65
S08323,180,176,98
S08324,180,176,98
S08325,180,129,72
S08326,180,169,94
S08327,180,145,81
S08328,180,154,86
S08329,180,167,93
S08330,180,165,92
S08331,180,156,87
S08332,180,172,96
S08333,180,145,81
S08334,180,153,85
S08335,180,140,78
S08336,180,140,78
S08337,180,124,69
S08338,180,180,100
S08339,180,144,80
S08340,180,135,75
S08341,180,156,87
S08342,180,124,69
S08343,180,108,60
S08344,180,81,45
S08345,180,99,55
S08346,180,151,84
S08347,180,122,68
S08348,180,129,72
S08349,180,136,76
S08350,180,124,69
S08351,180,149,83
S08352,180,113,63
S08353,180,169,94
S08354,180,144,80
S08355,180,180,100
S08356,180,158,88
S08357,180,142,79
S08358,180,153,85
S08359,180,142,79
S08360,180,117,65
S08361,180,142,79
S08362,180,156,87
S08363,180,140,78
S08364,180,125,70
S08365,180,138,77
S08366,180,142,79
S08367,180,172,96
S08368,180,151,84
S08369,180,156,87
S08370,180,133,74
S08371,180,131,73
S08372,180,180,100
S08373,180,153,85
S08374,180,113,63
S08375,180,136,76
S08376,180,120,67
S08377,180,165,92
S08378,180,180,100
S08379,180,160,89
S08380,180,113,63
S08381,180,145,81
S08382,180,133,74
S08383,180,138,77
S08384,180,131,73
S08385,180,158,88
S08386,180,149,83
S08387,180,122,68
S08388,180,145,81
S08389,180,156,87
S08390,180,151,84
S08391,180,129,72
S08392,180,127,71
S08393,180,140,78
S08394,180,138,77
S08395,180,142,79
S08396,180,153,85
S08397,180,127,71
S08398,180,97,54
S08399,180,144,80
S08400,180,162,90
S08401,180,149,83
S08402,180,120,67
S08403,180,140,78
S08404,180,151,84
S08405,180,135,75
S08406,180,172,96
S08407,180,142,79
S08408,180,135,75
S08409,180,147,82
S08410,180,106,59
S08411,180,125,70
S08412,180,131,73
S08413,180,99,55
S08414,180,145,81
S08415,180,133,74
S08416,180,124,69
S08417,180,158,88
S08418,180,97,54
S08419,180,102,57
S08420,180,163,91
S08421,180,127,71
S08422,180,133,74
S08423,180,154,86
S08424,180,118,66
S08425,180,151,84
S08426,180,129,72
S08427,180,111,62
S08428,180,162,90
S08429,180,77,43
S08430,180,118,66
S08431,180,120,67
S08432,180,149,83
S08433,180,88,49
S08434,180,167,93
S08435,180,122,68
S08436,180,165,92
S08437,180,122,68
S08438,180,162,90
S08439,180,127,71
S08440,180,140,78
S08441,180,120,67
S08442,180,153,85
S08443,180,165,92
S08444,180,180,100
S08445,180,178,99
S08446,180,160,89
S08447,180,140,78
S08448,180,154,86
S08449,180,136,76
S08450,180,140,78
S08451,180,149,83
S08452,180,133,74
S08453,180,135,75
S08454,180,133,74
S08455,180,156,87
S08456,180,113,63
S08457,180,136,76
S08458,180,136,76
S08459,180,125,70
S08460,180,127,71
S08461,180,115,64
S08462,180,113,63
S08463,180,176,98
S08464,180,180,100
S08465,180,156,87
S08466,180,106,59
S08467,180,124,69
S08468,180,138,77
S08469,180,138,77
S08470,180,140,78
S08471,180,154,86
S08472,180,156,87
S08473,180,158,88
S08474,180,147,82
S08475,180,160,89
S08476,180,104,58
S08477,180,111,62
S08478,180,109,61
S08479,180,140,78
S08480,180,149,83
S08481,180,120,67
S08482,180,140,78
S08483,180,99,55
S08484,180,172,96
S08485,180,145,81
S08486,180,136,76
S08487,180,142,79
S08488,180,149,83
S08489,180,165,92
S08490,180,154,86
S08491,180,136,76
S08492,180,129,72
S08493,180,145,81
S08494,180,180,100
S08495,180,131,73
S08496,180,144,80
S08497,180,145,81
S08498,180,144,80
S08499,180,131,73
S08500,180,142,79
S08501,180,145,81
S08502,180,167,93
S08503,180,125,70
S08504,180,117,65
S08505,180,124,69
S08506,180,108,60
S08507,180,156,87
S08508,180,151,84
S08509,180,142,79
S08510,180,145,81
S08511,180,140,78
S08512,180,176,98
S08513,180,154,86
S08514,180,147,82
S08515,180,140,78
S08516,180,136,76
S08517,180,120,67
S08518,180,162,90
S08519,180,147,82
S08520,180,99,55
S08521,180,180,100
S08522,180,111,62
S08523,180,142,79
S08524,180,136,76
S08525,180,147,82
S08526,180,154,86
S08527,180,129,72
S08528,180,117,65
S08529,180,129,72
S08530,180,162,90
S08531,180,180,100
S08532,180,111,62
S08533,180,106,59
S08534,180,122,68
S08535,180,62,35
S08536,180,135,75
S08537,180,144,80
S08538,180,140,78
S08539,180,158,88
S08540,180,145,81
S08541,180,118,66
S08542,180,125,70
S08543,180,158,88
S08544,180,167,93
S08545,180,160,89
S08546,180,172,96
S08547,180,163,91
S08548,180,75,42
S08549,180,151,84
S08550,180,127,71
S08551,180,125,70
S08552,180,140,78
S08553,180,113,63
S08554,180,117,65
S08555,180,176,98
S08556,180,142,79
S08557,180,153,85
S08558,180,138,77
S08559,180,136,76
S08560,180,149,83
S08561,180,153,85
S08562,180,95,53
S08563,180,109,61
S08564,180,117,65
S08565,180,169,94
S08566,180,145,81
S08567,180,160,89
S08568,180,97,54
S08569,180,127,71
S08570,180,167,93
S08571,180,120,67
S08572,180,140,78
S08573,180,125,70
S08574,180,140,78
S08575,180,147,82
S08576,180,144,80
S08577,180,122,68
S08578,180,129,72
S08579,180,142,79
S08580,180,172,96
S08581,180,109,61
S08582,180,118,66
S08583,180,149,83
S08584,180,142,79
S08585,180,106,59
S08586,180,122,68
S08587,180,145,81
S08588,180,176,98
S08589,180,144,80
S08590,180,165,92
S08591,180,145,81
S08592,180,140,78
S08593,180,138,77
S08594,180,133,74
S08595,180,145,81
S08596,180,165,92
S08597,180,133,74
S08598,180,133,74
S08599,180,115,64
S08600,180,138,77
S08601,180,147,82
S08602,180,120,67
S08603,180,149,83
S08604,180,131,73
S08605,180,115,64
S08606,180,180,100
S08607,180,124,69
S08608,180,140,78
S08609,180,180,100
S08610,180,138,77
S08611,180,125,70
S08612,180,133,74
S08613,180,147,82
S08614,180,180,100
S08615,180,104,58
S08616,180,158,88
S08617,180,160,89
S08618,180,99,55
S08619,180,127,71
S08620,180,135,75
S08621,180,136,76
S08622,180,138,77
S08623,180,180,100
S08624,180,147,82
S08625,180,117,65
S08626,180,133,74
S08627,180,180,100
S08628,180,120,67
S08629,180,86,48
S08630,180,165,92
S08631,180,120,67
S08632,180,140,78
S08633,180,125,70
S08634,180,149,83
S08635,180,86,48
S08636,180,145,81
S08637,180,129,72
S08638,180,142,79
S08639,180,176,98
S08640,180,135,75
S08641,180,149,83
S08642,180,140,78
S08643,180,180,100
S08644,180,135,75
S08645,180,154,86
S08646,180,109,61
S08647,180,104,58
S08648,180,151,84
S08649,180,135,75
S08650,180,147,82
S08651,180,95,53
S08652,180,153,85
S08653,180,142,79
S08654,180,138,77
S08655,180,129,72
S08656,180,138,77
S08657,180,151,84
S08658,180,158,88
S08659,180,147,82
S08660,180,140,78
S08661,180,108,60
S08662,180,140,78
S08663,180,171,95
S08664,180,145,81
S08665,180,127,71
S08666,180,122,68
S08667,180,140,78
S08668,180,167,93
S08669,180,140,78
S08670,180,156,87
S08671,180,127,71
S08672,180,100,56
S08673,180,145,81
S08674,180,127,71
S08675,180,111,62
S08676,180,151,84
S08677,180,180,100
S08678,180,133,74
S08679,180,156,87
S08680,180,156,87
S08681,180,120,67
S08682,180,180,100
S08683,180,153,85
S08684,180,136,76
S08685,180,147,82
S08686,180,151,84
S08687,180,135,75
S08688,180,142,79
S08689,180,154,86
S08690,180,178,99
S08691,180,172,96
S08692,180,151,84
S08693,180,142,79
S08694,180,113,63
S08695,180,104,58
S08696,180,160,89
S08697,180,135,75
S08698,180,133,74
S08699,180,120,67
S08700,180,169,94
S08701,180,109,61
S08702,180,142,79
S08703,180,156,87
S08704,180,180,100
S08705,180,99,55
S08706,180,111,62
S08707,180,135,75
S08708,180,124,69
S08709,180,172,96
S08710,180,115,64
S08711,180,145,81
S08712,180,147,82
S08713,180,171,95
S08714,180,129,72
S08715,180,145,81
S08716,180,127,71
S08717,180,124,69
S08718,180,115,64
S08719,180,142,79
S08720,180,144,80
S08721,180,106,59
S08722,180,167,93
S08723,180,144,80
S08724,180,136,76
S08725,180,124,69
S08726,180,144,80
S08727,180,120,67
S08728,180,109,61
S08729,180,160,89
S08730,180,131,73
S08731,180,115,64
S08732,180,145,81
S08733,180,142,79
S08734,180,138,77
S08735,180,129,72
S08736,180,135,75
S08737,180,151,84
S08738,180,180,100
S08739,180,129,72
S08740,180,115,64
S08741,180,133,74
S08742,180,140,78
S08743,180,133,74
S08744,180,149,83
S08745,180,151,84
S08746,180,140,78
S08747,180,122,68
S08748,180,118,66
S08749,180,125,70
S08750,180,122,68
S08751,180,118,66
S08752,180,169,94
S08753,180,142,79
S08754,180,109,61
S08755,180,180,100
S08756,180,144,80
S08757,180,140,78
S08758,180,138,77
S08759,180,174,97
S08760,180,147,82
S08761,180,147,82
S08762,180,122,68
S08763,180,127,71
S08764,180,133,74
S08765,180,149,83
S08766,180,104,58
S08767,180,140,78
S08768,180,136,76
S08769,180,140,78
S08770,180,147,82
S08771,180,120,67
S08772,180,154,86
S08773,180,171,95
S08774,180,151,84
S08775,180,151,84
S08776,180,122,68
S08777,180,167,93
S08778,180,131,73
S08779,180,124,69
S08780,180,162,90
S08781,180,145,81
S08782,180,180,100
S08783,180,153,85
S08784,180,156,87
S08785,180,111,62
S08786,180,125,70
S08787,180,133,74
S08788,180,142,79
S08789,180,154,86
S08790,180,154,86
S08791,180,162,90
S08792,180,129,72
S08793,180,153,85
S08794,180,145,81
S08795,180,154,86
S08796,180,156,87
S08797,180,109,61
S08798,180,138,77
S08799,180,154,86
S08800,180,142,79
S08801,180,104,58
S08802,180,153,85
S08803,180,172,96
S08804,180,135,75
S08805,180,180,100
S08806,180,154,86
S08807,180,142,79
S08808,180,145,81
S08809,180,104,58
S08810,180,125,70
S08811,180,151,84
S08812,180,163,91
S08813,180,149,83
S08814,180,135,75
S08815,180,142,79
S08816,180,142,79
S08817,180,153,85
S08818,180,136,76
S08819,180,169,94
S08820,180,156,87
S08821,180,115,64
S08822,180,172,96
S08823,180,180,100
S08824,180,163,91
S08825,180,162,90
S08826,180,111,62
S08827,180,109,61
S08828,180,125,70
S08829,180,156,87
S08830,180,176,98
S08831,180,120,67
S08832,180,102,57
S08833,180,133,74
S08834,180,120,67
S08835,180,127,71
S08836,180,135,75
S08837,180,127,71
S08838,180,172,96
S08839,180,95,53
S08840,180,136,76
S08841,180,136,76
S08842,180,100,56
S08843,180,180,100
S08844,180,97,54
S08845,180,135,75
S08846,180,124,69
S08847,180,145,81
S08848,180,133,74
S08849,180,154,86
S08850,180,120,67
S08851,180,124,69
S08852,180,115,64
S08853,180,111,62
S08854,180,115,64
S08855,180,124,69
S08856,180,129,72
S08857,180,135,75
S08858,180,142,79
S08859,180,158,88
S08860,180,147,82
S08861,180,124,69
S08862,180,171,95
S08863,180,120,67
S08864,180,151,84
S08865,180,178,99
S08866,180,131,73
S08867,180,109,61
S08868,180,138,77
S08869,180,176,98
S08870,180,160,89
S08871,180,115,64
S08872,180,162,90
S08873,180,154,86
S08874,180,151,84
S08875,180,127,71
S08876,180,138,77
S08877,180,176,98
S08878,180,158,88
S08879,180,133,74
S08880,180,109,61
S08881,180,160,89
S08882,180,153,85
S08883,180,95,53
S08884,180,163,91
S08885,180,131,73
S08886,180,145,81
S08887,180,154,86
S08888,180,102,57
S08889,180,136,76
S08890,180,135,75
S08891,180,131,73
S08892,180,136,76
S08893,180,154,86
S08894,180,109,61
S08895,180,180,100
S08896,180,113,63
S08897,180,111,62
S08898,180,131,73
S08899,180,158,88
S08900,180,142,79
S08901,180,158,88
S08902,180,127,71
S08903,180,136,76
S08904,180,165,92
S08905,180,174,97
S08906,180,115,64
S08907,180,140,78
S08908,180,151,84
S08909,180,163,91
S08910,180,115,64
S08911,180,135,75
S08912,180,118,66
S08913,180,109,61
S08914,180,153,85
S08915,180,131,73
S08916,180,165,92
S08917,180,156,87
S08918,180,172,96
S08919,180,108,60
S08920,180,115,64
S08921,180,145,81
S08922,180,176,98
S08923,180,138,77
S08924,180,136,76
S08925,180,156,87
S08926,180,104,58
S08927,180,136,76
S08928,180,156,87
S08929,180,169,94
S08930,180,154,86
S08931,180,180,100
S08932,180,118,66
S08933,180,133,74
S08934,180,151,84
S08935,180,145,81
S08936,180,144,80
S08937,180,135,75
S08938,180,142,79
S08939,180,156,87
S08940,180,138,77
S08941,180,138,77
S08942,180,151,84
S08943,180,133,74
S08944,180,138,77
S08945,180,156,87
S08946,180,158,88
S08947,180,151,84
S08948,180,142,79
S08949,180,131,73
S08950,180,147,82
S08951,180,142,79
S08952,180,140,78
S08953,180,165,92
S08954,180,124,69
S08955,180,127,71
S08956,180,138,77
S08957,180,131,73
S08958,180,163,91
S08959,180,153,85
S08960,180,142,79
S08961,180,135,75
S08962,180,115,64
S08963,180,135,75
S08964,180,127,71
S08965,180,133,74
S08966,180,151,84
S08967,180,117,65
S08968,180,162,90
S08969,180,149,83
S08970,180,113,63
S08971,180,88,49
S08972,180,135,75
S08973,180,108,60
S08974,180,106,59
S08975,180,136,76
S08976,180,171,95
S08977,180,95,53
S08978,180,145,81
S08979,180,135,75
S08980,180,113,63
S08981,180,111,62
S08982,180,140,78
S08983,180,158,88
S08984,180,135,75
S08985,180,145,81
S08986,180,140,78
S08987,180,149,83
S08988,180,118,66
S08989,180,106,59
S08990,180,151,84
S08991,180,176,98
S08992,180,127,71
S08993,180,147,82
S08994,180,131,73
S08995,180,165,92
S08996,180,156,87
S08997,180,138,77
S08998,180,162,90
S08999,180,118,66
S09000,180,145,81
S09001,180,149,83
S09002,180,124,69
S09003,180,158,88
S09004,180,144,80
S09005,180,162,90
S09006,180,118,66
S09007,180,97,54
S09008,180,113,63
S09009,180,122,68
S09010,180,142,79
S09011,180,124,69
S09012,180,144,80
S09013,180,180,100
S09014,180,138,77
S09015,180,120,67
S09016,180,108,60
S09017,180,144,80
S09018,180,169,94
S09019,180,99,55
S09020,180,100,56
S09021,180,131,73
S09022,180,115,64
S09023,180,133,74
S09024,180,172,96
S09025,180,133,74
S09026,180,167,93
S09027,180,135,75
S09028,180,99,55
S09029,180,117,65
S09030,180,156,87
S09031,180,145,81
S09032,180,167,93
S09033,180,133,74
S09034,180,149,83
S09035,180,147,82
S09036,180,136,76
S09037,180,115,64
S09038,180,167,93
S09039,180,135,75
S09040,180,138,77
S09041,180,145,81
S09042,180,154,86
S09043,180,115,64
S09044,180,135,75
S09045,180,140,78
S09046,180,120,67
S09047,180,158,88
S09048,180,151,84
S09049,180,144,80
S09050,180,122,68
S09051,180,138,77
S09052,180,176,98
S09053,180,149,83
S09054,180,115,64
S09055,180,131,73
S09056,180,165,92
S09057,180,180,100
S09058,180,169,94
S09059,180,127,71
S09060,180,136,76
S09061,180,149,83
S09062,180,136,76
S09063,180,135,75
S09064,180,135,75
S09065,180,81,45
S09066,180,82,46
S09067,180,153,85
S09068,180,145,81
S09069,180,149,83
S09070,180,145,81
S09071,180,172,96
S09072,180,95,53
S09073,180,142,79
S09074,180,113,63
S09075,180,176,98
S09076,180,180,100
S09077,180,104,58
S09078,180,180,100
S09079,180,153,85
S09080,180,115,64
S09081,180,127,71
S09082,180,90,50
S09083,180,131,73
S09084,180,127,71
S09085,180,158,88
S09086,180,122,68
S09087,180,125,70
S09088,180,117,65
S09089,180,118,66
S09090,180,124,69
S09091,180,131,73
S09092,180,120,67
S09093,180,180,100
S09094,180,117,65
S09095,180,160,89
S09096,180,136,76
S09097,180,118,66
S09098,180,122,68
S09099,180,136,76
S09100,180,118,66
S09101,180,127,71
S09102,180,122,68
S09103,180,115,64
S09104,180,144,80
S09105,180,129,72
S09106,180,149,83
S09107,180,122,68
S09108,180,124,69
S09109,180,140,78
S09110,180,129,72
S09111,180,124,69
S09112,180,138,77
S09113,180,176,98
S09114,180,136,76
S09115,180,133,74
S09116,180,109,61
S09117,180,163,91
S09118,180,109,61
S09119,180,147,82
S09120,180,95,53
S09121,180,117,65
S09122,180,125,70
S09123,180,147,82
S09124,180,167,93
S09125,180,149,83
S09126,180,153,85
S09127,180,131,73
S09128,180,115,64
S09129,180,167,93
S09130,180,156,87
S09131,180,147,82
S09132,180,154,86
S09133,180,133,74
S09134,180,145,81
S09135,180,172,96
S09136,180,125,70
S09137,180,147,82
S09138,180,144,80
S09139,180,147,82
S09140,180,165,92
S09141,180,138,77
S09142,180,115,64
S09143,180,127,71
S09144,180,160,89
S09145,180,151,84
S09146,180,151,84
S09147,180,154,86
S09148,180,136,76
S09149,180,160,89
S09150,180,140,78
S09151,180,95,53
S09152,180,135,75
S09153,180,145,81
S09154,180,145,81
S09155,180,180,100
S09156,180,122,68
S09157,180,154,86
S09158,180,140,78
S09159,180,118,66
S09160,180,178,99
S09161,180,125,70
S09162,180,138,77
S09163,180,115,64
S09164,180,140,78
S09165,180,99,55
S09166,180,158,88
S09167,180,145,81
S09168,180,136,76
S09169,180,127,71
S09170,180,124,69
S09171,180,149,83
S09172,180,151,84
S09173,180,118,66
S09174,180,160,89
S09175,180,151,84
S09176,180,129,72
S09177,180,149,83
S09178,180,104,58
S09179,180,156,87
S09180,180,151,84
S09181,180,153,85
S09182,180,163,91
S09183,180,149,83
S09184,180,104,58
S09185,180,117,65
S09186,180,142,79
S09187,180,136,76
S09188,180,154,86
S09189,180,131,73
S09190,180,133,74
S09191,180,163,91
S09192,180,162,90
S09193,180,120,67
S09194,180,108,60
S09195,180,153,85
S09196,180,90,50
S09197,180,127,71
S09198,180,165,92
S09199,180,120,67
S09200,180,138,77
S09201,180,140,78
S09202,180,108,60
S09203,180,106,59
S09204,180,180,100
S09205,180,131,73
S09206,180,142,79
S09207,180,178,99
S09208,180,140,78
S09209,180,127,71
S09210,180,163,91
S09211,180,172,96
S09212,180,169,94
S09213,180,129,72
S09214,180,180,100
S09215,180,120,67
S09216,180,171,95
S09217,180,162,90
S09218,180,158,88
S09219,180,91,51
S09220,180,142,79
S09221,180,153,85
S09222,180,151,84
S09223,180,145,81
S09224,180,145,81
S09225,180,165,92
S09226,180,144,80
S09227,180,145,81
S09228,180,144,80
S09229,180,136,76
S09230,180,154,86
S09231,180,154,86
S09232,180,140,78
S09233,180,154,86
S09234,180,131,73
S09235,180,127,71
S09236,180,100,56
S09237,180,125,70
S09238,180,106,59
S09239,180,138,77
S09240,180,100,56
S09241,180,118,66
S09242,180,135,75
S09243,180,169,94
S09244,180,145,81
S09245,180,145,81
S09246,180,125,70
S09247,180,142,79
S09248,180,111,62
S09249,180,88,49
S09250,180,153,85
S09251,180,124,69
S09252,180,154,86
S09253,180,174,97
S09254,180,99,55
S09255,180,149,83
S09256,180,122,68
S09257,180,129,72
S09258,180,102,57
S09259,180,115,64
S09260,180,115,64
S09261,180,106,59
S09262,180,88,49
S09263,180,174,97
S09264,180,127,71
S09265,180,154,86
S09266,180,136,76
S09267,180,122,68
S09268,180,151,84
S09269,180,106,59
S09270,180,115,64
S09271,180,144,80
S09272,180,138,77
S09273,180,140,78
S09274,180,149,83
S09275,180,171,95
S09276,180,133,74
S09277,180,127,71
S09278,180,111,62
S09279,180,127,71
S09280,180,122,68
S09281,180,122,68
S09282,180,147,82
S09283,180,169,94
S09284,180,97,54
S09285,180,127,71
S09286,180,138,77
S09287,180,129,72
S09288,180,180,100
S09289,180,113,63
S09290,180,124,69
S09291,180,165,92
S09292,180,118,66
S09293,180,156,87
S09294,180,142,79
S09295,180,108,60
S09296,180,158,88
S09297,180,115,64
S09298,180,136,76
S09299,180,144,80
S09300,180,145,81
S09301,180,117,65
S09302,180,115,64
S09303,180,149,83
S09304,180,104,58
S09305,180,140,78
S09306,180,180,100
S09307,180,144,80
S09308,180,127,71
S09309,180,145,81
S09310,180,113,63
S09311,180,162,90
S09312,180,122,68
S09313,180,165,92
S09314,180,158,88
S09315,180,124,69
S09316,180,109,61
S09317,180,127,71
S09318,180,142,79
S09319,180,162,90
S09320,180,149,83
S09321,180,140,78
S09322,180,111,62
S09323,180,151,84
S09324,180,100,56
S09325,180,122,68
S09326,180,167,93
S09327,180,118,66
S09328,180,124,69
S09329,180,151,84
S09330,180,147,82
S09331,180,163,91
S09332,180,163,91
S09333,180,158,88
S09334,180,149,83
S09335,180,156,87
S09336,180,102,57
S09337,180,133,74
S09338,180,142,79
S09339,180,149,83
S09340,180,122,68
S09341,180,131,73
S09342,180,144,80
S09343,180,149,83
S09344,180,153,85
S09345,180,125,70
S09346,180,125,70
S09347,180,104,58
S09348,180,180,100
S09349,180,133,74
S09350,180,129,72
S09351,180,153,85
S09352,180,162,90
S09353,180,172,96
S09354,180,169,94
S09355,180,136,76
S09356,180,142,79
S09357,180,165,92
S09358,180,135,75
S09359,180,97,54
S09360,180,117,65
S09361,180,167,93
S09362,180,180,100
S09363,180,180,100
S09364,180,180,100
S09365,180,131,73
S09366,180,163,91
S09367,180,153,85
S09368,180,122,68
S09369,180,180,100
S09370,180,120,67
S09371,180,142,79
S09372,180,136,76
S09373,180,149,83
S09374,180,156,87
S09375,180,109,61
S09376,180,165,92
S09377,180,162,90
S09378,180,151,84
S09379,180,133,74
S09380,180,122,68
S09381,180,122,68
S09382,180,147,82
S09383,180,127,71
S09384,180,122,68
S09385,180,135,75
S09386,180,133,74
S09387,180,102,57
S09388,180,178,99
S09389,180,174,97
S09390,180,106,59
S09391,180,111,62
S09392,180,113,63
S09393,180,162,90
S09394,180,156,87
S09395,180,125,70
S09396,180,136,76
S09397,180,118,66
S09398,180,142,79
S09399,180,136,76
S09400,180,169,94
S09401,180,129,72
S09402,180,142,79
S09403,180,169,94
S09404,180,93,52
S09405,180,144,80
S09406,180,145,81
S09407,180,151,84
S09408,180,138,77
S09409,180,127,71
S09410,180,124,69
S09411,180,113,63
S09412,180,142,79
S09413,180,149,83
S09414,180,158,88
S09415,180,108,60
S09416,180,122,68
S09417,180,138,77
S09418,180,156,87
S09419,180,142,79
S09420,180,140,78
S09421,180,149,83
S09422,180,135,75
S09423,180,163,91
S09424,180,136,76
S09425,180,144,80
S09426,180,162,90
S09427,180,174,97
S09428,180,140,78
S09429,180,129,72
S09430,180,180,100
S09431,180,147,82
S09432,180,129,72
S09433,180,172,96
S09434,180,138,77
S09435,180,162,90
S09436,180,124,69
S09437,180,140,78
S09438,180,113,63
S09439,180,106,59
S09440,180,133,74
S09441,180,124,69
S09442,180,162,90
S09443,180,140,78
S09444,180,127,71
S09445,180,131,73
S09446,180,129,72
S09447,180,88,49
S09448,180,149,83
S09449,180,125,70
S09450,180,120,67
S09451,180,153,85
S09452,180,125,70
S09453,180,144,80
S09454,180,151,84
S09455,180,111,62
S09456,180,153,85
S09457,180,147,82
S09458,180,169,94
S09459,180,140,78
S09460,180,129,72
S09461,180,129,72
S09462,180,144,80
S09463,180,169,94
S09464,180,151,84
S09465,180,131,73
S09466,180,133,74
S09467,180,169,94
S09468,180,127,71
S09469,180,153,85
S09470,180,153,85
S09471,180,172,96
S09472,180,153,85
S09473,180,145,81
S09474,180,115,64
S09475,180,106,59
S09476,180,129,72
S09477,180,180,100
S09478,180,125,70
S09479,180,145,81
S09480,180,138,77
S09481,180,169,94
S09482,180,180,100
S09483,180,162,90
S09484,180,151,84
S09485,180,180,100
S09486,180,158,88
S09487,180,111,62
S09488,180,147,82
S09489,180,125,70
S09490,180,162,90
S09491,180,142,79
S09492,180,140,78
S09493,180,133,74
S09494,180,118,66
S09495,180,144,80
S09496,180,167,93
S09497,180,133,74
S09498,180,113,63
S09499,180,124,69
S09500,180,135,75
S09501,180,120,67
S09502,180,133,74
S09503,180,124,69
S09504,180,120,67
S09505,180,167,93
S09506,180,129,72
S09507,180,131,73
S09508,180,149,83
S09509,180,142,79
S09510,180,97,54
S09511,180,140,78
S09512,180,156,87
S09513,180,125,70
S09514,180,142,79
S09515,180,172,96
S09516,180,120,67
S09517,180,124,69
S09518,180,117,65
S09519,180,104,58
S09520,180,142,79
S09521,180,167,93
S09522,180,174,97
S09523,180,133,74
S09524,180,81,45
S09525,180,125,70
S09526,180,133,74
S09527,180,102,57
S09528,180,129,72
S09529,180,153,85
S09530,180,124,69
S09531,180,144,80
S09532,180,162,90
S09533,180,144,80
S09534,180,125,70
S09535,180,118,66
S09536,180,160,89
S09537,180,180,100
S09538,180,167,93
S09539,180,180,100
S09540,180,160,89
S09541,180,90,50
S09542,180,142,79
S09543,180,118,66
S09544,180,158,88
S09545,180,142,79
S09546,180,125,70
S09547,180,120,67
S09548,180,156,87
S09549,180,97,54
S09550,180,138,77
S09551,180,147,82
S09552,180,136,76
S09553,180,106,59
S09554,180,156,87
S09555,180,135,75
S09556,180,117,65
S09557,180,136,76
S09558,180,167,93
S09559,180,133,74
S09560,180,117,65
S09561,180,144,80
S09562,180,109,61
S09563,180,115,64
S09564,180,135,75
S09565,180,153,85
S09566,180,125,70
S09567,180,138,77
S09568,180,133,74
S09569,180,138,77
S09570,180,145,81
S09571,180,180,100
S09572,180,169,94
S09573,180,145,81
S09574,180,135,75
S09575,180,118,66
S09576,180,142,79
S09577,180,171,95
S09578,180,133,74
S09579,180,169,94
S09580,180,176,98
S09581,180,100,56
S09582,180,144,80
S09583,180,160,89
S09584,180,147,82
S09585,180,117,65
S09586,180,109,61
S09587,180,153,85
S09588,180,120,67
S09589,180,117,65
S09590,180,163,91
S09591,180,109,61
S09592,180,135,75
S09593,180,176,98
S09594,180,153,85
S09595,180,124,69
S09596,180,133,74
S09597,180,142,79
S09598,180,147,82
S09599,180,169,94
S09600,180,140,78
S09601,180,180,100
S09602,180,133,74
S09603,180,118,66
S09604,180,117,65
S09605,180,131,73
S09606,180,133,74
S09607,180,180,100
S09608,180,144,80
S09609,180,125,70
S09610,180,171,95
S09611,180,147,82
S09612,180,160,89
S09613,180,156,87
S09614,180,138,77
S09615,180,172,96
S09616,180,122,68
S09617,180,160,89
S09618,180,122,68
S09619,180,93,52
S09620,180,151,84
S09621,180,109,61
S09622,180,158,88
S09623,180,133,74
S09624,180,115,64
S09625,180,144,80
S09626,180,163,91
S09627,180,144,80
S09628,180,145,81
S09629,180,151,84
S09630,180,129,72
S09631,180,172,96
S09632,180,149,83
S09633,180,131,73
S09634,180,144,80
S09635,180,86,48
S09636,180,156,87
S09637,180,172,96
S09638,180,180,100
S09639,180,151,84
S09640,180,122,68
S09641,180,133,74
S09642,180,160,89
S09643,180,111,62
S09644,180,163,91
S09645,180,160,89
S09646,180,104,58
S09647,180,162,90
S09648,180,145,81
S09649,180,144,80
S09650,180,133,74
S09651,180,111,62
S09652,180,115,64
S09653,180,178,99
S09654,180,135,75
S09655,180,145,81
S09656,180,151,84
S09657,180,160,89
S09658,180,158,88
S09659,180,109,61
S09660,180,100,56
S09661,180,124,69
S09662,180,158,88
S09663,180,147,82
S09664,180,122,68
S09665,180,127,71
S09666,180,122,68
S09667,180,124,69
S09668,180,142,79
S09669,180,127,71
S09670,180,145,81
S09671,180,131,73
S09672,180,122,68
S09673,180,115,64
S09674,180,127,71
S09675,180,133,74
S09676,180,127,71
S09677,180,108,60
S09678,180,118,66
S09679,180,142,79
S09680,180,162,90
S09681,180,153,85
S09682,180,125,70
S09683,180,167,93
S09684,180,129,72
S09685,180,118,66
S09686,180,117,65
S09687,180,133,74
S09688,180,144,80
S09689,180,154,86
S09690,180,145,81
S09691,180,174,97
S09692,180,102,57
S09693,180,138,77
S09694,180,145,81
S09695,180,145,81
S09696,180,133,74
S09697,180,180,100
S09698,180,131,73
S09699,180,131,73
S09700,180,120,67
S09701,180,104,58
S09702,180,147,82
S09703,180,127,71
S09704,180,118,66
S09705,180,147,82
S09706,180,156,87
S09707,180,120,67
S09708,180,125,70
S09709,180,149,83
S09710,180,118,66
S09711,180,180,100
S09712,180,125,70
S09713,180,135,75
S09714,180,169,94
S09715,180,133,74
S09716,180,120,67
S09717,180,163,91
S09718,180,127,71
S09719,180,142,79
S09720,180,145,81
S09721,180,125,70
S09722,180,131,73
S09723,180,162,90
S09724,180,115,64
S09725,180,124,69
S09726,180,136,76
S09727,180,163,91
S09728,180,135,75
S09729,180,153,85
S09730,180,158,88
S09731,180,125,70
S09732,180,136,76
S09733,180,118,66
S09734,180,176,98
S09735,180,149,83
S09736,180,131,73
S09737,180,138,77
S09738,180,158,88
S09739,180,158,88
S09740,180,113,63
S09741,180,140,78
S09742,180,158,88
S09743,180,156,87
S09744,180,138,77
S09745,180,120,67
S09746,180,162,90
S09747,180,136,76
S09748,180,180,100
S09749,180,151,84
S09750,180,109,61
S09751,180,127,71
S09752,180,144,80
S09753,180,138,77
S09754,180,131,73
S09755,180,127,71
S09756,180,120,67
S09757,180,125,70
S09758,180,122,68
S09759,180,117,65
S09760,180,129,72
S09761,180,115,64
S09762,180,172,96
S09763,180,154,86
S09764,180,153,85
S09765,180,108,60
S09766,180,117,65
S09767,180,133,74
S09768,180,144,80
S09769,180,180,100
S09770,180,180,100
S09771,180,131,73
S09772,180,156,87
S09773,180,118,66
S09774,180,135,75
S09775,180,111,62
S09776,180,129,72
S09777,180,169,94
S09778,180,149,83
S09779,180,180,100
S09780,180,147,82
S09781,180,129,72
S09782,180,154,86
S09783,180,165,92
S09784,180,149,83
S09785,180,115,64
S09786,180,106,59
S09787,180,127,71
S09788,180,93,52
S09789,180,100,56
S09790,180,165,92
S09791,180,124,69
S09792,180,153,85
S09793,180,165,92
S09794,180,145,81
S09795,180,149,83
S09796,180,180,100
S09797,180,135,75
S09798,180,153,85
S09799,180,113,63
S09800,180,142,79
S09801,180,129,72
S09802,180,136,76
S09803,180,125,70
S09804,180,154,86
S09805,180,135,75
S09806,180,142,79
S09807,180,113,63
S09808,180,135,75
S09809,180,109,61
S09810,180,117,65
S09811,180,135,75
S09812,180,113,63
S09813,180,144,80
S09814,180,93,52
S09815,180,129,72
S09816,180,138,77
S09817,180,135,75
S09818,180,153,85
S09819,180,158,88
S09820,180,151,84
S09821,180,156,87
S09822,180,122,68
S09823,180,176,98
S09824,180,160,89
S09825,180,124,69
S09826,180,133,74
S09827,180,171,95
S09828,180,153,85
S09829,180,115,64
S09830,180,165,92
S09831,180,118,66
S09832,180,86,48
S09833,180,147,82
S09834,180,145,81
S09835,180,129,72
S09836,180,124,69
S09837,180,153,85
S09838,180,133,74
S09839,180,106,59
S09840,180,151,84
S09841,180,136,76
S09842,180,131,73
S09843,180,140,78
S09844,180,145,81
S09845,180,125,70
S09846,180,127,71
S09847,180,165,92
S09848,180,169,94
S09849,180,115,64
S09850,180,142,79
S09851,180,144,80
S09852,180,162,90
S09853,180,163,91
S09854,180,176,98
S09855,180,122,68
S09856,180,125,70
S09857,180,95,53
S09858,180,153,85
S09859,180,156,87
S09860,180,149,83
S09861,180,104,58
S09862,180,180,100
S09863,180,106,59
S09864,180,149,83
S09865,180,151,84
S09866,180,120,67
S09867,180,106,59
S09868,180,127,71
S09869,180,165,92
S09870,180,120,67
S09871,180,115,64
S09872,180,118,66
S09873,180,171,95
S09874,180,95,53
S09875,180,111,62
S09876,180,131,73
S09877,180,106,59
S09878,180,124,69
S09879,180,111,62
S09880,180,144,80
S09881,180,180,100
S09882,180,133,74
S09883,180,151,84
S09884,180,99,55
S09885,180,124,69
S09886,180,174,97
S09887,180,165,92
S09888,180,171,95
S09889,180,133,74
S09890,180,106,59
S09891,180,104,58
S09892,180,144,80
S09893,180,153,85
S09894,180,172,96
S09895,180,131,73
S09896,180,136,76
S09897,180,131,73
S09898,180,109,61
S09899,180,109,61
S09900,180,135,75
S09901,180,108,60
S09902,180,172,96
S09903,180,135,75
S09904,180,115,64
S09905,180,118,66
S09906,180,91,51
S09907,180,154,86
S09908,180,167,93
S09909,180,108,60
S09910,180,160,89
S09911,180,163,91
S09912,180,120,67
S09913,180,163,91
S09914,180,133,74
S09915,180,149,83
S09916,180,162,90
S09917,180,156,87
S09918,180,138,77
S09919,180,154,86
S09920,180,162,90
S09921,180,135,75
S09922,180,117,65
S09923,180,120,67
S09924,180,163,91
S09925,180,153,85
S09926,180,172,96
S09927,180,127,71
S09928,180,140,78
S09929,180,151,84
S09930,180,156,87
S09931,180,131,73
S09932,180,171,95
S09933,180,149,83
S09934,180,145,81
S09935,180,122,68
S09936,180,156,87
S09937,180,163,91
S09938,180,127,71
S09939,180,125,70
S09940,180,138,77
S09941,180,136,76
S09942,180,117,65
S09943,180,131,73
S09944,180,97,54
S09945,180,125,70
S09946,180,106,59
S09947,180,144,80
S09948,180,144,80
S09949,180,86,48
S09950,180,151,84
S09951,180,151,84
S09952,180,120,67
S09953,180,117,65
S09954,180,135,75
S09955,180,93,52
S09956,180,102,57
S09957,180,109,61
S09958,180,136,76
S09959,180,149,83
S09960,180,138,77
S09961,180,172,96
S09962,180,120,67
S09963,180,109,61
S09964,180,144,80
S09965,180,136,76
S09966,180,136,76
S09967,180,118,66
S09968,180,163,91
S09969,180,171,95
S09970,180,167,93
S09971,180,153,85
S09972,180,109,61
S09973,180,153,85
S09974,180,124,69
S09975,180,154,86
S09976,180,160,89
S09977,180,93,52
S09978,180,162,90
S09979,180,135,75
S09980,180,97,54
S09981,180,95,53
S09982,180,160,89
S09983,180,142,79
S09984,180,149,83
S09985,180,135,75
S09986,180,104,58
S09987,180,147,82
S09988,180,144,80
S09989,180,120,67
S09990,180,131,73
S09991,180,117,65
S09992,180,136,76
S09993,180,125,70
S09994,180,172,96
S09995,180,154,86
S09996,180,162,90
S09997,180,75,42
S09998,180,156,87
S09999,180,95,53
S10000,180,109,61
