bank_id,account_no,ifsc,holder_name
BA103,0684041000001034,SBIN0004128,R. Sharma & Assoc
BA107,06840410000107,SBIN0005521,Manager CL-107
BA111,06840410000111,SBIN0005521,Manager CL-111
BA115,06840410000115,SBIN0005521,Manager CL-115
BA118,06840410000118,SBIN0005521,Manager CL-118
BA122,06840410000122,SBIN0005521,Manager CL-122
BA126,06840410000126,SBIN0005521,Manager CL-126
BA131,06840410000131,SBIN0005521,Manager CL-131
BA135,06840410000135,SBIN0005521,Manager CL-135
BA140,06840410000140,SBIN0005521,Manager CL-140
BA144,06840410000144,SBIN0005521,Manager CL-144
BA149,06840410000149,SBIN0005521,Manager CL-149
BA_DEC_1,409201990001,PUNB0021940,Student
BA_DEC_2,409201990002,PUNB0021940,Student
BA_DEC_3,409201990003,PUNB0021940,Student
BA_DEC_4,409201990004,PUNB0021940,Student
BA_DEC_5,409201990005,PUNB0021940,Student
BA_DEC_6,409201990006,PUNB0021940,Student
BA_DEC_7,409201990007,PUNB0021940,Student
BA_DEC_8,409201990008,PUNB0021940,Student
BA_DEC_9,409201990009,PUNB0021940,Student
BA_DEC_10,409201990010,PUNB0021940,Student
BA_DEC_11,409201990011,PUNB0021940,Student
BA_DEC_12,409201990012,PUNB0021940,Student
BA_DEC_13,409201990013,PUNB0021940,Student
BA_DEC_14,409201990014,PUNB0021940,Student
BA_DEC_15,409201990015,PUNB0021940,Student
BA_DEC_16,409201990016,PUNB0021940,Student
BA_DEC_17,409201990017,PUNB0021940,Student
BA_DEC_18,409201990018,PUNB0021940,Student
BA_DEC_19,409201990019,PUNB0021940,Student
BA_DEC_20,409201990020,PUNB0021940,Student
BA_DEC_21,409201990021,PUNB0021940,Student
BA_DEC_22,409201990022,PUNB0021940,Student
BA_DEC_23,409201990023,PUNB0021940,Student
BA_DEC_24,409201990024,PUNB0021940,Student
BA_DEC_25,409201990025,PUNB0021940,Student
BA_DEC_26,409201990026,PUNB0021940,Student
BA_DEC_27,409201990027,PUNB0021940,Student
BA_DEC_28,409201990028,PUNB0021940,Student
BA_DEC_29,409201990029,PUNB0021940,Student
BA_DEC_30,409201990030,PUNB0021940,Student
BA_DEC_31,409201990031,PUNB0021940,Student
BA_DEC_32,409201990032,PUNB0021940,Student
BA_DEC_33,409201990033,PUNB0021940,Student
BA_DEC_34,409201990034,PUNB0021940,Student
BA_DEC_35,409201990035,PUNB0021940,Student
BA_DEC_36,409201990036,PUNB0021940,Student
BA_DEC_37,409201990037,PUNB0021940,Student
BA_DEC_38,409201990038,PUNB0021940,Student
BA_DEC_39,409201990039,PUNB0021940,Student
BA_DEC_40,409201990040,PUNB0021940,Student
BA_DEC_41,409201990041,PUNB0021940,Student
BA_DEC_42,409201990042,PUNB0021940,Student
BA_DEC_43,409201990043,PUNB0021940,Student
BA_DEC_44,409201990044,PUNB0021940,Student
BA_DEC_45,409201990045,PUNB0021940,Student
BA_DEC_46,409201990046,PUNB0021940,Student
BA_DEC_47,409201990047,PUNB0021940,Student
BA_DEC_48,409201990048,PUNB0021940,Student
BA_DEC_49,409201990049,PUNB0021940,Student
BA_DEC_50,409201990050,PUNB0021940,Student
BA_DEC_51,409201990051,PUNB0021940,Student
BA_DEC_52,409201990052,PUNB0021940,Student
BA_DEC_53,409201990053,PUNB0021940,Student
BA_DEC_54,409201990054,PUNB0021940,Student
BA_DEC_55,409201990055,PUNB0021940,Student
BA_DEC_56,409201990056,PUNB0021940,Student
BA_DEC_57,409201990057,PUNB0021940,Student
BA_DEC_58,409201990058,PUNB0021940,Student
BA_DEC_59,409201990059,PUNB0021940,Student
BA_DEC_60,409201990060,PUNB0021940,Student
BA_DEC_61,409201990061,PUNB0021940,Student
BA_DEC_62,409201990062,PUNB0021940,Student
BA_DEC_63,409201990063,PUNB0021940,Student
BA_DEC_64,409201990064,PUNB0021940,Student
BA_DEC_65,409201990065,PUNB0021940,Student
BA_DEC_66,409201990066,PUNB0021940,Student
BA_DEC_67,409201990067,PUNB0021940,Student
BA_DEC_68,409201990068,PUNB0021940,Student
BA_DEC_69,409201990069,PUNB0021940,Student
BA_DEC_70,409201990070,PUNB0021940,Student
BA_DEC_71,409201990071,PUNB0021940,Student
BA_DEC_72,409201990072,PUNB0021940,Student
BA_DEC_73,409201990073,PUNB0021940,Student
BA_DEC_74,409201990074,PUNB0021940,Student
BA_DEC_75,409201990075,PUNB0021940,Student
BA_DEC_76,409201990076,PUNB0021940,Student
BA_DEC_77,409201990077,PUNB0021940,Student
BA_DEC_78,409201990078,PUNB0021940,Student
BA_DEC_79,409201990079,PUNB0021940,Student
BA_DEC_80,409201990080,PUNB0021940,Student
BA_DEC_81,409201990081,PUNB0021940,Student
BA_DEC_82,409201990082,PUNB0021940,Student
BA_DEC_83,409201990083,PUNB0021940,Student
BA_DEC_84,409201990084,PUNB0021940,Student
BA_DEC_85,409201990085,PUNB0021940,Student
BA_DEC_86,409201990086,PUNB0021940,Student
BA_DEC_87,409201990087,PUNB0021940,Student
BA_DEC_88,409201990088,PUNB0021940,Student
BA_DEC_89,409201990089,PUNB0021940,Student
BA_DEC_90,409201990090,PUNB0021940,Student
BA_DEC_91,409201990091,PUNB0021940,Student
BA_DEC_92,409201990092,PUNB0021940,Student
BA_DEC_93,409201990093,PUNB0021940,Student
BA_DEC_94,409201990094,PUNB0021940,Student
BA_DEC_95,409201990095,PUNB0021940,Student
BA_DEC_96,409201990096,PUNB0021940,Student
BA_DEC_97,409201990097,PUNB0021940,Student
BA_DEC_98,409201990098,PUNB0021940,Student
BA_DEC_99,409201990099,PUNB0021940,Student
BA_DEC_100,409201990100,PUNB0021940,Student
BA_DEC_101,409201990101,PUNB0021940,Student
BA_DEC_102,409201990102,PUNB0021940,Student
BA_DEC_103,409201990103,PUNB0021940,Student
BA_DEC_104,409201990104,PUNB0021940,Student
BA_DEC_105,409201990105,PUNB0021940,Student
BA_DEC_106,409201990106,PUNB0021940,Student
BA_DEC_107,409201990107,PUNB0021940,Student
BA_DEC_108,409201990108,PUNB0021940,Student
BA_DEC_109,409201990109,PUNB0021940,Student
BA_DEC_110,409201990110,PUNB0021940,Student
BA_DEC_111,409201990111,PUNB0021940,Student
BA_DEC_112,409201990112,PUNB0021940,Student
BA_DEC_113,409201990113,PUNB0021940,Student
BA_DEC_114,409201990114,PUNB0021940,Student
BA_DEC_115,409201990115,PUNB0021940,Student
BA_DEC_116,409201990116,PUNB0021940,Student
BA_DEC_117,409201990117,PUNB0021940,Student
BA_DEC_118,409201990118,PUNB0021940,Student
BA_DEC_119,409201990119,PUNB0021940,Student
BA_DEC_120,409201990120,PUNB0021940,Student
BA_DEC_121,409201990121,PUNB0021940,Student
BA_DEC_122,409201990122,PUNB0021940,Student
BA_DEC_123,409201990123,PUNB0021940,Student
BA_DEC_124,409201990124,PUNB0021940,Student
BA_DEC_125,409201990125,PUNB0021940,Student
BA_DEC_126,409201990126,PUNB0021940,Student
BA_DEC_127,409201990127,PUNB0021940,Student
BA_DEC_128,409201990128,PUNB0021940,Student
BA_DEC_129,409201990129,PUNB0021940,Student
BA_DEC_130,409201990130,PUNB0021940,Student
BA_DEC_131,409201990131,PUNB0021940,Student
BA_DEC_132,409201990132,PUNB0021940,Student
BA_DEC_133,409201990133,PUNB0021940,Student
BA_DEC_134,409201990134,PUNB0021940,Student
BA_DEC_135,409201990135,PUNB0021940,Student
BA_DEC_136,409201990136,PUNB0021940,Student
BA_DEC_137,409201990137,PUNB0021940,Student
BA_DEC_138,409201990138,PUNB0021940,Student
BA_DEC_139,409201990139,PUNB0021940,Student
BA_DEC_140,409201990140,PUNB0021940,Student
BA_DEC_141,409201990141,PUNB0021940,Student
BA_DEC_142,409201990142,PUNB0021940,Student
BA_DEC_143,409201990143,PUNB0021940,Student
BA_DEC_144,409201990144,PUNB0021940,Student
BA_DEC_145,409201990145,PUNB0021940,Student
BA_DEC_146,409201990146,PUNB0021940,Student
BA_DEC_147,409201990147,PUNB0021940,Student
BA_DEC_148,409201990148,PUNB0021940,Student
BA_DEC_149,409201990149,PUNB0021940,Student
BA_DEC_150,409201990150,PUNB0021940,Student
BA_DEC_151,409201990151,PUNB0021940,Student
BA_DEC_152,409201990152,PUNB0021940,Student
BA_DEC_153,409201990153,PUNB0021940,Student
BA_DEC_154,409201990154,PUNB0021940,Student
BA_DEC_155,409201990155,PUNB0021940,Student
BA_DEC_156,409201990156,PUNB0021940,Student
BA_DEC_157,409201990157,PUNB0021940,Student
BA_DEC_158,409201990158,PUNB0021940,Student
BA_DEC_159,409201990159,PUNB0021940,Student
BA_DEC_160,409201990160,PUNB0021940,Student
BA_DEC_161,409201990161,PUNB0021940,Student
BA_DEC_162,409201990162,PUNB0021940,Student
BA_DEC_163,409201990163,PUNB0021940,Student
BA_DEC_164,409201990164,PUNB0021940,Student
BA_DEC_165,409201990165,PUNB0021940,Student
BA_DEC_166,409201990166,PUNB0021940,Student
BA_DEC_167,409201990167,PUNB0021940,Student
BA_DEC_168,409201990168,PUNB0021940,Student
BA_DEC_169,409201990169,PUNB0021940,Student
BA_DEC_170,409201990170,PUNB0021940,Student
BA_DEC_171,409201990171,PUNB0021940,Student
BA_DEC_172,409201990172,PUNB0021940,Student
BA_DEC_173,409201990173,PUNB0021940,Student
BA_DEC_174,409201990174,PUNB0021940,Student
BA_DEC_175,409201990175,PUNB0021940,Student
BA_DEC_176,409201990176,PUNB0021940,Student
BA_DEC_177,409201990177,PUNB0021940,Student
BA_DEC_178,409201990178,PUNB0021940,Student
BA_DEC_179,409201990179,PUNB0021940,Student
BA_DEC_180,409201990180,PUNB0021940,Student
BA_DEC_181,409201990181,PUNB0021940,Student
BA_DEC_182,409201990182,PUNB0021940,Student
BA_DEC_183,409201990183,PUNB0021940,Student
BA_DEC_184,409201990184,PUNB0021940,Student
BA_DEC_185,409201990185,PUNB0021940,Student
BA_DEC_186,409201990186,PUNB0021940,Student
BA_DEC_187,409201990187,PUNB0021940,Student
BA_DEC_188,409201990188,PUNB0021940,Student
BA_DEC_189,409201990189,PUNB0021940,Student
BA_DEC_190,409201990190,PUNB0021940,Student
BA_DEC_191,409201990191,PUNB0021940,Student
BA_DEC_192,409201990192,PUNB0021940,Student
BA_DEC_193,409201990193,PUNB0021940,Student
BA_DEC_194,409201990194,PUNB0021940,Student
BA_DEC_195,409201990195,PUNB0021940,Student
BA_DEC_196,409201990196,PUNB0021940,Student
BA_DEC_197,409201990197,PUNB0021940,Student
BA_DEC_198,409201990198,PUNB0021940,Student
BA_DEC_199,409201990199,PUNB0021940,Student
BA_DEC_200,409201990200,PUNB0021940,Student
BA_DEC_201,409201990201,PUNB0021940,Student
BA_DEC_202,409201990202,PUNB0021940,Student
BA_DEC_203,409201990203,PUNB0021940,Student
BA_DEC_204,409201990204,PUNB0021940,Student
BA_DEC_205,409201990205,PUNB0021940,Student
BA_DEC_206,409201990206,PUNB0021940,Student
BA_DEC_207,409201990207,PUNB0021940,Student
BA_DEC_208,409201990208,PUNB0021940,Student
BA_DEC_209,409201990209,PUNB0021940,Student
BA_DEC_210,409201990210,PUNB0021940,Student
BA_DEC_211,409201990211,PUNB0021940,Student
BA_DEC_212,409201990212,PUNB0021940,Student
BA_DEC_213,409201990213,PUNB0021940,Student
BA_DEC_214,409201990214,PUNB0021940,Student
BA_DEC_215,409201990215,PUNB0021940,Student
BA_DEC_216,409201990216,PUNB0021940,Student
BA_DEC_217,409201990217,PUNB0021940,Student
BA_DEC_218,409201990218,PUNB0021940,Student
BA_DEC_219,409201990219,PUNB0021940,Student
BA_DEC_220,409201990220,PUNB0021940,Student
BA_DEC_221,409201990221,PUNB0021940,Student
BA_DEC_222,409201990222,PUNB0021940,Student
BA_DEC_223,409201990223,PUNB0021940,Student
BA_DEC_224,409201990224,PUNB0021940,Student
BA_DEC_225,409201990225,PUNB0021940,Student
BA_DEC_226,409201990226,PUNB0021940,Student
BA_DEC_227,409201990227,PUNB0021940,Student
BA_DEC_228,409201990228,PUNB0021940,Student
BA_DEC_229,409201990229,PUNB0021940,Student
BA_DEC_230,409201990230,PUNB0021940,Student
BA_DEC_231,409201990231,PUNB0021940,Student
BA_DEC_232,409201990232,PUNB0021940,Student
BA_DEC_233,409201990233,PUNB0021940,Student
BA_DEC_234,409201990234,PUNB0021940,Student
BA_DEC_235,409201990235,PUNB0021940,Student
BA_DEC_236,409201990236,PUNB0021940,Student
BA_DEC_237,409201990237,PUNB0021940,Student
BA_DEC_238,409201990238,PUNB0021940,Student
BA_DEC_239,409201990239,PUNB0021940,Student
BA_DEC_240,409201990240,PUNB0021940,Student
BA_DEC_241,409201990241,PUNB0021940,Student
BA_DEC_242,409201990242,PUNB0021940,Student
BA_DEC_243,409201990243,PUNB0021940,Student
BA_DEC_244,409201990244,PUNB0021940,Student
BA_DEC_245,409201990245,PUNB0021940,Student
BA_DEC_246,409201990246,PUNB0021940,Student
BA_DEC_247,409201990247,PUNB0021940,Student
BA_DEC_248,409201990248,PUNB0021940,Student
BA_DEC_249,409201990249,PUNB0021940,Student
BA_DEC_250,409201990250,PUNB0021940,Student
BA_DEC_251,409201990251,PUNB0021940,Student
BA_DEC_252,409201990252,PUNB0021940,Student
BA_DEC_253,409201990253,PUNB0021940,Student
BA_DEC_254,409201990254,PUNB0021940,Student
BA_DEC_255,409201990255,PUNB0021940,Student
BA_DEC_256,409201990256,PUNB0021940,Student
BA_DEC_257,409201990257,PUNB0021940,Student
BA_DEC_258,409201990258,PUNB0021940,Student
BA_DEC_259,409201990259,PUNB0021940,Student
BA_DEC_260,409201990260,PUNB0021940,Student
BA_DEC_261,409201990261,PUNB0021940,Student
BA_DEC_262,409201990262,PUNB0021940,Student
BA_DEC_263,409201990263,PUNB0021940,Student
BA_DEC_264,409201990264,PUNB0021940,Student
BA_DEC_265,409201990265,PUNB0021940,Student
BA_DEC_266,409201990266,PUNB0021940,Student
BA_DEC_267,409201990267,PUNB0021940,Student
BA_DEC_268,409201990268,PUNB0021940,Student
BA_DEC_269,409201990269,PUNB0021940,Student
BA_DEC_270,409201990270,PUNB0021940,Student
BA_DEC_271,409201990271,PUNB0021940,Student
BA_DEC_272,409201990272,PUNB0021940,Student
BA_DEC_273,409201990273,PUNB0021940,Student
BA_DEC_274,409201990274,PUNB0021940,Student
BA_DEC_275,409201990275,PUNB0021940,Student
BA_DEC_276,409201990276,PUNB0021940,Student
BA_DEC_277,409201990277,PUNB0021940,Student
BA_DEC_278,409201990278,PUNB0021940,Student
BA_DEC_279,409201990279,PUNB0021940,Student
BA_DEC_280,409201990280,PUNB0021940,Student
BA_DEC_281,409201990281,PUNB0021940,Student
BA_DEC_282,409201990282,PUNB0021940,Student
BA_DEC_283,409201990283,PUNB0021940,Student
BA_DEC_284,409201990284,PUNB0021940,Student
BA_DEC_285,409201990285,PUNB0021940,Student
BA_DEC_286,409201990286,PUNB0021940,Student
BA_DEC_287,409201990287,PUNB0021940,Student
BA_DEC_288,409201990288,PUNB0021940,Student
BA_DEC_289,409201990289,PUNB0021940,Student
BA_DEC_290,409201990290,PUNB0021940,Student
BA_DEC_291,409201990291,PUNB0021940,Student
BA_DEC_292,409201990292,PUNB0021940,Student
BA_DEC_293,409201990293,PUNB0021940,Student
BA_DEC_294,409201990294,PUNB0021940,Student
BA_DEC_295,409201990295,PUNB0021940,Student
BA_DEC_296,409201990296,PUNB0021940,Student
BA_DEC_297,409201990297,PUNB0021940,Student
BA_DEC_298,409201990298,PUNB0021940,Student
BA_DEC_299,409201990299,PUNB0021940,Student
BA_DEC_300,409201990300,PUNB0021940,Student
BA_DEC_301,409201990301,PUNB0021940,Student
BA_DEC_302,409201990302,PUNB0021940,Student
BA_DEC_303,409201990303,PUNB0021940,Student
BA_DEC_304,409201990304,PUNB0021940,Student
BA_DEC_305,409201990305,PUNB0021940,Student
BA_DEC_306,409201990306,PUNB0021940,Student
BA_DEC_307,409201990307,PUNB0021940,Student
BA_DEC_308,409201990308,PUNB0021940,Student
BA_DEC_309,409201990309,PUNB0021940,Student
BA_DEC_310,409201990310,PUNB0021940,Student
BA_DEC_311,409201990311,PUNB0021940,Student
BA_DEC_312,409201990312,PUNB0021940,Student
BA_DEC_313,409201990313,PUNB0021940,Student
BA_DEC_314,409201990314,PUNB0021940,Student
BA_DEC_315,409201990315,PUNB0021940,Student
BA_DEC_316,409201990316,PUNB0021940,Student
BA_DEC_317,409201990317,PUNB0021940,Student
BA_DEC_318,409201990318,PUNB0021940,Student
BA_DEC_319,409201990319,PUNB0021940,Student
BA_DEC_320,409201990320,PUNB0021940,Student
BA_DEC_321,409201990321,PUNB0021940,Student
BA_DEC_322,409201990322,PUNB0021940,Student
BA_DEC_323,409201990323,PUNB0021940,Student
BA_DEC_324,409201990324,PUNB0021940,Student
BA_DEC_325,409201990325,PUNB0021940,Student
BA_DEC_326,409201990326,PUNB0021940,Student
BA_DEC_327,409201990327,PUNB0021940,Student
BA_DEC_328,409201990328,PUNB0021940,Student
BA_DEC_329,409201990329,PUNB0021940,Student
BA_DEC_330,409201990330,PUNB0021940,Student
BA_DEC_331,409201990331,PUNB0021940,Student
BA_DEC_332,409201990332,PUNB0021940,Student
BA_DEC_333,409201990333,PUNB0021940,Student
BA_DEC_334,409201990334,PUNB0021940,Student
BA_DEC_335,409201990335,PUNB0021940,Student
BA_DEC_336,409201990336,PUNB0021940,Student
BA_DEC_337,409201990337,PUNB0021940,Student
BA_DEC_338,409201990338,PUNB0021940,Student
BA_DEC_339,409201990339,PUNB0021940,Student
BA_DEC_340,409201990340,PUNB0021940,Student
BA_DEC_341,409201990341,PUNB0021940,Student
BA_DEC_342,409201990342,PUNB0021940,Student
BA_DEC_343,409201990343,PUNB0021940,Student
BA_DEC_344,409201990344,PUNB0021940,Student
BA_DEC_345,409201990345,PUNB0021940,Student
BA_DEC_346,409201990346,PUNB0021940,Student
BA_DEC_347,409201990347,PUNB0021940,Student
BA_DEC_348,409201990348,PUNB0021940,Student
BA_DEC_349,409201990349,PUNB0021940,Student
BA_DEC_350,409201990350,PUNB0021940,Student
BA_DEC_351,409201990351,PUNB0021940,Student
BA_DEC_352,409201990352,PUNB0021940,Student
BA_DEC_353,409201990353,PUNB0021940,Student
BA_DEC_354,409201990354,PUNB0021940,Student
BA_DEC_355,409201990355,PUNB0021940,Student
BA_DEC_356,409201990356,PUNB0021940,Student
BA_DEC_357,409201990357,PUNB0021940,Student
BA_DEC_358,409201990358,PUNB0021940,Student
BA_DEC_359,409201990359,PUNB0021940,Student
BA_DEC_360,409201990360,PUNB0021940,Student
BA_DEC_361,409201990361,PUNB0021940,Student
BA_DEC_362,409201990362,PUNB0021940,Student
BA_DEC_363,409201990363,PUNB0021940,Student
BA_DEC_364,409201990364,PUNB0021940,Student
BA_DEC_365,409201990365,PUNB0021940,Student
BA_DEC_366,409201990366,PUNB0021940,Student
BA_DEC_367,409201990367,PUNB0021940,Student
BA_DEC_368,409201990368,PUNB0021940,Student
BA_DEC_369,409201990369,PUNB0021940,Student
BA_DEC_370,409201990370,PUNB0021940,Student
BA_DEC_371,409201990371,PUNB0021940,Student
BA_DEC_372,409201990372,PUNB0021940,Student
BA_DEC_373,409201990373,PUNB0021940,Student
BA_DEC_374,409201990374,PUNB0021940,Student
BA_DEC_375,409201990375,PUNB0021940,Student
BA_DEC_376,409201990376,PUNB0021940,Student
BA_DEC_377,409201990377,PUNB0021940,Student
BA_DEC_378,409201990378,PUNB0021940,Student
BA_DEC_379,409201990379,PUNB0021940,Student
BA_DEC_380,409201990380,PUNB0021940,Student
BA_DEC_381,409201990381,PUNB0021940,Student
BA_DEC_382,409201990382,PUNB0021940,Student
BA_DEC_383,409201990383,PUNB0021940,Student
BA_DEC_384,409201990384,PUNB0021940,Student
BA_DEC_385,409201990385,PUNB0021940,Student
BA_DEC_386,409201990386,PUNB0021940,Student
BA_DEC_387,409201990387,PUNB0021940,Student
BA_DEC_388,409201990388,PUNB0021940,Student
BA_DEC_389,409201990389,PUNB0021940,Student
BA_DEC_390,409201990390,PUNB0021940,Student
BA_DEC_391,409201990391,PUNB0021940,Student
BA_DEC_392,409201990392,PUNB0021940,Student
BA_DEC_393,409201990393,PUNB0021940,Student
BA_DEC_394,409201990394,PUNB0021940,Student
BA_DEC_395,409201990395,PUNB0021940,Student
BA_DEC_396,409201990396,PUNB0021940,Student
BA_DEC_397,409201990397,PUNB0021940,Student
BA_DEC_398,409201990398,PUNB0021940,Student
BA_DEC_399,409201990399,PUNB0021940,Student
BA_DEC_400,409201990400,PUNB0021940,Student
BA_DEC_401,409201990401,PUNB0021940,Student
BA_DEC_402,409201990402,PUNB0021940,Student
BA_DEC_403,409201990403,PUNB0021940,Student
BA_DEC_404,409201990404,PUNB0021940,Student
BA_DEC_405,409201990405,PUNB0021940,Student
BA_DEC_406,409201990406,PUNB0021940,Student
BA_DEC_407,409201990407,PUNB0021940,Student
BA_DEC_408,409201990408,PUNB0021940,Student
BA_DEC_409,409201990409,PUNB0021940,Student
BA_DEC_410,409201990410,PUNB0021940,Student
BA_DEC_411,409201990411,PUNB0021940,Student
BA_DEC_412,409201990412,PUNB0021940,Student
BA_DEC_413,409201990413,PUNB0021940,Student
BA_DEC_414,409201990414,PUNB0021940,Student
BA_DEC_415,409201990415,PUNB0021940,Student
BA_DEC_416,409201990416,PUNB0021940,Student
BA_DEC_417,409201990417,PUNB0021940,Student
BA_DEC_418,409201990418,PUNB0021940,Student
BA_DEC_419,409201990419,PUNB0021940,Student
BA_DEC_420,409201990420,PUNB0021940,Student
BA_DEC_421,409201990421,PUNB0021940,Student
BA_DEC_422,409201990422,PUNB0021940,Student
BA_DEC_423,409201990423,PUNB0021940,Student
BA_DEC_424,409201990424,PUNB0021940,Student
BA_DEC_425,409201990425,PUNB0021940,Student
BA_DEC_426,409201990426,PUNB0021940,Student
BA_DEC_427,409201990427,PUNB0021940,Student
BA_DEC_428,409201990428,PUNB0021940,Student
BA_DEC_429,409201990429,PUNB0021940,Student
BA_DEC_430,409201990430,PUNB0021940,Student
BA_DEC_431,409201990431,PUNB0021940,Student
BA_DEC_432,409201990432,PUNB0021940,Student
BA_DEC_433,409201990433,PUNB0021940,Student
BA_DEC_434,409201990434,PUNB0021940,Student
BA_DEC_435,409201990435,PUNB0021940,Student
BA_DEC_436,409201990436,PUNB0021940,Student
BA_DEC_437,409201990437,PUNB0021940,Student
BA_DEC_438,409201990438,PUNB0021940,Student
BA_DEC_439,409201990439,PUNB0021940,Student
BA_DEC_440,409201990440,PUNB0021940,Student
BA_DEC_441,409201990441,PUNB0021940,Student
BA_DEC_442,409201990442,PUNB0021940,Student
BA_DEC_443,409201990443,PUNB0021940,Student
BA_DEC_444,409201990444,PUNB0021940,Student
BA_DEC_445,409201990445,PUNB0021940,Student
BA_DEC_446,409201990446,PUNB0021940,Student
BA_DEC_447,409201990447,PUNB0021940,Student
BA_DEC_448,409201990448,PUNB0021940,Student
BA_DEC_449,409201990449,PUNB0021940,Student
BA_DEC_450,409201990450,PUNB0021940,Student
BA_DEC_451,409201990451,PUNB0021940,Student
BA_DEC_452,409201990452,PUNB0021940,Student
BA_DEC_453,409201990453,PUNB0021940,Student
BA_DEC_454,409201990454,PUNB0021940,Student
BA_DEC_455,409201990455,PUNB0021940,Student
BA_DEC_456,409201990456,PUNB0021940,Student
BA_DEC_457,409201990457,PUNB0021940,Student
BA_DEC_458,409201990458,PUNB0021940,Student
BA_DEC_459,409201990459,PUNB0021940,Student
BA_DEC_460,409201990460,PUNB0021940,Student
BA_DEC_461,409201990461,PUNB0021940,Student
BA_DEC_462,409201990462,PUNB0021940,Student
BA_DEC_463,409201990463,PUNB0021940,Student
BA_DEC_464,409201990464,PUNB0021940,Student
BA_DEC_465,409201990465,PUNB0021940,Student
BA_DEC_466,409201990466,PUNB0021940,Student
BA_DEC_467,409201990467,PUNB0021940,Student
BA_DEC_468,409201990468,PUNB0021940,Student
BA_DEC_469,409201990469,PUNB0021940,Student
BA_DEC_470,409201990470,PUNB0021940,Student
BA_DEC_471,409201990471,PUNB0021940,Student
BA_DEC_472,409201990472,PUNB0021940,Student
BA_DEC_473,409201990473,PUNB0021940,Student
BA_DEC_474,409201990474,PUNB0021940,Student
BA_DEC_475,409201990475,PUNB0021940,Student
BA_DEC_476,409201990476,PUNB0021940,Student
BA_DEC_477,409201990477,PUNB0021940,Student
BA_DEC_478,409201990478,PUNB0021940,Student
BA_DEC_479,409201990479,PUNB0021940,Student
BA_DEC_480,409201990480,PUNB0021940,Student
BA_DEC_481,409201990481,PUNB0021940,Student
BA_DEC_482,409201990482,PUNB0021940,Student
BA_DEC_483,409201990483,PUNB0021940,Student
BA_DEC_484,409201990484,PUNB0021940,Student
BA_DEC_485,409201990485,PUNB0021940,Student
BA_DEC_486,409201990486,PUNB0021940,Student
BA_DEC_487,409201990487,PUNB0021940,Student
BA_DEC_488,409201990488,PUNB0021940,Student
BA_DEC_489,409201990489,PUNB0021940,Student
BA_DEC_490,409201990490,PUNB0021940,Student
BA_DEC_491,409201990491,PUNB0021940,Student
BA_DEC_492,409201990492,PUNB0021940,Student
BA_DEC_493,409201990493,PUNB0021940,Student
BA_DEC_494,409201990494,PUNB0021940,Student
BA_DEC_495,409201990495,PUNB0021940,Student
BA_DEC_496,409201990496,PUNB0021940,Student
BA_DEC_497,409201990497,PUNB0021940,Student
BA_DEC_498,409201990498,PUNB0021940,Student
BA_DEC_499,409201990499,PUNB0021940,Student
BA_DEC_500,409201990500,PUNB0021940,Student
BA_DEC_501,409201990501,PUNB0021940,Student
BA_DEC_502,409201990502,PUNB0021940,Student
BA_DEC_503,409201990503,PUNB0021940,Student
BA_DEC_504,409201990504,PUNB0021940,Student
BA_DEC_505,409201990505,PUNB0021940,Student
BA_DEC_506,409201990506,PUNB0021940,Student
BA_DEC_507,409201990507,PUNB0021940,Student
BA_DEC_508,409201990508,PUNB0021940,Student
BA_DEC_509,409201990509,PUNB0021940,Student
BA_DEC_510,409201990510,PUNB0021940,Student
BA_DEC_511,409201990511,PUNB0021940,Student
BA_DEC_512,409201990512,PUNB0021940,Student
BA_DEC_513,409201990513,PUNB0021940,Student
BA_DEC_514,409201990514,PUNB0021940,Student
BA_DEC_515,409201990515,PUNB0021940,Student
BA_DEC_516,409201990516,PUNB0021940,Student
BA_DEC_517,409201990517,PUNB0021940,Student
BA_DEC_518,409201990518,PUNB0021940,Student
BA_DEC_519,409201990519,PUNB0021940,Student
BA_DEC_520,409201990520,PUNB0021940,Student
BA_DEC_521,409201990521,PUNB0021940,Student
BA_DEC_522,409201990522,PUNB0021940,Student
BA_DEC_523,409201990523,PUNB0021940,Student
BA_DEC_524,409201990524,PUNB0021940,Student
BA_DEC_525,409201990525,PUNB0021940,Student
BA_DEC_526,409201990526,PUNB0021940,Student
BA_DEC_527,409201990527,PUNB0021940,Student
BA_DEC_528,409201990528,PUNB0021940,Student
BA_DEC_529,409201990529,PUNB0021940,Student
BA_DEC_530,409201990530,PUNB0021940,Student
BA_DEC_531,409201990531,PUNB0021940,Student
BA_DEC_532,409201990532,PUNB0021940,Student
BA_DEC_533,409201990533,PUNB0021940,Student
BA_DEC_534,409201990534,PUNB0021940,Student
BA_DEC_535,409201990535,PUNB0021940,Student
BA_DEC_536,409201990536,PUNB0021940,Student
BA_DEC_537,409201990537,PUNB0021940,Student
BA_DEC_538,409201990538,PUNB0021940,Student
BA_DEC_539,409201990539,PUNB0021940,Student
BA_DEC_540,409201990540,PUNB0021940,Student
BA_DEC_541,409201990541,PUNB0021940,Student
BA_DEC_542,409201990542,PUNB0021940,Student
BA_DEC_543,409201990543,PUNB0021940,Student
BA_DEC_544,409201990544,PUNB0021940,Student
BA_DEC_545,409201990545,PUNB0021940,Student
BA_DEC_546,409201990546,PUNB0021940,Student
BA_DEC_547,409201990547,PUNB0021940,Student
BA_DEC_548,409201990548,PUNB0021940,Student
BA_DEC_549,409201990549,PUNB0021940,Student
BA_DEC_550,409201990550,PUNB0021940,Student
BA_DEC_551,409201990551,PUNB0021940,Student
BA_DEC_552,409201990552,PUNB0021940,Student
BA_DEC_553,409201990553,PUNB0021940,Student
BA_DEC_554,409201990554,PUNB0021940,Student
BA_DEC_555,409201990555,PUNB0021940,Student
BA_DEC_556,409201990556,PUNB0021940,Student
BA_DEC_557,409201990557,PUNB0021940,Student
BA_DEC_558,409201990558,PUNB0021940,Student
BA_DEC_559,409201990559,PUNB0021940,Student
BA_DEC_560,409201990560,PUNB0021940,Student
BA_DEC_561,409201990561,PUNB0021940,Student
BA_DEC_562,409201990562,PUNB0021940,Student
BA_DEC_563,409201990563,PUNB0021940,Student
BA_DEC_564,409201990564,PUNB0021940,Student
BA_DEC_565,409201990565,PUNB0021940,Student
BA_DEC_566,409201990566,PUNB0021940,Student
BA_DEC_567,409201990567,PUNB0021940,Student
BA_DEC_568,409201990568,PUNB0021940,Student
BA_DEC_569,409201990569,PUNB0021940,Student
BA_DEC_570,409201990570,PUNB0021940,Student
BA_DEC_571,409201990571,PUNB0021940,Student
BA_DEC_572,409201990572,PUNB0021940,Student
BA_DEC_573,409201990573,PUNB0021940,Student
BA_DEC_574,409201990574,PUNB0021940,Student
BA_DEC_575,409201990575,PUNB0021940,Student
BA_DEC_576,409201990576,PUNB0021940,Student
BA_DEC_577,409201990577,PUNB0021940,Student
BA_DEC_578,409201990578,PUNB0021940,Student
BA_DEC_579,409201990579,PUNB0021940,Student
BA_DEC_580,409201990580,PUNB0021940,Student
BA_DEC_581,409201990581,PUNB0021940,Student
BA_DEC_582,409201990582,PUNB0021940,Student
BA_DEC_583,409201990583,PUNB0021940,Student
BA_DEC_584,409201990584,PUNB0021940,Student
BA_DEC_585,409201990585,PUNB0021940,Student
BA_DEC_586,409201990586,PUNB0021940,Student
BA_DEC_587,409201990587,PUNB0021940,Student
BA_DEC_588,409201990588,PUNB0021940,Student
BA_DEC_589,409201990589,PUNB0021940,Student
BA_DEC_590,409201990590,PUNB0021940,Student
BA_DEC_591,409201990591,PUNB0021940,Student
BA_DEC_592,409201990592,PUNB0021940,Student
BA_DEC_593,409201990593,PUNB0021940,Student
BA_DEC_594,409201990594,PUNB0021940,Student
BA_DEC_595,409201990595,PUNB0021940,Student
BA_DEC_596,409201990596,PUNB0021940,Student
BA_DEC_597,409201990597,PUNB0021940,Student
BA_DEC_598,409201990598,PUNB0021940,Student
BA_DEC_599,409201990599,PUNB0021940,Student
BA_DEC_600,409201990600,PUNB0021940,Student
BA_DEC_601,409201990601,PUNB0021940,Student
BA_DEC_602,409201990602,PUNB0021940,Student
BA_DEC_603,409201990603,PUNB0021940,Student
BA_DEC_604,409201990604,PUNB0021940,Student
BA_DEC_605,409201990605,PUNB0021940,Student
BA_DEC_606,409201990606,PUNB0021940,Student
BA_DEC_607,409201990607,PUNB0021940,Student
BA_DEC_608,409201990608,PUNB0021940,Student
BA_DEC_609,409201990609,PUNB0021940,Student
BA_DEC_610,409201990610,PUNB0021940,Student
BA_DEC_611,409201990611,PUNB0021940,Student
BA_DEC_612,409201990612,PUNB0021940,Student
BA_DEC_613,409201990613,PUNB0021940,Student
BA_DEC_614,409201990614,PUNB0021940,Student
BA_DEC_615,409201990615,PUNB0021940,Student
BA_DEC_616,409201990616,PUNB0021940,Student
BA_DEC_617,409201990617,PUNB0021940,Student
BA_DEC_618,409201990618,PUNB0021940,Student
BA_DEC_619,409201990619,PUNB0021940,Student
BA_DEC_620,409201990620,PUNB0021940,Student
BA_DEC_621,409201990621,PUNB0021940,Student
BA_DEC_622,409201990622,PUNB0021940,Student
BA_DEC_623,409201990623,PUNB0021940,Student
BA_DEC_624,409201990624,PUNB0021940,Student
BA_DEC_625,409201990625,PUNB0021940,Student
BA_DEC_626,409201990626,PUNB0021940,Student
BA_DEC_627,409201990627,PUNB0021940,Student
BA_DEC_628,409201990628,PUNB0021940,Student
BA_DEC_629,409201990629,PUNB0021940,Student
BA_DEC_630,409201990630,PUNB0021940,Student
BA_DEC_631,409201990631,PUNB0021940,Student
BA_DEC_632,409201990632,PUNB0021940,Student
BA_DEC_633,409201990633,PUNB0021940,Student
BA_DEC_634,409201990634,PUNB0021940,Student
BA_DEC_635,409201990635,PUNB0021940,Student
BA_DEC_636,409201990636,PUNB0021940,Student
BA_DEC_637,409201990637,PUNB0021940,Student
BA_DEC_638,409201990638,PUNB0021940,Student
BA_DEC_639,409201990639,PUNB0021940,Student
BA_DEC_640,409201990640,PUNB0021940,Student
BA_DEC_641,409201990641,PUNB0021940,Student
BA_DEC_642,409201990642,PUNB0021940,Student
BA_DEC_643,409201990643,PUNB0021940,Student
BA_DEC_644,409201990644,PUNB0021940,Student
BA_DEC_645,409201990645,PUNB0021940,Student
BA_DEC_646,409201990646,PUNB0021940,Student
BA_DEC_647,409201990647,PUNB0021940,Student
BA_DEC_648,409201990648,PUNB0021940,Student
BA_DEC_649,409201990649,PUNB0021940,Student
BA_DEC_650,409201990650,PUNB0021940,Student
BA_DEC_651,409201990651,PUNB0021940,Student
BA_DEC_652,409201990652,PUNB0021940,Student
BA_DEC_653,409201990653,PUNB0021940,Student
BA_DEC_654,409201990654,PUNB0021940,Student
BA_DEC_655,409201990655,PUNB0021940,Student
BA_DEC_656,409201990656,PUNB0021940,Student
BA_DEC_657,409201990657,PUNB0021940,Student
BA_DEC_658,409201990658,PUNB0021940,Student
BA_DEC_659,409201990659,PUNB0021940,Student
BA_DEC_660,409201990660,PUNB0021940,Student
BA_DEC_661,409201990661,PUNB0021940,Student
BA_DEC_662,409201990662,PUNB0021940,Student
BA_DEC_663,409201990663,PUNB0021940,Student
BA_DEC_664,409201990664,PUNB0021940,Student
BA_DEC_665,409201990665,PUNB0021940,Student
BA_DEC_666,409201990666,PUNB0021940,Student
BA_DEC_667,409201990667,PUNB0021940,Student
BA_DEC_668,409201990668,PUNB0021940,Student
BA_DEC_669,409201990669,PUNB0021940,Student
BA_DEC_670,409201990670,PUNB0021940,Student
BA_DEC_671,409201990671,PUNB0021940,Student
BA_DEC_672,409201990672,PUNB0021940,Student
BA_DEC_673,409201990673,PUNB0021940,Student
BA_DEC_674,409201990674,PUNB0021940,Student
BA_DEC_675,409201990675,PUNB0021940,Student
BA_DEC_676,409201990676,PUNB0021940,Student
BA_DEC_677,409201990677,PUNB0021940,Student
BA_DEC_678,409201990678,PUNB0021940,Student
BA_DEC_679,409201990679,PUNB0021940,Student
BA_DEC_680,409201990680,PUNB0021940,Student
BA_DEC_681,409201990681,PUNB0021940,Student
BA_DEC_682,409201990682,PUNB0021940,Student
BA_DEC_683,409201990683,PUNB0021940,Student
BA_DEC_684,409201990684,PUNB0021940,Student
BA_DEC_685,409201990685,PUNB0021940,Student
BA_DEC_686,409201990686,PUNB0021940,Student
BA_DEC_687,409201990687,PUNB0021940,Student
BA_DEC_688,409201990688,PUNB0021940,Student
BA_DEC_689,409201990689,PUNB0021940,Student
BA_DEC_690,409201990690,PUNB0021940,Student
BA_DEC_691,409201990691,PUNB0021940,Student
BA_DEC_692,409201990692,PUNB0021940,Student
BA_DEC_693,409201990693,PUNB0021940,Student
BA_DEC_694,409201990694,PUNB0021940,Student
BA_DEC_695,409201990695,PUNB0021940,Student
BA_DEC_696,409201990696,PUNB0021940,Student
BA_DEC_697,409201990697,PUNB0021940,Student
BA_DEC_698,409201990698,PUNB0021940,Student
BA_DEC_699,409201990699,PUNB0021940,Student
BA_DEC_700,409201990700,PUNB0021940,Student
BA_DEC_701,409201990701,PUNB0021940,Student
BA_DEC_702,409201990702,PUNB0021940,Student
BA_DEC_703,409201990703,PUNB0021940,Student
BA_DEC_704,409201990704,PUNB0021940,Student
BA_DEC_705,409201990705,PUNB0021940,Student
BA_DEC_706,409201990706,PUNB0021940,Student
BA_DEC_707,409201990707,PUNB0021940,Student
BA_DEC_708,409201990708,PUNB0021940,Student
BA_DEC_709,409201990709,PUNB0021940,Student
BA_DEC_710,409201990710,PUNB0021940,Student
BA_DEC_711,409201990711,PUNB0021940,Student
BA_DEC_712,409201990712,PUNB0021940,Student
BA_DEC_713,409201990713,PUNB0021940,Student
BA_DEC_714,409201990714,PUNB0021940,Student
BA_DEC_715,409201990715,PUNB0021940,Student
BA_DEC_716,409201990716,PUNB0021940,Student
BA_DEC_717,409201990717,PUNB0021940,Student
BA_DEC_718,409201990718,PUNB0021940,Student
BA_DEC_719,409201990719,PUNB0021940,Student
BA_DEC_720,409201990720,PUNB0021940,Student
BA_DEC_721,409201990721,PUNB0021940,Student
BA_DEC_722,409201990722,PUNB0021940,Student
BA_DEC_723,409201990723,PUNB0021940,Student
BA_DEC_724,409201990724,PUNB0021940,Student
BA_DEC_725,409201990725,PUNB0021940,Student
BA_DEC_726,409201990726,PUNB0021940,Student
BA_DEC_727,409201990727,PUNB0021940,Student
BA_DEC_728,409201990728,PUNB0021940,Student
BA_DEC_729,409201990729,PUNB0021940,Student
BA_DEC_730,409201990730,PUNB0021940,Student
BA_DEC_731,409201990731,PUNB0021940,Student
BA_DEC_732,409201990732,PUNB0021940,Student
BA_DEC_733,409201990733,PUNB0021940,Student
BA_DEC_734,409201990734,PUNB0021940,Student
BA_DEC_735,409201990735,PUNB0021940,Student
BA_DEC_736,409201990736,PUNB0021940,Student
BA_DEC_737,409201990737,PUNB0021940,Student
BA_DEC_738,409201990738,PUNB0021940,Student
BA_DEC_739,409201990739,PUNB0021940,Student
BA_DEC_740,409201990740,PUNB0021940,Student
BA_DEC_741,409201990741,PUNB0021940,Student
BA_DEC_742,409201990742,PUNB0021940,Student
BA_DEC_743,409201990743,PUNB0021940,Student
BA_DEC_744,409201990744,PUNB0021940,Student
BA_DEC_745,409201990745,PUNB0021940,Student
BA_DEC_746,409201990746,PUNB0021940,Student
BA_DEC_747,409201990747,PUNB0021940,Student
BA_DEC_748,409201990748,PUNB0021940,Student
BA_DEC_749,409201990749,PUNB0021940,Student
BA_DEC_750,409201990750,PUNB0021940,Student
BA_DEC_751,409201990751,PUNB0021940,Student
BA_DEC_752,409201990752,PUNB0021940,Student
BA_DEC_753,409201990753,PUNB0021940,Student
BA_DEC_754,409201990754,PUNB0021940,Student
BA_DEC_755,409201990755,PUNB0021940,Student
BA_DEC_756,409201990756,PUNB0021940,Student
BA_DEC_757,409201990757,PUNB0021940,Student
BA_DEC_758,409201990758,PUNB0021940,Student
BA_DEC_759,409201990759,PUNB0021940,Student
BA_DEC_760,409201990760,PUNB0021940,Student
BA_DEC_761,409201990761,PUNB0021940,Student
BA_DEC_762,409201990762,PUNB0021940,Student
BA_DEC_763,409201990763,PUNB0021940,Student
BA_DEC_764,409201990764,PUNB0021940,Student
BA_DEC_765,409201990765,PUNB0021940,Student
BA_DEC_766,409201990766,PUNB0021940,Student
BA_DEC_767,409201990767,PUNB0021940,Student
BA_DEC_768,409201990768,PUNB0021940,Student
BA_DEC_769,409201990769,PUNB0021940,Student
BA_DEC_770,409201990770,PUNB0021940,Student
BA_DEC_771,409201990771,PUNB0021940,Student
BA_DEC_772,409201990772,PUNB0021940,Student
BA_DEC_773,409201990773,PUNB0021940,Student
BA_DEC_774,409201990774,PUNB0021940,Student
BA_DEC_775,409201990775,PUNB0021940,Student
BA_DEC_776,409201990776,PUNB0021940,Student
BA_DEC_777,409201990777,PUNB0021940,Student
BA_DEC_778,409201990778,PUNB0021940,Student
BA_DEC_779,409201990779,PUNB0021940,Student
BA_DEC_780,409201990780,PUNB0021940,Student
BA_DEC_781,409201990781,PUNB0021940,Student
BA_DEC_782,409201990782,PUNB0021940,Student
BA_DEC_783,409201990783,PUNB0021940,Student
BA_DEC_784,409201990784,PUNB0021940,Student
BA_DEC_785,409201990785,PUNB0021940,Student
BA_DEC_786,409201990786,PUNB0021940,Student
BA_DEC_787,409201990787,PUNB0021940,Student
BA_DEC_788,409201990788,PUNB0021940,Student
BA_DEC_789,409201990789,PUNB0021940,Student
BA_DEC_790,409201990790,PUNB0021940,Student
BA_DEC_791,409201990791,PUNB0021940,Student
BA_DEC_792,409201990792,PUNB0021940,Student
BA_DEC_793,409201990793,PUNB0021940,Student
BA_DEC_794,409201990794,PUNB0021940,Student
BA_DEC_795,409201990795,PUNB0021940,Student
BA_DEC_796,409201990796,PUNB0021940,Student
BA_DEC_797,409201990797,PUNB0021940,Student
BA_DEC_798,409201990798,PUNB0021940,Student
BA_DEC_799,409201990799,PUNB0021940,Student
BA_DEC_800,409201990800,PUNB0021940,Student
BA_DEC_801,409201990801,PUNB0021940,Student
BA_DEC_802,409201990802,PUNB0021940,Student
BA_DEC_803,409201990803,PUNB0021940,Student
BA_DEC_804,409201990804,PUNB0021940,Student
BA_DEC_805,409201990805,PUNB0021940,Student
BA_DEC_806,409201990806,PUNB0021940,Student
BA_DEC_807,409201990807,PUNB0021940,Student
BA_DEC_808,409201990808,PUNB0021940,Student
BA_DEC_809,409201990809,PUNB0021940,Student
BA_DEC_810,409201990810,PUNB0021940,Student
BA_DEC_811,409201990811,PUNB0021940,Student
BA_DEC_812,409201990812,PUNB0021940,Student
BA_DEC_813,409201990813,PUNB0021940,Student
BA_DEC_814,409201990814,PUNB0021940,Student
BA_DEC_815,409201990815,PUNB0021940,Student
BA_DEC_816,409201990816,PUNB0021940,Student
BA_DEC_817,409201990817,PUNB0021940,Student
BA_DEC_818,409201990818,PUNB0021940,Student
BA_DEC_819,409201990819,PUNB0021940,Student
BA_DEC_820,409201990820,PUNB0021940,Student
BA001832,3089041000539122,SBIN0010482,Vihaan Shan
BA001833,3089041000840058,SBIN0010482,Aishani Shetty
BA001834,3089041000471496,SBIN0010482,Harish Ghosh
BA001835,3089041000839142,SBIN0010482,Bina Parsa
BA001836,3089041000669576,SBIN0010482,Pooja D’Alia
BA001837,3089041000463188,SBIN0010482,Chakradev Andra
BA001838,3089041000745584,SBIN0010482,Onkar Narasimhan
BA001839,3089041000533377,SBIN0010482,Raksha Loyal
BA001840,3089041000401198,SBIN0010482,Kashish Oommen
BA001841,3089041000283568,SBIN0010482,Ishaan Rattan
BA001842,3089041000695551,SBIN0010482,Tanmayi Magar
BA001843,3089041000590755,SBIN0010482,Vanya Sama
BA001844,3089041000894068,SBIN0010482,Isaiah Deo
BA001845,3089041000801765,SBIN0010482,Nathaniel Chawla
BA001846,3089041000416613,SBIN0010482,Vasudha Sarma
BA001847,3089041000267475,SBIN0010482,Ladli Parmer
BA001848,3089041000240057,SBIN0010482,Kalpit Subramanian
BA001849,3089041000894139,SBIN0010482,Isaiah Sabharwal
BA001850,3089041000164758,SBIN0010482,Chakradhar Bhatnagar
BA001851,3089041000851742,SBIN0010482,Dipta Arora
BA001852,3089041000946112,SBIN0010482,Hamsini Venkataraman
BA001853,3089041000461264,SBIN0010482,Rachita Kothari
BA001854,3089041000777255,SBIN0010482,Hiral Rajan
BA001855,3089041000239449,SBIN0010482,Chatura Apte
BA001856,3089041000585494,SBIN0010482,Yashasvi Singh
BA001857,3089041000860242,SBIN0010482,Noah Borde
BA001858,3089041000837449,SBIN0010482,Ekani Khosla
BA001859,3089041000246942,SBIN0010482,Arunima Bedi
BA001860,3089041000533649,SBIN0010482,Kritika Rau
BA001861,3089041000774565,SBIN0010482,Farhan Sharaf
BA001862,3089041000415344,SBIN0010482,Sara Chakrabarti
BA001863,3089041000313214,SBIN0010482,Sanya Mutti
BA001864,3089041000734356,SBIN0010482,Widisha Badami
BA001865,3089041000417915,SBIN0010482,Netra Sachar
BA001866,3089041000437237,SBIN0010482,Aadi Chand
BA001867,3089041000588640,SBIN0010482,Yashoda Jhaveri
BA001868,3089041000117007,SBIN0010482,Harita Patla
BA001869,3089041000498290,SBIN0010482,Udant Sha
BA001870,3089041000469283,SBIN0010482,Urvashi Patla
BA001871,3089041000135466,SBIN0010482,Ishaan Chatterjee
BA001872,3089041000630299,SBIN0010482,Aarnav Om
BA001873,3089041000655134,SBIN0010482,Bishakha  Vig
BA001874,3089041000652029,SBIN0010482,Hitesh Bath
BA001875,3089041000355021,SBIN0010482,Waida Dey
BA001876,3089041000109909,SBIN0010482,Hredhaan Kumar
BA001877,3089041000340927,SBIN0010482,Raghav Dara
BA001878,3089041000991737,SBIN0010482,Tanveer Shankar
BA001879,3089041000694223,SBIN0010482,Hamsini Chokshi
BA001880,3089041000179710,SBIN0010482,Chakradhar Dasgupta
BA001881,3089041000614435,SBIN0010482,Tanvi Thaman
BA001882,3089041000186023,SBIN0010482,Wishi Agrawal
BA001883,3089041000105447,SBIN0010482,Rachita Subramanian
BA001884,3089041000208310,SBIN0010482,Oscar Dave
BA001885,3089041000860053,SBIN0010482,LILA NAGY
BA001886,3089041000389366,SBIN0010482,Omya Kothari
BA001887,3089041000722651,SBIN0010482,Mitali Oza
BA001888,3089041000450996,SBIN0010482,Sneha Deol
BA001889,3089041000434640,SBIN0010482,Nitara Vala
BA001890,3089041000309505,SBIN0010482,Dipta Kalla
BA001891,3089041000958747,SBIN0010482,Shaurya Mannan
BA001892,3089041000726979,SBIN0010482,Kevin Gokhale
BA001893,3089041000722665,SBIN0010482,Jack Pandey
BA001894,3089041000519029,SBIN0010482,Omisha Walla
BA001895,3089041000708717,SBIN0010482,Pahal Arya
BA001896,3089041000190025,SBIN0010482,Aryan Raj
BA001897,3089041000465219,SBIN0010482,Chatresh Bhalla
BA001898,3089041000214675,SBIN0010482,Amara Dyal
BA001899,3089041000343118,SBIN0010482,Zashil Dhingra
BA001900,3089041000838968,SBIN0010482,Chakrika  Jani
BA001901,3089041000483561,SBIN0010482,Jagrati Sethi
BA001902,3089041000219781,SBIN0010482,Udarsh Ramachandran
BA001903,3089041000350161,SBIN0010482,Yasti Mani
BA001904,3089041000766371,SBIN0010482,Lakshmi Ram
BA001905,3089041000156215,SBIN0010482,Dhriti Bhagat
BA001906,3089041000612438,SBIN0010482,Zayan Jain
BA001907,3089041000402692,SBIN0010482,Umang Pillai
BA001908,3089041000484682,SBIN0010482,Rishi Menon
BA001909,3089041000412170,SBIN0010482,Peter Borde
BA001910,3089041000467663,SBIN0010482,Oscar Varkey
BA001911,3089041000725850,SBIN0010482,Krishna Baria
BA001912,3089041000531589,SBIN0010482,Arya Lalla
BA001913,3089041000898462,SBIN0010482,Naveen Kumer
BA001914,3089041000828449,SBIN0010482,Ganga Shukla
BA001915,3089041000991401,SBIN0010482,Balveer Dube
BA001916,3089041000693643,SBIN0010482,Charan Mitra
BA001917,3089041000117072,SBIN0010482,Ishita Bora
BA001918,3089041000387330,SBIN0010482,Thomas Gour
BA001919,3089041000861253,SBIN0010482,Yashasvi Dutta
BA001920,3089041000566686,SBIN0010482,Netra Chanda
BA001921,3089041000193670,SBIN0010482,Timothy Kala
BA001922,3089041000171734,SBIN0010482,Garima Patel
BA001923,3089041000746002,SBIN0010482,Tejas Wali
BA001924,3089041000775933,SBIN0010482,Aditya Contractor
BA001925,3089041000315425,SBIN0010482,Sanaya Khosla
BA001926,3089041000653948,SBIN0010482,Balveer Nagi
BA001927,3089041000899776,SBIN0010482,Ishaan Raju
BA001928,3089041000400404,SBIN0010482,Barkha Bakshi
BA001929,3089041000424960,SBIN0010482,Yoshita Trivedi
BA001930,3089041000987586,SBIN0010482,Vidhi Bassi
BA001931,3089041000798435,SBIN0010482,Reyansh Nagi
BA001932,3089041000371840,SBIN0010482,Gopal Ganesh
BA001933,3089041000946313,SBIN0010482,Dominic Kade
BA001934,3089041000274987,SBIN0010482,Panini Chawla
BA001935,3089041000146177,SBIN0010482,Radhika Bora
BA001936,3089041000876644,SBIN0010482,Arjun Sharaf
BA001937,3089041000225200,SBIN0010482,Baljiwan Chahal
BA001938,3089041000190581,SBIN0010482,Chatura Gokhale
BA001939,3089041000486162,SBIN0010482,Ekavir Kari
BA001940,3089041000110060,SBIN0010482,NIKITA RAMA
BA001941,3089041000615929,SBIN0010482,Nidhi Sant
BA001942,3089041000884229,SBIN0010482,Anay Ramachandran
BA001943,3089041000794622,SBIN0010482,Abeer Bhatnagar
BA001944,3089041000917823,SBIN0010482,Elijah Parmar
BA001945,3089041000907756,SBIN0010482,Bimala Mitra
BA001946,3089041000142288,SBIN0010482,Baghyawati Sarma
BA001947,3089041000372804,SBIN0010482,Megha Balasubramanian
BA001948,3089041000918895,SBIN0010482,Naksh Walla
BA001949,3089041000122859,SBIN0010482,Laban Raman
BA001950,3089041000961599,SBIN0010482,Maanas Misra
BA001951,3089041000393448,SBIN0010482,Advay Dhaliwal
BA001952,3089041000501620,SBIN0010482,Benjamin Ahluwalia
BA001953,3089041000933456,SBIN0010482,Frederick Mody
BA001954,3089041000127329,SBIN0010482,Hemangini Kakar
BA001955,3089041000474795,SBIN0010482,Yauvani Dhar
BA001956,3089041000703656,SBIN0010482,Qarin Kant
BA001957,3089041000720298,SBIN0010482,Rishi Contractor
BA001958,3089041000139807,SBIN0010482,Chatura Shenoy
BA001959,3089041000311250,SBIN0010482,Bina Bhavsar
BA001960,3089041000482614,SBIN0010482,Guneet  Hora
BA001961,3089041000265154,SBIN0010482,Ganga Parikh
BA001962,3089041000408823,SBIN0010482,Wahab Chaudhry
BA001963,3089041000133955,SBIN0010482,Ekaraj Hari
BA001964,3089041000435039,SBIN0010482,Vedika Seshadri
BA001965,3089041000467506,SBIN0010482,DAMINI DUA
BA001966,3089041000672547,SBIN0010482,Diya Sangha
BA001967,3089041000409234,SBIN0010482,Aayush Munshi
BA001968,3089041000197627,SBIN0010482,Timothy Sarin
BA001969,3089041000156157,SBIN0010482,Jagvi Desai
BA001970,3089041000699544,SBIN0010482,Varsha Shere
BA001971,3089041000603660,SBIN0010482,Jagrati Mody
BA001972,3089041000793150,SBIN0010482,Ikbal Gill
BA001973,3089041000567429,SBIN0010482,Avni Dey
BA001974,3089041000667750,SBIN0010482,Adya Bose
BA001975,3089041000700534,SBIN0010482,Anirudh Tripathi
BA001976,3089041000226124,SBIN0010482,Nidhi Kala
BA001977,3089041000311727,SBIN0010482,Abha Zacharia
BA001978,3089041000580412,SBIN0010482,Manthan Pau
BA001979,3089041000716493,SBIN0010482,Udant Mannan
BA001980,3089041000699809,SBIN0010482,Ucchal Thaker
BA001981,3089041000824056,SBIN0010482,Mekhala Patla
BA001982,3089041000999924,SBIN0010482,William Gandhi
BA001983,3089041000776913,SBIN0010482,Sanaya Dutta
BA001984,3089041000266694,SBIN0010482,Madhav Sule
BA001985,3089041000302127,SBIN0010482,Banjeet Kanda
BA001986,3089041000766275,SBIN0010482,Vincent Bhatnagar
BA001987,3089041000715388,SBIN0010482,Kala Kaur
BA001988,3089041000332103,SBIN0010482,SAMUEL VASA
BA001989,3089041000597126,SBIN0010482,Lipika  Singh
BA001990,3089041000465648,SBIN0010482,Chakradhar Baral
BA001991,3089041000794530,SBIN0010482,Harshil Verma
BA001992,3089041000440930,SBIN0010482,Adya Ghosh
BA001993,3089041000944554,SBIN0010482,Kritika Pau
BA001994,3089041000711344,SBIN0010482,Zansi Krishnamurthy
BA001995,3089041000631958,SBIN0010482,Udant Varty
BA001996,3089041000291961,SBIN0010482,Ira Pai
BA001997,3089041000489737,SBIN0010482,Vasatika Ahuja
BA001998,3089041000595158,SBIN0010482,Ria Gandhi
BA001999,3089041000244037,SBIN0010482,Faraj Varkey
BA002000,3089041000285413,SBIN0010482,Siddharth Doctor
BA002001,3089041000901619,SBIN0010482,Nakul Pathak
BA002002,3089041000866151,SBIN0010482,Victor Sachdeva
BA002003,3089041000337256,SBIN0010482,Ishaan Subramaniam
BA002004,3089041000863187,SBIN0010482,Varenya Kade
BA002005,3089041000120053,SBIN0010482,Nirja Bains
BA002006,3089041000908713,SBIN0010482,Caleb Datta
BA002007,3089041000498724,SBIN0010482,Krish Vala
BA002008,3089041000794663,SBIN0010482,Manan Bhalla
BA002009,3089041000396439,SBIN0010482,Aarna Gole
BA002010,3089041000620465,SBIN0010482,Anirudh Mander
BA002011,3089041000975804,SBIN0010482,Tarak Sen
BA002012,3089041000376955,SBIN0010482,Vasatika Garde
BA002013,3089041000546688,SBIN0010482,Nirja Dhar
BA002014,3089041000868677,SBIN0010482,Yasti Lalla
BA002015,3089041000823415,SBIN0010482,Hema Setty
BA002016,3089041000606121,SBIN0010482,Victor Radhakrishnan
BA002017,3089041000531262,SBIN0010482,Kevin Chopra
BA002018,3089041000454733,SBIN0010482,Samaksh Virk
BA002019,3089041000255875,SBIN0010482,Mason Char
BA002020,3089041000391668,SBIN0010482,Vamakshi Barad
BA002021,3089041000565765,SBIN0010482,Girik Subramaniam
BA002022,3089041000675771,SBIN0010482,Aarav Sankar
BA002023,3089041000480992,SBIN0010482,Kamala Bassi
BA002024,3089041000457938,SBIN0010482,Veer Subramaniam
BA002025,3089041000247271,SBIN0010482,Inaya Chaudhari
BA002026,3089041000851606,SBIN0010482,Krish Kumar
BA002027,3089041000790441,SBIN0010482,Viraj Chacko
BA002028,3089041000825423,SBIN0010482,Nilima Kurian
BA002029,3089041000826155,SBIN0010482,Abdul Amble
BA002030,3089041000637179,SBIN0010482,Zinal Amble
BA002031,3089041000819964,SBIN0010482,Samesh Mutti
BA002032,3089041000689593,SBIN0010482,Janaki Chhabra
BA002033,3089041000947568,SBIN0010482,Pooja Kulkarni
BA002034,3089041000400538,SBIN0010482,Pallavi Pau
BA002035,3089041000953568,SBIN0010482,Mekhala Jani
BA002036,3089041000937625,SBIN0010482,Vasudha Gola
BA002037,3089041000678944,SBIN0010482,Veda Kulkarni
BA002038,3089041000732697,SBIN0010482,Hemangini Rao
BA002039,3089041000225151,SBIN0010482,Jagat Karpe
BA002040,3089041000262325,SBIN0010482,Neel Chaudhry
BA002041,3089041000176421,SBIN0010482,Yashoda Rattan
BA002042,3089041000323717,SBIN0010482,Charles Dyal
BA002043,3089041000220294,SBIN0010482,Abdul Chand
BA002044,3089041000396567,SBIN0010482,Urishilla Saran
BA002045,3089041000435872,SBIN0010482,Devansh Lall
BA002046,3089041000208975,SBIN0010482,Kamala Buch
BA002047,3089041000176806,SBIN0010482,Leena  Rattan
BA002048,3089041000431773,SBIN0010482,Dakshesh Gill
BA002049,3089041000834928,SBIN0010482,Reva Anne
BA002050,3089041000132316,SBIN0010482,Zarna Mangal
BA002051,3089041000412534,SBIN0010482,Bahadurjit Uppal
BA002052,3089041000189261,SBIN0010482,Omkaar Banik
BA002053,3089041000249375,SBIN0010482,William Acharya
BA002054,3089041000675512,SBIN0010482,Gabriel Majumdar
BA002055,3089041000610856,SBIN0010482,Ira Rana
BA002056,3089041000746281,SBIN0010482,Sai Vasa
BA002057,3089041000105066,SBIN0010482,Ekapad Chana
BA002058,3089041000476167,SBIN0010482,Ijaya Palan
BA002059,3089041000305973,SBIN0010482,Upkaar Hayer
BA002060,3089041000906564,SBIN0010482,Netra Agrawal
BA002061,3089041000511564,SBIN0010482,Parth Ray
BA002062,3089041000350484,SBIN0010482,Elijah Thakur
BA002063,3089041000142383,SBIN0010482,Harini Dada
BA002064,3089041000592489,SBIN0010482,Zashil Savant
BA002065,3089041000706739,SBIN0010482,Veda Kohli
BA002066,3089041000461792,SBIN0010482,Tara Sharma
BA002067,3089041000774734,SBIN0010482,Vasatika Dada
BA002068,3089041000602073,SBIN0010482,Ekansh Raja
BA002069,3089041000721121,SBIN0010482,Victor Mutti
BA002070,3089041000690982,SBIN0010482,Ira Varty
BA002071,3089041000278852,SBIN0010482,Adya Kothari
BA002072,3089041000172187,SBIN0010482,Girik Rastogi
BA002073,3089041000817611,SBIN0010482,Faqid Gokhale
BA002074,3089041000791423,SBIN0010482,Dipta Pandya
BA002075,3089041000831531,SBIN0010482,Amruta Goswami
BA002076,3089041000187889,SBIN0010482,Wishi Iyengar
BA002077,3089041000706063,SBIN0010482,Wyatt Lanka
BA002078,3089041000996508,SBIN0010482,Veer Jain
BA002079,3089041000605904,SBIN0010482,Ishani Dugal
BA002080,3089041000791308,SBIN0010482,Jagdish Brar
BA002081,3089041000939756,SBIN0010482,Abeer Basak
BA002082,3089041000488848,SBIN0010482,Kamya Murty
BA002083,3089041000911187,SBIN0010482,Anvi Swaminathan
BA002084,3089041000745073,SBIN0010482,Yasti Mammen
BA002085,3089041000470281,SBIN0010482,Tristan Dave
BA002086,3089041000711248,SBIN0010482,Pallavi Sridhar
BA002087,3089041000373791,SBIN0010482,Yadavi Palan
BA002088,3089041000952646,SBIN0010482,Owen Shankar
BA002089,3089041000814703,SBIN0010482,Zarna Sharma
BA002090,3089041000431067,SBIN0010482,Abhiram Arora
BA002091,3089041000179721,SBIN0010482,Ladli Chaudhuri
BA002092,3089041000871153,SBIN0010482,Janaki Lad
BA002093,3089041000182300,SBIN0010482,Adya Khalsa
BA002094,3089041000702427,SBIN0010482,Urishilla Oza
BA002095,3089041000156778,SBIN0010482,Qarin Tara
BA002096,3089041000643377,SBIN0010482,Shivansh Saini
BA002097,3089041000742544,SBIN0010482,Janya Rattan
BA002098,3089041000539450,SBIN0010482,Shravya Gole
BA002099,3089041000953740,SBIN0010482,Veer Chaudhry
BA002100,3089041000595962,SBIN0010482,Warinder Sankaran
BA002101,3089041000414608,SBIN0010482,Rohan Dhingra
BA002102,3089041000571706,SBIN0010482,Urvashi Andra
BA002103,3089041000468145,SBIN0010482,Oviya Tata
BA002104,3089041000182216,SBIN0010482,Zansi Walla
BA002105,3089041000542306,SBIN0010482,Vidhi Mital
BA002106,3089041000566509,SBIN0010482,Champak Rao
BA002107,3089041000863124,SBIN0010482,Nihal Bhasin
BA002108,3089041000675074,SBIN0010482,Aachal Soni
BA002109,3089041000424398,SBIN0010482,Shivani Natt
BA002110,3089041000440998,SBIN0010482,Jalsa Parsa
BA002111,3089041000285636,SBIN0010482,Hemangini Bahri
BA002112,3089041000665883,SBIN0010482,Jairaj Panchal
BA002113,3089041000648736,SBIN0010482,Owen Mane
BA002114,3089041000407151,SBIN0010482,Ekta Uppal
BA002115,3089041000968668,SBIN0010482,Sanya Brar
BA002116,3089041000398505,SBIN0010482,Bhavini Sheth
BA002117,3089041000747736,SBIN0010482,Oliver Nazareth
BA002118,3089041000382271,SBIN0010482,NIDHI BORA
BA002119,3089041000458521,SBIN0010482,Neel Oza
BA002120,3089041000174852,SBIN0010482,Dipta Nadig
BA002121,3089041000503489,SBIN0010482,Amara Rana
BA002122,3089041000438756,SBIN0010482,Sai Patil
BA002123,3089041000308376,SBIN0010482,Odika Ganesh
BA002124,3089041000354897,SBIN0010482,Arin Dass
BA002125,3089041000265358,SBIN0010482,Zayan Buch
BA002126,3089041000343977,SBIN0010482,Ojas Ranganathan
BA002127,3089041000362874,SBIN0010482,GIRISH BHATT
BA002128,3089041000867979,SBIN0010482,Chatura Bal
BA002129,3089041000959222,SBIN0010482,Fiyaz Chawla
BA002130,3089041000750324,SBIN0010482,Nachiket Chad
BA002131,3089041000261618,SBIN0010482,Dayamai Karnik
BA002132,3089041000132792,SBIN0010482,Bhanumati Savant
BA002133,3089041000835381,SBIN0010482,Karan Vyas
BA002134,3089041000590795,SBIN0010482,Ayush Banerjee
BA002135,3089041000142627,SBIN0010482,Eshana Soni
BA002136,3089041000788784,SBIN0010482,Anita Saxena
BA002137,3089041000475351,SBIN0010482,Peter Shan
BA002138,3089041000659835,SBIN0010482,Dayita Palan
BA002139,3089041000737967,SBIN0010482,Utkarsh Chakraborty
BA002140,3089041000136346,SBIN0010482,Darika Pau
BA002141,3089041000997287,SBIN0010482,Abha Dugal
BA002142,3089041000472932,SBIN0010482,Advaith Acharya
BA002143,3089041000196369,SBIN0010482,Hemangini Mangat
BA002144,3089041000773452,SBIN0010482,Abhiram Swamy
BA002145,3089041000464831,SBIN0010482,Chandani Andra
BA002146,3089041000434827,SBIN0010482,Brinda Kashyap
BA002147,3089041000889410,SBIN0010482,Kashvi Gulati
BA002148,3089041000518582,SBIN0010482,Rajeshri Rana
BA002149,3089041000514521,SBIN0010482,Nihal Ramakrishnan
BA002150,3089041000193946,SBIN0010482,Thomas Lall
BA002151,3089041000907069,SBIN0010482,Pahal Khatri
BA002152,3089041000894541,SBIN0010482,Bhavani Wali
BA002153,3089041000571923,SBIN0010482,Nitara  Guha
BA002154,3089041000248213,SBIN0010482,Qabil Deshpande
BA002155,3089041000927524,SBIN0010482,Indrajit Shah
BA002156,3089041000780956,SBIN0010482,Anita Swamy
BA002157,3089041000192296,SBIN0010482,Ekani Bahl
BA002158,3089041000264631,SBIN0010482,Chandran Warrior
BA002159,3089041000951331,SBIN0010482,Quincy Chaudry
BA002160,3089041000500773,SBIN0010482,Amruta Dass
BA002161,3089041000668573,SBIN0010482,Abhiram Kaul
BA002162,3089041000907455,SBIN0010482,Matthew Aurora
BA002163,3089041000433025,SBIN0010482,Teerth Oommen
BA002164,3089041000237935,SBIN0010482,Devika Tara
BA002165,3089041000476712,SBIN0010482,Ubika Balay
BA002166,3089041000337264,SBIN0010482,Faris Dhingra
BA002167,3089041000560623,SBIN0010482,Amaira Ramanathan
BA002168,3089041000428096,SBIN0010482,Upma Golla
BA002169,3089041000645940,SBIN0010482,Zashil Raj
BA002170,3089041000761282,SBIN0010482,Jairaj Kothari
BA002171,3089041000742917,SBIN0010482,Saanvi Kota
BA002172,3089041000829928,SBIN0010482,Rushil Sharma
BA002173,3089041000576769,SBIN0010482,Sathvik Solanki
BA002174,3089041000841635,SBIN0010482,Devika Naidu
BA002175,3089041000692960,SBIN0010482,Brijesh Verma
BA002176,3089041000237962,SBIN0010482,Zehaan Srivastava
BA002177,3089041000946677,SBIN0010482,Rushil Patel
BA002178,3089041000673929,SBIN0010482,Tejas Chowdhury
BA002179,3089041000138504,SBIN0010482,Radha Nair
BA002180,3089041000804737,SBIN0010482,Oliver Majumdar
BA002181,3089041000438503,SBIN0010482,Meghana Kibe
BA002182,3089041000652654,SBIN0010482,Brijesh Soman
BA002183,3089041000191928,SBIN0010482,Kamya Chakraborty
BA002184,3089041000471042,SBIN0010482,Nakul Tata
BA002185,3089041000344026,SBIN0010482,Hamsini Bhasin
BA002186,3089041000450006,SBIN0010482,Ishani Dube
BA002187,3089041000414870,SBIN0010482,Jeremiah Sura
BA002188,3089041000974329,SBIN0010482,Edhitha Palan
BA002189,3089041000451387,SBIN0010482,Reyansh Bail
BA002190,3089041000705445,SBIN0010482,Ishita Desai
BA002191,3089041000983326,SBIN0010482,Balveer Sundaram
BA002192,3089041000349185,SBIN0010482,Chaitaly Suri
BA002193,3089041000915572,SBIN0010482,Rachit Pall
BA002194,3089041000913205,SBIN0010482,Upadhriti Maharaj
BA002195,3089041000848344,SBIN0010482,Ekapad Wali
BA002196,3089041000427659,SBIN0010482,Shivani Merchant
BA002197,3089041000434652,SBIN0010482,Jeevika Setty
BA002198,3089041000467335,SBIN0010482,Yashawini Raghavan
BA002199,3089041000455193,SBIN0010482,Anirudh Patla
BA002200,3089041000721549,SBIN0010482,Ekani Bhatnagar
BA002201,3089041000695370,SBIN0010482,Ranveer Viswanathan
BA002202,3089041000250703,SBIN0010482,Mitesh Mandal
BA002203,3089041000598424,SBIN0010482,Nimrat Nagy
BA002204,3089041000935461,SBIN0010482,Gopal Virk
BA002205,3089041000350164,SBIN0010482,Caleb Dayal
BA002206,3089041000694764,SBIN0010482,Azad Jaggi
BA002207,3089041000441183,SBIN0010482,Vedika Handa
BA002208,3089041000164468,SBIN0010482,Azad Rama
BA002209,3089041000405663,SBIN0010482,Aahana Bawa
BA002210,3089041000852658,SBIN0010482,Timothy Bobal
BA002211,3089041000165442,SBIN0010482,Sathvik Swamy
BA002212,3089041000513420,SBIN0010482,Upadhriti Bhat
BA002213,3089041000245824,SBIN0010482,Ojasvi Pillay
BA002214,3089041000116470,SBIN0010482,Amaira Wadhwa
BA002215,3089041000578180,SBIN0010482,Ekavir Modi
BA002216,3089041000622355,SBIN0010482,Tarak Venkataraman
BA002217,3089041000606743,SBIN0010482,Harrison Kashyap
BA002218,3089041000739705,SBIN0010482,Ranveer Hans
BA002219,3089041000155337,SBIN0010482,Praneel Sagar
BA002220,3089041000408929,SBIN0010482,Ishita Shanker
BA002221,3089041000277292,SBIN0010482,Hemang Ganesan
BA002222,3089041000364294,SBIN0010482,Neelima Thaman
BA002223,3089041000720515,SBIN0010482,Nakul Walla
BA002224,3089041000188501,SBIN0010482,Indira Murty
BA002225,3089041000321099,SBIN0010482,Kamya Sachar
BA002226,3089041000658388,SBIN0010482,Ekiya Khosla
BA002227,3089041000112439,SBIN0010482,Keya Kumar
BA002228,3089041000783740,SBIN0010482,Sneha Sem
BA002229,3089041000910707,SBIN0010482,Aadi Banerjee
BA002230,3089041000108887,SBIN0010482,Amol Vasa
BA002231,3089041000364132,SBIN0010482,Chasmum Ahuja
BA002232,3089041000998043,SBIN0010482,Tristan Kala
BA002233,3089041000769809,SBIN0010482,Anthony Majumdar
BA002234,3089041000162976,SBIN0010482,Girindra Barad
BA002235,3089041000213697,SBIN0010482,Ishani Dugal
BA002236,3089041000362769,SBIN0010482,Alka Peri
BA002237,3089041000510339,SBIN0010482,Viraj Kunda
BA002238,3089041000822742,SBIN0010482,George Ratta
BA002239,3089041000483102,SBIN0010482,Faras Nair
BA002240,3089041000211954,SBIN0010482,Oscar Sura
BA002241,3089041000350069,SBIN0010482,Charita Barad
BA002242,3089041000455766,SBIN0010482,Farhan Bhalla
BA002243,3089041000580636,SBIN0010482,Ijaya Saraf
BA002244,3089041000148026,SBIN0010482,Jai Karan
BA002245,3089041000578344,SBIN0010482,Lavanya Bhagat
BA002246,3089041000453729,SBIN0010482,Benjamin Nagar
BA002247,3089041000901351,SBIN0010482,Eta Thakkar
BA002248,3089041000559969,SBIN0010482,Michael Bedi
BA002249,3089041000288128,SBIN0010482,SANAYA THAMAN
BA002250,3089041000532046,SBIN0010482,Tristan Sankaran
BA002251,3089041000464750,SBIN0010482,Meera Divan
BA002252,3089041000632195,SBIN0010482,Gayathri Butala
BA002253,3089041000818530,SBIN0010482,Chandran Rastogi
BA002254,3089041000944264,SBIN0010482,Frederick Rastogi
BA002255,3089041000639915,SBIN0010482,Kalpit Deshmukh
BA002256,3089041000338846,SBIN0010482,Rudra Sura
BA002257,3089041000713513,SBIN0010482,Rohan Viswanathan
BA002258,3089041000382795,SBIN0010482,Xavier Bora
BA002259,3089041000580854,SBIN0010482,Qushi Naik
BA002260,3089041000612977,SBIN0010482,Isaiah Sachdev
BA002261,3089041000359870,SBIN0010482,Jasmit Pall
BA002262,3089041000628709,SBIN0010482,Ekani Padmanabhan
BA002263,3089041000889660,SBIN0010482,Dalaja Gara
BA002264,3089041000269662,SBIN0010482,Riya Dhingra
BA002265,3089041000293929,SBIN0010482,Chaitanya Kaur
BA002266,3089041000889460,SBIN0010482,Kashvi Dugal
BA002267,3089041000639740,SBIN0010482,Isaiah Bhagat
BA002268,3089041000911152,SBIN0010482,Manbir Mani
BA002269,3089041000836984,SBIN0010482,Hemal Choudhry
BA002270,3089041000609845,SBIN0010482,Shivani Sinha
BA002271,3089041000297503,SBIN0010482,Garima Kadakia
BA002272,3089041000314178,SBIN0010482,Samar Virk
BA002273,3089041000405677,SBIN0010482,Vasudha Dhaliwal
BA002274,3089041000655919,SBIN0010482,Krisha Vyas
BA002275,3089041000489967,SBIN0010482,Aadhya Garde
BA002276,3089041000980103,SBIN0010482,Bhanumati Iyer
BA002277,3089041000315120,SBIN0010482,Chatresh Shroff
BA002278,3089041000524214,SBIN0010482,Ekalinga Rama
BA002279,3089041000596931,SBIN0010482,Jagvi Chokshi
BA002280,3089041000677723,SBIN0010482,Brinda Raju
BA002281,3089041000737692,SBIN0010482,Lajita Trivedi
BA002282,3089041000636648,SBIN0010482,Diya Sundaram
BA002283,3089041000255132,SBIN0010482,Quincy Issac
BA002284,3089041000565798,SBIN0010482,Anthony Baral
BA002285,3089041000190259,SBIN0010482,Dalaja Nath
BA002286,3089041000386606,SBIN0010482,Maya Dugar
BA002287,3089041000403524,SBIN0010482,Idika Pandey
BA002288,3089041000375436,SBIN0010482,Chasmum Keer
BA002289,3089041000129824,SBIN0010482,David Kurian
BA002290,3089041000827968,SBIN0010482,Ayushman Mammen
BA002291,3089041000435209,SBIN0010482,Max Om
BA002292,3089041000769983,SBIN0010482,Laksh Chahal
BA002293,3089041000438277,SBIN0010482,Utkarsh Sahni
BA002294,3089041000491133,SBIN0010482,Michael Sandhu
BA002295,3089041000933729,SBIN0010482,Forum Sen
BA002296,3089041000726680,SBIN0010482,Samuel Devi
BA002297,3089041000821469,SBIN0010482,Lakshit More
BA002298,3089041000894122,SBIN0010482,Qushi Dhillon
BA002299,3089041000145383,SBIN0010482,Eesha Bir
BA002300,3089041000468609,SBIN0010482,Qarin Nadkarni
BA002301,3089041000918730,SBIN0010482,Ayushman Nagar
BA002302,3089041000890645,SBIN0010482,Nisha Mitter
BA002303,3089041000806242,SBIN0010482,Anusha Doshi
BA002304,3089041000242514,SBIN0010482,Hredhaan Deep
BA002305,3089041000397388,SBIN0010482,Atharv Loke
BA002306,3089041000981913,SBIN0010482,Vincent Kashyap
BA002307,3089041000225008,SBIN0010482,Jagrati Buch
BA002308,3089041000523927,SBIN0010482,Krish Thakkar
BA002309,3089041000473395,SBIN0010482,Kashvi Gour
BA002310,3089041000342034,SBIN0010482,Vyanjana Som
BA002311,3089041000733952,SBIN0010482,Nihal Hans
BA002312,3089041000794255,SBIN0010482,Bachittar Rege
BA002313,3089041000551313,SBIN0010482,Anamika Sachar
BA002314,3089041000840356,SBIN0010482,Samaksh Jayaraman
BA002315,3089041000792142,SBIN0010482,Peter Sarna
BA002316,3089041000469899,SBIN0010482,Ekta Shankar
BA002317,3089041000128206,SBIN0010482,Prisha Ravel
BA002318,3089041000721314,SBIN0010482,Lajita Munshi
BA002319,3089041000139193,SBIN0010482,Balvan Verma
BA002320,3089041000700350,SBIN0010482,SIYA SHAN
BA002321,3089041000274721,SBIN0010482,Yatan Venkataraman
BA002322,3089041000943687,SBIN0010482,Balveer Ram
BA002323,3089041000598355,SBIN0010482,Ranveer Manne
BA002324,3089041000363470,SBIN0010482,Mitali Modi
BA002325,3089041000323297,SBIN0010482,Triya Ganesan
BA002326,3089041000818596,SBIN0010482,Chaitaly Bhagat
BA002327,3089041000368903,SBIN0010482,Ubika Seth
BA002328,3089041000557318,SBIN0010482,Xiti Chowdhury
BA002329,3089041000284533,SBIN0010482,Krishna  Ramaswamy
BA002330,3089041000481088,SBIN0010482,Ekiya Seshadri
BA002331,3089041000647312,SBIN0010482,Praneel Setty
BA002332,3089041000543410,SBIN0010482,Suhani Chana
BA002333,3089041000158642,SBIN0010482,Ekiya Gade
BA002334,3089041000251950,SBIN0010482,Gavin Comar
BA002335,3089041000824233,SBIN0010482,Janani Chada
BA002336,3089041000512064,SBIN0010482,Yasti Dutta
BA002337,3089041000560163,SBIN0010482,Lajita Bassi
BA002338,3089041000448884,SBIN0010482,Gautami Doctor
BA002339,3089041000873624,SBIN0010482,Maanav Gola
BA002340,3089041000420389,SBIN0010482,Oni Morar
BA002341,3089041000988102,SBIN0010482,Sanaya Mani
BA002342,3089041000534631,SBIN0010482,Jacob Deep
BA002343,3089041000757066,SBIN0010482,AARUSH KULKARNI
BA002344,3089041000485792,SBIN0010482,Tara Tank
BA002345,3089041000967442,SBIN0010482,Abdul Tak
BA002346,3089041000729232,SBIN0010482,Teerth Soni
BA002347,3089041000404289,SBIN0010482,Nimrat Sathe
BA002348,3089041000516866,SBIN0010482,Abeer Konda
BA002349,3089041000449031,SBIN0010482,Sarthak Bawa
BA002350,3089041000238661,SBIN0010482,Manbir Bhakta
BA002351,3089041000238327,SBIN0010482,Balhaar Dhillon
BA002352,3089041000394650,SBIN0010482,Chanchal Narula
BA002353,3089041000430870,SBIN0010482,Chandran Chopra
BA002354,3089041000271499,SBIN0010482,Pranav Edwin
BA002355,3089041000579995,SBIN0010482,Peter Shah
BA002356,3089041000633450,SBIN0010482,Balendra Chander
BA002357,3089041000536646,SBIN0010482,Ekantika Pillay
BA002358,3089041000211222,SBIN0010482,Ekansh Sane
BA002359,3089041000789969,SBIN0010482,Brinda Sinha
BA002360,3089041000940494,SBIN0010482,Jairaj Maharaj
BA002361,3089041000351742,SBIN0010482,Odika Vohra
BA002362,3089041000553360,SBIN0010482,Shaurya Bhardwaj
BA002363,3089041000506941,SBIN0010482,Gagan Sule
BA002364,3089041000142402,SBIN0010482,Prisha Nadig
BA002365,3089041000188049,SBIN0010482,Irya Dayal
BA002366,3089041000409834,SBIN0010482,Zinal Tank
BA002367,3089041000792956,SBIN0010482,Pranit Kaul
BA002368,3089041000512045,SBIN0010482,Rishi Agarwal
BA002369,3089041000947075,SBIN0010482,Arjun Shroff
BA002370,3089041000222346,SBIN0010482,Sarthak Sachdeva
BA002371,3089041000478251,SBIN0010482,Chakradev Nath
BA002372,3089041000780130,SBIN0010482,Simon Apte
BA002373,3089041000255362,SBIN0010482,Baghyawati Kumar
BA002374,3089041000311118,SBIN0010482,Darika Mital
BA002375,3089041000535878,SBIN0010482,Abeer Comar
BA002376,3089041000811634,SBIN0010482,Harita Randhawa
BA002377,3089041000380859,SBIN0010482,Parth Hari
BA002378,3089041000330374,SBIN0010482,HAMSINI SRINIVAS
BA002379,3089041000973548,SBIN0010482,Balendra Deshpande
BA002380,3089041000205805,SBIN0010482,Nachiket Sharma
BA002381,3089041000474387,SBIN0010482,Turvi Sachdev
BA002382,3089041000370346,SBIN0010482,Chandani Mutti
BA002383,3089041000733643,SBIN0010482,Sathvik Narula
BA002384,3089041000206816,SBIN0010482,Dominic Dixit
BA002385,3089041000842563,SBIN0010482,Azaan Nori
BA002386,3089041000535945,SBIN0010482,Noah Ramachandran
BA002387,3089041000478162,SBIN0010482,Jackson Morar
BA002388,3089041000641228,SBIN0010482,Azad Magar
BA002389,3089041000430096,SBIN0010482,Gabriel Taneja
BA002390,3089041000813944,SBIN0010482,Kamya Seth
BA002391,3089041000740051,SBIN0010482,Tarak Vohra
BA002392,3089041000919528,SBIN0010482,Parth Choudhury
BA002393,3089041000645752,SBIN0010482,Baljiwan Jaggi
BA002394,3089041000666160,SBIN0010482,Sachi Toor
BA002395,3089041000372374,SBIN0010482,Vasudha Tella
BA002396,3089041000944510,SBIN0010482,Ranveer Oak
BA002397,3089041000641538,SBIN0010482,Dayita Narang
BA002398,3089041000567836,SBIN0010482,Guneet Varty
BA002399,3089041000712686,SBIN0010482,Samesh Bansal
BA002400,3089041000235670,SBIN0010482,Lila Vig
BA002401,3089041000730823,SBIN0010482,Aayush Mukhopadhyay
BA002402,3089041000609529,SBIN0010482,Gagan Nath
BA002403,3089041000326053,SBIN0010482,Chakradhar Chauhan
BA002404,3089041000574348,SBIN0010482,Arin Muni
BA002405,3089041000799631,SBIN0010482,Ekani Iyer
BA002406,3089041000564620,SBIN0010482,Bhavini Malhotra
BA002407,3089041000189288,SBIN0010482,Ridhi Dalal
BA002408,3089041000657695,SBIN0010482,Manthan Dugar
BA002409,3089041000435996,SBIN0010482,Ishwar Aurora
BA002410,3089041000369670,SBIN0010482,Samuel Palla
BA002411,3089041000261719,SBIN0010482,Anika Dhaliwal
BA002412,3089041000439966,SBIN0010482,YASH GARG
BA002413,3089041000503752,SBIN0010482,Deepa Nigam
BA002414,3089041000119527,SBIN0010482,Chandresh De
BA002415,3089041000187984,SBIN0010482,Urishilla Bedi
BA002416,3089041000587222,SBIN0010482,Leela Bhagat
BA002417,3089041000468488,SBIN0010482,Pooja Ramanathan
BA002418,3089041000246433,SBIN0010482,Sanaya Parekh
BA002419,3089041000386275,SBIN0010482,Gaurangi Hora
BA002420,3089041000110043,SBIN0010482,Udyati  Deep
BA002421,3089041000664814,SBIN0010482,Upadhriti Chatterjee
BA002422,3089041000830889,SBIN0010482,Dayita Shroff
BA002423,3089041000813612,SBIN0010482,Vincent Kapur
BA002424,3089041000838247,SBIN0010482,Aarna Patla
BA002425,3089041000618008,SBIN0010482,Qadim Narayanan
BA002426,3089041000997034,SBIN0010482,Sudiksha Sura
BA002427,3089041000744304,SBIN0010482,Dhruv Soman
BA002428,3089041000227630,SBIN0010482,Indali Srinivas
BA002429,3089041000658272,SBIN0010482,Onkar Mandal
BA002430,3089041000823044,SBIN0010482,Joshua Trivedi
BA002431,3089041000129226,SBIN0010482,Nidra Chhabra
BA002432,3089041000644918,SBIN0010482,Ekavir Mittal
BA002433,3089041000134963,SBIN0010482,Nandini Sachdev
BA002434,3089041000686424,SBIN0010482,Yagnesh Dutt
BA002435,3089041000111121,SBIN0010482,Leena Bhatti
BA002436,3089041000301831,SBIN0010482,Sathvik Sankar
BA002437,3089041000368735,SBIN0010482,Hema Keer
BA002438,3089041000557019,SBIN0010482,Faras Sur
BA002439,3089041000486746,SBIN0010482,Ubika Nanda
BA002440,3089041000304899,SBIN0010482,Sai Goda
BA002441,3089041000728896,SBIN0010482,Nidra Boase
BA002442,3089041000620021,SBIN0010482,Ladli Narang
BA002443,3089041000870269,SBIN0010482,Darsh Chana
BA002444,3089041000404691,SBIN0010482,Liam Acharya
BA002445,3089041000397901,SBIN0010482,Manthan Sethi
BA002446,3089041000122013,SBIN0010482,Madhavi Sekhon
BA002447,3089041000948809,SBIN0010482,Samesh Nadig
BA002448,3089041000496566,SBIN0010482,Daksha Saran
BA002449,3089041000995940,SBIN0010482,Gaurav Anand
BA002450,3089041000593530,SBIN0010482,Joshua Menon
BA002451,3089041000437456,SBIN0010482,Kala Bera
BA002452,3089041000312861,SBIN0010482,Jagrati Choudhary
BA002453,3089041000366893,SBIN0010482,Azaan Keer
BA002454,3089041000573066,SBIN0010482,Meera Nadkarni
BA002455,3089041000345147,SBIN0010482,Nidra Raj
BA002456,3089041000203189,SBIN0010482,Siddharth Ghose
BA002457,3089041000417420,SBIN0010482,Liam Guha
BA002458,3089041000525468,SBIN0010482,JAGVI SAHNI
BA002459,3089041000597484,SBIN0010482,Bhavya Dass
BA002460,3089041000831844,SBIN0010482,Advay Bora
BA002461,3089041000420415,SBIN0010482,Maanas Sur
BA002462,3089041000414192,SBIN0010482,Laban Chad
BA002463,3089041000760434,SBIN0010482,Ojasvi Shah
BA002464,3089041000419443,SBIN0010482,Pranit Sha
BA002465,3089041000128142,SBIN0010482,Shivani Rajagopalan
BA002466,3089041000111583,SBIN0010482,Upkaar Grewal
BA002467,3089041000507888,SBIN0010482,Abhimanyu Tara
BA002468,3089041000581250,SBIN0010482,Yachana Luthra
BA002469,3089041000444867,SBIN0010482,Jeevika Bandi
BA002470,3089041000930835,SBIN0010482,Vasudha Pillay
BA002471,3089041000580067,SBIN0010482,Vasatika Buch
BA002472,3089041000758592,SBIN0010482,Ati Shroff
BA002473,3089041000227119,SBIN0010482,Gaurang Korpal
BA002474,3089041000176751,SBIN0010482,Faras Zacharia
BA002475,3089041000843544,SBIN0010482,Chatresh Oza
BA002476,3089041000593656,SBIN0010482,Upasna Setty
BA002477,3089041000276636,SBIN0010482,Garima Sama
BA002478,3089041000563531,SBIN0010482,Chaitaly Mann
BA002479,3089041000151028,SBIN0010482,Balendra Modi
BA002480,3089041000166240,SBIN0010482,DARSH SOLANKI
BA002481,3089041000438354,SBIN0010482,Charan Manne
BA002482,3089041000785761,SBIN0010482,Bhavini Sundaram
BA002483,3089041000486903,SBIN0010482,Jonathan Tiwari
BA002484,3089041000729006,SBIN0010482,Arunima Krishnan
BA002485,3089041000992919,SBIN0010482,Avni Maharaj
BA002486,3089041000113937,SBIN0010482,Akshay Choudhury
BA002487,3089041000749871,SBIN0010482,Matthew Sekhon
BA002488,3089041000565280,SBIN0010482,Parth Lal
BA002489,3089041000340134,SBIN0010482,Vedhika Golla
BA002490,3089041000437260,SBIN0010482,Hemal Chad
BA002491,3089041000314140,SBIN0010482,Mitesh Tandon
BA002492,3089041000356822,SBIN0010482,Leela Khanna
BA002493,3089041000919240,SBIN0010482,Oliver Kade
BA002494,3089041000959416,SBIN0010482,Chatura Lalla
BA002495,3089041000861945,SBIN0010482,Charles Ganesh
BA002496,3089041000592053,SBIN0010482,Mohini Soni
BA002497,3089041000513820,SBIN0010482,Vamakshi Walia
BA002498,3089041000303663,SBIN0010482,Ladli Ramakrishnan
BA002499,3089041000544638,SBIN0010482,Adweta Dhillon
BA002500,3089041000794791,SBIN0010482,Advik Mani
BA002501,3089041000643725,SBIN0010482,Lavanya Mutti
BA002502,3089041000889013,SBIN0010482,Gunbir Wali
BA002503,3089041000832964,SBIN0010482,Rachana Mahajan
BA002504,3089041000868650,SBIN0010482,Anamika Loke
BA002505,3089041000572552,SBIN0010482,Aadhya Raman
BA002506,3089041000214499,SBIN0010482,Wyatt Hayer
BA002507,3089041000346184,SBIN0010482,Pranit Munshi
BA002508,3089041000321321,SBIN0010482,Abhiram Bir
BA002509,3089041000550314,SBIN0010482,Nisha Chaudhari
BA002510,3089041000446297,SBIN0010482,Sanaya Panchal
BA002511,3089041000833232,SBIN0010482,BHANUMATI KRISHNAMURTHY
BA002512,3089041000952092,SBIN0010482,Bahadurjit Bajwa
BA002513,3089041000875112,SBIN0010482,Dakshesh Kalla
BA002514,3089041000922987,SBIN0010482,Jagdish Chadha
BA002515,3089041000567965,SBIN0010482,Keya Goyal
BA002516,3089041000130641,SBIN0010482,Qarin Kulkarni
BA002517,3089041000797802,SBIN0010482,Unni Borra
BA002518,3089041000775268,SBIN0010482,Aradhana Sane
BA002519,3089041000221309,SBIN0010482,Aarini Edwin
BA002520,3089041000498663,SBIN0010482,Aradhana Bhatia
BA002521,3089041000936258,SBIN0010482,Lipika Natarajan
BA002522,3089041000411242,SBIN0010482,Aarna Lanka
BA002523,3089041000727971,SBIN0010482,Ridhi Boase
BA002524,3089041000161669,SBIN0010482,Sai Ramaswamy
BA002525,3089041000998397,SBIN0010482,Vyanjana Chopra
BA002526,3089041000894520,SBIN0010482,Raagini Kamdar
BA002527,3089041000512900,SBIN0010482,Riya Lad
BA002528,3089041000244243,SBIN0010482,Bakhshi Bora
BA002529,3089041000871037,SBIN0010482,Zashil Sehgal
BA002530,3089041000596894,SBIN0010482,Widisha Dixit
BA002531,3089041000356902,SBIN0010482,Baljiwan Ramakrishnan
BA002532,3089041000781900,SBIN0010482,Max Narayan
BA002533,3089041000612982,SBIN0010482,Aarush Varma
BA002534,3089041000554721,SBIN0010482,Vanya Sarin
BA002535,3089041000512925,SBIN0010482,Ekaraj Zachariah
BA002536,3089041000288678,SBIN0010482,Aarush Rajagopalan
BA002537,3089041000192086,SBIN0010482,Jairaj Wason
BA002538,3089041000360400,SBIN0010482,Gauri Mitter
BA002539,3089041000648055,SBIN0010482,Christopher Chana
BA002540,3089041000240727,SBIN0010482,Harini Buch
BA002541,3089041000781332,SBIN0010482,Bimala Jain
BA002542,3089041000301984,SBIN0010482,Balveer Rajagopalan
BA002543,3089041000926051,SBIN0010482,Chandani Ramakrishnan
BA002544,3089041000193296,SBIN0010482,Jagrati Sur
BA002545,3089041000210103,SBIN0010482,RAKSHA GUPTA
BA002546,3089041000736975,SBIN0010482,Balendra Hans
BA002547,3089041000678469,SBIN0010482,William Suresh
BA002548,3089041000380357,SBIN0010482,Dev Zachariah
BA002549,3089041000471197,SBIN0010482,Xalak Walla
BA002550,3089041000427928,SBIN0010482,Amol Bansal
BA002551,3089041000681078,SBIN0010482,Daksh Nazareth
BA002552,3089041000746223,SBIN0010482,Nidra Dani
BA002553,3089041000817307,SBIN0010482,Tara Yadav
BA002554,3089041000543256,SBIN0010482,Viraj Bora
BA002555,3089041000404154,SBIN0010482,Lohit Suresh
BA002556,3089041000585550,SBIN0010482,Urishilla Bath
BA002557,3089041000466709,SBIN0010482,Kalpit Atwal
BA002558,3089041000611088,SBIN0010482,Chandresh Mohanty
BA002559,3089041000291031,SBIN0010482,Tanmayi Garde
BA002560,3089041000308105,SBIN0010482,Hitesh Comar
BA002561,3089041000268099,SBIN0010482,Thomas Bhatnagar
BA002562,3089041000519300,SBIN0010482,Pooja Nazareth
BA002563,3089041000154567,SBIN0010482,Ekta Dara
BA002564,3089041000259903,SBIN0010482,Ekanta Kala
BA002565,3089041000596912,SBIN0010482,Oscar Nayak
BA002566,3089041000140230,SBIN0010482,Jai Mahal
BA002567,3089041000650472,SBIN0010482,Ojasvi Ganguly
BA002568,3089041000382324,SBIN0010482,Nitesh Sarna
BA002569,3089041000100561,SBIN0010482,Banjeet Deol
BA002570,3089041000615151,SBIN0010482,Krisha Dugar
BA002571,3089041000879020,SBIN0010482,Vidhi Buch
BA002572,3089041000143032,SBIN0010482,Abhimanyu Gola
BA002573,3089041000897953,SBIN0010482,Bhanumati Saha
BA002574,3089041000987187,SBIN0010482,Jonathan Jhaveri
BA002575,3089041000628345,SBIN0010482,Anika Virk
BA002576,3089041000876696,SBIN0010482,Nisha Khare
BA002577,3089041000689822,SBIN0010482,Baljiwan Gole
BA002578,3089041000929053,SBIN0010482,Gaurang Mitra
BA002579,3089041000678972,SBIN0010482,Omya Agrawal
BA002580,3089041000929026,SBIN0010482,Rehaan Dalal
BA002581,3089041000440327,SBIN0010482,JANAKI ZACHARIA
BA002582,3089041000110913,SBIN0010482,Ucchal Joshi
BA002583,3089041000211613,SBIN0010482,Chatresh Hari
BA002584,3089041000946969,SBIN0010482,Manthan Som
BA002585,3089041000620052,SBIN0010482,Patrick Dutta
BA002586,3089041000286367,SBIN0010482,Chatura Patla
BA002587,3089041000205102,SBIN0010482,Shaurya Saran
BA002588,3089041000380658,SBIN0010482,Gaurika  Setty
BA002589,3089041000312149,SBIN0010482,Hemang Ben
BA002590,3089041000670019,SBIN0010482,Nakul Balakrishnan
BA002591,3089041000248724,SBIN0010482,Yutika D’Alia
BA002592,3089041000820126,SBIN0010482,Wahab Saxena
BA002593,3089041000224099,SBIN0010482,Oni Issac
BA002594,3089041000799686,SBIN0010482,Victor Choudhary
BA002595,3089041000950100,SBIN0010482,Vedant Chaudhari
BA002596,3089041000548217,SBIN0010482,Nitara Iyengar
BA002597,3089041000604667,SBIN0010482,Thomas Borah
BA002598,3089041000961304,SBIN0010482,Vedhika Bhagat
BA002599,3089041000837246,SBIN0010482,Maanav Kalita
BA002600,3089041000989980,SBIN0010482,Pranav Ram
BA002601,3089041000222930,SBIN0010482,Laban Shankar
BA002602,3089041000265856,SBIN0010482,Jagrati Madan
BA002603,3089041000902598,SBIN0010482,Gautami  Datta
BA002604,3089041000400699,SBIN0010482,Darpan Mand
BA002605,3089041000812930,SBIN0010482,Indrajit Shroff
BA002606,3089041000196402,SBIN0010482,Omya Garg
BA002607,3089041000734475,SBIN0010482,Thomas Merchant
BA002608,3089041000213666,SBIN0010482,Onkar Karpe
BA002609,3089041000211636,SBIN0010482,Nisha Vig
BA002610,3089041000697817,SBIN0010482,Tarak Solanki
BA002611,3089041000888193,SBIN0010482,Arya Atwal
BA002612,3089041000628040,SBIN0010482,Yatin Kota
BA002613,3089041000182578,SBIN0010482,Radha Kapadia
BA002614,3089041000648706,SBIN0010482,Abdul Sahni
BA002615,3089041000350725,SBIN0010482,Banjeet Singhal
BA002616,3089041000936116,SBIN0010482,Pavani Wali
BA002617,3089041000480977,SBIN0010482,Varenya Chaudhari
BA002618,3089041000229988,SBIN0010482,Warhi Khosla
BA002619,3089041000562241,SBIN0010482,Advik Ray
BA002620,3089041000877039,SBIN0010482,Kevin Parmer
BA002621,3089041000995304,SBIN0010482,William Chana
BA002622,3089041000189991,SBIN0010482,Varsha Mody
BA002623,3089041000459057,SBIN0010482,Tripti Bajwa
BA002624,3089041000323839,SBIN0010482,Ubika Devi
BA002625,3089041000156704,SBIN0010482,Qasim Prabhakar
BA002626,3089041000846802,SBIN0010482,Aarav Bobal
BA002627,3089041000458633,SBIN0010482,Gaurangi Wali
BA002628,3089041000826559,SBIN0010482,Chaman Sandhu
BA002629,3089041000251642,SBIN0010482,Sarthak Buch
BA002630,3089041000930489,SBIN0010482,Christopher Varma
BA002631,3089041000202179,SBIN0010482,Charan Choudhry
BA002632,3089041000812641,SBIN0010482,Jasmit Shroff
BA002633,3089041000780433,SBIN0010482,Jasmit Peri
BA002634,3089041000549192,SBIN0010482,Ekalinga Jayaraman
BA002635,3089041000764909,SBIN0010482,Gaurika Khare
BA002636,3089041000886372,SBIN0010482,Vanya Kadakia
BA002637,3089041000914617,SBIN0010482,Ekani Pandit
BA002638,3089041000838024,SBIN0010482,Yahvi Sampath
BA002639,3089041000422328,SBIN0010482,Chatura Bhatnagar
BA002640,3089041000451367,SBIN0010482,HEMANI SETHI
BA002641,3089041000940257,SBIN0010482,Yachana Vyas
BA002642,3089041000628751,SBIN0010482,Upma Wali
BA002643,3089041000197795,SBIN0010482,Siya Pillai
BA002644,3089041000236889,SBIN0010482,Raghav Shankar
BA002645,3089041000303244,SBIN0010482,Faris Raman
BA002646,3089041000208442,SBIN0010482,Bhavya Bose
BA002647,3089041000181140,SBIN0010482,Nitesh Majumdar
BA002648,3089041000428817,SBIN0010482,Manbir Taneja
BA002649,3089041000607417,SBIN0010482,Samarth Verma
BA002650,3089041000326813,SBIN0010482,Chaaya Saha
BA002651,3089041000380589,SBIN0010482,Urvi Palan
BA002652,3089041000302432,SBIN0010482,Sachi Bail
BA002653,3089041000426720,SBIN0010482,Ranbir Bhatnagar
BA002654,3089041000550167,SBIN0010482,Vincent Venkatesh
BA002655,3089041000365356,SBIN0010482,Nisha Oza
BA002656,3089041000294945,SBIN0010482,Vedika Wagle
BA002657,3089041000110100,SBIN0010482,Tanvi Modi
BA002658,3089041000731035,SBIN0010482,Damini Garg
BA002659,3089041000815267,SBIN0010482,Utkarsh Sule
BA002660,3089041000730645,SBIN0010482,Bhavya Batta
BA002661,3089041000584202,SBIN0010482,Ira  Mane
BA002662,3089041000535241,SBIN0010482,Ojas Dyal
BA002663,3089041000742064,SBIN0010482,Qabil Gill
BA002664,3089041000110901,SBIN0010482,Neel Khanna
BA002665,3089041000955792,SBIN0010482,Benjamin Nadig
BA002666,3089041000930081,SBIN0010482,Ridhi Lad
BA002667,3089041000889614,SBIN0010482,Qarin Jha
BA002668,3089041000866367,SBIN0010482,Edhitha Padmanabhan
BA002669,3089041000791515,SBIN0010482,Kashish Sen
BA002670,3089041000318797,SBIN0010482,CHARVI DARA
BA002671,3089041000481308,SBIN0010482,Nidhi Tata
BA002672,3089041000705282,SBIN0010482,Tara Nagarajan
BA002673,3089041000129974,SBIN0010482,Aayush Tripathi
BA002674,3089041000626584,SBIN0010482,Chakrika Som
BA002675,3089041000867559,SBIN0010482,Manan Sathe
BA002676,3089041000777741,SBIN0010482,Isaiah Srinivas
BA002677,3089041000388840,SBIN0010482,Liam Dada
BA002678,3089041000313464,SBIN0010482,Aryan Ratti
BA002679,3089041000599917,SBIN0010482,Sanaya Parikh
BA002680,3089041000597654,SBIN0010482,Eta Bhakta
BA002681,3089041000722859,SBIN0010482,Tristan Mall
BA002682,3089041000975937,SBIN0010482,Arin Chacko
BA002683,3089041000574602,SBIN0010482,Gagan Vala
BA002684,3089041000642985,SBIN0010482,Robert Swaminathan
BA002685,3089041000791396,SBIN0010482,Yasti Bhalla
BA002686,3089041000769760,SBIN0010482,Mitali Divan
BA002687,3089041000447283,SBIN0010482,Kala Raju
BA002688,3089041000933966,SBIN0010482,Advik Mane
BA002689,3089041000813999,SBIN0010482,Indali Morar
BA002690,3089041000396765,SBIN0010482,Gagan Kale
BA002691,3089041000363647,SBIN0010482,Ojasvi Savant
BA002692,3089041000553038,SBIN0010482,Nihal Samra
BA002693,3089041000543089,SBIN0010482,Liam Chadha
BA002694,3089041000904950,SBIN0010482,Sarthak Mitter
BA002695,3089041000758840,SBIN0010482,Gautami Bhatti
BA002696,3089041000474927,SBIN0010482,Gaurang Ahuja
BA002697,3089041000192724,SBIN0010482,Anjali  Sachdeva
BA002698,3089041000156136,SBIN0010482,Turvi Devan
BA002699,3089041000157349,SBIN0010482,Quincy Raj
BA002700,3089041000635634,SBIN0010482,Vritti Basak
BA002701,3089041000415508,SBIN0010482,Daksha Tak
BA002702,3089041000359214,SBIN0010482,Udarsh Bala
BA002703,3089041000414492,SBIN0010482,Mitesh Lala
BA002704,3089041000553355,SBIN0010482,Urmi Dash
BA002705,3089041000310083,SBIN0010482,Omisha Gola
BA002706,3089041000586501,SBIN0010482,Yash Balakrishnan
BA002707,3089041000417468,SBIN0010482,Aradhana Tailor
BA002708,3089041000390354,SBIN0010482,Janaki Srivastava
BA002709,3089041000637966,SBIN0010482,Aarna Soni
BA002710,3089041000417645,SBIN0010482,Kashvi Vala
BA002711,3089041000913063,SBIN0010482,Aashi Gaba
BA002712,3089041000868477,SBIN0010482,Madhav Nagarajan
BA002713,3089041000210553,SBIN0010482,Krishna Parikh
BA002714,3089041000900432,SBIN0010482,Chatresh Mahajan
BA002715,3089041000239687,SBIN0010482,Oni Parekh
BA002716,3089041000301636,SBIN0010482,Bimala Manne
BA002717,3089041000477027,SBIN0010482,Yoshita Hari
BA002718,3089041000698076,SBIN0010482,Girindra Ganesh
BA002719,3089041000755853,SBIN0010482,Diya Mitra
BA002720,3089041000123637,SBIN0010482,Janani Char
BA002721,3089041000178409,SBIN0010482,Maanas Arya
BA002722,3089041000375831,SBIN0010482,Zarna Manda
BA002723,3089041000314154,SBIN0010482,Vedhika Sabharwal
BA002724,3089041000184508,SBIN0010482,Nicholas Chaudry
BA002725,3089041000552476,SBIN0010482,Mohammed Thakur
BA002726,3089041000679334,SBIN0010482,Raghav Vora
BA002727,3089041000221197,SBIN0010482,Omisha Sharma
BA002728,3089041000338158,SBIN0010482,Jackson Deep
BA002729,3089041000232871,SBIN0010482,Varsha Pall
BA002730,3089041000788484,SBIN0010482,Janani Dewan
BA002731,3089041000565087,SBIN0010482,Hema Gera
BA002732,3089041000530790,SBIN0010482,Ayush Dani
BA002733,3089041000321007,SBIN0010482,Kabir Dhar
BA002734,3089041000219787,SBIN0010482,Damyanti Dass
BA002735,3089041000392649,SBIN0010482,Kalpit Brar
BA002736,3089041000154798,SBIN0010482,Isaac Brahmbhatt
BA002737,3089041000949602,SBIN0010482,Veda Sankar
BA002738,3089041000856334,SBIN0010482,Ronith Chokshi
BA002739,3089041000238278,SBIN0010482,Yochana Bhargava
BA002740,3089041000381802,SBIN0010482,Jagat Kulkarni
BA002741,3089041000565367,SBIN0010482,Dominic Mitra
BA002742,3089041000183410,SBIN0010482,Gopal Dasgupta
BA002743,3089041000372148,SBIN0010482,Ryan Goyal
BA002744,3089041000561697,SBIN0010482,Ayush Chana
BA002745,3089041000666693,SBIN0010482,Arunima Pall
BA002746,3089041000489398,SBIN0010482,Naveen Tella
BA002747,3089041000451258,SBIN0010482,Yashasvi Bir
BA002748,3089041000738622,SBIN0010482,Akshay Wadhwa
BA002749,3089041000134183,SBIN0010482,Rehaan Manda
BA002750,3089041000227131,SBIN0010482,Aayush Chaudhary
BA002751,3089041000407301,SBIN0010482,Yamini Soman
BA002752,3089041000529838,SBIN0010482,Qasim Sarraf
BA002753,3089041000570777,SBIN0010482,Pratyush Pant
BA002754,3089041000934515,SBIN0010482,Panini Kala
BA002755,3089041000618206,SBIN0010482,Nikita Chowdhury
BA002756,3089041000135730,SBIN0010482,Jatin Shukla
BA002757,3089041000542875,SBIN0010482,Zinal Deshpande
BA002758,3089041000857260,SBIN0010482,Jalsa Mani
BA002759,3089041000894464,SBIN0010482,Fitan Narang
BA002760,3089041000780950,SBIN0010482,Jack Rajan
BA002761,3089041000411792,SBIN0010482,Tanmayi Muni
BA002762,3089041000287082,SBIN0010482,Upkaar Reddy
BA002763,3089041000429638,SBIN0010482,Priya Gulati
BA002764,3089041000735615,SBIN0010482,Vamakshi Pillai
BA002765,3089041000128678,SBIN0010482,Agastya Swamy
BA002766,3089041000698910,SBIN0010482,Meghana Sarma
BA002767,3089041000565992,SBIN0010482,Jagdish Dhar
BA002768,3089041000177961,SBIN0010482,Nandini Chaudry
BA002769,3089041000140220,SBIN0010482,Dhruv Patla
BA002770,3089041000357859,SBIN0010482,Hamsini Iyer
BA002771,3089041000869194,SBIN0010482,Jason Kaul
BA002772,3089041000684829,SBIN0010482,Xalak Mallick
BA002773,3089041000607755,SBIN0010482,Mugdha Parekh
BA002774,3089041000201222,SBIN0010482,Nidhi Sundaram
BA002775,3089041000284753,SBIN0010482,Manan Sha
BA002776,3089041000130369,SBIN0010482,Jason Krishna
BA002777,3089041000807777,SBIN0010482,Widisha Kashyap
BA002778,3089041000767173,SBIN0010482,Ayushman Chaudhary
BA002779,3089041000743095,SBIN0010482,Ekansh Tara
BA002780,3089041000679751,SBIN0010482,Praneel Raja
BA002781,3089041000514739,SBIN0010482,Michael Mitter
BA002782,3089041000652133,SBIN0010482,Faraj Venkatesh
BA002783,3089041000762233,SBIN0010482,Unnati Jaggi
BA002784,3089041000629016,SBIN0010482,Widisha Swaminathan
BA002785,3089041000303721,SBIN0010482,Hemal Zachariah
BA002786,3089041000594299,SBIN0010482,Azad Sani
BA002787,3089041000631201,SBIN0010482,Leela Sengupta
BA002788,3089041000126101,SBIN0010482,Krisha Savant
BA002789,3089041000949011,SBIN0010482,Balendra Bali
BA002790,3089041000980436,SBIN0010482,Chavvi Gala
BA002791,3089041000822466,SBIN0010482,Raagini Desai
BA002792,3089041000639420,SBIN0010482,Lopa Sura
BA002793,3089041000884490,SBIN0010482,Vritti Zacharia
BA002794,3089041000246659,SBIN0010482,Vamakshi Dugar
BA002795,3089041000647860,SBIN0010482,Mahika Lall
BA002796,3089041000489287,SBIN0010482,Krishna Pandit
BA002797,3089041000110298,SBIN0010482,Ekani Bhat
BA002798,3089041000447115,SBIN0010482,Chakradev Dave
BA002799,3089041000461714,SBIN0010482,Ikshita Bala
BA002800,3089041000772765,SBIN0010482,Lajita Chatterjee
BA002801,3089041000232858,SBIN0010482,Hemani Parikh
BA002802,3089041000942377,SBIN0010482,Indali Bhalla
BA002803,3089041000636561,SBIN0010482,Yug Keer
BA002804,3089041000840551,SBIN0010482,Frado Bhatti
BA002805,3089041000274185,SBIN0010482,Ishwar Nazareth
BA002806,3089041000556564,SBIN0010482,Anmol Yohannan
BA002807,3089041000686986,SBIN0010482,Baljiwan Sharma
BA002808,3089041000198679,SBIN0010482,Yutika Sama
BA002809,3089041000517641,SBIN0010482,Anmol Singh
BA002810,3089041000614117,SBIN0010482,Edhitha Purohit
BA002811,3089041000847960,SBIN0010482,Ekantika Chaudhari
BA002812,3089041000165352,SBIN0010482,Harish Jha
BA002813,3089041000843764,SBIN0010482,Watika Thakkar
BA002814,3089041000625887,SBIN0010482,Ojas Mistry
BA002815,3089041000529131,SBIN0010482,Rajata Jaggi
BA002816,3089041000830115,SBIN0010482,Faqid Wason
BA002817,3089041000719864,SBIN0010482,Bhavna Lanka
BA002818,3089041000300368,SBIN0010482,Chameli Ratti
BA002819,3089041000534092,SBIN0010482,George Chandran
BA002820,3089041000465805,SBIN0010482,Anjali Bhavsar
BA002821,3089041000836296,SBIN0010482,Prisha Kadakia
BA002822,3089041000195166,SBIN0010482,Faraj Mittal
BA002823,3089041000598293,SBIN0010482,Rachita Zacharia
BA002824,3089041000476317,SBIN0010482,Ryan Sachdeva
BA002825,3089041000270651,SBIN0010482,Zayan Varma
BA002826,3089041000355421,SBIN0010482,Pranit Bahl
BA002827,3089041000900244,SBIN0010482,Xalak Kala
BA002828,3089041000725843,SBIN0010482,Amrita Walia
BA002829,3089041000940422,SBIN0010482,Darpan Vig
BA002830,3089041000999428,SBIN0010482,Janya Shere
BA002831,3089041000676537,SBIN0010482,WRIDESH DORA
BA002832,3089041000240012,SBIN0010482,Radhika Roy
BA002833,3089041000128202,SBIN0010482,Devansh Jani
BA002834,3089041000181023,SBIN0010482,Amara Mangat
BA002835,3089041000785815,SBIN0010482,Aahana Keer
BA002836,3089041000974756,SBIN0010482,William Comar
BA002837,3089041000434522,SBIN0010482,Rehaan Bala
BA002838,3089041000545625,SBIN0010482,Dayita Shetty
BA002839,3089041000985174,SBIN0010482,Rajata Sami
BA002840,3089041000744371,SBIN0010482,Saksham Dutta
BA002841,3089041000152505,SBIN0010482,Laban Balakrishnan
BA002842,3089041000440401,SBIN0010482,Arunima Goda
BA002843,3089041000283745,SBIN0010482,Vedika Bahri
BA002844,3089041000355958,SBIN0010482,Fiyaz Murthy
BA002845,3089041000500464,SBIN0010482,Devansh Ray
BA002846,3089041000222080,SBIN0010482,Gautam  Ranganathan
BA002847,3089041000701186,SBIN0010482,Warinder Choudhury
BA002848,3089041000398752,SBIN0010482,Zayan Taneja
BA002849,3089041000928645,SBIN0010482,Wazir Das
BA002850,3089041000765607,SBIN0010482,Forum Ramakrishnan
BA002851,3089041000962588,SBIN0010482,Pallavi Kamdar
BA002852,3089041000993692,SBIN0010482,Hredhaan Gill
BA002853,3089041000418801,SBIN0010482,Anvi Sarraf
BA002854,3089041000902097,SBIN0010482,Aachal Bhalla
BA002855,3089041000736613,SBIN0010482,Kavya Chowdhury
BA002856,3089041000328330,SBIN0010482,Pallavi Soman
BA002857,3089041000626704,SBIN0010482,Arunima Dhillon
BA002858,3089041000402417,SBIN0010482,Vaishnavi Pillai
BA002859,3089041000538587,SBIN0010482,Ansh Banerjee
BA002860,3089041000123942,SBIN0010482,Wriddhish Kulkarni
BA002861,3089041000678874,SBIN0010482,Dayamai  Patil
BA002862,3089041000132390,SBIN0010482,Warjas Savant
BA002863,3089041000772534,SBIN0010482,Abhiram Ramaswamy
BA002864,3089041000526085,SBIN0010482,Charvi Chana
BA002865,3089041000778522,SBIN0010482,Chameli Kade
BA002866,3089041000636409,SBIN0010482,Reva Nadig
BA002867,3089041000788428,SBIN0010482,Bahadurjit Mahal
BA002868,3089041000889056,SBIN0010482,Vyanjana Sinha
BA002869,3089041000723303,SBIN0010482,Gaurangi Sami
BA002870,3089041000850609,SBIN0010482,Naveen Lal
BA002871,3089041000253643,SBIN0010482,Indira Salvi
BA002872,3089041000633296,SBIN0010482,Sudiksha Bala
BA002873,3089041000648759,SBIN0010482,Qarin Sawhney
BA002874,3089041000458997,SBIN0010482,Aarush Rattan
BA002875,3089041000581633,SBIN0010482,Dalaja Murthy
BA002876,3089041000384660,SBIN0010482,Indrajit Dugar
BA002877,3089041000823201,SBIN0010482,Zaitra De
BA002878,3089041000868959,SBIN0010482,Ekaja Seth
BA002879,3089041000600466,SBIN0010482,Kiaan Lad
BA002880,3089041000668714,SBIN0010482,Falak Manda
BA002881,3089041000915158,SBIN0010482,Frado Sachdeva
BA002882,3089041000444603,SBIN0010482,Qabil Ramaswamy
BA002883,3089041000627499,SBIN0010482,Udarsh Bail
BA002884,3089041000897376,SBIN0010482,Veer  Chakraborty
BA002885,3089041000899908,SBIN0010482,Rushil Lala
BA002886,3089041000804524,SBIN0010482,Chandran Rattan
BA002887,3089041000441501,SBIN0010482,Abha Dixit
BA002888,3089041000862010,SBIN0010482,Jhalak Garde
BA002889,3089041000157994,SBIN0010482,Akshay Vora
BA002890,3089041000437479,SBIN0010482,Sudiksha  Talwar
BA002891,3089041000212024,SBIN0010482,Udarsh Jani
BA002892,3089041000610699,SBIN0010482,Amaira Mani
BA002893,3089041000664024,SBIN0010482,Lavanya De
BA002894,3089041000718458,SBIN0010482,Samuel Kale
BA002895,3089041000683715,SBIN0010482,Ranbir Sahota
BA002896,3089041000436873,SBIN0010482,Nilima Dhingra
BA002897,3089041000247083,SBIN0010482,Bina Lala
BA002898,3089041000133642,SBIN0010482,Shravya Kothari
BA002899,3089041000685410,SBIN0010482,Tara Chada
BA002900,3089041000390313,SBIN0010482,Upasna Deol
BA002901,3089041000653348,SBIN0010482,Mitali Kala
BA002902,3089041000807304,SBIN0010482,PALLAVI KUNDA
BA002903,3089041000260017,SBIN0010482,Girish Bhargava
BA002904,3089041000172631,SBIN0010482,Gaurangi Keer
BA002905,3089041000327788,SBIN0010482,Irya Bath
BA002906,3089041000518568,SBIN0010482,Zehaan Thaman
BA002907,3089041000227615,SBIN0010482,Chasmum Rana
BA002908,3089041000367685,SBIN0010482,Kevin Barman
BA002909,3089041000477898,SBIN0010482,Abha Gara
BA002910,3089041000388060,SBIN0010482,Harinakshi Sidhu
BA002911,3089041000828833,SBIN0010482,Gaurav Nadig
BA002912,3089041000643791,SBIN0010482,Lucky Lad
BA002913,3089041000982298,SBIN0010482,DHRITI BASU
BA002914,3089041000495351,SBIN0010482,XALAK MAND
BA002915,3089041000598796,SBIN0010482,Qushi Mandal
BA002916,3089041000483341,SBIN0010482,Aishani Varughese
BA002917,3089041000944572,SBIN0010482,Rajata Gala
BA002918,3089041000791398,SBIN0010482,Vyanjana Dora
BA002919,3089041000896806,SBIN0010482,Chatresh Gulati
BA002920,3089041000291021,SBIN0010482,Chatura Karpe
BA002921,3089041000607348,SBIN0010482,Balendra Singhal
BA002922,3089041000881147,SBIN0010482,Nihal Sibal
BA002923,3089041000909508,SBIN0010482,Jack Talwar
BA002924,3089041000232359,SBIN0010482,Riya Parikh
BA002925,3089041000574548,SBIN0010482,Tanvi Tailor
BA002926,3089041000332634,SBIN0010482,Manbir Dasgupta
BA002927,3089041000149278,SBIN0010482,Girik Jani
BA002928,3089041000337248,SBIN0010482,Pranit Ganguly
BA002929,3089041000508705,SBIN0010482,Simon Agrawal
BA002930,3089041000869089,SBIN0010482,Omaja Bose
BA002931,3089041000510243,SBIN0010482,Wishi Chandra
BA002932,3089041000520940,SBIN0010482,Atharv Mane
BA002933,3089041000897530,SBIN0010482,Meera Prakash
BA002934,3089041000413337,SBIN0010482,Ekiya Dube
BA002935,3089041000385320,SBIN0010482,Finn Sharma
BA002936,3089041000208055,SBIN0010482,Sudiksha Luthra
BA002937,3089041000159404,SBIN0010482,Forum Bassi
BA002938,3089041000206043,SBIN0010482,Ekta Dayal
BA002939,3089041000687905,SBIN0010482,Chanakya Mandal
BA002940,3089041000901144,SBIN0010482,Christopher Bobal
BA002941,3089041000993631,SBIN0010482,George Rastogi
BA002942,3089041000406474,SBIN0010482,Pranav Khatri
BA002943,3089041000567672,SBIN0010482,Gaurav Bail
BA002944,3089041000889912,SBIN0010482,Nicholas Rama
BA002945,3089041000431910,SBIN0010482,Bhavani Dube
BA002946,3089041000997555,SBIN0010482,Chanchal Swaminathan
BA002947,3089041000216895,SBIN0010482,Dayita Deep
BA002948,3089041000727016,SBIN0010482,Gopal Pillai
BA002949,3089041000208659,SBIN0010482,Vrishti Sehgal
BA002950,3089041000127639,SBIN0010482,Vamakshi Loyal
BA002951,3089041000113021,SBIN0010482,Gautam Sami
BA002952,3089041000643761,SBIN0010482,Quincy Saraf
BA002953,3089041000488212,SBIN0010482,Girik Baria
BA002954,3089041000201314,SBIN0010482,Ubika Kapur
BA002955,3089041000960962,SBIN0010482,Warhi Vyas
BA002956,3089041000279664,SBIN0010482,Bina Sidhu
BA002957,3089041000166874,SBIN0010482,Fariq Sridhar
BA002958,3089041000515494,SBIN0010482,Manthan Datta
BA002959,3089041000526919,SBIN0010482,Yuvraj Virk
BA002960,3089041000743668,SBIN0010482,Chakrika Batta
BA002961,3089041000976336,SBIN0010482,Chakradev Varghese
BA002962,3089041000944013,SBIN0010482,Yashvi Sandal
BA002963,3089041000841618,SBIN0010482,Girindra Shetty
BA002964,3089041000649314,SBIN0010482,Isha Kumar
BA002965,3089041000104887,SBIN0010482,Yahvi Babu
BA002966,3089041000462018,SBIN0010482,Turvi Gola
BA002967,3089041000631972,SBIN0010482,Maya Bath
BA002968,3089041000718771,SBIN0010482,Omaja Mishra
BA002969,3089041000972174,SBIN0010482,Suhani Sengupta
BA002970,3089041000932625,SBIN0010482,Harita Grover
BA002971,3089041000652953,SBIN0010482,Qasim Brar
BA002972,3089041000556276,SBIN0010482,Hitesh Saraf
BA002973,3089041000420756,SBIN0010482,Abdul Rana
BA002974,3089041000699025,SBIN0010482,Agastya Garg
BA002975,3089041000297382,SBIN0010482,Triveni Ravel
BA002976,3089041000324912,SBIN0010482,Chavvi Patel
BA002977,3089041000698889,SBIN0010482,Chasmum Chahal
BA002978,3089041000966723,SBIN0010482,KRISHNA ATWAL
BA002979,3089041000813446,SBIN0010482,Isaac Babu
BA002980,3089041000956397,SBIN0010482,Avi Kadakia
BA002981,3089041000795167,SBIN0010482,Maanav Khurana
BA002982,3089041000813981,SBIN0010482,Rayaan Chadha
BA002983,3089041000962849,SBIN0010482,Ubika Divan
BA002984,3089041000139878,SBIN0010482,Pahal Bains
BA002985,3089041000874212,SBIN0010482,Ojas Dua
BA002986,3089041000260128,SBIN0010482,Vedhika Sinha
BA002987,3089041000630154,SBIN0010482,Shivani Kibe
BA002988,3089041000268923,SBIN0010482,CHAITALY RAMANATHAN
BA002989,3089041000855480,SBIN0010482,Gauri Anand
BA002990,3089041000506351,SBIN0010482,Rachana Sagar
BA002991,3089041000776111,SBIN0010482,Bina  Bansal
BA002992,3089041000577085,SBIN0010482,Mugdha Sunder
BA002993,3089041000507321,SBIN0010482,Vincent Bhat
BA002994,3089041000338011,SBIN0010482,Pahal Mutti
BA002995,3089041000565455,SBIN0010482,Amrita Sahni
BA002996,3089041000304054,SBIN0010482,Jackson Talwar
BA002997,3089041000213927,SBIN0010482,Saumya Sarin
BA002998,3089041000552758,SBIN0010482,Neel Mani
BA002999,3089041000906606,SBIN0010482,Upasna Padmanabhan
BA003000,3089041000610326,SBIN0010482,Vincent Tripathi
BA003001,3089041000109089,SBIN0010482,Harinakshi Sidhu
BA003002,3089041000711790,SBIN0010482,Chaaya Ramakrishnan
BA003003,3089041000259401,SBIN0010482,Jagvi Sodhi
BA003004,3089041000989186,SBIN0010482,Sarthak Mandal
BA003005,3089041000497798,SBIN0010482,Vasudha Dayal
BA003006,3089041000804393,SBIN0010482,Ryan Dugar
BA003007,3089041000256747,SBIN0010482,Harrison Sagar
BA003008,3089041000538030,SBIN0010482,Chavvi Keer
BA003009,3089041000434042,SBIN0010482,Champak Badami
BA003010,3089041000896671,SBIN0010482,Advika Parikh
BA003011,3089041000111196,SBIN0010482,Owen Thakur
BA003012,3089041000942159,SBIN0010482,Devansh Nazareth
BA003013,3089041000379626,SBIN0010482,Ishaan Karan
BA003014,3089041000178029,SBIN0010482,Udarsh Sur
BA003015,3089041000872279,SBIN0010482,Harini Pant
BA003016,3089041000185097,SBIN0010482,Amara Dora
BA003017,3089041000505695,SBIN0010482,Chandresh Sarma
BA003018,3089041000164242,SBIN0010482,Indrajit Cherian
BA003019,3089041000703386,SBIN0010482,Benjamin Tripathi
BA003020,3089041000721080,SBIN0010482,Oliver Dalal
BA003021,3089041000871168,SBIN0010482,Janaki Dugar
BA003022,3089041000868516,SBIN0010482,Riya Toor
BA003023,3089041000831985,SBIN0010482,Hardik Dube
BA003024,3089041000612845,SBIN0010482,Gaurika Devi
BA003025,3089041000587529,SBIN0010482,Saksham Sarna
BA003026,3089041000246205,SBIN0010482,Abeer Korpal
BA003027,3089041000258375,SBIN0010482,Harita Mangat
BA003028,3089041000970085,SBIN0010482,Frederick Lata
BA003029,3089041000798130,SBIN0010482,Oeshi Patel
BA003030,3089041000113597,SBIN0010482,Max Wagle
BA003031,3089041000655364,SBIN0010482,Vedant Devi
BA003032,3089041000358064,SBIN0010482,Odika Rout
BA003033,3089041000832251,SBIN0010482,Zaitra Pathak
BA003034,3089041000690660,SBIN0010482,Saanvi Dhingra
BA003035,3089041000614788,SBIN0010482,Zansi Boase
BA003036,3089041000915539,SBIN0010482,Hamsini Murty
BA003037,3089041000689171,SBIN0010482,Nitesh Saraf
BA003038,3089041000226209,SBIN0010482,Maya Bansal
BA003039,3089041000543538,SBIN0010482,Dalbir Venkatesh
BA003040,3089041000254785,SBIN0010482,Oni  Ratti
BA003041,3089041000389353,SBIN0010482,Dipta Padmanabhan
BA003042,3089041000600277,SBIN0010482,Ati Wable
BA003043,3089041000514751,SBIN0010482,Netra Sehgal
BA003044,3089041000857886,SBIN0010482,Riya Pai
BA003045,3089041000196321,SBIN0010482,Rudra Mitra
BA003046,3089041000515225,SBIN0010482,Balhaar Yogi
BA003047,3089041000338442,SBIN0010482,Madhavi Date
BA003048,3089041000895373,SBIN0010482,Tanay Chander
BA003049,3089041000120191,SBIN0010482,Harini Dutta
BA003050,3089041000107499,SBIN0010482,Ayaan Zacharia
BA003051,3089041000107706,SBIN0010482,Wyatt Modi
BA003052,3089041000372988,SBIN0010482,Yashasvi Choudhry
BA003053,3089041000907420,SBIN0010482,Kashish Lad
BA003054,3089041000883572,SBIN0010482,Jatin Batta
BA003055,3089041000694381,SBIN0010482,Saumya Misra
BA003056,3089041000507446,SBIN0010482,Sudiksha Nori
BA003057,3089041000933621,SBIN0010482,Vivaan Palla
BA003058,3089041000418186,SBIN0010482,Bhavani Dey
BA003059,3089041000543721,SBIN0010482,Zinal Kota
BA003060,3089041000939444,SBIN0010482,Falak Varty
BA003061,3089041000707940,SBIN0010482,JALSA SHA
BA003062,3089041000131350,SBIN0010482,Manan Sandal
BA003063,3089041000788505,SBIN0010482,Finn Chanda
BA003064,3089041000102043,SBIN0010482,PAVANI DE
BA003065,3089041000400434,SBIN0010482,Tanish Sehgal
BA003066,3089041000436290,SBIN0010482,Kala Vora
BA003067,3089041000254804,SBIN0010482,Zilmil Rana
BA003068,3089041000589218,SBIN0010482,Wishi Sampath
BA003069,3089041000727879,SBIN0010482,Vrishti Saha
BA003070,3089041000963442,SBIN0010482,Maanas Tiwari
BA003071,3089041000796922,SBIN0010482,Vedhika Shankar
BA003072,3089041000788801,SBIN0010482,Yochana Wadhwa
BA003073,3089041000263264,SBIN0010482,Simon Shah
BA003074,3089041000965318,SBIN0010482,Bachittar Dugar
BA003075,3089041000967860,SBIN0010482,JAGAT REGE
BA003076,3089041000318573,SBIN0010482,Jai Pingle
BA003077,3089041000435158,SBIN0010482,Banjeet Virk
BA003078,3089041000818115,SBIN0010482,Jacob Prabhu
BA003079,3089041000186994,SBIN0010482,Kavya Mitter
BA003080,3089041000424863,SBIN0010482,Vedika Bala
BA003081,3089041000630888,SBIN0010482,Lucky Sama
BA003082,3089041000641837,SBIN0010482,Dalaja Mander
BA003083,3089041000820169,SBIN0010482,Qadim Suresh
BA003084,3089041000291551,SBIN0010482,Jason Palla
BA003085,3089041000206470,SBIN0010482,Chaitanya Sahni
BA003086,3089041000827514,SBIN0010482,Dayita Sethi
BA003087,3089041000170190,SBIN0010482,Krishna Soman
BA003088,3089041000698129,SBIN0010482,Lakshit Thaman
BA003089,3089041000928373,SBIN0010482,Shivani Sen
BA003090,3089041000926369,SBIN0010482,Eshana Chakraborty
BA003091,3089041000355512,SBIN0010482,Lila  Kaul
BA003092,3089041000942918,SBIN0010482,Harinakshi Zachariah
BA003093,3089041000272734,SBIN0010482,Saanvi Mall
BA003094,3089041000436055,SBIN0010482,Noah Bakshi
BA003095,3089041000884972,SBIN0010482,Jatin Chada
BA003096,3089041000728958,SBIN0010482,Chatresh Vig
BA003097,3089041000587070,SBIN0010482,Vamakshi Thakkar
BA003098,3089041000734603,SBIN0010482,Jai Wali
BA003099,3089041000363814,SBIN0010482,Anirudh Maharaj
BA003100,3089041000421228,SBIN0010482,Yatan Sawhney
BA003101,3089041000905635,SBIN0010482,Ekani Ratti
BA003102,3089041000859790,SBIN0010482,Vyanjana Bajaj
BA003103,3089041000493214,SBIN0010482,Rajeshri Gole
BA003104,3089041000494853,SBIN0010482,Arjun Wable
BA003105,3089041000961046,SBIN0010482,Lavanya Kurian
BA003106,3089041000505678,SBIN0010482,Ishwar Chaudhary
BA003107,3089041000212681,SBIN0010482,Bhavika Dhawan
BA003108,3089041000754688,SBIN0010482,Aadhya Chakraborty
BA003109,3089041000259072,SBIN0010482,Damyanti Reddy
BA003110,3089041000876424,SBIN0010482,Daniel Nanda
BA003111,3089041000281973,SBIN0010482,Avi Bhardwaj
BA003112,3089041000988439,SBIN0010482,Madhavi Chaudhary
BA003113,3089041000124145,SBIN0010482,Lucky Sachar
BA003114,3089041000736017,SBIN0010482,Aarna Prashad
BA003115,3089041000429474,SBIN0010482,Charles Jain
BA003116,3089041000690672,SBIN0010482,Warjas Tailor
BA003117,3089041000121489,SBIN0010482,Ishwar Luthra
BA003118,3089041000601775,SBIN0010482,Eesha Shetty
BA003119,3089041000499973,SBIN0010482,Dominic Sule
BA003120,3089041000557067,SBIN0010482,Nikita Kaur
BA003121,3089041000751107,SBIN0010482,Amruta Chaudhuri
BA003122,3089041000304876,SBIN0010482,Jeremiah Modi
BA003123,3089041000858339,SBIN0010482,Sanaya Chacko
BA003124,3089041000629016,SBIN0010482,Lucky Prakash
BA003125,3089041000974805,SBIN0010482,Yatan Yogi
BA003126,3089041000144327,SBIN0010482,Siya Barman
BA003127,3089041000677047,SBIN0010482,Ucchal Mann
BA003128,3089041000232372,SBIN0010482,Aadi Bhasin
BA003129,3089041000494206,SBIN0010482,Anjali Krishna
BA003130,3089041000895613,SBIN0010482,Indali Kala
BA003131,3089041000365205,SBIN0010482,Chakradev Edwin
BA003132,3089041000771112,SBIN0010482,Charita Chakraborty
BA003133,3089041000181918,SBIN0010482,Jason Dey
BA003134,3089041000111593,SBIN0010482,Rachana Kade
BA003135,3089041000125312,SBIN0010482,HEMA LAL
BA003136,3089041000229287,SBIN0010482,Anjali Korpal
BA003137,3089041000170557,SBIN0010482,Harita Kade
BA003138,3089041000513557,SBIN0010482,Falguni Babu
BA003139,3089041000938306,SBIN0010482,Aarnav Soni
BA003140,3089041000169299,SBIN0010482,Aditya Ghose
BA003141,3089041000746759,SBIN0010482,Vrinda Ramaswamy
BA003142,3089041000851371,SBIN0010482,Faras Yohannan
BA003143,3089041000415169,SBIN0010482,Sai Dasgupta
BA003144,3089041000985510,SBIN0010482,Krisha Parmar
BA003145,3089041000539659,SBIN0010482,Peter Anand
BA003146,3089041000261528,SBIN0010482,Turvi Prabhakar
BA003147,3089041000515597,SBIN0010482,Sai Andra
BA003148,3089041000495153,SBIN0010482,Anmol Mand
BA003149,3089041000932138,SBIN0010482,Rehaan Chana
BA003150,3089041000833986,SBIN0010482,Timothy Kaur
BA003151,3089041000186345,SBIN0010482,Janani Bansal
BA003152,3089041000745330,SBIN0010482,Waida Kadakia
BA003153,3089041000200789,SBIN0010482,Rohan Randhawa
BA003154,3089041000476178,SBIN0010482,Arunima Tella
BA003155,3089041000798619,SBIN0010482,Onkar Hari
BA003156,3089041000232235,SBIN0010482,Dhruv Dave
BA003157,3089041000228574,SBIN0010482,Joshua Lad
BA003158,3089041000994506,SBIN0010482,Anusha Handa
BA003159,3089041000571452,SBIN0010482,Zayyan Setty
BA003160,3089041000450807,SBIN0010482,Prisha  Ben
BA003161,3089041000538168,SBIN0010482,Rachana Ray
BA003162,3089041000311511,SBIN0010482,Jairaj Vasa
BA003163,3089041000719171,SBIN0010482,Warhi Pathak
BA003164,3089041000527123,SBIN0010482,Udarsh Batta
BA003165,3089041000333727,SBIN0010482,Osha Walia
BA003166,3089041000340355,SBIN0010482,Diya Ahluwalia
BA003167,3089041000661258,SBIN0010482,Robert Natt
BA003168,3089041000917548,SBIN0010482,Aryan Kara
BA003169,3089041000818362,SBIN0010482,Falan Krish
BA003170,3089041000369581,SBIN0010482,Nitesh Narayan
BA003171,3089041000424526,SBIN0010482,Dev Chatterjee
BA003172,3089041000573213,SBIN0010482,Varsha Sankaran
BA003173,3089041000391819,SBIN0010482,Gaurika Krishna
BA003174,3089041000931845,SBIN0010482,Hritik Solanki
BA003175,3089041000601943,SBIN0010482,Harini Bhagat
BA003176,3089041000768455,SBIN0010482,Zinal Khalsa
BA003177,3089041000437865,SBIN0010482,Reva Chandran
BA003178,3089041000978202,SBIN0010482,Jeet Chada
BA003179,3089041000242365,SBIN0010482,Bahadurjit Purohit
BA003180,3089041000546316,SBIN0010482,Dhruv Datta
BA003181,3089041000456454,SBIN0010482,Riya Bhakta
BA003182,3089041000293751,SBIN0010482,Rachana Bhatti
BA003183,3089041000433774,SBIN0010482,Daksh Ben
BA003184,3089041000183532,SBIN0010482,Lakshmi Ratti
BA003185,3089041000197483,SBIN0010482,Nirja Kaul
BA003186,3089041000592016,SBIN0010482,Sudiksha Rajagopalan
BA003187,3089041000779986,SBIN0010482,Priya Chaudhuri
BA003188,3089041000814511,SBIN0010482,Atharv Setty
BA003189,3089041000321257,SBIN0010482,Reyansh Chokshi
BA003190,3089041000997727,SBIN0010482,Advik Bir
BA003191,3089041000300450,SBIN0010482,Jonathan Upadhyay
BA003192,3089041000362139,SBIN0010482,Isha Sama
BA003193,3089041000102954,SBIN0010482,Sai Grewal
BA003194,3089041000923758,SBIN0010482,Laksh Basu
BA003195,3089041000316826,SBIN0010482,Joshua Muni
BA003196,3089041000586101,SBIN0010482,Yochana Parmar
BA003197,3089041000247532,SBIN0010482,Madhav Din
BA003198,3089041000775545,SBIN0010482,Dayamai Oza
BA003199,3089041000559411,SBIN0010482,Jyoti Anand
BA003200,3089041000380678,SBIN0010482,Dakshesh Khanna
BA003201,3089041000121285,SBIN0010482,Pahal Padmanabhan
BA003202,3089041000655660,SBIN0010482,Sai Jaggi
BA003203,3089041000540114,SBIN0010482,Harita Gulati
BA003204,3089041000309156,SBIN0010482,Unni Narula
BA003205,3089041000356779,SBIN0010482,Chandani Sahota
BA003206,3089041000179973,SBIN0010482,Nicholas Cheema
BA003207,3089041000207599,SBIN0010482,Brijesh Tandon
BA003208,3089041000394032,SBIN0010482,Aarush Kapoor
BA003209,3089041000662971,SBIN0010482,Unnati Kala
BA003210,3089041000326868,SBIN0010482,Vasana Narula
BA003211,3089041000547852,SBIN0010482,Samesh Ratta
BA003212,3089041000962258,SBIN0010482,Abeer Patil
BA003213,3089041000164251,SBIN0010482,Ethan Parmar
BA003214,3089041000821333,SBIN0010482,Ishwar Dhar
BA003215,3089041000213796,SBIN0010482,Ria Hayer
BA003216,3089041000681956,SBIN0010482,Caleb Balan
BA003217,3089041000740626,SBIN0010482,Rudra Mander
BA003218,3089041000195446,SBIN0010482,Theodore Lala
BA003219,3089041000847056,SBIN0010482,Harinakshi Korpal
BA003220,3089041000177775,SBIN0010482,Rohan Bains
BA003221,3089041000675571,SBIN0010482,Adweta Chaudhuri
BA003222,3089041000174905,SBIN0010482,Laksh Raghavan
BA003223,3089041000131415,SBIN0010482,Hamsini Kade
BA003224,3089041000604134,SBIN0010482,Tanmayi Khatri
BA003225,3089041000497457,SBIN0010482,Kashish Garg
BA003226,3089041000599938,SBIN0010482,Dhruv Dani
BA003227,3089041000751852,SBIN0010482,Kalpit Gupta
BA003228,3089041000357543,SBIN0010482,Kritika Prasad
BA003229,3089041000496069,SBIN0010482,Pushti Konda
BA003230,3089041000923278,SBIN0010482,Ranbir Wason
BA003231,3089041000731350,SBIN0010482,Manthan Narang
BA003232,3089041000510702,SBIN0010482,Chatresh Mammen
BA003233,3089041000998572,SBIN0010482,Yashoda Suresh
BA003234,3089041000380808,SBIN0010482,Finn Singhal
BA003235,3089041000776526,SBIN0010482,Oliver Trivedi
BA003236,3089041000551819,SBIN0010482,Yashodhara Prasad
BA003237,3089041000405791,SBIN0010482,Zilmil Shetty
BA003238,3089041000669868,SBIN0010482,Ekanta Prakash
BA003239,3089041000930570,SBIN0010482,Warda Som
BA003240,3089041000625304,SBIN0010482,Nandini Bansal
BA003241,3089041000403768,SBIN0010482,Theodore Jain
BA003242,3089041000228115,SBIN0010482,Wahab Randhawa
BA003243,3089041000651772,SBIN0010482,Damini Sandal
BA003244,3089041000775312,SBIN0010482,Naksh Prasad
BA003245,3089041000620792,SBIN0010482,Frado Desai
BA003246,3089041000293807,SBIN0010482,Chakrika Saxena
BA003247,3089041000649317,SBIN0010482,Victor Barman
BA003248,3089041000535694,SBIN0010482,Yauvani Nayar
BA003249,3089041000426346,SBIN0010482,Shravya Sibal
BA003250,3089041000127657,SBIN0010482,Nilima Pillai
BA003251,3089041000177071,SBIN0010482,Edhitha Mahajan
BA003252,3089041000408227,SBIN0010482,Aryan Gola
BA003253,3089041000616293,SBIN0010482,Vivaan Lanka
BA003254,3089041000144206,SBIN0010482,Jagrati Butala
BA003255,3089041000505048,SBIN0010482,Yachana Varghese
BA003256,3089041000154580,SBIN0010482,Aradhana Kari
BA003257,3089041000545092,SBIN0010482,Jagat Bora
BA003258,3089041000569164,SBIN0010482,Balvan Iyer
BA003259,3089041000345101,SBIN0010482,Ronith Narayan
BA003260,3089041000486130,SBIN0010482,Chasmum Maharaj
BA003261,3089041000522424,SBIN0010482,Lakshit Lal
BA003262,3089041000707418,SBIN0010482,Chandani Manda
BA003263,3089041000424632,SBIN0010482,Netra Ravi
BA003264,3089041000157433,SBIN0010482,Urmi Vala
BA003265,3089041000900893,SBIN0010482,Mitali Kari
BA003266,3089041000802699,SBIN0010482,Shaurya Som
BA003267,3089041000461426,SBIN0010482,Zaitra Sidhu
BA003268,3089041000670950,SBIN0010482,Harini Chada
BA003269,3089041000760972,SBIN0010482,Raghav Sanghvi
BA003270,3089041000428932,SBIN0010482,Shaurya Sarna
BA003271,3089041000934963,SBIN0010482,Ayushman Prasad
BA003272,3089041000800151,SBIN0010482,Kabir Mody
BA003273,3089041000628376,SBIN0010482,Xalak Pant
BA003274,3089041000392811,SBIN0010482,Umang Saini
BA003275,3089041000760117,SBIN0010482,Netra Yogi
BA003276,3089041000562054,SBIN0010482,Eshana Bajaj
BA003277,3089041000900028,SBIN0010482,Liam Dube
BA003278,3089041000503149,SBIN0010482,Mahika Raj
BA003279,3089041000375564,SBIN0010482,Mahika  Bhatt
BA003280,3089041000312460,SBIN0010482,Raghav Soman
BA003281,3089041000810968,SBIN0010482,Falguni  Seth
BA003282,3089041000433191,SBIN0010482,Girik Garg
BA003283,3089041000177946,SBIN0010482,Peter Balay
BA003284,3089041000957170,SBIN0010482,Avi Grover
BA003285,3089041000517710,SBIN0010482,Ekaraj Raju
BA003286,3089041000196750,SBIN0010482,Samesh Kaul
BA003287,3089041000279956,SBIN0010482,Ekaraj Sha
BA003288,3089041000220570,SBIN0010482,Jyoti Vasa
BA003289,3089041000874672,SBIN0010482,Onveer Narain
BA003290,3089041000620580,SBIN0010482,Mahika Dugar
BA003291,3089041000250606,SBIN0010482,Kai Yadav
BA003292,3089041000115552,SBIN0010482,Vanya Biswas
BA003293,3089041000648234,SBIN0010482,Samuel De
BA003294,3089041000660211,SBIN0010482,Dayita Sankaran
BA003295,3089041000266028,SBIN0010482,Nathan Mukherjee
BA003296,3089041000406045,SBIN0010482,Yadavi Shanker
BA003297,3089041000573813,SBIN0010482,Saksham Amble
BA003298,3089041000305509,SBIN0010482,Sanaya Bhatt
BA003299,3089041000618938,SBIN0010482,Yatin Vora
BA003300,3089041000641187,SBIN0010482,Vritti Sharma
BA003301,3089041000774810,SBIN0010482,Balveer Chand
BA003302,3089041000892269,SBIN0010482,Tanmayi Palan
BA003303,3089041000393178,SBIN0010482,Mahika Gill
BA003304,3089041000247172,SBIN0010482,Zaid Gola
BA003305,3089041000987874,SBIN0010482,Tanvi Rajagopalan
BA003306,3089041000272408,SBIN0010482,Girish Ramaswamy
BA003307,3089041000286540,SBIN0010482,Wriddhish Dugar
BA003308,3089041000488027,SBIN0010482,Bishakha Bhavsar
BA003309,3089041000644142,SBIN0010482,Wakeeta Sabharwal
BA003310,3089041000758639,SBIN0010482,Jyoti Bose
BA003311,3089041000272820,SBIN0010482,Yamini Nanda
BA003312,3089041000422521,SBIN0010482,Shravya Gala
BA003313,3089041000483894,SBIN0010482,Sarthak Toor
BA003314,3089041000378663,SBIN0010482,Turvi Bala
BA003315,3089041000578814,SBIN0010482,Triya Raj
BA003316,3089041000601233,SBIN0010482,Mohini Hayer
BA003317,3089041000521730,SBIN0010482,Baljiwan Anne
BA003318,3089041000571628,SBIN0010482,Ishwar Deshpande
BA003319,3089041000876787,SBIN0010482,Ucchal Sundaram
BA003320,3089041000402024,SBIN0010482,Ekansh Butala
BA003321,3089041000126629,SBIN0010482,Raksha Dey
BA003322,3089041000773867,SBIN0010482,Arya Edwin
BA003323,3089041000314005,SBIN0010482,Andrew Chaudhry
BA003324,3089041000714920,SBIN0010482,Chaitaly Dash
BA003325,3089041000854304,SBIN0010482,Om Brahmbhatt
BA003326,3089041000172973,SBIN0010482,Anjali Dube
BA003327,3089041000736044,SBIN0010482,Ishita Gokhale
BA003328,3089041000613317,SBIN0010482,Bakhshi Walia
BA003329,3089041000523651,SBIN0010482,Riya Batta
BA003330,3089041000758227,SBIN0010482,Madhavi Morar
BA003331,3089041000635747,SBIN0010482,Charles Agrawal
BA003332,3089041000776772,SBIN0010482,Krishna Jaggi
BA003333,3089041000691905,SBIN0010482,Kavya Khare
BA003334,3089041000938234,SBIN0010482,Gavin Babu
BA003335,3089041000274654,SBIN0010482,Ayaan Atwal
BA003336,3089041000859993,SBIN0010482,Rehaan Bhatnagar
BA003337,3089041000448781,SBIN0010482,Gopal Ganesh
BA003338,3089041000560110,SBIN0010482,Chaitanya Sagar
BA003339,3089041000591269,SBIN0010482,Eta Naidu
BA003340,3089041000951780,SBIN0010482,Sarthak Rana
BA003341,3089041000378199,SBIN0010482,Jai Kata
BA003342,3089041000857118,SBIN0010482,Hitesh Parikh
BA003343,3089041000311807,SBIN0010482,Oscar Aurora
BA003344,3089041000320254,SBIN0010482,Diya Arora
BA003345,3089041000308498,SBIN0010482,Simon Shanker
BA003346,3089041000592932,SBIN0010482,Dominic Mallick
BA003347,3089041000867301,SBIN0010482,Caleb Bhavsar
BA003348,3089041000882259,SBIN0010482,Nirja Mitra
BA003349,3089041000747504,SBIN0010482,Harsh Yadav
BA003350,3089041000407874,SBIN0010482,Zayan Chandran
BA003351,3089041000914375,SBIN0010482,Lipika Deol
BA003352,3089041000109166,SBIN0010482,Parth  Nadkarni
BA003353,3089041000466975,SBIN0010482,Ekansh  Nayak
BA003354,3089041000711800,SBIN0010482,Saumya Raja
BA003355,3089041000476455,SBIN0010482,Yahvi Arya
BA003356,3089041000126891,SBIN0010482,Ansh Dash
BA003357,3089041000391431,SBIN0010482,Warjas Sangha
BA003358,3089041000232626,SBIN0010482,Fariq Bhasin
BA003359,3089041000332612,SBIN0010482,Kavya Tara
BA003360,3089041000573404,SBIN0010482,Saksham Doshi
BA003361,3089041000490038,SBIN0010482,Samarth Barad
BA003362,3089041000146266,SBIN0010482,Sachi Narasimhan
BA003363,3089041000680746,SBIN0010482,Arunima Nadkarni
BA003364,3089041000951796,SBIN0010482,Oeshi Mani
BA003365,3089041000304981,SBIN0010482,Veer Narula
BA003366,3089041000401701,SBIN0010482,Xavier Jha
BA003367,3089041000125994,SBIN0010482,Yuvraj Kapadia
BA003368,3089041000620276,SBIN0010482,Ekanta Goswami
BA003369,3089041000736446,SBIN0010482,Abeer Bhattacharyya
BA003370,3089041000971044,SBIN0010482,Ekaraj Hans
BA003371,3089041000425689,SBIN0010482,Lohit Jayaraman
BA003372,3089041000120602,SBIN0010482,Gavin Ghose
BA003373,3089041000702059,SBIN0010482,Warinder Tripathi
BA003374,3089041000947073,SBIN0010482,Pooja Sibal
BA003375,3089041000779505,SBIN0010482,Nitesh Hora
BA003376,3089041000204413,SBIN0010482,Panini Goda
BA003377,3089041000971279,SBIN0010482,Chavvi Mangal
BA003378,3089041000115372,SBIN0010482,Saksham Magar
BA003379,3089041000583122,SBIN0010482,Fariq Parsa
BA003380,3089041000672257,SBIN0010482,Krishna Ganesh
BA003381,3089041000570370,SBIN0010482,Ridhi Sami
BA003382,3089041000954923,SBIN0010482,Nachiket Subramaniam
BA003383,3089041000473346,SBIN0010482,Lakshmi Sane
BA003384,3089041000597347,SBIN0010482,Charita Yogi
BA003385,3089041000522816,SBIN0010482,Parth Kurian
BA003386,3089041000802978,SBIN0010482,Ubika Mohan
BA003387,3089041000145230,SBIN0010482,Bhanumati Prashad
BA003388,3089041000360163,SBIN0010482,Ekbal Nath
BA003389,3089041000709258,SBIN0010482,Upasna Hayre
BA003390,3089041000741522,SBIN0010482,Ranveer Agrawal
BA003391,3089041000688076,SBIN0010482,Xiti Prasad
BA003392,3089041000626943,SBIN0010482,Nidhi Sagar
BA003393,3089041000244136,SBIN0010482,Kashvi Rajagopalan
BA003394,3089041000193513,SBIN0010482,Darika Bobal
BA003395,3089041000771190,SBIN0010482,Balvan Dash
BA003396,3089041000145918,SBIN0010482,Nicholas Hari
BA003397,3089041000273616,SBIN0010482,Aadhya Pall
BA003398,3089041000830872,SBIN0010482,Jyoti Bhardwaj
BA003399,3089041000883833,SBIN0010482,Panini Koshy
BA003400,3089041000520169,SBIN0010482,Vanya Banerjee
BA003401,3089041000925519,SBIN0010482,Ayaan Divan
BA003402,3089041000832829,SBIN0010482,Tamanna Din
BA003403,3089041000443226,SBIN0010482,Yug Edwin
BA003404,3089041000820846,SBIN0010482,Jackson Chanda
BA003405,3089041000182424,SBIN0010482,Mitali Buch
BA003406,3089041000231872,SBIN0010482,Pallavi Gandhi
BA003407,3089041000125976,SBIN0010482,Zayyan Mittal
BA003408,3089041000876533,SBIN0010482,Darika Sabharwal
BA003409,3089041000430036,SBIN0010482,Ikbal Padmanabhan
BA003410,3089041000434424,SBIN0010482,Amruta Kadakia
BA003411,3089041000370625,SBIN0010482,Darika Ahuja
BA003412,3089041000732973,SBIN0010482,Vyanjana Agarwal
BA003413,3089041000289838,SBIN0010482,Ekaraj Sahni
BA003414,3089041000208691,SBIN0010482,Bhavya Sankar
BA003415,3089041000954888,SBIN0010482,Patrick Prasad
BA003416,3089041000515320,SBIN0010482,Krish Hora
BA003417,3089041000565660,SBIN0010482,Qabil Thakkar
BA003418,3089041000272620,SBIN0010482,Shravya Kala
BA003419,3089041000864932,SBIN0010482,Sai Bhargava
BA003420,3089041000804380,SBIN0010482,Rehaan Lad
BA003421,3089041000420343,SBIN0010482,Ridhi Chopra
BA003422,3089041000847556,SBIN0010482,Fariq Memon
BA003423,3089041000901276,SBIN0010482,Krishna Dash
BA003424,3089041000959462,SBIN0010482,Devansh Oommen
BA003425,3089041000922123,SBIN0010482,Wahab Sridhar
BA003426,3089041000970049,SBIN0010482,Harrison Andra
BA003427,3089041000639704,SBIN0010482,Amaira  Amble
BA003428,3089041000366445,SBIN0010482,Gunbir Kakar
BA003429,3089041000479198,SBIN0010482,Keya Venkatesh
BA003430,3089041000254228,SBIN0010482,Vedika  Solanki
BA003431,3089041000546258,SBIN0010482,Pushti Nayar
BA003432,3089041000814105,SBIN0010482,Hemal Murty
BA003433,3089041000283531,SBIN0010482,Jalsa Rastogi
BA003434,3089041000218205,SBIN0010482,Dakshesh Parekh
BA003435,3089041000151774,SBIN0010482,Harish Aggarwal
BA003436,3089041000504687,SBIN0010482,Neelima Dewan
BA003437,3089041000940997,SBIN0010482,Jason Wali
BA003438,3089041000164709,SBIN0010482,Yuvraj Pillay
BA003439,3089041000924357,SBIN0010482,Vaishnavi Varma
BA003440,3089041000202401,SBIN0010482,Raghav Aggarwal
BA003441,3089041000103678,SBIN0010482,Anay Parsa
BA003442,3089041000553876,SBIN0010482,Eshana Sawhney
BA003443,3089041000843397,SBIN0010482,Vedhika Ratta
BA003444,3089041000381924,SBIN0010482,Ijaya Sangha
BA003445,3089041000408492,SBIN0010482,Harish Rajan
BA003446,3089041000666163,SBIN0010482,Robert Dhar
BA003447,3089041000919555,SBIN0010482,Joshua Tank
BA003448,3089041000124509,SBIN0010482,Charvi Sibal
BA003449,3089041000705355,SBIN0010482,Sanaya D’Alia
BA003450,3089041000176377,SBIN0010482,Wridesh Kohli
BA003451,3089041000803556,SBIN0010482,Onkar Chakraborty
BA003452,3089041000847393,SBIN0010482,Radhika Balakrishnan
BA003453,3089041000637108,SBIN0010482,Eta Rajagopal
BA003454,3089041000407912,SBIN0010482,Thomas Kurian
BA003455,3089041000621084,SBIN0010482,Jatin  Deshpande
BA003456,3089041000581671,SBIN0010482,Gautam Natarajan
BA003457,3089041000740707,SBIN0010482,Dhruv Oza
BA003458,3089041000851909,SBIN0010482,Lakshmi Sarkar
BA003459,3089041000106550,SBIN0010482,Udant Lad
BA003460,3089041000984830,SBIN0010482,Bina Chahal
BA003461,3089041000880002,SBIN0010482,Gaurav Oak
BA003462,3089041000104827,SBIN0010482,Jack Pillai
BA003463,3089041000845932,SBIN0010482,Dhriti Rai
BA003464,3089041000532144,SBIN0010482,Deepa Bhatia
BA003465,3089041000754736,SBIN0010482,Lipika Sampath
BA003466,3089041000261196,SBIN0010482,Janya Date
BA003467,3089041000323698,SBIN0010482,Hredhaan Rana
BA003468,3089041000386270,SBIN0010482,Triveni Mutti
BA003469,3089041000414127,SBIN0010482,Chaman Kanda
BA003470,3089041000149736,SBIN0010482,Tamanna Din
BA003471,3089041000570795,SBIN0010482,Madhav Banerjee
BA003472,3089041000449497,SBIN0010482,Dayamai Thakkar
BA003473,3089041000204980,SBIN0010482,Anusha Sridhar
BA003474,3089041000836831,SBIN0010482,Warda Manne
BA003475,3089041000832569,SBIN0010482,Daniel Nath
BA003476,3089041000474702,SBIN0010482,Shivansh Kar
BA003477,3089041000854423,SBIN0010482,Praneel Sura
BA003478,3089041000145954,SBIN0010482,Chandani Dutta
BA003479,3089041000842703,SBIN0010482,Manya Nazareth
BA003480,3089041000856408,SBIN0010482,URVASHI PALL
BA003481,3089041000549218,SBIN0010482,Mahika Bora
BA003482,3089041000785707,SBIN0010482,Barkha Hayer
BA003483,3089041000491957,SBIN0010482,Gunbir Deep
BA003484,3089041000120155,SBIN0010482,Chatura Modi
BA003485,3089041000600695,SBIN0010482,Nihal Devan
BA003486,3089041000403013,SBIN0010482,Vasudha Manne
BA003487,3089041000895620,SBIN0010482,Shaurya Kamdar
BA003488,3089041000367495,SBIN0010482,Aditya Pathak
BA003489,3089041000758229,SBIN0010482,Manbir Puri
BA003490,3089041000133500,SBIN0010482,Om Bhalla
BA003491,3089041000534115,SBIN0010482,Ishani  Som
BA003492,3089041000106810,SBIN0010482,Charles Dalal
BA003493,3089041000295106,SBIN0010482,Radha Dixit
BA003494,3089041000803632,SBIN0010482,Yash Bandi
BA003495,3089041000584383,SBIN0010482,Wridesh Ranganathan
BA003496,3089041000888460,SBIN0010482,Chasmum Gera
BA003497,3089041000170805,SBIN0010482,Gaurav Sheth
BA003498,3089041000627573,SBIN0010482,Anvi Saxena
BA003499,3089041000696613,SBIN0010482,Advay Dar
BA003500,3089041000347813,SBIN0010482,Fitan Dara
BA003501,3089041000633222,SBIN0010482,Yashodhara Kar
BA003502,3089041000270407,SBIN0010482,Varsha Mahal
BA003503,3089041000241841,SBIN0010482,Pratyush Rajagopalan
BA003504,3089041000650398,SBIN0010482,Radha Misra
BA003505,3089041000233778,SBIN0010482,Hardik Nanda
BA003506,3089041000233370,SBIN0010482,Qasim Ravi
BA003507,3089041000149319,SBIN0010482,Meera Yadav
BA003508,3089041000581924,SBIN0010482,Devansh Venkataraman
BA003509,3089041000783421,SBIN0010482,Sarthak Dalal
BA003510,3089041000885461,SBIN0010482,Pranit Ahluwalia
BA003511,3089041000270081,SBIN0010482,Dipta Das
BA003512,3089041000486478,SBIN0010482,Kabir Jhaveri
BA003513,3089041000188198,SBIN0010482,Gagan Kunda
BA003514,3089041000552445,SBIN0010482,Frado Dash
BA003515,3089041000416985,SBIN0010482,Januja Garg
BA003516,3089041000368148,SBIN0010482,Aadi Kothari
BA003517,3089041000812169,SBIN0010482,Chakradhar Venkataraman
BA003518,3089041000789978,SBIN0010482,Sai Dey
BA003519,3089041000583323,SBIN0010482,Dhriti Virk
BA003520,3089041000823018,SBIN0010482,Yashvi Kadakia
BA003521,3089041000487758,SBIN0010482,Chaitanya Khalsa
BA003522,3089041000936226,SBIN0010482,Raghav Dhar
BA003523,3089041000998887,SBIN0010482,Tanveer Desai
BA003524,3089041000182919,SBIN0010482,Jagrati Mall
BA003525,3089041000421230,SBIN0010482,Pahal Borde
BA003526,3089041000568382,SBIN0010482,Abha Raj
BA003527,3089041000224427,SBIN0010482,Mugdha Shan
BA003528,3089041000265059,SBIN0010482,Aachal Sandal
BA003529,3089041000694093,SBIN0010482,Samar Bobal
BA003530,3089041000866373,SBIN0010482,Reyansh Pradhan
BA003531,3089041000865344,SBIN0010482,Oni Dube
BA003532,3089041000630040,SBIN0010482,Radha Raghavan
BA003533,3089041000779587,SBIN0010482,Yug Brahmbhatt
BA003534,3089041000815095,SBIN0010482,Jeet Wali
BA003535,3089041000900264,SBIN0010482,Niharika Bhatti
BA003536,3089041000607348,SBIN0010482,Gaurav Patil
BA003537,3089041000225740,SBIN0010482,Anjali Dhingra
BA003538,3089041000191063,SBIN0010482,Anusha Anne
BA003539,3089041000643264,SBIN0010482,Krishna Kapadia
BA003540,3089041000469359,SBIN0010482,Henry Dasgupta
BA003541,3089041000732700,SBIN0010482,Damini Suri
BA003542,3089041000631917,SBIN0010482,Ikshita Manda
BA003543,3089041000736626,SBIN0010482,Hardik Bava
BA003544,3089041000471427,SBIN0010482,Eesha Ramachandran
BA003545,3089041000841816,SBIN0010482,Hemani Wali
BA003546,3089041000327216,SBIN0010482,Vansha Datta
BA003547,3089041000261447,SBIN0010482,Aditya Varghese
BA003548,3089041000524701,SBIN0010482,Jonathan Dhar
BA003549,3089041000354010,SBIN0010482,Amara Bera
BA003550,3089041000106619,SBIN0010482,Zaid Sahota
BA003551,3089041000114210,SBIN0010482,Qadim Sarna
BA003552,3089041000596528,SBIN0010482,Upadhriti Thakkar
BA003553,3089041000696301,SBIN0010482,Anya Sangha
BA003554,3089041000805933,SBIN0010482,Dalaja Chahal
BA003555,3089041000321794,SBIN0010482,Niharika Munshi
BA003556,3089041000265985,SBIN0010482,Fariq Bose
BA003557,3089041000256941,SBIN0010482,Girik Gandhi
BA003558,3089041000648635,SBIN0010482,Frado Mangal
BA003559,3089041000907918,SBIN0010482,Advaith Samra
BA003560,3089041000598235,SBIN0010482,Varsha Tank
BA003561,3089041000760566,SBIN0010482,Nidra Atwal
BA003562,3089041000172617,SBIN0010482,Abhimanyu Sandal
BA003563,3089041000603251,SBIN0010482,Yash Wable
BA003564,3089041000520388,SBIN0010482,Saumya Ganguly
BA003565,3089041000464441,SBIN0010482,Parth Borde
BA003566,3089041000139463,SBIN0010482,Kiaan Varkey
BA003567,3089041000781651,SBIN0010482,Charan Sami
BA003568,3089041000287953,SBIN0010482,Ladli Garde
BA003569,3089041000414268,SBIN0010482,Isaiah Nigam
BA003570,3089041000413038,SBIN0010482,Jacob Mannan
BA003571,3089041000741714,SBIN0010482,Vasudha Memon
BA003572,3089041000337413,SBIN0010482,Tanay Agate
BA003573,3089041000444130,SBIN0010482,Teerth Mody
BA003574,3089041000204604,SBIN0010482,Ubika Sura
BA003575,3089041000220736,SBIN0010482,Ishani Ahuja
BA003576,3089041000714051,SBIN0010482,Falguni Misra
BA003577,3089041000500033,SBIN0010482,Hredhaan Ahluwalia
BA003578,3089041000313951,SBIN0010482,Quincy Ratti
BA003579,3089041000758510,SBIN0010482,Aditya Chaudhuri
BA003580,3089041000829560,SBIN0010482,Vyanjana Hora
BA003581,3089041000150392,SBIN0010482,Yoshita Dube
BA003582,3089041000425087,SBIN0010482,Jatin Sura
BA003583,3089041000535877,SBIN0010482,NACHIKET KRISHNA
BA003584,3089041000260422,SBIN0010482,Upma Rana
BA003585,3089041000416772,SBIN0010482,Chandani Patla
BA003586,3089041000393948,SBIN0010482,Qabil Yadav
BA003587,3089041000260765,SBIN0010482,Ikbal Sarna
BA003588,3089041000123033,SBIN0010482,Neel Dey
BA003589,3089041000921363,SBIN0010482,Radha Ahluwalia
BA003590,3089041000281991,SBIN0010482,Rushil Choudhry
BA003591,3089041000683143,SBIN0010482,Bhavani Baria
BA003592,3089041000580722,SBIN0010482,Megha Sama
BA003593,3089041000406891,SBIN0010482,Azad Dyal
BA003594,3089041000972097,SBIN0010482,Varenya Lata
BA003595,3089041000291760,SBIN0010482,Oviya Suresh
BA003596,3089041000759472,SBIN0010482,Joshua Nair
BA003597,3089041000919924,SBIN0010482,Yachana Ramachandran
BA003598,3089041000757667,SBIN0010482,Imaran Chokshi
BA003599,3089041000225017,SBIN0010482,Jonathan Dugal
BA003600,3089041000177525,SBIN0010482,Xiti Arya
BA003601,3089041000716307,SBIN0010482,Charles Oommen
BA003602,3089041000884794,SBIN0010482,Abhiram Saraf
BA003603,3089041000218475,SBIN0010482,Bimala  Manda
BA003604,3089041000665789,SBIN0010482,Fitan Sanghvi
BA003605,3089041000623339,SBIN0010482,Michael Vaidya
BA003606,3089041000174838,SBIN0010482,Zaid Mand
BA003607,3089041000267728,SBIN0010482,Adya Kota
BA003608,3089041000261072,SBIN0010482,Rushil Som
BA003609,3089041000129126,SBIN0010482,Yadavi Golla
BA003610,3089041000433180,SBIN0010482,Manthan Karnik
BA003611,3089041000777120,SBIN0010482,Kevin Rattan
BA003612,3089041000128382,SBIN0010482,Anusha Handa
BA003613,3089041000145727,SBIN0010482,Pooja Badami
BA003614,3089041000969097,SBIN0010482,Gavin Behl
BA003615,3089041000556592,SBIN0010482,Nikita Vohra
BA003616,3089041000161328,SBIN0010482,Vihaan Kapadia
BA003617,3089041000626884,SBIN0010482,Pooja Srinivas
BA003618,3089041000518691,SBIN0010482,Yashvi Sane
BA003619,3089041000740171,SBIN0010482,Daksha Choudhary
BA003620,3089041000271017,SBIN0010482,Januja Mand
BA003621,3089041000910009,SBIN0010482,Omya Koshy
BA003622,3089041000391173,SBIN0010482,Champak Gopal
BA003623,3089041000329994,SBIN0010482,Aadi Ben
BA003624,3089041000515267,SBIN0010482,Simon  Mangal
BA003625,3089041000655179,SBIN0010482,Ati Chaudhuri
BA003626,3089041000904579,SBIN0010482,Qasim Krishnan
BA003627,3089041000355921,SBIN0010482,Januja Natt
BA003628,3089041000452554,SBIN0010482,Isaac Chatterjee
BA003629,3089041000555138,SBIN0010482,Kalpit Narula
BA003630,3089041000805719,SBIN0010482,Janaki Wadhwa
BA003631,3089041000525785,SBIN0010482,Wazir Majumdar
BA003632,3089041000648034,SBIN0010482,Leena Chahal
BA003633,3089041000583020,SBIN0010482,Kalpit Dara
BA003634,3089041000850980,SBIN0010482,Rayaan Hans
BA003635,3089041000471093,SBIN0010482,Hardik Borde
BA003636,3089041000386081,SBIN0010482,Charvi Som
BA003637,3089041000566670,SBIN0010482,Mitesh Bassi
BA003638,3089041000689756,SBIN0010482,Rehaan Sahota
BA003639,3089041000991927,SBIN0010482,Idika Pau
BA003640,3089041000584487,SBIN0010482,Jacob Sarin
BA003641,3089041000947697,SBIN0010482,Vasudha Saini
BA003642,3089041000771098,SBIN0010482,Ojas Mahal
BA003643,3089041000515978,SBIN0010482,Bimala Bath
BA003644,3089041000332196,SBIN0010482,Ranveer Rao
BA003645,3089041000677833,SBIN0010482,Yochana Borde
BA003646,3089041000568795,SBIN0010482,Raksha Upadhyay
BA003647,3089041000206768,SBIN0010482,Madhavi Rattan
BA003648,3089041000667659,SBIN0010482,Samuel Gour
BA003649,3089041000785378,SBIN0010482,Nathaniel Kamdar
BA003650,3089041000228844,SBIN0010482,Yochana Shah
BA003651,3089041000607456,SBIN0010482,Chavvi Kannan
BA003652,3089041000222504,SBIN0010482,Amrita Dani
BA003653,3089041000293186,SBIN0010482,Udarsh Bath
BA003654,3089041000623138,SBIN0010482,Bishakha Baral
BA003655,3089041000558304,SBIN0010482,Arunima Deol
BA003656,3089041000401433,SBIN0010482,Charan Kothari
BA003657,3089041000195844,SBIN0010482,JACK AGARWAL
BA003658,3089041000358348,SBIN0010482,Jyoti Nair
BA003659,3089041000278584,SBIN0010482,Aishani Deol
BA003660,3089041000570419,SBIN0010482,Chaitaly Nair
BA003661,3089041000570010,SBIN0010482,Advaith Parekh
BA003662,3089041000879458,SBIN0010482,Ati Goda
BA003663,3089041000309126,SBIN0010482,Amol Yogi
BA003664,3089041000328351,SBIN0010482,Lavanya Kurian
BA003665,3089041000139252,SBIN0010482,Riya Kannan
BA003666,3089041000967392,SBIN0010482,Amruta Jani
BA003667,3089041000528441,SBIN0010482,Nachiket Sehgal
BA003668,3089041000212596,SBIN0010482,Radha Pillay
BA003669,3089041000870934,SBIN0010482,Varenya Chander
BA003670,3089041000243184,SBIN0010482,Pratyush Sharaf
BA003671,3089041000714294,SBIN0010482,Patrick Gulati
BA003672,3089041000816972,SBIN0010482,Pranit Manda
BA003673,3089041000278468,SBIN0010482,Dayita Gaba
BA003674,3089041000559318,SBIN0010482,Meera Guha
BA003675,3089041000890871,SBIN0010482,Luke Bora
BA003676,3089041000664986,SBIN0010482,Yatan Sha
BA003677,3089041000444107,SBIN0010482,Harish Vyas
BA003678,3089041000648793,SBIN0010482,Advik Chaudhry
BA003679,3089041000990158,SBIN0010482,Leena Bail
BA003680,3089041000123764,SBIN0010482,Agastya Bassi
BA003681,3089041000543504,SBIN0010482,Yuvraj Chacko
BA003682,3089041000976750,SBIN0010482,Luke Arya
BA003683,3089041000183697,SBIN0010482,Hitesh Nigam
BA003684,3089041000547314,SBIN0010482,Samaksh Dewan
BA003685,3089041000852016,SBIN0010482,Sachi Gade
BA003686,3089041000831025,SBIN0010482,Garima Srinivas
BA003687,3089041000634414,SBIN0010482,Yagnesh Bhalla
BA003688,3089041000887769,SBIN0010482,Jatin Bail
BA003689,3089041000960263,SBIN0010482,Harshil Minhas
BA003690,3089041000511972,SBIN0010482,Yasti Sagar
BA003691,3089041000996805,SBIN0010482,Aarav Kapur
BA003692,3089041000946450,SBIN0010482,Utkarsh Sane
BA003693,3089041000830404,SBIN0010482,Manan Pandit
BA003694,3089041000139293,SBIN0010482,Upkaar Rajagopalan
BA003695,3089041000249642,SBIN0010482,Vyanjana Gara
BA003696,3089041000707137,SBIN0010482,Udarsh Chaudry
BA003697,3089041000619356,SBIN0010482,Ishanvi Bose
BA003698,3089041000902434,SBIN0010482,Jagat Patel
BA003699,3089041000242380,SBIN0010482,Caleb Dora
BA003700,3089041000979905,SBIN0010482,Priya Wali
BA003701,3089041000631897,SBIN0010482,Pratyush Sandal
BA003702,3089041000571342,SBIN0010482,Charvi Mangat
BA003703,3089041000302376,SBIN0010482,Hemang Madan
BA003704,3089041000171114,SBIN0010482,Jyoti Lanka
BA003705,3089041000894780,SBIN0010482,Aarnav Dixit
BA003706,3089041000351865,SBIN0010482,Ekaja Divan
BA003707,3089041000251202,SBIN0010482,Sanya Sridhar
BA003708,3089041000314628,SBIN0010482,Isaiah Sane
BA003709,3089041000972815,SBIN0010482,Maanav Chana
BA003710,3089041000500013,SBIN0010482,Joshua Gopal
BA003711,3089041000158815,SBIN0010482,Ira Nagar
BA003712,3089041000529150,SBIN0010482,Panini Srivastava
BA003713,3089041000243195,SBIN0010482,Gauri Devi
BA003714,3089041000198067,SBIN0010482,Leela Sahota
BA003715,3089041000786907,SBIN0010482,Waida Walia
BA003716,3089041000620070,SBIN0010482,Leena Chacko
BA003717,3089041000421276,SBIN0010482,Theodore Chahal
BA003718,3089041000779420,SBIN0010482,Janaki Agate
BA003719,3089041000711677,SBIN0010482,Anay Patil
BA003720,3089041000755894,SBIN0010482,Kiaan Choudhary
BA003721,3089041000958092,SBIN0010482,Ikshita Patel
BA003722,3089041000500833,SBIN0010482,Chaitaly Sharma
BA003723,3089041000982474,SBIN0010482,Oviya Kibe
BA003724,3089041000683010,SBIN0010482,Udarsh Bhalla
BA003725,3089041000624497,SBIN0010482,Jacob Dhar
BA003726,3089041000214856,SBIN0010482,Atharv Samra
BA003727,3089041000152797,SBIN0010482,Chatura Cherian
BA003728,3089041000341656,SBIN0010482,Vansha Dugar
BA003729,3089041000265381,SBIN0010482,Manan Pau
BA003730,3089041000308983,SBIN0010482,Farhan Konda
BA003731,3089041000163920,SBIN0010482,ADVIK SAHA
BA003732,3089041000105063,SBIN0010482,Qabil Singhal
BA003733,3089041000937100,SBIN0010482,Chandani Singhal
BA003734,3089041000972068,SBIN0010482,Geetika Sawhney
BA003735,3089041000414784,SBIN0010482,Bhavini Choudhry
BA003736,3089041000640069,SBIN0010482,Darpan Balay
BA003737,3089041000186488,SBIN0010482,Yahvi Dyal
BA003738,3089041000943952,SBIN0010482,Meghana Sampath
BA003739,3089041000899685,SBIN0010482,Aarna Thaker
BA003740,3089041000838253,SBIN0010482,Utkarsh Sampath
BA003741,3089041000775243,SBIN0010482,Anita Chanda
BA003742,3089041000904318,SBIN0010482,Jeremiah Kakar
BA003743,3089041000621017,SBIN0010482,Daksh Kanda
BA003744,3089041000333066,SBIN0010482,Qarin Brahmbhatt
BA003745,3089041000246265,SBIN0010482,Vansha Munshi
BA003746,3089041000797888,SBIN0010482,Lajita Gala
BA003747,3089041000124674,SBIN0010482,Kamya Samra
BA003748,3089041000284319,SBIN0010482,Anamika Chopra
BA003749,3089041000658211,SBIN0010482,Faras Patil
BA003750,3089041000420299,SBIN0010482,Ayaan Khatri
BA003751,3089041000752255,SBIN0010482,Nicholas Chhabra
BA003752,3089041000466710,SBIN0010482,Siddharth Apte
BA003753,3089041000885858,SBIN0010482,Raghav Jaggi
BA003754,3089041000468136,SBIN0010482,Wridesh Luthra
BA003755,3089041000997852,SBIN0010482,Chaitanya Sule
BA003756,3089041000214140,SBIN0010482,Chanakya Murty
BA003757,3089041000951123,SBIN0010482,Dayamai Anand
BA003758,3089041000553848,SBIN0010482,Barkha Rao
BA003759,3089041000118027,SBIN0010482,Divya Raman
BA003760,3089041000677168,SBIN0010482,Kai Chatterjee
BA003761,3089041000810062,SBIN0010482,Nikita Thakur
BA003762,3089041000524832,SBIN0010482,Yadavi Doctor
BA003763,3089041000426109,SBIN0010482,Lavanya Sood
BA003764,3089041000653535,SBIN0010482,Bina Edwin
BA003765,3089041000271081,SBIN0010482,Ubika Brar
BA003766,3089041000412280,SBIN0010482,Vincent Kale
BA003767,3089041000535097,SBIN0010482,Naveen Thaker
BA003768,3089041000856818,SBIN0010482,Sara Deep
BA003769,3089041000759225,SBIN0010482,Bina Parsa
BA003770,3089041000685222,SBIN0010482,Balveer Ram
BA003771,3089041000590679,SBIN0010482,Sathvik Borde
BA003772,3089041000312653,SBIN0010482,Widisha Chatterjee
BA003773,3089041000142276,SBIN0010482,Luke More
BA003774,3089041000484131,SBIN0010482,Wishi Chandra
BA003775,3089041000937185,SBIN0010482,Dipta Gara
BA003776,3089041000678275,SBIN0010482,Neel Bir
BA003777,3089041000169513,SBIN0010482,Januja Pandit
BA003778,3089041000221047,SBIN0010482,Ekavir Gola
BA003779,3089041000481659,SBIN0010482,Aarna Solanki
BA003780,3089041000705958,SBIN0010482,Riya Dey
BA003781,3089041000212341,SBIN0010482,Vinaya Baral
BA003782,3089041000854655,SBIN0010482,Bhavini Rattan
BA003783,3089041000800183,SBIN0010482,Kai Sastry
BA003784,3089041000622892,SBIN0010482,Yauvani Murthy
BA003785,3089041000595408,SBIN0010482,Fiyaz Sachdev
BA003786,3089041000203264,SBIN0010482,Adya Basak
BA003787,3089041000372207,SBIN0010482,Yash Anand
BA003788,3089041000556268,SBIN0010482,Henry Mannan
BA003789,3089041000206688,SBIN0010482,Nathan Rastogi
BA003790,3089041000772365,SBIN0010482,Udant Rama
BA003791,3089041000655825,SBIN0010482,Girik Palla
BA003792,3089041000269866,SBIN0010482,Upadhriti Warrior
BA003793,3089041000294968,SBIN0010482,Ikbal Chada
BA003794,3089041000975387,SBIN0010482,Hritik  Ranganathan
BA003795,3089041000733069,SBIN0010482,Ryan Ratti
BA003796,3089041000648736,SBIN0010482,Dhruv Nadig
BA003797,3089041000372323,SBIN0010482,Vedika Kala
BA003798,3089041000995226,SBIN0010482,Ishwar Mallick
BA003799,3089041000531482,SBIN0010482,Balvan Dugal
BA003800,3089041000715195,SBIN0010482,Madhav Kala
BA003801,3089041000577565,SBIN0010482,Azad Rai
BA003802,3089041000782883,SBIN0010482,Janaki Sani
BA003803,3089041000265270,SBIN0010482,Tanay Bhagat
BA003804,3089041000976133,SBIN0010482,Arin Sampath
BA003805,3089041000696261,SBIN0010482,Zayyan Goda
BA003806,3089041000174923,SBIN0010482,Lucky Biswas
BA003807,3089041000459067,SBIN0010482,Nidhi Bumb
BA003808,3089041000705628,SBIN0010482,Siya Saini
BA003809,3089041000105588,SBIN0010482,Aashi Gour
BA003810,3089041000676760,SBIN0010482,George Sangha
BA003811,3089041000288934,SBIN0010482,Chameli Gala
BA003812,3089041000970784,SBIN0010482,Ikshita Saini
BA003813,3089041000775829,SBIN0010482,Vaishnavi Wason
BA003814,3089041000539034,SBIN0010482,Rajeshri  Pant
BA003815,3089041000692492,SBIN0010482,Advaith Issac
BA003816,3089041000668552,SBIN0010482,Maanav Naik
BA003817,3089041000275922,SBIN0010482,Akshay Dora
BA003818,3089041000454046,SBIN0010482,Manbir Tata
BA003819,3089041000947811,SBIN0010482,Ishaan Ray
BA003820,3089041000547484,SBIN0010482,Aarush Seshadri
BA003821,3089041000232461,SBIN0010482,Shivani Chatterjee
BA003822,3089041000744652,SBIN0010482,Tejas Guha
BA003823,3089041000423999,SBIN0010482,Ojas Purohit
BA003824,3089041000569905,SBIN0010482,Ijaya Kadakia
BA003825,3089041000204726,SBIN0010482,Akshay Prabhakar
BA003826,3089041000633406,SBIN0010482,Amol Mittal
BA003827,3089041000127734,SBIN0010482,Yadavi Dash
BA003828,3089041000211038,SBIN0010482,Tamanna Sachdev
BA003829,3089041000205242,SBIN0010482,INDIRA PANDEY
BA003830,3089041000734875,SBIN0010482,Gautami Comar
BA003831,3089041000347743,SBIN0010482,Tara Sangha
BA003832,3089041000616568,SBIN0010482,Peter Gaba
BA003833,3089041000894352,SBIN0010482,Lakshmi Mane
BA003834,3089041000669273,SBIN0010482,Bhanumati Chaudhary
BA003835,3089041000656169,SBIN0010482,Hemang Chakraborty
BA003836,3089041000875585,SBIN0010482,Nisha Chawla
BA003837,3089041000918035,SBIN0010482,Harish Sawhney
BA003838,3089041000211452,SBIN0010482,Bimala Salvi
BA003839,3089041000280463,SBIN0010482,Udant Sha
BA003840,3089041000401437,SBIN0010482,Ishwar Hayre
BA003841,3089041000141688,SBIN0010482,Jeet Panchal
BA003842,3089041000976561,SBIN0010482,Nitara Randhawa
BA003843,3089041000702848,SBIN0010482,Kavya Kapur
BA003844,3089041000332986,SBIN0010482,Amrita Lalla
BA003845,3089041000435933,SBIN0010482,Oeshi Khurana
BA003846,3089041000651259,SBIN0010482,Oeshi Bali
BA003847,3089041000194509,SBIN0010482,Atharv Dube
BA003848,3089041000774144,SBIN0010482,Zilmil Nadkarni
BA003849,3089041000507989,SBIN0010482,Onkar Sani
BA003850,3089041000540636,SBIN0010482,Mahika Hans
BA003851,3089041000549384,SBIN0010482,Charan Sanghvi
BA003852,3089041000745394,SBIN0010482,Madhavi Ghose
BA003853,3089041000422596,SBIN0010482,Eesha Varughese
BA003854,3089041000507603,SBIN0010482,Rajeshri Kashyap
BA003855,3089041000487682,SBIN0010482,Jonathan Thaman
BA003856,3089041000840397,SBIN0010482,Manya Lad
BA003857,3089041000605108,SBIN0010482,Ekantika Jani
BA003858,3089041000709800,SBIN0010482,Girik Bal
BA003859,3089041000872841,SBIN0010482,Advay Dua
BA003860,3089041000668571,SBIN0010482,Farhan Raja
BA003861,3089041000891694,SBIN0010482,Kalpit Setty
BA003862,3089041000882808,SBIN0010482,Rachit Khatri
BA003863,3089041000831386,SBIN0010482,Chameli  Hari
BA003864,3089041000338963,SBIN0010482,Kritika Lad
BA003865,3089041000775924,SBIN0010482,Anvi Butala
BA003866,3089041000999281,SBIN0010482,Arin Chauhan
BA003867,3089041000551839,SBIN0010482,Tripti Das
BA003868,3089041000952708,SBIN0010482,Lucky Mandal
BA003869,3089041000937623,SBIN0010482,Pranit Chander
BA003870,3089041000688287,SBIN0010482,Warda Pathak
BA003871,3089041000979688,SBIN0010482,Mahika Chaudhuri
BA003872,3089041000633693,SBIN0010482,Anthony Sachdev
BA003873,3089041000836549,SBIN0010482,Vidhi Bose
BA003874,3089041000715841,SBIN0010482,Oni Prashad
BA003875,3089041000191328,SBIN0010482,Shravya Dyal
BA003876,3089041000128085,SBIN0010482,Chanchal Anne
BA003877,3089041000371018,SBIN0010482,Azad Dalal
BA003878,3089041000827436,SBIN0010482,Idika Sule
BA003879,3089041000505132,SBIN0010482,Nathan Vig
BA003880,3089041000154321,SBIN0010482,Jairaj Hans
BA003881,3089041000197678,SBIN0010482,Arin Vasa
BA003882,3089041000412836,SBIN0010482,Tarak Patla
BA003883,3089041000576327,SBIN0010482,Teerth Balan
BA003884,3089041000442096,SBIN0010482,Lakshit Kannan
BA003885,3089041000292781,SBIN0010482,Jonathan Loyal
BA003886,3089041000503574,SBIN0010482,Vasatika  Iyengar
BA003887,3089041000981508,SBIN0010482,Ijaya Menon
BA003888,3089041000394241,SBIN0010482,Warhi Sarin
BA003889,3089041000813521,SBIN0010482,Reyansh Krishna
BA003890,3089041000714011,SBIN0010482,Rudra Mand
BA003891,3089041000697558,SBIN0010482,Harshil Muni
BA003892,3089041000902008,SBIN0010482,Samesh  Sura
BA003893,3089041000954749,SBIN0010482,Sanaya Sampath
BA003894,3089041000851671,SBIN0010482,Eiravati Chokshi
BA003895,3089041000342033,SBIN0010482,Pushti Iyengar
BA003896,3089041000956263,SBIN0010482,Kashvi Bhatt
BA003897,3089041000273838,SBIN0010482,Oliver Bandi
BA003898,3089041000461499,SBIN0010482,Nimrat Memon
BA003899,3089041000870497,SBIN0010482,Mitali Balan
BA003900,3089041000367184,SBIN0010482,Pranit Naidu
BA003901,3089041000882275,SBIN0010482,Quincy Parmar
BA003902,3089041000832320,SBIN0010482,Elijah  Kale
BA003903,3089041000994337,SBIN0010482,Kamya Dhillon
BA003904,3089041000259704,SBIN0010482,Jason Andra
BA003905,3089041000411555,SBIN0010482,Advay Narasimhan
BA003906,3089041000453195,SBIN0010482,Udyati Nagy
BA003907,3089041000750579,SBIN0010482,Dominic Rajan
BA003908,3089041000104523,SBIN0010482,Simon Vyas
BA003909,3089041000651752,SBIN0010482,Harshil Mall
BA003910,3089041000271302,SBIN0010482,Oviya Saran
BA003911,3089041000154347,SBIN0010482,Ekaja Hora
BA003912,3089041000703559,SBIN0010482,Chandran Tak
BA003913,3089041000302769,SBIN0010482,Chakradhar Maharaj
BA003914,3089041000738513,SBIN0010482,Jagdish Dash
BA003915,3089041000430525,SBIN0010482,Onveer Narain
BA003916,3089041000135773,SBIN0010482,Warjas Bail
BA003917,3089041000468758,SBIN0010482,Andrew Agrawal
BA003918,3089041000872387,SBIN0010482,Bhavani Deep
BA003919,3089041000517722,SBIN0010482,Balhaar Walla
BA003920,3089041000851644,SBIN0010482,Geetika Babu
BA003921,3089041000926762,SBIN0010482,Upma Chandran
BA003922,3089041000141844,SBIN0010482,Charvi Maharaj
BA003923,3089041000792135,SBIN0010482,Hiral Ratta
BA003924,3089041000396206,SBIN0010482,Dhriti Tak
BA003925,3089041000309806,SBIN0010482,Maya Misra
BA003926,3089041000611057,SBIN0010482,Wakeeta Dara
BA003927,3089041000728605,SBIN0010482,Harshil Balakrishnan
BA003928,3089041000200923,SBIN0010482,Champak Anne
BA003929,3089041000352674,SBIN0010482,Henry Naidu
BA003930,3089041000729795,SBIN0010482,Upkaar Garde
BA003931,3089041000861695,SBIN0010482,Rayaan Pillay
BA003932,3089041000962846,SBIN0010482,Charles Lad
BA003933,3089041000527237,SBIN0010482,Indrajit Bava
BA003934,3089041000660590,SBIN0010482,Falan Lalla
BA003935,3089041000150770,SBIN0010482,Ladli  Madan
BA003936,3089041000656690,SBIN0010482,Lakshit Sharma
BA003937,3089041000715138,SBIN0010482,Jonathan Nagar
BA003938,3089041000822007,SBIN0010482,Odika Sekhon
BA003939,3089041000511485,SBIN0010482,Wridesh Sridhar
BA003940,3089041000409619,SBIN0010482,Avni Nagy
BA003941,3089041000734362,SBIN0010482,Upkaar Chanda
BA003942,3089041000508199,SBIN0010482,Chaman Butala
BA003943,3089041000264521,SBIN0010482,Xavier Jha
BA003944,3089041000346136,SBIN0010482,Falan Talwar
BA003945,3089041000410727,SBIN0010482,Simon Arya
BA003946,3089041000174455,SBIN0010482,Upadhriti Rajan
BA003947,3089041000543715,SBIN0010482,Vinaya Cheema
BA003948,3089041000178699,SBIN0010482,Sathvik Wable
BA003949,3089041000867476,SBIN0010482,Devika Setty
BA003950,3089041000183835,SBIN0010482,Yamini Cherian
BA003951,3089041000680626,SBIN0010482,Theodore Patla
BA003952,3089041000294757,SBIN0010482,Sneha Varghese
BA003953,3089041000944848,SBIN0010482,Mugdha Guha
BA003954,3089041000840785,SBIN0010482,Arunima Sampath
BA003955,3089041000687906,SBIN0010482,Damyanti Chaudry
BA003956,3089041000560635,SBIN0010482,Triya Chhabra
BA003957,3089041000149004,SBIN0010482,Wridesh Babu
BA003958,3089041000898118,SBIN0010482,Rachit Loke
BA003959,3089041000719697,SBIN0010482,Vamakshi Wali
BA003960,3089041000458714,SBIN0010482,Indira Lanka
BA003961,3089041000130885,SBIN0010482,Frado Pandya
BA003962,3089041000257860,SBIN0010482,Simon Dora
BA003963,3089041000833839,SBIN0010482,Yadavi Sankar
BA003964,3089041000349603,SBIN0010482,Chatresh Sastry
BA003965,3089041000188934,SBIN0010482,Kala Chaudhari
BA003966,3089041000555426,SBIN0010482,Lavanya Sami
BA003967,3089041000982751,SBIN0010482,Chaitaly Gulati
BA003968,3089041000523142,SBIN0010482,Patrick Majumdar
BA003969,3089041000777053,SBIN0010482,Zilmil Sant
BA003970,3089041000727212,SBIN0010482,Chandresh Kothari
BA003971,3089041000953402,SBIN0010482,Theodore Contractor
BA003972,3089041000881505,SBIN0010482,Balendra Lata
BA003973,3089041000838080,SBIN0010482,Dominic Wali
BA003974,3089041000572310,SBIN0010482,Anya Kara
BA003975,3089041000414752,SBIN0010482,Manya Ramaswamy
BA003976,3089041000235022,SBIN0010482,Thomas Loyal
BA003977,3089041000170666,SBIN0010482,Samesh Garg
BA003978,3089041000590249,SBIN0010482,Idika Mani
BA003979,3089041000382422,SBIN0010482,Aarush Chandra
BA003980,3089041000701809,SBIN0010482,Yahvi Sood
BA003981,3089041000434134,SBIN0010482,William Garde
BA003982,3089041000475887,SBIN0010482,Ekaraj Ganesan
BA003983,3089041000505185,SBIN0010482,Gaurangi Shah
BA003984,3089041000367758,SBIN0010482,Agastya Som
BA003985,3089041000717326,SBIN0010482,Gaurika Bail
BA003986,3089041000913203,SBIN0010482,Aishani Bose
BA003987,3089041000752435,SBIN0010482,ADITYA PANDEY
BA003988,3089041000871630,SBIN0010482,Aarav Suresh
BA003989,3089041000112704,SBIN0010482,Urmi Choudhary
BA003990,3089041000385984,SBIN0010482,Anay Mannan
BA003991,3089041000113822,SBIN0010482,Yahvi Ganesh
BA003992,3089041000114848,SBIN0010482,Girindra Chaudhry
BA003993,3089041000712869,SBIN0010482,Gautami Sethi
BA003994,3089041000470959,SBIN0010482,Indali Kurian
BA003995,3089041000338401,SBIN0010482,Zehaan Patla
BA003996,3089041000219200,SBIN0010482,Agastya Pandit
BA003997,3089041000625190,SBIN0010482,Gauri Vasa
BA003998,3089041000778117,SBIN0010482,Isaiah Madan
BA003999,3089041000273797,SBIN0010482,Manbir Roy
BA004000,3089041000290624,SBIN0010482,Lucky Parikh
BA004001,3089041000591508,SBIN0010482,Azaan Konda
BA004002,3089041000260183,SBIN0010482,Jagvi Jhaveri
BA004003,3089041000707410,SBIN0010482,Rishi Purohit
BA004004,3089041000938287,SBIN0010482,Anusha Sengupta
BA004005,3089041000174030,SBIN0010482,Alka Palla
BA004006,3089041000983942,SBIN0010482,Mahika Sahni
BA004007,3089041000731796,SBIN0010482,Dayamai Halder
BA004008,3089041000636584,SBIN0010482,Zinal Oza
BA004009,3089041000258269,SBIN0010482,Rachita Sha
BA004010,3089041000874087,SBIN0010482,Bhavya Choudhary
BA004011,3089041000635553,SBIN0010482,Wishi Din
BA004012,3089041000576768,SBIN0010482,Mason Virk
BA004013,3089041000334780,SBIN0010482,Nicholas Mitter
BA004014,3089041000582598,SBIN0010482,Bhavya Bhattacharyya
BA004015,3089041000939244,SBIN0010482,Alexander Setty
BA004016,3089041000904920,SBIN0010482,Teerth Mandal
BA004017,3089041000808315,SBIN0010482,Chatresh Suresh
BA004018,3089041000180058,SBIN0010482,Abdul Sani
BA004019,3089041000779662,SBIN0010482,Aadi Bedi
BA004020,3089041000730970,SBIN0010482,Lakshit Palla
BA004021,3089041000249027,SBIN0010482,Yadavi Dubey
BA004022,3089041000407698,SBIN0010482,Anika Dhar
BA004023,3089041000742940,SBIN0010482,Rachana Buch
BA004024,3089041000840733,SBIN0010482,Theodore Balay
BA004025,3089041000911622,SBIN0010482,Isha Kothari
BA004026,3089041000337784,SBIN0010482,Pahal Rastogi
BA004027,3089041000663655,SBIN0010482,Advika Mittal
BA004028,3089041000843460,SBIN0010482,Oscar Sarin
BA004029,3089041000757574,SBIN0010482,Liam Iyengar
BA004030,3089041000180659,SBIN0010482,Krishna Saha
BA004031,3089041000978472,SBIN0010482,Charvi Mody
BA004032,3089041000871693,SBIN0010482,Chameli Shenoy
BA004033,3089041000311059,SBIN0010482,Keya Sarkar
BA004034,3089041000222237,SBIN0010482,Lakshit Vyas
BA004035,3089041000181746,SBIN0010482,Dhriti Thakur
BA004036,3089041000234223,SBIN0010482,Upadhriti Pandya
BA004037,3089041000860425,SBIN0010482,Unnati Salvi
BA004038,3089041000175672,SBIN0010482,Triya Bala
BA004039,3089041000272180,SBIN0010482,Oviya Chakrabarti
BA004040,3089041000953075,SBIN0010482,Chasmum Kibe
BA004041,3089041000712951,SBIN0010482,Joshua Memon
BA004042,3089041000992136,SBIN0010482,Maya Dass
BA004043,3089041000439084,SBIN0010482,Abeer Shere
BA004044,3089041000368244,SBIN0010482,Chatura Chad
BA004045,3089041000891704,SBIN0010482,Anamika Chhabra
BA004046,3089041000708446,SBIN0010482,Gunbir Mannan
BA004047,3089041000963921,SBIN0010482,Garima Bhat
BA004048,3089041000199361,SBIN0010482,YASTI BERA
BA004049,3089041000603760,SBIN0010482,Zaitra Dhawan
BA004050,3089041000532592,SBIN0010482,Laban Kapoor
BA004051,3089041000147539,SBIN0010482,Charvi Mukhopadhyay
BA004052,3089041000978552,SBIN0010482,Vedhika Iyer
BA004053,3089041000841058,SBIN0010482,Ekalinga Acharya
BA004054,3089041000824967,SBIN0010482,Jai Venkatesh
BA004055,3089041000403327,SBIN0010482,Yug Jayaraman
BA004056,3089041000120020,SBIN0010482,Urvi Bakshi
BA004057,3089041000391373,SBIN0010482,Mahika Bhakta
BA004058,3089041000200249,SBIN0010482,Charita Ravel
BA004059,3089041000205936,SBIN0010482,Qarin Keer
BA004060,3089041000366509,SBIN0010482,Reva Dasgupta
BA004061,3089041000412896,SBIN0010482,Madhav Bains
BA004062,3089041000881632,SBIN0010482,Lucky Khosla
BA004063,3089041000390170,SBIN0010482,Yasti Iyer
BA004064,3089041000523922,SBIN0010482,Varsha Mann
BA004065,3089041000487692,SBIN0010482,Harish Tailor
BA004066,3089041000361319,SBIN0010482,Anvi Raman
BA004067,3089041000555398,SBIN0010482,Hredhaan Shetty
BA004068,3089041000361977,SBIN0010482,Pavani Divan
BA004069,3089041000208273,SBIN0010482,Bhanumati Shankar
BA004070,3089041000322825,SBIN0010482,Lopa Apte
BA004071,3089041000922914,SBIN0010482,Bahadurjit Saxena
BA004072,3089041000672919,SBIN0010482,Isha Dewan
BA004073,3089041000787633,SBIN0010482,Tara Malhotra
BA004074,3089041000824705,SBIN0010482,Nathan Parmar
BA004075,3089041000682936,SBIN0010482,Ikshita Vohra
BA004076,3089041000412318,SBIN0010482,Yochana Bhatnagar
BA004077,3089041000507477,SBIN0010482,Max Pandey
BA004078,3089041000415175,SBIN0010482,Tripti Dey
BA004079,3089041000290339,SBIN0010482,Chavvi Ramesh
BA004080,3089041000815053,SBIN0010482,Veda Puri
BA004081,3089041000278056,SBIN0010482,Pranit Tripathi
BA004082,3089041000385104,SBIN0010482,Kai Naik
BA004083,3089041000147805,SBIN0010482,Netra Bir
BA004084,3089041000195568,SBIN0010482,Ayushman Dutt
BA004085,3089041000140530,SBIN0010482,Gopal Cherian
BA004086,3089041000751002,SBIN0010482,Vamakshi Naik
BA004087,3089041000417051,SBIN0010482,Warjas Cheema
BA004088,3089041000609255,SBIN0010482,Leena Salvi
BA004089,3089041000929125,SBIN0010482,David Krishna
BA004090,3089041000586466,SBIN0010482,Baljiwan Bora
BA004091,3089041000581691,SBIN0010482,Kavya Balan
BA004092,3089041000549527,SBIN0010482,Ekani Chokshi
BA004093,3089041000744524,SBIN0010482,Krishna Deol
BA004094,3089041000150211,SBIN0010482,Rohan Krishnan
BA004095,3089041000794041,SBIN0010482,Raksha Mangal
BA004096,3089041000427038,SBIN0010482,Saksham Edwin
BA004097,3089041000712105,SBIN0010482,Rehaan Chadha
BA004098,3089041000211114,SBIN0010482,Gopal Jani
BA004099,3089041000410634,SBIN0010482,Logan Ahluwalia
BA004100,3089041000484783,SBIN0010482,Nikita Bora
BA004101,3089041000785673,SBIN0010482,Qasim Wable
BA004102,3089041000636819,SBIN0010482,Ranveer Johal
BA004103,3089041000943272,SBIN0010482,Xiti Pandey
BA004104,3089041000931251,SBIN0010482,Lakshit Bhavsar
BA004105,3089041000113810,SBIN0010482,Prisha Puri
BA004106,3089041000386176,SBIN0010482,Farhan Datta
BA004107,3089041000491145,SBIN0010482,Harrison Dalal
BA004108,3089041000774369,SBIN0010482,Vihaan Behl
BA004109,3089041000896048,SBIN0010482,Arin Kapur
BA004110,3089041000846895,SBIN0010482,Zayan Ramakrishnan
BA004111,3089041000787641,SBIN0010482,Ekansh Dugar
BA004112,3089041000772723,SBIN0010482,Falan Warrior
BA004113,3089041000685431,SBIN0010482,Zarna Tella
BA004114,3089041000703674,SBIN0010482,Mohini Bhandari
BA004115,3089041000420928,SBIN0010482,Urishilla Lall
BA004116,3089041000476738,SBIN0010482,Bachittar Nigam
BA004117,3089041000507379,SBIN0010482,Advika Iyer
BA004118,3089041000565734,SBIN0010482,Daniel Dewan
BA004119,3089041000636900,SBIN0010482,Forum Bhatia
BA004120,3089041000289110,SBIN0010482,Wakeeta Bora
BA004121,3089041000282566,SBIN0010482,Hiral Bobal
BA004122,3089041000458621,SBIN0010482,Faris Srinivas
BA004123,3089041000130192,SBIN0010482,Anika Barman
BA004124,3089041000899946,SBIN0010482,Balendra Taneja
BA004125,3089041000989531,SBIN0010482,Inaya Sankar
BA004126,3089041000556217,SBIN0010482,Chavvi Kari
BA004127,3089041000729395,SBIN0010482,Christopher Bal
BA004128,3089041000352432,SBIN0010482,Ladli Badami
BA004129,3089041000888030,SBIN0010482,Charles Ram
BA004130,3089041000107958,SBIN0010482,Jeremiah Sani
BA004131,3089041000321927,SBIN0010482,Lakshit D’Alia
BA004132,3089041000710027,SBIN0010482,Jacob Pillai
BA004133,3089041000834017,SBIN0010482,Rishi Oza
BA004134,3089041000917507,SBIN0010482,DALBIR KHANNA
BA004135,3089041000919818,SBIN0010482,George Anne
BA004136,3089041000410072,SBIN0010482,Nitara Yadav
BA004137,3089041000846060,SBIN0010482,Alexander Krish
BA004138,3089041000834310,SBIN0010482,Faraj Bhandari
BA004139,3089041000807969,SBIN0010482,Reva Gole
BA004140,3089041000358027,SBIN0010482,Caleb Murthy
BA004141,3089041000244765,SBIN0010482,Yash Master
BA004142,3089041000259616,SBIN0010482,Mitali Srinivas
BA004143,3089041000697476,SBIN0010482,Faraj Bose
BA004144,3089041000498562,SBIN0010482,Samesh Talwar
BA004145,3089041000791127,SBIN0010482,Thomas Sawhney
BA004146,3089041000198825,SBIN0010482,Jeevika Master
BA004147,3089041000407061,SBIN0010482,Amara Nagar
BA004148,3089041000462205,SBIN0010482,Chatura Pal
BA004149,3089041000592056,SBIN0010482,Vedika Mammen
BA004150,3089041000226158,SBIN0010482,Samar Devan
BA004151,3089041000695048,SBIN0010482,Dalaja Kade
BA004152,3089041000538190,SBIN0010482,Kashish Dhar
BA004153,3089041000369904,SBIN0010482,Wahab Sarraf
BA004154,3089041000925671,SBIN0010482,Ishaan Bail
BA004155,3089041000586162,SBIN0010482,Bahadurjit Madan
BA004156,3089041000198154,SBIN0010482,Leena Mital
BA004157,3089041000827098,SBIN0010482,Darpan Mallick
BA004158,3089041000112321,SBIN0010482,Warhi Bahl
BA004159,3089041000170635,SBIN0010482,Leena Sawhney
BA004160,3089041000669520,SBIN0010482,Udarsh Jha
BA004161,3089041000734652,SBIN0010482,Qarin  Sankar
BA004162,3089041000399934,SBIN0010482,Dalaja Balay
BA004163,3089041000219248,SBIN0010482,Atharv Nayar
BA004164,3089041000405946,SBIN0010482,Tarak Bala
BA004165,3089041000869390,SBIN0010482,Radha Sane
BA004166,3089041000633694,SBIN0010482,Ikbal Rama
BA004167,3089041000640070,SBIN0010482,Ubika Samra
BA004168,3089041000522907,SBIN0010482,Nicholas Raj
BA004169,3089041000737742,SBIN0010482,Wazir Deo
BA004170,3089041000197946,SBIN0010482,Avni Mahal
BA004171,3089041000592854,SBIN0010482,Zaid Merchant
BA004172,3089041000854363,SBIN0010482,Megha Barad
BA004173,3089041000170227,SBIN0010482,Janaki Luthra
BA004174,3089041000722085,SBIN0010482,Advik Dash
BA004175,3089041000451431,SBIN0010482,Ekani Lalla
BA004176,3089041000914080,SBIN0010482,Sachi Shere
BA004177,3089041000287453,SBIN0010482,Ria Andra
BA004178,3089041000272602,SBIN0010482,Balhaar Parmer
BA004179,3089041000589806,SBIN0010482,Tejas Rege
BA004180,3089041000334629,SBIN0010482,Fariq Malhotra
BA004181,3089041000247019,SBIN0010482,Devansh Sastry
BA004182,3089041000186973,SBIN0010482,Aarna Majumdar
BA004183,3089041000612606,SBIN0010482,Warda Datta
BA004184,3089041000547944,SBIN0010482,Owen Din
BA004185,3089041000555608,SBIN0010482,Viraj Contractor
BA004186,3089041000401541,SBIN0010482,Qarin Toor
BA004187,3089041000245133,SBIN0010482,Edhitha Barman
BA004188,3089041000897168,SBIN0010482,Darsh Lad
BA004189,3089041000804393,SBIN0010482,Amol Pandit
BA004190,3089041000138946,SBIN0010482,Wahab Palla
BA004191,3089041000520820,SBIN0010482,Faras Tripathi
BA004192,3089041000313183,SBIN0010482,Isaiah Vaidya
BA004193,3089041000295969,SBIN0010482,Warjas Jani
BA004194,3089041000533237,SBIN0010482,Kamya Sagar
BA004195,3089041000826320,SBIN0010482,Pooja Mandal
BA004196,3089041000721013,SBIN0010482,Aryan Narain
BA004197,3089041000121801,SBIN0010482,Gautami Reddy
BA004198,3089041000318598,SBIN0010482,Upma Menon
BA004199,3089041000986063,SBIN0010482,Naveen Pillay
BA004200,3089041000651890,SBIN0010482,Bina Doctor
BA004201,3089041000147033,SBIN0010482,Hitesh Kakar
BA004202,3089041000153028,SBIN0010482,Yasti Trivedi
BA004203,3089041000513042,SBIN0010482,Tanveer Radhakrishnan
BA004204,3089041000898000,SBIN0010482,Mason Raj
BA004205,3089041000177227,SBIN0010482,Faras Kapur
BA004206,3089041000404313,SBIN0010482,Jairaj  Wable
BA004207,3089041000597413,SBIN0010482,Urmi Vohra
BA004208,3089041000619296,SBIN0010482,Edhitha Luthra
BA004209,3089041000671208,SBIN0010482,Chaaya Kohli
BA004210,3089041000553252,SBIN0010482,Xavier Pathak
BA004211,3089041000569286,SBIN0010482,Tamanna Murty
BA004212,3089041000738788,SBIN0010482,Wridesh Saxena
BA004213,3089041000439171,SBIN0010482,Janaki Buch
BA004214,3089041000979340,SBIN0010482,Yashasvi Bose
BA004215,3089041000230860,SBIN0010482,VEDA KARPE
BA004216,3089041000469601,SBIN0010482,Omya Karpe
BA004217,3089041000651112,SBIN0010482,Yash Reddy
BA004218,3089041000648251,SBIN0010482,Abha  Mangat
BA004219,3089041000911536,SBIN0010482,Dipta Dalal
BA004220,3089041000755951,SBIN0010482,Nilima Sama
BA004221,3089041000338091,SBIN0010482,Warda Hora
BA004222,3089041000769975,SBIN0010482,Sudiksha Aurora
BA004223,3089041000372170,SBIN0010482,Jai Sahota
BA004224,3089041000945948,SBIN0010482,Upma Chaudhuri
BA004225,3089041000368133,SBIN0010482,Bahadurjit Sankar
BA004226,3089041000168769,SBIN0010482,Ojas Bora
BA004227,3089041000639086,SBIN0010482,Yutika Wagle
BA004228,3089041000786727,SBIN0010482,Pahal Pandya
BA004229,3089041000642727,SBIN0010482,Neelima Khurana
BA004230,3089041000404850,SBIN0010482,Jagat Nayar
BA004231,3089041000726065,SBIN0010482,Hritik Bath
BA004232,3089041000520366,SBIN0010482,Isha Sen
BA004233,3089041000895331,SBIN0010482,Shivani Sarin
BA004234,3089041000382739,SBIN0010482,Vansha Desai
BA004235,3089041000686253,SBIN0010482,Yashodhara Chacko
BA004236,3089041000198789,SBIN0010482,Abhimanyu Pingle
BA004237,3089041000964408,SBIN0010482,Ladli Nagi
BA004238,3089041000469720,SBIN0010482,Patrick Trivedi
BA004239,3089041000555219,SBIN0010482,Gunbir Kata
BA004240,3089041000467103,SBIN0010482,Wakeeta Om
BA004241,3089041000712997,SBIN0010482,Zarna Vohra
BA004242,3089041000902023,SBIN0010482,Bhavika Naidu
BA004243,3089041000362332,SBIN0010482,Eiravati Gokhale
BA004244,3089041000206434,SBIN0010482,Benjamin Kade
BA004245,3089041000511309,SBIN0010482,Zilmil Mall
BA004246,3089041000346280,SBIN0010482,Hardik Palan
BA004247,3089041000856131,SBIN0010482,Noah Dani
BA004248,3089041000325772,SBIN0010482,Anusha Sur
BA004249,3089041000789512,SBIN0010482,Udarsh Gara
BA004250,3089041000284239,SBIN0010482,Aashi Cherian
BA004251,3089041000589221,SBIN0010482,Arya Dhaliwal
BA004252,3089041000189213,SBIN0010482,Samuel Trivedi
BA004253,3089041000818983,SBIN0010482,Ayaan Baral
BA004254,3089041000805845,SBIN0010482,Abeer Suresh
BA004255,3089041000216961,SBIN0010482,Kala Jani
BA004256,3089041000676659,SBIN0010482,Pooja Saxena
BA004257,3089041000915806,SBIN0010482,Sudiksha Merchant
BA004258,3089041000991753,SBIN0010482,Jagdish Saxena
BA004259,3089041000106163,SBIN0010482,Wakeeta Lall
BA004260,3089041000463038,SBIN0010482,Laksh Mallick
BA004261,3089041000780079,SBIN0010482,Irya Brar
BA004262,3089041000172149,SBIN0010482,Falan Narain
BA004263,3089041000797335,SBIN0010482,Yashica Nayak
BA004264,3089041000267439,SBIN0010482,Sudiksha Varghese
BA004265,3089041000133057,SBIN0010482,Divya Barad
BA004266,3089041000349098,SBIN0010482,Harish Verma
BA004267,3089041000840746,SBIN0010482,Ranveer Banik
BA004268,3089041000204567,SBIN0010482,Yatan Devan
BA004269,3089041000933047,SBIN0010482,Thomas Hayre
BA004270,3089041000184413,SBIN0010482,Upma Doshi
BA004271,3089041000514636,SBIN0010482,Rachit Taneja
BA004272,3089041000950270,SBIN0010482,Karan Issac
BA004273,3089041000471589,SBIN0010482,Zaitra Kala
BA004274,3089041000203227,SBIN0010482,Radha Bhavsar
BA004275,3089041000820781,SBIN0010482,Sathvik Gokhale
BA004276,3089041000100889,SBIN0010482,Omya Lall
BA004277,3089041000492789,SBIN0010482,Wahab Palla
BA004278,3089041000362408,SBIN0010482,Pranit Mital
BA004279,3089041000326964,SBIN0010482,Brinda Sundaram
BA004280,3089041000338904,SBIN0010482,Manya Parikh
BA004281,3089041000219133,SBIN0010482,Chakrika Char
BA004282,3089041000818894,SBIN0010482,Isaiah Mani
BA004283,3089041000603121,SBIN0010482,Sanya Nanda
BA004284,3089041000603797,SBIN0010482,Pavani D’Alia
BA004285,3089041000709888,SBIN0010482,Ucchal Nagar
BA004286,3089041000928928,SBIN0010482,Idika Rao
BA004287,3089041000553685,SBIN0010482,Veda Suresh
BA004288,3089041000583391,SBIN0010482,Wahab Balakrishnan
BA004289,3089041000530462,SBIN0010482,Amrita Tripathi
BA004290,3089041000156153,SBIN0010482,Nilima Bhat
BA004291,3089041000180593,SBIN0010482,Advika Nadkarni
BA004292,3089041000978264,SBIN0010482,Mahika Sathe
BA004293,3089041000425553,SBIN0010482,Mohini Lad
BA004294,3089041000541553,SBIN0010482,Amrita Sunder
BA004295,3089041000733084,SBIN0010482,Harinakshi Bath
BA004296,3089041000684739,SBIN0010482,Sara Rout
BA004297,3089041000211457,SBIN0010482,Ojas Wason
BA004298,3089041000964880,SBIN0010482,Imaran Narayan
BA004299,3089041000732404,SBIN0010482,Anmol Bail
BA004300,3089041000793739,SBIN0010482,Gautam Nath
BA004301,3089041000885654,SBIN0010482,Dev Bawa
BA004302,3089041000169774,SBIN0010482,Janaki Wason
BA004303,3089041000788770,SBIN0010482,Naksh  Wason
BA004304,3089041000198626,SBIN0010482,Veer Mannan
BA004305,3089041000198717,SBIN0010482,Kashvi Narula
BA004306,3089041000132314,SBIN0010482,Tanveer Kothari
BA004307,3089041000531334,SBIN0010482,Balendra Bahri
BA004308,3089041000941698,SBIN0010482,Yachana Rao
BA004309,3089041000590165,SBIN0010482,Brijesh Dugar
BA004310,3089041000287782,SBIN0010482,Charvi Bajwa
BA004311,3089041000435046,SBIN0010482,Yug Bandi
BA004312,3089041000553805,SBIN0010482,Jatin Purohit
BA004313,3089041000197801,SBIN0010482,Karan Madan
BA004314,3089041000394065,SBIN0010482,Faraj Borah
BA004315,3089041000300608,SBIN0010482,Anmol Aurora
BA004316,3089041000652400,SBIN0010482,Girish Raman
BA004317,3089041000951375,SBIN0010482,Devika Naik
BA004318,3089041000571614,SBIN0010482,Yauvani Bajaj
BA004319,3089041000764379,SBIN0010482,Anusha Shanker
BA004320,3089041000442631,SBIN0010482,Harish Lalla
BA004321,3089041000230653,SBIN0010482,Krisha Manne
BA004322,3089041000388118,SBIN0010482,Girik Kapadia
BA004323,3089041000571831,SBIN0010482,Arya Subramanian
BA004324,3089041000554274,SBIN0010482,Yashawini Konda
BA004325,3089041000373374,SBIN0010482,Anay  Taneja
BA004326,3089041000863333,SBIN0010482,Kashish Chokshi
BA004327,3089041000314339,SBIN0010482,Udarsh Bakshi
BA004328,3089041000777079,SBIN0010482,Vincent Sekhon
BA004329,3089041000242306,SBIN0010482,Vansha Chopra
BA004330,3089041000134909,SBIN0010482,Gaurangi Dhawan
BA004331,3089041000548614,SBIN0010482,Girish Gara
BA004332,3089041000895597,SBIN0010482,Vrishti Krish
BA004333,3089041000855069,SBIN0010482,Lohit Rau
BA004334,3089041000780024,SBIN0010482,Viraj Bhargava
BA004335,3089041000581995,SBIN0010482,Zayyan Sabharwal
BA004336,3089041000542983,SBIN0010482,Geetika Dora
BA004337,3089041000495858,SBIN0010482,Ekanta Ray
BA004338,3089041000878866,SBIN0010482,Amrita Kadakia
BA004339,3089041000583971,SBIN0010482,Xalak Munshi
BA004340,3089041000744091,SBIN0010482,Ekanta Shenoy
BA004341,3089041000399116,SBIN0010482,Yoshita Bumb
BA004342,3089041000599330,SBIN0010482,Pavani Brahmbhatt
BA004343,3089041000603335,SBIN0010482,Joshua Arya
BA004344,3089041000317786,SBIN0010482,Zinal Dara
BA004345,3089041000934990,SBIN0010482,Rudra Sarma
BA004346,3089041000939374,SBIN0010482,Balvan Samra
BA004347,3089041000809711,SBIN0010482,Onkar Vohra
BA004348,3089041000871345,SBIN0010482,Logan Sahota
BA004349,3089041000626242,SBIN0010482,Aditya Minhas
BA004350,3089041000547097,SBIN0010482,Radhika Menon
BA004351,3089041000635949,SBIN0010482,Ekantika Prabhu
BA004352,3089041000743941,SBIN0010482,Lohit Mannan
BA004353,3089041000493139,SBIN0010482,Kamya Venkataraman
BA004354,3089041000838587,SBIN0010482,Urmi Shere
BA004355,3089041000753411,SBIN0010482,Ganga Deshmukh
BA004356,3089041000423304,SBIN0010482,Urvi Anne
BA004357,3089041000456079,SBIN0010482,Omaja Gola
BA004358,3089041000882556,SBIN0010482,UPMA BHAVSAR
BA004359,3089041000884040,SBIN0010482,Devika Guha
BA004360,3089041000180063,SBIN0010482,Girindra Yogi
BA004361,3089041000660476,SBIN0010482,Ganga Chandra
BA004362,3089041000460424,SBIN0010482,Upadhriti Dugar
BA004363,3089041000980282,SBIN0010482,Inaya Kara
BA004364,3089041000899229,SBIN0010482,Akshay Hans
BA004365,3089041000503889,SBIN0010482,Bhavani Sandhu
BA004366,3089041000880730,SBIN0010482,Jhalak Rau
BA004367,3089041000595118,SBIN0010482,Samaksh Brahmbhatt
BA004368,3089041000305287,SBIN0010482,Harshil Kalita
BA004369,3089041000571628,SBIN0010482,Pranav Lall
BA004370,3089041000578799,SBIN0010482,Jonathan Vig
BA004371,3089041000921124,SBIN0010482,Ganga Malhotra
BA004372,3089041000748149,SBIN0010482,Shaurya Ganguly
BA004373,3089041000161733,SBIN0010482,Vincent Kalita
BA004374,3089041000187785,SBIN0010482,Manan Dhar
BA004375,3089041000302954,SBIN0010482,Vaishnavi Acharya
BA004376,3089041000678046,SBIN0010482,Faras  Ben
BA004377,3089041000986345,SBIN0010482,Yasti Sarraf
BA004378,3089041000466632,SBIN0010482,Urmi Narain
BA004379,3089041000840815,SBIN0010482,Xiti Dalal
BA004380,3089041000374881,SBIN0010482,Maya Purohit
BA004381,3089041000826233,SBIN0010482,Urvi Pant
BA004382,3089041000821221,SBIN0010482,Edhitha Wali
BA004383,3089041000944375,SBIN0010482,Tanish Ganesan
BA004384,3089041000743136,SBIN0010482,Luke Sarkar
BA004385,3089041000984312,SBIN0010482,Vrishti Krishna
BA004386,3089041000183510,SBIN0010482,RADHIKA PALL
BA004387,3089041000998459,SBIN0010482,Aryan Pau
BA004388,3089041000866589,SBIN0010482,Hiral Samra
BA004389,3089041000871140,SBIN0010482,Rayaan Raja
BA004390,3089041000368275,SBIN0010482,Praneel Anne
BA004391,3089041000721806,SBIN0010482,Riya Patel
BA004392,3089041000216164,SBIN0010482,Abdul Mukherjee
BA004393,3089041000547840,SBIN0010482,Girindra Pillay
BA004394,3089041000329439,SBIN0010482,Yadavi Arya
BA004395,3089041000474775,SBIN0010482,Bahadurjit Maharaj
BA004396,3089041000579570,SBIN0010482,Mitali Bassi
BA004397,3089041000549359,SBIN0010482,Anusha Bhandari
BA004398,3089041000925366,SBIN0010482,Urishilla Sha
BA004399,3089041000562002,SBIN0010482,Oscar Solanki
BA004400,3089041000922380,SBIN0010482,Balvan Pingle
BA004401,3089041000394421,SBIN0010482,Michael Goel
BA004402,3089041000151191,SBIN0010482,Fitan Saini
BA004403,3089041000932185,SBIN0010482,Daksh Sawhney
BA004404,3089041000518520,SBIN0010482,Dipta Chatterjee
BA004405,3089041000461811,SBIN0010482,Rishi Badal
BA004406,3089041000242640,SBIN0010482,Edhitha Gara
BA004407,3089041000728412,SBIN0010482,Zaitra Atwal
BA004408,3089041000144641,SBIN0010482,Omaja Bhat
BA004409,3089041000576041,SBIN0010482,Reyansh Thaker
BA004410,3089041000600896,SBIN0010482,Amara Chacko
BA004411,3089041000186178,SBIN0010482,Sachi Basu
BA004412,3089041000200639,SBIN0010482,Rushil Tiwari
BA004413,3089041000286481,SBIN0010482,Oscar Aggarwal
BA004414,3089041000710637,SBIN0010482,Anusha Panchal
BA004415,3089041000769669,SBIN0010482,Harita Shukla
BA004416,3089041000102802,SBIN0010482,Ubika Chakrabarti
BA004417,3089041000477426,SBIN0010482,Gautam Gopal
BA004418,3089041000903733,SBIN0010482,Quincy Nadkarni
BA004419,3089041000281349,SBIN0010482,Omkaar Anne
BA004420,3089041000611493,SBIN0010482,Kavya Sharma
BA004421,3089041000259015,SBIN0010482,Yatin Morar
BA004422,3089041000609591,SBIN0010482,Kevin Mukherjee
BA004423,3089041000910981,SBIN0010482,Ladli Mangat
BA004424,3089041000587602,SBIN0010482,Arya Dey
BA004425,3089041000612900,SBIN0010482,Odika Kara
BA004426,3089041000848562,SBIN0010482,Anjali Iyengar
BA004427,3089041000464835,SBIN0010482,Chakrika Lad
BA004428,3089041000135068,SBIN0010482,Aishani Chanda
BA004429,3089041000517195,SBIN0010482,Isha Patla
BA004430,3089041000362130,SBIN0010482,Shivani Garde
BA004431,3089041000147684,SBIN0010482,Lekha Dugal
BA004432,3089041000462184,SBIN0010482,Radha Palan
BA004433,3089041000272982,SBIN0010482,Sarthak Oommen
BA004434,3089041000862503,SBIN0010482,Gautam Varghese
BA004435,3089041000796456,SBIN0010482,Aarna Kamdar
BA004436,3089041000282563,SBIN0010482,Advika Balay
BA004437,3089041000248363,SBIN0010482,Zansi Grewal
BA004438,3089041000274473,SBIN0010482,Logan Sibal
BA004439,3089041000945182,SBIN0010482,Kashish Purohit
BA004440,3089041000325202,SBIN0010482,Ekantika Cheema
BA004441,3089041000202294,SBIN0010482,Abhiram Dutt
BA004442,3089041000965630,SBIN0010482,Vaishnavi Natt
BA004443,3089041000916415,SBIN0010482,Harish Grover
BA004444,3089041000379930,SBIN0010482,DAMINI GABA
BA004445,3089041000305096,SBIN0010482,Quincy Bains
BA004446,3089041000797315,SBIN0010482,Tanmayi Saran
BA004447,3089041000102709,SBIN0010482,Urvashi Kohli
BA004448,3089041000648984,SBIN0010482,Kashvi Nazareth
BA004449,3089041000146888,SBIN0010482,Nandini Mital
BA004450,3089041000187361,SBIN0010482,Vivaan Tripathi
BA004451,3089041000934755,SBIN0010482,Oviya Sandhu
BA004452,3089041000839421,SBIN0010482,Nandini Balakrishnan
BA004453,3089041000516395,SBIN0010482,Yauvani Ganesan
BA004454,3089041000517305,SBIN0010482,Rushil Dewan
BA004455,3089041000677139,SBIN0010482,Gauri Bhagat
BA004456,3089041000412520,SBIN0010482,Dayamai Dhaliwal
BA004457,3089041000992634,SBIN0010482,Tara Randhawa
BA004458,3089041000870079,SBIN0010482,Triveni Acharya
BA004459,3089041000190996,SBIN0010482,Sai Gera
BA004460,3089041000616889,SBIN0010482,Damyanti Buch
BA004461,3089041000700969,SBIN0010482,Warinder Jani
BA004462,3089041000765418,SBIN0010482,Gautam Konda
BA004463,3089041000901074,SBIN0010482,Kavya Ahluwalia
BA004464,3089041000849109,SBIN0010482,NATHANIEL PADMANABHAN
BA004465,3089041000146774,SBIN0010482,Urishilla Ramesh
BA004466,3089041000456815,SBIN0010482,Urmi Puri
BA004467,3089041000860596,SBIN0010482,Xavier Char
BA004468,3089041000723222,SBIN0010482,Kabir Nadkarni
BA004469,3089041000153713,SBIN0010482,Mugdha Narain
BA004470,3089041000636594,SBIN0010482,Panini Ramesh
BA004471,3089041000813346,SBIN0010482,Idika Suresh
BA004472,3089041000111961,SBIN0010482,Tristan Gokhale
BA004473,3089041000529671,SBIN0010482,Jyoti Pathak
BA004474,3089041000697167,SBIN0010482,Yachana Agarwal
BA004475,3089041000173147,SBIN0010482,Faras Karpe
BA004476,3089041000134059,SBIN0010482,Xalak Guha
BA004477,3089041000154406,SBIN0010482,Siddharth Mittal
BA004478,3089041000975056,SBIN0010482,Girik Nori
BA004479,3089041000299994,SBIN0010482,Pranit Sandal
BA004480,3089041000150919,SBIN0010482,Bhavani Mukhopadhyay
BA004481,3089041000357329,SBIN0010482,Vasana Banerjee
BA004482,3089041000655123,SBIN0010482,Oviya Gola
BA004483,3089041000602971,SBIN0010482,Mitali Varughese
BA004484,3089041000361207,SBIN0010482,UDYATI BUTALA
BA004485,3089041000720617,SBIN0010482,Harrison Ravel
BA004486,3089041000179994,SBIN0010482,Naveen Nagar
BA004487,3089041000798910,SBIN0010482,Yashica Rajagopalan
BA004488,3089041000104707,SBIN0010482,Advay Sunder
BA004489,3089041000257352,SBIN0010482,Pahal Bhagat
BA004490,3089041000622494,SBIN0010482,Pavani Kuruvilla
BA004491,3089041000435059,SBIN0010482,Shravya Thakkar
BA004492,3089041000158093,SBIN0010482,Urvashi Nayak
BA004493,3089041000248644,SBIN0010482,Isaac  Gola
BA004494,3089041000723293,SBIN0010482,Leela Buch
BA004495,3089041000624463,SBIN0010482,Abhimanyu Nazareth
BA004496,3089041000988168,SBIN0010482,Rudra Varma
BA004497,3089041000224946,SBIN0010482,Radhika Bava
BA004498,3089041000381702,SBIN0010482,Baghyawati Baral
BA004499,3089041000438390,SBIN0010482,Vrishti Sharma
BA004500,3089041000970831,SBIN0010482,Chandresh Pingle
BA004501,3089041000966884,SBIN0010482,Pavani Nazareth
BA004502,3089041000414970,SBIN0010482,Arjun Loke
BA004503,3089041000411497,SBIN0010482,Chaaya Parikh
BA004504,3089041000494675,SBIN0010482,Anay Sekhon
BA004505,3089041000975474,SBIN0010482,Chameli Banik
BA004506,3089041000539103,SBIN0010482,Ishanvi Bansal
BA004507,3089041000606387,SBIN0010482,YUVRAJ GILL
BA004508,3089041000261260,SBIN0010482,Girindra Date
BA004509,3089041000970511,SBIN0010482,Wakeeta Sankar
BA004510,3089041000291133,SBIN0010482,Hemani Shanker
BA004511,3089041000112085,SBIN0010482,Tara Baria
BA004512,3089041000265585,SBIN0010482,Eta Pradhan
BA004513,3089041000470054,SBIN0010482,Manan Chaudhuri
BA004514,3089041000522244,SBIN0010482,Yauvani Brar
BA004515,3089041000553324,SBIN0010482,Chasmum Sami
BA004516,3089041000433550,SBIN0010482,Anthony Gour
BA004517,3089041000727773,SBIN0010482,Fariq Sant
BA004518,3089041000305995,SBIN0010482,Rehaan Lal
BA004519,3089041000875255,SBIN0010482,Yoshita Zacharia
BA004520,3089041000203397,SBIN0010482,Chandran Prasad
BA004521,3089041000152925,SBIN0010482,Tanveer Sarkar
BA004522,3089041000492490,SBIN0010482,Quincy Malhotra
BA004523,3089041000519179,SBIN0010482,Mohini Golla
BA004524,3089041000660276,SBIN0010482,Anjali Ahluwalia
BA004525,3089041000457447,SBIN0010482,Sarthak Bahl
BA004526,3089041000939683,SBIN0010482,Kai Maharaj
BA004527,3089041000864648,SBIN0010482,Turvi Nadkarni
BA004528,3089041000511389,SBIN0010482,Timothy Kar
BA004529,3089041000226169,SBIN0010482,Ekta Kant
BA004530,3089041000916949,SBIN0010482,Bhavna Sharma
BA004531,3089041000689695,SBIN0010482,Falguni Ramachandran
BA004532,3089041000542979,SBIN0010482,Advik Oza
BA004533,3089041000902465,SBIN0010482,Ekaja Pal
BA004534,3089041000722745,SBIN0010482,Max Shere
BA004535,3089041000648408,SBIN0010482,Shivansh Walia
BA004536,3089041000147968,SBIN0010482,Madhavi Kumer
BA004537,3089041000662354,SBIN0010482,Bachittar Brar
BA004538,3089041000769325,SBIN0010482,Hemani Chacko
BA004539,3089041000468789,SBIN0010482,Kala Modi
BA004540,3089041000645709,SBIN0010482,Divya Seth
BA004541,3089041000372852,SBIN0010482,Ayushman Dugal
BA004542,3089041000688446,SBIN0010482,Indira Sankar
BA004543,3089041000934252,SBIN0010482,Arin Mander
BA004544,3089041000117047,SBIN0010482,Wahab Prashad
BA004545,3089041000907959,SBIN0010482,Kritika Dasgupta
BA004546,3089041000268703,SBIN0010482,Meghana Kamdar
BA004547,3089041000245223,SBIN0010482,INDRAJIT MANN
BA004548,3089041000798150,SBIN0010482,Nathan Rattan
BA004549,3089041000424907,SBIN0010482,Indira Kalla
BA004550,3089041000405187,SBIN0010482,Arya Nagarajan
BA004551,3089041000211522,SBIN0010482,Hitesh Nadkarni
BA004552,3089041000304106,SBIN0010482,Umang Raval
BA004553,3089041000762528,SBIN0010482,Ucchal Mangat
BA004554,3089041000590836,SBIN0010482,Naksh Goel
BA004555,3089041000207257,SBIN0010482,Bhavya Aggarwal
BA004556,3089041000328075,SBIN0010482,Ucchal Gera
BA004557,3089041000683924,SBIN0010482,Leela Sahota
BA004558,3089041000395539,SBIN0010482,Nirja Gulati
BA004559,3089041000662761,SBIN0010482,Udarsh Devi
BA004560,3089041000978285,SBIN0010482,Nilima Bajaj
BA004561,3089041000376373,SBIN0010482,Zaid Ganesan
BA004562,3089041000625714,SBIN0010482,Gavin Prabhakar
BA004563,3089041000249961,SBIN0010482,Lopa Vaidya
BA004564,3089041000307622,SBIN0010482,Neel Shankar
BA004565,3089041000831284,SBIN0010482,Wriddhish  Gill
BA004566,3089041000700335,SBIN0010482,Ryan Naidu
BA004567,3089041000122838,SBIN0010482,Chaaya Bhattacharyya
BA004568,3089041000595343,SBIN0010482,Samuel Shenoy
BA004569,3089041000378422,SBIN0010482,Yash Sawhney
BA004570,3089041000884118,SBIN0010482,Peter  Shenoy
BA004571,3089041000117743,SBIN0010482,Garima Dutta
BA004572,3089041000515841,SBIN0010482,Turvi Boase
BA004573,3089041000775290,SBIN0010482,Bachittar Ray
BA004574,3089041000394543,SBIN0010482,Lekha Bobal
BA004575,3089041000955961,SBIN0010482,Abha Yogi
BA004576,3089041000156158,SBIN0010482,Arjun Sarna
BA004577,3089041000785603,SBIN0010482,Darpan Master
BA004578,3089041000177473,SBIN0010482,Balveer Patla
BA004579,3089041000197334,SBIN0010482,Yasti Sarraf
BA004580,3089041000417758,SBIN0010482,Jeet Chawla
BA004581,3089041000958305,SBIN0010482,Adweta Choudhury
BA004582,3089041000523853,SBIN0010482,Jeevika Sachar
BA004583,3089041000208806,SBIN0010482,Lucky Kibe
BA004584,3089041000882498,SBIN0010482,Shivansh Lalla
BA004585,3089041000680290,SBIN0010482,Forum Borah
BA004586,3089041000738538,SBIN0010482,Vyanjana Konda
BA004587,3089041000340119,SBIN0010482,Hema Merchant
BA004588,3089041000742101,SBIN0010482,Ganga Seshadri
BA004589,3089041000569615,SBIN0010482,Anvi Banik
BA004590,3089041000793540,SBIN0010482,Manbir Vig
BA004591,3089041000258246,SBIN0010482,Atharv Kant
BA004592,3089041000921844,SBIN0010482,Janani  Manne
BA004593,3089041000582002,SBIN0010482,Nathan Mody
BA004594,3089041000683051,SBIN0010482,Ria Menon
BA004595,3089041000994118,SBIN0010482,Kabir Din
BA004596,3089041000588850,SBIN0010482,Leena Kurian
BA004597,3089041000245230,SBIN0010482,Ayaan Kakar
BA004598,3089041000961874,SBIN0010482,Manbir Arora
BA004599,3089041000901717,SBIN0010482,Januja Trivedi
BA004600,3089041000584904,SBIN0010482,Vansha Garde
BA004601,3089041000847652,SBIN0010482,Nachiket Thaker
BA004602,3089041000283296,SBIN0010482,Kavya Radhakrishnan
BA004603,3089041000428226,SBIN0010482,Omkaar Vohra
BA004604,3089041000550053,SBIN0010482,Parth Sule
BA004605,3089041000148582,SBIN0010482,Akshay Bhattacharyya
BA004606,3089041000836604,SBIN0010482,Umang More
BA004607,3089041000656423,SBIN0010482,Udarsh Doctor
BA004608,3089041000590693,SBIN0010482,Jagdish Hegde
BA004609,3089041000299503,SBIN0010482,Wishi Sharaf
BA004610,3089041000591160,SBIN0010482,Vedant Jain
BA004611,3089041000431189,SBIN0010482,Bachittar Rastogi
BA004612,3089041000327091,SBIN0010482,Forum Tripathi
BA004613,3089041000552029,SBIN0010482,Anika Warrior
BA004614,3089041000361352,SBIN0010482,Daksh Sekhon
BA004615,3089041000246082,SBIN0010482,Yash Kunda
BA004616,3089041000562817,SBIN0010482,Yash Kari
BA004617,3089041000594861,SBIN0010482,Peter Baria
BA004618,3089041000815001,SBIN0010482,Arunima Chand
BA004619,3089041000866895,SBIN0010482,Devansh Deo
BA004620,3089041000418321,SBIN0010482,Darsh Johal
BA004621,3089041000538662,SBIN0010482,Yagnesh Sood
BA004622,3089041000299649,SBIN0010482,Guneet Yadav
BA004623,3089041000702213,SBIN0010482,Eiravati Bora
BA004624,3089041000922670,SBIN0010482,Vanya Dada
BA004625,3089041000491974,SBIN0010482,FIYAZ SONI
BA004626,3089041000401354,SBIN0010482,Harish Kale
BA004627,3089041000526997,SBIN0010482,Charita Andra
BA004628,3089041000119040,SBIN0010482,ISAAC SAVANT
BA004629,3089041000842757,SBIN0010482,Tanmayi Acharya
BA004630,3089041000302486,SBIN0010482,Niharika Madan
BA004631,3089041000833412,SBIN0010482,Patrick Narasimhan
BA004632,3089041000266888,SBIN0010482,Yoshita Mander
BA004633,3089041000664451,SBIN0010482,Aishani Wali
BA004634,3089041000476170,SBIN0010482,Harita Maharaj
BA004635,3089041000966980,SBIN0010482,Ria Choudhury
BA004636,3089041000872226,SBIN0010482,Vinaya Ahuja
BA004637,3089041000212171,SBIN0010482,Yashodhara Singhal
BA004638,3089041000563629,SBIN0010482,Nihal Gola
BA004639,3089041000656381,SBIN0010482,Rachana Modi
BA004640,3089041000914588,SBIN0010482,Saanvi Oommen
BA004641,3089041000236214,SBIN0010482,Rishi Chopra
BA004642,3089041000891781,SBIN0010482,Tanay Mohanty
BA004643,3089041000921187,SBIN0010482,Ekaja Wali
BA004644,3089041000688063,SBIN0010482,Harshil Mital
BA004645,3089041000830518,SBIN0010482,Mohammed Naik
BA004646,3089041000990925,SBIN0010482,Rehaan Randhawa
BA004647,3089041000573850,SBIN0010482,Nakul Dugar
BA004648,3089041000905927,SBIN0010482,Zaitra Som
BA004649,3089041000361604,SBIN0010482,Amruta Karnik
BA004650,3089041000735405,SBIN0010482,Urmi Mitter
BA004651,3089041000445889,SBIN0010482,Maanav Mohan
BA004652,3089041000612549,SBIN0010482,Irya Murty
BA004653,3089041000819409,SBIN0010482,Darika Sandal
BA004654,3089041000850252,SBIN0010482,Omisha Ahluwalia
BA004655,3089041000236205,SBIN0010482,Christopher Rege
BA004656,3089041000349448,SBIN0010482,Logan Shan
BA004657,3089041000723101,SBIN0010482,Anirudh Jain
BA004658,3089041000135001,SBIN0010482,Aahana Menon
BA004659,3089041000138532,SBIN0010482,Arjun Nagy
BA004660,3089041000690978,SBIN0010482,Lavanya Nanda
BA004661,3089041000197773,SBIN0010482,Tanveer Thakur
BA004662,3089041000256685,SBIN0010482,Anusha Chhabra
BA004663,3089041000828733,SBIN0010482,Xavier Dyal
BA004664,3089041000527703,SBIN0010482,Varsha Singhal
BA004665,3089041000940968,SBIN0010482,Madhavi Sur
BA004666,3089041000811326,SBIN0010482,Ati Prashad
BA004667,3089041000544689,SBIN0010482,Harrison Bhalla
BA004668,3089041000734904,SBIN0010482,Anya Yogi
BA004669,3089041000158528,SBIN0010482,Raksha Mane
BA004670,3089041000863484,SBIN0010482,Urmi Desai
BA004671,3089041000876609,SBIN0010482,Ekta Sachdev
BA004672,3089041000538203,SBIN0010482,Matthew Mistry
BA004673,3089041000290663,SBIN0010482,Gaurang Sarma
BA004674,3089041000674097,SBIN0010482,Falak Lad
BA004675,3089041000182995,SBIN0010482,Anthony Dey
BA004676,3089041000876629,SBIN0010482,Dipta Patel
BA004677,3089041000778148,SBIN0010482,Tanish Gour
BA004678,3089041000592068,SBIN0010482,Upadhriti Kari
BA004679,3089041000385825,SBIN0010482,Janaki Nath
BA004680,3089041000260592,SBIN0010482,Aashi Kumer
BA004681,3089041000820389,SBIN0010482,Logan Dar
BA004682,3089041000776828,SBIN0010482,Prisha Randhawa
BA004683,3089041000177878,SBIN0010482,Chanakya Wadhwa
BA004684,3089041000282662,SBIN0010482,Yauvani Prakash
BA004685,3089041000979183,SBIN0010482,Rajeshri Balay
BA004686,3089041000594174,SBIN0010482,Vyanjana Mandal
BA004687,3089041000278834,SBIN0010482,Ekalinga Borra
BA004688,3089041000674590,SBIN0010482,Isaiah Wali
BA004689,3089041000187280,SBIN0010482,Yochana Chahal
BA004690,3089041000872705,SBIN0010482,Rayaan Bora
BA004691,3089041000692808,SBIN0010482,Aradhana Shroff
BA004692,3089041000482179,SBIN0010482,Max Narayanan
BA004693,3089041000723905,SBIN0010482,Qabil Nori
BA004694,3089041000779945,SBIN0010482,Rachana Bail
BA004695,3089041000562221,SBIN0010482,Chaaya Ahuja
BA004696,3089041000927761,SBIN0010482,Anirudh Anand
BA004697,3089041000904386,SBIN0010482,Ekantika Sane
BA004698,3089041000745269,SBIN0010482,Aashi Kapoor
BA004699,3089041000627764,SBIN0010482,Tanvi Iyer
BA004700,3089041000557944,SBIN0010482,Michael Gulati
BA004701,3089041000214588,SBIN0010482,Samuel Morar
BA004702,3089041000810334,SBIN0010482,Harrison Bal
BA004703,3089041000532065,SBIN0010482,Joshua Zachariah
BA004704,3089041000263784,SBIN0010482,Ekapad Narang
BA004705,3089041000451216,SBIN0010482,Victor Joshi
BA004706,3089041000206928,SBIN0010482,Chavvi Gade
BA004707,3089041000105158,SBIN0010482,Anika Kaul
BA004708,3089041000288992,SBIN0010482,Isha Bala
BA004709,3089041000460853,SBIN0010482,Ria Dasgupta
BA004710,3089041000583418,SBIN0010482,Atharv Sawhney
BA004711,3089041000172636,SBIN0010482,Lajita Bawa
BA004712,3089041000556093,SBIN0010482,Reva Rastogi
BA004713,3089041000640994,SBIN0010482,Samesh Rai
BA004714,3089041000801580,SBIN0010482,Girik Gill
BA004715,3089041000165119,SBIN0010482,Nicholas Kadakia
BA004716,3089041000840874,SBIN0010482,Vrinda Parmar
BA004717,3089041000947696,SBIN0010482,Ojasvi Halder
BA004718,3089041000938651,SBIN0010482,Gautam Tripathi
BA004719,3089041000684686,SBIN0010482,Vanya Kumer
BA004720,3089041000638548,SBIN0010482,Tanmayi Babu
BA004721,3089041000273274,SBIN0010482,Lajita Salvi
BA004722,3089041000743251,SBIN0010482,Harish Pant
BA004723,3089041000826326,SBIN0010482,Dayita Bhattacharyya
BA004724,3089041000582629,SBIN0010482,Charita Karnik
BA004725,3089041000557681,SBIN0010482,Madhavi Sinha
BA004726,3089041000295195,SBIN0010482,Anvi Naik
BA004727,3089041000630389,SBIN0010482,Lohit Kothari
BA004728,3089041000963899,SBIN0010482,Aditya Dave
BA004729,3089041000281911,SBIN0010482,Logan Singhal
BA004730,3089041000712380,SBIN0010482,Darsh Kadakia
BA004731,3089041000123745,SBIN0010482,Kamya Sachdeva
BA004732,3089041000861733,SBIN0010482,Oni Gera
BA004733,3089041000685018,SBIN0010482,Zilmil Doshi
BA004734,3089041000459944,SBIN0010482,Janya Choudhary
BA004735,3089041000882353,SBIN0010482,Ayushman Tank
BA004736,3089041000822963,SBIN0010482,Damini Raval
BA004737,3089041000427979,SBIN0010482,Alka Nagi
BA004738,3089041000853308,SBIN0010482,Atharv  Narula
BA004739,3089041000195543,SBIN0010482,Upma Banerjee
BA004740,3089041000179373,SBIN0010482,Nikita Batra
BA004741,3089041000441916,SBIN0010482,Omkaar Dugar
BA004742,3089041000499477,SBIN0010482,Alexander Palla
BA004743,3089041000470622,SBIN0010482,George Saini
BA004744,3089041000821765,SBIN0010482,Isaiah Soni
BA004745,3089041000980637,SBIN0010482,Ojasvi Yadav
BA004746,3089041000575142,SBIN0010482,Krish Acharya
BA004747,3089041000197026,SBIN0010482,Vamakshi Singh
BA004748,3089041000242088,SBIN0010482,Kabir Naidu
BA004749,3089041000248369,SBIN0010482,Gopal Sridhar
BA004750,3089041000398333,SBIN0010482,Rohan Dass
BA004751,3089041000403627,SBIN0010482,Yutika Dayal
BA004752,3089041000711314,SBIN0010482,Umang Butala
BA004753,3089041000261337,SBIN0010482,Netra Mandal
BA004754,3089041000865314,SBIN0010482,Zaid Kara
BA004755,3089041000553409,SBIN0010482,Qasim Mitra
BA004756,3089041000127178,SBIN0010482,Turvi Venkatesh
BA004757,3089041000196748,SBIN0010482,Karan Narang
BA004758,3089041000173647,SBIN0010482,Kavya Dhillon
BA004759,3089041000212923,SBIN0010482,Lekha Bava
BA004760,3089041000344847,SBIN0010482,Qabil Atwal
BA004761,3089041000999948,SBIN0010482,Bahadurjit Khanna
BA004762,3089041000131638,SBIN0010482,Mekhala Naidu
BA004763,3089041000937825,SBIN0010482,Vasana Sule
BA004764,3089041000966518,SBIN0010482,Raghav Ravi
BA004765,3089041000259408,SBIN0010482,Tanish Setty
BA004766,3089041000628302,SBIN0010482,Ria Dalal
BA004767,3089041000988023,SBIN0010482,Yoshita Nazareth
BA004768,3089041000737047,SBIN0010482,Quincy Kumer
BA004769,3089041000328799,SBIN0010482,Vinaya Shan
BA004770,3089041000168892,SBIN0010482,Hema Venkataraman
BA004771,3089041000985396,SBIN0010482,Dev Pau
BA004772,3089041000782718,SBIN0010482,Atharv Date
BA004773,3089041000668054,SBIN0010482,Utkarsh Shankar
BA004774,3089041000704093,SBIN0010482,Jai Merchant
BA004775,3089041000316207,SBIN0010482,Idika Mohanty
BA004776,3089041000531168,SBIN0010482,Rajata Butala
BA004777,3089041000551650,SBIN0010482,Mitali Vaidya
BA004778,3089041000449088,SBIN0010482,Lucky Kapadia
BA004779,3089041000416575,SBIN0010482,Rushil Pandya
BA004780,3089041000426742,SBIN0010482,Champak Walia
BA004781,3089041000505495,SBIN0010482,Victor Wali
BA004782,3089041000843731,SBIN0010482,Kavya Dutt
BA004783,3089041000889640,SBIN0010482,Noah Kara
BA004784,3089041000454379,SBIN0010482,Panini Jain
BA004785,3089041000197219,SBIN0010482,Chandran Rattan
BA004786,3089041000231814,SBIN0010482,Madhavi Vig
BA004787,3089041000485509,SBIN0010482,Vamakshi Sidhu
BA004788,3089041000733926,SBIN0010482,Laban Mital
BA004789,3089041000997720,SBIN0010482,Falan Krishnamurthy
BA004790,3089041000824594,SBIN0010482,Sathvik Bhavsar
BA004791,3089041000950710,SBIN0010482,Nirja Dey
BA004792,3089041000888081,SBIN0010482,Vasana Dyal
BA004793,3089041000112562,SBIN0010482,Mahika Dutta
BA004794,3089041000887754,SBIN0010482,Mahika Hari
BA004795,3089041000963305,SBIN0010482,Inaya Bobal
BA004796,3089041000587717,SBIN0010482,Anya Dey
BA004797,3089041000142943,SBIN0010482,Jatin Doshi
BA004798,3089041000257025,SBIN0010482,Sachi Dhar
BA004799,3089041000790419,SBIN0010482,Falak Apte
BA004800,3089041000845511,SBIN0010482,Deepa Viswanathan
BA004801,3089041000976391,SBIN0010482,Urishilla Kata
BA004802,3089041000179761,SBIN0010482,Chanchal Dash
BA004803,3089041000352829,SBIN0010482,Mitesh Bobal
BA004804,3089041000907002,SBIN0010482,Anita Baria
BA004805,3089041000580762,SBIN0010482,Aadhya Chowdhury
BA004806,3089041000887443,SBIN0010482,Pooja Ganguly
BA004807,3089041000744354,SBIN0010482,Bishakha Kar
BA004808,3089041000698832,SBIN0010482,Gaurang Patil
BA004809,3089041000969383,SBIN0010482,Warda Sankaran
BA004810,3089041000653364,SBIN0010482,Dakshesh Cheema
BA004811,3089041000698358,SBIN0010482,Anya Krishnamurthy
BA004812,3089041000284551,SBIN0010482,Oni Krishnamurthy
BA004813,3089041000563094,SBIN0010482,Fiyaz Arya
BA004814,3089041000714443,SBIN0010482,Vedika Kibe
BA004815,3089041000891461,SBIN0010482,Timothy Saraf
BA004816,3089041000462087,SBIN0010482,Hemang Sura
BA004817,3089041000913233,SBIN0010482,Zilmil Raja
BA004818,3089041000601885,SBIN0010482,Hritik Chaudhari
BA004819,3089041000722387,SBIN0010482,Jacob Khare
BA004820,3089041000242609,SBIN0010482,Oviya Ramesh
BA004821,3089041000267081,SBIN0010482,Idika Sarraf
BA004822,3089041000949255,SBIN0010482,Baljiwan Rastogi
BA004823,3089041000249500,SBIN0010482,Atharv Kalita
BA004824,3089041000229802,SBIN0010482,Arjun Narasimhan
BA004825,3089041000756342,SBIN0010482,Brinda Sachar
BA004826,3089041000219193,SBIN0010482,Tanmayi Kulkarni
BA004827,3089041000410160,SBIN0010482,Hemangini Pandey
BA004828,3089041000801200,SBIN0010482,Aradhana Sehgal
BA004829,3089041000779155,SBIN0010482,Ekta Shanker
BA004830,3089041000941785,SBIN0010482,Naveen Kadakia
BA004831,3089041000184203,SBIN0010482,Nandini Pall
BA004832,3089041000917236,SBIN0010482,Xalak Chakraborty
BA004833,3089041000524449,SBIN0010482,INDIRA YOHANNAN
BA004834,3089041000657729,SBIN0010482,Edhitha Mohan
BA004835,3089041000653372,SBIN0010482,Gautam Ravi
BA004836,3089041000809890,SBIN0010482,Widisha Grewal
BA004837,3089041000453178,SBIN0010482,Samaksh Lanka
BA004838,3089041000784634,SBIN0010482,Indali Nazareth
BA004839,3089041000874195,SBIN0010482,Janaki Dutta
BA004840,3089041000933334,SBIN0010482,Ekantika Babu
BA004841,3089041000380915,SBIN0010482,Ranveer Mukherjee
BA004842,3089041000675369,SBIN0010482,Pranav Rao
BA004843,3089041000533429,SBIN0010482,Rushil Chander
BA004844,3089041000392964,SBIN0010482,Nidhi Lall
BA004845,3089041000406850,SBIN0010482,Harini Walia
BA004846,3089041000702562,SBIN0010482,Mekhala Deol
BA004847,3089041000880350,SBIN0010482,Hemang Memon
BA004848,3089041000937652,SBIN0010482,Ekiya Kar
BA004849,3089041000347872,SBIN0010482,Banjeet Korpal
BA004850,3089041000142547,SBIN0010482,Anusha Bal
BA004851,3089041000776252,SBIN0010482,Udarsh Kanda
BA004852,3089041000723760,SBIN0010482,Upkaar Sarraf
BA004853,3089041000573823,SBIN0010482,Maanav Arora
BA004854,3089041000414210,SBIN0010482,Yagnesh Bail
BA004855,3089041000228477,SBIN0010482,Reva Sachdeva
BA004856,3089041000524736,SBIN0010482,Nitara Grewal
BA004857,3089041000144465,SBIN0010482,Lila Lal
BA004858,3089041000520576,SBIN0010482,Adya Sankar
BA004859,3089041000714592,SBIN0010482,Janya Keer
BA004860,3089041000950024,SBIN0010482,Ishanvi Bose
BA004861,3089041000726773,SBIN0010482,Ekanta Koshy
BA004862,3089041000226682,SBIN0010482,Gopal Tripathi
BA004863,3089041000554137,SBIN0010482,Dipta Cheema
BA004864,3089041000887704,SBIN0010482,Ijaya Kapur
BA004865,3089041000317616,SBIN0010482,Amruta Bera
BA004866,3089041000947635,SBIN0010482,Raksha Tank
BA004867,3089041000620121,SBIN0010482,Dhruv Garg
BA004868,3089041000290120,SBIN0010482,Saumya Bhandari
BA004869,3089041000176999,SBIN0010482,Vansha Divan
BA004870,3089041000185845,SBIN0010482,Irya Bhattacharyya
BA004871,3089041000712071,SBIN0010482,Zayyan Bala
BA004872,3089041000551385,SBIN0010482,Raagini Deol
BA004873,3089041000476764,SBIN0010482,Tanveer Seth
BA004874,3089041000924205,SBIN0010482,Daksha Narayanan
BA004875,3089041000980630,SBIN0010482,Yashoda Ray
BA004876,3089041000691316,SBIN0010482,Divya Ahuja
BA004877,3089041000813141,SBIN0010482,Ishita Dar
BA004878,3089041000748269,SBIN0010482,Devansh Wagle
BA004879,3089041000419867,SBIN0010482,Neel Hayer
BA004880,3089041000989163,SBIN0010482,Praneel Golla
BA004881,3089041000729743,SBIN0010482,Warda Dar
BA004882,3089041000804953,SBIN0010482,Gaurav Chandra
BA004883,3089041000506936,SBIN0010482,Lila Reddy
BA004884,3089041000383187,SBIN0010482,Urvi Devi
BA004885,3089041000487530,SBIN0010482,Qadim Char
BA004886,3089041000238555,SBIN0010482,Isha Goel
BA004887,3089041000258724,SBIN0010482,Zayyan Tata
BA004888,3089041000509446,SBIN0010482,Qarin Lad
BA004889,3089041000867715,SBIN0010482,Sai Karan
BA004890,3089041000969606,SBIN0010482,Finn Nori
BA004891,3089041000106950,SBIN0010482,Girindra Viswanathan
BA004892,3089041000664394,SBIN0010482,Anmol Bhat
BA004893,3089041000822652,SBIN0010482,Kashvi Chandran
BA004894,3089041000814558,SBIN0010482,Aarav Wadhwa
BA004895,3089041000528238,SBIN0010482,Aayush Narain
BA004896,3089041000914011,SBIN0010482,Damini Bala
BA004897,3089041000304914,SBIN0010482,Ekaraj Gera
BA004898,3089041000588574,SBIN0010482,Wishi Gopal
BA004899,3089041000871979,SBIN0010482,Hemani Chatterjee
BA004900,3089041000658132,SBIN0010482,Kavya Goel
BA004901,3089041000158317,SBIN0010482,Peter Tripathi
BA004902,3089041000843805,SBIN0010482,Sai Balasubramanian
BA004903,3089041000369404,SBIN0010482,Jai Muni
BA004904,3089041000726526,SBIN0010482,Hritik Palla
BA004905,3089041000724069,SBIN0010482,Zarna Ganesh
BA004906,3089041000272624,SBIN0010482,Widisha Hans
BA004907,3089041000337278,SBIN0010482,Geetika Sha
BA004908,3089041000869300,SBIN0010482,Sara Dada
BA004909,3089041000623387,SBIN0010482,Hamsini Koshy
BA004910,3089041000320888,SBIN0010482,Lohit Khatri
BA004911,3089041000114449,SBIN0010482,Raghav Raval
BA004912,3089041000858180,SBIN0010482,Ishita Bhargava
BA004913,3089041000521754,SBIN0010482,Hardik Venkatesh
BA004914,3089041000925694,SBIN0010482,Ekani Vyas
BA004915,3089041000604114,SBIN0010482,Sai Mandal
BA004916,3089041000714706,SBIN0010482,Krishna Sem
BA004917,3089041000386433,SBIN0010482,Brinda Sandhu
BA004918,3089041000689741,SBIN0010482,Radhika Purohit
BA004919,3089041000224100,SBIN0010482,Vritti Bajwa
BA004920,3089041000336479,SBIN0010482,Hemang Nagy
BA004921,3089041000478986,SBIN0010482,Lopa Mohan
BA004922,3089041000302816,SBIN0010482,Bhavna Bhakta
BA004923,3089041000599374,SBIN0010482,Raghav Chakraborty
BA004924,3089041000724547,SBIN0010482,Oscar Murthy
BA004925,3089041000938281,SBIN0010482,Ayaan Batta
BA004926,3089041000525766,SBIN0010482,Lekha Guha
BA004927,3089041000422907,SBIN0010482,Charles Saraf
BA004928,3089041000713444,SBIN0010482,Yashoda Prabhakar
BA004929,3089041000915097,SBIN0010482,Tanish Chaudhary
BA004930,3089041000128061,SBIN0010482,Quincy Kant
BA004931,3089041000712403,SBIN0010482,Elijah Jani
BA004932,3089041000633638,SBIN0010482,Samuel Aurora
BA004933,3089041000796855,SBIN0010482,Lakshmi Jha
BA004934,3089041000748624,SBIN0010482,Bina Agrawal
BA004935,3089041000456863,SBIN0010482,Ganga  Goel
BA004936,3089041000310204,SBIN0010482,Vedant Prabhu
BA004937,3089041000996945,SBIN0010482,Chaitanya Dugal
BA004938,3089041000940876,SBIN0010482,Yatin Kuruvilla
BA004939,3089041000503713,SBIN0010482,Dayita Jayaraman
BA004940,3089041000365018,SBIN0010482,Nimrat Anne
BA004941,3089041000277894,SBIN0010482,ODIKA PUROHIT
BA004942,3089041000348537,SBIN0010482,Ranveer Sura
BA004943,3089041000657942,SBIN0010482,Advaith Rana
BA004944,3089041000417659,SBIN0010482,Saumya Dave
BA004945,3089041000191604,SBIN0010482,Ekavir Contractor
BA004946,3089041000248008,SBIN0010482,Nathan Suresh
BA004947,3089041000513734,SBIN0010482,Qadim Yadav
BA004948,3089041000609285,SBIN0010482,Oliver Kunda
BA004949,3089041000843138,SBIN0010482,Bhavani Yadav
BA004950,3089041000443825,SBIN0010482,Bhavani Lal
BA004951,3089041000312005,SBIN0010482,Jagdish Rana
BA004952,3089041000840100,SBIN0010482,Gabriel Tank
BA004953,3089041000529805,SBIN0010482,Joshua Vasa
BA004954,3089041000987240,SBIN0010482,Upasna Srinivas
BA004955,3089041000233563,SBIN0010482,Isaac Karnik
BA004956,3089041000360529,SBIN0010482,Lipika Gour
BA004957,3089041000706894,SBIN0010482,Ekansh Khurana
BA004958,3089041000577174,SBIN0010482,Kamala Sarma
BA004959,3089041000944660,SBIN0010482,Riya Barman
BA004960,3089041000107590,SBIN0010482,Shivansh Nadkarni
BA004961,3089041000223400,SBIN0010482,Akshay Dua
BA004962,3089041000882355,SBIN0010482,Zashil Gill
BA004963,3089041000125118,SBIN0010482,Turvi Iyer
BA004964,3089041000156712,SBIN0010482,Mahika  Rai
BA004965,3089041000521742,SBIN0010482,Bishakha Tiwari
BA004966,3089041000356717,SBIN0010482,Umang Gour
BA004967,3089041000943380,SBIN0010482,Gautami Sarna
BA004968,3089041000442211,SBIN0010482,Ridhi Boase
BA004969,3089041000642301,SBIN0010482,Bhavna Dyal
BA004970,3089041000570063,SBIN0010482,Eesha Bhandari
BA004971,3089041000884826,SBIN0010482,Dhruv Rout
BA004972,3089041000609628,SBIN0010482,Omkaar Nagy
BA004973,3089041000715389,SBIN0010482,Balvan Dhar
BA004974,3089041000793510,SBIN0010482,Vivaan Ahuja
BA004975,3089041000543780,SBIN0010482,Aarush Bhardwaj
BA004976,3089041000408460,SBIN0010482,Jagdish Kapur
BA004977,3089041000402101,SBIN0010482,Ethan Bahri
BA004978,3089041000921930,SBIN0010482,Libni Mandal
BA004979,3089041000181582,SBIN0010482,Shivani Khanna
BA004980,3089041000758071,SBIN0010482,Zashil Pai
BA004981,3089041000232320,SBIN0010482,Varenya Dua
BA004982,3089041000845217,SBIN0010482,Jagvi Kapur
BA004983,3089041000584279,SBIN0010482,Bhavini Ghosh
BA004984,3089041000261520,SBIN0010482,Aarini Dyal
BA004985,3089041000376307,SBIN0010482,Ansh Sankaran
BA004986,3089041000165802,SBIN0010482,Maanas Basak
BA004987,3089041000158596,SBIN0010482,Nirja Karan
BA004988,3089041000229002,SBIN0010482,Jeremiah Pandit
BA004989,3089041000534908,SBIN0010482,Nidra Sama
BA004990,3089041000896007,SBIN0010482,Triveni Sethi
BA004991,3089041000686316,SBIN0010482,Lipika Sheth
BA004992,3089041000916249,SBIN0010482,Geetika Nanda
BA004993,3089041000630769,SBIN0010482,Kiaan Wagle
BA004994,3089041000213274,SBIN0010482,Yatan Kalla
BA004995,3089041000819294,SBIN0010482,Robert Patla
BA004996,3089041000669736,SBIN0010482,Nilima Prasad
BA004997,3089041000397089,SBIN0010482,Tanay Ramaswamy
BA004998,3089041000875053,SBIN0010482,Upma Chopra
BA004999,3089041000556093,SBIN0010482,Charita Sachar
BA005000,3089041000903729,SBIN0010482,Ryan Kalla
BA005001,3089041000643459,SBIN0010482,Naksh Rajagopalan
BA005002,3089041000795993,SBIN0010482,Pranit Savant
BA005003,3089041000446324,SBIN0010482,Samuel Raju
BA005004,3089041000692808,SBIN0010482,ANJALI DUGAL
BA005005,3089041000793410,SBIN0010482,Rudra Dora
BA005006,3089041000337561,SBIN0010482,Edhitha Sidhu
BA005007,3089041000313650,SBIN0010482,Kalpit Sur
BA005008,3089041000503745,SBIN0010482,Balendra Chatterjee
BA005009,3089041000156740,SBIN0010482,Frederick Bail
BA005010,3089041000534352,SBIN0010482,Chatresh Narula
BA005011,3089041000302252,SBIN0010482,Dhriti Parikh
BA005012,3089041000850108,SBIN0010482,Matthew Kala
BA005013,3089041000653313,SBIN0010482,Dominic Patil
BA005014,3089041000673917,SBIN0010482,Sanya Soman
BA005015,3089041000844040,SBIN0010482,Parth Mann
BA005016,3089041000314386,SBIN0010482,Harrison Dutta
BA005017,3089041000233074,SBIN0010482,Nihal Sagar
BA005018,3089041000119865,SBIN0010482,Nimrat Dutt
BA005019,3089041000628272,SBIN0010482,Avni Krish
BA005020,3089041000180541,SBIN0010482,Manan Saxena
BA005021,3089041000963089,SBIN0010482,Balveer Deshmukh
BA005022,3089041000938703,SBIN0010482,Urvashi Raghavan
BA005023,3089041000311022,SBIN0010482,Onkar Bahri
BA005024,3089041000257067,SBIN0010482,Ridhi Gopal
BA005025,3089041000250967,SBIN0010482,Anmol Swamy
BA005026,3089041000707175,SBIN0010482,Harinakshi Chada
BA005027,3089041000990652,SBIN0010482,Ekapad Goel
BA005028,3089041000830083,SBIN0010482,Charita Ramesh
BA005029,3089041000185879,SBIN0010482,Indrajit Hegde
BA005030,3089041000255090,SBIN0010482,Brinda Chacko
BA005031,3089041000875123,SBIN0010482,Warda Babu
BA005032,3089041000628927,SBIN0010482,Omkaar Patla
BA005033,3089041000335164,SBIN0010482,Rehaan Varghese
BA005034,3089041000705698,SBIN0010482,Zinal Bajwa
BA005035,3089041000200550,SBIN0010482,Eiravati Ganesan
BA005036,3089041000975219,SBIN0010482,William Mohan
BA005037,3089041000492284,SBIN0010482,Saumya Sant
BA005038,3089041000822911,SBIN0010482,Banjeet Mahajan
BA005039,3089041000912071,SBIN0010482,Faris Natarajan
BA005040,3089041000644349,SBIN0010482,Kalpit Anne
BA005041,3089041000968257,SBIN0010482,Chasmum Rai
BA005042,3089041000288666,SBIN0010482,UPMA RAI
BA005043,3089041000572034,SBIN0010482,Balendra Madan
BA005044,3089041000168005,SBIN0010482,Gautami Peri
BA005045,3089041000557184,SBIN0010482,Niharika Oommen
BA005046,3089041000242537,SBIN0010482,Hiral Lal
BA005047,3089041000584266,SBIN0010482,Vrinda Manda
BA005048,3089041000205441,SBIN0010482,Fiyaz Sengupta
BA005049,3089041000312106,SBIN0010482,Eiravati Upadhyay
BA005050,3089041000955590,SBIN0010482,Arin Dave
BA005051,3089041000920443,SBIN0010482,Xavier Borde
BA005052,3089041000536276,SBIN0010482,Kashvi Bhattacharyya
BA005053,3089041000374873,SBIN0010482,Warjas Chahal
BA005054,3089041000786403,SBIN0010482,Aditya Arya
BA005055,3089041000251619,SBIN0010482,Ekavir Dugal
BA005056,3089041000217373,SBIN0010482,Ganga Cherian
BA005057,3089041000757576,SBIN0010482,Daksh Dewan
BA005058,3089041000858852,SBIN0010482,Finn Grewal
BA005059,3089041000242345,SBIN0010482,Gavin Aggarwal
BA005060,3089041000717856,SBIN0010482,Viraj Kade
BA005061,3089041000244121,SBIN0010482,Fariq Ram
BA005062,3089041000390353,SBIN0010482,Reyansh Soni
BA005063,3089041000859976,SBIN0010482,Warhi Grewal
BA005064,3089041000316421,SBIN0010482,Bhavna Bhat
BA005065,3089041000247558,SBIN0010482,Qasim Tripathi
BA005066,3089041000572600,SBIN0010482,Fariq Goda
BA005067,3089041000495908,SBIN0010482,Adya Dhawan
BA005068,3089041000774461,SBIN0010482,Jatin Borra
BA005069,3089041000917387,SBIN0010482,Rachit Nagy
BA005070,3089041000629457,SBIN0010482,Nicholas Rana
BA005071,3089041000357341,SBIN0010482,Nitara Toor
BA005072,3089041000139409,SBIN0010482,Tejas Sandhu
BA005073,3089041000400199,SBIN0010482,Hemani Khosla
BA005074,3089041000970872,SBIN0010482,Zayan Manda
BA005075,3089041000104158,SBIN0010482,Dhruv Bhatia
BA005076,3089041000457062,SBIN0010482,Wakeeta Padmanabhan
BA005077,3089041000651015,SBIN0010482,Qushi Buch
BA005078,3089041000873995,SBIN0010482,Advik Chakrabarti
BA005079,3089041000518759,SBIN0010482,Janaki Bhatti
BA005080,3089041000452086,SBIN0010482,Eiravati Seshadri
BA005081,3089041000247302,SBIN0010482,Varsha Prabhakar
BA005082,3089041000675462,SBIN0010482,Charita Suresh
BA005083,3089041000954002,SBIN0010482,Ranveer Kari
BA005084,3089041000326910,SBIN0010482,Brijesh Pandit
BA005085,3089041000437062,SBIN0010482,Udyati Shenoy
BA005086,3089041000630672,SBIN0010482,Neha Sheth
BA005087,3089041000411736,SBIN0010482,Sneha Dua
BA005088,3089041000736140,SBIN0010482,Lekha Saini
BA005089,3089041000934558,SBIN0010482,Liam Nadig
BA005090,3089041000207312,SBIN0010482,Manthan Ratta
BA005091,3089041000862593,SBIN0010482,Akshay Saraf
BA005092,3089041000265778,SBIN0010482,Matthew Gour
BA005093,3089041000953061,SBIN0010482,Girish Babu
BA005094,3089041000840377,SBIN0010482,Urmi Doctor
BA005095,3089041000610441,SBIN0010482,Geetika Hora
BA005096,3089041000832910,SBIN0010482,Widisha Ramanathan
BA005097,3089041000461407,SBIN0010482,Chavvi Mall
BA005098,3089041000286522,SBIN0010482,Ranveer Sur
BA005099,3089041000789506,SBIN0010482,Rachita Saran
BA005100,3089041000914813,SBIN0010482,Vinaya Bhasin
BA005101,3089041000387516,SBIN0010482,Hitesh Bhavsar
BA005102,3089041000184560,SBIN0010482,Vansha Mann
BA005103,3089041000854885,SBIN0010482,Wahab Venkataraman
BA005104,3089041000411985,SBIN0010482,Tarak Saha
BA005105,3089041000629078,SBIN0010482,Agastya Morar
BA005106,3089041000740561,SBIN0010482,Hamsini Mukhopadhyay
BA005107,3089041000448977,SBIN0010482,Jairaj Dayal
BA005108,3089041000533555,SBIN0010482,Harita Prakash
BA005109,3089041000459268,SBIN0010482,Kala Solanki
BA005110,3089041000869628,SBIN0010482,Andrew Sekhon
BA005111,3089041000540201,SBIN0010482,Omisha Koshy
BA005112,3089041000562787,SBIN0010482,Eta Kaur
BA005113,3089041000807521,SBIN0010482,Vamakshi Mand
BA005114,3089041000432580,SBIN0010482,Garima Hayer
BA005115,3089041000350196,SBIN0010482,Ekanta Karnik
BA005116,3089041000372017,SBIN0010482,Zaid Suresh
BA005117,3089041000412308,SBIN0010482,Anirudh Munshi
BA005118,3089041000670397,SBIN0010482,Leena Divan
BA005119,3089041000593441,SBIN0010482,Finn Wadhwa
BA005120,3089041000319807,SBIN0010482,Turvi Lata
BA005121,3089041000421689,SBIN0010482,Shivani Ramachandran
BA005122,3089041000168824,SBIN0010482,Anya Dhar
BA005123,3089041000698972,SBIN0010482,Daniel Som
BA005124,3089041000826085,SBIN0010482,Udant Aggarwal
BA005125,3089041000895349,SBIN0010482,Ishani Subramanian
BA005126,3089041000328314,SBIN0010482,Anjali Nagarajan
BA005127,3089041000744584,SBIN0010482,Dipta Yadav
BA005128,3089041000365198,SBIN0010482,Raghav Dara
BA005129,3089041000968534,SBIN0010482,Darsh Hayer
BA005130,3089041000141995,SBIN0010482,Yuvraj Puri
BA005131,3089041000749924,SBIN0010482,Advay Misra
BA005132,3089041000967422,SBIN0010482,Samarth Dhawan
BA005133,3089041000431559,SBIN0010482,Aryan Balakrishnan
BA005134,3089041000765727,SBIN0010482,Farhan Pillay
BA005135,3089041000476482,SBIN0010482,Manbir Sekhon
BA005136,3089041000641221,SBIN0010482,Naksh Sawhney
BA005137,3089041000775644,SBIN0010482,Hritik Mahal
BA005138,3089041000425431,SBIN0010482,Anya Hora
BA005139,3089041000801147,SBIN0010482,Bhavani Gaba
BA005140,3089041000185793,SBIN0010482,Ekantika Badal
BA005141,3089041000829498,SBIN0010482,Charles Narain
BA005142,3089041000342148,SBIN0010482,Jyoti Dhar
BA005143,3089041000586099,SBIN0010482,Keya Bal
BA005144,3089041000950694,SBIN0010482,Ekiya Randhawa
BA005145,3089041000563796,SBIN0010482,Eta Banerjee
BA005146,3089041000813123,SBIN0010482,Ekiya Baral
BA005147,3089041000474628,SBIN0010482,Kevin Taneja
BA005148,3089041000122621,SBIN0010482,Ekansh Dey
BA005149,3089041000499856,SBIN0010482,Harsh Virk
BA005150,3089041000315487,SBIN0010482,Wahab Chanda
BA005151,3089041000771170,SBIN0010482,Ishanvi Nigam
BA005152,3089041000477991,SBIN0010482,Nitara Oza
BA005153,3089041000785753,SBIN0010482,Waida Rattan
BA005154,3089041000213946,SBIN0010482,Omaja Randhawa
BA005155,3089041000659875,SBIN0010482,Gaurav Johal
BA005156,3089041000486656,SBIN0010482,Nathan D’Alia
BA005157,3089041000240054,SBIN0010482,Utkarsh Khatri
BA005158,3089041000759115,SBIN0010482,Arjun Ben
BA005159,3089041000621220,SBIN0010482,Varenya  Basak
BA005160,3089041000394124,SBIN0010482,Theodore Kaul
BA005161,3089041000357196,SBIN0010482,Laksh Tella
BA005162,3089041000242309,SBIN0010482,Ekantika Ram
BA005163,3089041000620973,SBIN0010482,Anirudh Uppal
BA005164,3089041000123214,SBIN0010482,Waida Bajwa
BA005165,3089041000145637,SBIN0010482,Ekansh Baria
BA005166,3089041000250286,SBIN0010482,Balendra Joshi
BA005167,3089041000911442,SBIN0010482,Vyanjana Amble
BA005168,3089041000380428,SBIN0010482,Faris Pillai
BA005169,3089041000720264,SBIN0010482,Mekhala Kala
BA005170,3089041000578589,SBIN0010482,Abhimanyu Manda
BA005171,3089041000560795,SBIN0010482,Kavya Vaidya
BA005172,3089041000235624,SBIN0010482,Nathaniel Jaggi
BA005173,3089041000391677,SBIN0010482,Gaurika Hayre
BA005174,3089041000116680,SBIN0010482,Abha Ramaswamy
BA005175,3089041000599990,SBIN0010482,Bhavika Seth
BA005176,3089041000614188,SBIN0010482,Sanaya Vala
BA005177,3089041000959747,SBIN0010482,Samarth Goyal
BA005178,3089041000183688,SBIN0010482,Benjamin Ram
BA005179,3089041000171001,SBIN0010482,Samesh Iyengar
BA005180,3089041000459940,SBIN0010482,Tanish Mitter
BA005181,3089041000290332,SBIN0010482,Ubika Bhagat
BA005182,3089041000752944,SBIN0010482,Zayyan Kalla
BA005183,3089041000302134,SBIN0010482,Dayita Arora
BA005184,3089041000491242,SBIN0010482,Pratyush Nath
BA005185,3089041000281216,SBIN0010482,Xalak Rama
BA005186,3089041000392842,SBIN0010482,Tanvi Raman
BA005187,3089041000319891,SBIN0010482,Vyanjana Srinivasan
BA005188,3089041000130991,SBIN0010482,Yuvraj Brahmbhatt
BA005189,3089041000734397,SBIN0010482,Aadi Balasubramanian
BA005190,3089041000672794,SBIN0010482,Advay Mahal
BA005191,3089041000105123,SBIN0010482,Chavvi Saxena
BA005192,3089041000532329,SBIN0010482,Nathaniel Chatterjee
BA005193,3089041000666416,SBIN0010482,Jhalak Kale
BA005194,3089041000822232,SBIN0010482,Pallavi Pradhan
BA005195,3089041000734151,SBIN0010482,Ati Sahni
BA005196,3089041000804659,SBIN0010482,Chameli Banerjee
BA005197,3089041000179037,SBIN0010482,Chasmum Dhar
BA005198,3089041000755165,SBIN0010482,Tanmayi Jayaraman
BA005199,3089041000267885,SBIN0010482,Azaan Soni
BA005200,3089041000371245,SBIN0010482,Akshay Chowdhury
BA005201,3089041000310665,SBIN0010482,Wahab Shah
BA005202,3089041000718123,SBIN0010482,Anamika Bajaj
BA005203,3089041000223532,SBIN0010482,Dev Dua
BA005204,3089041000791778,SBIN0010482,Dhruv Rao
BA005205,3089041000499148,SBIN0010482,Ayushman Barad
BA005206,3089041000148420,SBIN0010482,Rachana Shroff
BA005207,3089041000716884,SBIN0010482,Parth Arya
BA005208,3089041000126103,SBIN0010482,Dev Mand
BA005209,3089041000922014,SBIN0010482,Varenya Jain
BA005210,3089041000966045,SBIN0010482,Arjun Magar
BA005211,3089041000601229,SBIN0010482,Wahab Sem
BA005212,3089041000897245,SBIN0010482,Chaitanya Saran
BA005213,3089041000362870,SBIN0010482,Vincent Batta
BA005214,3089041000763741,SBIN0010482,Januja Chakrabarti
BA005215,3089041000228631,SBIN0010482,Tanmayi Sodhi
BA005216,3089041000636300,SBIN0010482,Kashvi Prabhu
BA005217,3089041000215828,SBIN0010482,Ekani Palan
BA005218,3089041000203526,SBIN0010482,Owen Ratti
BA005219,3089041000888356,SBIN0010482,Unni Palan
BA005220,3089041000108829,SBIN0010482,Manbir Talwar
BA005221,3089041000174039,SBIN0010482,Jagvi Sankaran
BA005222,3089041000250566,SBIN0010482,Zehaan Devan
BA005223,3089041000479390,SBIN0010482,JAGRATI SHUKLA
BA005224,3089041000136386,SBIN0010482,Nitesh Basak
BA005225,3089041000270107,SBIN0010482,Yashawini Dhillon
BA005226,3089041000182816,SBIN0010482,Nathaniel Dewan
BA005227,3089041000439091,SBIN0010482,Meghana Bumb
BA005228,3089041000302225,SBIN0010482,Isaac Thaker
BA005229,3089041000699649,SBIN0010482,Zinal Chawla
BA005230,3089041000359462,SBIN0010482,Aachal Gala
BA005231,3089041000586513,SBIN0010482,Gaurika Suresh
BA005232,3089041000732036,SBIN0010482,Eshana Prakash
BA005233,3089041000397750,SBIN0010482,Maya Kanda
BA005234,3089041000979186,SBIN0010482,Nikita Cherian
BA005235,3089041000428002,SBIN0010482,Sudiksha Dugal
BA005236,3089041000767881,SBIN0010482,Aadi Thaman
BA005237,3089041000537332,SBIN0010482,Warhi Dhawan
BA005238,3089041000469945,SBIN0010482,Damini Khurana
BA005239,3089041000195780,SBIN0010482,Chavvi Kadakia
BA005240,3089041000168729,SBIN0010482,Rayaan Bajwa
BA005241,3089041000151663,SBIN0010482,Azaan Merchant
BA005242,3089041000692451,SBIN0010482,Sarthak Grewal
BA005243,3089041000125216,SBIN0010482,Ekalinga Kulkarni
BA005244,3089041000760183,SBIN0010482,Jagat Sami
BA005245,3089041000565371,SBIN0010482,Neha Anne
BA005246,3089041000210889,SBIN0010482,Hemal Rama
BA005247,3089041000842184,SBIN0010482,Sathvik Modi
BA005248,3089041000557875,SBIN0010482,Vanya Barman
BA005249,3089041000596138,SBIN0010482,Azad Tata
BA005250,3089041000822108,SBIN0010482,Indali Balasubramanian
BA005251,3089041000401804,SBIN0010482,Urvashi Rajagopal
BA005252,3089041000440999,SBIN0010482,Pahal Panchal
BA005253,3089041000511352,SBIN0010482,Avi Rai
BA005254,3089041000841913,SBIN0010482,Vinaya Chadha
BA005255,3089041000852671,SBIN0010482,Zayyan Chanda
BA005256,3089041000605837,SBIN0010482,Yatan Chandra
BA005257,3089041000716564,SBIN0010482,Ladli Nazareth
BA005258,3089041000567606,SBIN0010482,Upasna Banerjee
BA005259,3089041000584988,SBIN0010482,Dayita Seth
BA005260,3089041000927276,SBIN0010482,Nirja Chandran
BA005261,3089041000449067,SBIN0010482,Kabir Bala
BA005262,3089041000623970,SBIN0010482,Ekapad Thakkar
BA005263,3089041000927398,SBIN0010482,Ubika Maharaj
BA005264,3089041000872552,SBIN0010482,Chanakya Kulkarni
BA005265,3089041000441906,SBIN0010482,Zansi Swaminathan
BA005266,3089041000515759,SBIN0010482,Siya Memon
BA005267,3089041000748887,SBIN0010482,Balveer Mannan
BA005268,3089041000310046,SBIN0010482,Pooja Choudhary
BA005269,3089041000134537,SBIN0010482,Faraj Issac
BA005270,3089041000809750,SBIN0010482,Vedika Krish
BA005271,3089041000888030,SBIN0010482,Lila Goda
BA005272,3089041000551875,SBIN0010482,Caleb Mittal
BA005273,3089041000813039,SBIN0010482,Udant Oak
BA005274,3089041000450431,SBIN0010482,Veer Saxena
BA005275,3089041000320950,SBIN0010482,Harrison Gala
BA005276,3089041000735162,SBIN0010482,Kevin Bajwa
BA005277,3089041000365620,SBIN0010482,Watika Peri
BA005278,3089041000673409,SBIN0010482,Ansh Vohra
BA005279,3089041000829176,SBIN0010482,Hitesh Sahota
BA005280,3089041000781585,SBIN0010482,Bahadurjit Mallick
BA005281,3089041000386337,SBIN0010482,Pahal Bhavsar
BA005282,3089041000299873,SBIN0010482,Gagan Lall
BA005283,3089041000923183,SBIN0010482,Vaishnavi Rattan
BA005284,3089041000180508,SBIN0010482,Laksh Dara
BA005285,3089041000481484,SBIN0010482,NEEL CHADHA
BA005286,3089041000276120,SBIN0010482,Ronith Sehgal
BA005287,3089041000291818,SBIN0010482,Adya Sridhar
BA005288,3089041000114408,SBIN0010482,Qasim Sachdev
BA005289,3089041000983839,SBIN0010482,Balveer Kata
BA005290,3089041000490823,SBIN0010482,Manan Mital
BA005291,3089041000756781,SBIN0010482,Mahika Apte
BA005292,3089041000155814,SBIN0010482,Darpan Uppal
BA005293,3089041000396780,SBIN0010482,Isaiah Vohra
BA005294,3089041000672925,SBIN0010482,Aditya  Mitter
BA005295,3089041000787384,SBIN0010482,Ekaja Kohli
BA005296,3089041000881307,SBIN0010482,Tanay Gulati
BA005297,3089041000567595,SBIN0010482,Vanya Srinivas
BA005298,3089041000297973,SBIN0010482,Hardik Gera
BA005299,3089041000701224,SBIN0010482,Ekavir Dhingra
BA005300,3089041000930410,SBIN0010482,Yashvi Dhillon
BA005301,3089041000438010,SBIN0010482,Vanya Varghese
BA005302,3089041000620694,SBIN0010482,Nitesh Koshy
BA005303,3089041000124847,SBIN0010482,Janaki Kar
BA005304,3089041000188301,SBIN0010482,Niharika Bhasin
BA005305,3089041000296501,SBIN0010482,Brijesh Nagi
BA005306,3089041000129033,SBIN0010482,AYAAN HANS
BA005307,3089041000143471,SBIN0010482,Mahika Sengupta
BA005308,3089041000800756,SBIN0010482,Joshua Srinivas
BA005309,3089041000304726,SBIN0010482,Nakul Khurana
BA005310,3089041000668756,SBIN0010482,Widisha Borde
BA005311,3089041000587296,SBIN0010482,Azaan Sahni
BA005312,3089041000260724,SBIN0010482,Frado Dhingra
BA005313,3089041000235199,SBIN0010482,Kala Mall
BA005314,3089041000582815,SBIN0010482,Avni Shetty
BA005315,3089041000657963,SBIN0010482,Chavvi Wason
BA005316,3089041000749487,SBIN0010482,Darika Singhal
BA005317,3089041000131470,SBIN0010482,Libni Devan
BA005318,3089041000659641,SBIN0010482,Geetika Chand
BA005319,3089041000934733,SBIN0010482,Hema Walia
BA005320,3089041000361020,SBIN0010482,Zayan Loyal
BA005321,3089041000530976,SBIN0010482,Bhavya Varghese
BA005322,3089041000367833,SBIN0010482,Dhriti Naik
BA005323,3089041000304428,SBIN0010482,Rayaan Pall
BA005324,3089041000421370,SBIN0010482,Rehaan Nayak
BA005325,3089041000377848,SBIN0010482,Arya Lalla
BA005326,3089041000997888,SBIN0010482,Raghav Dewan
BA005327,3089041000527683,SBIN0010482,Ranveer Pathak
BA005328,3089041000281958,SBIN0010482,Samarth Shere
BA005329,3089041000951424,SBIN0010482,Jacob Manne
BA005330,3089041000178951,SBIN0010482,Samesh Nazareth
BA005331,3089041000279847,SBIN0010482,Watika Prasad
BA005332,3089041000350202,SBIN0010482,Manya Sule
BA005333,3089041000381701,SBIN0010482,Tripti Yogi
BA005334,3089041000567532,SBIN0010482,Madhav Kumar
BA005335,3089041000504496,SBIN0010482,Zayyan Dash
BA005336,3089041000102333,SBIN0010482,Maya Aggarwal
BA005337,3089041000296342,SBIN0010482,Ranbir Kumar
BA005338,3089041000681104,SBIN0010482,Suhani Malhotra
BA005339,3089041000748520,SBIN0010482,Rushil Lata
BA005340,3089041000399806,SBIN0010482,Prisha Suri
BA005341,3089041000277817,SBIN0010482,Vamakshi Sarkar
BA005342,3089041000728749,SBIN0010482,Dhriti Dar
BA005343,3089041000836443,SBIN0010482,Pratyush Das
BA005344,3089041000319126,SBIN0010482,Chatura Barman
BA005345,3089041000734644,SBIN0010482,Arunima Chokshi
BA005346,3089041000457564,SBIN0010482,Joshua Char
BA005347,3089041000749039,SBIN0010482,Samarth Baral
BA005348,3089041000609785,SBIN0010482,Advaith Choudhury
BA005349,3089041000795505,SBIN0010482,Aradhana Mane
BA005350,3089041000407646,SBIN0010482,Wridesh Kashyap
BA005351,3089041000265127,SBIN0010482,Amara Pandya
BA005352,3089041000911011,SBIN0010482,Max Bajaj
BA005353,3089041000446300,SBIN0010482,Thomas Garg
BA005354,3089041000440389,SBIN0010482,Samar Badal
BA005355,3089041000924745,SBIN0010482,Gavin Madan
BA005356,3089041000139895,SBIN0010482,Jeet Chandran
BA005357,3089041000396609,SBIN0010482,Niharika Kant
BA005358,3089041000311514,SBIN0010482,Tripti Gandhi
BA005359,3089041000858137,SBIN0010482,Thomas Mammen
BA005360,3089041000527417,SBIN0010482,Aarush Khare
BA005361,3089041000288280,SBIN0010482,Radhika Raju
BA005362,3089041000944522,SBIN0010482,Tanay Kata
BA005363,3089041000395039,SBIN0010482,Finn Rege
BA005364,3089041000191395,SBIN0010482,Saanvi Doctor
BA005365,3089041000609107,SBIN0010482,Lajita Bajaj
BA005366,3089041000413309,SBIN0010482,Samesh Swamy
BA005367,3089041000311856,SBIN0010482,Hema Nagy
BA005368,3089041000962543,SBIN0010482,Xalak Tripathi
BA005369,3089041000315770,SBIN0010482,Riya Jha
BA005370,3089041000362562,SBIN0010482,Maanas Brahmbhatt
BA005371,3089041000435362,SBIN0010482,Om Raval
BA005372,3089041000356569,SBIN0010482,Tejas Murthy
BA005373,3089041000395565,SBIN0010482,Nidhi Mahal
BA005374,3089041000912628,SBIN0010482,Bina Kashyap
BA005375,3089041000663098,SBIN0010482,Upasna Bajwa
BA005376,3089041000755297,SBIN0010482,Dhruv Sethi
BA005377,3089041000553570,SBIN0010482,Lopa Pai
BA005378,3089041000995289,SBIN0010482,Lakshmi Bahri
BA005379,3089041000626496,SBIN0010482,Rajata Sehgal
BA005380,3089041000745991,SBIN0010482,Gaurav Sarkar
BA005381,3089041000831569,SBIN0010482,Ijaya Karnik
BA005382,3089041000382957,SBIN0010482,Jeevika Lad
BA005383,3089041000882790,SBIN0010482,Nakul Ganguly
BA005384,3089041000287886,SBIN0010482,Zansi Wali
BA005385,3089041000813089,SBIN0010482,Balhaar Raj
BA005386,3089041000536081,SBIN0010482,Chanakya Karnik
BA005387,3089041000506857,SBIN0010482,Nathan Chanda
BA005388,3089041000329725,SBIN0010482,Zashil Buch
BA005389,3089041000635570,SBIN0010482,Sneha Dixit
BA005390,3089041000874977,SBIN0010482,Lucky Sarin
BA005391,3089041000757953,SBIN0010482,Quincy Karnik
BA005392,3089041000314817,SBIN0010482,Devika Ganesan
BA005393,3089041000104534,SBIN0010482,Vincent Chanda
BA005394,3089041000194871,SBIN0010482,Patrick Mani
BA005395,3089041000951762,SBIN0010482,Pallavi Ganesh
BA005396,3089041000614150,SBIN0010482,ANAY HAYRE
BA005397,3089041000939267,SBIN0010482,Ekalinga Chaudhuri
BA005398,3089041000233652,SBIN0010482,Praneel Walla
BA005399,3089041000233509,SBIN0010482,Turvi Pillay
BA005400,3089041000666275,SBIN0010482,Michael Walla
BA005401,3089041000689490,SBIN0010482,Yatan Anand
BA005402,3089041000933794,SBIN0010482,Onveer Magar
BA005403,3089041000418471,SBIN0010482,Xiti Thaman
BA005404,3089041000110664,SBIN0010482,Meera Deshmukh
BA005405,3089041000132365,SBIN0010482,Chanakya Singh
BA005406,3089041000822755,SBIN0010482,Kevin Khurana
BA005407,3089041000157162,SBIN0010482,Arya Shere
BA005408,3089041000995815,SBIN0010482,Suhani Gill
BA005409,3089041000349517,SBIN0010482,Yuvraj Edwin
BA005410,3089041000358046,SBIN0010482,Ekalinga Purohit
BA005411,3089041000274612,SBIN0010482,Aadi Mani
BA005412,3089041000999067,SBIN0010482,Vrishti Rana
BA005413,3089041000876317,SBIN0010482,Unnati Venkatesh
BA005414,3089041000558153,SBIN0010482,Nidhi Krishnamurthy
BA005415,3089041000855250,SBIN0010482,Ojas Thakur
BA005416,3089041000893368,SBIN0010482,Jonathan Bansal
BA005417,3089041000535230,SBIN0010482,Ethan Pillai
BA005418,3089041000559633,SBIN0010482,Jack Sachar
BA005419,3089041000169931,SBIN0010482,Keya Mistry
BA005420,3089041000778290,SBIN0010482,Arjun Murty
BA005421,3089041000540954,SBIN0010482,Rushil Babu
BA005422,3089041000987633,SBIN0010482,Radhika Din
BA005423,3089041000311001,SBIN0010482,Logan Mittal
BA005424,3089041000352797,SBIN0010482,Yash Dhar
BA005425,3089041000322660,SBIN0010482,Utkarsh Sarna
BA005426,3089041000819764,SBIN0010482,Vidhi Rastogi
BA005427,3089041000504860,SBIN0010482,Udyati Prabhu
BA005428,3089041000572640,SBIN0010482,Ubika  De
BA005429,3089041000761446,SBIN0010482,Charan Korpal
BA005430,3089041000320901,SBIN0010482,Harrison Merchant
BA005431,3089041000310897,SBIN0010482,Chatresh Palla
BA005432,3089041000788091,SBIN0010482,Libni Sant
BA005433,3089041000166116,SBIN0010482,Chaitaly Pant
BA005434,3089041000569403,SBIN0010482,Banjeet Srinivas
BA005435,3089041000705278,SBIN0010482,Indira Narula
BA005436,3089041000328450,SBIN0010482,Dayita Toor
BA005437,3089041000527260,SBIN0010482,Advay Chaudhuri
BA005438,3089041000274948,SBIN0010482,Anamika Bhasin
BA005439,3089041000334108,SBIN0010482,Yashodhara Kamdar
BA005440,3089041000721717,SBIN0010482,Arjun Sen
BA005441,3089041000656443,SBIN0010482,Gaurika Sharma
BA005442,3089041000319376,SBIN0010482,Eta Mane
BA005443,3089041000379223,SBIN0010482,Charan Varughese
BA005444,3089041000599777,SBIN0010482,Raksha Sura
BA005445,3089041000472710,SBIN0010482,Yoshita Bansal
BA005446,3089041000984614,SBIN0010482,Mitesh Purohit
BA005447,3089041000429959,SBIN0010482,Ria Loke
BA005448,3089041000138878,SBIN0010482,Lucky Hegde
BA005449,3089041000628487,SBIN0010482,Leena Majumdar
BA005450,3089041000154128,SBIN0010482,Thomas Barman
BA005451,3089041000915189,SBIN0010482,Chavvi Arora
BA005452,3089041000453625,SBIN0010482,Robert Sahota
BA005453,3089041000943158,SBIN0010482,Omisha Doshi
BA005454,3089041000268511,SBIN0010482,Aadhya Kade
BA005455,3089041000763324,SBIN0010482,Dominic Gade
BA005456,3089041000533280,SBIN0010482,Alka Subramanian
BA005457,3089041000909388,SBIN0010482,Theodore Sidhu
BA005458,3089041000626175,SBIN0010482,Wakeeta Comar
BA005459,3089041000655574,SBIN0010482,Tripti Oommen
BA005460,3089041000629621,SBIN0010482,Upasna Kuruvilla
BA005461,3089041000952832,SBIN0010482,Eta Vyas
BA005462,3089041000484498,SBIN0010482,Zinal Mallick
BA005463,3089041000412534,SBIN0010482,Upkaar Bains
BA005464,3089041000560704,SBIN0010482,Vasudha Magar
BA005465,3089041000512018,SBIN0010482,Yashodhara Mital
BA005466,3089041000259644,SBIN0010482,Nidhi Behl
BA005467,3089041000920919,SBIN0010482,Aarini Chhabra
BA005468,3089041000812834,SBIN0010482,Udant Kanda
BA005469,3089041000552494,SBIN0010482,Ucchal Dua
BA005470,3089041000745211,SBIN0010482,Yashasvi Patil
BA005471,3089041000652650,SBIN0010482,Mugdha Saini
BA005472,3089041000106424,SBIN0010482,Chandani Bumb
BA005473,3089041000635940,SBIN0010482,Nicholas Srivastava
BA005474,3089041000670789,SBIN0010482,Dipta Bhandari
BA005475,3089041000816486,SBIN0010482,Nidra Sankaran
BA005476,3089041000179969,SBIN0010482,Oeshi Solanki
BA005477,3089041000793342,SBIN0010482,Gauri Prabhakar
BA005478,3089041000788975,SBIN0010482,Darika Keer
BA005479,3089041000367877,SBIN0010482,Vyanjana Randhawa
BA005480,3089041000921037,SBIN0010482,Nidra Sani
BA005481,3089041000245428,SBIN0010482,Bhavini Kohli
BA005482,3089041000443523,SBIN0010482,Gayathri Dutta
BA005483,3089041000342938,SBIN0010482,Krisha Butala
BA005484,3089041000259341,SBIN0010482,Fitan Butala
BA005485,3089041000605236,SBIN0010482,Mason Zachariah
BA005486,3089041000120088,SBIN0010482,Waida Chanda
BA005487,3089041000969781,SBIN0010482,Charan Agate
BA005488,3089041000619650,SBIN0010482,Peter Bali
BA005489,3089041000589291,SBIN0010482,Bishakha Peri
BA005490,3089041000212429,SBIN0010482,Gagan Baria
BA005491,3089041000513647,SBIN0010482,Dayita Narayanan
BA005492,3089041000105150,SBIN0010482,Balvan Butala
BA005493,3089041000376107,SBIN0010482,Aadi Handa
BA005494,3089041000472863,SBIN0010482,Mahika Swaminathan
BA005495,3089041000911298,SBIN0010482,Amara Manne
BA005496,3089041000539076,SBIN0010482,Bhavani Devi
BA005497,3089041000172873,SBIN0010482,Turvi Lad
BA005498,3089041000739436,SBIN0010482,Yutika Char
BA005499,3089041000143795,SBIN0010482,Udarsh Mander
BA005500,3089041000949011,SBIN0010482,Maya Nigam
BA005501,3089041000997805,SBIN0010482,Urvashi Sethi
BA005502,3089041000508272,SBIN0010482,Yashodhara Mohan
BA005503,3089041000910879,SBIN0010482,Nandini Sahota
BA005504,3089041000882047,SBIN0010482,Dayamai Narain
BA005505,3089041000325000,SBIN0010482,Wridesh Shenoy
BA005506,3089041000810336,SBIN0010482,Mohammed Bansal
BA005507,3089041000359257,SBIN0010482,Daniel Dalal
BA005508,3089041000252449,SBIN0010482,Hritik Sen
BA005509,3089041000980873,SBIN0010482,Manthan Borah
BA005510,3089041000710795,SBIN0010482,Gaurangi Nagarajan
BA005511,3089041000810291,SBIN0010482,Vasatika Saran
BA005512,3089041000230001,SBIN0010482,Jason Mittal
BA005513,3089041000975151,SBIN0010482,Urvashi Bandi
BA005514,3089041000137968,SBIN0010482,Naksh Raman
BA005515,3089041000913172,SBIN0010482,Hemani Bhatti
BA005516,3089041000446229,SBIN0010482,Azad Krishnan
BA005517,3089041000256449,SBIN0010482,Rachit Tank
BA005518,3089041000484014,SBIN0010482,Mitali Naik
BA005519,3089041000980287,SBIN0010482,Kiaan Narain
BA005520,3089041000304513,SBIN0010482,Divya Gour
BA005521,3089041000265470,SBIN0010482,Nitesh Krishna
BA005522,3089041000254832,SBIN0010482,Girik Sur
BA005523,3089041000877298,SBIN0010482,Manbir Basak
BA005524,3089041000320892,SBIN0010482,Wriddhish Varghese
BA005525,3089041000136328,SBIN0010482,Arunima Jain
BA005526,3089041000541458,SBIN0010482,Omisha Barad
BA005527,3089041000265229,SBIN0010482,Jalsa Oza
BA005528,3089041000134408,SBIN0010482,Geetika Agate
BA005529,3089041000262245,SBIN0010482,Vasudha Thaker
BA005530,3089041000287443,SBIN0010482,Siddharth Divan
BA005531,3089041000624895,SBIN0010482,Yashasvi Mahal
BA005532,3089041000449103,SBIN0010482,Ronith Saran
BA005533,3089041000503543,SBIN0010482,Suhani Mannan
BA005534,3089041000464674,SBIN0010482,Chaitanya Mane
BA005535,3089041000936599,SBIN0010482,Andrew Reddy
BA005536,3089041000672693,SBIN0010482,Urvi Sahni
BA005537,3089041000551816,SBIN0010482,Vihaan Murty
BA005538,3089041000891978,SBIN0010482,Shivani Lanka
BA005539,3089041000450827,SBIN0010482,Balvan Karnik
BA005540,3089041000169350,SBIN0010482,Megha Lanka
BA005541,3089041000390698,SBIN0010482,Veer Baria
BA005542,3089041000374422,SBIN0010482,Shivani Khare
BA005543,3089041000275975,SBIN0010482,Aarnav Sani
BA005544,3089041000358220,SBIN0010482,Faqid Mahal
BA005545,3089041000611215,SBIN0010482,Amol Thaker
BA005546,3089041000994187,SBIN0010482,Charan Taneja
BA005547,3089041000456428,SBIN0010482,Bhavna D’Alia
BA005548,3089041000855664,SBIN0010482,Lopa Narasimhan
BA005549,3089041000530893,SBIN0010482,Sai Atwal
BA005550,3089041000969751,SBIN0010482,Fariq Narasimhan
BA005551,3089041000515801,SBIN0010482,Varsha Bail
BA005552,3089041000507678,SBIN0010482,Kai Kuruvilla
BA005553,3089041000487390,SBIN0010482,Brinda Kurian
BA005554,3089041000399273,SBIN0010482,Neel Sandhu
BA005555,3089041000383818,SBIN0010482,Nihal Pathak
BA005556,3089041000124082,SBIN0010482,Bhavya More
BA005557,3089041000533293,SBIN0010482,Faraj Dugal
BA005558,3089041000113968,SBIN0010482,Aarush Khatri
BA005559,3089041000764261,SBIN0010482,Anamika Gola
BA005560,3089041000554422,SBIN0010482,Siya Nazareth
BA005561,3089041000949593,SBIN0010482,Xiti Warrior
BA005562,3089041000341902,SBIN0010482,Yasti Das
BA005563,3089041000268819,SBIN0010482,Arunima Chacko
BA005564,3089041000118591,SBIN0010482,George Pandit
BA005565,3089041000799343,SBIN0010482,Lipika Gulati
BA005566,3089041000834235,SBIN0010482,Andrew Chadha
BA005567,3089041000545173,SBIN0010482,Nicholas Dhingra
BA005568,3089041000794018,SBIN0010482,Naveen Vig
BA005569,3089041000281840,SBIN0010482,Varenya Panchal
BA005570,3089041000297540,SBIN0010482,Harini Ramachandran
BA005571,3089041000376486,SBIN0010482,Hemang Vala
BA005572,3089041000211831,SBIN0010482,Simon Ganesh
BA005573,3089041000845511,SBIN0010482,Veda Bhavsar
BA005574,3089041000921843,SBIN0010482,Warda Shankar
BA005575,3089041000426184,SBIN0010482,Ekanta Pillay
BA005576,3089041000432642,SBIN0010482,Benjamin Bansal
BA005577,3089041000650858,SBIN0010482,Raghav Aggarwal
BA005578,3089041000441382,SBIN0010482,Anay Pradhan
BA005579,3089041000281316,SBIN0010482,Ojasvi Amble
BA005580,3089041000807457,SBIN0010482,Ubika Chada
BA005581,3089041000842391,SBIN0010482,Gopal Verma
BA005582,3089041000878415,SBIN0010482,Laban Solanki
BA005583,3089041000437443,SBIN0010482,Harini Dar
BA005584,3089041000803270,SBIN0010482,Edhitha Korpal
BA005585,3089041000386153,SBIN0010482,Pavani Memon
BA005586,3089041000308011,SBIN0010482,Hredhaan Bhakta
BA005587,3089041000288787,SBIN0010482,Laksh Kuruvilla
BA005588,3089041000621882,SBIN0010482,Michael Mand
BA005589,3089041000657876,SBIN0010482,Nisha Borde
BA005590,3089041000101058,SBIN0010482,Falan Tara
BA005591,3089041000725297,SBIN0010482,Charita  Ray
BA005592,3089041000886411,SBIN0010482,Atharv Mane
BA005593,3089041000788320,SBIN0010482,Qasim Chander
BA005594,3089041000480011,SBIN0010482,Harish Patil
BA005595,3089041000597600,SBIN0010482,Girish Lalla
BA005596,3089041000504757,SBIN0010482,Eesha Dasgupta
BA005597,3089041000738995,SBIN0010482,Simon Brar
BA005598,3089041000368085,SBIN0010482,Chandran Malhotra
BA005599,3089041000117311,SBIN0010482,Fariq Mishra
BA005600,3089041000159230,SBIN0010482,Harish Raval
BA005601,3089041000194797,SBIN0010482,Devika Salvi
BA005602,3089041000271115,SBIN0010482,Gauri Luthra
BA005603,3089041000478055,SBIN0010482,Laksh Biswas
BA005604,3089041000902767,SBIN0010482,Aayush Chhabra
BA005605,3089041000327426,SBIN0010482,Brijesh  Singh
BA005606,3089041000555667,SBIN0010482,Nidra Chhabra
BA005607,3089041000378829,SBIN0010482,Nathan Kota
BA005608,3089041000482297,SBIN0010482,Gaurika Ganguly
BA005609,3089041000438861,SBIN0010482,Hemang Badal
BA005610,3089041000285950,SBIN0010482,Tejas  Date
BA005611,3089041000861475,SBIN0010482,Yashodhara Khare
BA005612,3089041000623068,SBIN0010482,Abdul Virk
BA005613,3089041000357309,SBIN0010482,Raghav Tailor
BA005614,3089041000425581,SBIN0010482,Daniel Sani
BA005615,3089041000111049,SBIN0010482,Lipika Hans
BA005616,3089041000716847,SBIN0010482,Hemangini Deshpande
BA005617,3089041000923977,SBIN0010482,Nisha Mani
BA005618,3089041000339988,SBIN0010482,Zaid Dash
BA005619,3089041000220002,SBIN0010482,Aadhya Tank
BA005620,3089041000152721,SBIN0010482,Ishwar Ravi
BA005621,3089041000596226,SBIN0010482,Zehaan Dave
BA005622,3089041000572799,SBIN0010482,Jagdish Kothari
BA005623,3089041000197657,SBIN0010482,Banjeet Kashyap
BA005624,3089041000649425,SBIN0010482,Chakradhar Bora
BA005625,3089041000938639,SBIN0010482,Kiaan Kamdar
BA005626,3089041000600665,SBIN0010482,Isaiah Agate
BA005627,3089041000640240,SBIN0010482,Indrajit Atwal
BA005628,3089041000491446,SBIN0010482,Hredhaan Om
BA005629,3089041000142457,SBIN0010482,Sanya Dhawan
BA005630,3089041000482017,SBIN0010482,Jatin Pillay
BA005631,3089041000404558,SBIN0010482,Nirja Radhakrishnan
BA005632,3089041000912412,SBIN0010482,Sachi Jaggi
BA005633,3089041000961047,SBIN0010482,Samuel Ramachandran
BA005634,3089041000613893,SBIN0010482,Raghav Kibe
BA005635,3089041000299591,SBIN0010482,Vrinda Mahal
BA005636,3089041000986616,SBIN0010482,Chandran Krishnan
BA005637,3089041000111676,SBIN0010482,Rachita Sheth
BA005638,3089041000864761,SBIN0010482,Darsh Bhasin
BA005639,3089041000524423,SBIN0010482,Bimala Jani
BA005640,3089041000873677,SBIN0010482,Indrajit Mani
BA005641,3089041000980978,SBIN0010482,Bhanumati Mammen
BA005642,3089041000630601,SBIN0010482,Pooja Atwal
BA005643,3089041000482275,SBIN0010482,Dhruv Sha
BA005644,3089041000575465,SBIN0010482,Chavvi Kapur
BA005645,3089041000167974,SBIN0010482,Sai Majumdar
BA005646,3089041000645986,SBIN0010482,Madhavi Madan
BA005647,3089041000278938,SBIN0010482,Varsha Kannan
BA005648,3089041000654887,SBIN0010482,Kiaan  Badal
BA005649,3089041000545699,SBIN0010482,Vedika Rajagopalan
BA005650,3089041000604101,SBIN0010482,Yashodhara Dhillon
BA005651,3089041000433920,SBIN0010482,Amrita Prabhakar
BA005652,3089041000674748,SBIN0010482,Hardik Magar
BA005653,3089041000459254,SBIN0010482,Netra Bahri
BA005654,3089041000931490,SBIN0010482,Hredhaan Khurana
BA005655,3089041000648402,SBIN0010482,Zayyan Konda
BA005656,3089041000779376,SBIN0010482,Watika Wadhwa
BA005657,3089041000452022,SBIN0010482,Manthan Bahri
BA005658,3089041000814888,SBIN0010482,Oni Om
BA005659,3089041000875004,SBIN0010482,Vasana Hari
BA005660,3089041000419187,SBIN0010482,Ikbal Mohan
BA005661,3089041000466454,SBIN0010482,Zayan Magar
BA005662,3089041000520874,SBIN0010482,Neelima Parikh
BA005663,3089041000844546,SBIN0010482,Lajita Sodhi
BA005664,3089041000209565,SBIN0010482,Yash Nair
BA005665,3089041000569570,SBIN0010482,Gayathri Parikh
BA005666,3089041000688199,SBIN0010482,Wridesh Walia
BA005667,3089041000676209,SBIN0010482,Waida Kari
BA005668,3089041000342886,SBIN0010482,Amol Bose
BA005669,3089041000574405,SBIN0010482,Laksh Kashyap
BA005670,3089041000481534,SBIN0010482,Caleb Jayaraman
BA005671,3089041000783701,SBIN0010482,Nitara Warrior
BA005672,3089041000186492,SBIN0010482,Harshil Sastry
BA005673,3089041000487951,SBIN0010482,Timothy Kala
BA005674,3089041000487040,SBIN0010482,Kamala Chatterjee
BA005675,3089041000684795,SBIN0010482,Aahana Apte
BA005676,3089041000441062,SBIN0010482,JAI MAND
BA005677,3089041000791950,SBIN0010482,Shaurya Chander
BA005678,3089041000262447,SBIN0010482,Warjas Dani
BA005679,3089041000971494,SBIN0010482,Zashil Yadav
BA005680,3089041000238961,SBIN0010482,Chaitanya Soni
BA005681,3089041000635354,SBIN0010482,Oliver Ahuja
BA005682,3089041000825893,SBIN0010482,Tarak Sabharwal
BA005683,3089041000526465,SBIN0010482,Harish Chakrabarti
BA005684,3089041000744252,SBIN0010482,Arunima Acharya
BA005685,3089041000771261,SBIN0010482,Ikshita Parikh
BA005686,3089041000612736,SBIN0010482,Nitesh Bala
BA005687,3089041000104799,SBIN0010482,Ansh Maharaj
BA005688,3089041000847807,SBIN0010482,Orinder Dugar
BA005689,3089041000681517,SBIN0010482,Chakradev Gola
BA005690,3089041000111881,SBIN0010482,Shaurya Hora
BA005691,3089041000654178,SBIN0010482,Chakrika Sharma
BA005692,3089041000948423,SBIN0010482,Shivani Kara
BA005693,3089041000540652,SBIN0010482,Azad Dalal
BA005694,3089041000949073,SBIN0010482,Jeevika Mistry
BA005695,3089041000769335,SBIN0010482,Mitesh Bhatnagar
BA005696,3089041000181145,SBIN0010482,Urvi Radhakrishnan
BA005697,3089041000167418,SBIN0010482,Onveer Prasad
BA005698,3089041000152027,SBIN0010482,Parth Salvi
BA005699,3089041000337015,SBIN0010482,Frado Dugar
BA005700,3089041000110498,SBIN0010482,Elijah Dube
BA005701,3089041000107625,SBIN0010482,Ikbal Saran
BA005702,3089041000655378,SBIN0010482,Ojas Lata
BA005703,3089041000260092,SBIN0010482,Sneha Dugar
BA005704,3089041000360908,SBIN0010482,Saumya Sandal
BA005705,3089041000478543,SBIN0010482,Sai Mallick
BA005706,3089041000727733,SBIN0010482,Abha Kala
BA005707,3089041000670587,SBIN0010482,Rohan Ravi
BA005708,3089041000221183,SBIN0010482,Keya Wason
BA005709,3089041000102479,SBIN0010482,Gavin D’Alia
BA005710,3089041000525413,SBIN0010482,Chatura Karpe
BA005711,3089041000274463,SBIN0010482,Varenya Rana
BA005712,3089041000978580,SBIN0010482,Chatresh Vasa
BA005713,3089041000210523,SBIN0010482,Vincent Date
BA005714,3089041000362195,SBIN0010482,Chandresh Trivedi
BA005715,3089041000105955,SBIN0010482,WYATT YOHANNAN
BA005716,3089041000938624,SBIN0010482,Harinakshi Vohra
BA005717,3089041000838749,SBIN0010482,Aashi Lal
BA005718,3089041000275751,SBIN0010482,Laban Gokhale
BA005719,3089041000485045,SBIN0010482,Prisha Swaminathan
BA005720,3089041000617159,SBIN0010482,Logan Kannan
BA005721,3089041000837296,SBIN0010482,Zarna Divan
BA005722,3089041000169930,SBIN0010482,Ekbal Sami
BA005723,3089041000481955,SBIN0010482,Ekanta Sharma
BA005724,3089041000376507,SBIN0010482,Anya Nazareth
BA005725,3089041000669113,SBIN0010482,Bachittar Apte
BA005726,3089041000193674,SBIN0010482,ARJUN BALASUBRAMANIAN
BA005727,3089041000323574,SBIN0010482,Ekantika Gala
BA005728,3089041000979316,SBIN0010482,Fitan Gupta
BA005729,3089041000404893,SBIN0010482,Guneet Sarna
BA005730,3089041000384410,SBIN0010482,Dakshesh Bal
BA005731,3089041000405808,SBIN0010482,Ira Munshi
BA005732,3089041000408126,SBIN0010482,Ishwar Thaman
BA005733,3089041000643707,SBIN0010482,Brinda Lal
BA005734,3089041000986572,SBIN0010482,Frederick Divan
BA005735,3089041000708685,SBIN0010482,Bhavna Swaminathan
BA005736,3089041000784997,SBIN0010482,Matthew Gill
BA005737,3089041000620477,SBIN0010482,Yachana Basak
BA005738,3089041000652482,SBIN0010482,Ladli Singh
BA005739,3089041000352124,SBIN0010482,Yashica Saran
BA005740,3089041000626346,SBIN0010482,Atharv Basu
BA005741,3089041000366456,SBIN0010482,Aarnav Lal
BA005742,3089041000381716,SBIN0010482,Krishna Pai
BA005743,3089041000134088,SBIN0010482,Gaurang Pathak
BA005744,3089041000515999,SBIN0010482,Mason Ravel
BA005745,3089041000194775,SBIN0010482,Jason Keer
BA005746,3089041000871444,SBIN0010482,Manthan Luthra
BA005747,3089041000582711,SBIN0010482,Ekanta Pingle
BA005748,3089041000243658,SBIN0010482,Jasmit Mukherjee
BA005749,3089041000229275,SBIN0010482,Keya Barman
BA005750,3089041000297791,SBIN0010482,Upma Bera
BA005751,3089041000809082,SBIN0010482,Sarthak Khosla
BA005752,3089041000632870,SBIN0010482,Triveni Pant
BA005753,3089041000694096,SBIN0010482,Qasim Dass
BA005754,3089041000840434,SBIN0010482,Darsh Loyal
BA005755,3089041000575876,SBIN0010482,Jason Ramanathan
BA005756,3089041000350980,SBIN0010482,Jeet Wadhwa
BA005757,3089041000444114,SBIN0010482,Advika Kuruvilla
BA005758,3089041000846026,SBIN0010482,Urvi Tara
BA005759,3089041000684807,SBIN0010482,Zaitra Hari
BA005760,3089041000974265,SBIN0010482,Raghav Wadhwa
BA005761,3089041000747988,SBIN0010482,Mugdha Loyal
BA005762,3089041000949040,SBIN0010482,Mohammed Bhatti
BA005763,3089041000416246,SBIN0010482,Mugdha Merchant
BA005764,3089041000670141,SBIN0010482,DAMYANTI REDDY
BA005765,3089041000514909,SBIN0010482,Nathan Bail
BA005766,3089041000473373,SBIN0010482,Oni De
BA005767,3089041000916898,SBIN0010482,Raagini Kala
BA005768,3089041000660927,SBIN0010482,Dayita Krishnamurthy
BA005769,3089041000587060,SBIN0010482,Turvi Baria
BA005770,3089041000909296,SBIN0010482,Bishakha Ramakrishnan
BA005771,3089041000323519,SBIN0010482,Isha Prakash
BA005772,3089041000126803,SBIN0010482,Brijesh Grover
BA005773,3089041000616837,SBIN0010482,Veer Pillay
BA005774,3089041000115275,SBIN0010482,RACHIT MEMON
BA005775,3089041000968352,SBIN0010482,Arin Chad
BA005776,3089041000927683,SBIN0010482,Krishna Morar
BA005777,3089041000503271,SBIN0010482,Ati Mannan
BA005778,3089041000952181,SBIN0010482,Upkaar Chopra
BA005779,3089041000665818,SBIN0010482,Wyatt Tella
BA005780,3089041000135249,SBIN0010482,Anya Narula
BA005781,3089041000540220,SBIN0010482,Udyati Bhatia
BA005782,3089041000725740,SBIN0010482,Baljiwan Mann
BA005783,3089041000873562,SBIN0010482,Bishakha Khare
BA005784,3089041000644365,SBIN0010482,Tarak Joshi
BA005785,3089041000364156,SBIN0010482,Rishi  Vora
BA005786,3089041000678391,SBIN0010482,Divya Das
BA005787,3089041000656106,SBIN0010482,Tristan Dhaliwal
BA005788,3089041000953989,SBIN0010482,Gautam Chandra
BA005789,3089041000693645,SBIN0010482,Unnati Dasgupta
BA005790,3089041000762651,SBIN0010482,Rushil Khosla
BA005791,3089041000756244,SBIN0010482,Rudra Tailor
BA005792,3089041000494005,SBIN0010482,Krish Ravel
BA005793,3089041000898050,SBIN0010482,Upkaar Baral
BA005794,3089041000933787,SBIN0010482,Bakhshi Bose
BA005795,3089041000919085,SBIN0010482,Yashasvi Taneja
BA005796,3089041000420601,SBIN0010482,Lopa Chandran
BA005797,3089041000367458,SBIN0010482,Xiti Ray
BA005798,3089041000798434,SBIN0010482,Advaith Goyal
BA005799,3089041000360289,SBIN0010482,Avi Balan
BA005800,3089041000421505,SBIN0010482,Gaurika Sachdeva
BA005801,3089041000226344,SBIN0010482,Joshua Viswanathan
BA005802,3089041000707514,SBIN0010482,Yash Purohit
BA005803,3089041000758873,SBIN0010482,Urmi Tank
BA005804,3089041000600661,SBIN0010482,Bhanumati Dar
BA005805,3089041000482929,SBIN0010482,Aarush Kala
BA005806,3089041000436287,SBIN0010482,Jhalak Pal
BA005807,3089041000882569,SBIN0010482,Dalbir Bose
BA005808,3089041000823358,SBIN0010482,Ekavir Dasgupta
BA005809,3089041000819140,SBIN0010482,Ikbal Zacharia
BA005810,3089041000804906,SBIN0010482,Upkaar Kashyap
BA005811,3089041000956588,SBIN0010482,Vansha Oza
BA005812,3089041000377036,SBIN0010482,Liam Reddy
BA005813,3089041000971412,SBIN0010482,Onkar Dugar
BA005814,3089041000211328,SBIN0010482,Yashasvi Divan
BA005815,3089041000710210,SBIN0010482,Wriddhish Seth
BA005816,3089041000742828,SBIN0010482,Gautami Nazareth
BA005817,3089041000122161,SBIN0010482,Faraj Chanda
BA005818,3089041000553190,SBIN0010482,Balhaar Menon
BA005819,3089041000769734,SBIN0010482,Zinal Wason
BA005820,3089041000668747,SBIN0010482,Brijesh Peri
BA005821,3089041000200546,SBIN0010482,Geetika Khanna
BA005822,3089041000503462,SBIN0010482,Megha Sangha
BA005823,3089041000967268,SBIN0010482,Chakradhar Venkataraman
BA005824,3089041000414478,SBIN0010482,Jackson Dave
BA005825,3089041000156319,SBIN0010482,Andrew Basak
BA005826,3089041000953563,SBIN0010482,Christopher Venkatesh
BA005827,3089041000747379,SBIN0010482,Jalsa Ramakrishnan
BA005828,3089041000899325,SBIN0010482,Gaurang Bala
BA005829,3089041000996564,SBIN0010482,Mitesh Shah
BA005830,3089041000408872,SBIN0010482,Ekani Kala
BA005831,3089041000428724,SBIN0010482,Parth Kamdar
BA005832,3089041000121168,SBIN0010482,Harini Parekh
BA005833,3089041000361464,SBIN0010482,Qushi Upadhyay
BA005834,3089041000474975,SBIN0010482,Rajata Chopra
BA005835,3089041000131824,SBIN0010482,Vedhika Samra
BA005836,3089041000828137,SBIN0010482,Shivansh Vohra
BA005837,3089041000476921,SBIN0010482,Bina Baria
BA005838,3089041000974321,SBIN0010482,Wyatt Modi
BA005839,3089041000280150,SBIN0010482,Sara Hari
BA005840,3089041000181102,SBIN0010482,Chanchal Khanna
BA005841,3089041000781918,SBIN0010482,Laban Reddy
BA005842,3089041000845768,SBIN0010482,Simon Kaur
BA005843,3089041000842110,SBIN0010482,Jeet Bera
BA005844,3089041000387341,SBIN0010482,Kamala Seth
BA005845,3089041000494289,SBIN0010482,Champak Tripathi
BA005846,3089041000376249,SBIN0010482,Dhruv Mann
BA005847,3089041000267101,SBIN0010482,Qabil Babu
BA005848,3089041000623466,SBIN0010482,Aadhya Gandhi
BA005849,3089041000991580,SBIN0010482,Osha Prashad
BA005850,3089041000373234,SBIN0010482,Tanmayi Chakraborty
BA005851,3089041000989243,SBIN0010482,Maanav Wason
BA005852,3089041000530657,SBIN0010482,Leena Kothari
BA005853,3089041000797600,SBIN0010482,Ganga Chauhan
BA005854,3089041000146233,SBIN0010482,Ansh Tella
BA005855,3089041000724918,SBIN0010482,Robert Gill
BA005856,3089041000130719,SBIN0010482,Hritik Goyal
BA005857,3089041000106256,SBIN0010482,Chaitaly Dhaliwal
BA005858,3089041000755498,SBIN0010482,Netra Bhakta
BA005859,3089041000733457,SBIN0010482,Arin Solanki
BA005860,3089041000266136,SBIN0010482,Mitali Dalal
BA005861,3089041000394008,SBIN0010482,Omisha Balasubramanian
BA005862,3089041000758558,SBIN0010482,Owen Kalita
BA005863,3089041000458866,SBIN0010482,Vedant Venkatesh
BA005864,3089041000614734,SBIN0010482,Eshana Pathak
BA005865,3089041000579911,SBIN0010482,Zinal Devi
BA005866,3089041000556752,SBIN0010482,Bhavani Aggarwal
BA005867,3089041000504499,SBIN0010482,Nikita Dalal
BA005868,3089041000389310,SBIN0010482,Radha Om
BA005869,3089041000959182,SBIN0010482,Manan Ravi
BA005870,3089041000770797,SBIN0010482,Manan Saraf
BA005871,3089041000342680,SBIN0010482,Girik Raja
BA005872,3089041000830136,SBIN0010482,Hemangini Ray
BA005873,3089041000398454,SBIN0010482,Tarak Aurora
BA005874,3089041000704975,SBIN0010482,Pooja Chaudhari
BA005875,3089041000436217,SBIN0010482,Ranveer Wadhwa
BA005876,3089041000396484,SBIN0010482,Gayathri Dara
BA005877,3089041000566000,SBIN0010482,Rehaan Loke
BA005878,3089041000158810,SBIN0010482,Manthan Khosla
BA005879,3089041000634925,SBIN0010482,Yashodhara Magar
BA005880,3089041000656372,SBIN0010482,Ayushman Gala
BA005881,3089041000616542,SBIN0010482,Udarsh Agarwal
BA005882,3089041000595789,SBIN0010482,Yoshita Saraf
BA005883,3089041000978040,SBIN0010482,Lopa Bhatnagar
BA005884,3089041000532827,SBIN0010482,Jackson Ram
BA005885,3089041000313475,SBIN0010482,Falan Bumb
BA005886,3089041000508285,SBIN0010482,Gaurika Bal
BA005887,3089041000789739,SBIN0010482,Dominic Prashad
BA005888,3089041000435140,SBIN0010482,Arya Buch
BA005889,3089041000602187,SBIN0010482,Elijah Nagy
BA005890,3089041000952425,SBIN0010482,Sudiksha Reddy
BA005891,3089041000905847,SBIN0010482,Rohan Savant
BA005892,3089041000556672,SBIN0010482,Maanas Bedi
BA005893,3089041000874081,SBIN0010482,Thomas Mammen
BA005894,3089041000609116,SBIN0010482,Anay Tandon
BA005895,3089041000691648,SBIN0010482,Saanvi Manda
BA005896,3089041000515418,SBIN0010482,Nicholas Bhardwaj
BA005897,3089041000630040,SBIN0010482,Logan Rau
BA005898,3089041000649012,SBIN0010482,Kalpit Devan
BA005899,3089041000495766,SBIN0010482,Anirudh Chanda
BA005900,3089041000924369,SBIN0010482,Urvi Rajagopalan
BA005901,3089041000377247,SBIN0010482,Naveen Bhavsar
BA005902,3089041000937116,SBIN0010482,Arin Ranganathan
BA005903,3089041000871992,SBIN0010482,Ekalinga Hayer
BA005904,3089041000862451,SBIN0010482,Samaksh Setty
BA005905,3089041000860006,SBIN0010482,Gaurav Deo
BA005906,3089041000870653,SBIN0010482,Ishita Garg
BA005907,3089041000346347,SBIN0010482,Hemani Rattan
BA005908,3089041000603813,SBIN0010482,Unni Buch
BA005909,3089041000337011,SBIN0010482,Advaith Jayaraman
BA005910,3089041000561930,SBIN0010482,Harsh Brar
BA005911,3089041000526017,SBIN0010482,Aadi Raghavan
BA005912,3089041000460293,SBIN0010482,Theodore Sami
BA005913,3089041000700366,SBIN0010482,Yochana Nadkarni
BA005914,3089041000911090,SBIN0010482,Unni Tandon
BA005915,3089041000651146,SBIN0010482,Krisha Dara
BA005916,3089041000778322,SBIN0010482,Tejas Sem
BA005917,3089041000191096,SBIN0010482,Chaman Mohanty
BA005918,3089041000783486,SBIN0010482,Chandran Ganguly
BA005919,3089041000757348,SBIN0010482,Champak Dhaliwal
BA005920,3089041000767625,SBIN0010482,Chaitaly Uppal
BA005921,3089041000472892,SBIN0010482,Girindra  Sankar
BA005922,3089041000236622,SBIN0010482,Bhavani Bera
BA005923,3089041000961242,SBIN0010482,Siya Jayaraman
BA005924,3089041000307927,SBIN0010482,Harsh Rao
BA005925,3089041000757664,SBIN0010482,Hritik Dhar
BA005926,3089041000123537,SBIN0010482,Xalak Varghese
BA005927,3089041000777757,SBIN0010482,Rachit Borde
BA005928,3089041000804549,SBIN0010482,Neel Chanda
BA005929,3089041000301584,SBIN0010482,Qabil Chaudry
BA005930,3089041000805802,SBIN0010482,Advika Venkataraman
BA005931,3089041000518765,SBIN0010482,Onveer Oak
BA005932,3089041000338971,SBIN0010482,Raksha Kaur
BA005933,3089041000826902,SBIN0010482,Vincent Zacharia
BA005934,3089041000604183,SBIN0010482,Ishwar Varma
BA005935,3089041000572574,SBIN0010482,Eiravati Rege
BA005936,3089041000359659,SBIN0010482,Hamsini Karnik
BA005937,3089041000630496,SBIN0010482,Arin Tailor
BA005938,3089041000691138,SBIN0010482,Neha Dani
BA005939,3089041000467293,SBIN0010482,Vanya Bhat
BA005940,3089041000128129,SBIN0010482,Watika Keer
BA005941,3089041000438352,SBIN0010482,Zarna Din
BA005942,3089041000973198,SBIN0010482,Janya Agate
BA005943,3089041000199259,SBIN0010482,Maanas Chad
BA005944,3089041000611278,SBIN0010482,Pranit Kapur
BA005945,3089041000503523,SBIN0010482,Falak Dutta
BA005946,3089041000620127,SBIN0010482,Maya Pau
BA005947,3089041000562347,SBIN0010482,Gautami Zacharia
BA005948,3089041000644398,SBIN0010482,Henry Lanka
BA005949,3089041000574348,SBIN0010482,Mason Bora
BA005950,3089041000705331,SBIN0010482,Elijah Dewan
BA005951,3089041000870257,SBIN0010482,Mitali Shan
BA005952,3089041000445472,SBIN0010482,Amrita Keer
BA005953,3089041000249419,SBIN0010482,Bhavya Babu
BA005954,3089041000956067,SBIN0010482,Jonathan Barad
BA005955,3089041000781223,SBIN0010482,Bahadurjit Karpe
BA005956,3089041000865653,SBIN0010482,Zashil Tripathi
BA005957,3089041000912340,SBIN0010482,Kalpit Misra
BA005958,3089041000931739,SBIN0010482,Yauvani Bhatti
BA005959,3089041000868504,SBIN0010482,Bhanumati Palan
BA005960,3089041000811492,SBIN0010482,Yashica Shankar
BA005961,3089041000904169,SBIN0010482,Ridhi  Chand
BA005962,3089041000161647,SBIN0010482,Praneel Keer
BA005963,3089041000300793,SBIN0010482,Sara Ramakrishnan
BA005964,3089041000491417,SBIN0010482,Rohan Zacharia
BA005965,3089041000196725,SBIN0010482,Atharv Seth
BA005966,3089041000575636,SBIN0010482,Lajita Brahmbhatt
BA005967,3089041000860340,SBIN0010482,Triya Talwar
BA005968,3089041000122032,SBIN0010482,Leena Doctor
BA005969,3089041000767384,SBIN0010482,Yashasvi Tank
BA005970,3089041000113309,SBIN0010482,Kai Nagarajan
BA005971,3089041000256167,SBIN0010482,Wakeeta Barad
BA005972,3089041000552807,SBIN0010482,Aadi Rastogi
BA005973,3089041000447771,SBIN0010482,Wazir Pillay
BA005974,3089041000398943,SBIN0010482,Amruta Balan
BA005975,3089041000540602,SBIN0010482,Madhavi Raj
BA005976,3089041000574290,SBIN0010482,Tanmayi  Barad
BA005977,3089041000285563,SBIN0010482,Jeet Ganesh
BA005978,3089041000440213,SBIN0010482,Patrick Oommen
BA005979,3089041000503328,SBIN0010482,Amrita Krishnamurthy
BA005980,3089041000661723,SBIN0010482,Maya Sharma
BA005981,3089041000771835,SBIN0010482,Rohan Dey
BA005982,3089041000697750,SBIN0010482,Chaitaly Grewal
BA005983,3089041000165782,SBIN0010482,Kiaan Walia
BA005984,3089041000723002,SBIN0010482,Mahika Kapadia
BA005985,3089041000168063,SBIN0010482,Harshil Oak
BA005986,3089041000176173,SBIN0010482,Nitesh Lad
BA005987,3089041000771604,SBIN0010482,Falak Grover
BA005988,3089041000207821,SBIN0010482,Vasudha Gokhale
BA005989,3089041000152589,SBIN0010482,Lopa Ganesh
BA005990,3089041000608063,SBIN0010482,Netra Kant
BA005991,3089041000483254,SBIN0010482,Hemal Wagle
BA005992,3089041000819595,SBIN0010482,Harsh Kapoor
BA005993,3089041000383619,SBIN0010482,Mahika Pingle
BA005994,3089041000753014,SBIN0010482,Atharv Suri
BA005995,3089041000991639,SBIN0010482,Libni Nair
BA005996,3089041000195843,SBIN0010482,Ekani Sura
BA005997,3089041000525092,SBIN0010482,Advika Kapur
BA005998,3089041000314729,SBIN0010482,Rishi Mohan
BA005999,3089041000274939,SBIN0010482,Yauvani Borde
BA006000,3089041000466409,SBIN0010482,Vasana Sule
BA006001,3089041000491942,SBIN0010482,Champak Issac
BA006002,3089041000406819,SBIN0010482,Warinder Luthra
BA006003,3089041000646902,SBIN0010482,Gabriel Patla
BA006004,3089041000631250,SBIN0010482,Meera Mohanty
BA006005,3089041000966564,SBIN0010482,Eshana Memon
BA006006,3089041000991409,SBIN0010482,Hritik Narain
BA006007,3089041000565387,SBIN0010482,Samaksh Chhabra
BA006008,3089041000560933,SBIN0010482,Oscar Pau
BA006009,3089041000677510,SBIN0010482,Oni Soni
BA006010,3089041000304737,SBIN0010482,Wazir Sandhu
BA006011,3089041000262201,SBIN0010482,Edhitha Bath
BA006012,3089041000237898,SBIN0010482,Amaira Doctor
BA006013,3089041000146519,SBIN0010482,Bhanumati Chahal
BA006014,3089041000643895,SBIN0010482,Irya Goel
BA006015,3089041000420999,SBIN0010482,Leela Wadhwa
BA006016,3089041000727569,SBIN0010482,Urvashi Bhasin
BA006017,3089041000501939,SBIN0010482,Vanya Ahuja
BA006018,3089041000810264,SBIN0010482,Jalsa Dayal
BA006019,3089041000314263,SBIN0010482,Yoshita Vyas
BA006020,3089041000920041,SBIN0010482,Neelima Gaba
BA006021,3089041000619865,SBIN0010482,Ganga Sangha
BA006022,3089041000411467,SBIN0010482,Dalbir Nair
BA006023,3089041000285153,SBIN0010482,Shivani Yohannan
BA006024,3089041000195940,SBIN0010482,Ati Misra
BA006025,3089041000160043,SBIN0010482,Lakshit Tailor
BA006026,3089041000247383,SBIN0010482,Yashvi Nazareth
BA006027,3089041000125350,SBIN0010482,Harinakshi Sami
BA006028,3089041000680108,SBIN0010482,Edhitha Mani
BA006029,3089041000731207,SBIN0010482,Yadavi  Dave
BA006030,3089041000133542,SBIN0010482,Jagat Butala
BA006031,3089041000507022,SBIN0010482,Gaurangi Bal
BA006032,3089041000763505,SBIN0010482,Abeer Baral
BA006033,3089041000823406,SBIN0010482,Nachiket Mohanty
BA006034,3089041000171549,SBIN0010482,Victor Kata
BA006035,3089041000797871,SBIN0010482,Warjas Deep
BA006036,3089041000975461,SBIN0010482,ESHANA NADIG
BA006037,3089041000535026,SBIN0010482,Sathvik Ahluwalia
BA006038,3089041000734400,SBIN0010482,Harini Srivastava
BA006039,3089041000248491,SBIN0010482,Samar  Sandal
BA006040,3089041000970702,SBIN0010482,Harish Mander
BA006041,3089041000507382,SBIN0010482,Bhavani Venkatesh
BA006042,3089041000102297,SBIN0010482,Libni Swaminathan
BA006043,3089041000880276,SBIN0010482,Xalak Kapadia
BA006044,3089041000269362,SBIN0010482,Saumya Sastry
BA006045,3089041000778956,SBIN0010482,Odika Doctor
BA006046,3089041000664061,SBIN0010482,Kai Peri
BA006047,3089041000184235,SBIN0010482,Jyoti Mani
BA006048,3089041000249585,SBIN0010482,Ekaraj Vora
BA006049,3089041000480976,SBIN0010482,Oscar Cherian
BA006050,3089041000467097,SBIN0010482,Ranveer Bhatnagar
BA006051,3089041000722333,SBIN0010482,Ryan Dhar
BA006052,3089041000222083,SBIN0010482,Dalaja Chanda
BA006053,3089041000106323,SBIN0010482,Krishna Anand
BA006054,3089041000311973,SBIN0010482,Zinal Konda
BA006055,3089041000129533,SBIN0010482,Adweta Suri
BA006056,3089041000676050,SBIN0010482,Samar Sheth
BA006057,3089041000878981,SBIN0010482,Arjun Walia
BA006058,3089041000951639,SBIN0010482,Urishilla Raval
BA006059,3089041000956262,SBIN0010482,Tamanna Goel
BA006060,3089041000420552,SBIN0010482,Inaya Srinivasan
BA006061,3089041000707074,SBIN0010482,Ekani Lad
BA006062,3089041000260566,SBIN0010482,Amaira Sule
BA006063,3089041000898210,SBIN0010482,Ladli Dubey
BA006064,3089041000734105,SBIN0010482,Eshana Dhar
BA006065,3089041000335908,SBIN0010482,Yasti Setty
BA006066,3089041000249233,SBIN0010482,Wridesh Chaudry
BA006067,3089041000580455,SBIN0010482,CHATRESH GOPAL
BA006068,3089041000222009,SBIN0010482,Jai Singh
BA006069,3089041000222102,SBIN0010482,Dev Shankar
BA006070,3089041000872655,SBIN0010482,Rushil Savant
BA006071,3089041000892771,SBIN0010482,Quincy Balakrishnan
BA006072,3089041000378459,SBIN0010482,Qabil Gera
BA006073,3089041000257614,SBIN0010482,Tanish Sabharwal
BA006074,3089041000107794,SBIN0010482,Harrison Sane
BA006075,3089041000584962,SBIN0010482,Faqid Mitter
BA006076,3089041000806703,SBIN0010482,Maanas Khalsa
BA006077,3089041000876414,SBIN0010482,Ekta Patla
BA006078,3089041000868591,SBIN0010482,Samar Nagarajan
BA006079,3089041000167330,SBIN0010482,Amara Sahni
BA006080,3089041000671932,SBIN0010482,Vrinda Sheth
BA006081,3089041000631735,SBIN0010482,Theodore Edwin
BA006082,3089041000750977,SBIN0010482,Bimala Kota
BA006083,3089041000553226,SBIN0010482,Gaurangi Lal
BA006084,3089041000555008,SBIN0010482,Wishi Dada
BA006085,3089041000900183,SBIN0010482,Sanya Sarna
BA006086,3089041000650142,SBIN0010482,Rachit Ghosh
BA006087,3089041000708835,SBIN0010482,Ekaraj Edwin
BA006088,3089041000269203,SBIN0010482,Garima Koshy
BA006089,3089041000294409,SBIN0010482,Widisha Chowdhury
BA006090,3089041000350108,SBIN0010482,Vritti Narain
BA006091,3089041000635717,SBIN0010482,Zilmil Kibe
BA006092,3089041000454946,SBIN0010482,Manthan Bala
BA006093,3089041000801707,SBIN0010482,Krish Patla
BA006094,3089041000914842,SBIN0010482,Chatura Guha
BA006095,3089041000722398,SBIN0010482,Baljiwan Basu
BA006096,3089041000415109,SBIN0010482,Vrinda Shroff
BA006097,3089041000622502,SBIN0010482,Ikshita Kade
BA006098,3089041000257722,SBIN0010482,Yoshita Parikh
BA006099,3089041000234385,SBIN0010482,Warjas Warrior
BA006100,3089041000546408,SBIN0010482,Darsh Baria
BA006101,3089041000894901,SBIN0010482,Anay Mall
BA006102,3089041000597567,SBIN0010482,Warinder Rama
BA006103,3089041000524323,SBIN0010482,Ekani Choudhary
BA006104,3089041000605258,SBIN0010482,Ekalinga Palan
BA006105,3089041000390009,SBIN0010482,Shivansh Chander
BA006106,3089041000693044,SBIN0010482,Manthan Ganesh
BA006107,3089041000291276,SBIN0010482,Arjun Chanda
BA006108,3089041000716263,SBIN0010482,Rushil Sridhar
BA006109,3089041000717716,SBIN0010482,Yasti Hans
BA006110,3089041000961915,SBIN0010482,Ronith Ahluwalia
BA006111,3089041000744579,SBIN0010482,UPMA BUTALA
BA006112,3089041000809096,SBIN0010482,Xalak Chander
BA006113,3089041000570086,SBIN0010482,Maanav Rao
BA006114,3089041000798672,SBIN0010482,Matthew Doshi
BA006115,3089041000429825,SBIN0010482,Sarthak Dugar
BA006116,3089041000497964,SBIN0010482,Triveni Rout
BA006117,3089041000525590,SBIN0010482,Liam Bera
BA006118,3089041000323265,SBIN0010482,Gaurav D’Alia
BA006119,3089041000375625,SBIN0010482,Lavanya Rau
BA006120,3089041000265047,SBIN0010482,Kai Golla
BA006121,3089041000838411,SBIN0010482,Jai Balay
BA006122,3089041000420661,SBIN0010482,Laban Oza
BA006123,3089041000572053,SBIN0010482,Yuvraj Hora
BA006124,3089041000173563,SBIN0010482,Balhaar Memon
BA006125,3089041000725545,SBIN0010482,Raagini Rai
BA006126,3089041000160189,SBIN0010482,Sathvik Yadav
BA006127,3089041000778796,SBIN0010482,Praneel Shah
BA006128,3089041000943623,SBIN0010482,Hemang Doctor
BA006129,3089041000717981,SBIN0010482,Patrick Chaudhry
BA006130,3089041000125073,SBIN0010482,Bhavani Bajaj
BA006131,3089041000244962,SBIN0010482,Logan Nazareth
BA006132,3089041000646209,SBIN0010482,Eta Desai
BA006133,3089041000343212,SBIN0010482,Bhavini Prashad
BA006134,3089041000395123,SBIN0010482,Anay Hari
BA006135,3089041000385940,SBIN0010482,Inaya Rai
BA006136,3089041000676304,SBIN0010482,Aarav Kala
BA006137,3089041000500377,SBIN0010482,Kabir Taneja
BA006138,3089041000220743,SBIN0010482,Gunbir Karnik
BA006139,3089041000475629,SBIN0010482,Jagat Dhar
BA006140,3089041000601369,SBIN0010482,Rayaan Samra
BA006141,3089041000522843,SBIN0010482,Eta Zacharia
BA006142,3089041000511386,SBIN0010482,Lila Mohanty
BA006143,3089041000417767,SBIN0010482,Simon Bala
BA006144,3089041000915511,SBIN0010482,Falan Dugal
BA006145,3089041000401218,SBIN0010482,Lohit Subramaniam
BA006146,3089041000656832,SBIN0010482,Pahal Dasgupta
BA006147,3089041000962787,SBIN0010482,Neel Srinivas
BA006148,3089041000727749,SBIN0010482,Warda Mall
BA006149,3089041000239495,SBIN0010482,Ojas Bhat
BA006150,3089041000986682,SBIN0010482,Frederick Sankar
BA006151,3089041000969232,SBIN0010482,Anthony Sachar
BA006152,3089041000188053,SBIN0010482,Kalpit Date
BA006153,3089041000168502,SBIN0010482,Hredhaan Oommen
BA006154,3089041000247381,SBIN0010482,Advika Dutt
BA006155,3089041000957952,SBIN0010482,Tristan Mangal
BA006156,3089041000962031,SBIN0010482,Zaid Bhargava
BA006157,3089041000954909,SBIN0010482,Anay Patil
BA006158,3089041000620624,SBIN0010482,Watika Seth
BA006159,3089041000912246,SBIN0010482,Pallavi Morar
BA006160,3089041000245286,SBIN0010482,Kamala Savant
BA006161,3089041000162344,SBIN0010482,Kamya Mane
BA006162,3089041000770225,SBIN0010482,Orinder Koshy
BA006163,3089041000496974,SBIN0010482,Varsha Cherian
BA006164,3089041000712847,SBIN0010482,Zayan Shenoy
BA006165,3089041000354737,SBIN0010482,Aarnav Choudhry
BA006166,3089041000266784,SBIN0010482,Daniel Dani
BA006167,3089041000958738,SBIN0010482,Balvan Johal
BA006168,3089041000949624,SBIN0010482,Nitara Karpe
BA006169,3089041000183306,SBIN0010482,Shivani Rastogi
BA006170,3089041000970702,SBIN0010482,Gautam Suresh
BA006171,3089041000953145,SBIN0010482,Pallavi Varty
BA006172,3089041000458059,SBIN0010482,Agastya Varughese
BA006173,3089041000569247,SBIN0010482,Jeevika Sem
BA006174,3089041000133412,SBIN0010482,Manbir Balasubramanian
BA006175,3089041000149278,SBIN0010482,Hema Bhat
BA006176,3089041000275895,SBIN0010482,Frado Hayre
BA006177,3089041000702047,SBIN0010482,Nilima Sethi
BA006178,3089041000288537,SBIN0010482,Yatin Bhagat
BA006179,3089041000535273,SBIN0010482,Veer Natarajan
BA006180,3089041000835058,SBIN0010482,Champak Mani
BA006181,3089041000183942,SBIN0010482,Anya Swamy
BA006182,3089041000495889,SBIN0010482,Ryan Rattan
BA006183,3089041000201106,SBIN0010482,Ishaan Hegde
BA006184,3089041000150587,SBIN0010482,Anay Saran
BA006185,3089041000748605,SBIN0010482,Ikshita Wali
BA006186,3089041000593799,SBIN0010482,Sanya Sandhu
BA006187,3089041000384608,SBIN0010482,Zehaan Taneja
BA006188,3089041000336216,SBIN0010482,Samarth Dara
BA006189,3089041000187154,SBIN0010482,Gauri Issac
BA006190,3089041000521753,SBIN0010482,Neha Dugar
BA006191,3089041000303000,SBIN0010482,Aachal Sarkar
BA006192,3089041000906621,SBIN0010482,RAJESHRI DIXIT
BA006193,3089041000555256,SBIN0010482,Ira Bhatt
BA006194,3089041000765484,SBIN0010482,Lakshit Soman
BA006195,3089041000507151,SBIN0010482,Azad Bhandari
BA006196,3089041000953216,SBIN0010482,Neha Sachdeva
BA006197,3089041000626508,SBIN0010482,Harish Mukhopadhyay
BA006198,3089041000204777,SBIN0010482,Aryan Bir
BA006199,3089041000535754,SBIN0010482,Chandresh  Sekhon
BA006200,3089041000176222,SBIN0010482,Unni Dash
BA006201,3089041000874033,SBIN0010482,Baljiwan Bahri
BA006202,3089041000294754,SBIN0010482,Warinder Bir
BA006203,3089041000852300,SBIN0010482,Aarush Murty
BA006204,3089041000800524,SBIN0010482,Dominic Nadig
BA006205,3089041000470082,SBIN0010482,Brijesh Kumer
BA006206,3089041000863777,SBIN0010482,Chameli Taneja
BA006207,3089041000538896,SBIN0010482,Waida Kapur
BA006208,3089041000231811,SBIN0010482,Rushil Sheth
BA006209,3089041000516919,SBIN0010482,Jai Sachdeva
BA006210,3089041000387426,SBIN0010482,Brinda Chaudry
BA006211,3089041000623002,SBIN0010482,Lavanya Chaudhary
BA006212,3089041000506470,SBIN0010482,Tarak Sundaram
BA006213,3089041000236821,SBIN0010482,CHANDRAN SUNDARAM
BA006214,3089041000541057,SBIN0010482,Amaira Kothari
BA006215,3089041000495970,SBIN0010482,Owen Naidu
BA006216,3089041000687622,SBIN0010482,Qadim Kade
BA006217,3089041000878342,SBIN0010482,Ishaan Sehgal
BA006218,3089041000899582,SBIN0010482,Ekalinga Lalla
BA006219,3089041000489615,SBIN0010482,Raagini Dewan
BA006220,3089041000560976,SBIN0010482,Tanish  Sibal
BA006221,3089041000581955,SBIN0010482,Yutika Sharma
BA006222,3089041000306053,SBIN0010482,Hitesh Chakraborty
BA006223,3089041000662824,SBIN0010482,Christopher Dutt
BA006224,3089041000527173,SBIN0010482,Aashi Chandran
BA006225,3089041000806302,SBIN0010482,Wahab Pingle
BA006226,3089041000362564,SBIN0010482,Manan Choudhury
BA006227,3089041000563933,SBIN0010482,Sai Bains
BA006228,3089041000814236,SBIN0010482,Yashoda Balasubramanian
BA006229,3089041000130194,SBIN0010482,Mohini Lad
BA006230,3089041000885226,SBIN0010482,Lakshit Dyal
BA006231,3089041000961328,SBIN0010482,Siya Parekh
BA006232,3089041000534167,SBIN0010482,RIA TRIPATHI
BA006233,3089041000905731,SBIN0010482,Raksha  Apte
BA006234,3089041000649340,SBIN0010482,David Bal
BA006235,3089041000576371,SBIN0010482,Chakradhar Sahota
BA006236,3089041000510609,SBIN0010482,Ekaja Solanki
BA006237,3089041000566973,SBIN0010482,Pranit Gulati
BA006238,3089041000448266,SBIN0010482,Frederick Mistry
BA006239,3089041000611000,SBIN0010482,Gavin Chad
BA006240,3089041000990430,SBIN0010482,Yasti Tata
BA006241,3089041000955681,SBIN0010482,Noah Sampath
BA006242,3089041000832116,SBIN0010482,Ubika Ramanathan
BA006243,3089041000412115,SBIN0010482,Chandresh Loke
BA006244,3089041000200536,SBIN0010482,Isha Karnik
BA006245,3089041000393142,SBIN0010482,Aarna Chakrabarti
BA006246,3089041000292779,SBIN0010482,Isaiah Pant
BA006247,3089041000684526,SBIN0010482,Chaitanya Talwar
BA006248,3089041000789539,SBIN0010482,Peter Sura
BA006249,3089041000381579,SBIN0010482,Udarsh Nath
BA006250,3089041000998827,SBIN0010482,Irya Chhabra
BA006251,3089041000461710,SBIN0010482,Mitali Gopal
BA006252,3089041000948107,SBIN0010482,Chakradev Sama
BA006253,3089041000354611,SBIN0010482,Krisha Rajagopal
BA006254,3089041000922506,SBIN0010482,Alka Sanghvi
BA006255,3089041000629415,SBIN0010482,Amaira Sethi
BA006256,3089041000325232,SBIN0010482,Max  Bhattacharyya
BA006257,3089041000863015,SBIN0010482,Advay Dua
BA006258,3089041000546901,SBIN0010482,Harsh Raju
BA006259,3089041000216986,SBIN0010482,Nathaniel Parekh
BA006260,3089041000399593,SBIN0010482,Niharika Maharaj
BA006261,3089041000401809,SBIN0010482,Aadi Thakkar
BA006262,3089041000142333,SBIN0010482,Amaira Warrior
BA006263,3089041000307433,SBIN0010482,Yachana Kari
BA006264,3089041000358107,SBIN0010482,Rajata Devan
BA006265,3089041000106090,SBIN0010482,Megha Srinivasan
BA006266,3089041000754018,SBIN0010482,Sai Bir
BA006267,3089041000817699,SBIN0010482,Anthony Bhatnagar
BA006268,3089041000630206,SBIN0010482,Charita Borah
BA006269,3089041000501708,SBIN0010482,Isaiah Kothari
BA006270,3089041000860882,SBIN0010482,Nihal Jayaraman
BA006271,3089041000240681,SBIN0010482,Hritik Kaul
BA006272,3089041000452332,SBIN0010482,Vaishnavi Reddy
BA006273,3089041000771490,SBIN0010482,Harita Grover
BA006274,3089041000823294,SBIN0010482,Caleb Kumar
BA006275,3089041000711320,SBIN0010482,Yasti Chandra
BA006276,3089041000181328,SBIN0010482,Gaurangi Bains
BA006277,3089041000921355,SBIN0010482,Jagvi Mallick
BA006278,3089041000764743,SBIN0010482,Warhi Dhillon
BA006279,3089041000343705,SBIN0010482,Jeet  Chatterjee
BA006280,3089041000859757,SBIN0010482,Eesha Balay
BA006281,3089041000139562,SBIN0010482,Bimala Mahal
BA006282,3089041000199949,SBIN0010482,Omaja Ratti
BA006283,3089041000662020,SBIN0010482,Upma Sule
BA006284,3089041000137257,SBIN0010482,Zaitra Date
BA006285,3089041000742575,SBIN0010482,Benjamin Agate
BA006286,3089041000615705,SBIN0010482,Triya Dhillon
BA006287,3089041000351512,SBIN0010482,Anita Buch
BA006288,3089041000928592,SBIN0010482,Anika Sachdev
BA006289,3089041000650109,SBIN0010482,Upkaar Narain
BA006290,3089041000488256,SBIN0010482,Meera  Puri
BA006291,3089041000463866,SBIN0010482,Pahal Yohannan
BA006292,3089041000927456,SBIN0010482,Meghana Sarraf
BA006293,3089041000518692,SBIN0010482,Yashawini Raj
BA006294,3089041000895659,SBIN0010482,Gautam Narang
BA006295,3089041000674186,SBIN0010482,Advika Murthy
BA006296,3089041000237994,SBIN0010482,Indrajit Dash
BA006297,3089041000255884,SBIN0010482,Pranit Bhardwaj
BA006298,3089041000671026,SBIN0010482,Jalsa Koshy
BA006299,3089041000451955,SBIN0010482,Chaitanya Panchal
BA006300,3089041000644678,SBIN0010482,Ekavir Som
BA006301,3089041000890225,SBIN0010482,Pahal Bhatia
BA006302,3089041000141673,SBIN0010482,Megha Johal
BA006303,3089041000856359,SBIN0010482,Dipta Kothari
BA006304,3089041000405637,SBIN0010482,Jeremiah Chaudhry
BA006305,3089041000861561,SBIN0010482,Falak Pradhan
BA006306,3089041000268416,SBIN0010482,Ladli Sunder
BA006307,3089041000856936,SBIN0010482,Chandran Bakshi
BA006308,3089041000957942,SBIN0010482,Laban Misra
BA006309,3089041000294536,SBIN0010482,Praneel Batta
BA006310,3089041000831213,SBIN0010482,Krisha Prashad
BA006311,3089041000218422,SBIN0010482,Radhika Sankar
BA006312,3089041000926030,SBIN0010482,Nirja Bedi
BA006313,3089041000456807,SBIN0010482,Rajata Lala
BA006314,3089041000832055,SBIN0010482,Akshay Mukhopadhyay
BA006315,3089041000556897,SBIN0010482,Pallavi Patla
BA006316,3089041000381938,SBIN0010482,Saanvi Oak
BA006317,3089041000699131,SBIN0010482,Shravya Morar
BA006318,3089041000841123,SBIN0010482,Timothy Handa
BA006319,3089041000785080,SBIN0010482,Pavani De
BA006320,3089041000697273,SBIN0010482,Kala Kuruvilla
BA006321,3089041000544906,SBIN0010482,Lakshmi De
BA006322,3089041000170414,SBIN0010482,OMYA NAYAR
BA006323,3089041000299296,SBIN0010482,Chatura Chopra
BA006324,3089041000482894,SBIN0010482,Gaurika Palan
BA006325,3089041000389024,SBIN0010482,Chatresh Andra
BA006326,3089041000533667,SBIN0010482,Naveen Grover
BA006327,3089041000867281,SBIN0010482,Parth Doshi
BA006328,3089041000235103,SBIN0010482,Pratyush Seth
BA006329,3089041000789851,SBIN0010482,VANYA SOM
BA006330,3089041000117066,SBIN0010482,Nandini Desai
BA006331,3089041000818335,SBIN0010482,Ekalinga Ramakrishnan
BA006332,3089041000140786,SBIN0010482,Hemang Brar
BA006333,3089041000377745,SBIN0010482,Avni Chaudhry
BA006334,3089041000818588,SBIN0010482,Kashish Thakur
BA006335,3089041000223188,SBIN0010482,Zansi Rama
BA006336,3089041000511971,SBIN0010482,Abeer Yadav
BA006337,3089041000325916,SBIN0010482,Hritik Som
BA006338,3089041000672250,SBIN0010482,Vasana Talwar
BA006339,3089041000875620,SBIN0010482,Rohan Buch
BA006340,3089041000786699,SBIN0010482,Ishita Sawhney
BA006341,3089041000219814,SBIN0010482,Anjali Sehgal
BA006342,3089041000420763,SBIN0010482,Nilima Lall
BA006343,3089041000842070,SBIN0010482,Pavani Borra
BA006344,3089041000980643,SBIN0010482,Indrajit Gala
BA006345,3089041000692997,SBIN0010482,Samar Wadhwa
BA006346,3089041000795438,SBIN0010482,Veer Srinivas
BA006347,3089041000156421,SBIN0010482,Vedant  Sani
BA006348,3089041000689223,SBIN0010482,Libni Walia
BA006349,3089041000116936,SBIN0010482,Triya Palla
BA006350,3089041000538802,SBIN0010482,Jyoti Lanka
BA006351,3089041000289298,SBIN0010482,DAYITA DATTA
BA006352,3089041000955873,SBIN0010482,Viraj Thakur
BA006353,3089041000471427,SBIN0010482,Zehaan Pathak
BA006354,3089041000536301,SBIN0010482,Champak Balay
BA006355,3089041000552020,SBIN0010482,Aachal Mody
BA006356,3089041000489862,SBIN0010482,Bhavika Sibal
BA006357,3089041000223365,SBIN0010482,Madhav Hegde
BA006358,3089041000978271,SBIN0010482,Isaac Dey
BA006359,3089041000449008,SBIN0010482,Mitesh Sem
BA006360,3089041000210326,SBIN0010482,Vyanjana Chad
BA006361,3089041000359826,SBIN0010482,Raksha Rao
BA006362,3089041000514853,SBIN0010482,Xavier Memon
BA006363,3089041000398272,SBIN0010482,Vrishti Gara
BA006364,3089041000127021,SBIN0010482,Rehaan Yohannan
BA006365,3089041000627200,SBIN0010482,Omkaar  Bora
BA006366,3089041000935533,SBIN0010482,Irya Arora
BA006367,3089041000427606,SBIN0010482,Ekalinga Ram
BA006368,3089041000778277,SBIN0010482,Benjamin Kumer
BA006369,3089041000381613,SBIN0010482,Robert Bali
BA006370,3089041000249018,SBIN0010482,Victor Nair
BA006371,3089041000755109,SBIN0010482,Amara Karnik
BA006372,3089041000667379,SBIN0010482,Victor Mody
BA006373,3089041000802153,SBIN0010482,Balendra Chawla
BA006374,3089041000732134,SBIN0010482,Meghana Sastry
BA006375,3089041000288451,SBIN0010482,Yashasvi Mangat
BA006376,3089041000518900,SBIN0010482,Pavani Pai
BA006377,3089041000522829,SBIN0010482,Arya Kumar
BA006378,3089041000751881,SBIN0010482,Jagvi Lal
BA006379,3089041000478046,SBIN0010482,Prisha Bera
BA006380,3089041000343859,SBIN0010482,Janaki Bhatti
BA006381,3089041000892189,SBIN0010482,Teerth Seshadri
BA006382,3089041000336064,SBIN0010482,Alexander Nagi
BA006383,3089041000123235,SBIN0010482,Jatin Din
BA006384,3089041000179380,SBIN0010482,Yadavi Vala
BA006385,3089041000173861,SBIN0010482,Libni Sandal
BA006386,3089041000687273,SBIN0010482,Darsh Mohan
BA006387,3089041000941767,SBIN0010482,Vasana Deol
BA006388,3089041000564816,SBIN0010482,Henry Mahal
BA006389,3089041000886330,SBIN0010482,Laksh Kulkarni
BA006390,3089041000382196,SBIN0010482,Viraj Bansal
BA006391,3089041000257109,SBIN0010482,Lakshmi Krishnan
BA006392,3089041000353836,SBIN0010482,Amrita Deo
BA006393,3089041000880748,SBIN0010482,Upkaar Sengupta
BA006394,3089041000367299,SBIN0010482,Warinder Khanna
BA006395,3089041000443307,SBIN0010482,Matthew Chowdhury
BA006396,3089041000683910,SBIN0010482,Ayushman Ramanathan
BA006397,3089041000898917,SBIN0010482,Shivansh Gera
BA006398,3089041000538462,SBIN0010482,Simon Ganesh
BA006399,3089041000479526,SBIN0010482,Jairaj Basu
BA006400,3089041000764687,SBIN0010482,Alexander Goyal
BA006401,3089041000290005,SBIN0010482,Parth Agate
BA006402,3089041000832222,SBIN0010482,Dev Vig
BA006403,3089041000503796,SBIN0010482,Triya Saraf
BA006404,3089041000165827,SBIN0010482,Ishwar Bath
BA006405,3089041000851625,SBIN0010482,Yashoda  Srivastava
BA006406,3089041000107768,SBIN0010482,Jairaj Apte
BA006407,3089041000309047,SBIN0010482,Chakrika Gulati
BA006408,3089041000302929,SBIN0010482,Leela Chander
BA006409,3089041000321907,SBIN0010482,David Keer
BA006410,3089041000179029,SBIN0010482,Eiravati Kohli
BA006411,3089041000747316,SBIN0010482,Yashvi Batta
BA006412,3089041000290157,SBIN0010482,Anya Sama
BA006413,3089041000207479,SBIN0010482,Robert Murty
BA006414,3089041000280914,SBIN0010482,Nilima Mutti
BA006415,3089041000895308,SBIN0010482,Bakhshi Aggarwal
BA006416,3089041000200542,SBIN0010482,Anay Shankar
BA006417,3089041000449435,SBIN0010482,Qabil Aggarwal
BA006418,3089041000799891,SBIN0010482,Arya Narayan
BA006419,3089041000302546,SBIN0010482,Raksha Borde
BA006420,3089041000859628,SBIN0010482,Anmol Batra
BA006421,3089041000573068,SBIN0010482,Rachita Ramakrishnan
BA006422,3089041000837025,SBIN0010482,Amruta Chanda
BA006423,3089041000170227,SBIN0010482,Agastya Ramaswamy
BA006424,3089041000942554,SBIN0010482,Chandani Chadha
BA006425,3089041000707700,SBIN0010482,Umang Manda
BA006426,3089041000495320,SBIN0010482,Sanya Naik
BA006427,3089041000893087,SBIN0010482,Mohini Luthra
BA006428,3089041000606792,SBIN0010482,Benjamin Virk
BA006429,3089041000198984,SBIN0010482,Jhalak Hayer
BA006430,3089041000209947,SBIN0010482,Oni Jain
BA006431,3089041000182444,SBIN0010482,Lohit Purohit
BA006432,3089041000132300,SBIN0010482,Nathaniel Rama
BA006433,3089041000224261,SBIN0010482,Alexander  Wable
BA006434,3089041000460744,SBIN0010482,Rachita Venkatesh
BA006435,3089041000871129,SBIN0010482,Urmi Wadhwa
BA006436,3089041000833331,SBIN0010482,Elijah Patla
BA006437,3089041000128621,SBIN0010482,Kamala Sanghvi
BA006438,3089041000754382,SBIN0010482,Janani Setty
BA006439,3089041000616844,SBIN0010482,Suhani Purohit
BA006440,3089041000761345,SBIN0010482,Warjas Date
BA006441,3089041000810052,SBIN0010482,Gagan Deo
BA006442,3089041000201993,SBIN0010482,Jagrati Sha
BA006443,3089041000893477,SBIN0010482,Lajita Aurora
BA006444,3089041000707293,SBIN0010482,Farhan Ahluwalia
BA006445,3089041000262711,SBIN0010482,Liam Bora
BA006446,3089041000373079,SBIN0010482,Jalsa Nayak
BA006447,3089041000911244,SBIN0010482,Jacob Sharma
BA006448,3089041000186557,SBIN0010482,Tanmayi Mannan
BA006449,3089041000579107,SBIN0010482,Lakshit Sura
BA006450,3089041000387100,SBIN0010482,Lekha Goyal
BA006451,3089041000178606,SBIN0010482,Gopal Dhillon
BA006452,3089041000877019,SBIN0010482,George Rau
BA006453,3089041000273448,SBIN0010482,Rajata  Lata
BA006454,3089041000262913,SBIN0010482,Nicholas Dhaliwal
BA006455,3089041000368171,SBIN0010482,Gaurika Vala
BA006456,3089041000728004,SBIN0010482,Shivani Bera
BA006457,3089041000849053,SBIN0010482,Jeevika Lata
BA006458,3089041000228516,SBIN0010482,Henry Pal
BA006459,3089041000357674,SBIN0010482,Kashish Sunder
BA006460,3089041000278117,SBIN0010482,Eiravati Saran
BA006461,3089041000806664,SBIN0010482,Aarnav Dhaliwal
BA006462,3089041000259807,SBIN0010482,Jeevika Taneja
BA006463,3089041000228254,SBIN0010482,Andrew Bawa
BA006464,3089041000188160,SBIN0010482,Mohini Kanda
BA006465,3089041000275601,SBIN0010482,Nimrat Maharaj
BA006466,3089041000914622,SBIN0010482,Tripti Garg
BA006467,3089041000747200,SBIN0010482,Laban Mallick
BA006468,3089041000451907,SBIN0010482,Peter Thakur
BA006469,3089041000243850,SBIN0010482,Falak Mammen
BA006470,3089041000169113,SBIN0010482,Dalbir Chakraborty
BA006471,3089041000626566,SBIN0010482,Zinal Varughese
BA006472,3089041000155652,SBIN0010482,Naveen Lala
BA006473,3089041000468613,SBIN0010482,Wridesh Chana
BA006474,3089041000924454,SBIN0010482,Oni Bora
BA006475,3089041000692169,SBIN0010482,Kashvi Ahuja
BA006476,3089041000918863,SBIN0010482,Dominic Bhargava
BA006477,3089041000954127,SBIN0010482,Daniel Chand
BA006478,3089041000947455,SBIN0010482,Kamya Agarwal
BA006479,3089041000796748,SBIN0010482,Ubika Chopra
BA006480,3089041000852440,SBIN0010482,Divya Grewal
BA006481,3089041000711212,SBIN0010482,Faris Bassi
BA006482,3089041000286381,SBIN0010482,Utkarsh Sastry
BA006483,3089041000567643,SBIN0010482,Laban Iyengar
BA006484,3089041000757532,SBIN0010482,Bachittar Shere
BA006485,3089041000965389,SBIN0010482,Qushi Murthy
BA006486,3089041000548544,SBIN0010482,Aayush Sule
BA006487,3089041000179714,SBIN0010482,Gabriel Thaman
BA006488,3089041000559438,SBIN0010482,Falak Memon
BA006489,3089041000771704,SBIN0010482,Lohit Vig
BA006490,3089041000763679,SBIN0010482,Odika Kala
BA006491,3089041000599317,SBIN0010482,Hemangini Deep
BA006492,3089041000913928,SBIN0010482,Arya Sodhi
BA006493,3089041000756782,SBIN0010482,Odika Chakrabarti
BA006494,3089041000622261,SBIN0010482,Urvi Jain
BA006495,3089041000422997,SBIN0010482,Fitan Kala
BA006496,3089041000388568,SBIN0010482,Balendra Kuruvilla
BA006497,3089041000263981,SBIN0010482,Chakradev Dube
BA006498,3089041000278510,SBIN0010482,Neha Kapadia
BA006499,3089041000855679,SBIN0010482,Ekapad Sidhu
BA006500,3089041000758889,SBIN0010482,Tanay Parsa
BA006501,3089041000232755,SBIN0010482,Aahana Viswanathan
BA006502,3089041000810314,SBIN0010482,Geetika Doshi
BA006503,3089041000927825,SBIN0010482,Darpan Ravi
BA006504,3089041000595742,SBIN0010482,Radhika Barad
BA006505,3089041000811715,SBIN0010482,Sara Hari
BA006506,3089041000577553,SBIN0010482,Zayan Mistry
BA006507,3089041000869520,SBIN0010482,Chavvi Goel
BA006508,3089041000594058,SBIN0010482,Vedant Raja
BA006509,3089041000134693,SBIN0010482,Nidra Devi
BA006510,3089041000451719,SBIN0010482,Ganga Natt
BA006511,3089041000376767,SBIN0010482,Sanaya Sawhney
BA006512,3089041000538431,SBIN0010482,Chandresh Ramaswamy
BA006513,3089041000305927,SBIN0010482,Saumya Nayak
BA006514,3089041000176399,SBIN0010482,Fariq Patla
BA006515,3089041000894382,SBIN0010482,Nathaniel Jha
BA006516,3089041000533642,SBIN0010482,Aditya Bandi
BA006517,3089041000947768,SBIN0010482,Ekta Chhabra
BA006518,3089041000512005,SBIN0010482,Wakeeta More
BA006519,3089041000633389,SBIN0010482,Harsh Kaur
BA006520,3089041000246398,SBIN0010482,Fiyaz Chaudhry
BA006521,3089041000446396,SBIN0010482,Yashica Rama
BA006522,3089041000981487,SBIN0010482,Anirudh Dhar
BA006523,3089041000149965,SBIN0010482,Chakrika Saxena
BA006524,3089041000993281,SBIN0010482,Chatura Goel
BA006525,3089041000717444,SBIN0010482,Arjun Ravi
BA006526,3089041000311511,SBIN0010482,Vivaan Murty
BA006527,3089041000574589,SBIN0010482,Fiyaz Goel
BA006528,3089041000706899,SBIN0010482,Fitan Deshmukh
BA006529,3089041000265468,SBIN0010482,Raksha Murthy
BA006530,3089041000248173,SBIN0010482,Daniel Anne
BA006531,3089041000741433,SBIN0010482,Omisha Bedi
BA006532,3089041000165429,SBIN0010482,Ekaja Choudhry
BA006533,3089041000445306,SBIN0010482,Tanish Goswami
BA006534,3089041000607903,SBIN0010482,Aashi Sarraf
BA006535,3089041000511410,SBIN0010482,Azad Sarma
BA006536,3089041000918618,SBIN0010482,Caleb Tailor
BA006537,3089041000211400,SBIN0010482,Saanvi Halder
BA006538,3089041000880005,SBIN0010482,Ubika Bawa
BA006539,3089041000790335,SBIN0010482,Jasmit Bala
BA006540,3089041000912939,SBIN0010482,Dominic Bava
BA006541,3089041000496589,SBIN0010482,Maya Mani
BA006542,3089041000564329,SBIN0010482,Daksha Arora
BA006543,3089041000843692,SBIN0010482,Jagat Aggarwal
BA006544,3089041000262611,SBIN0010482,Ijaya Date
BA006545,3089041000592175,SBIN0010482,Tanish Sangha
BA006546,3089041000949434,SBIN0010482,Yashawini Mane
BA006547,3089041000313912,SBIN0010482,Ekbal Mital
BA006548,3089041000315785,SBIN0010482,Timothy Nayar
BA006549,3089041000328157,SBIN0010482,Jagrati Pal
BA006550,3089041000167640,SBIN0010482,Kashvi Oak
BA006551,3089041000373121,SBIN0010482,Chakradev Pathak
BA006552,3089041000822823,SBIN0010482,Ekavir Bandi
BA006553,3089041000282163,SBIN0010482,Nikita Sur
BA006554,3089041000284544,SBIN0010482,Anirudh Rao
BA006555,3089041000455165,SBIN0010482,Daniel Borah
BA006556,3089041000205347,SBIN0010482,Reva Sood
BA006557,3089041000501136,SBIN0010482,Chaitanya Khurana
BA006558,3089041000282535,SBIN0010482,Xiti  Loke
BA006559,3089041000906998,SBIN0010482,Tejas Hari
BA006560,3089041000745776,SBIN0010482,Damyanti Prasad
BA006561,3089041000503834,SBIN0010482,Ansh Agate
BA006562,3089041000451141,SBIN0010482,Vritti Shanker
BA006563,3089041000986756,SBIN0010482,Naksh Natt
BA006564,3089041000958285,SBIN0010482,Abhiram Kamdar
BA006565,3089041000746460,SBIN0010482,Ijaya Apte
BA006566,3089041000299050,SBIN0010482,Wakeeta Kala
BA006567,3089041000312517,SBIN0010482,Dhriti Kumer
BA006568,3089041000636676,SBIN0010482,Mahika Gour
BA006569,3089041000337588,SBIN0010482,Hitesh Sharaf
BA006570,3089041000946867,SBIN0010482,Qarin Bhat
BA006571,3089041000487241,SBIN0010482,Mason Kanda
BA006572,3089041000919771,SBIN0010482,Darika Narayanan
BA006573,3089041000227298,SBIN0010482,Ekaraj Aurora
BA006574,3089041000174687,SBIN0010482,Balveer Sama
BA006575,3089041000426402,SBIN0010482,Ishani Konda
BA006576,3089041000928659,SBIN0010482,Odika  Uppal
BA006577,3089041000152420,SBIN0010482,Xavier Atwal
BA006578,3089041000787436,SBIN0010482,Jackson Chakrabarti
BA006579,3089041000394115,SBIN0010482,Maya Sawhney
BA006580,3089041000258906,SBIN0010482,Laban Ahuja
BA006581,3089041000713566,SBIN0010482,Gaurika Shan
BA006582,3089041000842699,SBIN0010482,Shravya Naik
BA006583,3089041000364717,SBIN0010482,Gagan Garg
BA006584,3089041000305080,SBIN0010482,Devika Ganesh
BA006585,3089041000317240,SBIN0010482,Chakradhar Kashyap
BA006586,3089041000525289,SBIN0010482,Oni Gola
BA006587,3089041000404776,SBIN0010482,Lohit Shankar
BA006588,3089041000144535,SBIN0010482,Irya Verma
BA006589,3089041000803110,SBIN0010482,Faras Kumer
BA006590,3089041000646336,SBIN0010482,Ubika Bakshi
BA006591,3089041000667979,SBIN0010482,Aarav Saxena
BA006592,3089041000351418,SBIN0010482,Gavin Padmanabhan
BA006593,3089041000465617,SBIN0010482,Upkaar Ahuja
BA006594,3089041000795795,SBIN0010482,Ranbir Sankar
BA006595,3089041000753304,SBIN0010482,Hardik Garg
BA006596,3089041000494587,SBIN0010482,Ira Vohra
BA006597,3089041000337481,SBIN0010482,Vrinda Agrawal
BA006598,3089041000286651,SBIN0010482,Girindra Saraf
BA006599,3089041000674453,SBIN0010482,Isaac Thakur
BA006600,3089041000423144,SBIN0010482,Siddharth  Wason
BA006601,3089041000997035,SBIN0010482,Gaurangi Bumb
BA006602,3089041000240454,SBIN0010482,Ubika Singhal
BA006603,3089041000284493,SBIN0010482,Girindra Raj
BA006604,3089041000257476,SBIN0010482,Chandresh Nori
BA006605,3089041000263327,SBIN0010482,Varenya Warrior
BA006606,3089041000289459,SBIN0010482,Ekalinga Prashad
BA006607,3089041000282749,SBIN0010482,Yashoda Srinivasan
BA006608,3089041000464506,SBIN0010482,Yashodhara Majumdar
BA006609,3089041000726973,SBIN0010482,Deepa Bera
BA006610,3089041000560316,SBIN0010482,Yoshita Devi
BA006611,3089041000907034,SBIN0010482,Vansha Gaba
BA006612,3089041000104692,SBIN0010482,Chatura Goel
BA006613,3089041000533647,SBIN0010482,Chaitaly Yadav
BA006614,3089041000425484,SBIN0010482,Veer Deshmukh
BA006615,3089041000149398,SBIN0010482,Daniel Krishnan
BA006616,3089041000410116,SBIN0010482,Arunima Mallick
BA006617,3089041000128943,SBIN0010482,Arya Kakar
BA006618,3089041000378349,SBIN0010482,Imaran Bhatti
BA006619,3089041000586576,SBIN0010482,Jagvi Hayre
BA006620,3089041000687522,SBIN0010482,Jonathan Arya
BA006621,3089041000698192,SBIN0010482,Balendra Johal
BA006622,3089041000236052,SBIN0010482,Aradhana Dixit
BA006623,3089041000579736,SBIN0010482,Karan De
BA006624,3089041000200976,SBIN0010482,Widisha Parmer
BA006625,3089041000786196,SBIN0010482,Harshil Kohli
BA006626,3089041000404985,SBIN0010482,Rishi Barman
BA006627,3089041000808739,SBIN0010482,Yahvi Chander
BA006628,3089041000444929,SBIN0010482,Gautami Batta
BA006629,3089041000580255,SBIN0010482,Zehaan Randhawa
BA006630,3089041000715473,SBIN0010482,Aarnav Bhandari
BA006631,3089041000314936,SBIN0010482,Vihaan Sarraf
BA006632,3089041000529106,SBIN0010482,Tripti Parekh
BA006633,3089041000727081,SBIN0010482,Gopal Yogi
BA006634,3089041000953809,SBIN0010482,Kevin Bobal
BA006635,3089041000315476,SBIN0010482,Neel Chakraborty
BA006636,3089041000856179,SBIN0010482,Ethan Singh
BA006637,3089041000102850,SBIN0010482,Kritika Baria
BA006638,3089041000267600,SBIN0010482,Tejas Dar
BA006639,3089041000113056,SBIN0010482,Adya Kota
BA006640,3089041000777255,SBIN0010482,Ekalinga Ram
BA006641,3089041000248598,SBIN0010482,Nicholas Dora
BA006642,3089041000916109,SBIN0010482,Samaksh Dani
BA006643,3089041000248091,SBIN0010482,Vidhi Atwal
BA006644,3089041000840821,SBIN0010482,Jeevika Ravi
BA006645,3089041000319794,SBIN0010482,Omisha Ramaswamy
BA006646,3089041000464300,SBIN0010482,Banjeet Rajagopal
BA006647,3089041000998283,SBIN0010482,Meera Dua
BA006648,3089041000573624,SBIN0010482,Yauvani Ramesh
BA006649,3089041000380838,SBIN0010482,Janaki Bhasin
BA006650,3089041000221919,SBIN0010482,Bhavini Kumar
BA006651,3089041000495288,SBIN0010482,Balhaar Sastry
BA006652,3089041000722304,SBIN0010482,Mahika Hegde
BA006653,3089041000468889,SBIN0010482,Ranbir Kar
BA006654,3089041000569519,SBIN0010482,Hemangini Anand
BA006655,3089041000441376,SBIN0010482,Krisha Ganesh
BA006656,3089041000267825,SBIN0010482,Ranveer Dayal
BA006657,3089041000687474,SBIN0010482,Lekha Desai
BA006658,3089041000837049,SBIN0010482,Jacob Chakrabarti
BA006659,3089041000884758,SBIN0010482,Manan Kumer
BA006660,3089041000101572,SBIN0010482,Nirja Devan
BA006661,3089041000340734,SBIN0010482,Ekani Lata
BA006662,3089041000997474,SBIN0010482,Harrison Varma
BA006663,3089041000490934,SBIN0010482,Waida Chaudhari
BA006664,3089041000923496,SBIN0010482,Manbir Khatri
BA006665,3089041000204956,SBIN0010482,Frado Rai
BA006666,3089041000937820,SBIN0010482,Thomas Iyer
BA006667,3089041000531738,SBIN0010482,Wriddhish Desai
BA006668,3089041000846887,SBIN0010482,Triveni Grover
BA006669,3089041000807767,SBIN0010482,Dakshesh Patla
BA006670,3089041000581869,SBIN0010482,Umang Korpal
BA006671,3089041000787167,SBIN0010482,Samaksh Banerjee
BA006672,3089041000241940,SBIN0010482,Faras Brar
BA006673,3089041000253604,SBIN0010482,Xalak Ravi
BA006674,3089041000562058,SBIN0010482,Kashvi Loke
BA006675,3089041000320729,SBIN0010482,Unni Ramakrishnan
BA006676,3089041000211760,SBIN0010482,Xalak Narayanan
BA006677,3089041000222824,SBIN0010482,Neelima Loyal
BA006678,3089041000530966,SBIN0010482,Ryan Patel
BA006679,3089041000769925,SBIN0010482,Rajeshri Prabhakar
BA006680,3089041000212360,SBIN0010482,Anika Ramaswamy
BA006681,3089041000240612,SBIN0010482,Yadavi Raja
BA006682,3089041000343767,SBIN0010482,Raagini Joshi
BA006683,3089041000809350,SBIN0010482,Jonathan Brar
BA006684,3089041000838055,SBIN0010482,Hemal Mangal
BA006685,3089041000983293,SBIN0010482,Anthony Wason
BA006686,3089041000368055,SBIN0010482,Gaurangi Mohan
BA006687,3089041000508777,SBIN0010482,Harita Goyal
BA006688,3089041000408538,SBIN0010482,Luke Naidu
BA006689,3089041000403011,SBIN0010482,Lakshmi Ranganathan
BA006690,3089041000404140,SBIN0010482,Sanya Gopal
BA006691,3089041000345945,SBIN0010482,Wriddhish Arya
BA006692,3089041000877340,SBIN0010482,Anya Deshpande
BA006693,3089041000943680,SBIN0010482,Jhalak Dani
BA006694,3089041000764427,SBIN0010482,Pratyush Rajan
BA006695,3089041000269894,SBIN0010482,Bhavika Ben
BA006696,3089041000618778,SBIN0010482,Rohan Kota
BA006697,3089041000343866,SBIN0010482,Ojasvi Dada
BA006698,3089041000724280,SBIN0010482,Edhitha More
BA006699,3089041000174477,SBIN0010482,Daksh Sethi
BA006700,3089041000742185,SBIN0010482,THOMAS SHANKAR
BA006701,3089041000313814,SBIN0010482,Hemang Badami
BA006702,3089041000527137,SBIN0010482,Jairaj Tandon
BA006703,3089041000548128,SBIN0010482,Oliver Dhar
BA006704,3089041000174287,SBIN0010482,Fariq Pillay
BA006705,3089041000749182,SBIN0010482,George Mand
BA006706,3089041000210706,SBIN0010482,Naksh Kadakia
BA006707,3089041000188432,SBIN0010482,Ati Goda
BA006708,3089041000238690,SBIN0010482,Yashasvi Sharma
BA006709,3089041000109107,SBIN0010482,Amara Tara
BA006710,3089041000205104,SBIN0010482,Isaiah Tank
BA006711,3089041000143869,SBIN0010482,Nihal Bakshi
BA006712,3089041000861560,SBIN0010482,Harita Divan
BA006713,3089041000395292,SBIN0010482,Sai Shere
BA006714,3089041000369789,SBIN0010482,Kevin Sani
BA006715,3089041000165969,SBIN0010482,Ekiya Ray
BA006716,3089041000264677,SBIN0010482,Robert Sidhu
BA006717,3089041000767433,SBIN0010482,Isaac Mallick
BA006718,3089041000904625,SBIN0010482,Chakradhar Parikh
BA006719,3089041000401447,SBIN0010482,Reva Yadav
BA006720,3089041000115043,SBIN0010482,ARYAN PILLAI
BA006721,3089041000286527,SBIN0010482,Zilmil Bath
BA006722,3089041000831873,SBIN0010482,Aryan Doshi
BA006723,3089041000930511,SBIN0010482,Pranav Dave
BA006724,3089041000961656,SBIN0010482,Dayamai Grewal
BA006725,3089041000584250,SBIN0010482,Ubika Hayer
BA006726,3089041000322191,SBIN0010482,Pavani Bala
BA006727,3089041000546955,SBIN0010482,Utkarsh Dasgupta
BA006728,3089041000549152,SBIN0010482,Mitali Wadhwa
BA006729,3089041000262868,SBIN0010482,Warda Gala
BA006730,3089041000325526,SBIN0010482,Rushil Dara
BA006731,3089041000948357,SBIN0010482,Kritika Pal
BA006732,3089041000255985,SBIN0010482,Mitesh Vasa
BA006733,3089041000769861,SBIN0010482,Patrick Bala
BA006734,3089041000182822,SBIN0010482,Vedhika Koshy
BA006735,3089041000739163,SBIN0010482,Joshua Prakash
BA006736,3089041000167324,SBIN0010482,Tanay Keer
BA006737,3089041000889792,SBIN0010482,Omkaar Dora
BA006738,3089041000115865,SBIN0010482,Utkarsh Gupta
BA006739,3089041000693347,SBIN0010482,Aarav Mani
BA006740,3089041000272974,SBIN0010482,Urvi Kapadia
BA006741,3089041000581079,SBIN0010482,Umang Dayal
BA006742,3089041000240538,SBIN0010482,Pallavi Sane
BA006743,3089041000869343,SBIN0010482,Yashica Palla
BA006744,3089041000973576,SBIN0010482,Upasna Ranganathan
BA006745,3089041000407041,SBIN0010482,Chandran Sharaf
BA006746,3089041000691314,SBIN0010482,Yasti Grover
BA006747,3089041000228051,SBIN0010482,Widisha Dara
BA006748,3089041000393355,SBIN0010482,Ryan Raj
BA006749,3089041000498748,SBIN0010482,Hardik Atwal
BA006750,3089041000108801,SBIN0010482,Jeet Dugal
BA006751,3089041000790767,SBIN0010482,Harish Pandya
BA006752,3089041000265798,SBIN0010482,Qadim Chakraborty
BA006753,3089041000165547,SBIN0010482,Radhika Lala
BA006754,3089041000762677,SBIN0010482,Neha Sridhar
BA006755,3089041000674240,SBIN0010482,Ekta Savant
BA006756,3089041000159145,SBIN0010482,Karan Dhillon
BA006757,3089041000323267,SBIN0010482,Tarak Dua
BA006758,3089041000248058,SBIN0010482,Neel Trivedi
BA006759,3089041000604797,SBIN0010482,Hitesh Master
BA006760,3089041000470899,SBIN0010482,Mitesh Pal
BA006761,3089041000996808,SBIN0010482,Qarin Gokhale
BA006762,3089041000187865,SBIN0010482,Nidhi Bhandari
BA006763,3089041000505631,SBIN0010482,Qadim Nazareth
BA006764,3089041000875635,SBIN0010482,Kamya Bawa
BA006765,3089041000197804,SBIN0010482,Xavier Srinivas
BA006766,3089041000384105,SBIN0010482,Ekalinga Contractor
BA006767,3089041000873940,SBIN0010482,Anita Ranganathan
BA006768,3089041000201807,SBIN0010482,Anya Cheema
BA006769,3089041000840074,SBIN0010482,Abeer Sunder
BA006770,3089041000161191,SBIN0010482,Veer Mody
BA006771,3089041000703538,SBIN0010482,Ekiya Dixit
BA006772,3089041000462955,SBIN0010482,Ekbal Kannan
BA006773,3089041000167225,SBIN0010482,Owen Rattan
BA006774,3089041000711390,SBIN0010482,Yashoda Mangat
BA006775,3089041000762887,SBIN0010482,Veer  Solanki
BA006776,3089041000331091,SBIN0010482,Libni Bhatnagar
BA006777,3089041000177602,SBIN0010482,Aradhana Soni
BA006778,3089041000434922,SBIN0010482,Janaki Nagar
BA006779,3089041000335767,SBIN0010482,Elijah Ghosh
BA006780,3089041000181470,SBIN0010482,Jyoti Chadha
BA006781,3089041000847836,SBIN0010482,Amrita Bora
BA006782,3089041000643870,SBIN0010482,Hema Narayan
BA006783,3089041000577900,SBIN0010482,Anita Badal
BA006784,3089041000304705,SBIN0010482,Keya Kakar
BA006785,3089041000848271,SBIN0010482,Shravya Taneja
BA006786,3089041000843293,SBIN0010482,Qasim Bhasin
BA006787,3089041000210868,SBIN0010482,Aadi Devan
BA006788,3089041000456978,SBIN0010482,Zehaan Ganguly
BA006789,3089041000438917,SBIN0010482,Nathan Aurora
BA006790,3089041000339570,SBIN0010482,Watika Char
BA006791,3089041000376427,SBIN0010482,Gaurav Doctor
BA006792,3089041000847706,SBIN0010482,Ethan Jaggi
BA006793,3089041000996489,SBIN0010482,Qushi Raval
BA006794,3089041000645020,SBIN0010482,Sudiksha Ravi
BA006795,3089041000872864,SBIN0010482,Urvi Kale
BA006796,3089041000321422,SBIN0010482,Nitesh Sandhu
BA006797,3089041000201128,SBIN0010482,Veda Kashyap
BA006798,3089041000838763,SBIN0010482,Qasim Deo
BA006799,3089041000190810,SBIN0010482,Lopa Bala
BA006800,3089041000698808,SBIN0010482,Harinakshi Wali
BA006801,3089041000517028,SBIN0010482,Osha Pandey
BA006802,3089041000949610,SBIN0010482,Sarthak More
BA006803,3089041000891576,SBIN0010482,Jack Chand
BA006804,3089041000395942,SBIN0010482,Falguni More
BA006805,3089041000666170,SBIN0010482,Azaan Vala
BA006806,3089041000669110,SBIN0010482,Qabil Kaul
BA006807,3089041000219049,SBIN0010482,Maanav Bath
BA006808,3089041000877033,SBIN0010482,Jai Biswas
BA006809,3089041000286911,SBIN0010482,Arjun Palla
BA006810,3089041000810312,SBIN0010482,Kritika Magar
BA006811,3089041000328305,SBIN0010482,Tanmayi Mander
BA006812,3089041000605777,SBIN0010482,Abhimanyu Bedi
BA006813,3089041000286285,SBIN0010482,Logan Salvi
BA006814,3089041000603467,SBIN0010482,Meghana Mohan
BA006815,3089041000794616,SBIN0010482,Radhika Taneja
BA006816,3089041000467945,SBIN0010482,Chameli Sem
BA006817,3089041000976496,SBIN0010482,Dayamai Chakraborty
BA006818,3089041000719427,SBIN0010482,Saksham Rajan
BA006819,3089041000101091,SBIN0010482,Pooja Bandi
BA006820,3089041000291929,SBIN0010482,Ganga Bali
BA006821,3089041000768075,SBIN0010482,Niharika Konda
BA006822,3089041000963719,SBIN0010482,Divya Kannan
BA006823,3089041000856755,SBIN0010482,Rushil Barad
BA006824,3089041000931034,SBIN0010482,Anita  Sandhu
BA006825,3089041000440050,SBIN0010482,Ucchal Sastry
BA006826,3089041000281722,SBIN0010482,Imaran Parmar
BA006827,3089041000889016,SBIN0010482,Lajita Kapoor
BA006828,3089041000565073,SBIN0010482,Samesh Bawa
BA006829,3089041000615178,SBIN0010482,Unnati Anand
BA006830,3089041000651150,SBIN0010482,Jhalak Palla
BA006831,3089041000742367,SBIN0010482,Neel Wadhwa
BA006832,3089041000680822,SBIN0010482,Turvi Sachdev
BA006833,3089041000569145,SBIN0010482,Pooja Mistry
BA006834,3089041000947531,SBIN0010482,Farhan Murthy
BA006835,3089041000126283,SBIN0010482,Gautami Ramaswamy
BA006836,3089041000917874,SBIN0010482,Baghyawati Sachdev
BA006837,3089041000294091,SBIN0010482,Yug Misra
BA006838,3089041000340040,SBIN0010482,Adweta Master
BA006839,3089041000551101,SBIN0010482,Damyanti Kurian
BA006840,3089041000223049,SBIN0010482,Dalaja Dara
BA006841,3089041000213955,SBIN0010482,Yash Kibe
BA006842,3089041000482027,SBIN0010482,Anya Seshadri
BA006843,3089041000792605,SBIN0010482,Upkaar Madan
BA006844,3089041000108691,SBIN0010482,Aishani Badal
BA006845,3089041000268869,SBIN0010482,Madhav Kapur
BA006846,3089041000883956,SBIN0010482,Falguni Tella
BA006847,3089041000346258,SBIN0010482,Kabir Sood
BA006848,3089041000249337,SBIN0010482,Anamika Chaudhry
BA006849,3089041000353712,SBIN0010482,Nakul Chawla
BA006850,3089041000539850,SBIN0010482,Sanaya Dayal
BA006851,3089041000475752,SBIN0010482,Oscar Contractor
BA006852,3089041000139302,SBIN0010482,Caleb Srinivas
BA006853,3089041000463217,SBIN0010482,Charvi Venkataraman
BA006854,3089041000233346,SBIN0010482,Reyansh Mangat
BA006855,3089041000940639,SBIN0010482,Kamala Nayar
BA006856,3089041000712157,SBIN0010482,Kevin Dass
BA006857,3089041000113651,SBIN0010482,Yash Anne
BA006858,3089041000218566,SBIN0010482,Chasmum Mall
BA006859,3089041000388772,SBIN0010482,Daksha Raj
BA006860,3089041000679333,SBIN0010482,Manbir Kapoor
BA006861,3089041000686817,SBIN0010482,Ayaan Dhaliwal
BA006862,3089041000694812,SBIN0010482,Hredhaan Deshpande
BA006863,3089041000116202,SBIN0010482,Samar Shenoy
BA006864,3089041000820720,SBIN0010482,Maya Parekh
BA006865,3089041000260616,SBIN0010482,Ranveer Narayanan
BA006866,3089041000478233,SBIN0010482,Urishilla Agate
BA006867,3089041000494420,SBIN0010482,Farhan Kamdar
BA006868,3089041000608244,SBIN0010482,Advika Patel
BA006869,3089041000379500,SBIN0010482,Ranbir Lad
BA006870,3089041000694040,SBIN0010482,Mekhala Rama
BA006871,3089041000621236,SBIN0010482,Frado Bora
BA006872,3089041000536764,SBIN0010482,Kamala Bava
BA006873,3089041000107797,SBIN0010482,Chaman Goswami
BA006874,3089041000939074,SBIN0010482,Nikita Dugar
BA006875,3089041000523007,SBIN0010482,Bahadurjit Kothari
BA006876,3089041000466659,SBIN0010482,Dayita Shankar
BA006877,3089041000382652,SBIN0010482,Qadim Lanka
BA006878,3089041000847030,SBIN0010482,Sarthak Chokshi
BA006879,3089041000802237,SBIN0010482,Charvi Kata
BA006880,3089041000526427,SBIN0010482,Ojasvi Thaman
BA006881,3089041000799449,SBIN0010482,Ayaan Bali
BA006882,3089041000469303,SBIN0010482,Lohit Mand
BA006883,3089041000207250,SBIN0010482,Chandresh Dua
BA006884,3089041000427211,SBIN0010482,Vidhi Sarma
BA006885,3089041000791228,SBIN0010482,Devansh Shroff
BA006886,3089041000565856,SBIN0010482,Raghav Barad
BA006887,3089041000927032,SBIN0010482,Sarthak Nagar
BA006888,3089041000527101,SBIN0010482,Mohammed Kari
BA006889,3089041000793662,SBIN0010482,Champak Gade
BA006890,3089041000573561,SBIN0010482,Avni Sami
BA006891,3089041000458139,SBIN0010482,Hamsini Golla
BA006892,3089041000190523,SBIN0010482,Gayathri Dutta
BA006893,3089041000403450,SBIN0010482,Sai Deol
BA006894,3089041000191360,SBIN0010482,Vivaan Andra
BA006895,3089041000357368,SBIN0010482,Amol Desai
BA006896,3089041000805885,SBIN0010482,Nandini Chokshi
BA006897,3089041000642855,SBIN0010482,Samarth Anne
BA006898,3089041000610617,SBIN0010482,Anthony Kanda
BA006899,3089041000711188,SBIN0010482,Zehaan Rege
BA006900,3089041000675714,SBIN0010482,Ridhi Bir
BA006901,3089041000661091,SBIN0010482,Priya Shan
BA006902,3089041000783818,SBIN0010482,Advaith Sarma
BA006903,3089041000362921,SBIN0010482,Lucky Sridhar
BA006904,3089041000739848,SBIN0010482,Divya Krish
BA006905,3089041000616927,SBIN0010482,Oscar Mall
BA006906,3089041000439713,SBIN0010482,Shivansh Bhalla
BA006907,3089041000586882,SBIN0010482,Oscar Kashyap
BA006908,3089041000932365,SBIN0010482,Vinaya Garde
BA006909,3089041000809934,SBIN0010482,Ayush Kalita
BA006910,3089041000752374,SBIN0010482,Karan Batra
BA006911,3089041000220013,SBIN0010482,Chaman Shanker
BA006912,3089041000898178,SBIN0010482,Amol Chand
BA006913,3089041000666250,SBIN0010482,Nicholas Gade
BA006914,3089041000434697,SBIN0010482,Brinda Ben
BA006915,3089041000609754,SBIN0010482,Dalbir Sarna
BA006916,3089041000914689,SBIN0010482,Aashi Shere
BA006917,3089041000161056,SBIN0010482,Vamakshi Tandon
BA006918,3089041000640892,SBIN0010482,Abha Sachdev
BA006919,3089041000324900,SBIN0010482,Qadim Lalla
BA006920,3089041000545591,SBIN0010482,Libni Parsa
BA006921,3089041000753532,SBIN0010482,Ridhi Dube
BA006922,3089041000498224,SBIN0010482,Manbir Nori
BA006923,3089041000206961,SBIN0010482,Pranit Dugal
BA006924,3089041000121246,SBIN0010482,Banjeet Oza
BA006925,3089041000201223,SBIN0010482,Meera Walla
BA006926,3089041000272253,SBIN0010482,Aachal Tripathi
BA006927,3089041000597869,SBIN0010482,Yug Sunder
BA006928,3089041000677187,SBIN0010482,Raghav Seth
BA006929,3089041000413013,SBIN0010482,Quincy Chaudhry
BA006930,3089041000317708,SBIN0010482,Frado Chadha
BA006931,3089041000566020,SBIN0010482,Jagdish Wali
BA006932,3089041000686349,SBIN0010482,Yochana Barman
BA006933,3089041000445749,SBIN0010482,Hiral Sagar
BA006934,3089041000182103,SBIN0010482,Ethan Sha
BA006935,3089041000699190,SBIN0010482,Vedhika Manne
BA006936,3089041000345872,SBIN0010482,Umang Dora
BA006937,3089041000218571,SBIN0010482,Hemang Krishnamurthy
BA006938,3089041000236907,SBIN0010482,Pranav Nadkarni
BA006939,3089041000322854,SBIN0010482,Wakeeta Chaudry
BA006940,3089041000188321,SBIN0010482,Parth Dhar
BA006941,3089041000885437,SBIN0010482,Lipika Kumar
BA006942,3089041000910066,SBIN0010482,Thomas Sha
BA006943,3089041000674625,SBIN0010482,Nihal Bail
BA006944,3089041000389971,SBIN0010482,Bimala Doctor
BA006945,3089041000773916,SBIN0010482,Isaiah Prashad
BA006946,3089041000936951,SBIN0010482,Krisha Nagi
BA006947,3089041000838234,SBIN0010482,Lavanya Handa
BA006948,3089041000280102,SBIN0010482,Aarav Zacharia
BA006949,3089041000399243,SBIN0010482,Samaksh Mann
BA006950,3089041000842221,SBIN0010482,Chasmum Savant
BA006951,3089041000574170,SBIN0010482,Dalaja Thakkar
BA006952,3089041000906589,SBIN0010482,Yashoda Narayanan
BA006953,3089041000269237,SBIN0010482,Anika Shetty
BA006954,3089041000752999,SBIN0010482,Ojas Anne
BA006955,3089041000313701,SBIN0010482,Krishna Tripathi
BA006956,3089041000462372,SBIN0010482,Ekbal Munshi
BA006957,3089041000439036,SBIN0010482,Sara Taneja
BA006958,3089041000566657,SBIN0010482,Qabil Ranganathan
BA006959,3089041000337819,SBIN0010482,Shaurya Dutta
BA006960,3089041000118473,SBIN0010482,Oeshi Kaul
BA006961,3089041000771710,SBIN0010482,Qasim Sethi
BA006962,3089041000444667,SBIN0010482,Urvi Nagar
BA006963,3089041000245967,SBIN0010482,Nathaniel Parmer
BA006964,3089041000322010,SBIN0010482,Anay Sahota
BA006965,3089041000463358,SBIN0010482,Mohini Palla
BA006966,3089041000825693,SBIN0010482,Lucky Desai
BA006967,3089041000108747,SBIN0010482,Jyoti Dugar
BA006968,3089041000364966,SBIN0010482,Bhavika Dada
BA006969,3089041000412046,SBIN0010482,Ekantika Roy
BA006970,3089041000610077,SBIN0010482,Brijesh Doshi
BA006971,3089041000760159,SBIN0010482,Diya Ratti
BA006972,3089041000744925,SBIN0010482,Rajata Konda
BA006973,3089041000173936,SBIN0010482,Mitesh Rege
BA006974,3089041000536006,SBIN0010482,Chaman Gole
BA006975,3089041000640472,SBIN0010482,Raagini Purohit
BA006976,3089041000498839,SBIN0010482,Gautami Lad
BA006977,3089041000728196,SBIN0010482,Harinakshi Chatterjee
BA006978,3089041000333384,SBIN0010482,Samarth Chhabra
BA006979,3089041000125707,SBIN0010482,Banjeet Bassi
BA006980,3089041000756542,SBIN0010482,Udarsh Dugar
BA006981,3089041000871725,SBIN0010482,Fiyaz Goel
BA006982,3089041000710862,SBIN0010482,Girindra Ghose
BA006983,3089041000590502,SBIN0010482,Kashish Minhas
BA006984,3089041000949144,SBIN0010482,Kashish  Yohannan
BA006985,3089041000307569,SBIN0010482,Radhika Sahni
BA006986,3089041000744250,SBIN0010482,Neelima Misra
BA006987,3089041000182979,SBIN0010482,Hemang Choudhary
BA006988,3089041000188257,SBIN0010482,Adweta Yogi
BA006989,3089041000756040,SBIN0010482,Lopa More
BA006990,3089041000562440,SBIN0010482,Kiaan Acharya
BA006991,3089041000899211,SBIN0010482,Lipika Goel
BA006992,3089041000876970,SBIN0010482,Riya Vohra
BA006993,3089041000613817,SBIN0010482,Yash Murthy
BA006994,3089041000994463,SBIN0010482,Lipika Ratti
BA006995,3089041000320552,SBIN0010482,Mohini Mukhopadhyay
BA006996,3089041000391545,SBIN0010482,Radhika Dayal
BA006997,3089041000161551,SBIN0010482,Chaman Gole
BA006998,3089041000677674,SBIN0010482,Lohit Sarin
BA006999,3089041000300614,SBIN0010482,Praneel Borde
BA007000,3089041000150434,SBIN0010482,Qadim Badal
BA007001,3089041000956633,SBIN0010482,Devansh Bath
BA007002,3089041000683002,SBIN0010482,Nihal Kulkarni
BA007003,3089041000308412,SBIN0010482,Isaiah Manda
BA007004,3089041000851388,SBIN0010482,Yasti Choudhury
BA007005,3089041000219261,SBIN0010482,Urishilla Sekhon
BA007006,3089041000345433,SBIN0010482,Niharika Mall
BA007007,3089041000253809,SBIN0010482,Naveen Varkey
BA007008,3089041000855078,SBIN0010482,Indrajit Bahri
BA007009,3089041000799001,SBIN0010482,Theodore Sankaran
BA007010,3089041000836982,SBIN0010482,Nimrat Bail
BA007011,3089041000807160,SBIN0010482,Aarnav Bhatia
BA007012,3089041000636754,SBIN0010482,Ijaya Hegde
BA007013,3089041000158460,SBIN0010482,Gayathri Hari
BA007014,3089041000529837,SBIN0010482,Ranbir Char
BA007015,3089041000712592,SBIN0010482,Ekanta Batra
BA007016,3089041000940816,SBIN0010482,Praneel Madan
BA007017,3089041000924896,SBIN0010482,Wahab Agarwal
BA007018,3089041000943085,SBIN0010482,Neel Sahni
BA007019,3089041000514230,SBIN0010482,David Bhasin
BA007020,3089041000118820,SBIN0010482,Mitali Walla
BA007021,3089041000697351,SBIN0010482,Nihal Shankar
BA007022,3089041000181978,SBIN0010482,Yagnesh Karan
BA007023,3089041000936866,SBIN0010482,Samuel Thaker
BA007024,3089041000110529,SBIN0010482,Samar Kala
BA007025,3089041000966318,SBIN0010482,Nikita Chacko
BA007026,3089041000114355,SBIN0010482,Ishaan Rau
BA007027,3089041000793517,SBIN0010482,Mitali Sha
BA007028,3089041000612169,SBIN0010482,Yug Saraf
BA007029,3089041000871177,SBIN0010482,Ikbal Acharya
BA007030,3089041000890810,SBIN0010482,Ranveer Dubey
BA007031,3089041000566695,SBIN0010482,Sai Kara
BA007032,3089041000926895,SBIN0010482,Hardik Zachariah
BA007033,3089041000584587,SBIN0010482,Ikshita Grover
BA007034,3089041000479181,SBIN0010482,Dev Wadhwa
BA007035,3089041000983524,SBIN0010482,Eshana Bahri
BA007036,3089041000850389,SBIN0010482,Vasatika Tailor
BA007037,3089041000391902,SBIN0010482,Girish Bassi
BA007038,3089041000883439,SBIN0010482,Kamala Ganesh
BA007039,3089041000658836,SBIN0010482,HARISH LATA
BA007040,3089041000149727,SBIN0010482,Falan Datta
BA007041,3089041000898230,SBIN0010482,Sai Rout
BA007042,3089041000941141,SBIN0010482,Triveni Thakur
BA007043,3089041000740507,SBIN0010482,Indira Saini
BA007044,3089041000849471,SBIN0010482,Chandani Palla
BA007045,3089041000135306,SBIN0010482,Pranav Badal
BA007046,3089041000177278,SBIN0010482,Mahika Puri
BA007047,3089041000621009,SBIN0010482,Mohini Walla
BA007048,3089041000688630,SBIN0010482,Onkar Pandya
BA007049,3089041000843296,SBIN0010482,Lakshit  Naik
BA007050,3089041000971247,SBIN0010482,Samarth  Morar
BA007051,3089041000384139,SBIN0010482,Hemal Nanda
BA007052,3089041000781089,SBIN0010482,Anjali Saran
BA007053,3089041000809620,SBIN0010482,Sai Misra
BA007054,3089041000695403,SBIN0010482,Arin Saxena
BA007055,3089041000292507,SBIN0010482,Vaishnavi Dhar
BA007056,3089041000387037,SBIN0010482,Pallavi Modi
BA007057,3089041000712568,SBIN0010482,Raksha Randhawa
BA007058,3089041000538489,SBIN0010482,Anthony Aggarwal
BA007059,3089041000865907,SBIN0010482,Damyanti Tank
BA007060,3089041000524935,SBIN0010482,Indira Mane
BA007061,3089041000462952,SBIN0010482,Anya Borra
BA007062,3089041000753814,SBIN0010482,Yamini Mittal
BA007063,3089041000770041,SBIN0010482,Nirja Shere
BA007064,3089041000138791,SBIN0010482,Bhavya  Shanker
BA007065,3089041000375736,SBIN0010482,Samuel Rastogi
BA007066,3089041000669374,SBIN0010482,Lajita Master
BA007067,3089041000784206,SBIN0010482,Alka Mann
BA007068,3089041000366354,SBIN0010482,Advaith Ganesan
BA007069,3089041000820003,SBIN0010482,Advaith Narain
BA007070,3089041000352753,SBIN0010482,Jagat Balay
BA007071,3089041000649843,SBIN0010482,Mohini Dewan
BA007072,3089041000893717,SBIN0010482,Balveer Ranganathan
BA007073,3089041000413374,SBIN0010482,Bimala Bhat
BA007074,3089041000952826,SBIN0010482,Praneel Madan
BA007075,3089041000405151,SBIN0010482,Jagrati Venkatesh
BA007076,3089041000354296,SBIN0010482,Timothy Acharya
BA007077,3089041000281148,SBIN0010482,Benjamin Narayan
BA007078,3089041000888417,SBIN0010482,Dalaja Zachariah
BA007079,3089041000392435,SBIN0010482,Urvi Lala
BA007080,3089041000573980,SBIN0010482,Idika Sagar
BA007081,3089041000127875,SBIN0010482,Akshay Dixit
BA007082,3089041000424614,SBIN0010482,Kamala Arya
BA007083,3089041000796265,SBIN0010482,Aadi Kala
BA007084,3089041000180905,SBIN0010482,Hemani Ramakrishnan
BA007085,3089041000197700,SBIN0010482,Harsh Parekh
BA007086,3089041000276581,SBIN0010482,Anay Parmar
BA007087,3089041000590071,SBIN0010482,Brinda Chatterjee
BA007088,3089041000847506,SBIN0010482,Rehaan Sarma
BA007089,3089041000492024,SBIN0010482,Rachana Sen
BA007090,3089041000550105,SBIN0010482,Yadavi Srinivasan
BA007091,3089041000946678,SBIN0010482,Jagat Wali
BA007092,3089041000828817,SBIN0010482,Neel Sachdeva
BA007093,3089041000293208,SBIN0010482,Azaan Chowdhury
BA007094,3089041000612349,SBIN0010482,Prisha Pradhan
BA007095,3089041000964369,SBIN0010482,Champak Kashyap
BA007096,3089041000845771,SBIN0010482,Chakrika Mitter
BA007097,3089041000181062,SBIN0010482,Karan Bassi
BA007098,3089041000347243,SBIN0010482,Veda Mahal
BA007099,3089041000903563,SBIN0010482,Pahal Rattan
BA007100,3089041000196636,SBIN0010482,Nitesh Mitra
BA007101,3089041000906320,SBIN0010482,Krishna Dhar
BA007102,3089041000627075,SBIN0010482,Jackson Naik
BA007103,3089041000227002,SBIN0010482,Rajata Sridhar
BA007104,3089041000308921,SBIN0010482,Divya Sandal
BA007105,3089041000192290,SBIN0010482,Qarin Golla
BA007106,3089041000910810,SBIN0010482,Abhiram Narula
BA007107,3089041000108764,SBIN0010482,Tanveer Menon
BA007108,3089041000612862,SBIN0010482,Ayushman Kuruvilla
BA007109,3089041000988228,SBIN0010482,Damyanti Srinivasan
BA007110,3089041000458939,SBIN0010482,Chavvi Mani
BA007111,3089041000182320,SBIN0010482,Kashish Kapoor
BA007112,3089041000775409,SBIN0010482,Eta Garde
BA007113,3089041000189382,SBIN0010482,Vincent Warrior
BA007114,3089041000833287,SBIN0010482,Dhriti Ahuja
BA007115,3089041000909840,SBIN0010482,Finn Devan
BA007116,3089041000301935,SBIN0010482,Gauri Pall
BA007117,3089041000117331,SBIN0010482,Harsh Ganesan
BA007118,3089041000423697,SBIN0010482,Aarush Krish
BA007119,3089041000949257,SBIN0010482,Joshua Goyal
BA007120,3089041000928309,SBIN0010482,Ekansh Sodhi
BA007121,3089041000506918,SBIN0010482,Luke Sheth
BA007122,3089041000100277,SBIN0010482,Naksh Sandal
BA007123,3089041000740391,SBIN0010482,Yatin Pal
BA007124,3089041000428426,SBIN0010482,Ekani Nair
BA007125,3089041000307857,SBIN0010482,Pratyush Mody
BA007126,3089041000597933,SBIN0010482,Hiral Dey
BA007127,3089041000937378,SBIN0010482,Harrison Ravi
BA007128,3089041000260611,SBIN0010482,Yadavi Narang
BA007129,3089041000660675,SBIN0010482,Jyoti Chad
BA007130,3089041000853961,SBIN0010482,Ekalinga Bhakta
BA007131,3089041000351655,SBIN0010482,Charles Wadhwa
BA007132,3089041000149370,SBIN0010482,Janani Morar
BA007133,3089041000504867,SBIN0010482,Aarna Sem
BA007134,3089041000329403,SBIN0010482,Damyanti Luthra
BA007135,3089041000169575,SBIN0010482,Victor Pau
BA007136,3089041000978898,SBIN0010482,Ishanvi Dhaliwal
BA007137,3089041000198202,SBIN0010482,Raksha Wadhwa
BA007138,3089041000361939,SBIN0010482,Isaac Shenoy
BA007139,3089041000546985,SBIN0010482,Ishani Mital
BA007140,3089041000146657,SBIN0010482,Ryan Lad
BA007141,3089041000635720,SBIN0010482,Samar Bansal
BA007142,3089041000496990,SBIN0010482,Vihaan Suresh
BA007143,3089041000984908,SBIN0010482,Tristan Hayer
BA007144,3089041000578099,SBIN0010482,Teerth Sama
BA007145,3089041000586516,SBIN0010482,Ekapad Iyer
BA007146,3089041000649955,SBIN0010482,Qabil Sane
BA007147,3089041000350403,SBIN0010482,Yochana Som
BA007148,3089041000568458,SBIN0010482,Ekansh Pandit
BA007149,3089041000262959,SBIN0010482,Varsha Soman
BA007150,3089041000937725,SBIN0010482,ADITYA MANGAL
BA007151,3089041000517701,SBIN0010482,Qarin Mutti
BA007152,3089041000171759,SBIN0010482,Dhriti Golla
BA007153,3089041000407864,SBIN0010482,Sai Mohan
BA007154,3089041000230071,SBIN0010482,Eta Kala
BA007155,3089041000968982,SBIN0010482,Upkaar Subramanian
BA007156,3089041000829739,SBIN0010482,Harrison Vala
BA007157,3089041000159565,SBIN0010482,Ishani Sandal
BA007158,3089041000635624,SBIN0010482,Raghav Master
BA007159,3089041000266406,SBIN0010482,Lakshmi Taneja
BA007160,3089041000779317,SBIN0010482,Varenya Savant
BA007161,3089041000596691,SBIN0010482,Nicholas Rao
BA007162,3089041000292193,SBIN0010482,Dayita Kapur
BA007163,3089041000882235,SBIN0010482,Meghana Deshpande
BA007164,3089041000422678,SBIN0010482,Krisha Sani
BA007165,3089041000988362,SBIN0010482,Harita Ben
BA007166,3089041000743123,SBIN0010482,Balhaar Choudhury
BA007167,3089041000167639,SBIN0010482,Harini Srinivasan
BA007168,3089041000326568,SBIN0010482,Anay Wali
BA007169,3089041000973956,SBIN0010482,Harini Gade
BA007170,3089041000151553,SBIN0010482,Frederick Zachariah
BA007171,3089041000889432,SBIN0010482,Bina Mani
BA007172,3089041000199682,SBIN0010482,Chaitaly Ramakrishnan
BA007173,3089041000240609,SBIN0010482,Yoshita Varughese
BA007174,3089041000910468,SBIN0010482,Tanvi Prabhakar
BA007175,3089041000278217,SBIN0010482,Onkar Prabhakar
BA007176,3089041000108252,SBIN0010482,Falguni Pall
BA007177,3089041000692445,SBIN0010482,Zarna Choudhry
BA007178,3089041000669807,SBIN0010482,Praneel Dhar
BA007179,3089041000702418,SBIN0010482,Ridhi Shere
BA007180,3089041000664406,SBIN0010482,Laksh Mistry
BA007181,3089041000519616,SBIN0010482,Siya Bumb
BA007182,3089041000791791,SBIN0010482,Akshay Narasimhan
BA007183,3089041000997662,SBIN0010482,Adweta Narasimhan
BA007184,3089041000458985,SBIN0010482,Amaira Jhaveri
BA007185,3089041000370704,SBIN0010482,Watika Dutta
BA007186,3089041000414098,SBIN0010482,Henry Butala
BA007187,3089041000381107,SBIN0010482,Teerth Balan
BA007188,3089041000676852,SBIN0010482,Yadavi Om
BA007189,3089041000880024,SBIN0010482,Ishaan Bumb
BA007190,3089041000281706,SBIN0010482,Vyanjana Yohannan
BA007191,3089041000674560,SBIN0010482,Anvi Nayar
BA007192,3089041000818119,SBIN0010482,Arin Ganesan
BA007193,3089041000996882,SBIN0010482,Sai Sidhu
BA007194,3089041000137756,SBIN0010482,Kamala Mutti
BA007195,3089041000811706,SBIN0010482,Pavani Sampath
BA007196,3089041000708387,SBIN0010482,Timothy Prakash
BA007197,3089041000936726,SBIN0010482,Dhriti Thaman
BA007198,3089041000875102,SBIN0010482,Ucchal Arora
BA007199,3089041000151553,SBIN0010482,Robert Date
BA007200,3089041000464022,SBIN0010482,Anmol Dara
BA007201,3089041000487111,SBIN0010482,Wridesh  Buch
BA007202,3089041000501802,SBIN0010482,Yuvraj Walia
BA007203,3089041000207794,SBIN0010482,Urvi Mohanty
BA007204,3089041000231944,SBIN0010482,Divya Palla
BA007205,3089041000546770,SBIN0010482,Yagnesh Sandhu
BA007206,3089041000759248,SBIN0010482,Daniel Wali
BA007207,3089041000895707,SBIN0010482,Harrison Thakkar
BA007208,3089041000192591,SBIN0010482,Brijesh Mander
BA007209,3089041000954345,SBIN0010482,Darsh Deshmukh
BA007210,3089041000436104,SBIN0010482,Simon Shenoy
BA007211,3089041000215254,SBIN0010482,Nandini Boase
BA007212,3089041000220247,SBIN0010482,Watika Jha
BA007213,3089041000513050,SBIN0010482,Neelima Dey
BA007214,3089041000901649,SBIN0010482,Farhan Kalla
BA007215,3089041000360064,SBIN0010482,Yashodhara Rattan
BA007216,3089041000869697,SBIN0010482,Shaurya Pandit
BA007217,3089041000785690,SBIN0010482,Darpan Amble
BA007218,3089041000142783,SBIN0010482,Ekanta Sani
BA007219,3089041000397407,SBIN0010482,Jeevika Manne
BA007220,3089041000661809,SBIN0010482,Yatin Chadha
BA007221,3089041000118044,SBIN0010482,Libni Prashad
BA007222,3089041000391597,SBIN0010482,Vinaya Grewal
BA007223,3089041000754151,SBIN0010482,Idika D’Alia
BA007224,3089041000384724,SBIN0010482,Ladli Mannan
BA007225,3089041000503928,SBIN0010482,Maya Basak
BA007226,3089041000230244,SBIN0010482,Yashoda Khatri
BA007227,3089041000284377,SBIN0010482,Vedika Gopal
BA007228,3089041000234825,SBIN0010482,Ayaan Dutt
BA007229,3089041000781867,SBIN0010482,Kritika Rout
BA007230,3089041000627292,SBIN0010482,Hemal Krish
BA007231,3089041000164066,SBIN0010482,Peter Verma
BA007232,3089041000467067,SBIN0010482,Krishna Kumer
BA007233,3089041000118704,SBIN0010482,Ekapad Sachar
BA007234,3089041000278218,SBIN0010482,Bakhshi Cheema
BA007235,3089041000932733,SBIN0010482,Ekiya Jayaraman
BA007236,3089041000984162,SBIN0010482,Chandani Rout
BA007237,3089041000168892,SBIN0010482,Brijesh  Prakash
BA007238,3089041000936166,SBIN0010482,Baljiwan Gulati
BA007239,3089041000901130,SBIN0010482,Krishna Swaminathan
BA007240,3089041000569171,SBIN0010482,Abhiram Lalla
BA007241,3089041000299136,SBIN0010482,Vidhi Saini
BA007242,3089041000912270,SBIN0010482,Pahal Desai
BA007243,3089041000145182,SBIN0010482,Adya Lad
BA007244,3089041000181283,SBIN0010482,Sudiksha D’Alia
BA007245,3089041000583124,SBIN0010482,Edhitha Kakar
BA007246,3089041000257989,SBIN0010482,Nisha Basu
BA007247,3089041000888186,SBIN0010482,Warhi Ratti
BA007248,3089041000678898,SBIN0010482,Aarush Ghose
BA007249,3089041000452549,SBIN0010482,Yashasvi Yadav
BA007250,3089041000826035,SBIN0010482,Yashodhara Sha
BA007251,3089041000418885,SBIN0010482,Ekaja Panchal
BA007252,3089041000495122,SBIN0010482,Warjas Narasimhan
BA007253,3089041000145303,SBIN0010482,Laban Swaminathan
BA007254,3089041000949540,SBIN0010482,Sudiksha Lata
BA007255,3089041000571967,SBIN0010482,Ansh Sandal
BA007256,3089041000752808,SBIN0010482,Hitesh Rajagopal
BA007257,3089041000563398,SBIN0010482,Bakhshi Jain
BA007258,3089041000848709,SBIN0010482,Sathvik Thakur
BA007259,3089041000220300,SBIN0010482,Yashica Tak
BA007260,3089041000505866,SBIN0010482,Upma Savant
BA007261,3089041000475722,SBIN0010482,Yauvani Kapadia
BA007262,3089041000291533,SBIN0010482,Tanish Ravel
BA007263,3089041000123300,SBIN0010482,Vaishnavi Sengupta
BA007264,3089041000469631,SBIN0010482,Zayan Chandra
BA007265,3089041000459136,SBIN0010482,Abhiram Arora
BA007266,3089041000670563,SBIN0010482,Ikshita Hans
BA007267,3089041000937100,SBIN0010482,Arin Grewal
BA007268,3089041000870937,SBIN0010482,Meghana Deol
BA007269,3089041000247265,SBIN0010482,Aishani Ganesan
BA007270,3089041000661067,SBIN0010482,Adweta Bir
BA007271,3089041000868982,SBIN0010482,Viraj Chada
BA007272,3089041000979613,SBIN0010482,Ishani Seshadri
BA007273,3089041000741591,SBIN0010482,Krish Amble
BA007274,3089041000191448,SBIN0010482,Ati Bhatti
BA007275,3089041000858493,SBIN0010482,Daksh Talwar
BA007276,3089041000634180,SBIN0010482,Harish Kale
BA007277,3089041000514480,SBIN0010482,Anika Prabhu
BA007278,3089041000968432,SBIN0010482,Faqid Bhargava
BA007279,3089041000721564,SBIN0010482,Dayamai Chaudhary
BA007280,3089041000440082,SBIN0010482,Maanas Malhotra
BA007281,3089041000778476,SBIN0010482,Ayaan Soman
BA007282,3089041000645679,SBIN0010482,Madhavi Kumer
BA007283,3089041000172447,SBIN0010482,Samarth Goswami
BA007284,3089041000674080,SBIN0010482,Kashvi Brar
BA007285,3089041000798596,SBIN0010482,Chanchal Dhawan
BA007286,3089041000798069,SBIN0010482,Bimala Atwal
BA007287,3089041000154312,SBIN0010482,Tanish Gera
BA007288,3089041000546893,SBIN0010482,Harish Chokshi
BA007289,3089041000640038,SBIN0010482,Balendra Hans
BA007290,3089041000463860,SBIN0010482,Lavanya Vora
BA007291,3089041000100836,SBIN0010482,Hardik Raj
BA007292,3089041000266701,SBIN0010482,Chandresh Soman
BA007293,3089041000931853,SBIN0010482,Manthan Rastogi
BA007294,3089041000858949,SBIN0010482,Omkaar Bhalla
BA007295,3089041000883080,SBIN0010482,Bakhshi Balay
BA007296,3089041000373363,SBIN0010482,Warjas Raman
BA007297,3089041000942950,SBIN0010482,Krishna Boase
BA007298,3089041000487391,SBIN0010482,Ronith Rout
BA007299,3089041000893896,SBIN0010482,Advaith Nori
BA007300,3089041000893969,SBIN0010482,Vamakshi Munshi
BA007301,3089041000717384,SBIN0010482,Darpan Char
BA007302,3089041000648928,SBIN0010482,Yagnesh Deshpande
BA007303,3089041000825179,SBIN0010482,Advik Bal
BA007304,3089041000625633,SBIN0010482,Tarak Shenoy
BA007305,3089041000916435,SBIN0010482,Ranveer Banerjee
BA007306,3089041000516357,SBIN0010482,Onveer Dyal
BA007307,3089041000244975,SBIN0010482,Ikbal Jayaraman
BA007308,3089041000386136,SBIN0010482,Benjamin Upadhyay
BA007309,3089041000648862,SBIN0010482,Faqid  Ramakrishnan
BA007310,3089041000945800,SBIN0010482,Lucky Grewal
BA007311,3089041000819893,SBIN0010482,Aryan Kulkarni
BA007312,3089041000370063,SBIN0010482,Ati Reddy
BA007313,3089041000145298,SBIN0010482,Warhi Choudhry
BA007314,3089041000387846,SBIN0010482,Ekapad Som
BA007315,3089041000759858,SBIN0010482,Suhani Kunda
BA007316,3089041000581414,SBIN0010482,Yash Ray
BA007317,3089041000825918,SBIN0010482,Maanav Kar
BA007318,3089041000280763,SBIN0010482,Chaaya Deep
BA007319,3089041000148144,SBIN0010482,Jalsa Dhawan
BA007320,3089041000852459,SBIN0010482,Mekhala Aurora
BA007321,3089041000577829,SBIN0010482,Hema Golla
BA007322,3089041000666091,SBIN0010482,Anamika Butala
BA007323,3089041000662387,SBIN0010482,Anay  Magar
BA007324,3089041000739231,SBIN0010482,Sanaya Som
BA007325,3089041000121892,SBIN0010482,Keya Bajaj
BA007326,3089041000380937,SBIN0010482,Qadim Salvi
BA007327,3089041000366643,SBIN0010482,Diya Chandra
BA007328,3089041000514387,SBIN0010482,Kalpit Singhal
BA007329,3089041000519452,SBIN0010482,Farhan Shroff
BA007330,3089041000287247,SBIN0010482,Arjun Desai
BA007331,3089041000129241,SBIN0010482,Hemani Parmer
BA007332,3089041000574420,SBIN0010482,Isaac Raja
BA007333,3089041000921339,SBIN0010482,Karan Cherian
BA007334,3089041000576705,SBIN0010482,Indrajit Nagarajan
BA007335,3089041000709809,SBIN0010482,Onkar Sani
BA007336,3089041000322163,SBIN0010482,Bhavika Wason
BA007337,3089041000558037,SBIN0010482,Aadhya Srinivas
BA007338,3089041000146049,SBIN0010482,Yoshita Sama
BA007339,3089041000470329,SBIN0010482,Tanish Sheth
BA007340,3089041000568307,SBIN0010482,Daniel Andra
BA007341,3089041000449116,SBIN0010482,Devika Shan
BA007342,3089041000411526,SBIN0010482,Arjun Vaidya
BA007343,3089041000835043,SBIN0010482,Raksha Chakrabarti
BA007344,3089041000703566,SBIN0010482,Bachittar Swaminathan
BA007345,3089041000226520,SBIN0010482,Kalpit Chada
BA007346,3089041000997629,SBIN0010482,Charita Bassi
BA007347,3089041000258343,SBIN0010482,Netra Wadhwa
BA007348,3089041000622861,SBIN0010482,Maya Datta
BA007349,3089041000650694,SBIN0010482,Eshana Karpe
BA007350,3089041000287191,SBIN0010482,Amruta Uppal
BA007351,3089041000905704,SBIN0010482,Anamika Sen
BA007352,3089041000590411,SBIN0010482,Yamini Dugar
BA007353,3089041000167379,SBIN0010482,Udarsh Wable
BA007354,3089041000450475,SBIN0010482,Eiravati Mahal
BA007355,3089041000627602,SBIN0010482,Rachit Divan
BA007356,3089041000490418,SBIN0010482,Om Bhatti
BA007357,3089041000835117,SBIN0010482,Ryan Swamy
BA007358,3089041000711042,SBIN0010482,Akshay Parmer
BA007359,3089041000469663,SBIN0010482,Aarav Joshi
BA007360,3089041000343549,SBIN0010482,Aarnav Bhat
BA007361,3089041000893394,SBIN0010482,Andrew Venkataraman
BA007362,3089041000892862,SBIN0010482,Yuvraj Manne
BA007363,3089041000666679,SBIN0010482,Sudiksha Khatri
BA007364,3089041000881303,SBIN0010482,Aayush Aggarwal
BA007365,3089041000755344,SBIN0010482,Jairaj Krishnan
BA007366,3089041000396954,SBIN0010482,Nidra Agate
BA007367,3089041000956106,SBIN0010482,George Rajagopalan
BA007368,3089041000231772,SBIN0010482,Wahab Dewan
BA007369,3089041000300353,SBIN0010482,Saksham Shan
BA007370,3089041000642941,SBIN0010482,Chaitanya Rama
BA007371,3089041000269193,SBIN0010482,Gayathri Mital
BA007372,3089041000278750,SBIN0010482,Pavani Srinivasan
BA007373,3089041000402129,SBIN0010482,Lipika Konda
BA007374,3089041000275928,SBIN0010482,Chandresh Bajaj
BA007375,3089041000667126,SBIN0010482,Theodore Krish
BA007376,3089041000589149,SBIN0010482,Jagat Chatterjee
BA007377,3089041000598675,SBIN0010482,Sanaya Butala
BA007378,3089041000618695,SBIN0010482,Frederick Nadkarni
BA007379,3089041000885710,SBIN0010482,Kala  Lad
BA007380,3089041000404118,SBIN0010482,Yachana Dhaliwal
BA007381,3089041000976253,SBIN0010482,Mason Badami
BA007382,3089041000841175,SBIN0010482,Abha Arora
BA007383,3089041000597976,SBIN0010482,Janani Jani
BA007384,3089041000704577,SBIN0010482,William Mall
BA007385,3089041000748789,SBIN0010482,Nirja Balan
BA007386,3089041000520124,SBIN0010482,Ekanta Prashad
BA007387,3089041000581281,SBIN0010482,Bhanumati Mahajan
BA007388,3089041000765235,SBIN0010482,Rachana Sathe
BA007389,3089041000883766,SBIN0010482,Chatresh Chandran
BA007390,3089041000135594,SBIN0010482,Lakshit Loke
BA007391,3089041000635885,SBIN0010482,Liam Zacharia
BA007392,3089041000793228,SBIN0010482,Yashica Doshi
BA007393,3089041000558788,SBIN0010482,Tristan Varghese
BA007394,3089041000815308,SBIN0010482,Bhavya Agarwal
BA007395,3089041000609964,SBIN0010482,Mahika Dhaliwal
BA007396,3089041000979896,SBIN0010482,Hiral Tella
BA007397,3089041000675862,SBIN0010482,Watika Lala
BA007398,3089041000901857,SBIN0010482,Laban Sibal
BA007399,3089041000873459,SBIN0010482,JAGRATI HANS
BA007400,3089041000342894,SBIN0010482,Devika Dutta
BA007401,3089041000481553,SBIN0010482,Hemangini Sha
BA007402,3089041000159598,SBIN0010482,Abhiram Menon
BA007403,3089041000517381,SBIN0010482,Nathaniel Chandra
BA007404,3089041000310733,SBIN0010482,Garima Chhabra
BA007405,3089041000337749,SBIN0010482,Omya Boase
BA007406,3089041000626069,SBIN0010482,Falak Pal
BA007407,3089041000740202,SBIN0010482,Bhavini Rao
BA007408,3089041000275955,SBIN0010482,Azad Bhat
BA007409,3089041000934830,SBIN0010482,Oscar Kanda
BA007410,3089041000462478,SBIN0010482,Aishani Sandhu
BA007411,3089041000261616,SBIN0010482,Arjun Bhagat
BA007412,3089041000721115,SBIN0010482,Joshua Kibe
BA007413,3089041000322928,SBIN0010482,Tara Chadha
BA007414,3089041000331786,SBIN0010482,Gaurav Gill
BA007415,3089041000674201,SBIN0010482,Joshua Sane
BA007416,3089041000208062,SBIN0010482,Indali Chakraborty
BA007417,3089041000498216,SBIN0010482,Ayushman Lalla
BA007418,3089041000853012,SBIN0010482,Advay Tank
BA007419,3089041000403951,SBIN0010482,Radhika Nair
BA007420,3089041000184875,SBIN0010482,Aarna Muni
BA007421,3089041000704705,SBIN0010482,Chakradhar Mody
BA007422,3089041000753842,SBIN0010482,Maanas Sarraf
BA007423,3089041000104743,SBIN0010482,Theodore Mital
BA007424,3089041000766018,SBIN0010482,Aryan Chhabra
BA007425,3089041000400208,SBIN0010482,Gaurangi Khalsa
BA007426,3089041000428955,SBIN0010482,Jasmit Tata
BA007427,3089041000273429,SBIN0010482,Dayamai Swamy
BA007428,3089041000325246,SBIN0010482,Aashi Keer
BA007429,3089041000363387,SBIN0010482,Oviya Chacko
BA007430,3089041000449997,SBIN0010482,Nimrat Warrior
BA007431,3089041000421041,SBIN0010482,Nihal Nadkarni
BA007432,3089041000265275,SBIN0010482,Jonathan Shanker
BA007433,3089041000233690,SBIN0010482,Meera Sethi
BA007434,3089041000102978,SBIN0010482,Yashodhara Ramanathan
BA007435,3089041000655986,SBIN0010482,Lila Panchal
BA007436,3089041000985816,SBIN0010482,Michael De
BA007437,3089041000712275,SBIN0010482,Faraj Sathe
BA007438,3089041000654719,SBIN0010482,Riya Uppal
BA007439,3089041000263045,SBIN0010482,Chaaya Solanki
BA007440,3089041000905478,SBIN0010482,Faris Dutta
BA007441,3089041000320397,SBIN0010482,Sarthak Pathak
BA007442,3089041000544981,SBIN0010482,Balhaar Sachar
BA007443,3089041000674103,SBIN0010482,Yashvi Mitter
BA007444,3089041000285406,SBIN0010482,Charvi Dhingra
BA007445,3089041000253668,SBIN0010482,Wahab Munshi
BA007446,3089041000590662,SBIN0010482,Shaurya Mohanty
BA007447,3089041000249792,SBIN0010482,Damyanti Saini
BA007448,3089041000129918,SBIN0010482,Michael Choudhry
BA007449,3089041000801852,SBIN0010482,Gabriel Nayar
BA007450,3089041000124728,SBIN0010482,Zayyan Parekh
BA007451,3089041000413538,SBIN0010482,Ishanvi Kunda
BA007452,3089041000175402,SBIN0010482,Anay Ratta
BA007453,3089041000631640,SBIN0010482,Barkha Chakrabarti
BA007454,3089041000770042,SBIN0010482,Harrison Tailor
BA007455,3089041000900931,SBIN0010482,Faris Wali
BA007456,3089041000798492,SBIN0010482,Ubika Krish
BA007457,3089041000573602,SBIN0010482,Pushti Kaur
BA007458,3089041000963422,SBIN0010482,Umang Nazareth
BA007459,3089041000872941,SBIN0010482,Xiti Thakkar
BA007460,3089041000116945,SBIN0010482,Dhruv Wable
BA007461,3089041000479190,SBIN0010482,ONI YADAV
BA007462,3089041000708352,SBIN0010482,Nidhi Ravel
BA007463,3089041000458635,SBIN0010482,Andrew Palan
BA007464,3089041000383135,SBIN0010482,Harrison Bassi
BA007465,3089041000890299,SBIN0010482,Gavin Dyal
BA007466,3089041000463571,SBIN0010482,Deepa Hayre
BA007467,3089041000497263,SBIN0010482,Fitan Grewal
BA007468,3089041000887636,SBIN0010482,Ayushman Dani
BA007469,3089041000771799,SBIN0010482,Charan Mukhopadhyay
BA007470,3089041000207832,SBIN0010482,AAYUSH KHATRI
BA007471,3089041000382668,SBIN0010482,Lucky Chaudhry
BA007472,3089041000539770,SBIN0010482,Chatresh Bhardwaj
BA007473,3089041000567607,SBIN0010482,Nihal Bhatia
BA007474,3089041000599970,SBIN0010482,Henry Sekhon
BA007475,3089041000990537,SBIN0010482,Faris Chakraborty
BA007476,3089041000296862,SBIN0010482,Bachittar Arya
BA007477,3089041000476346,SBIN0010482,Chameli Soman
BA007478,3089041000892169,SBIN0010482,Wridesh Chhabra
BA007479,3089041000828477,SBIN0010482,Hardik Shukla
BA007480,3089041000508813,SBIN0010482,Chakradev Cheema
BA007481,3089041000319142,SBIN0010482,Nachiket Pant
BA007482,3089041000293747,SBIN0010482,Yashica Kuruvilla
BA007483,3089041000735008,SBIN0010482,Bhavani Shukla
BA007484,3089041000549444,SBIN0010482,Janya Andra
BA007485,3089041000605915,SBIN0010482,Faraj Jha
BA007486,3089041000272245,SBIN0010482,Harini Kapoor
BA007487,3089041000826016,SBIN0010482,Noah Dar
BA007488,3089041000875491,SBIN0010482,Urmi Ganesan
BA007489,3089041000370785,SBIN0010482,Aarush Sinha
BA007490,3089041000804900,SBIN0010482,Upadhriti Bhalla
BA007491,3089041000770222,SBIN0010482,Upadhriti Choudhury
BA007492,3089041000966113,SBIN0010482,Hitesh Sandhu
BA007493,3089041000166385,SBIN0010482,Yauvani Choudhry
BA007494,3089041000801774,SBIN0010482,Mohammed Dayal
BA007495,3089041000683115,SBIN0010482,Leena Krishnamurthy
BA007496,3089041000832187,SBIN0010482,Vritti Dara
BA007497,3089041000237400,SBIN0010482,Vedhika Nigam
BA007498,3089041000983451,SBIN0010482,Banjeet Sem
BA007499,3089041000816691,SBIN0010482,Hitesh Amble
BA007500,3089041000894635,SBIN0010482,Bhavini  Aurora
BA007501,3089041000205084,SBIN0010482,Indira Shroff
BA007502,3089041000235583,SBIN0010482,Alexander Gara
BA007503,3089041000384017,SBIN0010482,Chaaya Hari
BA007504,3089041000608801,SBIN0010482,Tanay Rana
BA007505,3089041000179549,SBIN0010482,Nicholas Dara
BA007506,3089041000510911,SBIN0010482,Baljiwan Rajagopalan
BA007507,3089041000500087,SBIN0010482,Indira Shah
BA007508,3089041000269553,SBIN0010482,Mitali Sodhi
BA007509,3089041000696343,SBIN0010482,Lopa Savant
BA007510,3089041000524596,SBIN0010482,Dominic Sarkar
BA007511,3089041000576598,SBIN0010482,Yatan Patla
BA007512,3089041000143200,SBIN0010482,Gaurav Nagy
BA007513,3089041000359940,SBIN0010482,Jack Ray
BA007514,3089041000571250,SBIN0010482,Maanav Rama
BA007515,3089041000670947,SBIN0010482,Aayush Srinivasan
BA007516,3089041000432941,SBIN0010482,Teerth Hora
BA007517,3089041000799727,SBIN0010482,Chakradhar Virk
BA007518,3089041000159404,SBIN0010482,Naksh Manda
BA007519,3089041000567640,SBIN0010482,Isaiah Yohannan
BA007520,3089041000880869,SBIN0010482,Laksh Mani
BA007521,3089041000718299,SBIN0010482,Yahvi Bhatti
BA007522,3089041000380103,SBIN0010482,Arjun Anne
BA007523,3089041000336822,SBIN0010482,Hredhaan Sandal
BA007524,3089041000553663,SBIN0010482,Alexander Mutti
BA007525,3089041000970943,SBIN0010482,Chakradhar Din
BA007526,3089041000735256,SBIN0010482,Jyoti Bobal
BA007527,3089041000112254,SBIN0010482,Vamakshi Patla
BA007528,3089041000629102,SBIN0010482,Bina Raval
BA007529,3089041000812912,SBIN0010482,Vihaan Narayan
BA007530,3089041000644035,SBIN0010482,Dayita Chana
BA007531,3089041000313333,SBIN0010482,Aarush Nanda
BA007532,3089041000620019,SBIN0010482,Jagat Majumdar
BA007533,3089041000631514,SBIN0010482,Osha Lad
BA007534,3089041000874842,SBIN0010482,Vritti Tiwari
BA007535,3089041000991420,SBIN0010482,Jason Nagarajan
BA007536,3089041000687571,SBIN0010482,Yatin Nazareth
BA007537,3089041000740660,SBIN0010482,Indrajit Devan
BA007538,3089041000120806,SBIN0010482,Saumya Tailor
BA007539,3089041000166441,SBIN0010482,Guneet Desai
BA007540,3089041000201376,SBIN0010482,Kashish Tank
BA007541,3089041000638763,SBIN0010482,Harita Pathak
BA007542,3089041000145172,SBIN0010482,Mohammed Puri
BA007543,3089041000371855,SBIN0010482,Triya Dyal
BA007544,3089041000233041,SBIN0010482,Leela Bahl
BA007545,3089041000811696,SBIN0010482,Chakrika Master
BA007546,3089041000965465,SBIN0010482,Kala Mammen
BA007547,3089041000801740,SBIN0010482,Turvi Sidhu
BA007548,3089041000512254,SBIN0010482,Balhaar Parmar
BA007549,3089041000947912,SBIN0010482,Riya Chaudry
BA007550,3089041000400261,SBIN0010482,Triveni Jani
BA007551,3089041000327530,SBIN0010482,Xiti Sheth
BA007552,3089041000103367,SBIN0010482,Janaki Rajagopalan
BA007553,3089041000389399,SBIN0010482,Vasana Wali
BA007554,3089041000975204,SBIN0010482,Vasana Bhat
BA007555,3089041000997101,SBIN0010482,Guneet Sur
BA007556,3089041000806935,SBIN0010482,Damyanti Kari
BA007557,3089041000515449,SBIN0010482,Quincy Sathe
BA007558,3089041000142604,SBIN0010482,Elijah Mitra
BA007559,3089041000940510,SBIN0010482,Tripti Golla
BA007560,3089041000736351,SBIN0010482,Chandresh Edwin
BA007561,3089041000924340,SBIN0010482,Gaurangi Lad
BA007562,3089041000792961,SBIN0010482,Neha Divan
BA007563,3089041000618010,SBIN0010482,Quincy Varty
BA007564,3089041000380353,SBIN0010482,Chakradev Sen
BA007565,3089041000242978,SBIN0010482,Priya Krishna
BA007566,3089041000246261,SBIN0010482,Advaith Sehgal
BA007567,3089041000295989,SBIN0010482,Samuel Dhawan
BA007568,3089041000928673,SBIN0010482,EKANSH JHAVERI
BA007569,3089041000385685,SBIN0010482,Sathvik Rattan
BA007570,3089041000805723,SBIN0010482,Omisha Devi
BA007571,3089041000153112,SBIN0010482,Jeremiah Kamdar
BA007572,3089041000590936,SBIN0010482,Yamini Soman
BA007573,3089041000345657,SBIN0010482,Niharika Balan
BA007574,3089041000252553,SBIN0010482,Zansi Virk
BA007575,3089041000661387,SBIN0010482,Vivaan Goda
BA007576,3089041000659978,SBIN0010482,Gaurika Prabhakar
BA007577,3089041000274930,SBIN0010482,Aashi Ahuja
BA007578,3089041000600081,SBIN0010482,Atharv Vohra
BA007579,3089041000686897,SBIN0010482,Urvi Iyengar
BA007580,3089041000957480,SBIN0010482,FIYAZ NARANG
BA007581,3089041000596755,SBIN0010482,Pushti Kurian
BA007582,3089041000772505,SBIN0010482,Dipta Handa
BA007583,3089041000175174,SBIN0010482,Nisha Seshadri
BA007584,3089041000904890,SBIN0010482,Urvi Tella
BA007585,3089041000378022,SBIN0010482,Xalak Nori
BA007586,3089041000793935,SBIN0010482,Aachal Dutt
BA007587,3089041000769885,SBIN0010482,Faraj Bala
BA007588,3089041000998160,SBIN0010482,Aashi Din
BA007589,3089041000535658,SBIN0010482,Vansha Kade
BA007590,3089041000780382,SBIN0010482,Kalpit Shah
BA007591,3089041000511615,SBIN0010482,Pranit Bhasin
BA007592,3089041000405407,SBIN0010482,Parth Din
BA007593,3089041000359163,SBIN0010482,Harshil Cherian
BA007594,3089041000819384,SBIN0010482,Ucchal Prabhakar
BA007595,3089041000481518,SBIN0010482,Pooja Dara
BA007596,3089041000536995,SBIN0010482,Hredhaan Sampath
BA007597,3089041000529391,SBIN0010482,Dakshesh Menon
BA007598,3089041000836023,SBIN0010482,Kamya Comar
BA007599,3089041000872842,SBIN0010482,Amrita Raval
BA007600,3089041000206141,SBIN0010482,Bachittar Prasad
BA007601,3089041000889873,SBIN0010482,Hemang Sandal
BA007602,3089041000963812,SBIN0010482,Sarthak Gola
BA007603,3089041000213712,SBIN0010482,Ayushman Gole
BA007604,3089041000444308,SBIN0010482,Akshay Chandran
BA007605,3089041000648741,SBIN0010482,Qarin Rao
BA007606,3089041000778901,SBIN0010482,Warhi Brahmbhatt
BA007607,3089041000142544,SBIN0010482,Pahal Bakshi
BA007608,3089041000967942,SBIN0010482,Shravya Shetty
BA007609,3089041000112028,SBIN0010482,Tarak Buch
BA007610,3089041000342677,SBIN0010482,Rishi Sehgal
BA007611,3089041000726255,SBIN0010482,Hema Apte
BA007612,3089041000491827,SBIN0010482,Bishakha Issac
BA007613,3089041000237472,SBIN0010482,Qasim Sachdev
BA007614,3089041000967789,SBIN0010482,Qadim Kulkarni
BA007615,3089041000413216,SBIN0010482,Krisha Kapur
BA007616,3089041000846443,SBIN0010482,Ridhi Dutta
BA007617,3089041000483094,SBIN0010482,Sachi Sant
BA007618,3089041000579215,SBIN0010482,Abdul Zacharia
BA007619,3089041000380890,SBIN0010482,Bachittar Rao
BA007620,3089041000733541,SBIN0010482,Abha Bhat
BA007621,3089041000861420,SBIN0010482,Inaya Nair
BA007622,3089041000126100,SBIN0010482,Theodore Kar
BA007623,3089041000460352,SBIN0010482,Turvi Dugar
BA007624,3089041000764138,SBIN0010482,Pranit Zachariah
BA007625,3089041000705051,SBIN0010482,Nathaniel Dalal
BA007626,3089041000435018,SBIN0010482,Tristan Pall
BA007627,3089041000968777,SBIN0010482,Chanchal Sanghvi
BA007628,3089041000826083,SBIN0010482,Jeremiah Sani
BA007629,3089041000705557,SBIN0010482,Sneha Rana
BA007630,3089041000333864,SBIN0010482,Onveer Setty
BA007631,3089041000334431,SBIN0010482,Daksha Parekh
BA007632,3089041000298582,SBIN0010482,Vrinda Lanka
BA007633,3089041000879193,SBIN0010482,Arin Sethi
BA007634,3089041000705543,SBIN0010482,Yashasvi Saran
BA007635,3089041000132010,SBIN0010482,Aarnav Sahota
BA007636,3089041000229152,SBIN0010482,Januja Sachar
BA007637,3089041000505526,SBIN0010482,Omkaar Basu
BA007638,3089041000275343,SBIN0010482,Harshil Garg
BA007639,3089041000330117,SBIN0010482,Noah Grewal
BA007640,3089041000190381,SBIN0010482,Kamya Mistry
BA007641,3089041000596712,SBIN0010482,Bachittar Mammen
BA007642,3089041000502200,SBIN0010482,Bakhshi Kar
BA007643,3089041000949357,SBIN0010482,Naksh Pall
BA007644,3089041000207798,SBIN0010482,Yug Jhaveri
BA007645,3089041000251610,SBIN0010482,Abeer Ganesh
BA007646,3089041000116855,SBIN0010482,Ishita Bhavsar
BA007647,3089041000909020,SBIN0010482,Mitesh Prasad
BA007648,3089041000669136,SBIN0010482,Hemangini Bhargava
BA007649,3089041000595815,SBIN0010482,Upkaar Nazareth
BA007650,3089041000881944,SBIN0010482,Falguni Bandi
BA007651,3089041000231040,SBIN0010482,Nidhi Thaman
BA007652,3089041000594864,SBIN0010482,Sathvik Hari
BA007653,3089041000737093,SBIN0010482,Reyansh Gaba
BA007654,3089041000757094,SBIN0010482,Yatin Ramesh
BA007655,3089041000945202,SBIN0010482,Pooja Deo
BA007656,3089041000351981,SBIN0010482,Avi Palan
BA007657,3089041000514823,SBIN0010482,Jason Date
BA007658,3089041000693157,SBIN0010482,Anamika Chana
BA007659,3089041000627395,SBIN0010482,Dakshesh Sawhney
BA007660,3089041000691775,SBIN0010482,Maya Munshi
BA007661,3089041000978938,SBIN0010482,Daksh Dalal
BA007662,3089041000687834,SBIN0010482,Xavier Taneja
BA007663,3089041000243794,SBIN0010482,Rudra Borra
BA007664,3089041000467550,SBIN0010482,Tripti More
BA007665,3089041000198157,SBIN0010482,Arunima  Dutta
BA007666,3089041000764968,SBIN0010482,Alexander Rajagopalan
BA007667,3089041000280289,SBIN0010482,Amrita Chander
BA007668,3089041000459065,SBIN0010482,SARA OOMMEN
BA007669,3089041000482363,SBIN0010482,Kevin Golla
BA007670,3089041000545481,SBIN0010482,Sanya Borra
BA007671,3089041000909026,SBIN0010482,Harish Subramaniam
BA007672,3089041000299854,SBIN0010482,Vincent Rattan
BA007673,3089041000170508,SBIN0010482,Pallavi Mahal
BA007674,3089041000938022,SBIN0010482,Eiravati Dora
BA007675,3089041000393798,SBIN0010482,Zayan Rajagopal
BA007676,3089041000552834,SBIN0010482,Lucky Bal
BA007677,3089041000264607,SBIN0010482,Jai Sen
BA007678,3089041000175412,SBIN0010482,Avi Agrawal
BA007679,3089041000569556,SBIN0010482,Amruta Murty
BA007680,3089041000550348,SBIN0010482,Anamika Bhat
BA007681,3089041000149328,SBIN0010482,Ojas Cherian
BA007682,3089041000254285,SBIN0010482,Irya Karpe
BA007683,3089041000514328,SBIN0010482,Isha Anne
BA007684,3089041000823012,SBIN0010482,Girindra Madan
BA007685,3089041000397689,SBIN0010482,Liam Chaudhry
BA007686,3089041000369409,SBIN0010482,Chandani Khanna
BA007687,3089041000771542,SBIN0010482,Zansi Sathe
BA007688,3089041000742295,SBIN0010482,Triya Dey
BA007689,3089041000526826,SBIN0010482,Unnati Date
BA007690,3089041000296742,SBIN0010482,Zayan Deep
BA007691,3089041000389305,SBIN0010482,Girik Thaker
BA007692,3089041000452621,SBIN0010482,Aachal Nagy
BA007693,3089041000887423,SBIN0010482,Pranit Amble
BA007694,3089041000351027,SBIN0010482,Vasudha Tailor
BA007695,3089041000175662,SBIN0010482,Raagini Tailor
BA007696,3089041000171163,SBIN0010482,Rushil Joshi
BA007697,3089041000979679,SBIN0010482,Onkar Sani
BA007698,3089041000882889,SBIN0010482,Girish Parmar
BA007699,3089041000706772,SBIN0010482,Noah Oak
BA007700,3089041000492852,SBIN0010482,Bimala Sant
BA007701,3089041000268514,SBIN0010482,Dakshesh Venkatesh
BA007702,3089041000848402,SBIN0010482,Yahvi Parmer
BA007703,3089041000502575,SBIN0010482,Onveer Nagi
BA007704,3089041000420451,SBIN0010482,Vanya Deshmukh
BA007705,3089041000551115,SBIN0010482,Orinder Badami
BA007706,3089041000467135,SBIN0010482,Mitali Subramaniam
BA007707,3089041000560047,SBIN0010482,Om Patil
BA007708,3089041000998290,SBIN0010482,Tarak Nagar
BA007709,3089041000256691,SBIN0010482,Faris Ramanathan
BA007710,3089041000713083,SBIN0010482,Nathan  Gera
BA007711,3089041000784087,SBIN0010482,Inaya Anand
BA007712,3089041000418059,SBIN0010482,Qadim Pandit
BA007713,3089041000492022,SBIN0010482,Om Mital
BA007714,3089041000706197,SBIN0010482,Orinder Sabharwal
BA007715,3089041000231195,SBIN0010482,Zayan Gole
BA007716,3089041000316156,SBIN0010482,Gautam Gara
BA007717,3089041000623780,SBIN0010482,Yatan Mahal
BA007718,3089041000769847,SBIN0010482,Bhavna Gill
BA007719,3089041000960922,SBIN0010482,Agastya Sahni
BA007720,3089041000554350,SBIN0010482,Onkar Sawhney
BA007721,3089041000325115,SBIN0010482,Krish Rout
BA007722,3089041000709833,SBIN0010482,Aadi Lala
BA007723,3089041000488457,SBIN0010482,Charles Patel
BA007724,3089041000715541,SBIN0010482,Rishi Goyal
BA007725,3089041000468254,SBIN0010482,Vansha Mane
BA007726,3089041000492684,SBIN0010482,Anirudh Kata
BA007727,3089041000232115,SBIN0010482,Chandresh Chad
BA007728,3089041000187003,SBIN0010482,Yatan Prabhakar
BA007729,3089041000623840,SBIN0010482,Peter Desai
BA007730,3089041000506629,SBIN0010482,Chanchal Sheth
BA007731,3089041000830300,SBIN0010482,Gabriel Kapadia
BA007732,3089041000672330,SBIN0010482,Abdul Batra
BA007733,3089041000669558,SBIN0010482,Ansh Wadhwa
BA007734,3089041000499456,SBIN0010482,Triya Sunder
BA007735,3089041000175309,SBIN0010482,Ekani Ratta
BA007736,3089041000693931,SBIN0010482,Mugdha Choudhry
BA007737,3089041000988969,SBIN0010482,Christopher Som
BA007738,3089041000110370,SBIN0010482,Kai Raman
BA007739,3089041000941936,SBIN0010482,Tejas Vora
BA007740,3089041000448112,SBIN0010482,Advaith Aurora
BA007741,3089041000731976,SBIN0010482,Vedant Sheth
BA007742,3089041000354882,SBIN0010482,Ryan Madan
BA007743,3089041000267853,SBIN0010482,Gautam Saxena
BA007744,3089041000387951,SBIN0010482,Manan Kapoor
BA007745,3089041000230924,SBIN0010482,Samesh Hora
BA007746,3089041000367178,SBIN0010482,Ishwar Arora
BA007747,3089041000827108,SBIN0010482,Barkha Chander
BA007748,3089041000688055,SBIN0010482,Chandani Devan
BA007749,3089041000842761,SBIN0010482,Hardik Ramachandran
BA007750,3089041000534017,SBIN0010482,Anya Mani
BA007751,3089041000853379,SBIN0010482,Ronith Sharaf
BA007752,3089041000551732,SBIN0010482,Ucchal Singhal
BA007753,3089041000982975,SBIN0010482,Janaki  Sood
BA007754,3089041000172881,SBIN0010482,Azad Sami
BA007755,3089041000501514,SBIN0010482,Zayan Master
BA007756,3089041000538118,SBIN0010482,Chakradev Mall
BA007757,3089041000190865,SBIN0010482,Ekaraj Solanki
BA007758,3089041000940088,SBIN0010482,Harini Chaudhry
BA007759,3089041000183543,SBIN0010482,Anmol Chadha
BA007760,3089041000320599,SBIN0010482,Ranbir Gera
BA007761,3089041000877607,SBIN0010482,Qadim Barman
BA007762,3089041000584991,SBIN0010482,Bhavini Kanda
BA007763,3089041000992932,SBIN0010482,Darika Loke
BA007764,3089041000710709,SBIN0010482,Faras Taneja
BA007765,3089041000491124,SBIN0010482,Theodore Luthra
BA007766,3089041000648694,SBIN0010482,Priya Nayak
BA007767,3089041000554404,SBIN0010482,Yachana Ramachandran
BA007768,3089041000622636,SBIN0010482,Saumya Apte
BA007769,3089041000486479,SBIN0010482,Jagrati Memon
BA007770,3089041000737072,SBIN0010482,Umang  Radhakrishnan
BA007771,3089041000810807,SBIN0010482,Omya Barman
BA007772,3089041000495029,SBIN0010482,Unni Ghose
BA007773,3089041000991442,SBIN0010482,Zaitra Saraf
BA007774,3089041000586580,SBIN0010482,Dev Arora
BA007775,3089041000125659,SBIN0010482,Harinakshi Karan
BA007776,3089041000858390,SBIN0010482,Dhriti Subramaniam
BA007777,3089041000305913,SBIN0010482,Owen Chand
BA007778,3089041000930526,SBIN0010482,Arya Keer
BA007779,3089041000689978,SBIN0010482,Amol Bali
BA007780,3089041000536475,SBIN0010482,Vansha Walla
BA007781,3089041000379279,SBIN0010482,Adweta Sane
BA007782,3089041000722895,SBIN0010482,Dalaja Suresh
BA007783,3089041000756227,SBIN0010482,Girindra Memon
BA007784,3089041000117915,SBIN0010482,Tamanna Tiwari
BA007785,3089041000966237,SBIN0010482,Anya Kala
BA007786,3089041000213280,SBIN0010482,Charan Randhawa
BA007787,3089041000919967,SBIN0010482,Fitan Seth
BA007788,3089041000946701,SBIN0010482,Ojasvi Kunda
BA007789,3089041000273024,SBIN0010482,Unni Deep
BA007790,3089041000333902,SBIN0010482,Vivaan Raval
BA007791,3089041000994571,SBIN0010482,Jhalak Mishra
BA007792,3089041000772195,SBIN0010482,Zilmil Pradhan
BA007793,3089041000495298,SBIN0010482,Darpan Dixit
BA007794,3089041000453108,SBIN0010482,Vaishnavi Ganesan
BA007795,3089041000439949,SBIN0010482,Advay Varughese
BA007796,3089041000385648,SBIN0010482,Gaurika Baria
BA007797,3089041000483748,SBIN0010482,Lekha Bahri
BA007798,3089041000104085,SBIN0010482,Warinder Patla
BA007799,3089041000207070,SBIN0010482,Priya Bandi
BA007800,3089041000617568,SBIN0010482,Balhaar Kari
BA007801,3089041000838057,SBIN0010482,Sachi Loke
BA007802,3089041000814120,SBIN0010482,Yashodhara Korpal
BA007803,3089041000101524,SBIN0010482,Avi Randhawa
BA007804,3089041000488848,SBIN0010482,Ria Kakar
BA007805,3089041000505413,SBIN0010482,Nidhi Sinha
BA007806,3089041000478071,SBIN0010482,Krishna Goswami
BA007807,3089041000239988,SBIN0010482,Osha Roy
BA007808,3089041000881665,SBIN0010482,AVNI BUMB
BA007809,3089041000125632,SBIN0010482,Yauvani Seth
BA007810,3089041000801948,SBIN0010482,Falguni Kamdar
BA007811,3089041000509148,SBIN0010482,Chakradhar Ram
BA007812,3089041000815897,SBIN0010482,Samesh Sachdeva
BA007813,3089041000698255,SBIN0010482,Daksha Gara
BA007814,3089041000400847,SBIN0010482,Mugdha Bajwa
BA007815,3089041000781921,SBIN0010482,Ekantika Bains
BA007816,3089041000621021,SBIN0010482,Lakshit Dewan
BA007817,3089041000654886,SBIN0010482,Tamanna Bhargava
BA007818,3089041000792401,SBIN0010482,Pahal Brahmbhatt
BA007819,3089041000597142,SBIN0010482,Saanvi Balan
BA007820,3089041000472705,SBIN0010482,Mahika Jha
BA007821,3089041000765285,SBIN0010482,Darsh Boase
BA007822,3089041000548596,SBIN0010482,Nicholas Aurora
BA007823,3089041000381884,SBIN0010482,Rehaan Goel
BA007824,3089041000750357,SBIN0010482,NATHANIEL SWAMINATHAN
BA007825,3089041000878500,SBIN0010482,Mitesh Sahota
BA007826,3089041000944573,SBIN0010482,Samar Kaul
BA007827,3089041000853326,SBIN0010482,Gautam Shankar
BA007828,3089041000567811,SBIN0010482,Pallavi Morar
BA007829,3089041000678794,SBIN0010482,Onveer Ravel
BA007830,3089041000554601,SBIN0010482,Nakul Balan
BA007831,3089041000247082,SBIN0010482,Wahab Chahal
BA007832,3089041000751864,SBIN0010482,Eta Mittal
BA007833,3089041000999008,SBIN0010482,Isaiah Mandal
BA007834,3089041000394986,SBIN0010482,Omya Sengupta
BA007835,3089041000855509,SBIN0010482,Lajita Gola
BA007836,3089041000471111,SBIN0010482,Harini Yohannan
BA007837,3089041000196139,SBIN0010482,Ranveer Agate
BA007838,3089041000967419,SBIN0010482,Aarna Wali
BA007839,3089041000775529,SBIN0010482,Anita Kata
BA007840,3089041000246440,SBIN0010482,Yatan Bhagat
BA007841,3089041000173587,SBIN0010482,Faqid Shukla
BA007842,3089041000300793,SBIN0010482,Oeshi Sinha
BA007843,3089041000125680,SBIN0010482,Libni Puri
BA007844,3089041000239303,SBIN0010482,Tristan Comar
BA007845,3089041000235613,SBIN0010482,Charles Chauhan
BA007846,3089041000255774,SBIN0010482,Zayyan Dhar
BA007847,3089041000312431,SBIN0010482,Falguni Agarwal
BA007848,3089041000885467,SBIN0010482,Saumya Batra
BA007849,3089041000723313,SBIN0010482,Vamakshi Bhagat
BA007850,3089041000646706,SBIN0010482,Nitara Misra
BA007851,3089041000673186,SBIN0010482,Sanaya Bava
BA007852,3089041000966399,SBIN0010482,Azaan Varghese
BA007853,3089041000695231,SBIN0010482,Zarna Bhatti
BA007854,3089041000197813,SBIN0010482,Nathaniel Ratti
BA007855,3089041000652368,SBIN0010482,Noah Sachdeva
BA007856,3089041000714112,SBIN0010482,Chaman Mistry
BA007857,3089041000183852,SBIN0010482,Ayushman Bahl
BA007858,3089041000156468,SBIN0010482,Manan Varty
BA007859,3089041000475490,SBIN0010482,Qarin Sibal
BA007860,3089041000772483,SBIN0010482,Gaurang Borra
BA007861,3089041000656465,SBIN0010482,Aarnav Sampath
BA007862,3089041000197475,SBIN0010482,Lekha Choudhary
BA007863,3089041000219252,SBIN0010482,Urmi Ravi
BA007864,3089041000691643,SBIN0010482,Kevin Aurora
BA007865,3089041000793968,SBIN0010482,Kiaan Badal
BA007866,3089041000797040,SBIN0010482,Jagdish Shan
BA007867,3089041000719918,SBIN0010482,Parth Sama
BA007868,3089041000623840,SBIN0010482,Aishani Mand
BA007869,3089041000814273,SBIN0010482,Tejas Nanda
BA007870,3089041000616173,SBIN0010482,Qarin Kulkarni
BA007871,3089041000253043,SBIN0010482,Vedhika Ahuja
BA007872,3089041000485561,SBIN0010482,Pranav Apte
BA007873,3089041000772163,SBIN0010482,Luke Misra
BA007874,3089041000435945,SBIN0010482,Kashvi Kale
BA007875,3089041000829627,SBIN0010482,Anirudh Chana
BA007876,3089041000293305,SBIN0010482,Udant Shanker
BA007877,3089041000958910,SBIN0010482,Yuvraj Andra
BA007878,3089041000384065,SBIN0010482,Amaira Seth
BA007879,3089041000409847,SBIN0010482,Daniel Krish
BA007880,3089041000690613,SBIN0010482,Saumya Acharya
BA007881,3089041000998938,SBIN0010482,Chaaya Kibe
BA007882,3089041000142130,SBIN0010482,Eesha Deol
BA007883,3089041000324281,SBIN0010482,Brijesh Pandey
BA007884,3089041000641596,SBIN0010482,Tristan Sandal
BA007885,3089041000154096,SBIN0010482,Yachana Buch
BA007886,3089041000173724,SBIN0010482,Jhalak Mallick
BA007887,3089041000253262,SBIN0010482,Xavier Ratta
BA007888,3089041000611924,SBIN0010482,Yashvi Din
BA007889,3089041000819449,SBIN0010482,Indira Seth
BA007890,3089041000523585,SBIN0010482,Yuvraj Vasa
BA007891,3089041000254149,SBIN0010482,Aradhana Ratta
BA007892,3089041000130760,SBIN0010482,Max Hora
BA007893,3089041000883001,SBIN0010482,Vihaan Sangha
BA007894,3089041000948600,SBIN0010482,Lakshmi Rau
BA007895,3089041000536518,SBIN0010482,Nikita Mander
BA007896,3089041000417476,SBIN0010482,Kai Pradhan
BA007897,3089041000671314,SBIN0010482,Vedhika Ghosh
BA007898,3089041000949841,SBIN0010482,Chandresh Kunda
BA007899,3089041000578467,SBIN0010482,Lila Gour
BA007900,3089041000494945,SBIN0010482,Nirja Dave
BA007901,3089041000171055,SBIN0010482,Leena Saha
BA007902,3089041000556723,SBIN0010482,Elijah Setty
BA007903,3089041000904242,SBIN0010482,Peter Gulati
BA007904,3089041000149893,SBIN0010482,Krishna Dubey
BA007905,3089041000598628,SBIN0010482,Tanveer Nagi
BA007906,3089041000251613,SBIN0010482,Mugdha Varma
BA007907,3089041000961227,SBIN0010482,Warhi Seshadri
BA007908,3089041000584750,SBIN0010482,Kashish Saraf
BA007909,3089041000797805,SBIN0010482,Charvi Dara
BA007910,3089041000991575,SBIN0010482,Aachal Vohra
BA007911,3089041000549760,SBIN0010482,Chandran Virk
BA007912,3089041000504397,SBIN0010482,Yatin Chandran
BA007913,3089041000430768,SBIN0010482,Ryan Wable
BA007914,3089041000849127,SBIN0010482,Frado Dubey
BA007915,3089041000112687,SBIN0010482,Neha Anne
BA007916,3089041000242395,SBIN0010482,Aayush Bhavsar
BA007917,3089041000117115,SBIN0010482,Chameli Bawa
BA007918,3089041000301223,SBIN0010482,Mohini Din
BA007919,3089041000663011,SBIN0010482,Dalaja Karan
BA007920,3089041000117853,SBIN0010482,Bhavani Bobal
BA007921,3089041000439159,SBIN0010482,Charita Dani
BA007922,3089041000863420,SBIN0010482,Samarth Varty
BA007923,3089041000929503,SBIN0010482,Ekanta Doshi
BA007924,3089041000486270,SBIN0010482,Kevin Bali
BA007925,3089041000940578,SBIN0010482,Falak Rajagopal
BA007926,3089041000803153,SBIN0010482,Nathaniel Deshmukh
BA007927,3089041000380510,SBIN0010482,Advay Narayan
BA007928,3089041000408545,SBIN0010482,Christopher Venkataraman
BA007929,3089041000281410,SBIN0010482,Vivaan Nayar
BA007930,3089041000583778,SBIN0010482,Azaan Sundaram
BA007931,3089041000857517,SBIN0010482,Priya Chaudry
BA007932,3089041000944577,SBIN0010482,Nandini Dass
BA007933,3089041000900127,SBIN0010482,Kala Ratti
BA007934,3089041000724916,SBIN0010482,Aayush Chada
BA007935,3089041000410619,SBIN0010482,Janya Korpal
BA007936,3089041000564625,SBIN0010482,Saumya Rege
BA007937,3089041000661295,SBIN0010482,Harish Vora
BA007938,3089041000812819,SBIN0010482,Gauri Srinivasan
BA007939,3089041000836564,SBIN0010482,Bina Ahuja
BA007940,3089041000303188,SBIN0010482,Yug Mohanty
BA007941,3089041000705398,SBIN0010482,Aarini Dara
BA007942,3089041000965018,SBIN0010482,Eesha Kar
BA007943,3089041000933508,SBIN0010482,Rishi Subramaniam
BA007944,3089041000582661,SBIN0010482,Nidhi Chatterjee
BA007945,3089041000266166,SBIN0010482,Charles Taneja
BA007946,3089041000325735,SBIN0010482,Warhi Hegde
BA007947,3089041000305871,SBIN0010482,Ethan Taneja
BA007948,3089041000472113,SBIN0010482,David Kara
BA007949,3089041000531372,SBIN0010482,Gabriel Gola
BA007950,3089041000437799,SBIN0010482,Manan Nath
BA007951,3089041000754024,SBIN0010482,Rushil Varty
BA007952,3089041000626881,SBIN0010482,Rishi Kade
BA007953,3089041000285434,SBIN0010482,Banjeet Gupta
BA007954,3089041000815864,SBIN0010482,Qarin Memon
BA007955,3089041000377487,SBIN0010482,Anvi Sen
BA007956,3089041000769427,SBIN0010482,Aadi Madan
BA007957,3089041000328268,SBIN0010482,Raagini Bal
BA007958,3089041000123720,SBIN0010482,Ojasvi Dave
BA007959,3089041000225642,SBIN0010482,Divya Bhatti
BA007960,3089041000492509,SBIN0010482,Upma Sachdev
BA007961,3089041000724271,SBIN0010482,Faraj Bora
BA007962,3089041000741088,SBIN0010482,Bahadurjit Parikh
BA007963,3089041000429615,SBIN0010482,Vasudha Khare
BA007964,3089041000935229,SBIN0010482,Idika Brar
BA007965,3089041000809003,SBIN0010482,Indira Rajagopal
BA007966,3089041000737970,SBIN0010482,Aadhya Bansal
BA007967,3089041000512074,SBIN0010482,Irya Upadhyay
BA007968,3089041000615250,SBIN0010482,Hemangini Pal
BA007969,3089041000548228,SBIN0010482,Girish Nagi
BA007970,3089041000449885,SBIN0010482,Abha Madan
BA007971,3089041000631457,SBIN0010482,Jasmit Kothari
BA007972,3089041000194240,SBIN0010482,Mitali Batta
BA007973,3089041000190611,SBIN0010482,URVASHI AGATE
BA007974,3089041000380336,SBIN0010482,Bhavani Apte
BA007975,3089041000211544,SBIN0010482,Advik Mukhopadhyay
BA007976,3089041000812578,SBIN0010482,Devika Dalal
BA007977,3089041000783733,SBIN0010482,Andrew Kothari
BA007978,3089041000892321,SBIN0010482,Pranav Bumb
BA007979,3089041000877787,SBIN0010482,Shaurya  Raja
BA007980,3089041000162823,SBIN0010482,Naveen Baral
BA007981,3089041000123064,SBIN0010482,Yoshita Prabhu
BA007982,3089041000891370,SBIN0010482,Arya Bail
BA007983,3089041000467958,SBIN0010482,Advik Doshi
BA007984,3089041000209035,SBIN0010482,Ekanta Dugar
BA007985,3089041000443873,SBIN0010482,Gautam Raja
BA007986,3089041000740463,SBIN0010482,Rajeshri Jhaveri
BA007987,3089041000184539,SBIN0010482,Warjas Oommen
BA007988,3089041000369244,SBIN0010482,Kevin Iyengar
BA007989,3089041000374969,SBIN0010482,Ranveer Sidhu
BA007990,3089041000424618,SBIN0010482,Adya Bail
BA007991,3089041000362068,SBIN0010482,RACHANA SURA
BA007992,3089041000828836,SBIN0010482,Yashasvi Subramanian
BA007993,3089041000786440,SBIN0010482,Om Barman
BA007994,3089041000193729,SBIN0010482,George Zachariah
BA007995,3089041000521538,SBIN0010482,TRISTAN BRAR
BA007996,3089041000111480,SBIN0010482,Ryan Dhillon
BA007997,3089041000423277,SBIN0010482,Kritika Chaudhry
BA007998,3089041000181980,SBIN0010482,Gautami Yogi
BA007999,3089041000310574,SBIN0010482,Hamsini Batta
BA008000,3089041000931558,SBIN0010482,Nicholas Rastogi
BA008001,3089041000318546,SBIN0010482,Quincy Dar
BA008002,3089041000377667,SBIN0010482,Neha Bali
BA008003,3089041000650277,SBIN0010482,Suhani Dutt
BA008004,3089041000705992,SBIN0010482,Andrew Murthy
BA008005,3089041000591240,SBIN0010482,Upma Amble
BA008006,3089041000958472,SBIN0010482,Vansha Mahajan
BA008007,3089041000979903,SBIN0010482,Arya Minhas
BA008008,3089041000955885,SBIN0010482,Dakshesh Wali
BA008009,3089041000600782,SBIN0010482,Ronith Buch
BA008010,3089041000513275,SBIN0010482,Devansh Mann
BA008011,3089041000734789,SBIN0010482,Ethan Nori
BA008012,3089041000734385,SBIN0010482,Anita Sama
BA008013,3089041000396971,SBIN0010482,Lila Reddy
BA008014,3089041000859979,SBIN0010482,Nikita Gole
BA008015,3089041000116640,SBIN0010482,Eta Prashad
BA008016,3089041000122521,SBIN0010482,Januja Kata
BA008017,3089041000889207,SBIN0010482,Lakshit Rajagopalan
BA008018,3089041000388891,SBIN0010482,Charvi Babu
BA008019,3089041000497653,SBIN0010482,Kashvi Sunder
BA008020,3089041000440517,SBIN0010482,Abeer Kalita
BA008021,3089041000846485,SBIN0010482,Zansi Rattan
BA008022,3089041000168327,SBIN0010482,Ganga Ben
BA008023,3089041000551209,SBIN0010482,Warjas Barman
BA008024,3089041000430252,SBIN0010482,Meghana Khare
BA008025,3089041000838858,SBIN0010482,Abhiram Prabhakar
BA008026,3089041000490064,SBIN0010482,KAI WALI
BA008027,3089041000623904,SBIN0010482,Pushti  Lata
BA008028,3089041000837176,SBIN0010482,Jai Apte
BA008029,3089041000850421,SBIN0010482,Caleb Dani
BA008030,3089041000180584,SBIN0010482,Daniel Khalsa
BA008031,3089041000503472,SBIN0010482,Luke Patla
BA008032,3089041000236768,SBIN0010482,Arin Lala
BA008033,3089041000351797,SBIN0010482,Nakul Iyengar
BA008034,3089041000718013,SBIN0010482,Kamala Sibal
BA008035,3089041000556827,SBIN0010482,Vihaan Choudhury
BA008036,3089041000738608,SBIN0010482,Manya Barman
BA008037,3089041000302716,SBIN0010482,Qushi Bassi
BA008038,3089041000751852,SBIN0010482,Ubika Palla
BA008039,3089041000872184,SBIN0010482,Chakrika Nagy
BA008040,3089041000464680,SBIN0010482,Anjali Devan
BA008041,3089041000616577,SBIN0010482,Eiravati Mangal
BA008042,3089041000488425,SBIN0010482,Bhavika Narayan
BA008043,3089041000675955,SBIN0010482,Yoshita Chana
BA008044,3089041000297387,SBIN0010482,Amol Dara
BA008045,3089041000260695,SBIN0010482,Ijaya  Palla
BA008046,3089041000775595,SBIN0010482,Bhanumati Mandal
BA008047,3089041000911107,SBIN0010482,Mitali Ravi
BA008048,3089041000393050,SBIN0010482,Oliver Prabhakar
BA008049,3089041000384994,SBIN0010482,Jatin Tak
BA008050,3089041000946744,SBIN0010482,Charles Murty
BA008051,3089041000667156,SBIN0010482,Lajita Arora
BA008052,3089041000810031,SBIN0010482,Nilima Chauhan
BA008053,3089041000390680,SBIN0010482,Liam Mukherjee
BA008054,3089041000161033,SBIN0010482,Azaan Sem
BA008055,3089041000420767,SBIN0010482,Chaman Sen
BA008056,3089041000145355,SBIN0010482,Oviya Ravi
BA008057,3089041000979618,SBIN0010482,Karan Hegde
BA008058,3089041000124000,SBIN0010482,Dev Pau
BA008059,3089041000789711,SBIN0010482,Avi Bobal
BA008060,3089041000236296,SBIN0010482,Rushil Agrawal
BA008061,3089041000345403,SBIN0010482,Ridhi Karpe
BA008062,3089041000304654,SBIN0010482,Pallavi Taneja
BA008063,3089041000215553,SBIN0010482,Diya Sampath
BA008064,3089041000402750,SBIN0010482,Idika Vyas
BA008065,3089041000900264,SBIN0010482,David Prakash
BA008066,3089041000317658,SBIN0010482,Praneel Kumer
BA008067,3089041000394986,SBIN0010482,Falan Kadakia
BA008068,3089041000281384,SBIN0010482,Eta  Mohanty
BA008069,3089041000196331,SBIN0010482,Alka Bhalla
BA008070,3089041000232479,SBIN0010482,Aishani Pau
BA008071,3089041000876032,SBIN0010482,Gunbir Nagarajan
BA008072,3089041000209497,SBIN0010482,Chatura Nagar
BA008073,3089041000399427,SBIN0010482,Jatin Buch
BA008074,3089041000821464,SBIN0010482,Radhika Mital
BA008075,3089041000859193,SBIN0010482,Tanish Sanghvi
BA008076,3089041000121234,SBIN0010482,Lipika Dasgupta
BA008077,3089041000327094,SBIN0010482,Robert Naidu
BA008078,3089041000455771,SBIN0010482,Aishani Sharma
BA008079,3089041000920700,SBIN0010482,Abhimanyu Prasad
BA008080,3089041000538030,SBIN0010482,Chandran Grewal
BA008081,3089041000507488,SBIN0010482,Vanya Som
BA008082,3089041000952661,SBIN0010482,Alka Konda
BA008083,3089041000645606,SBIN0010482,Harish Grewal
BA008084,3089041000812927,SBIN0010482,Atharv Parsa
BA008085,3089041000531140,SBIN0010482,Vrinda Khurana
BA008086,3089041000970147,SBIN0010482,RANVEER DHAWAN
BA008087,3089041000107737,SBIN0010482,Simon Deol
BA008088,3089041000410563,SBIN0010482,Nidhi Mann
BA008089,3089041000855492,SBIN0010482,Balveer Grewal
BA008090,3089041000522615,SBIN0010482,Ekanta Khatri
BA008091,3089041000284343,SBIN0010482,Megha Sharma
BA008092,3089041000292824,SBIN0010482,Rachit Kuruvilla
BA008093,3089041000348312,SBIN0010482,Reva Solanki
BA008094,3089041000700150,SBIN0010482,Nathaniel Kapur
BA008095,3089041000917850,SBIN0010482,Lohit Batra
BA008096,3089041000721253,SBIN0010482,William Gopal
BA008097,3089041000157395,SBIN0010482,Girindra Krishnamurthy
BA008098,3089041000980841,SBIN0010482,Dhruv Sampath
BA008099,3089041000881133,SBIN0010482,Vedant Gill
BA008100,3089041000226954,SBIN0010482,Chaaya Devi
BA008101,3089041000226226,SBIN0010482,Chameli Talwar
BA008102,3089041000188938,SBIN0010482,Manthan Andra
BA008103,3089041000100068,SBIN0010482,Garima Nagi
BA008104,3089041000846267,SBIN0010482,Falguni Luthra
BA008105,3089041000190902,SBIN0010482,Jonathan Ramachandran
BA008106,3089041000824419,SBIN0010482,Saanvi Naik
BA008107,3089041000647165,SBIN0010482,Ekaraj Jaggi
BA008108,3089041000297570,SBIN0010482,Jeet Balan
BA008109,3089041000314513,SBIN0010482,Maya Mane
BA008110,3089041000865963,SBIN0010482,Tanay Dubey
BA008111,3089041000586452,SBIN0010482,Rachana Dora
BA008112,3089041000360121,SBIN0010482,Waida Sengupta
BA008113,3089041000683162,SBIN0010482,Unni Kamdar
BA008114,3089041000243103,SBIN0010482,Faqid Sachdeva
BA008115,3089041000509125,SBIN0010482,MITALI RATTI
BA008116,3089041000643540,SBIN0010482,Vanya Bala
BA008117,3089041000669819,SBIN0010482,Aarush Johal
BA008118,3089041000810101,SBIN0010482,Charles Khanna
BA008119,3089041000963593,SBIN0010482,Bakhshi Nayak
BA008120,3089041000730571,SBIN0010482,Omkaar Thakur
BA008121,3089041000906092,SBIN0010482,Krishna Mani
BA008122,3089041000370763,SBIN0010482,Baljiwan Solanki
BA008123,3089041000182810,SBIN0010482,Chatresh Deo
BA008124,3089041000767370,SBIN0010482,Anamika Badami
BA008125,3089041000483004,SBIN0010482,Urvashi Peri
BA008126,3089041000398732,SBIN0010482,Priya Setty
BA008127,3089041000799609,SBIN0010482,Lakshit Prabhu
BA008128,3089041000695146,SBIN0010482,QUSHI DUTTA
BA008129,3089041000672870,SBIN0010482,Balveer Konda
BA008130,3089041000719783,SBIN0010482,Rayaan Trivedi
BA008131,3089041000969054,SBIN0010482,Netra Lala
BA008132,3089041000312346,SBIN0010482,Ekavir Mandal
BA008133,3089041000977666,SBIN0010482,Amara  Murty
BA008134,3089041000252612,SBIN0010482,Sathvik Chawla
BA008135,3089041000374778,SBIN0010482,Vedhika Mall
BA008136,3089041000114297,SBIN0010482,Aarini Toor
BA008137,3089041000188324,SBIN0010482,Bakhshi Murty
BA008138,3089041000526431,SBIN0010482,Akshay Manda
BA008139,3089041000461403,SBIN0010482,Luke Saha
BA008140,3089041000334237,SBIN0010482,Chaman Kalita
BA008141,3089041000501710,SBIN0010482,Karan Kapadia
BA008142,3089041000204667,SBIN0010482,Lakshmi Chaudhuri
BA008143,3089041000758173,SBIN0010482,Harrison Dugar
BA008144,3089041000800968,SBIN0010482,Hemang Narayan
BA008145,3089041000793348,SBIN0010482,Harinakshi Kari
BA008146,3089041000578966,SBIN0010482,Amol Agrawal
BA008147,3089041000158587,SBIN0010482,Qabil Seshadri
BA008148,3089041000533601,SBIN0010482,Nihal Devan
BA008149,3089041000826541,SBIN0010482,Daksha Tank
BA008150,3089041000710414,SBIN0010482,Orinder Edwin
BA008151,3089041000551393,SBIN0010482,Mitali Shenoy
BA008152,3089041000456722,SBIN0010482,Devansh Varghese
BA008153,3089041000113160,SBIN0010482,Kabir Jayaraman
BA008154,3089041000778818,SBIN0010482,Vasudha Bhardwaj
BA008155,3089041000696275,SBIN0010482,Bina Bir
BA008156,3089041000114106,SBIN0010482,Chandran Rajagopalan
BA008157,3089041000907187,SBIN0010482,Ryan Kumer
BA008158,3089041000466421,SBIN0010482,Nandini Mohan
BA008159,3089041000640004,SBIN0010482,Anika Raman
BA008160,3089041000920011,SBIN0010482,Ekta Varma
BA008161,3089041000664618,SBIN0010482,Sachi Luthra
BA008162,3089041000667721,SBIN0010482,Reyansh Khurana
BA008163,3089041000438043,SBIN0010482,Sai Dube
BA008164,3089041000545225,SBIN0010482,Megha Dar
BA008165,3089041000304893,SBIN0010482,Daniel Dhaliwal
BA008166,3089041000469169,SBIN0010482,Fiyaz Rajagopalan
BA008167,3089041000931864,SBIN0010482,Kevin Amble
BA008168,3089041000862247,SBIN0010482,Omya Naidu
BA008169,3089041000912030,SBIN0010482,Eiravati Sengupta
BA008170,3089041000656540,SBIN0010482,Arunima Narayanan
BA008171,3089041000520877,SBIN0010482,Mohini Naidu
BA008172,3089041000115742,SBIN0010482,Jagrati Tak
BA008173,3089041000947900,SBIN0010482,Harish Gera
BA008174,3089041000546379,SBIN0010482,Upma Sankar
BA008175,3089041000985002,SBIN0010482,Abdul Amble
BA008176,3089041000339885,SBIN0010482,Libni  Viswanathan
BA008177,3089041000234149,SBIN0010482,Geetika Verma
BA008178,3089041000446128,SBIN0010482,Kevin Manne
BA008179,3089041000427623,SBIN0010482,Ishanvi Bora
BA008180,3089041000605909,SBIN0010482,Lavanya Pandit
BA008181,3089041000318909,SBIN0010482,Ekta Chhabra
BA008182,3089041000117679,SBIN0010482,Parth Kunda
BA008183,3089041000918687,SBIN0010482,Abha Biswas
BA008184,3089041000379448,SBIN0010482,Chaman Ahluwalia
BA008185,3089041000881109,SBIN0010482,Saksham Jaggi
BA008186,3089041000330784,SBIN0010482,Pooja Badal
BA008187,3089041000921556,SBIN0010482,Eesha Singhal
BA008188,3089041000451829,SBIN0010482,Devansh Sethi
BA008189,3089041000776698,SBIN0010482,Yatan Rege
BA008190,3089041000619472,SBIN0010482,Chakradev Misra
BA008191,3089041000714197,SBIN0010482,Mitesh Kala
BA008192,3089041000281301,SBIN0010482,Darsh Ghose
BA008193,3089041000507734,SBIN0010482,Gaurangi Bava
BA008194,3089041000208755,SBIN0010482,Azaan Mall
BA008195,3089041000531555,SBIN0010482,SIMON LUTHRA
BA008196,3089041000988588,SBIN0010482,Rachita Bhatti
BA008197,3089041000979528,SBIN0010482,Vedhika Sur
BA008198,3089041000605931,SBIN0010482,Anjali Nayar
BA008199,3089041000637600,SBIN0010482,Amruta Choudhary
BA008200,3089041000250783,SBIN0010482,Janani Ramachandran
BA008201,3089041000634346,SBIN0010482,AGASTYA MISRA
BA008202,3089041000892470,SBIN0010482,Brijesh Shetty
BA008203,3089041000509522,SBIN0010482,Irya Purohit
BA008204,3089041000312399,SBIN0010482,Chandani Upadhyay
BA008205,3089041000782300,SBIN0010482,Ekanta Tara
BA008206,3089041000849649,SBIN0010482,Zayan Bahl
BA008207,3089041000800606,SBIN0010482,Chakradev Dey
BA008208,3089041000992609,SBIN0010482,Aarav Ganguly
BA008209,3089041000287891,SBIN0010482,Anamika Din
BA008210,3089041000179892,SBIN0010482,Viraj Chana
BA008211,3089041000934493,SBIN0010482,Logan Natarajan
BA008212,3089041000729887,SBIN0010482,Anay Sidhu
BA008213,3089041000344984,SBIN0010482,DEVIKA DUBE
BA008214,3089041000838967,SBIN0010482,Utkarsh Char
BA008215,3089041000928017,SBIN0010482,Tripti Sinha
BA008216,3089041000889408,SBIN0010482,Rajeshri Sharma
BA008217,3089041000404536,SBIN0010482,Jasmit Comar
BA008218,3089041000773986,SBIN0010482,Ekalinga Varghese
BA008219,3089041000693468,SBIN0010482,Amara Virk
BA008220,3089041000575119,SBIN0010482,Saksham Aggarwal
BA008221,3089041000467469,SBIN0010482,Ekaja Venkatesh
BA008222,3089041000629413,SBIN0010482,Yoshita Malhotra
BA008223,3089041000347305,SBIN0010482,Osha Dutt
BA008224,3089041000969288,SBIN0010482,Thomas Ganguly
BA008225,3089041000891661,SBIN0010482,Azaan Patel
BA008226,3089041000565779,SBIN0010482,Ati Gandhi
BA008227,3089041000928671,SBIN0010482,Osha Srivastava
BA008228,3089041000858845,SBIN0010482,Zaitra Kadakia
BA008229,3089041000839478,SBIN0010482,Sachi Hans
BA008230,3089041000343379,SBIN0010482,Leena Rau
BA008231,3089041000839091,SBIN0010482,Tanay Chadha
BA008232,3089041000301424,SBIN0010482,George Wagle
BA008233,3089041000622055,SBIN0010482,Upadhriti Zachariah
BA008234,3089041000622571,SBIN0010482,Chaitaly Din
BA008235,3089041000680526,SBIN0010482,Janaki Oak
BA008236,3089041000490544,SBIN0010482,Oeshi Bajaj
BA008237,3089041000409287,SBIN0010482,Michael Keer
BA008238,3089041000743887,SBIN0010482,Triveni Dhawan
BA008239,3089041000639189,SBIN0010482,Urvi Dani
BA008240,3089041000246477,SBIN0010482,Yadavi  Bala
BA008241,3089041000462057,SBIN0010482,Onveer Kari
BA008242,3089041000720315,SBIN0010482,Daksh Banik
BA008243,3089041000163051,SBIN0010482,Diya Mahajan
BA008244,3089041000117692,SBIN0010482,Christopher Mand
BA008245,3089041000315295,SBIN0010482,Sanya Naidu
BA008246,3089041000517012,SBIN0010482,Ekavir Saxena
BA008247,3089041000799625,SBIN0010482,Watika Murthy
BA008248,3089041000386475,SBIN0010482,Samaksh Vohra
BA008249,3089041000179089,SBIN0010482,Balveer Sethi
BA008250,3089041000256543,SBIN0010482,Turvi Varkey
BA008251,3089041000481169,SBIN0010482,Ira Bhattacharyya
BA008252,3089041000355816,SBIN0010482,Wakeeta Bhardwaj
BA008253,3089041000989668,SBIN0010482,Kala Uppal
BA008254,3089041000673397,SBIN0010482,Oliver Ravel
BA008255,3089041000970375,SBIN0010482,Yashasvi Lall
BA008256,3089041000976265,SBIN0010482,Nirja Jha
BA008257,3089041000521353,SBIN0010482,Nachiket Badal
BA008258,3089041000757439,SBIN0010482,Mohini Buch
BA008259,3089041000725700,SBIN0010482,Wazir Rastogi
BA008260,3089041000973783,SBIN0010482,Pranit Contractor
BA008261,3089041000189277,SBIN0010482,Gauri Chakrabarti
BA008262,3089041000212276,SBIN0010482,Mohammed Zacharia
BA008263,3089041000150988,SBIN0010482,Guneet Vaidya
BA008264,3089041000964866,SBIN0010482,Avi Suresh
BA008265,3089041000467178,SBIN0010482,Neelima Rama
BA008266,3089041000136104,SBIN0010482,Jagat Batta
BA008267,3089041000758271,SBIN0010482,Kevin Kanda
BA008268,3089041000995245,SBIN0010482,Manan Dhawan
BA008269,3089041000162883,SBIN0010482,Vihaan Kapur
BA008270,3089041000199300,SBIN0010482,Yasti Sarkar
BA008271,3089041000417709,SBIN0010482,Suhani Batra
BA008272,3089041000682527,SBIN0010482,Diya Basu
BA008273,3089041000338904,SBIN0010482,Vritti Narang
BA008274,3089041000792591,SBIN0010482,Yasti Sachdev
BA008275,3089041000300746,SBIN0010482,Rayaan Nigam
BA008276,3089041000467245,SBIN0010482,Sanaya Arya
BA008277,3089041000238188,SBIN0010482,Riya Keer
BA008278,3089041000121983,SBIN0010482,Onkar Kamdar
BA008279,3089041000168678,SBIN0010482,Ekantika Narayan
BA008280,3089041000549708,SBIN0010482,Brijesh Nadkarni
BA008281,3089041000412006,SBIN0010482,Bachittar Parmar
BA008282,3089041000534176,SBIN0010482,Girik Vohra
BA008283,3089041000344544,SBIN0010482,Tristan Varty
BA008284,3089041000747178,SBIN0010482,Ati Lall
BA008285,3089041000734155,SBIN0010482,Deepa Pillai
BA008286,3089041000667233,SBIN0010482,Henry Bose
BA008287,3089041000702153,SBIN0010482,Devansh Morar
BA008288,3089041000534786,SBIN0010482,Charan Chaudry
BA008289,3089041000101957,SBIN0010482,Utkarsh Naidu
BA008290,3089041000886990,SBIN0010482,Rushil Rattan
BA008291,3089041000220630,SBIN0010482,Ishaan Nair
BA008292,3089041000561815,SBIN0010482,Falan Barad
BA008293,3089041000221523,SBIN0010482,Shravya Sekhon
BA008294,3089041000147984,SBIN0010482,Lucky Kata
BA008295,3089041000226101,SBIN0010482,Amara Parikh
BA008296,3089041000639932,SBIN0010482,Yauvani Manne
BA008297,3089041000852328,SBIN0010482,Nisha Solanki
BA008298,3089041000846855,SBIN0010482,Aryan Kata
BA008299,3089041000247521,SBIN0010482,Prisha Misra
BA008300,3089041000842456,SBIN0010482,Dominic Sankaran
BA008301,3089041000108376,SBIN0010482,Krish Nagar
BA008302,3089041000826084,SBIN0010482,Tejas Tara
BA008303,3089041000651365,SBIN0010482,Jagat Pant
BA008304,3089041000460920,SBIN0010482,Jasmit Sethi
BA008305,3089041000378962,SBIN0010482,Manan Sarna
BA008306,3089041000821206,SBIN0010482,Hemang Upadhyay
BA008307,3089041000969580,SBIN0010482,Sathvik Barad
BA008308,3089041000665147,SBIN0010482,Gaurang Narula
BA008309,3089041000869640,SBIN0010482,Daksha Gade
BA008310,3089041000581323,SBIN0010482,Utkarsh Gill
BA008311,3089041000425366,SBIN0010482,Gautam Prashad
BA008312,3089041000373750,SBIN0010482,Ekapad Palan
BA008313,3089041000451906,SBIN0010482,Yug Sant
BA008314,3089041000474697,SBIN0010482,Arjun Shukla
BA008315,3089041000187949,SBIN0010482,Charita Manne
BA008316,3089041000963408,SBIN0010482,Urishilla Kumar
BA008317,3089041000178404,SBIN0010482,Patrick Das
BA008318,3089041000359579,SBIN0010482,Ishanvi Mander
BA008319,3089041000609334,SBIN0010482,Vidhi Loyal
BA008320,3089041000887857,SBIN0010482,Panini Bhatt
BA008321,3089041000410771,SBIN0010482,Aarush Nayar
BA008322,3089041000693111,SBIN0010482,Neel Gandhi
BA008323,3089041000669854,SBIN0010482,Yochana Chandra
BA008324,3089041000688242,SBIN0010482,Ekbal Mangat
BA008325,3089041000425350,SBIN0010482,Vedant Mital
BA008326,3089041000343219,SBIN0010482,Varsha Raju
BA008327,3089041000247867,SBIN0010482,Aadhya Jani
BA008328,3089041000694031,SBIN0010482,Shivani Mani
BA008329,3089041000222805,SBIN0010482,Kabir Dass
BA008330,3089041000382703,SBIN0010482,Bhavya Khurana
BA008331,3089041000666112,SBIN0010482,Ayush Doshi
BA008332,3089041000173919,SBIN0010482,Ijaya Balan
BA008333,3089041000460371,SBIN0010482,Rachit Dada
BA008334,3089041000164203,SBIN0010482,Ojasvi Purohit
BA008335,3089041000571748,SBIN0010482,Tripti Dasgupta
BA008336,3089041000646164,SBIN0010482,Ojasvi Sachdev
BA008337,3089041000963559,SBIN0010482,Faras Agarwal
BA008338,3089041000334309,SBIN0010482,Dhriti Ramesh
BA008339,3089041000503122,SBIN0010482,Arunima Ghosh
BA008340,3089041000399605,SBIN0010482,Krish Dave
BA008341,3089041000359451,SBIN0010482,Thomas Luthra
BA008342,3089041000567141,SBIN0010482,Elijah Joshi
BA008343,3089041000804077,SBIN0010482,Pallavi Kant
BA008344,3089041000250320,SBIN0010482,Vinaya Parmar
BA008345,3089041000949931,SBIN0010482,Girindra Som
BA008346,3089041000374454,SBIN0010482,Ekbal Narang
BA008347,3089041000970737,SBIN0010482,Daksha Majumdar
BA008348,3089041000777362,SBIN0010482,Jai Mahal
BA008349,3089041000939946,SBIN0010482,Avi Gala
BA008350,3089041000343124,SBIN0010482,Yatan Palla
BA008351,3089041000364525,SBIN0010482,Tanvi Modi
BA008352,3089041000960974,SBIN0010482,Jalsa Saraf
BA008353,3089041000343588,SBIN0010482,Logan Puri
BA008354,3089041000157706,SBIN0010482,IMARAN RAJAGOPAL
BA008355,3089041000124775,SBIN0010482,Vrishti Dave
BA008356,3089041000141219,SBIN0010482,Tejas Bhavsar
BA008357,3089041000117294,SBIN0010482,Lakshmi Natt
BA008358,3089041000277266,SBIN0010482,Nakul Goswami
BA008359,3089041000651573,SBIN0010482,Reva Prashad
BA008360,3089041000736070,SBIN0010482,George Misra
BA008361,3089041000860987,SBIN0010482,Atharv Kalita
BA008362,3089041000174218,SBIN0010482,Aarnav Gola
BA008363,3089041000885146,SBIN0010482,Hemal Bhatt
BA008364,3089041000723823,SBIN0010482,Anika Mani
BA008365,3089041000577441,SBIN0010482,Mohini Srivastava
BA008366,3089041000298985,SBIN0010482,Pranit Walla
BA008367,3089041000482869,SBIN0010482,Aadi Mital
BA008368,3089041000269128,SBIN0010482,Wridesh Kaur
BA008369,3089041000615939,SBIN0010482,Zayyan Patel
BA008370,3089041000893826,SBIN0010482,Kritika Chacko
BA008371,3089041000395182,SBIN0010482,Vasatika Master
BA008372,3089041000732746,SBIN0010482,Manthan Parmar
BA008373,3089041000442916,SBIN0010482,Ishwar Lad
BA008374,3089041000259868,SBIN0010482,Zansi Shukla
BA008375,3089041000957612,SBIN0010482,Tanay Bhatt
BA008376,3089041000637349,SBIN0010482,Abhiram Mann
BA008377,3089041000981564,SBIN0010482,Ekanta Mangal
BA008378,3089041000962321,SBIN0010482,Ridhi Tandon
BA008379,3089041000682156,SBIN0010482,Pavani Chandran
BA008380,3089041000237625,SBIN0010482,Charles Wadhwa
BA008381,3089041000301644,SBIN0010482,YADAVI BEHL
BA008382,3089041000474512,SBIN0010482,Harish Wason
BA008383,3089041000973147,SBIN0010482,YAGNESH CHADA
BA008384,3089041000902827,SBIN0010482,Samuel Chad
BA008385,3089041000216332,SBIN0010482,George Bhattacharyya
BA008386,3089041000441828,SBIN0010482,Veer Sant
BA008387,3089041000810452,SBIN0010482,Nitara Garde
BA008388,3089041000448180,SBIN0010482,Alexander Sunder
BA008389,3089041000279707,SBIN0010482,Tanmayi Chatterjee
BA008390,3089041000647603,SBIN0010482,Nidra Vohra
BA008391,3089041000539913,SBIN0010482,Pallavi Mitra
BA008392,3089041000576632,SBIN0010482,Ganga Sha
BA008393,3089041000151125,SBIN0010482,Niharika Agate
BA008394,3089041000627033,SBIN0010482,Priya Hora
BA008395,3089041000609116,SBIN0010482,Ekbal  Pradhan
BA008396,3089041000552870,SBIN0010482,Praneel Hayre
BA008397,3089041000797551,SBIN0010482,Netra Bandi
BA008398,3089041000605914,SBIN0010482,Qasim Hayer
BA008399,3089041000681876,SBIN0010482,Qasim Thakkar
BA008400,3089041000768047,SBIN0010482,Gautami Nayak
BA008401,3089041000295232,SBIN0010482,Eta Devi
BA008402,3089041000532941,SBIN0010482,Bhavya Chandran
BA008403,3089041000514822,SBIN0010482,Bimala Dube
BA008404,3089041000775279,SBIN0010482,Netra Rege
BA008405,3089041000392093,SBIN0010482,Balhaar Chauhan
BA008406,3089041000739114,SBIN0010482,Faqid Kunda
BA008407,3089041000916227,SBIN0010482,Lucky Bahl
BA008408,3089041000535772,SBIN0010482,Neelima Samra
BA008409,3089041000229324,SBIN0010482,Samesh Venkataraman
BA008410,3089041000298037,SBIN0010482,Kabir Deshmukh
BA008411,3089041000416648,SBIN0010482,Arunima Barad
BA008412,3089041000479210,SBIN0010482,Ekaja Kata
BA008413,3089041000698895,SBIN0010482,Qarin Goda
BA008414,3089041000165087,SBIN0010482,Kashish  Purohit
BA008415,3089041000834096,SBIN0010482,Ayaan Chandran
BA008416,3089041000119168,SBIN0010482,Faqid Comar
BA008417,3089041000418169,SBIN0010482,Aahana Warrior
BA008418,3089041000425480,SBIN0010482,Shaurya Kapoor
BA008419,3089041000169687,SBIN0010482,Reyansh Kari
BA008420,3089041000651413,SBIN0010482,Januja Golla
BA008421,3089041000542751,SBIN0010482,Jackson Kala
BA008422,3089041000140901,SBIN0010482,Yagnesh Kumar
BA008423,3089041000379569,SBIN0010482,Nisha Mander
BA008424,3089041000305505,SBIN0010482,Jonathan Kalita
BA008425,3089041000195224,SBIN0010482,Quincy Tella
BA008426,3089041000234237,SBIN0010482,Chanchal Misra
BA008427,3089041000328839,SBIN0010482,Priya Ahluwalia
BA008428,3089041000825144,SBIN0010482,Aishani Vala
BA008429,3089041000905554,SBIN0010482,Pushti Hans
BA008430,3089041000356373,SBIN0010482,Owen Bhagat
BA008431,3089041000319192,SBIN0010482,Yug Sarkar
BA008432,3089041000573076,SBIN0010482,URVASHI KIBE
BA008433,3089041000659050,SBIN0010482,Jalsa Goel
BA008434,3089041000281204,SBIN0010482,Vincent Parekh
BA008435,3089041000209774,SBIN0010482,George Natt
BA008436,3089041000119397,SBIN0010482,Leela Raval
BA008437,3089041000393140,SBIN0010482,Gaurangi Bhatti
BA008438,3089041000345398,SBIN0010482,Vinaya Ramakrishnan
BA008439,3089041000719190,SBIN0010482,Kala Koshy
BA008440,3089041000126132,SBIN0010482,Omaja Saha
BA008441,3089041000755293,SBIN0010482,Henry Lata
BA008442,3089041000971329,SBIN0010482,Kala Kanda
BA008443,3089041000521161,SBIN0010482,Nidhi Prabhakar
BA008444,3089041000378224,SBIN0010482,Bhavya Sathe
BA008445,3089041000780182,SBIN0010482,Meera Saraf
BA008446,3089041000264041,SBIN0010482,Viraj Nigam
BA008447,3089041000283146,SBIN0010482,Nikita Datta
BA008448,3089041000645113,SBIN0010482,Zaid Dube
BA008449,3089041000852818,SBIN0010482,Samaksh Rama
BA008450,3089041000437875,SBIN0010482,Matthew Mishra
BA008451,3089041000967324,SBIN0010482,Hamsini Soman
BA008452,3089041000979573,SBIN0010482,Naksh Shankar
BA008453,3089041000866225,SBIN0010482,Ronith Kapur
BA008454,3089041000515786,SBIN0010482,Anika Kala
BA008455,3089041000530138,SBIN0010482,Nirja Narasimhan
BA008456,3089041000165816,SBIN0010482,Yatin Bal
BA008457,3089041000695057,SBIN0010482,Harrison Ramaswamy
BA008458,3089041000705701,SBIN0010482,Chaman Singhal
BA008459,3089041000387710,SBIN0010482,Faras Sagar
BA008460,3089041000210289,SBIN0010482,Irya Kapur
BA008461,3089041000805454,SBIN0010482,Harrison Ramesh
BA008462,3089041000694854,SBIN0010482,Triya Chakrabarti
BA008463,3089041000719260,SBIN0010482,Yash Bajaj
BA008464,3089041000933282,SBIN0010482,Sathvik Som
BA008465,3089041000386205,SBIN0010482,Ladli Bhargava
BA008466,3089041000779415,SBIN0010482,Ojas Agrawal
BA008467,3089041000989348,SBIN0010482,Anusha Yadav
BA008468,3089041000637837,SBIN0010482,Vasatika Bahl
BA008469,3089041000428733,SBIN0010482,Libni Maharaj
BA008470,3089041000881756,SBIN0010482,Jacob Deep
BA008471,3089041000752960,SBIN0010482,Bhavika Rao
BA008472,3089041000239765,SBIN0010482,Chameli Sathe
BA008473,3089041000606704,SBIN0010482,Qarin Naik
BA008474,3089041000175845,SBIN0010482,Maanas Gala
BA008475,3089041000186842,SBIN0010482,Chaman Padmanabhan
BA008476,3089041000631001,SBIN0010482,Samesh Halder
BA008477,3089041000322436,SBIN0010482,Triveni Dewan
BA008478,3089041000552555,SBIN0010482,Advay Kale
BA008479,3089041000167227,SBIN0010482,Adweta Tiwari
BA008480,3089041000216382,SBIN0010482,Imaran Golla
BA008481,3089041000939308,SBIN0010482,Leela Master
BA008482,3089041000695016,SBIN0010482,Gaurang Rout
BA008483,3089041000624516,SBIN0010482,Atharv Sabharwal
BA008484,3089041000956511,SBIN0010482,Tejas Narasimhan
BA008485,3089041000578393,SBIN0010482,Indrajit Bali
BA008486,3089041000864672,SBIN0010482,Lopa Chokshi
BA008487,3089041000180418,SBIN0010482,Inaya Bala
BA008488,3089041000184607,SBIN0010482,Nandini Koshy
BA008489,3089041000602487,SBIN0010482,Bahadurjit Bumb
BA008490,3089041000542032,SBIN0010482,Upkaar Kata
BA008491,3089041000239420,SBIN0010482,Anita Kale
BA008492,3089041000884225,SBIN0010482,Oni Subramaniam
BA008493,3089041000647079,SBIN0010482,Anusha Walla
BA008494,3089041000916293,SBIN0010482,Baghyawati Bath
BA008495,3089041000530601,SBIN0010482,Gaurang Bhatia
BA008496,3089041000973323,SBIN0010482,Radha  Tak
BA008497,3089041000279965,SBIN0010482,Baljiwan Borah
BA008498,3089041000687302,SBIN0010482,Gavin Chawla
BA008499,3089041000573877,SBIN0010482,Advaith Mandal
BA008500,3089041000119083,SBIN0010482,Aryan Batta
BA008501,3089041000572049,SBIN0010482,Neel Barad
BA008502,3089041000386481,SBIN0010482,Omisha Sahni
BA008503,3089041000421046,SBIN0010482,Netra Bali
BA008504,3089041000989289,SBIN0010482,Balveer Koshy
BA008505,3089041000183088,SBIN0010482,Maanas Dara
BA008506,3089041000725295,SBIN0010482,Aarna Thaker
BA008507,3089041000586080,SBIN0010482,Chasmum Lal
BA008508,3089041000742723,SBIN0010482,Darpan Kadakia
BA008509,3089041000586885,SBIN0010482,Rudra Borde
BA008510,3089041000597295,SBIN0010482,Darsh Sridhar
BA008511,3089041000138537,SBIN0010482,Vedika Chaudhry
BA008512,3089041000292978,SBIN0010482,Lavanya Bhargava
BA008513,3089041000451759,SBIN0010482,Ekiya Srivastava
BA008514,3089041000788968,SBIN0010482,Gabriel Tandon
BA008515,3089041000103701,SBIN0010482,Samar Deshmukh
BA008516,3089041000476185,SBIN0010482,Dayamai Babu
BA008517,3089041000803196,SBIN0010482,Chavvi Shetty
BA008518,3089041000552763,SBIN0010482,Neel Verma
BA008519,3089041000837759,SBIN0010482,Bimala Chanda
BA008520,3089041000686473,SBIN0010482,Kevin Walla
BA008521,3089041000340096,SBIN0010482,Chandani Nadig
BA008522,3089041000838042,SBIN0010482,Vedhika Borde
BA008523,3089041000530455,SBIN0010482,Rajata Soni
BA008524,3089041000145496,SBIN0010482,Vritti Rai
BA008525,3089041000195895,SBIN0010482,Priya Guha
BA008526,3089041000992075,SBIN0010482,William Buch
BA008527,3089041000827297,SBIN0010482,Xalak Mitra
BA008528,3089041000297568,SBIN0010482,Ladli Das
BA008529,3089041000578746,SBIN0010482,Omkaar Krish
BA008530,3089041000428064,SBIN0010482,Jagat Pall
BA008531,3089041000901320,SBIN0010482,Chanakya Borra
BA008532,3089041000135096,SBIN0010482,Fitan Nayak
BA008533,3089041000796796,SBIN0010482,Garima Behl
BA008534,3089041000753051,SBIN0010482,Rachita Goyal
BA008535,3089041000907290,SBIN0010482,Ekalinga Ray
BA008536,3089041000197272,SBIN0010482,Hemangini Nazareth
BA008537,3089041000450804,SBIN0010482,Ekantika Gill
BA008538,3089041000318235,SBIN0010482,Devika Borde
BA008539,3089041000710628,SBIN0010482,Liam Patla
BA008540,3089041000151624,SBIN0010482,Vidhi Bhattacharyya
BA008541,3089041000697658,SBIN0010482,Anya Verma
BA008542,3089041000899521,SBIN0010482,Pooja Ramakrishnan
BA008543,3089041000912045,SBIN0010482,Yashawini Kant
BA008544,3089041000932127,SBIN0010482,Azaan Pingle
BA008545,3089041000756532,SBIN0010482,Harini Sant
BA008546,3089041000488877,SBIN0010482,Ijaya  Ratti
BA008547,3089041000907058,SBIN0010482,Jasmit Patla
BA008548,3089041000571113,SBIN0010482,Madhav Gour
BA008549,3089041000243341,SBIN0010482,Gabriel Shah
BA008550,3089041000414475,SBIN0010482,MADHAVI RAVAL
BA008551,3089041000356736,SBIN0010482,Janaki Ravel
BA008552,3089041000243052,SBIN0010482,Atharv Lad
BA008553,3089041000407857,SBIN0010482,Abhiram Soni
BA008554,3089041000646071,SBIN0010482,Brijesh Butala
BA008555,3089041000830282,SBIN0010482,Anvi Choudhry
BA008556,3089041000179857,SBIN0010482,Abdul Radhakrishnan
BA008557,3089041000163355,SBIN0010482,Pranit Lad
BA008558,3089041000332421,SBIN0010482,Yauvani Saxena
BA008559,3089041000628127,SBIN0010482,Abdul Aggarwal
BA008560,3089041000863415,SBIN0010482,Nilima Bhargava
BA008561,3089041000401863,SBIN0010482,Harish Sunder
BA008562,3089041000339894,SBIN0010482,Lohit Amble
BA008563,3089041000693694,SBIN0010482,Nikita Ganguly
BA008564,3089041000450614,SBIN0010482,Yachana Choudhry
BA008565,3089041000333945,SBIN0010482,Indali Edwin
BA008566,3089041000898063,SBIN0010482,Veer Dhar
BA008567,3089041000770421,SBIN0010482,Pratyush Gill
BA008568,3089041000784735,SBIN0010482,Bhanumati Arya
BA008569,3089041000179193,SBIN0010482,Urishilla Narain
BA008570,3089041000499016,SBIN0010482,Reyansh Parmar
BA008571,3089041000496385,SBIN0010482,Azad Agarwal
BA008572,3089041000426002,SBIN0010482,George Barad
BA008573,3089041000649499,SBIN0010482,Sneha D’Alia
BA008574,3089041000159710,SBIN0010482,Kashish Chaudry
BA008575,3089041000141725,SBIN0010482,Yatin Palan
BA008576,3089041000676520,SBIN0010482,Dipta Hari
BA008577,3089041000812277,SBIN0010482,Saanvi Dhingra
BA008578,3089041000793666,SBIN0010482,Karan Amble
BA008579,3089041000560548,SBIN0010482,Bimala Dalal
BA008580,3089041000141055,SBIN0010482,Vrishti Baria
BA008581,3089041000966065,SBIN0010482,Wridesh Balakrishnan
BA008582,3089041000741474,SBIN0010482,Anay Bora
BA008583,3089041000486491,SBIN0010482,Charita Chaudry
BA008584,3089041000455213,SBIN0010482,Forum Kibe
BA008585,3089041000708295,SBIN0010482,Faras Natarajan
BA008586,3089041000971812,SBIN0010482,Yashvi Chandran
BA008587,3089041000437155,SBIN0010482,Bhavna Singh
BA008588,3089041000598702,SBIN0010482,Suhani Mani
BA008589,3089041000239717,SBIN0010482,Balhaar Gill
BA008590,3089041000650261,SBIN0010482,Yashvi Kapoor
BA008591,3089041000656672,SBIN0010482,Lekha Kapadia
BA008592,3089041000141668,SBIN0010482,Widisha Bakshi
BA008593,3089041000772819,SBIN0010482,Ucchal  D’Alia
BA008594,3089041000568436,SBIN0010482,Gunbir Kapadia
BA008595,3089041000978553,SBIN0010482,Zashil Khatri
BA008596,3089041000545182,SBIN0010482,Akshay Nagar
BA008597,3089041000529199,SBIN0010482,Ekantika Padmanabhan
BA008598,3089041000348392,SBIN0010482,Kashish Mohan
BA008599,3089041000346031,SBIN0010482,Arunima Grover
BA008600,3089041000612177,SBIN0010482,Oni Sani
BA008601,3089041000771204,SBIN0010482,Chanchal Parmer
BA008602,3089041000102288,SBIN0010482,Zinal Sanghvi
BA008603,3089041000254733,SBIN0010482,Krishna Bhavsar
BA008604,3089041000299108,SBIN0010482,Lipika Narula
BA008605,3089041000811899,SBIN0010482,Tripti Khosla
BA008606,3089041000152302,SBIN0010482,Sneha Mahajan
BA008607,3089041000206275,SBIN0010482,Sachi Bassi
BA008608,3089041000894902,SBIN0010482,Mohini Nadkarni
BA008609,3089041000286323,SBIN0010482,Sachi Sachdeva
BA008610,3089041000258197,SBIN0010482,Udant Sahota
BA008611,3089041000397589,SBIN0010482,Chandani Bhardwaj
BA008612,3089041000627824,SBIN0010482,Ishita Kannan
BA008613,3089041000365870,SBIN0010482,Yauvani Mand
BA008614,3089041000881728,SBIN0010482,Varenya Rastogi
BA008615,3089041000846372,SBIN0010482,Mitali Merchant
BA008616,3089041000620356,SBIN0010482,Charvi Sharaf
BA008617,3089041000226619,SBIN0010482,Pranit Naidu
BA008618,3089041000896400,SBIN0010482,Baghyawati Gour
BA008619,3089041000208626,SBIN0010482,Lohit Krishna
BA008620,3089041000841636,SBIN0010482,Simon Mitra
BA008621,3089041000592464,SBIN0010482,Azad Mahal
BA008622,3089041000829284,SBIN0010482,Suhani Date
BA008623,3089041000561192,SBIN0010482,Indrajit Narayanan
BA008624,3089041000347135,SBIN0010482,Yatin Rao
BA008625,3089041000765152,SBIN0010482,Falak Warrior
BA008626,3089041000154552,SBIN0010482,Divya Shanker
BA008627,3089041000252358,SBIN0010482,Ayush Rajagopalan
BA008628,3089041000315695,SBIN0010482,Wishi Radhakrishnan
BA008629,3089041000745599,SBIN0010482,Nicholas Mall
BA008630,3089041000207173,SBIN0010482,Jyoti Sethi
BA008631,3089041000186957,SBIN0010482,William Kala
BA008632,3089041000583686,SBIN0010482,Maanas Nigam
BA008633,3089041000259253,SBIN0010482,Jagrati Golla
BA008634,3089041000149196,SBIN0010482,Fitan Nagy
BA008635,3089041000331416,SBIN0010482,Lila Kara
BA008636,3089041000271663,SBIN0010482,Ati Bahri
BA008637,3089041000212917,SBIN0010482,Radhika Ramanathan
BA008638,3089041000776936,SBIN0010482,Gautam Savant
BA008639,3089041000593438,SBIN0010482,Hardik Sunder
BA008640,3089041000807017,SBIN0010482,Naksh Dewan
BA008641,3089041000228611,SBIN0010482,Avi Mittal
BA008642,3089041000886022,SBIN0010482,Nikita Shetty
BA008643,3089041000656591,SBIN0010482,Jagdish Parmer
BA008644,3089041000284661,SBIN0010482,Patrick Ravi
BA008645,3089041000718345,SBIN0010482,Shaurya Soman
BA008646,3089041000672002,SBIN0010482,Meghana Kant
BA008647,3089041000906570,SBIN0010482,Isha Bali
BA008648,3089041000631900,SBIN0010482,Jairaj Kashyap
BA008649,3089041000871059,SBIN0010482,Xiti Bath
BA008650,3089041000444581,SBIN0010482,Ishita Amble
BA008651,3089041000884551,SBIN0010482,Matthew Bath
BA008652,3089041000801034,SBIN0010482,Girish Bava
BA008653,3089041000656728,SBIN0010482,Wriddhish Kohli
BA008654,3089041000530477,SBIN0010482,Kashvi Kara
BA008655,3089041000351305,SBIN0010482,Vidhi Chad
BA008656,3089041000384274,SBIN0010482,Aarnav Bhardwaj
BA008657,3089041000612333,SBIN0010482,Qarin Om
BA008658,3089041000111458,SBIN0010482,Hardik Puri
BA008659,3089041000327002,SBIN0010482,QARIN OAK
BA008660,3089041000433019,SBIN0010482,Avni Tailor
BA008661,3089041000177728,SBIN0010482,Yoshita Pillay
BA008662,3089041000933376,SBIN0010482,Dayamai Agate
BA008663,3089041000684510,SBIN0010482,Luke Karan
BA008664,3089041000793160,SBIN0010482,Bhavika Padmanabhan
BA008665,3089041000982567,SBIN0010482,Laban Kaur
BA008666,3089041000928192,SBIN0010482,Lekha Sidhu
BA008667,3089041000799858,SBIN0010482,Faqid Mane
BA008668,3089041000722126,SBIN0010482,Krisha Mann
BA008669,3089041000574554,SBIN0010482,Bhavna Konda
BA008670,3089041000590539,SBIN0010482,Agastya Dani
BA008671,3089041000631524,SBIN0010482,Ira Hayre
BA008672,3089041000174953,SBIN0010482,Faris Seth
BA008673,3089041000424999,SBIN0010482,Priya Salvi
BA008674,3089041000270598,SBIN0010482,Harini Bhardwaj
BA008675,3089041000142385,SBIN0010482,Peter Sinha
BA008676,3089041000297869,SBIN0010482,Ekalinga Dass
BA008677,3089041000964998,SBIN0010482,Nathaniel Chadha
BA008678,3089041000452537,SBIN0010482,Vansha Bhakta
BA008679,3089041000812729,SBIN0010482,Ethan Bhasin
BA008680,3089041000330382,SBIN0010482,Kevin Korpal
BA008681,3089041000644875,SBIN0010482,Ishaan Raman
BA008682,3089041000579266,SBIN0010482,Riya Bajwa
BA008683,3089041000247487,SBIN0010482,Vanya Sane
BA008684,3089041000464677,SBIN0010482,Gautami Korpal
BA008685,3089041000549209,SBIN0010482,Matthew Issac
BA008686,3089041000655840,SBIN0010482,Jatin Zacharia
BA008687,3089041000411212,SBIN0010482,Nachiket Bora
BA008688,3089041000701181,SBIN0010482,Kritika Varughese
BA008689,3089041000238958,SBIN0010482,Yauvani Pillai
BA008690,3089041000419686,SBIN0010482,Thomas Tank
BA008691,3089041000734354,SBIN0010482,Fiyaz Mangal
BA008692,3089041000422003,SBIN0010482,Devika Hans
BA008693,3089041000340265,SBIN0010482,Banjeet Balakrishnan
BA008694,3089041000977777,SBIN0010482,Sudiksha Nayar
BA008695,3089041000890272,SBIN0010482,Manthan Kohli
BA008696,3089041000827238,SBIN0010482,Sarthak Dhar
BA008697,3089041000131808,SBIN0010482,Rajeshri Padmanabhan
BA008698,3089041000948820,SBIN0010482,Lajita Joshi
BA008699,3089041000353993,SBIN0010482,Varenya Wason
BA008700,3089041000450881,SBIN0010482,Harshil Swaminathan
BA008701,3089041000731271,SBIN0010482,Watika Sachar
BA008702,3089041000709539,SBIN0010482,Ekbal Om
BA008703,3089041000445102,SBIN0010482,Liam Barman
BA008704,3089041000135512,SBIN0010482,Guneet Maharaj
BA008705,3089041000511158,SBIN0010482,Lipika Pandit
BA008706,3089041000548128,SBIN0010482,Priya Ramaswamy
BA008707,3089041000644596,SBIN0010482,Qarin Sankar
BA008708,3089041000384739,SBIN0010482,Thomas Pillay
BA008709,3089041000682247,SBIN0010482,Maanas Sura
BA008710,3089041000742243,SBIN0010482,Ati Mutti
BA008711,3089041000253520,SBIN0010482,Thomas Kothari
BA008712,3089041000504616,SBIN0010482,Jasmit Ramanathan
BA008713,3089041000646379,SBIN0010482,Libni Singh
BA008714,3089041000366649,SBIN0010482,Abha Wadhwa
BA008715,3089041000891611,SBIN0010482,Yasti Memon
BA008716,3089041000655525,SBIN0010482,NATHANIEL GALA
BA008717,3089041000508391,SBIN0010482,Bhavna Pillai
BA008718,3089041000821923,SBIN0010482,Anthony Mohanty
BA008719,3089041000280328,SBIN0010482,Lakshit  Murty
BA008720,3089041000113325,SBIN0010482,Odika Dayal
BA008721,3089041000184548,SBIN0010482,Eta Rajagopal
BA008722,3089041000840419,SBIN0010482,Imaran Dhar
BA008723,3089041000470655,SBIN0010482,Oviya Date
BA008724,3089041000773816,SBIN0010482,Omisha Tailor
BA008725,3089041000933892,SBIN0010482,Vihaan Nagarajan
BA008726,3089041000909579,SBIN0010482,Ridhi Kale
BA008727,3089041000925900,SBIN0010482,Amruta Devi
BA008728,3089041000377060,SBIN0010482,Karan Choudhary
BA008729,3089041000185334,SBIN0010482,Rajeshri Prabhu
BA008730,3089041000538070,SBIN0010482,Quincy Din
BA008731,3089041000458888,SBIN0010482,Brinda Tak
BA008732,3089041000165146,SBIN0010482,Abeer Mangat
BA008733,3089041000648245,SBIN0010482,Waida Sheth
BA008734,3089041000313978,SBIN0010482,Kashvi Dada
BA008735,3089041000141942,SBIN0010482,Charles Shanker
BA008736,3089041000272736,SBIN0010482,Samar Karpe
BA008737,3089041000159886,SBIN0010482,Girik Master
BA008738,3089041000427376,SBIN0010482,Maanas Kibe
BA008739,3089041000145433,SBIN0010482,Sai Dugal
BA008740,3089041000510923,SBIN0010482,Anamika Nadig
BA008741,3089041000489524,SBIN0010482,Megha Sura
BA008742,3089041000658659,SBIN0010482,Sai Arora
BA008743,3089041000670916,SBIN0010482,Ronith Ray
BA008744,3089041000276172,SBIN0010482,Logan Venkatesh
BA008745,3089041000305939,SBIN0010482,Sai Agrawal
BA008746,3089041000346152,SBIN0010482,Ekalinga Devi
BA008747,3089041000776641,SBIN0010482,Avi Bawa
BA008748,3089041000977623,SBIN0010482,Yahvi Loyal
BA008749,3089041000557671,SBIN0010482,Lipika Kulkarni
BA008750,3089041000646674,SBIN0010482,Samarth Kala
BA008751,3089041000793573,SBIN0010482,Siya Raj
BA008752,3089041000979369,SBIN0010482,Yashodhara Ganesan
BA008753,3089041000240580,SBIN0010482,Wishi Chada
BA008754,3089041000137772,SBIN0010482,Lakshmi Anand
BA008755,3089041000748286,SBIN0010482,Zehaan Mangal
BA008756,3089041000826862,SBIN0010482,Kiaan Bajwa
BA008757,3089041000324426,SBIN0010482,Oni Mammen
BA008758,3089041000170510,SBIN0010482,Ishaan Guha
BA008759,3089041000792288,SBIN0010482,Advika Pingle
BA008760,3089041000920036,SBIN0010482,Tanveer Prasad
BA008761,3089041000719637,SBIN0010482,Aadi Brahmbhatt
BA008762,3089041000128318,SBIN0010482,Garima Manne
BA008763,3089041000174790,SBIN0010482,Imaran  Soman
BA008764,3089041000674604,SBIN0010482,Darpan Zachariah
BA008765,3089041000265430,SBIN0010482,Tarak Viswanathan
BA008766,3089041000248598,SBIN0010482,Bhavika Kumer
BA008767,3089041000424058,SBIN0010482,Darsh Manda
BA008768,3089041000687731,SBIN0010482,Anita Khurana
BA008769,3089041000223853,SBIN0010482,Ijaya Ravi
BA008770,3089041000358864,SBIN0010482,Yashodhara Oak
BA008771,3089041000397809,SBIN0010482,Tanay Narayanan
BA008772,3089041000982448,SBIN0010482,Harshil Maharaj
BA008773,3089041000665640,SBIN0010482,Vansha Mukherjee
BA008774,3089041000158005,SBIN0010482,Ekaja Pandey
BA008775,3089041000743301,SBIN0010482,Ronith Basak
BA008776,3089041000849425,SBIN0010482,Harshil Rau
BA008777,3089041000578596,SBIN0010482,Lakshmi Manda
BA008778,3089041000810759,SBIN0010482,Imaran Sur
BA008779,3089041000381798,SBIN0010482,Adweta Banik
BA008780,3089041000148736,SBIN0010482,Baljiwan Dubey
BA008781,3089041000468058,SBIN0010482,Harshil Ravel
BA008782,3089041000619990,SBIN0010482,Veda Chauhan
BA008783,3089041000200578,SBIN0010482,Girik Chhabra
BA008784,3089041000497059,SBIN0010482,Zaitra Ramachandran
BA008785,3089041000636285,SBIN0010482,Zansi Sami
BA008786,3089041000825355,SBIN0010482,Frederick Singhal
BA008787,3089041000325148,SBIN0010482,Reva Parekh
BA008788,3089041000703054,SBIN0010482,Rushil Dutta
BA008789,3089041000281647,SBIN0010482,Dominic Soni
BA008790,3089041000174142,SBIN0010482,Ekani Bala
BA008791,3089041000794474,SBIN0010482,Sarthak Prasad
BA008792,3089041000347914,SBIN0010482,Aadhya Parikh
BA008793,3089041000416555,SBIN0010482,Ijaya Sami
BA008794,3089041000424462,SBIN0010482,Ria Doctor
BA008795,3089041000888527,SBIN0010482,Yatin Patla
BA008796,3089041000711552,SBIN0010482,Yug Upadhyay
BA008797,3089041000164910,SBIN0010482,Barkha Dutta
BA008798,3089041000134941,SBIN0010482,Mugdha Dhar
BA008799,3089041000627039,SBIN0010482,Upadhriti Subramaniam
BA008800,3089041000553532,SBIN0010482,Caleb Bhavsar
BA008801,3089041000437269,SBIN0010482,Amrita Sandal
BA008802,3089041000334451,SBIN0010482,Vedhika Joshi
BA008803,3089041000217217,SBIN0010482,Samaksh Ahuja
BA008804,3089041000733177,SBIN0010482,Yutika Om
BA008805,3089041000591593,SBIN0010482,Nakul Shere
BA008806,3089041000258505,SBIN0010482,Varenya Rajagopalan
BA008807,3089041000388997,SBIN0010482,Tristan Kumer
BA008808,3089041000660212,SBIN0010482,Ekaraj Prabhakar
BA008809,3089041000852430,SBIN0010482,Nitesh Nagarajan
BA008810,3089041000818397,SBIN0010482,Zarna Prabhakar
BA008811,3089041000752978,SBIN0010482,Pooja Chhabra
BA008812,3089041000632948,SBIN0010482,Aayush Sibal
BA008813,3089041000241787,SBIN0010482,Abhimanyu Wason
BA008814,3089041000224994,SBIN0010482,Jeremiah Anand
BA008815,3089041000180128,SBIN0010482,Udarsh Ganesan
BA008816,3089041000204929,SBIN0010482,Vaishnavi Singh
BA008817,3089041000983021,SBIN0010482,Jack Dara
BA008818,3089041000343855,SBIN0010482,Logan Nagar
BA008819,3089041000564822,SBIN0010482,Vasana Thaman
BA008820,3089041000695889,SBIN0010482,Rushil Agarwal
BA008821,3089041000665173,SBIN0010482,Abhiram Savant
BA008822,3089041000328512,SBIN0010482,Madhav Bora
BA008823,3089041000298518,SBIN0010482,Lohit Mallick
BA008824,3089041000827261,SBIN0010482,Rishi Merchant
BA008825,3089041000769277,SBIN0010482,Vrinda Kalita
BA008826,3089041000588847,SBIN0010482,Ikshita Sule
BA008827,3089041000461651,SBIN0010482,Upasna Chandra
BA008828,3089041000977770,SBIN0010482,Jai Soman
BA008829,3089041000696308,SBIN0010482,Krisha Patla
BA008830,3089041000991330,SBIN0010482,Inaya Rastogi
BA008831,3089041000198933,SBIN0010482,Tamanna Ray
BA008832,3089041000623957,SBIN0010482,Banjeet Purohit
BA008833,3089041000497715,SBIN0010482,Robert Mani
BA008834,3089041000761618,SBIN0010482,Amol Badal
BA008835,3089041000923378,SBIN0010482,Max Edwin
BA008836,3089041000371830,SBIN0010482,Lakshit Raghavan
BA008837,3089041000953260,SBIN0010482,Rohan Shanker
BA008838,3089041000534877,SBIN0010482,Qabil Datta
BA008839,3089041000368381,SBIN0010482,Faqid Kuruvilla
BA008840,3089041000289937,SBIN0010482,Agastya Shanker
BA008841,3089041000113719,SBIN0010482,Janaki Mane
BA008842,3089041000854829,SBIN0010482,Yagnesh Sama
BA008843,3089041000606148,SBIN0010482,Ishaan Natt
BA008844,3089041000462868,SBIN0010482,Ishwar Butala
BA008845,3089041000889155,SBIN0010482,BALJIWAN CHAR
BA008846,3089041000557865,SBIN0010482,Ekapad Ranganathan
BA008847,3089041000385383,SBIN0010482,Oni Andra
BA008848,3089041000793245,SBIN0010482,Yamini Bali
BA008849,3089041000586764,SBIN0010482,Nandini Palla
BA008850,3089041000386973,SBIN0010482,Advika Sidhu
BA008851,3089041000904115,SBIN0010482,Tamanna Jani
BA008852,3089041000759388,SBIN0010482,Eiravati Mani
BA008853,3089041000296160,SBIN0010482,Ishita Swamy
BA008854,3089041000576088,SBIN0010482,Rachit Chokshi
BA008855,3089041000992240,SBIN0010482,NEHA SODHI
BA008856,3089041000231495,SBIN0010482,Zayyan Rajagopalan
BA008857,3089041000724927,SBIN0010482,Yashasvi Sachdev
BA008858,3089041000219973,SBIN0010482,Bhanumati Khatri
BA008859,3089041000160767,SBIN0010482,Arin Johal
BA008860,3089041000644177,SBIN0010482,Warda Dewan
BA008861,3089041000550062,SBIN0010482,Pallavi Patla
BA008862,3089041000322807,SBIN0010482,Zarna Dhar
BA008863,3089041000861605,SBIN0010482,Maya Yohannan
BA008864,3089041000354098,SBIN0010482,Aishani Ganesan
BA008865,3089041000746940,SBIN0010482,Kabir Mannan
BA008866,3089041000138778,SBIN0010482,Balveer  Banerjee
BA008867,3089041000809532,SBIN0010482,Ansh Raman
BA008868,3089041000304759,SBIN0010482,Gabriel Modi
BA008869,3089041000697377,SBIN0010482,Anay Nagarajan
BA008870,3089041000612447,SBIN0010482,Arjun Nigam
BA008871,3089041000187126,SBIN0010482,Sathvik Dhar
BA008872,3089041000822499,SBIN0010482,Ishwar Rattan
BA008873,3089041000536533,SBIN0010482,Dakshesh Hora
BA008874,3089041000270989,SBIN0010482,Ekaja Salvi
BA008875,3089041000371474,SBIN0010482,Lakshmi Iyer
BA008876,3089041000749964,SBIN0010482,Gaurav Bhardwaj
BA008877,3089041000255357,SBIN0010482,Baljiwan Ben
BA008878,3089041000799141,SBIN0010482,Dominic Sawhney
BA008879,3089041000518158,SBIN0010482,Aarush Mukherjee
BA008880,3089041000810413,SBIN0010482,Oscar Vyas
BA008881,3089041000543966,SBIN0010482,Gautami Mallick
BA008882,3089041000855403,SBIN0010482,Gautami Gole
BA008883,3089041000542386,SBIN0010482,Victor Bawa
BA008884,3089041000307551,SBIN0010482,Thomas Sawhney
BA008885,3089041000132719,SBIN0010482,Panini Chakrabarti
BA008886,3089041000633303,SBIN0010482,Omisha Ramesh
BA008887,3089041000792485,SBIN0010482,Aryan Vala
BA008888,3089041000440615,SBIN0010482,Logan Devan
BA008889,3089041000941706,SBIN0010482,Zinal Bhavsar
BA008890,3089041000308773,SBIN0010482,Chavvi Shanker
BA008891,3089041000350488,SBIN0010482,Tanvi Aggarwal
BA008892,3089041000341134,SBIN0010482,Thomas Borah
BA008893,3089041000771307,SBIN0010482,Balhaar Palla
BA008894,3089041000768922,SBIN0010482,Yash Anand
BA008895,3089041000918980,SBIN0010482,Widisha Jain
BA008896,3089041000839782,SBIN0010482,Yahvi Mannan
BA008897,3089041000202254,SBIN0010482,Girindra Dash
BA008898,3089041000951821,SBIN0010482,Logan Sami
BA008899,3089041000277019,SBIN0010482,Urvi Reddy
BA008900,3089041000417117,SBIN0010482,Ayush Chawla
BA008901,3089041000916766,SBIN0010482,Vedika Sane
BA008902,3089041000498282,SBIN0010482,Guneet Upadhyay
BA008903,3089041000321132,SBIN0010482,Varenya Rao
BA008904,3089041000872195,SBIN0010482,Tarak Rege
BA008905,3089041000403373,SBIN0010482,Rachana Vora
BA008906,3089041000628128,SBIN0010482,Aryan Chahal
BA008907,3089041000979186,SBIN0010482,Neel Sharaf
BA008908,3089041000768776,SBIN0010482,Orinder Dutt
BA008909,3089041000107334,SBIN0010482,Pavani Sankaran
BA008910,3089041000613961,SBIN0010482,Sachi Varma
BA008911,3089041000504483,SBIN0010482,Robert Sem
BA008912,3089041000913296,SBIN0010482,Frederick Rana
BA008913,3089041000345989,SBIN0010482,Omkaar Grover
BA008914,3089041000368007,SBIN0010482,Ubika Manne
BA008915,3089041000484641,SBIN0010482,Eesha Wason
BA008916,3089041000964578,SBIN0010482,Krishna Naik
BA008917,3089041000469050,SBIN0010482,Vansha Srinivasan
BA008918,3089041000743358,SBIN0010482,Max Saraf
BA008919,3089041000799900,SBIN0010482,Warhi Rai
BA008920,3089041000338545,SBIN0010482,Aryan Guha
BA008921,3089041000908047,SBIN0010482,Aryan Nadig
BA008922,3089041000340135,SBIN0010482,Elijah Mannan
BA008923,3089041000410942,SBIN0010482,Ridhi Chopra
BA008924,3089041000430676,SBIN0010482,Forum Subramanian
BA008925,3089041000542749,SBIN0010482,Ekaraj Dewan
BA008926,3089041000569226,SBIN0010482,Meghana  Panchal
BA008927,3089041000251976,SBIN0010482,Ridhi Buch
BA008928,3089041000398461,SBIN0010482,Darika Vora
BA008929,3089041000289050,SBIN0010482,Balveer Bhalla
BA008930,3089041000866400,SBIN0010482,Caleb Agrawal
BA008931,3089041000551497,SBIN0010482,Adweta Madan
BA008932,3089041000404845,SBIN0010482,Sanya Swamy
BA008933,3089041000215203,SBIN0010482,Ubika Bawa
BA008934,3089041000554523,SBIN0010482,Anay Dhaliwal
BA008935,3089041000904835,SBIN0010482,Andrew Dasgupta
BA008936,3089041000332990,SBIN0010482,Mason Oak
BA008937,3089041000805039,SBIN0010482,Devansh Tripathi
BA008938,3089041000771916,SBIN0010482,Balendra Tak
BA008939,3089041000399434,SBIN0010482,Onveer Bajaj
BA008940,3089041000916703,SBIN0010482,Hemangini Dixit
BA008941,3089041000862225,SBIN0010482,Neel Karan
BA008942,3089041000477300,SBIN0010482,Nikita Kade
BA008943,3089041000642274,SBIN0010482,Amol Rajagopalan
BA008944,3089041000515324,SBIN0010482,Benjamin Arya
BA008945,3089041000427660,SBIN0010482,Rohan Bahri
BA008946,3089041000808383,SBIN0010482,Advika Gera
BA008947,3089041000113982,SBIN0010482,Pallavi Dewan
BA008948,3089041000116953,SBIN0010482,Siya Patla
BA008949,3089041000278308,SBIN0010482,Upasna Mani
BA008950,3089041000784154,SBIN0010482,Eta Talwar
BA008951,3089041000801631,SBIN0010482,Aradhana Mody
BA008952,3089041000534813,SBIN0010482,Jhalak Reddy
BA008953,3089041000654266,SBIN0010482,Aadhya Bawa
BA008954,3089041000223305,SBIN0010482,Waida Joshi
BA008955,3089041000424608,SBIN0010482,Daksha Kulkarni
BA008956,3089041000350669,SBIN0010482,Theodore Kumar
BA008957,3089041000850863,SBIN0010482,Dominic Mand
BA008958,3089041000896550,SBIN0010482,Pushti Yadav
BA008959,3089041000714330,SBIN0010482,Irya Varkey
BA008960,3089041000956440,SBIN0010482,Amrita Toor
BA008961,3089041000672389,SBIN0010482,Chaman Karnik
BA008962,3089041000902975,SBIN0010482,Pushti Dutta
BA008963,3089041000660248,SBIN0010482,Warda Kalita
BA008964,3089041000230465,SBIN0010482,Manya Mistry
BA008965,3089041000725092,SBIN0010482,Wridesh Dube
BA008966,3089041000212822,SBIN0010482,Triveni Solanki
BA008967,3089041000123803,SBIN0010482,Urishilla Agrawal
BA008968,3089041000759352,SBIN0010482,Yagnesh Dutt
BA008969,3089041000862197,SBIN0010482,Tejas Krishnamurthy
BA008970,3089041000620935,SBIN0010482,Yagnesh Sani
BA008971,3089041000565862,SBIN0010482,AZAD PAREKH
BA008972,3089041000594459,SBIN0010482,Dalaja Nagar
BA008973,3089041000101586,SBIN0010482,Jalsa Balay
BA008974,3089041000425144,SBIN0010482,Amruta Rattan
BA008975,3089041000475421,SBIN0010482,Noah Anand
BA008976,3089041000991786,SBIN0010482,Tanvi Hegde
BA008977,3089041000417181,SBIN0010482,Orinder Hayre
BA008978,3089041000645955,SBIN0010482,Unni Sekhon
BA008979,3089041000916867,SBIN0010482,Vrishti Dhar
BA008980,3089041000373716,SBIN0010482,Anamika Pai
BA008981,3089041000443999,SBIN0010482,Wyatt Balakrishnan
BA008982,3089041000687282,SBIN0010482,Oviya Devi
BA008983,3089041000927088,SBIN0010482,Indali Choudhary
BA008984,3089041000263560,SBIN0010482,Balvan Deo
BA008985,3089041000261679,SBIN0010482,Charita Oza
BA008986,3089041000292272,SBIN0010482,Qasim Chandra
BA008987,3089041000634523,SBIN0010482,Shaurya Oza
BA008988,3089041000966878,SBIN0010482,Dhruv Dewan
BA008989,3089041000107849,SBIN0010482,Alka Kaul
BA008990,3089041000809484,SBIN0010482,Vyanjana Narayanan
BA008991,3089041000587498,SBIN0010482,Farhan Chaudhry
BA008992,3089041000303197,SBIN0010482,Lucky Khare
BA008993,3089041000396680,SBIN0010482,Ayush Maharaj
BA008994,3089041000669044,SBIN0010482,Nandini Parmar
BA008995,3089041000579111,SBIN0010482,Triveni Lalla
BA008996,3089041000968593,SBIN0010482,RADHA RAI
BA008997,3089041000915573,SBIN0010482,Hemangini Choudhry
BA008998,3089041000132849,SBIN0010482,Januja Tandon
BA008999,3089041000122166,SBIN0010482,Reyansh Palla
BA009000,3089041000315602,SBIN0010482,Brinda Oommen
BA009001,3089041000183456,SBIN0010482,Aashi Sankar
BA009002,3089041000292358,SBIN0010482,Faris  Kata
BA009003,3089041000942125,SBIN0010482,Girindra Brar
BA009004,3089041000586610,SBIN0010482,Daksha Padmanabhan
BA009005,3089041000234212,SBIN0010482,Dhriti Kannan
BA009006,3089041000721392,SBIN0010482,Azad Sahni
BA009007,3089041000817730,SBIN0010482,Urvi Grewal
BA009008,3089041000801671,SBIN0010482,Ojasvi Shah
BA009009,3089041000755813,SBIN0010482,Yug Sathe
BA009010,3089041000394693,SBIN0010482,Lekha Chandran
BA009011,3089041000450598,SBIN0010482,Gabriel Nadkarni
BA009012,3089041000152641,SBIN0010482,Kavya Sampath
BA009013,3089041000396289,SBIN0010482,Pavani Kurian
BA009014,3089041000980951,SBIN0010482,Oscar Samra
BA009015,3089041000649943,SBIN0010482,Yoshita Kurian
BA009016,3089041000691230,SBIN0010482,Yasti Sathe
BA009017,3089041000117349,SBIN0010482,Nathaniel Atwal
BA009018,3089041000260655,SBIN0010482,Panini Kaur
BA009019,3089041000220211,SBIN0010482,Raagini Khosla
BA009020,3089041000738507,SBIN0010482,Wahab Nayar
BA009021,3089041000177390,SBIN0010482,Rajata Tak
BA009022,3089041000535732,SBIN0010482,Deepa Nayak
BA009023,3089041000587223,SBIN0010482,Forum Zacharia
BA009024,3089041000415839,SBIN0010482,Jeremiah Sahota
BA009025,3089041000705463,SBIN0010482,Vedant Chaudhry
BA009026,3089041000852528,SBIN0010482,Tanveer Mand
BA009027,3089041000918320,SBIN0010482,Balvan Morar
BA009028,3089041000237416,SBIN0010482,Gautam Manne
BA009029,3089041000443962,SBIN0010482,Dakshesh Dhillon
BA009030,3089041000355556,SBIN0010482,Xavier Rattan
BA009031,3089041000359125,SBIN0010482,Jeevika Batra
BA009032,3089041000978192,SBIN0010482,Parth Khanna
BA009033,3089041000239057,SBIN0010482,Yatin Kumer
BA009034,3089041000649153,SBIN0010482,Urishilla Pathak
BA009035,3089041000475118,SBIN0010482,RIYA RADHAKRISHNAN
BA009036,3089041000175761,SBIN0010482,Qasim Bhatt
BA009037,3089041000184014,SBIN0010482,Garima Master
BA009038,3089041000956389,SBIN0010482,Bhavika Kuruvilla
BA009039,3089041000862653,SBIN0010482,Frederick Verma
BA009040,3089041000729155,SBIN0010482,Chandani Kothari
BA009041,3089041000114814,SBIN0010482,Kashish Kar
BA009042,3089041000274084,SBIN0010482,Balvan Dugar
BA009043,3089041000187873,SBIN0010482,Veda Dani
BA009044,3089041000393414,SBIN0010482,Ekani Babu
BA009045,3089041000434598,SBIN0010482,Manan Contractor
BA009046,3089041000135126,SBIN0010482,Jonathan Ramakrishnan
BA009047,3089041000854793,SBIN0010482,Devansh Seth
BA009048,3089041000410356,SBIN0010482,Neel Upadhyay
BA009049,3089041000279643,SBIN0010482,Prisha Dhaliwal
BA009050,3089041000197992,SBIN0010482,Chatresh Thakur
BA009051,3089041000645812,SBIN0010482,Veer Dugal
BA009052,3089041000633116,SBIN0010482,Guneet Koshy
BA009053,3089041000819522,SBIN0010482,Faqid Nagy
BA009054,3089041000511385,SBIN0010482,Tejas Sharma
BA009055,3089041000414603,SBIN0010482,Veda Comar
BA009056,3089041000820300,SBIN0010482,Jagrati Devan
BA009057,3089041000758970,SBIN0010482,Vinaya Agarwal
BA009058,3089041000573393,SBIN0010482,Brinda Pal
BA009059,3089041000819427,SBIN0010482,Kashvi Hegde
BA009060,3089041000762242,SBIN0010482,Aachal Mahal
BA009061,3089041000882952,SBIN0010482,Charan Anne
BA009062,3089041000535714,SBIN0010482,Abeer Deep
BA009063,3089041000828978,SBIN0010482,Yagnesh Talwar
BA009064,3089041000125045,SBIN0010482,Tanay Mukherjee
BA009065,3089041000608383,SBIN0010482,Christopher Garde
BA009066,3089041000347734,SBIN0010482,Yahvi Ratta
BA009067,3089041000112134,SBIN0010482,Mekhala Batta
BA009068,3089041000522561,SBIN0010482,Champak Magar
BA009069,3089041000589937,SBIN0010482,Samesh Mahajan
BA009070,3089041000231623,SBIN0010482,Tripti Pall
BA009071,3089041000199787,SBIN0010482,Ekapad Yadav
BA009072,3089041000592403,SBIN0010482,Wriddhish Samra
BA009073,3089041000351531,SBIN0010482,Chaitanya Borra
BA009074,3089041000422979,SBIN0010482,Kevin Sekhon
BA009075,3089041000991167,SBIN0010482,Ekbal Bava
BA009076,3089041000777439,SBIN0010482,Harish Kohli
BA009077,3089041000372399,SBIN0010482,Avni Prashad
BA009078,3089041000553769,SBIN0010482,Harish Mukherjee
BA009079,3089041000587189,SBIN0010482,Manthan  Agate
BA009080,3089041000177124,SBIN0010482,Wahab Wason
BA009081,3089041000621379,SBIN0010482,Janaki Keer
BA009082,3089041000269161,SBIN0010482,Azad Hegde
BA009083,3089041000650747,SBIN0010482,Lila Virk
BA009084,3089041000945443,SBIN0010482,Nirja Kapadia
BA009085,3089041000696978,SBIN0010482,Aditya Khanna
BA009086,3089041000937502,SBIN0010482,Varenya Korpal
BA009087,3089041000648216,SBIN0010482,Advik Shukla
BA009088,3089041000699708,SBIN0010482,Vedika Sangha
BA009089,3089041000274428,SBIN0010482,Qarin Batra
BA009090,3089041000534885,SBIN0010482,Arin Pandya
BA009091,3089041000540716,SBIN0010482,Faris Kurian
BA009092,3089041000467510,SBIN0010482,Chandresh Som
BA009093,3089041000358852,SBIN0010482,Tanmayi Comar
BA009094,3089041000797660,SBIN0010482,Wyatt Luthra
BA009095,3089041000821315,SBIN0010482,Ayaan Walia
BA009096,3089041000984345,SBIN0010482,Hemang Gole
BA009097,3089041000743015,SBIN0010482,TARA AHUJA
BA009098,3089041000677592,SBIN0010482,Faris Choudhary
BA009099,3089041000626288,SBIN0010482,Alka Modi
BA009100,3089041000604274,SBIN0010482,Aashi Patla
BA009101,3089041000767887,SBIN0010482,Urmi Dhar
BA009102,3089041000102413,SBIN0010482,Hemangini Nigam
BA009103,3089041000880361,SBIN0010482,Ishwar Grewal
BA009104,3089041000635703,SBIN0010482,Priya Tara
BA009105,3089041000455982,SBIN0010482,Warinder Sarna
BA009106,3089041000610438,SBIN0010482,Jackson Thaker
BA009107,3089041000167647,SBIN0010482,Lohit Sandal
BA009108,3089041000355939,SBIN0010482,Irya Rattan
BA009109,3089041000852690,SBIN0010482,Krish Ratti
BA009110,3089041000466400,SBIN0010482,Ridhi Kanda
BA009111,3089041000632410,SBIN0010482,Kashish Patla
BA009112,3089041000870447,SBIN0010482,Sarthak Shanker
BA009113,3089041000781282,SBIN0010482,Rohan Vohra
BA009114,3089041000415559,SBIN0010482,Bhavini Batra
BA009115,3089041000467130,SBIN0010482,Logan Kalla
BA009116,3089041000579353,SBIN0010482,Lajita Biswas
BA009117,3089041000747213,SBIN0010482,Chameli Raman
BA009118,3089041000615618,SBIN0010482,Patrick Talwar
BA009119,3089041000200880,SBIN0010482,Samarth Kamdar
BA009120,3089041000176979,SBIN0010482,Chaman Choudhry
BA009121,3089041000880467,SBIN0010482,Tanvi Saha
BA009122,3089041000448637,SBIN0010482,Chanchal Ghosh
BA009123,3089041000126653,SBIN0010482,Kavya Grewal
BA009124,3089041000390001,SBIN0010482,Yasti Karan
BA009125,3089041000949393,SBIN0010482,Mekhala Wali
BA009126,3089041000917921,SBIN0010482,Sarthak Sagar
BA009127,3089041000878001,SBIN0010482,Varenya Bala
BA009128,3089041000333000,SBIN0010482,Lipika Munshi
BA009129,3089041000317922,SBIN0010482,Lila Uppal
BA009130,3089041000865827,SBIN0010482,Anthony Kalita
BA009131,3089041000565391,SBIN0010482,Vihaan Aggarwal
BA009132,3089041000887407,SBIN0010482,Arunima Kannan
BA009133,3089041000801787,SBIN0010482,Vedant Ratti
BA009134,3089041000218429,SBIN0010482,Farhan Padmanabhan
BA009135,3089041000715101,SBIN0010482,Maanav Comar
BA009136,3089041000149485,SBIN0010482,Vasudha Bhardwaj
BA009137,3089041000502335,SBIN0010482,Forum Kapoor
BA009138,3089041000910883,SBIN0010482,Devansh Bassi
BA009139,3089041000447525,SBIN0010482,Chandresh Purohit
BA009140,3089041000790073,SBIN0010482,GIRINDRA BUMB
BA009141,3089041000598399,SBIN0010482,Onkar Dave
BA009142,3089041000110641,SBIN0010482,Avni  Srinivasan
BA009143,3089041000858382,SBIN0010482,Zilmil Hans
BA009144,3089041000970703,SBIN0010482,Gagan Yadav
BA009145,3089041000981691,SBIN0010482,Sanya Rattan
BA009146,3089041000911052,SBIN0010482,Varsha Natt
BA009147,3089041000434472,SBIN0010482,Zayyan Sood
BA009148,3089041000614049,SBIN0010482,Saumya Bhandari
BA009149,3089041000253807,SBIN0010482,Neel Deshmukh
BA009150,3089041000601892,SBIN0010482,Vritti Dash
BA009151,3089041000855167,SBIN0010482,Arya Rout
BA009152,3089041000476341,SBIN0010482,Omisha Parekh
BA009153,3089041000163292,SBIN0010482,Harsh Andra
BA009154,3089041000641982,SBIN0010482,Faraj Tailor
BA009155,3089041000124270,SBIN0010482,Dhriti Ray
BA009156,3089041000345066,SBIN0010482,Girindra Reddy
BA009157,3089041000141613,SBIN0010482,Girindra Ganguly
BA009158,3089041000872860,SBIN0010482,Jeevika  Pandey
BA009159,3089041000763313,SBIN0010482,Pranav Sachdeva
BA009160,3089041000373399,SBIN0010482,Omya Mody
BA009161,3089041000528036,SBIN0010482,Tejas Sura
BA009162,3089041000164580,SBIN0010482,Gaurang Kakar
BA009163,3089041000305439,SBIN0010482,Manya Wali
BA009164,3089041000281894,SBIN0010482,Champak  Comar
BA009165,3089041000942192,SBIN0010482,Agastya Tata
BA009166,3089041000798427,SBIN0010482,Pooja Tak
BA009167,3089041000434108,SBIN0010482,Ranbir Garg
BA009168,3089041000995459,SBIN0010482,Lopa Kapadia
BA009169,3089041000295670,SBIN0010482,Oviya Dara
BA009170,3089041000872263,SBIN0010482,Faraj Singhal
BA009171,3089041000104272,SBIN0010482,Amrita Bansal
BA009172,3089041000967111,SBIN0010482,Dayita Bhalla
BA009173,3089041000911302,SBIN0010482,Vamakshi Gade
BA009174,3089041000388480,SBIN0010482,Chakrika Prabhu
BA009175,3089041000375807,SBIN0010482,Yahvi Kar
BA009176,3089041000783863,SBIN0010482,Oviya Keer
BA009177,3089041000781692,SBIN0010482,Michael Subramaniam
BA009178,3089041000426432,SBIN0010482,Tejas Dube
BA009179,3089041000286981,SBIN0010482,Ekanta Oommen
BA009180,3089041000722902,SBIN0010482,Raksha Magar
BA009181,3089041000217911,SBIN0010482,Qarin Naidu
BA009182,3089041000530364,SBIN0010482,Aachal Tak
BA009183,3089041000885962,SBIN0010482,Praneel Cherian
BA009184,3089041000327080,SBIN0010482,Raghav Ravi
BA009185,3089041000792373,SBIN0010482,Jairaj Rana
BA009186,3089041000836674,SBIN0010482,Advika Parmar
BA009187,3089041000363616,SBIN0010482,Guneet Johal
BA009188,3089041000168449,SBIN0010482,Eesha Kaur
BA009189,3089041000840739,SBIN0010482,Dipta Ramachandran
BA009190,3089041000988631,SBIN0010482,Charles Kibe
BA009191,3089041000247025,SBIN0010482,Upma Ratta
BA009192,3089041000229129,SBIN0010482,Chakradhar Sangha
BA009193,3089041000489358,SBIN0010482,Janani Yohannan
BA009194,3089041000131662,SBIN0010482,Krishna Mall
BA009195,3089041000493899,SBIN0010482,Patrick Chokshi
BA009196,3089041000590615,SBIN0010482,Veda Guha
BA009197,3089041000786139,SBIN0010482,Girik Sahota
BA009198,3089041000910711,SBIN0010482,Yashoda Bhatt
BA009199,3089041000884131,SBIN0010482,Samuel Kale
BA009200,3089041000526414,SBIN0010482,Rehaan Sanghvi
BA009201,3089041000850022,SBIN0010482,Ayush Sridhar
BA009202,3089041000337374,SBIN0010482,Jai Srinivas
BA009203,3089041000208973,SBIN0010482,Chaaya Apte
BA009204,3089041000430351,SBIN0010482,Dalaja Deo
BA009205,3089041000167413,SBIN0010482,Onkar Madan
BA009206,3089041000862556,SBIN0010482,Victor Bhat
BA009207,3089041000821415,SBIN0010482,Yatan Goyal
BA009208,3089041000920036,SBIN0010482,Radha Munshi
BA009209,3089041000266322,SBIN0010482,Akshay Chandra
BA009210,3089041000488531,SBIN0010482,Dayita Mannan
BA009211,3089041000416411,SBIN0010482,Om Minhas
BA009212,3089041000458001,SBIN0010482,Nachiket Balasubramanian
BA009213,3089041000298641,SBIN0010482,Ati Konda
BA009214,3089041000960956,SBIN0010482,Abhimanyu Morar
BA009215,3089041000310693,SBIN0010482,Nisha Panchal
BA009216,3089041000442983,SBIN0010482,Jacob Varma
BA009217,3089041000798478,SBIN0010482,Dhruv Nayar
BA009218,3089041000188865,SBIN0010482,Anusha Anand
BA009219,3089041000151382,SBIN0010482,Harshil More
BA009220,3089041000457051,SBIN0010482,Indali Hans
BA009221,3089041000100073,SBIN0010482,Reyansh Sibal
BA009222,3089041000602912,SBIN0010482,Ekaja Mukhopadhyay
BA009223,3089041000475148,SBIN0010482,Charita Nair
BA009224,3089041000427926,SBIN0010482,Daksh Trivedi
BA009225,3089041000651717,SBIN0010482,Lekha Borra
BA009226,3089041000553256,SBIN0010482,Avi Iyengar
BA009227,3089041000460045,SBIN0010482,Leela Nagarajan
BA009228,3089041000853183,SBIN0010482,Pratyush Gill
BA009229,3089041000603186,SBIN0010482,Owen Khurana
BA009230,3089041000928049,SBIN0010482,Lavanya Raj
BA009231,3089041000575988,SBIN0010482,Pallavi Ghose
BA009232,3089041000379432,SBIN0010482,Idika Kaur
BA009233,3089041000257806,SBIN0010482,Leela Chander
BA009234,3089041000915989,SBIN0010482,Girik Bhattacharyya
BA009235,3089041000987245,SBIN0010482,Amol Kashyap
BA009236,3089041000731637,SBIN0010482,Jonathan Mand
BA009237,3089041000418690,SBIN0010482,Chaitaly Agate
BA009238,3089041000785540,SBIN0010482,Panini Goel
BA009239,3089041000661883,SBIN0010482,Anamika Rout
BA009240,3089041000694894,SBIN0010482,Saksham Mital
BA009241,3089041000117812,SBIN0010482,Wazir Kurian
BA009242,3089041000855416,SBIN0010482,Urmi Prabhakar
BA009243,3089041000680371,SBIN0010482,Lakshmi Sarin
BA009244,3089041000711093,SBIN0010482,Baljiwan Tripathi
BA009245,3089041000385375,SBIN0010482,Janaki Mani
BA009246,3089041000659019,SBIN0010482,Bhavani Krish
BA009247,3089041000671772,SBIN0010482,Leela Deol
BA009248,3089041000743141,SBIN0010482,Hemal Bail
BA009249,3089041000331961,SBIN0010482,Amruta Jayaraman
BA009250,3089041000853454,SBIN0010482,Anthony Palan
BA009251,3089041000588848,SBIN0010482,Kashvi Magar
BA009252,3089041000244532,SBIN0010482,Abhiram Kothari
BA009253,3089041000657695,SBIN0010482,Pahal Mander
BA009254,3089041000612407,SBIN0010482,Shaurya Naidu
BA009255,3089041000190266,SBIN0010482,Upma Ravel
BA009256,3089041000306908,SBIN0010482,Chaitanya Kuruvilla
BA009257,3089041000215317,SBIN0010482,Jeet Virk
BA009258,3089041000345221,SBIN0010482,Aayush Barad
BA009259,3089041000144538,SBIN0010482,Anusha Deshpande
BA009260,3089041000639239,SBIN0010482,Simon Maharaj
BA009261,3089041000657064,SBIN0010482,Neelima Purohit
BA009262,3089041000783504,SBIN0010482,Qushi Sengupta
BA009263,3089041000113724,SBIN0010482,Tanmayi Babu
BA009264,3089041000587402,SBIN0010482,HREDHAAN SHANKAR
BA009265,3089041000929074,SBIN0010482,Rachita Behl
BA009266,3089041000674255,SBIN0010482,Advika Sarraf
BA009267,3089041000692736,SBIN0010482,FARIS BAL
BA009268,3089041000410007,SBIN0010482,Abha Sem
BA009269,3089041000311191,SBIN0010482,Gayathri Ramanathan
BA009270,3089041000239247,SBIN0010482,Jagrati Sahota
BA009271,3089041000105265,SBIN0010482,Eshana Acharya
BA009272,3089041000216031,SBIN0010482,Faraj Tiwari
BA009273,3089041000201288,SBIN0010482,Anmol Char
BA009274,3089041000727713,SBIN0010482,Vyanjana Master
BA009275,3089041000500710,SBIN0010482,Pratyush Jayaraman
BA009276,3089041000952818,SBIN0010482,Sarthak Pillai
BA009277,3089041000267867,SBIN0010482,Zansi Narang
BA009278,3089041000968476,SBIN0010482,Arunima Naik
BA009279,3089041000436264,SBIN0010482,Gautami Rege
BA009280,3089041000589174,SBIN0010482,Veer Sundaram
BA009281,3089041000844888,SBIN0010482,Deepa Bath
BA009282,3089041000324298,SBIN0010482,Aishani Gokhale
BA009283,3089041000432746,SBIN0010482,Ekbal Sinha
BA009284,3089041000803906,SBIN0010482,Garima Sehgal
BA009285,3089041000932470,SBIN0010482,Charita Bandi
BA009286,3089041000515276,SBIN0010482,Ganga Bhalla
BA009287,3089041000701144,SBIN0010482,Ekiya Swaminathan
BA009288,3089041000564347,SBIN0010482,Orinder Puri
BA009289,3089041000840585,SBIN0010482,Yoshita Bora
BA009290,3089041000825885,SBIN0010482,Zaid Varughese
BA009291,3089041000925842,SBIN0010482,Yash Ray
BA009292,3089041000245814,SBIN0010482,Lekha Hayre
BA009293,3089041000834788,SBIN0010482,Yauvani Panchal
BA009294,3089041000859056,SBIN0010482,Anirudh Chad
BA009295,3089041000606997,SBIN0010482,Fariq  Dhaliwal
BA009296,3089041000748829,SBIN0010482,Krishna Nath
BA009297,3089041000226722,SBIN0010482,Sathvik Agarwal
BA009298,3089041000884803,SBIN0010482,Yahvi Pillay
BA009299,3089041000411302,SBIN0010482,Vrishti Sharaf
BA009300,3089041000461558,SBIN0010482,Krisha Soman
BA009301,3089041000308481,SBIN0010482,Tarak Ram
BA009302,3089041000846231,SBIN0010482,Oeshi Din
BA009303,3089041000456241,SBIN0010482,Rishi Sami
BA009304,3089041000520897,SBIN0010482,Zehaan Modi
BA009305,3089041000910931,SBIN0010482,Siddharth Kuruvilla
BA009306,3089041000928145,SBIN0010482,Yashoda Purohit
BA009307,3089041000658505,SBIN0010482,Viraj Cheema
BA009308,3089041000431428,SBIN0010482,Matthew Hayre
BA009309,3089041000637262,SBIN0010482,Kamala Sarraf
BA009310,3089041000526556,SBIN0010482,Gaurang Sood
BA009311,3089041000996108,SBIN0010482,Saumya Kannan
BA009312,3089041000682945,SBIN0010482,Sanya Mitra
BA009313,3089041000653584,SBIN0010482,Ishanvi Shenoy
BA009314,3089041000730653,SBIN0010482,Priya Ghose
BA009315,3089041000583408,SBIN0010482,Laban Rama
BA009316,3089041000650444,SBIN0010482,Manya Saxena
BA009317,3089041000229703,SBIN0010482,Benjamin Upadhyay
BA009318,3089041000243702,SBIN0010482,Warhi Lanka
BA009319,3089041000478510,SBIN0010482,Kavya Mahajan
BA009320,3089041000778209,SBIN0010482,Wriddhish Mangal
BA009321,3089041000670304,SBIN0010482,Lakshit Pandya
BA009322,3089041000186394,SBIN0010482,Sanaya Sharaf
BA009323,3089041000206116,SBIN0010482,Ayaan Khatri
BA009324,3089041000642108,SBIN0010482,Lopa Shroff
BA009325,3089041000481715,SBIN0010482,Vaishnavi Manda
BA009326,3089041000138071,SBIN0010482,Alka Doctor
BA009327,3089041000651772,SBIN0010482,Varsha Sama
BA009328,3089041000961574,SBIN0010482,Isha Buch
BA009329,3089041000597814,SBIN0010482,Sai Panchal
BA009330,3089041000257145,SBIN0010482,Chanchal Chakrabarti
BA009331,3089041000596816,SBIN0010482,Edhitha Sinha
BA009332,3089041000100164,SBIN0010482,Sarthak Bhargava
BA009333,3089041000785697,SBIN0010482,Bachittar Batra
BA009334,3089041000973258,SBIN0010482,Bahadurjit Rege
BA009335,3089041000256938,SBIN0010482,Mitali Parikh
BA009336,3089041000911915,SBIN0010482,Wyatt Mannan
BA009337,3089041000248234,SBIN0010482,Hemal Konda
BA009338,3089041000813972,SBIN0010482,Pahal Pau
BA009339,3089041000919326,SBIN0010482,Hema Gole
BA009340,3089041000544283,SBIN0010482,Kalpit Sabharwal
BA009341,3089041000960362,SBIN0010482,Azad Arya
BA009342,3089041000680041,SBIN0010482,Abha Shukla
BA009343,3089041000790648,SBIN0010482,Farhan Boase
BA009344,3089041000338308,SBIN0010482,Yatan  Morar
BA009345,3089041000339748,SBIN0010482,Oviya Brahmbhatt
BA009346,3089041000739311,SBIN0010482,Yachana Rastogi
BA009347,3089041000348513,SBIN0010482,Faris Chadha
BA009348,3089041000791573,SBIN0010482,Eesha Thakkar
BA009349,3089041000246925,SBIN0010482,Sara Malhotra
BA009350,3089041000601973,SBIN0010482,Pooja Bose
BA009351,3089041000687910,SBIN0010482,Damini Singhal
BA009352,3089041000401792,SBIN0010482,Pavani Chander
BA009353,3089041000404489,SBIN0010482,Yasti Sur
BA009354,3089041000135038,SBIN0010482,Avni Shenoy
BA009355,3089041000266765,SBIN0010482,Mugdha Rajagopal
BA009356,3089041000147580,SBIN0010482,Amol Pradhan
BA009357,3089041000970933,SBIN0010482,Jyoti Raval
BA009358,3089041000785563,SBIN0010482,Kavya Badal
BA009359,3089041000671288,SBIN0010482,Anya Gala
BA009360,3089041000528499,SBIN0010482,Vincent Aggarwal
BA009361,3089041000407572,SBIN0010482,Quincy Taneja
BA009362,3089041000457513,SBIN0010482,Bhavika Badal
BA009363,3089041000392868,SBIN0010482,Arunima Srivastava
BA009364,3089041000254666,SBIN0010482,Pahal Ghosh
BA009365,3089041000410065,SBIN0010482,Ekalinga Kulkarni
BA009366,3089041000918214,SBIN0010482,Isha Bhavsar
BA009367,3089041000498398,SBIN0010482,Gaurang Wali
BA009368,3089041000302866,SBIN0010482,Krisha Bali
BA009369,3089041000586136,SBIN0010482,Vedhika Mohanty
BA009370,3089041000378505,SBIN0010482,Yagnesh Kala
BA009371,3089041000971633,SBIN0010482,Zehaan Setty
BA009372,3089041000737633,SBIN0010482,Oliver Lal
BA009373,3089041000546574,SBIN0010482,Chandani Mittal
BA009374,3089041000820625,SBIN0010482,Aarnav Guha
BA009375,3089041000732015,SBIN0010482,Adweta Manda
BA009376,3089041000268330,SBIN0010482,Anay Ganesan
BA009377,3089041000107862,SBIN0010482,Yamini Srivastava
BA009378,3089041000777095,SBIN0010482,Ishanvi Butala
BA009379,3089041000711799,SBIN0010482,Odika Mukherjee
BA009380,3089041000786599,SBIN0010482,Varenya Mittal
BA009381,3089041000514617,SBIN0010482,Samar Chana
BA009382,3089041000234143,SBIN0010482,JEEVIKA BOSE
BA009383,3089041000183195,SBIN0010482,Abhiram Dhaliwal
BA009384,3089041000457523,SBIN0010482,Yoshita Prakash
BA009385,3089041000541727,SBIN0010482,Amara Sahota
BA009386,3089041000767287,SBIN0010482,Farhan Palla
BA009387,3089041000734777,SBIN0010482,Janya Ganesh
BA009388,3089041000543222,SBIN0010482,Vrinda Narang
BA009389,3089041000180351,SBIN0010482,Dalbir Virk
BA009390,3089041000346847,SBIN0010482,Faqid Garde
BA009391,3089041000356977,SBIN0010482,Ganga Patel
BA009392,3089041000196400,SBIN0010482,Krisha Sharma
BA009393,3089041000891103,SBIN0010482,Pranav Kale
BA009394,3089041000634456,SBIN0010482,Gunbir Kannan
BA009395,3089041000255604,SBIN0010482,Gavin Barman
BA009396,3089041000968563,SBIN0010482,Rohan Walia
BA009397,3089041000788032,SBIN0010482,Aarna Rajan
BA009398,3089041000299134,SBIN0010482,Aashi Datta
BA009399,3089041000605279,SBIN0010482,Devika Dugar
BA009400,3089041000161950,SBIN0010482,Kala Sheth
BA009401,3089041000887825,SBIN0010482,Charles Chaudry
BA009402,3089041000464754,SBIN0010482,Dev Varma
BA009403,3089041000118264,SBIN0010482,Mohammed Sodhi
BA009404,3089041000525011,SBIN0010482,Chakrika Chana
BA009405,3089041000281496,SBIN0010482,Chakrika Ratti
BA009406,3089041000158717,SBIN0010482,Ronith Krish
BA009407,3089041000849213,SBIN0010482,Gaurangi Parekh
BA009408,3089041000846189,SBIN0010482,Rohan Bhagat
BA009409,3089041000998286,SBIN0010482,Ekani Kapoor
BA009410,3089041000963101,SBIN0010482,Ranveer Bhargava
BA009411,3089041000498460,SBIN0010482,Chaman Anne
BA009412,3089041000632245,SBIN0010482,Ridhi Walia
BA009413,3089041000403726,SBIN0010482,Harish Batta
BA009414,3089041000381069,SBIN0010482,Jalsa Mitter
BA009415,3089041000591548,SBIN0010482,Ekaja Shan
BA009416,3089041000519661,SBIN0010482,Rachana Khanna
BA009417,3089041000574472,SBIN0010482,Eshana Mitter
BA009418,3089041000787285,SBIN0010482,Qarin Chaudhari
BA009419,3089041000661734,SBIN0010482,Niharika Loke
BA009420,3089041000674464,SBIN0010482,Michael Bhakta
BA009421,3089041000437235,SBIN0010482,Damyanti Butala
BA009422,3089041000662227,SBIN0010482,Arin Saini
BA009423,3089041000803609,SBIN0010482,Lavanya Rai
BA009424,3089041000319202,SBIN0010482,Anay Bhargava
BA009425,3089041000595432,SBIN0010482,Nathaniel Krishna
BA009426,3089041000200003,SBIN0010482,Jatin Ravel
BA009427,3089041000601749,SBIN0010482,Omisha Thakur
BA009428,3089041000351643,SBIN0010482,Max Chacko
BA009429,3089041000773715,SBIN0010482,Ishani Ratti
BA009430,3089041000578734,SBIN0010482,Lakshmi Raj
BA009431,3089041000609136,SBIN0010482,Azaan Wadhwa
BA009432,3089041000912262,SBIN0010482,Anika Taneja
BA009433,3089041000656319,SBIN0010482,Aarush Apte
BA009434,3089041000815639,SBIN0010482,Victor Dewan
BA009435,3089041000590422,SBIN0010482,Waida Dayal
BA009436,3089041000178456,SBIN0010482,Tamanna Bawa
BA009437,3089041000540167,SBIN0010482,Nakul Dhingra
BA009438,3089041000903142,SBIN0010482,Chakradhar Sheth
BA009439,3089041000486267,SBIN0010482,Harinakshi Tak
BA009440,3089041000817386,SBIN0010482,Aachal Halder
BA009441,3089041000763361,SBIN0010482,Jason Dhillon
BA009442,3089041000436329,SBIN0010482,GAURANG MERCHANT
BA009443,3089041000827973,SBIN0010482,Quincy Basu
BA009444,3089041000755188,SBIN0010482,Yauvani Bajaj
BA009445,3089041000329168,SBIN0010482,Zaitra Ratta
BA009446,3089041000954049,SBIN0010482,Lajita Bassi
BA009447,3089041000660805,SBIN0010482,Ayush Ghose
BA009448,3089041000379946,SBIN0010482,Adweta Arya
BA009449,3089041000376780,SBIN0010482,Jagrati Mital
BA009450,3089041000802431,SBIN0010482,Adya Seshadri
BA009451,3089041000882525,SBIN0010482,Harita Barman
BA009452,3089041000111698,SBIN0010482,Aarini Chacko
BA009453,3089041000685027,SBIN0010482,Rajata Ramanathan
BA009454,3089041000134967,SBIN0010482,Samarth Banik
BA009455,3089041000255996,SBIN0010482,Lopa Narayan
BA009456,3089041000332610,SBIN0010482,Raagini Desai
BA009457,3089041000248327,SBIN0010482,Yutika Swamy
BA009458,3089041000381911,SBIN0010482,Lakshmi Palan
BA009459,3089041000586123,SBIN0010482,Wazir Borah
BA009460,3089041000278162,SBIN0010482,Lopa Ben
BA009461,3089041000269050,SBIN0010482,Kabir Devi
BA009462,3089041000503283,SBIN0010482,Gaurang Chaudhari
BA009463,3089041000779739,SBIN0010482,Lavanya Andra
BA009464,3089041000285468,SBIN0010482,Vasatika Malhotra
BA009465,3089041000804065,SBIN0010482,Fariq Aurora
BA009466,3089041000291036,SBIN0010482,Yashodhara Badal
BA009467,3089041000744997,SBIN0010482,Forum Dara
BA009468,3089041000274434,SBIN0010482,Ekantika Korpal
BA009469,3089041000859331,SBIN0010482,Bimala Morar
BA009470,3089041000125373,SBIN0010482,Jairaj Lad
BA009471,3089041000713382,SBIN0010482,Champak Pathak
BA009472,3089041000908117,SBIN0010482,Darika Sastry
BA009473,3089041000214693,SBIN0010482,Wriddhish Parmer
BA009474,3089041000984514,SBIN0010482,Nilima Som
BA009475,3089041000546123,SBIN0010482,Daksh Narula
BA009476,3089041000484386,SBIN0010482,Jonathan Ramesh
BA009477,3089041000795094,SBIN0010482,Abhiram Kumer
BA009478,3089041000165678,SBIN0010482,Odika Narula
BA009479,3089041000405414,SBIN0010482,Manthan Ganesan
BA009480,3089041000124068,SBIN0010482,Quincy Dutt
BA009481,3089041000732815,SBIN0010482,Aarav Choudhry
BA009482,3089041000745922,SBIN0010482,Mitesh Korpal
BA009483,3089041000912155,SBIN0010482,Shaurya Barman
BA009484,3089041000769968,SBIN0010482,Yashvi Varkey
BA009485,3089041000109774,SBIN0010482,Prisha Wason
BA009486,3089041000850789,SBIN0010482,Pahal Sundaram
BA009487,3089041000859212,SBIN0010482,Warhi Thakkar
BA009488,3089041000585638,SBIN0010482,Mohini Mallick
BA009489,3089041000379286,SBIN0010482,Theodore Srinivasan
BA009490,3089041000900104,SBIN0010482,Avni Nanda
BA009491,3089041000411569,SBIN0010482,Gaurika Din
BA009492,3089041000645907,SBIN0010482,Vihaan Parikh
BA009493,3089041000435866,SBIN0010482,Finn Sridhar
BA009494,3089041000359409,SBIN0010482,Hemangini Narayan
BA009495,3089041000177402,SBIN0010482,Yahvi Suresh
BA009496,3089041000950068,SBIN0010482,Tanvi Malhotra
BA009497,3089041000209578,SBIN0010482,Devansh Manne
BA009498,3089041000103238,SBIN0010482,Naksh Sangha
BA009499,3089041000220152,SBIN0010482,Ekantika Dara
BA009500,3089041000776317,SBIN0010482,Waida Samra
BA009501,3089041000118656,SBIN0010482,Gaurika Kapur
BA009502,3089041000163642,SBIN0010482,Niharika Parekh
BA009503,3089041000770264,SBIN0010482,Ekbal Parmar
BA009504,3089041000319982,SBIN0010482,Deepa Choudhury
BA009505,3089041000846760,SBIN0010482,Ridhi Wagle
BA009506,3089041000286256,SBIN0010482,Wazir Anand
BA009507,3089041000453046,SBIN0010482,Samuel Panchal
BA009508,3089041000979745,SBIN0010482,Darsh Choudhary
BA009509,3089041000890320,SBIN0010482,Rehaan Barad
BA009510,3089041000923396,SBIN0010482,Falak Soman
BA009511,3089041000527604,SBIN0010482,Orinder Mand
BA009512,3089041000254981,SBIN0010482,Jonathan Viswanathan
BA009513,3089041000869423,SBIN0010482,Tanveer Mody
BA009514,3089041000738014,SBIN0010482,Varsha Raj
BA009515,3089041000451708,SBIN0010482,Chanakya Venkatesh
BA009516,3089041000535342,SBIN0010482,Rajata Bawa
BA009517,3089041000155067,SBIN0010482,Yashawini Bandi
BA009518,3089041000537115,SBIN0010482,Abhiram Jani
BA009519,3089041000820399,SBIN0010482,Charita Ahluwalia
BA009520,3089041000571134,SBIN0010482,Gauri Kanda
BA009521,3089041000346775,SBIN0010482,Wyatt Prasad
BA009522,3089041000302482,SBIN0010482,Mugdha Sunder
BA009523,3089041000256990,SBIN0010482,Hiral Narain
BA009524,3089041000880518,SBIN0010482,Anjali Saha
BA009525,3089041000104554,SBIN0010482,Hemani Konda
BA009526,3089041000424805,SBIN0010482,Maya Baria
BA009527,3089041000149537,SBIN0010482,Vedhika Loke
BA009528,3089041000886968,SBIN0010482,Lakshit Tandon
BA009529,3089041000153416,SBIN0010482,Chanakya Natarajan
BA009530,3089041000609958,SBIN0010482,MEGHA MISTRY
BA009531,3089041000630529,SBIN0010482,Hredhaan Dua
BA009532,3089041000690673,SBIN0010482,Nilima Saxena
BA009533,3089041000290392,SBIN0010482,Yachana Patla
BA009534,3089041000546709,SBIN0010482,Onkar Chada
BA009535,3089041000592774,SBIN0010482,Ekani Kalla
BA009536,3089041000190688,SBIN0010482,Anmol Tank
BA009537,3089041000754641,SBIN0010482,Harini Nagarajan
BA009538,3089041000983122,SBIN0010482,Gaurav Dutt
BA009539,3089041000649017,SBIN0010482,Qabil Saha
BA009540,3089041000673763,SBIN0010482,Teerth Prabhakar
BA009541,3089041000644295,SBIN0010482,Vanya Vala
BA009542,3089041000192424,SBIN0010482,Bhavya Rana
BA009543,3089041000845330,SBIN0010482,Sanaya Bains
BA009544,3089041000190841,SBIN0010482,Hemal Butala
BA009545,3089041000706636,SBIN0010482,Yamini Bhattacharyya
BA009546,3089041000718344,SBIN0010482,Vasudha Prasad
BA009547,3089041000709056,SBIN0010482,Ekapad Dua
BA009548,3089041000472451,SBIN0010482,Chandani Char
BA009549,3089041000129058,SBIN0010482,Noah Nori
BA009550,3089041000722463,SBIN0010482,Harish Sanghvi
BA009551,3089041000554239,SBIN0010482,Pranav Venkatesh
BA009552,3089041000453254,SBIN0010482,Zansi Nayar
BA009553,3089041000210122,SBIN0010482,Anita Sarraf
BA009554,3089041000604638,SBIN0010482,Radha Palla
BA009555,3089041000668782,SBIN0010482,Eiravati Bansal
BA009556,3089041000408086,SBIN0010482,Anirudh Pathak
BA009557,3089041000993894,SBIN0010482,Chavvi Lall
BA009558,3089041000786401,SBIN0010482,Damini Kapadia
BA009559,3089041000458579,SBIN0010482,Urishilla Tailor
BA009560,3089041000603726,SBIN0010482,Gayathri Roy
BA009561,3089041000229919,SBIN0010482,Lohit Agate
BA009562,3089041000590446,SBIN0010482,Chatura Sur
BA009563,3089041000813156,SBIN0010482,Wridesh Misra
BA009564,3089041000703226,SBIN0010482,Hiral Kade
BA009565,3089041000580248,SBIN0010482,Ubika Shukla
BA009566,3089041000675530,SBIN0010482,Charan Batta
BA009567,3089041000316224,SBIN0010482,Jatin Nath
BA009568,3089041000861736,SBIN0010482,Turvi Sha
BA009569,3089041000473018,SBIN0010482,Bhavna Lall
BA009570,3089041000925652,SBIN0010482,Ekbal Lala
BA009571,3089041000166263,SBIN0010482,Kiaan Ghose
BA009572,3089041000220448,SBIN0010482,Jasmit Sidhu
BA009573,3089041000114532,SBIN0010482,Nandini Kumar
BA009574,3089041000262866,SBIN0010482,Udant Oommen
BA009575,3089041000455491,SBIN0010482,Vinaya More
BA009576,3089041000581688,SBIN0010482,Maya Walla
BA009577,3089041000679579,SBIN0010482,Kavya Sibal
BA009578,3089041000805676,SBIN0010482,Dipta Doshi
BA009579,3089041000489443,SBIN0010482,Maanav Yadav
BA009580,3089041000421814,SBIN0010482,Kashish Palla
BA009581,3089041000143792,SBIN0010482,Hemangini Sunder
BA009582,3089041000428657,SBIN0010482,Vinaya Pathak
BA009583,3089041000617625,SBIN0010482,NILIMA RAU
BA009584,3089041000131824,SBIN0010482,Nachiket Wali
BA009585,3089041000983183,SBIN0010482,Jacob Hari
BA009586,3089041000455542,SBIN0010482,Oliver Khare
BA009587,3089041000554571,SBIN0010482,Chasmum Sawhney
BA009588,3089041000467423,SBIN0010482,Charita Badami
BA009589,3089041000650263,SBIN0010482,Harsh Krishnamurthy
BA009590,3089041000919890,SBIN0010482,Sai Char
BA009591,3089041000432956,SBIN0010482,Waida Suresh
BA009592,3089041000602815,SBIN0010482,Bina Dash
BA009593,3089041000198026,SBIN0010482,Ekaja Oak
BA009594,3089041000343197,SBIN0010482,Zarna Kalita
BA009595,3089041000377891,SBIN0010482,Bhanumati Pradhan
BA009596,3089041000166063,SBIN0010482,Balhaar Das
BA009597,3089041000924313,SBIN0010482,Atharv Halder
BA009598,3089041000338330,SBIN0010482,Harrison Bahl
BA009599,3089041000210441,SBIN0010482,Triveni Pall
BA009600,3089041000419186,SBIN0010482,Balveer Cheema
BA009601,3089041000523106,SBIN0010482,Balendra Rajagopal
BA009602,3089041000864363,SBIN0010482,Anamika Bandi
BA009603,3089041000165335,SBIN0010482,Rachana Gokhale
BA009604,3089041000330744,SBIN0010482,Dipta Chaudhari
BA009605,3089041000254146,SBIN0010482,Nachiket Choudhary
BA009606,3089041000818327,SBIN0010482,Warjas Samra
BA009607,3089041000334685,SBIN0010482,Neelima Krish
BA009608,3089041000951470,SBIN0010482,Rudra Sangha
BA009609,3089041000266254,SBIN0010482,Wriddhish Pillai
BA009610,3089041000443546,SBIN0010482,Nikita Bath
BA009611,3089041000220728,SBIN0010482,Dalbir Sha
BA009612,3089041000356124,SBIN0010482,Kiaan Walla
BA009613,3089041000546770,SBIN0010482,Anamika Chada
BA009614,3089041000951717,SBIN0010482,Vihaan Pai
BA009615,3089041000134012,SBIN0010482,Rishi Amble
BA009616,3089041000859569,SBIN0010482,Anita Gupta
BA009617,3089041000767986,SBIN0010482,UPADHRITI MUKHERJEE
BA009618,3089041000682378,SBIN0010482,Waida Mukherjee
BA009619,3089041000339968,SBIN0010482,Rachana Ravel
BA009620,3089041000147925,SBIN0010482,Dipta Srinivasan
BA009621,3089041000552145,SBIN0010482,Riya Bhatnagar
BA009622,3089041000266348,SBIN0010482,Zinal Bains
BA009623,3089041000841660,SBIN0010482,Advay Behl
BA009624,3089041000843587,SBIN0010482,Vedant Patla
BA009625,3089041000475014,SBIN0010482,Janya Dube
BA009626,3089041000717337,SBIN0010482,Aryan Varghese
BA009627,3089041000128448,SBIN0010482,Hema Golla
BA009628,3089041000515359,SBIN0010482,Warjas Sinha
BA009629,3089041000593003,SBIN0010482,Ekansh Dhaliwal
BA009630,3089041000234999,SBIN0010482,Pushti Chawla
BA009631,3089041000232879,SBIN0010482,Jonathan Dave
BA009632,3089041000228755,SBIN0010482,Ojas Borra
BA009633,3089041000121795,SBIN0010482,Ojas Naidu
BA009634,3089041000924328,SBIN0010482,Krishna Butala
BA009635,3089041000219930,SBIN0010482,Vrinda Din
BA009636,3089041000144714,SBIN0010482,Damini Ramesh
BA009637,3089041000487572,SBIN0010482,Siya Lalla
BA009638,3089041000121183,SBIN0010482,Krishna Pradhan
BA009639,3089041000306349,SBIN0010482,Pratyush Prasad
BA009640,3089041000901924,SBIN0010482,Ati Mangat
BA009641,3089041000508929,SBIN0010482,Imaran Verma
BA009642,3089041000554477,SBIN0010482,Hema Chada
BA009643,3089041000403334,SBIN0010482,Lavanya Sengupta
BA009644,3089041000613066,SBIN0010482,Yasti Badami
BA009645,3089041000767085,SBIN0010482,Maanas Bhardwaj
BA009646,3089041000851964,SBIN0010482,Harish Kalita
BA009647,3089041000288402,SBIN0010482,Pushti Varghese
BA009648,3089041000180958,SBIN0010482,Harish Yadav
BA009649,3089041000272852,SBIN0010482,Watika Buch
BA009650,3089041000744825,SBIN0010482,Lavanya Desai
BA009651,3089041000252549,SBIN0010482,Ayaan Borde
BA009652,3089041000704831,SBIN0010482,Yagnesh Issac
BA009653,3089041000938784,SBIN0010482,Ekiya Loke
BA009654,3089041000366517,SBIN0010482,Gunbir  Choudhry
BA009655,3089041000128574,SBIN0010482,Saanvi Gara
BA009656,3089041000524542,SBIN0010482,LOPA APTE
BA009657,3089041000383149,SBIN0010482,Aarav Trivedi
BA009658,3089041000373682,SBIN0010482,Megha Manne
BA009659,3089041000343789,SBIN0010482,Vasudha Batra
BA009660,3089041000129540,SBIN0010482,Oviya Subramanian
BA009661,3089041000570476,SBIN0010482,Ikbal Khalsa
BA009662,3089041000632195,SBIN0010482,Krishna Dhawan
BA009663,3089041000250902,SBIN0010482,Aarnav Subramanian
BA009664,3089041000664423,SBIN0010482,Vasudha Bhatti
BA009665,3089041000942717,SBIN0010482,Qasim Chandra
BA009666,3089041000565192,SBIN0010482,Manan Barman
BA009667,3089041000148102,SBIN0010482,Zaitra Rana
BA009668,3089041000359140,SBIN0010482,Chandani Chauhan
BA009669,3089041000480091,SBIN0010482,Tristan Basu
BA009670,3089041000422186,SBIN0010482,Neel Ram
BA009671,3089041000172493,SBIN0010482,Falguni Rattan
BA009672,3089041000259895,SBIN0010482,Pushti Sibal
BA009673,3089041000197928,SBIN0010482,Ikbal Chacko
BA009674,3089041000409860,SBIN0010482,Balhaar Naidu
BA009675,3089041000453411,SBIN0010482,Anmol Ram
BA009676,3089041000270390,SBIN0010482,Bachittar Sur
BA009677,3089041000137839,SBIN0010482,Veer Misra
BA009678,3089041000188095,SBIN0010482,Gayathri Contractor
BA009679,3089041000876205,SBIN0010482,Chatresh Dasgupta
BA009680,3089041000863572,SBIN0010482,Kashvi Chaudhry
BA009681,3089041000485847,SBIN0010482,Mekhala Dhar
BA009682,3089041000967672,SBIN0010482,Ucchal Apte
BA009683,3089041000393256,SBIN0010482,Aradhana Gill
BA009684,3089041000992403,SBIN0010482,Gaurangi Koshy
BA009685,3089041000968221,SBIN0010482,Yuvraj Rao
BA009686,3089041000109815,SBIN0010482,Harita Garg
BA009687,3089041000960257,SBIN0010482,Aarush Dey
BA009688,3089041000306985,SBIN0010482,Isaiah Sampath
BA009689,3089041000400761,SBIN0010482,Yashvi Shah
BA009690,3089041000402252,SBIN0010482,Anya Varkey
BA009691,3089041000554693,SBIN0010482,Lohit Kata
BA009692,3089041000779362,SBIN0010482,Jhalak Kashyap
BA009693,3089041000976396,SBIN0010482,Rehaan Butala
BA009694,3089041000796529,SBIN0010482,Nilima Pathak
BA009695,3089041000865732,SBIN0010482,Wriddhish Narain
BA009696,3089041000905186,SBIN0010482,Varsha Mukhopadhyay
BA009697,3089041000435890,SBIN0010482,Zehaan Purohit
BA009698,3089041000446619,SBIN0010482,Hemani Das
BA009699,3089041000445263,SBIN0010482,Nicholas Bumb
BA009700,3089041000468686,SBIN0010482,Champak Chakrabarti
BA009701,3089041000734582,SBIN0010482,Yash Gulati
BA009702,3089041000145996,SBIN0010482,Ganga Pillai
BA009703,3089041000869119,SBIN0010482,Advik Kannan
BA009704,3089041000928157,SBIN0010482,Sudiksha Chaudhry
BA009705,3089041000746128,SBIN0010482,Waida Bumb
BA009706,3089041000245992,SBIN0010482,Avi Handa
BA009707,3089041000631105,SBIN0010482,Hemani Roy
BA009708,3089041000118182,SBIN0010482,Dakshesh Mitter
BA009709,3089041000271029,SBIN0010482,Kai Kulkarni
BA009710,3089041000861280,SBIN0010482,Aayush Narayan
BA009711,3089041000672716,SBIN0010482,Manya Kulkarni
BA009712,3089041000124782,SBIN0010482,Ekani Joshi
BA009713,3089041000395248,SBIN0010482,Sara Rajan
BA009714,3089041000123202,SBIN0010482,Jack Setty
BA009715,3089041000389952,SBIN0010482,Tanvi Shetty
BA009716,3089041000775946,SBIN0010482,Darsh Andra
BA009717,3089041000634670,SBIN0010482,Ati Kapur
BA009718,3089041000819037,SBIN0010482,Ekta Sha
BA009719,3089041000613633,SBIN0010482,Fariq Sodhi
BA009720,3089041000561355,SBIN0010482,Chaitanya Kari
BA009721,3089041000916610,SBIN0010482,Peter Lalla
BA009722,3089041000872644,SBIN0010482,Siya Nath
BA009723,3089041000322274,SBIN0010482,Aishani Oak
BA009724,3089041000505261,SBIN0010482,Aadi Mittal
BA009725,3089041000500515,SBIN0010482,Caleb Mitter
BA009726,3089041000561492,SBIN0010482,Teerth Dada
BA009727,3089041000984727,SBIN0010482,Hemangini Ram
BA009728,3089041000407537,SBIN0010482,Harita Mann
BA009729,3089041000306610,SBIN0010482,Veda Behl
BA009730,3089041000572327,SBIN0010482,Jagvi Mistry
BA009731,3089041000901595,SBIN0010482,Odika Dalal
BA009732,3089041000980744,SBIN0010482,Hritik Behl
BA009733,3089041000497813,SBIN0010482,Urvashi Ramanathan
BA009734,3089041000429798,SBIN0010482,Shivani Pathak
BA009735,3089041000878380,SBIN0010482,Indali Sahota
BA009736,3089041000876032,SBIN0010482,Triya Doctor
BA009737,3089041000435734,SBIN0010482,Max  Ganesan
BA009738,3089041000122701,SBIN0010482,Shivansh Minhas
BA009739,3089041000101118,SBIN0010482,Amrita Bakshi
BA009740,3089041000454973,SBIN0010482,Advaith Tripathi
BA009741,3089041000969818,SBIN0010482,Lajita Wadhwa
BA009742,3089041000607091,SBIN0010482,Omaja Apte
BA009743,3089041000298685,SBIN0010482,Ladli Gopal
BA009744,3089041000723195,SBIN0010482,Ekansh Kamdar
BA009745,3089041000347390,SBIN0010482,Nimrat Soni
BA009746,3089041000832044,SBIN0010482,Saanvi Sastry
BA009747,3089041000392711,SBIN0010482,Reva Prasad
BA009748,3089041000892751,SBIN0010482,Banjeet Jha
BA009749,3089041000617342,SBIN0010482,Maanas Puri
BA009750,3089041000575982,SBIN0010482,Watika Sidhu
BA009751,3089041000491171,SBIN0010482,Sachi Boase
BA009752,3089041000320633,SBIN0010482,Christopher Sarma
BA009753,3089041000465461,SBIN0010482,Ishita Dasgupta
BA009754,3089041000197838,SBIN0010482,Oni Gera
BA009755,3089041000868648,SBIN0010482,Bachittar Ray
BA009756,3089041000653020,SBIN0010482,Bhavna Jaggi
BA009757,3089041000130503,SBIN0010482,Vincent Hans
BA009758,3089041000929678,SBIN0010482,Charles Dhar
BA009759,3089041000496012,SBIN0010482,Victor Krishnan
BA009760,3089041000768359,SBIN0010482,Ladli Bajaj
BA009761,3089041000733912,SBIN0010482,Ayaan Purohit
BA009762,3089041000156992,SBIN0010482,Utkarsh Agate
BA009763,3089041000411742,SBIN0010482,Hemangini De
BA009764,3089041000177055,SBIN0010482,Harita Sarma
BA009765,3089041000880560,SBIN0010482,Ekantika Dey
BA009766,3089041000288000,SBIN0010482,Gautam Deshpande
BA009767,3089041000517984,SBIN0010482,Xavier Subramaniam
BA009768,3089041000333784,SBIN0010482,Bachittar Raja
BA009769,3089041000249025,SBIN0010482,Zehaan Wali
BA009770,3089041000694515,SBIN0010482,Bhavna Wali
BA009771,3089041000431966,SBIN0010482,Harini Korpal
BA009772,3089041000963445,SBIN0010482,Jackson Venkatesh
BA009773,3089041000905351,SBIN0010482,Aahana Ganesan
BA009774,3089041000185520,SBIN0010482,Inaya Mukhopadhyay
BA009775,3089041000361279,SBIN0010482,Abeer Naik
BA009776,3089041000387965,SBIN0010482,Sachi Roy
BA009777,3089041000882833,SBIN0010482,Kevin Patla
BA009778,3089041000392470,SBIN0010482,Ayushman Srinivasan
BA009779,3089041000295663,SBIN0010482,Sanya Ranganathan
BA009780,3089041000759387,SBIN0010482,Pranit Basak
BA009781,3089041000302015,SBIN0010482,Kalpit Ganguly
BA009782,3089041000931141,SBIN0010482,Zaid Borde
BA009783,3089041000576659,SBIN0010482,Bakhshi Chander
BA009784,3089041000965088,SBIN0010482,Nandini Sachdeva
BA009785,3089041000446506,SBIN0010482,Karan  Zacharia
BA009786,3089041000686452,SBIN0010482,Veda Dutta
BA009787,3089041000543205,SBIN0010482,Samaksh Bose
BA009788,3089041000845467,SBIN0010482,Nakul Mukherjee
BA009789,3089041000765748,SBIN0010482,Nilima Ghose
BA009790,3089041000356619,SBIN0010482,Urvi Ramanathan
BA009791,3089041000724787,SBIN0010482,Charita Contractor
BA009792,3089041000463949,SBIN0010482,Abhiram Keer
BA009793,3089041000232383,SBIN0010482,Qadim Toor
BA009794,3089041000500286,SBIN0010482,Urishilla Agrawal
BA009795,3089041000607412,SBIN0010482,Ekiya Brar
BA009796,3089041000634675,SBIN0010482,Praneel Vyas
BA009797,3089041000529390,SBIN0010482,Devika Nigam
BA009798,3089041000925612,SBIN0010482,Mason Bail
BA009799,3089041000844241,SBIN0010482,Nathaniel Aggarwal
BA009800,3089041000433250,SBIN0010482,Vrinda Patel
BA009801,3089041000718423,SBIN0010482,Jeevika Magar
BA009802,3089041000713881,SBIN0010482,Mitali Majumdar
BA009803,3089041000293295,SBIN0010482,Laksh Bir
BA009804,3089041000591022,SBIN0010482,Amruta Ravi
BA009805,3089041000812698,SBIN0010482,Karan Shukla
BA009806,3089041000963160,SBIN0010482,Andrew Chaudhari
BA009807,3089041000916329,SBIN0010482,Onveer Ravi
BA009808,3089041000806265,SBIN0010482,Zayyan Majumdar
BA009809,3089041000218120,SBIN0010482,Charan Karpe
BA009810,3089041000747455,SBIN0010482,Christopher Srivastava
BA009811,3089041000546318,SBIN0010482,Brinda Gulati
BA009812,3089041000874180,SBIN0010482,Agastya Pradhan
BA009813,3089041000619669,SBIN0010482,Lucky Khanna
BA009814,3089041000866716,SBIN0010482,Mitali Warrior
BA009815,3089041000599317,SBIN0010482,Pooja Bawa
BA009816,3089041000980627,SBIN0010482,Aashi Nayak
BA009817,3089041000496293,SBIN0010482,Mitesh Karnik
BA009818,3089041000124516,SBIN0010482,Nandini Sunder
BA009819,3089041000621030,SBIN0010482,Amrita Wali
BA009820,3089041000328305,SBIN0010482,Xiti Chaudhry
BA009821,3089041000376415,SBIN0010482,Abhimanyu Chandran
BA009822,3089041000564952,SBIN0010482,Chaitanya Chhabra
BA009823,3089041000236178,SBIN0010482,Watika Subramanian
BA009824,3089041000845665,SBIN0010482,Ayaan Dayal
BA009825,3089041000188324,SBIN0010482,Ethan De
BA009826,3089041000864112,SBIN0010482,Jagdish Dubey
BA009827,3089041000358881,SBIN0010482,Jonathan Khanna
BA009828,3089041000698819,SBIN0010482,Manthan Sengupta
BA009829,3089041000594209,SBIN0010482,Amruta Hora
BA009830,3089041000827680,SBIN0010482,Harini Tiwari
BA009831,3089041000622371,SBIN0010482,Harshil Oza
BA009832,3089041000252320,SBIN0010482,Ekantika Dash
BA009833,3089041000147941,SBIN0010482,Pushti Kakar
BA009834,3089041000313334,SBIN0010482,Fiyaz Mandal
BA009835,3089041000218122,SBIN0010482,Anirudh Shukla
BA009836,3089041000976844,SBIN0010482,Tripti Mittal
BA009837,3089041000937997,SBIN0010482,Dayita Goswami
BA009838,3089041000776879,SBIN0010482,Unni Khanna
BA009839,3089041000773378,SBIN0010482,Nathan Rajan
BA009840,3089041000903939,SBIN0010482,Hiral Buch
BA009841,3089041000682809,SBIN0010482,Ekaraj Gokhale
BA009842,3089041000685476,SBIN0010482,Upma Sengupta
BA009843,3089041000878419,SBIN0010482,Radha Shenoy
BA009844,3089041000988072,SBIN0010482,Onveer Kuruvilla
BA009845,3089041000571955,SBIN0010482,Rayaan Mohan
BA009846,3089041000288955,SBIN0010482,Hema  Modi
BA009847,3089041000819235,SBIN0010482,Zilmil Tandon
BA009848,3089041000560489,SBIN0010482,Krisha Pathak
BA009849,3089041000829684,SBIN0010482,Imaran Nazareth
BA009850,3089041000648261,SBIN0010482,Damyanti Kapoor
BA009851,3089041000796744,SBIN0010482,Naksh Batta
BA009852,3089041000747168,SBIN0010482,Anamika Walla
BA009853,3089041000137756,SBIN0010482,Chaman Dass
BA009854,3089041000658442,SBIN0010482,Urishilla Sahota
BA009855,3089041000989099,SBIN0010482,Azaan Bedi
BA009856,3089041000233903,SBIN0010482,Aditya Bhatti
BA009857,3089041000564160,SBIN0010482,Irya Subramanian
BA009858,3089041000363015,SBIN0010482,Vanya Sagar
BA009859,3089041000754577,SBIN0010482,Bhavna Ganesh
BA009860,3089041000465178,SBIN0010482,Lavanya Devi
BA009861,3089041000668392,SBIN0010482,Jasmit Lal
BA009862,3089041000713576,SBIN0010482,Bachittar Kant
BA009863,3089041000411715,SBIN0010482,Vihaan Bera
BA009864,3089041000485230,SBIN0010482,Amrita Bhargava
BA009865,3089041000966318,SBIN0010482,Gaurangi Divan
BA009866,3089041000723634,SBIN0010482,Wyatt Chopra
BA009867,3089041000927081,SBIN0010482,Triveni Gour
BA009868,3089041000879947,SBIN0010482,Meghana Mukhopadhyay
BA009869,3089041000825212,SBIN0010482,Aarna Swamy
BA009870,3089041000373499,SBIN0010482,Oviya Arya
BA009871,3089041000723179,SBIN0010482,Dominic Vig
BA009872,3089041000607311,SBIN0010482,Jeremiah Kapoor
BA009873,3089041000257878,SBIN0010482,Forum Wable
BA009874,3089041000324037,SBIN0010482,Saumya Mohan
BA009875,3089041000252860,SBIN0010482,Nakul Yohannan
BA009876,3089041000905645,SBIN0010482,Ekantika Sahni
BA009877,3089041000216208,SBIN0010482,Vasana Sood
BA009878,3089041000645923,SBIN0010482,Ira Krish
BA009879,3089041000977144,SBIN0010482,Om Ganesan
BA009880,3089041000413583,SBIN0010482,Nihal Mitra
BA009881,3089041000419162,SBIN0010482,Warinder Rau
BA009882,3089041000398397,SBIN0010482,Advaith Basak
BA009883,3089041000358293,SBIN0010482,Luke Babu
BA009884,3089041000298697,SBIN0010482,Christopher Sankaran
BA009885,3089041000228509,SBIN0010482,Sudiksha Ray
BA009886,3089041000723198,SBIN0010482,Devika Mitra
BA009887,3089041000138421,SBIN0010482,Siya Thakur
BA009888,3089041000837583,SBIN0010482,Zaid Nair
BA009889,3089041000170930,SBIN0010482,Abha Ben
BA009890,3089041000287331,SBIN0010482,Patrick Kothari
BA009891,3089041000615905,SBIN0010482,Nandini Tailor
BA009892,3089041000868886,SBIN0010482,Darsh Sant
BA009893,3089041000930140,SBIN0010482,Januja Loyal
BA009894,3089041000715817,SBIN0010482,Ronith Mohan
BA009895,3089041000855064,SBIN0010482,Mugdha Bahl
BA009896,3089041000195058,SBIN0010482,Ekaja Kala
BA009897,3089041000192053,SBIN0010482,Idika Ghosh
BA009898,3089041000500086,SBIN0010482,Tristan Natt
BA009899,3089041000297237,SBIN0010482,Rudra Kothari
BA009900,3089041000425681,SBIN0010482,Timothy Koshy
BA009901,3089041000245035,SBIN0010482,Vasana Kaul
BA009902,3089041000554314,SBIN0010482,Harini Kothari
BA009903,3089041000182430,SBIN0010482,Chandresh Golla
BA009904,3089041000780065,SBIN0010482,Pallavi Mukherjee
BA009905,3089041000944273,SBIN0010482,Praneel Dua
BA009906,3089041000229404,SBIN0010482,Vamakshi Kulkarni
BA009907,3089041000953890,SBIN0010482,Kavya Halder
BA009908,3089041000280664,SBIN0010482,Nakul Bhakta
BA009909,3089041000602111,SBIN0010482,Victor Palan
BA009910,3089041000566030,SBIN0010482,Ekiya  Bora
BA009911,3089041000561920,SBIN0010482,Chanakya Dass
BA009912,3089041000313635,SBIN0010482,Kevin Narain
BA009913,3089041000278015,SBIN0010482,Ayush Sura
BA009914,3089041000811929,SBIN0010482,Jasmit Parikh
BA009915,3089041000607920,SBIN0010482,Wishi Bhagat
BA009916,3089041000635656,SBIN0010482,Charles Mahajan
BA009917,3089041000252112,SBIN0010482,Max Mistry
BA009918,3089041000254452,SBIN0010482,Maya Mody
BA009919,3089041000307460,SBIN0010482,Farhan Dugar
BA009920,3089041000877549,SBIN0010482,Kashish Chahal
BA009921,3089041000836151,SBIN0010482,Ekani Kaul
BA009922,3089041000913132,SBIN0010482,Vedika Varughese
BA009923,3089041000280190,SBIN0010482,Gavin Krish
BA009924,3089041000167047,SBIN0010482,Ansh Palla
BA009925,3089041000611793,SBIN0010482,Dayita Kumar
BA009926,3089041000486855,SBIN0010482,Upma Choudhary
BA009927,3089041000773171,SBIN0010482,Widisha Murthy
BA009928,3089041000297837,SBIN0010482,Watika Dara
BA009929,3089041000243255,SBIN0010482,Rachana Kashyap
BA009930,3089041000555383,SBIN0010482,Yutika Deep
BA009931,3089041000653422,SBIN0010482,Nimrat Korpal
BA009932,3089041000203809,SBIN0010482,Qushi Dara
BA009933,3089041000985513,SBIN0010482,Krish Borde
BA009934,3089041000177224,SBIN0010482,Rachana Khanna
BA009935,3089041000111128,SBIN0010482,Karan Andra
BA009936,3089041000680714,SBIN0010482,Tara Sarin
BA009937,3089041000927348,SBIN0010482,Dhriti Barman
BA009938,3089041000668637,SBIN0010482,Mitesh Bhakta
BA009939,3089041000909198,SBIN0010482,Lekha Tella
BA009940,3089041000524018,SBIN0010482,Osha Sehgal
BA009941,3089041000341249,SBIN0010482,Faras Mohan
BA009942,3089041000705126,SBIN0010482,Tanveer Sami
BA009943,3089041000349777,SBIN0010482,Yashasvi Basak
BA009944,3089041000588172,SBIN0010482,Ikbal Basu
BA009945,3089041000778184,SBIN0010482,Bhavani Sahni
BA009946,3089041000649841,SBIN0010482,Chandresh Kalita
BA009947,3089041000161946,SBIN0010482,Vedika Varghese
BA009948,3089041000148961,SBIN0010482,Sarthak Barad
BA009949,3089041000806621,SBIN0010482,Mahika Contractor
BA009950,3089041000698855,SBIN0010482,Xavier Virk
BA009951,3089041000245480,SBIN0010482,Nikita Trivedi
BA009952,3089041000450956,SBIN0010482,Indira Chakrabarti
BA009953,3089041000455735,SBIN0010482,Osha Bath
BA009954,3089041000890868,SBIN0010482,Balendra Raj
BA009955,3089041000393371,SBIN0010482,Mugdha Yadav
BA009956,3089041000766717,SBIN0010482,Lajita Srinivas
BA009957,3089041000281037,SBIN0010482,Bakhshi Arora
BA009958,3089041000701880,SBIN0010482,Nachiket Sura
BA009959,3089041000362631,SBIN0010482,Aarav Choudhury
BA009960,3089041000604068,SBIN0010482,Sara Dubey
BA009961,3089041000430891,SBIN0010482,Tara Kade
BA009962,3089041000193028,SBIN0010482,Osha Mandal
BA009963,3089041000958154,SBIN0010482,Unnati Varty
BA009964,3089041000743150,SBIN0010482,Ayush Walla
BA009965,3089041000162550,SBIN0010482,Chandran Ratta
BA009966,3089041000940341,SBIN0010482,Zinal Prabhu
BA009967,3089041000951112,SBIN0010482,Aadhya Pal
BA009968,3089041000640413,SBIN0010482,Samarth Sabharwal
BA009969,3089041000769680,SBIN0010482,Fariq Lad
BA009970,3089041000777847,SBIN0010482,Vasana Lall
BA009971,3089041000706669,SBIN0010482,Radhika Raghavan
BA009972,3089041000857382,SBIN0010482,Shivani Pradhan
BA009973,3089041000881264,SBIN0010482,Geetika Swamy
BA009974,3089041000819642,SBIN0010482,Frado Sandal
BA009975,3089041000675771,SBIN0010482,Irya Sankar
BA009976,3089041000768107,SBIN0010482,Indali Pau
BA009977,3089041000934987,SBIN0010482,Sarthak Mitter
BA009978,3089041000747254,SBIN0010482,Gaurav Thakur
BA009979,3089041000953175,SBIN0010482,Reva Kadakia
BA009980,3089041000688758,SBIN0010482,Amol Bali
BA009981,3089041000310274,SBIN0010482,Ikshita Wadhwa
BA009982,3089041000947576,SBIN0010482,Priya Narula
BA009983,3089041000144190,SBIN0010482,Wriddhish Singh
BA009984,3089041000631902,SBIN0010482,Vasatika Khurana
BA009985,3089041000589931,SBIN0010482,Ryan Chaudhary
BA009986,3089041000522878,SBIN0010482,Warhi Srivastava
BA009987,3089041000493004,SBIN0010482,Naveen Sagar
BA009988,3089041000146955,SBIN0010482,Kamya Mandal
BA009989,3089041000656135,SBIN0010482,Mitesh Arora
BA009990,3089041000459682,SBIN0010482,Maanas Lala
BA009991,3089041000341257,SBIN0010482,Lakshit Prasad
BA009992,3089041000148378,SBIN0010482,Geetika Nagi
BA009993,3089041000439887,SBIN0010482,Dalbir Oommen
BA009994,3089041000975527,SBIN0010482,Azad Tripathi
BA009995,3089041000815363,SBIN0010482,Sathvik Tandon
BA009996,3089041000536813,SBIN0010482,Tara Khalsa
BA009997,3089041000260640,SBIN0010482,Krishna Mukherjee
BA009998,3089041000840754,SBIN0010482,Gunbir Ramanathan
BA009999,3089041000572674,SBIN0010482,Agastya Jain
BA010000,3089041000667468,SBIN0010482,Yuvraj Vora
BA010001,3089041000344691,SBIN0010482,Daniel Bala
BA010002,3089041000824523,SBIN0010482,Fariq Manne
BA010003,3089041000646214,SBIN0010482,Dhriti Dugar
BA010004,3089041000604169,SBIN0010482,Upkaar Badami
BA010005,3089041000774929,SBIN0010482,Arunima Cherian
BA010006,3089041000494473,SBIN0010482,Nitara Murthy
BA010007,3089041000831306,SBIN0010482,Odika Ram
BA010008,3089041000253499,SBIN0010482,Yauvani Taneja
BA010009,3089041000842080,SBIN0010482,Jagrati Chaudhry
BA010010,3089041000139802,SBIN0010482,Naksh  Dhillon
BA010011,3089041000205263,SBIN0010482,Mohammed Sethi
BA010012,3089041000720964,SBIN0010482,Netra Bhalla
BA010013,3089041000999147,SBIN0010482,Noah Datta
BA010014,3089041000321709,SBIN0010482,Baljiwan Dayal
BA010015,3089041000370928,SBIN0010482,Bhavini Barad
BA010016,3089041000127349,SBIN0010482,Lavanya Sidhu
BA010017,3089041000614743,SBIN0010482,Harsh Gour
BA010018,3089041000670114,SBIN0010482,Farhan Pillay
BA010019,3089041000242897,SBIN0010482,Adweta Chaudry
BA010020,3089041000983538,SBIN0010482,Yashica Arora
BA010021,3089041000989793,SBIN0010482,Ekaraj Sachar
BA010022,3089041000301758,SBIN0010482,Raagini  Bassi
BA010023,3089041000983820,SBIN0010482,Pranit Kalla
BA010024,3089041000366612,SBIN0010482,Vinaya Vyas
BA010025,3089041000710690,SBIN0010482,Anya Sunder
BA010026,3089041000496710,SBIN0010482,Lakshmi Hari
BA010027,3089041000299410,SBIN0010482,Fitan Narain
BA010028,3089041000132288,SBIN0010482,Urvi Raman
BA010029,3089041000907188,SBIN0010482,Baghyawati Mitter
BA010030,3089041000301783,SBIN0010482,Nachiket Aurora
BA010031,3089041000668296,SBIN0010482,Nathaniel Lad
BA010032,3089041000739653,SBIN0010482,Zayan Yadav
BA010033,3089041000431339,SBIN0010482,Rayaan Bobal
BA010034,3089041000493710,SBIN0010482,Triya Keer
BA010035,3089041000618632,SBIN0010482,Faraj Mital
BA010036,3089041000167717,SBIN0010482,Benjamin Kara
BA010037,3089041000457505,SBIN0010482,Imaran Walia
BA010038,3089041000156738,SBIN0010482,Michael Rai
BA010039,3089041000337420,SBIN0010482,Jairaj Lall
BA010040,3089041000715277,SBIN0010482,Yuvraj Rege
BA010041,3089041000291711,SBIN0010482,Leela Chada
BA010042,3089041000689931,SBIN0010482,Aishani Sha
BA010043,3089041000942687,SBIN0010482,Yachana Dash
BA010044,3089041000498235,SBIN0010482,Jeremiah Murty
BA010045,3089041000181812,SBIN0010482,Luke Modi
BA010046,3089041000259189,SBIN0010482,Nimrat Kakar
BA010047,3089041000185595,SBIN0010482,Dev Bath
BA010048,3089041000379051,SBIN0010482,Adweta Brar
BA010049,3089041000879621,SBIN0010482,Girik Hora
BA010050,3089041000533455,SBIN0010482,Zaitra Chawla
BA010051,3089041000721160,SBIN0010482,Hemang Muni
BA010052,3089041000880941,SBIN0010482,Hema Chada
BA010053,3089041000677907,SBIN0010482,Naksh Murty
BA010054,3089041000720180,SBIN0010482,Sai Agate
BA010055,3089041000330978,SBIN0010482,DEVIKA SESHADRI
BA010056,3089041000382472,SBIN0010482,Yadavi Patel
BA010057,3089041000943342,SBIN0010482,Aarav Maharaj
BA010058,3089041000585634,SBIN0010482,Libni Setty
BA010059,3089041000780871,SBIN0010482,Chaman Thakur
BA010060,3089041000667128,SBIN0010482,Simon Biswas
BA010061,3089041000240901,SBIN0010482,Rudra Cheema
BA010062,3089041000746389,SBIN0010482,Irya Ramakrishnan
BA010063,3089041000151695,SBIN0010482,Divya Som
BA010064,3089041000677896,SBIN0010482,Michael Shankar
BA010065,3089041000754464,SBIN0010482,Urmi Luthra
BA010066,3089041000616006,SBIN0010482,Suhani Loyal
BA010067,3089041000485756,SBIN0010482,Tristan Kala
BA010068,3089041000967497,SBIN0010482,Alka Kuruvilla
BA010069,3089041000952540,SBIN0010482,Aarush Karpe
BA010070,3089041000546550,SBIN0010482,Hredhaan Karnik
BA010071,3089041000692523,SBIN0010482,Bhavya Chakraborty
BA010072,3089041000230635,SBIN0010482,Nidhi Mital
BA010073,3089041000244811,SBIN0010482,Aayush Rajan
BA010074,3089041000951032,SBIN0010482,Udarsh Ganesh
BA010075,3089041000173795,SBIN0010482,Shravya Panchal
BA010076,3089041000150113,SBIN0010482,Dhruv Bath
BA010077,3089041000755059,SBIN0010482,Vrinda Ranganathan
BA010078,3089041000925297,SBIN0010482,Gagan Bansal
BA010079,3089041000706900,SBIN0010482,Avi Walla
BA010080,3089041000513667,SBIN0010482,Gaurangi Merchant
BA010081,3089041000973685,SBIN0010482,Girindra Gandhi
BA010082,3089041000768908,SBIN0010482,Upkaar Randhawa
BA010083,3089041000945254,SBIN0010482,Lipika Mani
BA010084,3089041000998292,SBIN0010482,Darsh Mand
BA010085,3089041000639131,SBIN0010482,Bina Verma
BA010086,3089041000313415,SBIN0010482,Ucchal  Mital
BA010087,3089041000214587,SBIN0010482,Zilmil Magar
BA010088,3089041000830067,SBIN0010482,Zansi Boase
BA010089,3089041000826401,SBIN0010482,Advik Koshy
BA010090,3089041000555199,SBIN0010482,Hredhaan Bakshi
BA010091,3089041000690900,SBIN0010482,Tamanna Sidhu
BA010092,3089041000383102,SBIN0010482,Ekbal Saxena
BA010093,3089041000334876,SBIN0010482,Tristan Srivastava
BA010094,3089041000190405,SBIN0010482,Dayita Hora
BA010095,3089041000969521,SBIN0010482,Balhaar Sawhney
BA010096,3089041000938370,SBIN0010482,Indrajit Borah
BA010097,3089041000641826,SBIN0010482,Hredhaan Sampath
BA010098,3089041000250326,SBIN0010482,Balhaar Mall
BA010099,3089041000593128,SBIN0010482,Onkar Chander
BA010100,3089041000732434,SBIN0010482,Bhavini Memon
BA010101,3089041000925663,SBIN0010482,Ishanvi Natt
BA010102,3089041000485002,SBIN0010482,Sara Mammen
BA010103,3089041000874413,SBIN0010482,Vincent Kaul
BA010104,3089041000339886,SBIN0010482,Niharika Oommen
BA010105,3089041000638717,SBIN0010482,Neel Karnik
BA010106,3089041000378413,SBIN0010482,Varsha Bala
BA010107,3089041000228116,SBIN0010482,Vivaan Parsa
BA010108,3089041000174807,SBIN0010482,Aarav Bhakta
BA010109,3089041000779215,SBIN0010482,Pranit Rajagopalan
BA010110,3089041000609144,SBIN0010482,Ijaya Kala
BA010111,3089041000612065,SBIN0010482,Isaac Sridhar
BA010112,3089041000763754,SBIN0010482,Warinder Chawla
BA010113,3089041000310490,SBIN0010482,Tarak Mitter
BA010114,3089041000725757,SBIN0010482,Mohammed Mahajan
BA010115,3089041000643902,SBIN0010482,Max Hayre
BA010116,3089041000464867,SBIN0010482,Krisha Narayan
BA010117,3089041000494388,SBIN0010482,Mitesh Srinivas
BA010118,3089041000236416,SBIN0010482,Sudiksha Chanda
BA010119,3089041000923562,SBIN0010482,Farhan Khurana
BA010120,3089041000451712,SBIN0010482,Sai Dash
BA010121,3089041000457103,SBIN0010482,Madhavi Sarraf
BA010122,3089041000470320,SBIN0010482,Qushi  Ahuja
BA010123,3089041000322616,SBIN0010482,Januja Chaudhuri
BA010124,3089041000184605,SBIN0010482,Veer Nagarajan
BA010125,3089041000129152,SBIN0010482,Jeremiah Dani
BA010126,3089041000730630,SBIN0010482,Lipika Deshpande
BA010127,3089041000464794,SBIN0010482,Aryan Ramaswamy
BA010128,3089041000361521,SBIN0010482,Kamala Lall
BA010129,3089041000688916,SBIN0010482,Chasmum Rattan
BA010130,3089041000811142,SBIN0010482,Sara Aurora
BA010131,3089041000312262,SBIN0010482,Chaman Narang
BA010132,3089041000939672,SBIN0010482,Vedika Ahluwalia
BA010133,3089041000149208,SBIN0010482,Wazir Krishna
BA010134,3089041000133877,SBIN0010482,Vaishnavi Chaudhary
BA010135,3089041000907874,SBIN0010482,Mitali Dora
BA010136,3089041000616911,SBIN0010482,Ekanta Date
BA010137,3089041000273645,SBIN0010482,Forum Bajwa
BA010138,3089041000813766,SBIN0010482,Lopa Bera
BA010139,3089041000776868,SBIN0010482,Chanakya Buch
BA010140,3089041000260005,SBIN0010482,Christopher Chacko
BA010141,3089041000306433,SBIN0010482,Panini Borah
BA010142,3089041000358324,SBIN0010482,Ekavir Sharaf
BA010143,3089041000184964,SBIN0010482,Aarna Krishnan
BA010144,3089041000966516,SBIN0010482,Liam Chahal
BA010145,3089041000747034,SBIN0010482,Aarav Batta
BA010146,3089041000189279,SBIN0010482,Reyansh Wali
BA010147,3089041000615653,SBIN0010482,Keya Behl
BA010148,3089041000421666,SBIN0010482,Vanya Datta
BA010149,3089041000573870,SBIN0010482,Tejas Borah
BA010150,3089041000531804,SBIN0010482,Aishani Lala
BA010151,3089041000775130,SBIN0010482,Wakeeta Shukla
BA010152,3089041000719060,SBIN0010482,Nitara Patil
BA010153,3089041000965429,SBIN0010482,Oni Boase
BA010154,3089041000155915,SBIN0010482,Jonathan Bora
BA010155,3089041000320014,SBIN0010482,Logan Bail
BA010156,3089041000589771,SBIN0010482,Tanay Bumb
BA010157,3089041000431518,SBIN0010482,Bhavna Dara
BA010158,3089041000190619,SBIN0010482,Leena Bhatnagar
BA010159,3089041000578762,SBIN0010482,Ayush Dugal
BA010160,3089041000750153,SBIN0010482,Odika Lala
BA010161,3089041000882956,SBIN0010482,Rajata Khare
BA010162,3089041000676029,SBIN0010482,Yashawini Gulati
BA010163,3089041000638109,SBIN0010482,Dominic Sachdev
BA010164,3089041000706993,SBIN0010482,Radha Mahal
BA010165,3089041000687950,SBIN0010482,Yagnesh Din
BA010166,3089041000121669,SBIN0010482,Ekansh Kari
BA010167,3089041000666598,SBIN0010482,Hemal Dey
BA010168,3089041000793692,SBIN0010482,Neelima Sha
BA010169,3089041000548346,SBIN0010482,Parth Rai
BA010170,3089041000604049,SBIN0010482,Triya Lad
BA010171,3089041000697286,SBIN0010482,Noah Grewal
BA010172,3089041000825469,SBIN0010482,Qasim Sachdeva
BA010173,3089041000178309,SBIN0010482,Aarna Mitra
BA010174,3089041000700185,SBIN0010482,Yuvraj Sanghvi
BA010175,3089041000249449,SBIN0010482,Yashica Chowdhury
BA010176,3089041000743575,SBIN0010482,Falan More
BA010177,3089041000907249,SBIN0010482,Timothy Batra
BA010178,3089041000671947,SBIN0010482,Aarini Bajwa
BA010179,3089041000605440,SBIN0010482,Ekani Tata
BA010180,3089041000741798,SBIN0010482,Frederick Nath
BA010181,3089041000466814,SBIN0010482,Ijaya Bhalla
BA010182,3089041000237126,SBIN0010482,Ojas Subramaniam
BA010183,3089041000705098,SBIN0010482,Charles Garg
BA010184,3089041000730702,SBIN0010482,Guneet Doshi
BA010185,3089041000405157,SBIN0010482,Amaira Ramakrishnan
BA010186,3089041000575584,SBIN0010482,Upadhriti Ganguly
BA010187,3089041000827545,SBIN0010482,Nitara Gokhale
BA010188,3089041000377713,SBIN0010482,Megha Bajaj
BA010189,3089041000212350,SBIN0010482,Madhav Gupta
BA010190,3089041000728431,SBIN0010482,Yashoda Mishra
BA010191,3089041000499452,SBIN0010482,Abeer Gill
BA010192,3089041000616474,SBIN0010482,Hemangini Suri
BA010193,3089041000847995,SBIN0010482,Utkarsh Shah
BA010194,3089041000584539,SBIN0010482,Jagrati Suresh
BA010195,3089041000825321,SBIN0010482,Hiral  Bir
BA010196,3089041000414684,SBIN0010482,Aachal Seth
BA010197,3089041000877177,SBIN0010482,Frederick Borah
BA010198,3089041000114675,SBIN0010482,Varenya Kalita
BA010199,3089041000553152,SBIN0010482,Tamanna Arora
BA010200,3089041000103197,SBIN0010482,Pavani Divan
BA010201,3089041000451342,SBIN0010482,Maya Sheth
BA010202,3089041000811206,SBIN0010482,Hemang Chauhan
BA010203,3089041000643024,SBIN0010482,Janya Manne
BA010204,3089041000637112,SBIN0010482,Samesh Johal
BA010205,3089041000696961,SBIN0010482,Akshay Basak
BA010206,3089041000785140,SBIN0010482,Mitali Krish
BA010207,3089041000560316,SBIN0010482,Yashoda Dhingra
BA010208,3089041000674347,SBIN0010482,Zayyan Dewan
BA010209,3089041000288777,SBIN0010482,Udant Garg
BA010210,3089041000905771,SBIN0010482,Balveer Sodhi
BA010211,3089041000313601,SBIN0010482,Fiyaz Garg
BA010212,3089041000371468,SBIN0010482,Victor Sane
BA010213,3089041000524099,SBIN0010482,Bina Palla
BA010214,3089041000257640,SBIN0010482,Qarin Agate
BA010215,3089041000827007,SBIN0010482,Kiaan Ahuja
BA010216,3089041000111987,SBIN0010482,Saumya Bajaj
BA010217,3089041000914685,SBIN0010482,Lakshit Singhal
BA010218,3089041000693193,SBIN0010482,Ekaraj Sarkar
BA010219,3089041000665757,SBIN0010482,Vrishti Sani
BA010220,3089041000545864,SBIN0010482,Meghana Narain
BA010221,3089041000127805,SBIN0010482,Naksh Narang
BA010222,3089041000544437,SBIN0010482,Garima Chand
BA010223,3089041000653822,SBIN0010482,Andrew Patla
BA010224,3089041000483181,SBIN0010482,Bachittar Varghese
BA010225,3089041000615466,SBIN0010482,Chavvi Yogi
BA010226,3089041000144551,SBIN0010482,Kabir Dave
BA010227,3089041000469986,SBIN0010482,Oscar Johal
BA010228,3089041000271848,SBIN0010482,Agastya Kadakia
BA010229,3089041000890970,SBIN0010482,Advaith Seth
BA010230,3089041000404581,SBIN0010482,Kai Khosla
BA010231,3089041000296459,SBIN0010482,Balvan Dube
BA010232,3089041000924012,SBIN0010482,Aarnav Gupta
BA010233,3089041000708149,SBIN0010482,Lucky Maharaj
BA010234,3089041000400775,SBIN0010482,Tanmayi Narayanan
BA010235,3089041000170452,SBIN0010482,Ishwar Saran
BA010236,3089041000986857,SBIN0010482,Ayushman Choudhury
BA010237,3089041000374786,SBIN0010482,Meghana Kant
BA010238,3089041000527599,SBIN0010482,Pahal Sandhu
BA010239,3089041000111193,SBIN0010482,Urishilla Mody
BA010240,3089041000581744,SBIN0010482,Yuvraj Jhaveri
BA010241,3089041000119084,SBIN0010482,Aachal Prakash
BA010242,3089041000607329,SBIN0010482,Zayyan Bhatt
BA010243,3089041000107274,SBIN0010482,Lopa Chaudhary
BA010244,3089041000165344,SBIN0010482,Mahika Lalla
BA010245,3089041000530060,SBIN0010482,Aayush Balasubramanian
BA010246,3089041000223738,SBIN0010482,Bina Narula
BA010247,3089041000215433,SBIN0010482,Harish Narayan
BA010248,3089041000845106,SBIN0010482,VRISHTI RAY
BA010249,3089041000626420,SBIN0010482,Luke Sachar
BA010250,3089041000282177,SBIN0010482,Zaitra Aggarwal
BA010251,3089041000963985,SBIN0010482,Chakrika Char
BA010252,3089041000945431,SBIN0010482,Jagrati Ahuja
BA010253,3089041000624187,SBIN0010482,Andrew Reddy
BA010254,3089041000962771,SBIN0010482,Hardik Hayer
BA010255,3089041000708325,SBIN0010482,Forum Gaba
BA010256,3089041000202552,SBIN0010482,Kashish Dutta
BA010257,3089041000252483,SBIN0010482,Nicholas Deol
BA010258,3089041000290264,SBIN0010482,Ekta Thakur
BA010259,3089041000228089,SBIN0010482,Tamanna Saxena
BA010260,3089041000656793,SBIN0010482,Wahab Palla
BA010261,3089041000180461,SBIN0010482,Dakshesh  Mohan
BA010262,3089041000230423,SBIN0010482,Nidhi Ghosh
BA010263,3089041000984962,SBIN0010482,Rushil Patla
BA010264,3089041000372653,SBIN0010482,Hredhaan Chahal
BA010265,3089041000708048,SBIN0010482,Forum Dutt
BA010266,3089041000942030,SBIN0010482,Ekaja Toor
BA010267,3089041000712761,SBIN0010482,Pratyush Sheth
BA010268,3089041000282092,SBIN0010482,Peter Ratti
BA010269,3089041000232405,SBIN0010482,Timothy Butala
BA010270,3089041000816857,SBIN0010482,Anya Wali
BA010271,3089041000392689,SBIN0010482,Wazir Bahri
BA010272,3089041000848919,SBIN0010482,Jagrati Walla
BA010273,3089041000268814,SBIN0010482,Urishilla Dalal
BA010274,3089041000262831,SBIN0010482,Ekansh More
BA010275,3089041000244190,SBIN0010482,Pranav Kannan
BA010276,3089041000817657,SBIN0010482,Falguni Merchant
BA010277,3089041000172291,SBIN0010482,Pratyush  Bath
BA010278,3089041000451284,SBIN0010482,Ira Ray
BA010279,3089041000584894,SBIN0010482,Ekani Saxena
BA010280,3089041000257704,SBIN0010482,Gaurang Chhabra
BA010281,3089041000772696,SBIN0010482,Saumya Kapoor
BA010282,3089041000365257,SBIN0010482,Dalaja Narula
BA010283,3089041000605923,SBIN0010482,Nisha Dhar
BA010284,3089041000342949,SBIN0010482,Zashil Nair
BA010285,3089041000654355,SBIN0010482,Gagan Ramachandran
BA010286,3089041000493235,SBIN0010482,Ishanvi Wali
BA010287,3089041000460616,SBIN0010482,Balvan Chopra
BA010288,3089041000364106,SBIN0010482,Oliver Golla
BA010289,3089041000287601,SBIN0010482,Samesh Jaggi
BA010290,3089041000409153,SBIN0010482,Keya Bhat
BA010291,3089041000428792,SBIN0010482,Yoshita Hayre
BA010292,3089041000660769,SBIN0010482,Tara Sant
BA010293,3089041000218841,SBIN0010482,Kalpit Tripathi
BA010294,3089041000761194,SBIN0010482,Abhimanyu Tandon
BA010295,3089041000336166,SBIN0010482,Madhavi Cherian
BA010296,3089041000980713,SBIN0010482,Yatin  Srinivas
BA010297,3089041000560822,SBIN0010482,Unnati Cheema
BA010298,3089041000350901,SBIN0010482,Meera Bava
BA010299,3089041000732427,SBIN0010482,Siddharth Verma
BA010300,3089041000594684,SBIN0010482,Zilmil Pandit
BA010301,3089041000536916,SBIN0010482,Yochana Pau
BA010302,3089041000349309,SBIN0010482,Yauvani Cheema
BA010303,3089041000255600,SBIN0010482,Wahab Sibal
BA010304,3089041000219964,SBIN0010482,Xavier Behl
BA010305,3089041000601350,SBIN0010482,Aayush Singhal
BA010306,3089041000426011,SBIN0010482,Watika Mane
BA010307,3089041000557147,SBIN0010482,Aradhana Munshi
BA010308,3089041000385119,SBIN0010482,Zayyan Mukherjee
BA010309,3089041000569440,SBIN0010482,Imaran Bassi
BA010310,3089041000478915,SBIN0010482,NEHA GARDE
BA010311,3089041000901873,SBIN0010482,Krishna Rajan
BA010312,3089041000978274,SBIN0010482,Bhavani Kata
BA010313,3089041000761177,SBIN0010482,Siya Pant
BA010314,3089041000121738,SBIN0010482,Mahika Balasubramanian
BA010315,3089041000755661,SBIN0010482,Zaid Om
BA010316,3089041000325277,SBIN0010482,Zaitra Narayan
BA010317,3089041000974224,SBIN0010482,Turvi Sanghvi
BA010318,3089041000592184,SBIN0010482,Yashawini Murthy
BA010319,3089041000989333,SBIN0010482,Yashica Kapoor
BA010320,3089041000694407,SBIN0010482,Forum Saha
BA010321,3089041000423211,SBIN0010482,Kritika Sood
BA010322,3089041000380039,SBIN0010482,Tejas Mohan
BA010323,3089041000607691,SBIN0010482,Vrinda Kade
BA010324,3089041000603201,SBIN0010482,Saanvi Chaudhari
BA010325,3089041000228096,SBIN0010482,Udyati Rama
BA010326,3089041000986224,SBIN0010482,Reyansh Mutti
BA010327,3089041000449467,SBIN0010482,Aarnav Swamy
BA010328,3089041000647637,SBIN0010482,Lipika Dugar
BA010329,3089041000534673,SBIN0010482,Rayaan Hora
BA010330,3089041000498012,SBIN0010482,Barkha Arya
BA010331,3089041000475351,SBIN0010482,Ranbir Rege
BA010332,3089041000866574,SBIN0010482,Kalpit Nath
BA010333,3089041000443880,SBIN0010482,Rachit Kapur
BA010334,3089041000610371,SBIN0010482,Lakshit Ramaswamy
BA010335,3089041000755971,SBIN0010482,Rohan Dutt
BA010336,3089041000616125,SBIN0010482,Wazir Murthy
BA010337,3089041000220520,SBIN0010482,Jagat Mane
BA010338,3089041000520097,SBIN0010482,Nachiket Lala
BA010339,3089041000931751,SBIN0010482,Raghav Dey
BA010340,3089041000827494,SBIN0010482,Yatan Loyal
BA010341,3089041000703441,SBIN0010482,Vidhi Borde
BA010342,3089041000699594,SBIN0010482,Panini Narayan
BA010343,3089041000235885,SBIN0010482,Xavier Parikh
BA010344,3089041000782041,SBIN0010482,Jhalak Padmanabhan
BA010345,3089041000550525,SBIN0010482,Benjamin Dixit
BA010346,3089041000351090,SBIN0010482,Banjeet Roy
BA010347,3089041000713180,SBIN0010482,Upma Krishnamurthy
BA010348,3089041000373572,SBIN0010482,Robert Sahota
BA010349,3089041000830006,SBIN0010482,Alka Patel
BA010350,3089041000338984,SBIN0010482,Upma Ramanathan
BA010351,3089041000528889,SBIN0010482,Nathaniel Chokshi
BA010352,3089041000892443,SBIN0010482,Girik Divan
BA010353,3089041000901538,SBIN0010482,Akshay Sahota
BA010354,3089041000929667,SBIN0010482,Ayushman Sarma
BA010355,3089041000702819,SBIN0010482,Harshil Dube
BA010356,3089041000136897,SBIN0010482,Mason Khalsa
BA010357,3089041000152542,SBIN0010482,Janya Raju
BA010358,3089041000540612,SBIN0010482,Bhanumati Saini
BA010359,3089041000985702,SBIN0010482,Yuvraj Agrawal
BA010360,3089041000628699,SBIN0010482,Kamala Pingle
BA010361,3089041000806086,SBIN0010482,Harini Natarajan
BA010362,3089041000327852,SBIN0010482,Jonathan Reddy
BA010363,3089041000159831,SBIN0010482,Gaurangi Sangha
BA010364,3089041000175147,SBIN0010482,Xalak Tara
BA010365,3089041000659361,SBIN0010482,Devika Kalita
BA010366,3089041000743476,SBIN0010482,LAKSH SURA
BA010367,3089041000553987,SBIN0010482,Rehaan Bhatia
BA010368,3089041000524601,SBIN0010482,Nirja Banik
BA010369,3089041000644563,SBIN0010482,Zinal Gokhale
BA010370,3089041000965541,SBIN0010482,Mugdha Purohit
BA010371,3089041000259407,SBIN0010482,Panini Badal
BA010372,3089041000397852,SBIN0010482,Qarin Doctor
BA010373,3089041000764280,SBIN0010482,Sachi Prasad
BA010374,3089041000859870,SBIN0010482,Arin Rattan
BA010375,3089041000251288,SBIN0010482,Tanvi Barad
BA010376,3089041000961887,SBIN0010482,Turvi Bajwa
BA010377,3089041000133662,SBIN0010482,Harini Chokshi
BA010378,3089041000996270,SBIN0010482,Balvan Bhalla
BA010379,3089041000120525,SBIN0010482,Sathvik Krishnan
BA010380,3089041000322040,SBIN0010482,Bachittar Shankar
BA010381,3089041000405742,SBIN0010482,Vamakshi Gade
BA010382,3089041000851377,SBIN0010482,Lavanya Gopal
BA010383,3089041000556621,SBIN0010482,Rishi Khanna
BA010384,3089041000690816,SBIN0010482,Elijah Dugar
BA010385,3089041000579238,SBIN0010482,Manan Chowdhury
BA010386,3089041000693773,SBIN0010482,Geetika Kapur
BA010387,3089041000575000,SBIN0010482,Varsha Chada
BA010388,3089041000597390,SBIN0010482,Oscar Sahni
BA010389,3089041000596609,SBIN0010482,Christopher Dass
BA010390,3089041000634762,SBIN0010482,Yasti Kaul
BA010391,3089041000406516,SBIN0010482,Sai Mammen
BA010392,3089041000463301,SBIN0010482,Sudiksha Bhagat
BA010393,3089041000706525,SBIN0010482,Bhavika Naik
BA010394,3089041000290875,SBIN0010482,Sai Ganesan
BA010395,3089041000873691,SBIN0010482,David Ratta
BA010396,3089041000568318,SBIN0010482,Matthew Dutt
BA010397,3089041000848258,SBIN0010482,Fariq Ganesh
BA010398,3089041000637857,SBIN0010482,Chatresh Manne
BA010399,3089041000338239,SBIN0010482,OJASVI SAINI
BA010400,3089041000146623,SBIN0010482,Yahvi Naik
BA010401,3089041000742750,SBIN0010482,Anika Swaminathan
BA010402,3089041000211855,SBIN0010482,Agastya Saha
BA010403,3089041000735018,SBIN0010482,POOJA LANKA
BA010404,3089041000238526,SBIN0010482,Nachiket Kurian
BA010405,3089041000109680,SBIN0010482,Peter Pathak
BA010406,3089041000898358,SBIN0010482,Teerth Sethi
BA010407,3089041000644003,SBIN0010482,Zashil Singh
BA010408,3089041000445668,SBIN0010482,Advika Atwal
BA010409,3089041000611686,SBIN0010482,Aarush Mahajan
BA010410,3089041000762285,SBIN0010482,Eesha Srinivas
BA010411,3089041000227614,SBIN0010482,Tara Bera
BA010412,3089041000476452,SBIN0010482,Gabriel Dhar
BA010413,3089041000400257,SBIN0010482,Michael Mohan
BA010414,3089041000505161,SBIN0010482,Mohini Vig
BA010415,3089041000701898,SBIN0010482,Laban Vala
BA010416,3089041000383801,SBIN0010482,Nandini Bobal
BA010417,3089041000188789,SBIN0010482,Aarini Dar
BA010418,3089041000588972,SBIN0010482,Avi Agarwal
BA010419,3089041000440224,SBIN0010482,Rohan Tailor
BA010420,3089041000676149,SBIN0010482,Zaitra Samra
BA010421,3089041000364568,SBIN0010482,Gaurika Ram
BA010422,3089041000497226,SBIN0010482,Yutika Anne
BA010423,3089041000374401,SBIN0010482,Falan Ratti
BA010424,3089041000687948,SBIN0010482,Dalaja Sodhi
BA010425,3089041000614468,SBIN0010482,Devansh Dhawan
BA010426,3089041000746107,SBIN0010482,RAYAAN DASGUPTA
BA010427,3089041000387448,SBIN0010482,Adweta Deol
BA010428,3089041000458048,SBIN0010482,Wazir Prakash
BA010429,3089041000311595,SBIN0010482,Fiyaz Rastogi
BA010430,3089041000913140,SBIN0010482,Frado Chada
BA010431,3089041000444920,SBIN0010482,Anmol  Vig
BA010432,3089041000660991,SBIN0010482,Aarnav Dani
BA010433,3089041000846830,SBIN0010482,Aarav  Varkey
BA010434,3089041000836598,SBIN0010482,Vedika Chauhan
BA010435,3089041000240019,SBIN0010482,Onkar Baral
BA010436,3089041000787675,SBIN0010482,Unni Chauhan
BA010437,3089041000712136,SBIN0010482,Urishilla Mangal
BA010438,3089041000369593,SBIN0010482,Bhavani Kara
BA010439,3089041000224987,SBIN0010482,Panini Pradhan
BA010440,3089041000922058,SBIN0010482,Ladli Sethi
BA010441,3089041000794988,SBIN0010482,Chaaya Sachar
BA010442,3089041000294812,SBIN0010482,CHATRESH NARANG
BA010443,3089041000255242,SBIN0010482,Gavin Banerjee
BA010444,3089041000720529,SBIN0010482,Charan Singh
BA010445,3089041000223353,SBIN0010482,Hitesh Taneja
BA010446,3089041000696793,SBIN0010482,Ayaan Goda
BA010447,3089041000541285,SBIN0010482,Kashish Bava
BA010448,3089041000871363,SBIN0010482,Ijaya Mani
BA010449,3089041000539087,SBIN0010482,Nihal Karpe
BA010450,3089041000662428,SBIN0010482,Bachittar Bumb
BA010451,3089041000962650,SBIN0010482,Orinder Singhal
BA010452,3089041000823366,SBIN0010482,Urvashi Luthra
BA010453,3089041000151306,SBIN0010482,Gauri Karpe
BA010454,3089041000526717,SBIN0010482,Ekanta Seth
BA010455,3089041000934312,SBIN0010482,Aachal Ganesh
BA010456,3089041000261336,SBIN0010482,Matthew Rajagopal
BA010457,3089041000279769,SBIN0010482,Noah Bhalla
BA010458,3089041000616481,SBIN0010482,Fiyaz Ravel
BA010459,3089041000931323,SBIN0010482,Isaiah Palla
BA010460,3089041000108813,SBIN0010482,Ridhi Manne
BA010461,3089041000485357,SBIN0010482,Jeevika Chander
BA010462,3089041000579870,SBIN0010482,William Shanker
BA010463,3089041000463586,SBIN0010482,Sachi Sampath
BA010464,3089041000113111,SBIN0010482,Sara Raghavan
BA010465,3089041000950712,SBIN0010482,Krisha Agrawal
BA010466,3089041000937569,SBIN0010482,Hemal Taneja
BA010467,3089041000828808,SBIN0010482,Tanvi Mitra
BA010468,3089041000341676,SBIN0010482,Janani Verma
BA010469,3089041000199714,SBIN0010482,Mahika Varty
BA010470,3089041000141209,SBIN0010482,Anvi Mahajan
BA010471,3089041000131382,SBIN0010482,Yutika Bhardwaj
BA010472,3089041000462417,SBIN0010482,Geetika Thakur
BA010473,3089041000350175,SBIN0010482,Onveer Mander
BA010474,3089041000368923,SBIN0010482,Ishani Sawhney
BA010475,3089041000967790,SBIN0010482,Alka Narayanan
BA010476,3089041000769754,SBIN0010482,Rajeshri Kadakia
BA010477,3089041000665058,SBIN0010482,Aarna Prakash
BA010478,3089041000805844,SBIN0010482,Edhitha Dhillon
BA010479,3089041000656430,SBIN0010482,Ikbal Chatterjee
BA010480,3089041000867681,SBIN0010482,Gautam Bhandari
BA010481,3089041000963508,SBIN0010482,Ekavir Warrior
BA010482,3089041000275942,SBIN0010482,Nirja Samra
BA010483,3089041000916823,SBIN0010482,Tristan Gandhi
BA010484,3089041000273341,SBIN0010482,Xavier Parikh
BA010485,3089041000996448,SBIN0010482,Jacob Tella
BA010486,3089041000168090,SBIN0010482,Charles Setty
BA010487,3089041000387366,SBIN0010482,Anvi Wali
BA010488,3089041000686269,SBIN0010482,Balveer Dugal
BA010489,3089041000868318,SBIN0010482,Omya Lanka
BA010490,3089041000728744,SBIN0010482,Hiral Tandon
BA010491,3089041000526694,SBIN0010482,Abhiram Natt
BA010492,3089041000830172,SBIN0010482,Chaman Gade
BA010493,3089041000645554,SBIN0010482,Harsh Dhaliwal
BA010494,3089041000879481,SBIN0010482,Baghyawati Singhal
BA010495,3089041000497000,SBIN0010482,Ati Sekhon
BA010496,3089041000877746,SBIN0010482,Libni Ahluwalia
BA010497,3089041000250872,SBIN0010482,Owen Kota
BA010498,3089041000621234,SBIN0010482,Hemang Subramaniam
BA010499,3089041000476418,SBIN0010482,Urvi Gole
BA010500,3089041000888800,SBIN0010482,Adweta Sani
BA010501,3089041000921501,SBIN0010482,Tara Goswami
BA010502,3089041000769239,SBIN0010482,Gayathri Wason
BA010503,3089041000664525,SBIN0010482,Anika Padmanabhan
BA010504,3089041000617330,SBIN0010482,Pratyush Sampath
BA010505,3089041000898117,SBIN0010482,Priya Thakur
BA010506,3089041000210258,SBIN0010482,Triya Singhal
BA010507,3089041000959641,SBIN0010482,Chaaya Mallick
BA010508,3089041000296444,SBIN0010482,Yochana Kuruvilla
BA010509,3089041000278873,SBIN0010482,Chaitaly Biswas
BA010510,3089041000900901,SBIN0010482,Arunima Agrawal
BA010511,3089041000291735,SBIN0010482,Laban Kala
BA010512,3089041000222706,SBIN0010482,Aarush Narasimhan
BA010513,3089041000146867,SBIN0010482,Qabil Setty
BA010514,3089041000815924,SBIN0010482,Devansh Joshi
BA010515,3089041000117257,SBIN0010482,Krisha  Krish
BA010516,3089041000864563,SBIN0010482,Indrajit Dua
BA010517,3089041000524662,SBIN0010482,Bhavini Menon
BA010518,3089041000507457,SBIN0010482,Xavier Sami
BA010519,3089041000252233,SBIN0010482,Niharika Dani
BA010520,3089041000510008,SBIN0010482,Jagvi Rout
BA010521,3089041000210944,SBIN0010482,Laban Deo
BA010522,3089041000907282,SBIN0010482,David Shroff
BA010523,3089041000989871,SBIN0010482,Omya Nayak
BA010524,3089041000838114,SBIN0010482,Zarna Balan
BA010525,3089041000473847,SBIN0010482,Vincent Chaudry
BA010526,3089041000719877,SBIN0010482,Bakhshi Deep
BA010527,3089041000666613,SBIN0010482,Shivani Mistry
BA010528,3089041000504747,SBIN0010482,Yuvraj  Bera
BA010529,3089041000443414,SBIN0010482,Ria Goda
BA010530,3089041000516515,SBIN0010482,Ekansh Yadav
BA010531,3089041000978008,SBIN0010482,Neel Mane
BA010532,3089041000696366,SBIN0010482,Tanmayi  Pandey
BA010533,3089041000936547,SBIN0010482,Raghav Bhatnagar
BA010534,3089041000735458,SBIN0010482,Kalpit  Bose
BA010535,3089041000700585,SBIN0010482,Akshay Swamy
BA010536,3089041000972962,SBIN0010482,Vinaya Zacharia
BA010537,3089041000724916,SBIN0010482,Megha Saha
BA010538,3089041000807252,SBIN0010482,Eiravati Misra
BA010539,3089041000263063,SBIN0010482,Yashvi Narula
BA010540,3089041000665833,SBIN0010482,Krisha Kata
BA010541,3089041000861004,SBIN0010482,Rachita Nanda
BA010542,3089041000950281,SBIN0010482,Fariq Virk
BA010543,3089041000501717,SBIN0010482,Noah Vig
BA010544,3089041000910724,SBIN0010482,Hamsini Dewan
BA010545,3089041000827233,SBIN0010482,Onveer Virk
BA010546,3089041000196120,SBIN0010482,Rachita Barman
BA010547,3089041000186388,SBIN0010482,Anjali Ramakrishnan
BA010548,3089041000794883,SBIN0010482,Parth Yadav
BA010549,3089041000959030,SBIN0010482,Bhavini Sen
BA010550,3089041000482575,SBIN0010482,Falguni Dube
BA010551,3089041000427643,SBIN0010482,Xavier Buch
BA010552,3089041000350066,SBIN0010482,Oliver Zachariah
BA010553,3089041000259471,SBIN0010482,Gavin Ganesh
BA010554,3089041000590013,SBIN0010482,Nathaniel Badal
BA010555,3089041000975874,SBIN0010482,Rachana Raj
BA010556,3089041000683140,SBIN0010482,Chaaya Date
BA010557,3089041000721337,SBIN0010482,Vasana Ramachandran
BA010558,3089041000705641,SBIN0010482,Prisha Nigam
BA010559,3089041000201547,SBIN0010482,Urishilla Dhawan
BA010560,3089041000169997,SBIN0010482,Kritika Balakrishnan
BA010561,3089041000147722,SBIN0010482,Mason Ahuja
BA010562,3089041000931041,SBIN0010482,Saumya Kara
BA010563,3089041000219289,SBIN0010482,Raksha Buch
BA010564,3089041000414948,SBIN0010482,Niharika Gopal
BA010565,3089041000399732,SBIN0010482,Tristan Lata
BA010566,3089041000637779,SBIN0010482,Jyoti Srinivasan
BA010567,3089041000603217,SBIN0010482,Hema Sandal
BA010568,3089041000141886,SBIN0010482,Reyansh Dayal
BA010569,3089041000911039,SBIN0010482,Xalak Bansal
BA010570,3089041000629580,SBIN0010482,Aachal Narayanan
BA010571,3089041000366687,SBIN0010482,Harinakshi Wali
BA010572,3089041000173882,SBIN0010482,Upma Kamdar
BA010573,3089041000984486,SBIN0010482,Jeremiah Shere
BA010574,3089041000213066,SBIN0010482,Jonathan Garde
BA010575,3089041000207065,SBIN0010482,Sara Bajaj
BA010576,3089041000275301,SBIN0010482,Nihal Kumar
BA010577,3089041000435540,SBIN0010482,Michael Narula
BA010578,3089041000404681,SBIN0010482,Geetika Mannan
BA010579,3089041000281709,SBIN0010482,Udant Sengupta
BA010580,3089041000348251,SBIN0010482,Balvan Memon
BA010581,3089041000420599,SBIN0010482,Hemang Sagar
BA010582,3089041000333736,SBIN0010482,Ekapad Parsa
BA010583,3089041000219674,SBIN0010482,Bhavika Ratta
BA010584,3089041000964595,SBIN0010482,Viraj Wable
BA010585,3089041000119994,SBIN0010482,Hemal Rai
BA010586,3089041000288041,SBIN0010482,Chameli Mallick
BA010587,3089041000894684,SBIN0010482,Raagini Tata
BA010588,3089041000967914,SBIN0010482,Sarthak Grover
BA010589,3089041000853557,SBIN0010482,Ekavir Gaba
BA010590,3089041000940313,SBIN0010482,Ganga Pandey
BA010591,3089041000950007,SBIN0010482,Raksha Balakrishnan
BA010592,3089041000411033,SBIN0010482,Pallavi Edwin
BA010593,3089041000973909,SBIN0010482,Adweta Munshi
BA010594,3089041000566214,SBIN0010482,Nathaniel Sama
BA010595,3089041000208513,SBIN0010482,Azad Sura
BA010596,3089041000806834,SBIN0010482,Arjun Naidu
BA010597,3089041000481954,SBIN0010482,Daniel Chada
BA010598,3089041000149700,SBIN0010482,Champak Kar
BA010599,3089041000692655,SBIN0010482,Yasti Balakrishnan
BA010600,3089041000787604,SBIN0010482,Wyatt Thaman
BA010601,3089041000136568,SBIN0010482,Gavin Prashad
BA010602,3089041000891605,SBIN0010482,Udarsh Kota
BA010603,3089041000181272,SBIN0010482,Panini Bera
BA010604,3089041000875313,SBIN0010482,Faqid Barad
BA010605,3089041000303836,SBIN0010482,Jackson Pau
BA010606,3089041000273378,SBIN0010482,Samuel Shankar
BA010607,3089041000219226,SBIN0010482,Rudra Nanda
BA010608,3089041000992233,SBIN0010482,Tara Bail
BA010609,3089041000617866,SBIN0010482,Shivani Swaminathan
BA010610,3089041000677657,SBIN0010482,Yasti Sharma
BA010611,3089041000758793,SBIN0010482,Eiravati Raj
BA010612,3089041000680414,SBIN0010482,Raagini Pillai
BA010613,3089041000838439,SBIN0010482,Chakrika Pandit
BA010614,3089041000360790,SBIN0010482,Harini Oza
BA010615,3089041000248684,SBIN0010482,Jhalak Bal
BA010616,3089041000374673,SBIN0010482,Ekiya Khatri
BA010617,3089041000567378,SBIN0010482,Krish Butala
BA010618,3089041000764970,SBIN0010482,Ishwar Mital
BA010619,3089041000118595,SBIN0010482,Bhavini Borde
BA010620,3089041000225537,SBIN0010482,Hemani Dyal
BA010621,3089041000878682,SBIN0010482,Karan Peri
BA010622,3089041000848592,SBIN0010482,David Setty
BA010623,3089041000286555,SBIN0010482,Falan Ramesh
BA010624,3089041000397088,SBIN0010482,Gopal Bhavsar
BA010625,3089041000942017,SBIN0010482,George Mistry
BA010626,3089041000696427,SBIN0010482,Vyanjana Merchant
BA010627,3089041000687960,SBIN0010482,Ekaja Dixit
BA010628,3089041000989403,SBIN0010482,Samarth Baria
BA010629,3089041000421032,SBIN0010482,Urvashi Rajan
BA010630,3089041000796788,SBIN0010482,Ubika Jain
BA010631,3089041000782102,SBIN0010482,Yochana Dhaliwal
BA010632,3089041000194926,SBIN0010482,Dakshesh Gulati
BA010633,3089041000750927,SBIN0010482,Wyatt Gera
BA010634,3089041000174222,SBIN0010482,Om Mane
BA010635,3089041000377641,SBIN0010482,Aditya Ghose
BA010636,3089041000452698,SBIN0010482,Rajata Kaur
BA010637,3089041000908934,SBIN0010482,Anthony Krishna
BA010638,3089041000730289,SBIN0010482,Patrick Chakrabarti
BA010639,3089041000395124,SBIN0010482,Janaki Gala
BA010640,3089041000212138,SBIN0010482,Vanya Nadig
BA010641,3089041000246093,SBIN0010482,Avi Mandal
BA010642,3089041000275157,SBIN0010482,Zayyan Chakrabarti
BA010643,3089041000925788,SBIN0010482,Warjas Dube
BA010644,3089041000778531,SBIN0010482,CHASMUM RAY
BA010645,3089041000168525,SBIN0010482,Gabriel Chahal
BA010646,3089041000921472,SBIN0010482,Samar Mittal
BA010647,3089041000377680,SBIN0010482,Adweta Thakkar
BA010648,3089041000322130,SBIN0010482,Urvashi Biswas
BA010649,3089041000395869,SBIN0010482,Tanish Sankaran
BA010650,3089041000330190,SBIN0010482,Triya Sane
BA010651,3089041000492062,SBIN0010482,Gagan Grewal
BA010652,3089041000665594,SBIN0010482,William Mannan
BA010653,3089041000258724,SBIN0010482,Jack Dada
BA010654,3089041000197394,SBIN0010482,Atharv Gandhi
BA010655,3089041000603436,SBIN0010482,Samar Thakkar
BA010656,3089041000281584,SBIN0010482,Udarsh Baral
BA010657,3089041000201230,SBIN0010482,Bimala Mody
BA010658,3089041000878185,SBIN0010482,Nicholas Vora
BA010659,3089041000380345,SBIN0010482,Ekaraj Raghavan
BA010660,3089041000951526,SBIN0010482,Chasmum Patel
BA010661,3089041000154715,SBIN0010482,Raghav Dada
BA010662,3089041000254852,SBIN0010482,Balendra Varghese
BA010663,3089041000716527,SBIN0010482,Ekaraj Kalla
BA010664,3089041000508738,SBIN0010482,Ekani Ramanathan
BA010665,3089041000151774,SBIN0010482,Girindra Sathe
BA010666,3089041000494283,SBIN0010482,Vivaan Sankar
BA010667,3089041000996277,SBIN0010482,Vrinda Bhagat
BA010668,3089041000254727,SBIN0010482,Ekapad Sule
BA010669,3089041000688443,SBIN0010482,Advay Kalla
BA010670,3089041000874556,SBIN0010482,Ishwar Toor
BA010671,3089041000641865,SBIN0010482,Bina Banik
BA010672,3089041000941947,SBIN0010482,Ayushman Choudhury
BA010673,3089041000749235,SBIN0010482,Samesh Dutt
BA010674,3089041000705521,SBIN0010482,Yuvraj Magar
BA010675,3089041000848419,SBIN0010482,Jhalak Sani
BA010676,3089041000505402,SBIN0010482,Waida Bose
BA010677,3089041000163056,SBIN0010482,Zilmil Soman
BA010678,3089041000150262,SBIN0010482,Hemani  Bhardwaj
BA010679,3089041000723203,SBIN0010482,Sudiksha Palan
BA010680,3089041000505511,SBIN0010482,Ishita Sharaf
BA010681,3089041000519730,SBIN0010482,Upkaar Borra
BA010682,3089041000624507,SBIN0010482,Sathvik Dalal
BA010683,3089041000722843,SBIN0010482,Atharv Hayre
BA010684,3089041000344614,SBIN0010482,Yahvi Bose
BA010685,3089041000482051,SBIN0010482,Christopher Mutti
BA010686,3089041000963909,SBIN0010482,Azaan Guha
BA010687,3089041000197423,SBIN0010482,Samesh Bhasin
BA010688,3089041000859302,SBIN0010482,Mohini Shenoy
BA010689,3089041000971562,SBIN0010482,Agastya Pai
BA010690,3089041000710576,SBIN0010482,Neha Ranganathan
BA010691,3089041000724728,SBIN0010482,Yatan Devan
BA010692,3089041000917383,SBIN0010482,Tejas Shenoy
BA010693,3089041000190673,SBIN0010482,Ayush Tailor
BA010694,3089041000425041,SBIN0010482,Eesha Virk
BA010695,3089041000883088,SBIN0010482,Avi Tandon
BA010696,3089041000243271,SBIN0010482,Anusha Bava
BA010697,3089041000344283,SBIN0010482,Rudra Krish
BA010698,3089041000362657,SBIN0010482,Tarak Misra
BA010699,3089041000436380,SBIN0010482,Azaan Ravi
BA010700,3089041000275382,SBIN0010482,Vritti Memon
BA010701,3089041000897020,SBIN0010482,Reyansh Garg
BA010702,3089041000854285,SBIN0010482,Upadhriti Nayak
BA010703,3089041000169070,SBIN0010482,Waida Grewal
BA010704,3089041000960858,SBIN0010482,Ekta Dhaliwal
BA010705,3089041000713052,SBIN0010482,Geetika Mahal
BA010706,3089041000555410,SBIN0010482,Diya Chowdhury
BA010707,3089041000884846,SBIN0010482,Ishwar Salvi
BA010708,3089041000367720,SBIN0010482,Tanish Mukhopadhyay
BA010709,3089041000931107,SBIN0010482,Wahab Sangha
BA010710,3089041000411145,SBIN0010482,Samuel Suresh
BA010711,3089041000955110,SBIN0010482,Meghana Hans
BA010712,3089041000712165,SBIN0010482,Wridesh Wali
BA010713,3089041000521428,SBIN0010482,Bachittar Kuruvilla
BA010714,3089041000701910,SBIN0010482,Nisha Kumer
BA010715,3089041000426903,SBIN0010482,Januja Venkataraman
BA010716,3089041000326428,SBIN0010482,Odika Sama
BA010717,3089041000408763,SBIN0010482,Zansi Sankar
BA010718,3089041000923346,SBIN0010482,Amaira Chaudhari
BA010719,3089041000433331,SBIN0010482,Vihaan Swaminathan
BA010720,3089041000310496,SBIN0010482,Kalpit Barad
BA010721,3089041000749121,SBIN0010482,Vedant Cherian
BA010722,3089041000549341,SBIN0010482,Gaurangi Pai
BA010723,3089041000954618,SBIN0010482,Riya Srivastava
BA010724,3089041000922629,SBIN0010482,Baljiwan Dara
BA010725,3089041000918011,SBIN0010482,Ishita Varghese
BA010726,3089041000167487,SBIN0010482,Aayush Varghese
BA010727,3089041000831290,SBIN0010482,Indrajit Luthra
BA010728,3089041000496670,SBIN0010482,Fariq Pingle
BA010729,3089041000685168,SBIN0010482,Pranav Chowdhury
BA010730,3089041000794311,SBIN0010482,Tanish Raghavan
BA010731,3089041000984939,SBIN0010482,Elijah Sachdeva
BA010732,3089041000701897,SBIN0010482,Jagat Chaudry
BA010733,3089041000327205,SBIN0010482,Libni Balasubramanian
BA010734,3089041000607099,SBIN0010482,Keya Borra
BA010735,3089041000826161,SBIN0010482,Zaitra Ganesan
BA010736,3089041000385294,SBIN0010482,Anthony Natarajan
BA010737,3089041000529530,SBIN0010482,Harinakshi Madan
BA010738,3089041000883745,SBIN0010482,Indali Kuruvilla
BA010739,3089041000525711,SBIN0010482,Mitali Tella
BA010740,3089041000443524,SBIN0010482,Ladli Toor
BA010741,3089041000270052,SBIN0010482,Vincent Tata
BA010742,3089041000537766,SBIN0010482,GAURAV LOKE
BA010743,3089041000387911,SBIN0010482,Rushil Mannan
BA010744,3089041000960351,SBIN0010482,Divya Mand
BA010745,3089041000555085,SBIN0010482,Irya Roy
BA010746,3089041000201769,SBIN0010482,Ayush Andra
BA010747,3089041000272552,SBIN0010482,Abhimanyu Chadha
BA010748,3089041000664464,SBIN0010482,Odika Devan
BA010749,3089041000600773,SBIN0010482,Watika Doctor
BA010750,3089041000371375,SBIN0010482,Krisha Sinha
BA010751,3089041000783777,SBIN0010482,Jeremiah Chaudhary
BA010752,3089041000618723,SBIN0010482,Sarthak Ramakrishnan
BA010753,3089041000597920,SBIN0010482,Jhalak Bhakta
BA010754,3089041000291040,SBIN0010482,Shravya Bail
BA010755,3089041000312116,SBIN0010482,Aarna Balan
BA010756,3089041000232645,SBIN0010482,Niharika Patel
BA010757,3089041000239659,SBIN0010482,Ishaan Boase
BA010758,3089041000126857,SBIN0010482,Nisha Lad
BA010759,3089041000108367,SBIN0010482,Wridesh Maharaj
BA010760,3089041000472096,SBIN0010482,Anita Gulati
BA010761,3089041000637139,SBIN0010482,Ubika Bandi
BA010762,3089041000521602,SBIN0010482,Osha Gera
BA010763,3089041000499612,SBIN0010482,Ganga Nayak
BA010764,3089041000209302,SBIN0010482,Dalaja Golla
BA010765,3089041000539557,SBIN0010482,Aadhya Mane
BA010766,3089041000795927,SBIN0010482,Priya Narayan
BA010767,3089041000436095,SBIN0010482,Lakshit Chad
BA010768,3089041000474131,SBIN0010482,Irya Saran
BA010769,3089041000828609,SBIN0010482,Vaishnavi Oza
BA010770,3089041000753302,SBIN0010482,Xiti Amble
BA010771,3089041000641987,SBIN0010482,Isaac Sachdeva
