document_id,student_id,doc_type,template_hash,issued_by,issued_on
DOC_S003,S003,Income Certificate,TPL-INC-991,Tehsildar Office,2026-02-15
DOC_S006,S006,Income Certificate,TPL-INC-991,Tehsildar Office,2026-02-15
DOC_S007,S007,Income Certificate,TPL-INC-991,Tehsildar Office,2026-02-15
DOC_S008,S008,Income Certificate,TPL-INC-991,Tehsildar Office,2026-02-15
DOC_S107001,S107001,Income Certificate,TPL-CL-107,District Magistrate Office,2026-02-18
DOC_S107002,S107002,Income Certificate,TPL-CL-107,District Magistrate Office,2026-02-18
DOC_S107003,S107003,Income Certificate,TPL-CL-107,District Magistrate Office,2026-02-18
DOC_S107004,S107004,Income Certificate,TPL-CL-107,District Magistrate Office,2026-02-18
DOC_S107005,S107005,Income Certificate,TPL-CL-107,District Magistrate Office,2026-02-18
DOC_S107006,S107006,Income Certificate,TPL-CL-107,District Magistrate Office,2026-02-18
DOC_S107007,S107007,Income Certificate,TPL-CL-107,District Magistrate Office,2026-02-18
DOC_S107008,S107008,Income Certificate,TPL-CL-107,District Magistrate Office,2026-02-18
DOC_S107009,S107009,Income Certificate,TPL-CL-107,District Magistrate Office,2026-02-18
DOC_S107010,S107010,Income Certificate,TPL-CL-107,District Magistrate Office,2026-02-18
DOC_S107011,S107011,Income Certificate,TPL-CL-107,District Magistrate Office,2026-02-18
DOC_S107012,S107012,Income Certificate,TPL-CL-107,District Magistrate Office,2026-02-18
DOC_S107013,S107013,Income Certificate,TPL-CL-107,District Magistrate Office,2026-02-18
DOC_S107014,S107014,Income Certificate,TPL-CL-107,District Magistrate Office,2026-02-18
DOC_S107015,S107015,Income Certificate,TPL-CL-107,District Magistrate Office,2026-02-18
DOC_S107016,S107016,Income Certificate,TPL-CL-107,District Magistrate Office,2026-02-18
DOC_S107017,S107017,Income Certificate,TPL-CL-107,District Magistrate Office,2026-02-18
DOC_S107018,S107018,Income Certificate,TPL-CL-107,District Magistrate Office,2026-02-18
DOC_S107019,S107019,Income Certificate,TPL-CL-107,District Magistrate Office,2026-02-18
DOC_S107020,S107020,Income Certificate,TPL-CL-107,District Magistrate Office,2026-02-18
DOC_S107021,S107021,Income Certificate,TPL-CL-107,District Magistrate Office,2026-02-18
DOC_S107022,S107022,Income Certificate,TPL-CL-107,District Magistrate Office,2026-02-18
DOC_S107023,S107023,Income Certificate,TPL-CL-107,District Magistrate Office,2026-02-18
DOC_S107024,S107024,Income Certificate,TPL-CL-107,District Magistrate Office,2026-02-18
DOC_S107025,S107025,Income Certificate,TPL-CL-107,District Magistrate Office,2026-02-18
DOC_S107026,S107026,Income Certificate,TPL-CL-107,District Magistrate Office,2026-02-18
DOC_S107027,S107027,Income Certificate,TPL-CL-107,District Magistrate Office,2026-02-18
DOC_S107028,S107028,Income Certificate,TPL-CL-107,District Magistrate Office,2026-02-18
DOC_S107029,S107029,Income Certificate,TPL-CL-107,District Magistrate Office,2026-02-18
DOC_S107030,S107030,Income Certificate,TPL-CL-107,District Magistrate Office,2026-02-18
DOC_S107031,S107031,Income Certificate,TPL-CL-107,District Magistrate Office,2026-02-18
DOC_S107032,S107032,Income Certificate,TPL-CL-107,District Magistrate Office,2026-02-18
DOC_S107033,S107033,Income Certificate,TPL-CL-107,District Magistrate Office,2026-02-18
DOC_S107034,S107034,Income Certificate,TPL-CL-107,District Magistrate Office,2026-02-18
DOC_S107035,S107035,Income Certificate,TPL-CL-107,District Magistrate Office,2026-02-18
DOC_S107036,S107036,Income Certificate,TPL-CL-107,District Magistrate Office,2026-02-18
DOC_S107037,S107037,Income Certificate,TPL-CL-107,District Magistrate Office,2026-02-18
DOC_S107038,S107038,Income Certificate,TPL-CL-107,District Magistrate Office,2026-02-18
DOC_S107039,S107039,Income Certificate,TPL-CL-107,District Magistrate Office,2026-02-18
DOC_S107040,S107040,Income Certificate,TPL-CL-107,District Magistrate Office,2026-02-18
DOC_S107041,S107041,Income Certificate,TPL-CL-107,District Magistrate Office,2026-02-18
DOC_S107042,S107042,Income Certificate,TPL-CL-107,District Magistrate Office,2026-02-18
DOC_S107043,S107043,Income Certificate,TPL-CL-107,District Magistrate Office,2026-02-18
DOC_S107044,S107044,Income Certificate,TPL-CL-107,District Magistrate Office,2026-02-18
DOC_S107045,S107045,Income Certificate,TPL-CL-107,District Magistrate Office,2026-02-18
DOC_S107046,S107046,Income Certificate,TPL-CL-107,District Magistrate Office,2026-02-18
DOC_S107047,S107047,Income Certificate,TPL-CL-107,District Magistrate Office,2026-02-18
DOC_S107048,S107048,Income Certificate,TPL-CL-107,District Magistrate Office,2026-02-18
DOC_S107049,S107049,Income Certificate,TPL-CL-107,District Magistrate Office,2026-02-18
DOC_S107050,S107050,Income Certificate,TPL-CL-107,District Magistrate Office,2026-02-18
DOC_S107051,S107051,Income Certificate,TPL-CL-107,District Magistrate Office,2026-02-18
DOC_S107052,S107052,Income Certificate,TPL-CL-107,District Magistrate Office,2026-02-18
DOC_S107053,S107053,Income Certificate,TPL-CL-107,District Magistrate Office,2026-02-18
DOC_S107054,S107054,Income Certificate,TPL-CL-107,District Magistrate Office,2026-02-18
DOC_S107055,S107055,Income Certificate,TPL-CL-107,District Magistrate Office,2026-02-18
DOC_S107056,S107056,Income Certificate,TPL-CL-107,District Magistrate Office,2026-02-18
DOC_S107057,S107057,Income Certificate,TPL-CL-107,District Magistrate Office,2026-02-18
DOC_S107058,S107058,Income Certificate,TPL-CL-107,District Magistrate Office,2026-02-18
DOC_S107059,S107059,Income Certificate,TPL-CL-107,District Magistrate Office,2026-02-18
DOC_S107060,S107060,Income Certificate,TPL-CL-107,District Magistrate Office,2026-02-18
DOC_S107061,S107061,Income Certificate,TPL-CL-107,District Magistrate Office,2026-02-18
DOC_S107062,S107062,Income Certificate,TPL-CL-107,District Magistrate Office,2026-02-18
DOC_S111001,S111001,Income Certificate,TPL-CL-111,District Magistrate Office,2026-02-18
DOC_S111002,S111002,Income Certificate,TPL-CL-111,District Magistrate Office,2026-02-18
DOC_S111003,S111003,Income Certificate,TPL-CL-111,District Magistrate Office,2026-02-18
DOC_S111004,S111004,Income Certificate,TPL-CL-111,District Magistrate Office,2026-02-18
DOC_S111005,S111005,Income Certificate,TPL-CL-111,District Magistrate Office,2026-02-18
DOC_S111006,S111006,Income Certificate,TPL-CL-111,District Magistrate Office,2026-02-18
DOC_S111007,S111007,Income Certificate,TPL-CL-111,District Magistrate Office,2026-02-18
DOC_S111008,S111008,Income Certificate,TPL-CL-111,District Magistrate Office,2026-02-18
DOC_S111009,S111009,Income Certificate,TPL-CL-111,District Magistrate Office,2026-02-18
DOC_S111010,S111010,Income Certificate,TPL-CL-111,District Magistrate Office,2026-02-18
DOC_S111011,S111011,Income Certificate,TPL-CL-111,District Magistrate Office,2026-02-18
DOC_S111012,S111012,Income Certificate,TPL-CL-111,District Magistrate Office,2026-02-18
DOC_S111013,S111013,Income Certificate,TPL-CL-111,District Magistrate Office,2026-02-18
DOC_S111014,S111014,Income Certificate,TPL-CL-111,District Magistrate Office,2026-02-18
DOC_S111015,S111015,Income Certificate,TPL-CL-111,District Magistrate Office,2026-02-18
DOC_S111016,S111016,Income Certificate,TPL-CL-111,District Magistrate Office,2026-02-18
DOC_S111017,S111017,Income Certificate,TPL-CL-111,District Magistrate Office,2026-02-18
DOC_S111018,S111018,Income Certificate,TPL-CL-111,District Magistrate Office,2026-02-18
DOC_S115001,S115001,Income Certificate,TPL-CL-115,District Magistrate Office,2026-02-18
DOC_S115002,S115002,Income Certificate,TPL-CL-115,District Magistrate Office,2026-02-18
DOC_S115003,S115003,Income Certificate,TPL-CL-115,District Magistrate Office,2026-02-18
DOC_S115004,S115004,Income Certificate,TPL-CL-115,District Magistrate Office,2026-02-18
DOC_S115005,S115005,Income Certificate,TPL-CL-115,District Magistrate Office,2026-02-18
DOC_S115006,S115006,Income Certificate,TPL-CL-115,District Magistrate Office,2026-02-18
DOC_S115007,S115007,Income Certificate,TPL-CL-115,District Magistrate Office,2026-02-18
DOC_S115008,S115008,Income Certificate,TPL-CL-115,District Magistrate Office,2026-02-18
DOC_S115009,S115009,Income Certificate,TPL-CL-115,District Magistrate Office,2026-02-18
DOC_S118001,S118001,Income Certificate,TPL-CL-118,District Magistrate Office,2026-02-18
DOC_S118002,S118002,Income Certificate,TPL-CL-118,District Magistrate Office,2026-02-18
DOC_S118003,S118003,Income Certificate,TPL-CL-118,District Magistrate Office,2026-02-18
DOC_S118004,S118004,Income Certificate,TPL-CL-118,District Magistrate Office,2026-02-18
DOC_S118005,S118005,Income Certificate,TPL-CL-118,District Magistrate Office,2026-02-18
DOC_S118006,S118006,Income Certificate,TPL-CL-118,District Magistrate Office,2026-02-18
DOC_S118007,S118007,Income Certificate,TPL-CL-118,District Magistrate Office,2026-02-18
DOC_S118008,S118008,Income Certificate,TPL-CL-118,District Magistrate Office,2026-02-18
DOC_S118009,S118009,Income Certificate,TPL-CL-118,District Magistrate Office,2026-02-18
DOC_S118010,S118010,Income Certificate,TPL-CL-118,District Magistrate Office,2026-02-18
DOC_S118011,S118011,Income Certificate,TPL-CL-118,District Magistrate Office,2026-02-18
DOC_S118012,S118012,Income Certificate,TPL-CL-118,District Magistrate Office,2026-02-18
DOC_S118013,S118013,Income Certificate,TPL-CL-118,District Magistrate Office,2026-02-18
DOC_S118014,S118014,Income Certificate,TPL-CL-118,District Magistrate Office,2026-02-18
DOC_S118015,S118015,Income Certificate,TPL-CL-118,District Magistrate Office,2026-02-18
DOC_S118016,S118016,Income Certificate,TPL-CL-118,District Magistrate Office,2026-02-18
DOC_S118017,S118017,Income Certificate,TPL-CL-118,District Magistrate Office,2026-02-18
DOC_S118018,S118018,Income Certificate,TPL-CL-118,District Magistrate Office,2026-02-18
DOC_S118019,S118019,Income Certificate,TPL-CL-118,District Magistrate Office,2026-02-18
DOC_S118020,S118020,Income Certificate,TPL-CL-118,District Magistrate Office,2026-02-18
DOC_S118021,S118021,Income Certificate,TPL-CL-118,District Magistrate Office,2026-02-18
DOC_S118022,S118022,Income Certificate,TPL-CL-118,District Magistrate Office,2026-02-18
DOC_S118023,S118023,Income Certificate,TPL-CL-118,District Magistrate Office,2026-02-18
DOC_S118024,S118024,Income Certificate,TPL-CL-118,District Magistrate Office,2026-02-18
DOC_S118025,S118025,Income Certificate,TPL-CL-118,District Magistrate Office,2026-02-18
DOC_S118026,S118026,Income Certificate,TPL-CL-118,District Magistrate Office,2026-02-18
DOC_S118027,S118027,Income Certificate,TPL-CL-118,District Magistrate Office,2026-02-18
DOC_S118028,S118028,Income Certificate,TPL-CL-118,District Magistrate Office,2026-02-18
DOC_S118029,S118029,Income Certificate,TPL-CL-118,District Magistrate Office,2026-02-18
DOC_S118030,S118030,Income Certificate,TPL-CL-118,District Magistrate Office,2026-02-18
DOC_S118031,S118031,Income Certificate,TPL-CL-118,District Magistrate Office,2026-02-18
DOC_S122001,S122001,Income Certificate,TPL-CL-122,District Magistrate Office,2026-02-18
DOC_S122002,S122002,Income Certificate,TPL-CL-122,District Magistrate Office,2026-02-18
DOC_S122003,S122003,Income Certificate,TPL-CL-122,District Magistrate Office,2026-02-18
DOC_S122004,S122004,Income Certificate,TPL-CL-122,District Magistrate Office,2026-02-18
DOC_S122005,S122005,Income Certificate,TPL-CL-122,District Magistrate Office,2026-02-18
DOC_S122006,S122006,Income Certificate,TPL-CL-122,District Magistrate Office,2026-02-18
DOC_S122007,S122007,Income Certificate,TPL-CL-122,District Magistrate Office,2026-02-18
DOC_S122008,S122008,Income Certificate,TPL-CL-122,District Magistrate Office,2026-02-18
DOC_S122009,S122009,Income Certificate,TPL-CL-122,District Magistrate Office,2026-02-18
DOC_S122010,S122010,Income Certificate,TPL-CL-122,District Magistrate Office,2026-02-18
DOC_S122011,S122011,Income Certificate,TPL-CL-122,District Magistrate Office,2026-02-18
DOC_S122012,S122012,Income Certificate,TPL-CL-122,District Magistrate Office,2026-02-18
DOC_S122013,S122013,Income Certificate,TPL-CL-122,District Magistrate Office,2026-02-18
DOC_S122014,S122014,Income Certificate,TPL-CL-122,District Magistrate Office,2026-02-18
DOC_S126001,S126001,Income Certificate,TPL-CL-126,District Magistrate Office,2026-02-18
DOC_S126002,S126002,Income Certificate,TPL-CL-126,District Magistrate Office,2026-02-18
DOC_S126003,S126003,Income Certificate,TPL-CL-126,District Magistrate Office,2026-02-18
DOC_S126004,S126004,Income Certificate,TPL-CL-126,District Magistrate Office,2026-02-18
DOC_S126005,S126005,Income Certificate,TPL-CL-126,District Magistrate Office,2026-02-18
DOC_S126006,S126006,Income Certificate,TPL-CL-126,District Magistrate Office,2026-02-18
DOC_S126007,S126007,Income Certificate,TPL-CL-126,District Magistrate Office,2026-02-18
DOC_S126008,S126008,Income Certificate,TPL-CL-126,District Magistrate Office,2026-02-18
DOC_S126009,S126009,Income Certificate,TPL-CL-126,District Magistrate Office,2026-02-18
DOC_S126010,S126010,Income Certificate,TPL-CL-126,District Magistrate Office,2026-02-18
DOC_S126011,S126011,Income Certificate,TPL-CL-126,District Magistrate Office,2026-02-18
DOC_S126012,S126012,Income Certificate,TPL-CL-126,District Magistrate Office,2026-02-18
DOC_S126013,S126013,Income Certificate,TPL-CL-126,District Magistrate Office,2026-02-18
DOC_S126014,S126014,Income Certificate,TPL-CL-126,District Magistrate Office,2026-02-18
DOC_S126015,S126015,Income Certificate,TPL-CL-126,District Magistrate Office,2026-02-18
DOC_S126016,S126016,Income Certificate,TPL-CL-126,District Magistrate Office,2026-02-18
DOC_S126017,S126017,Income Certificate,TPL-CL-126,District Magistrate Office,2026-02-18
DOC_S126018,S126018,Income Certificate,TPL-CL-126,District Magistrate Office,2026-02-18
DOC_S126019,S126019,Income Certificate,TPL-CL-126,District Magistrate Office,2026-02-18
DOC_S126020,S126020,Income Certificate,TPL-CL-126,District Magistrate Office,2026-02-18
DOC_S126021,S126021,Income Certificate,TPL-CL-126,District Magistrate Office,2026-02-18
DOC_S126022,S126022,Income Certificate,TPL-CL-126,District Magistrate Office,2026-02-18
DOC_S131001,S131001,Income Certificate,TPL-CL-131,District Magistrate Office,2026-02-18
DOC_S131002,S131002,Income Certificate,TPL-CL-131,District Magistrate Office,2026-02-18
DOC_S131003,S131003,Income Certificate,TPL-CL-131,District Magistrate Office,2026-02-18
DOC_S131004,S131004,Income Certificate,TPL-CL-131,District Magistrate Office,2026-02-18
DOC_S131005,S131005,Income Certificate,TPL-CL-131,District Magistrate Office,2026-02-18
DOC_S131006,S131006,Income Certificate,TPL-CL-131,District Magistrate Office,2026-02-18
DOC_S131007,S131007,Income Certificate,TPL-CL-131,District Magistrate Office,2026-02-18
DOC_S131008,S131008,Income Certificate,TPL-CL-131,District Magistrate Office,2026-02-18
DOC_S131009,S131009,Income Certificate,TPL-CL-131,District Magistrate Office,2026-02-18
DOC_S131010,S131010,Income Certificate,TPL-CL-131,District Magistrate Office,2026-02-18
DOC_S131011,S131011,Income Certificate,TPL-CL-131,District Magistrate Office,2026-02-18
DOC_S131012,S131012,Income Certificate,TPL-CL-131,District Magistrate Office,2026-02-18
DOC_S131013,S131013,Income Certificate,TPL-CL-131,District Magistrate Office,2026-02-18
DOC_S131014,S131014,Income Certificate,TPL-CL-131,District Magistrate Office,2026-02-18
DOC_S131015,S131015,Income Certificate,TPL-CL-131,District Magistrate Office,2026-02-18
DOC_S131016,S131016,Income Certificate,TPL-CL-131,District Magistrate Office,2026-02-18
DOC_S135001,S135001,Income Certificate,TPL-CL-135,District Magistrate Office,2026-02-18
DOC_S135002,S135002,Income Certificate,TPL-CL-135,District Magistrate Office,2026-02-18
DOC_S135003,S135003,Income Certificate,TPL-CL-135,District Magistrate Office,2026-02-18
DOC_S135004,S135004,Income Certificate,TPL-CL-135,District Magistrate Office,2026-02-18
DOC_S135005,S135005,Income Certificate,TPL-CL-135,District Magistrate Office,2026-02-18
DOC_S135006,S135006,Income Certificate,TPL-CL-135,District Magistrate Office,2026-02-18
DOC_S135007,S135007,Income Certificate,TPL-CL-135,District Magistrate Office,2026-02-18
DOC_S135008,S135008,Income Certificate,TPL-CL-135,District Magistrate Office,2026-02-18
DOC_S135009,S135009,Income Certificate,TPL-CL-135,District Magistrate Office,2026-02-18
DOC_S135010,S135010,Income Certificate,TPL-CL-135,District Magistrate Office,2026-02-18
DOC_S135011,S135011,Income Certificate,TPL-CL-135,District Magistrate Office,2026-02-18
DOC_S135012,S135012,Income Certificate,TPL-CL-135,District Magistrate Office,2026-02-18
DOC_S140001,S140001,Income Certificate,TPL-CL-140,District Magistrate Office,2026-02-18
DOC_S140002,S140002,Income Certificate,TPL-CL-140,District Magistrate Office,2026-02-18
DOC_S140003,S140003,Income Certificate,TPL-CL-140,District Magistrate Office,2026-02-18
DOC_S140004,S140004,Income Certificate,TPL-CL-140,District Magistrate Office,2026-02-18
DOC_S140005,S140005,Income Certificate,TPL-CL-140,District Magistrate Office,2026-02-18
DOC_S140006,S140006,Income Certificate,TPL-CL-140,District Magistrate Office,2026-02-18
DOC_S140007,S140007,Income Certificate,TPL-CL-140,District Magistrate Office,2026-02-18
DOC_S140008,S140008,Income Certificate,TPL-CL-140,District Magistrate Office,2026-02-18
DOC_S140009,S140009,Income Certificate,TPL-CL-140,District Magistrate Office,2026-02-18
DOC_S140010,S140010,Income Certificate,TPL-CL-140,District Magistrate Office,2026-02-18
DOC_S140011,S140011,Income Certificate,TPL-CL-140,District Magistrate Office,2026-02-18
DOC_S140012,S140012,Income Certificate,TPL-CL-140,District Magistrate Office,2026-02-18
DOC_S140013,S140013,Income Certificate,TPL-CL-140,District Magistrate Office,2026-02-18
DOC_S140014,S140014,Income Certificate,TPL-CL-140,District Magistrate Office,2026-02-18
DOC_S140015,S140015,Income Certificate,TPL-CL-140,District Magistrate Office,2026-02-18
DOC_S140016,S140016,Income Certificate,TPL-CL-140,District Magistrate Office,2026-02-18
DOC_S140017,S140017,Income Certificate,TPL-CL-140,District Magistrate Office,2026-02-18
DOC_S140018,S140018,Income Certificate,TPL-CL-140,District Magistrate Office,2026-02-18
DOC_S140019,S140019,Income Certificate,TPL-CL-140,District Magistrate Office,2026-02-18
DOC_S140020,S140020,Income Certificate,TPL-CL-140,District Magistrate Office,2026-02-18
DOC_S144001,S144001,Income Certificate,TPL-CL-144,District Magistrate Office,2026-02-18
DOC_S144002,S144002,Income Certificate,TPL-CL-144,District Magistrate Office,2026-02-18
DOC_S144003,S144003,Income Certificate,TPL-CL-144,District Magistrate Office,2026-02-18
DOC_S144004,S144004,Income Certificate,TPL-CL-144,District Magistrate Office,2026-02-18
DOC_S144005,S144005,Income Certificate,TPL-CL-144,District Magistrate Office,2026-02-18
DOC_S144006,S144006,Income Certificate,TPL-CL-144,District Magistrate Office,2026-02-18
DOC_S144007,S144007,Income Certificate,TPL-CL-144,District Magistrate Office,2026-02-18
DOC_S144008,S144008,Income Certificate,TPL-CL-144,District Magistrate Office,2026-02-18
DOC_S144009,S144009,Income Certificate,TPL-CL-144,District Magistrate Office,2026-02-18
DOC_S144010,S144010,Income Certificate,TPL-CL-144,District Magistrate Office,2026-02-18
DOC_S144011,S144011,Income Certificate,TPL-CL-144,District Magistrate Office,2026-02-18
DOC_S144012,S144012,Income Certificate,TPL-CL-144,District Magistrate Office,2026-02-18
DOC_S144013,S144013,Income Certificate,TPL-CL-144,District Magistrate Office,2026-02-18
DOC_S144014,S144014,Income Certificate,TPL-CL-144,District Magistrate Office,2026-02-18
DOC_S144015,S144015,Income Certificate,TPL-CL-144,District Magistrate Office,2026-02-18
DOC_S144016,S144016,Income Certificate,TPL-CL-144,District Magistrate Office,2026-02-18
DOC_S144017,S144017,Income Certificate,TPL-CL-144,District Magistrate Office,2026-02-18
DOC_S149001,S149001,Income Certificate,TPL-CL-149,District Magistrate Office,2026-02-18
DOC_S149002,S149002,Income Certificate,TPL-CL-149,District Magistrate Office,2026-02-18
DOC_S149003,S149003,Income Certificate,TPL-CL-149,District Magistrate Office,2026-02-18
DOC_S149004,S149004,Income Certificate,TPL-CL-149,District Magistrate Office,2026-02-18
DOC_S149005,S149005,Income Certificate,TPL-CL-149,District Magistrate Office,2026-02-18
DOC_S149006,S149006,Income Certificate,TPL-CL-149,District Magistrate Office,2026-02-18
DOC_S149007,S149007,Income Certificate,TPL-CL-149,District Magistrate Office,2026-02-18
DOC_S149008,S149008,Income Certificate,TPL-CL-149,District Magistrate Office,2026-02-18
DOC_S149009,S149009,Income Certificate,TPL-CL-149,District Magistrate Office,2026-02-18
DOC_S149010,S149010,Income Certificate,TPL-CL-149,District Magistrate Office,2026-02-18
DOC_S149011,S149011,Income Certificate,TPL-CL-149,District Magistrate Office,2026-02-18
DOC_S149012,S149012,Income Certificate,TPL-CL-149,District Magistrate Office,2026-02-18
DOC_S149013,S149013,Income Certificate,TPL-CL-149,District Magistrate Office,2026-02-18
DOC_S149014,S149014,Income Certificate,TPL-CL-149,District Magistrate Office,2026-02-18
DOC_S149015,S149015,Income Certificate,TPL-CL-149,District Magistrate Office,2026-02-18
DOC_S_DEC_0001,S_DEC_0001,Income Certificate,TPL_DEC_0,Block Officer,2026-02-10
DOC_S_DEC_0002,S_DEC_0002,Income Certificate,TPL_DEC_0,Block Officer,2026-02-10
DOC_S_DEC_0003,S_DEC_0003,Income Certificate,TPL_DEC_1,Block Officer,2026-02-10
DOC_S_DEC_0004,S_DEC_0004,Income Certificate,TPL_DEC_1,Block Officer,2026-02-10
DOC_S_DEC_0005,S_DEC_0005,Income Certificate,TPL_DEC_2,Block Officer,2026-02-10
DOC_S_DEC_0006,S_DEC_0006,Income Certificate,TPL_DEC_2,Block Officer,2026-02-10
DOC_S_DEC_0007,S_DEC_0007,Income Certificate,TPL_DEC_3,Block Officer,2026-02-10
DOC_S_DEC_0008,S_DEC_0008,Income Certificate,TPL_DEC_3,Block Officer,2026-02-10
DOC_S_DEC_0009,S_DEC_0009,Income Certificate,TPL_DEC_4,Block Officer,2026-02-10
DOC_S_DEC_0010,S_DEC_0010,Income Certificate,TPL_DEC_4,Block Officer,2026-02-10
DOC_S_DEC_0011,S_DEC_0011,Income Certificate,TPL_DEC_5,Block Officer,2026-02-10
DOC_S_DEC_0012,S_DEC_0012,Income Certificate,TPL_DEC_5,Block Officer,2026-02-10
DOC_S_DEC_0013,S_DEC_0013,Income Certificate,TPL_DEC_6,Block Officer,2026-02-10
DOC_S_DEC_0014,S_DEC_0014,Income Certificate,TPL_DEC_6,Block Officer,2026-02-10
DOC_S_DEC_0015,S_DEC_0015,Income Certificate,TPL_DEC_7,Block Officer,2026-02-10
DOC_S_DEC_0016,S_DEC_0016,Income Certificate,TPL_DEC_7,Block Officer,2026-02-10
DOC_S_DEC_0017,S_DEC_0017,Income Certificate,TPL_DEC_8,Block Officer,2026-02-10
DOC_S_DEC_0018,S_DEC_0018,Income Certificate,TPL_DEC_8,Block Officer,2026-02-10
DOC_S_DEC_0019,S_DEC_0019,Income Certificate,TPL_DEC_9,Block Officer,2026-02-10
DOC_S_DEC_0020,S_DEC_0020,Income Certificate,TPL_DEC_9,Block Officer,2026-02-10
DOC_S_DEC_0021,S_DEC_0021,Income Certificate,TPL_DEC_10,Block Officer,2026-02-10
DOC_S_DEC_0022,S_DEC_0022,Income Certificate,TPL_DEC_10,Block Officer,2026-02-10
DOC_S_DEC_0023,S_DEC_0023,Income Certificate,TPL_DEC_11,Block Officer,2026-02-10
DOC_S_DEC_0024,S_DEC_0024,Income Certificate,TPL_DEC_11,Block Officer,2026-02-10
DOC_S_DEC_0025,S_DEC_0025,Income Certificate,TPL_DEC_12,Block Officer,2026-02-10
DOC_S_DEC_0026,S_DEC_0026,Income Certificate,TPL_DEC_12,Block Officer,2026-02-10
DOC_S_DEC_0027,S_DEC_0027,Income Certificate,TPL_DEC_13,Block Officer,2026-02-10
DOC_S_DEC_0028,S_DEC_0028,Income Certificate,TPL_DEC_13,Block Officer,2026-02-10
DOC_S_DEC_0029,S_DEC_0029,Income Certificate,TPL_DEC_14,Block Officer,2026-02-10
DOC_S_DEC_0030,S_DEC_0030,Income Certificate,TPL_DEC_14,Block Officer,2026-02-10
DOC_S_DEC_0031,S_DEC_0031,Income Certificate,TPL_DEC_15,Block Officer,2026-02-10
DOC_S_DEC_0032,S_DEC_0032,Income Certificate,TPL_DEC_15,Block Officer,2026-02-10
DOC_S_DEC_0033,S_DEC_0033,Income Certificate,TPL_DEC_16,Block Officer,2026-02-10
DOC_S_DEC_0034,S_DEC_0034,Income Certificate,TPL_DEC_16,Block Officer,2026-02-10
DOC_S_DEC_0035,S_DEC_0035,Income Certificate,TPL_DEC_17,Block Officer,2026-02-10
DOC_S_DEC_0036,S_DEC_0036,Income Certificate,TPL_DEC_17,Block Officer,2026-02-10
DOC_S_DEC_0037,S_DEC_0037,Income Certificate,TPL_DEC_18,Block Officer,2026-02-10
DOC_S_DEC_0038,S_DEC_0038,Income Certificate,TPL_DEC_18,Block Officer,2026-02-10
DOC_S_DEC_0039,S_DEC_0039,Income Certificate,TPL_DEC_19,Block Officer,2026-02-10
DOC_S_DEC_0040,S_DEC_0040,Income Certificate,TPL_DEC_19,Block Officer,2026-02-10
DOC_S_DEC_0041,S_DEC_0041,Income Certificate,TPL_DEC_20,Block Officer,2026-02-10
DOC_S_DEC_0042,S_DEC_0042,Income Certificate,TPL_DEC_20,Block Officer,2026-02-10
DOC_S_DEC_0043,S_DEC_0043,Income Certificate,TPL_DEC_21,Block Officer,2026-02-10
DOC_S_DEC_0044,S_DEC_0044,Income Certificate,TPL_DEC_21,Block Officer,2026-02-10
DOC_S_DEC_0045,S_DEC_0045,Income Certificate,TPL_DEC_22,Block Officer,2026-02-10
DOC_S_DEC_0046,S_DEC_0046,Income Certificate,TPL_DEC_22,Block Officer,2026-02-10
DOC_S_DEC_0047,S_DEC_0047,Income Certificate,TPL_DEC_23,Block Officer,2026-02-10
DOC_S_DEC_0048,S_DEC_0048,Income Certificate,TPL_DEC_23,Block Officer,2026-02-10
DOC_S_DEC_0049,S_DEC_0049,Income Certificate,TPL_DEC_24,Block Officer,2026-02-10
DOC_S_DEC_0050,S_DEC_0050,Income Certificate,TPL_DEC_24,Block Officer,2026-02-10
DOC_S_DEC_0051,S_DEC_0051,Income Certificate,TPL_DEC_25,Block Officer,2026-02-10
DOC_S_DEC_0052,S_DEC_0052,Income Certificate,TPL_DEC_25,Block Officer,2026-02-10
DOC_S_DEC_0053,S_DEC_0053,Income Certificate,TPL_DEC_26,Block Officer,2026-02-10
DOC_S_DEC_0054,S_DEC_0054,Income Certificate,TPL_DEC_26,Block Officer,2026-02-10
DOC_S_DEC_0055,S_DEC_0055,Income Certificate,TPL_DEC_27,Block Officer,2026-02-10
DOC_S_DEC_0056,S_DEC_0056,Income Certificate,TPL_DEC_27,Block Officer,2026-02-10
DOC_S_DEC_0057,S_DEC_0057,Income Certificate,TPL_DEC_28,Block Officer,2026-02-10
DOC_S_DEC_0058,S_DEC_0058,Income Certificate,TPL_DEC_28,Block Officer,2026-02-10
DOC_S_DEC_0059,S_DEC_0059,Income Certificate,TPL_DEC_29,Block Officer,2026-02-10
DOC_S_DEC_0060,S_DEC_0060,Income Certificate,TPL_DEC_29,Block Officer,2026-02-10
DOC_S_DEC_0061,S_DEC_0061,Income Certificate,TPL_DEC_30,Block Officer,2026-02-10
DOC_S_DEC_0062,S_DEC_0062,Income Certificate,TPL_DEC_30,Block Officer,2026-02-10
DOC_S_DEC_0063,S_DEC_0063,Income Certificate,TPL_DEC_31,Block Officer,2026-02-10
DOC_S_DEC_0064,S_DEC_0064,Income Certificate,TPL_DEC_31,Block Officer,2026-02-10
DOC_S_DEC_0065,S_DEC_0065,Income Certificate,TPL_DEC_32,Block Officer,2026-02-10
DOC_S_DEC_0066,S_DEC_0066,Income Certificate,TPL_DEC_32,Block Officer,2026-02-10
DOC_S_DEC_0067,S_DEC_0067,Income Certificate,TPL_DEC_33,Block Officer,2026-02-10
DOC_S_DEC_0068,S_DEC_0068,Income Certificate,TPL_DEC_33,Block Officer,2026-02-10
DOC_S_DEC_0069,S_DEC_0069,Income Certificate,TPL_DEC_34,Block Officer,2026-02-10
DOC_S_DEC_0070,S_DEC_0070,Income Certificate,TPL_DEC_34,Block Officer,2026-02-10
DOC_S_DEC_0071,S_DEC_0071,Income Certificate,TPL_DEC_35,Block Officer,2026-02-10
DOC_S_DEC_0072,S_DEC_0072,Income Certificate,TPL_DEC_35,Block Officer,2026-02-10
DOC_S_DEC_0073,S_DEC_0073,Income Certificate,TPL_DEC_36,Block Officer,2026-02-10
DOC_S_DEC_0074,S_DEC_0074,Income Certificate,TPL_DEC_36,Block Officer,2026-02-10
DOC_S_DEC_0075,S_DEC_0075,Income Certificate,TPL_DEC_37,Block Officer,2026-02-10
DOC_S_DEC_0076,S_DEC_0076,Income Certificate,TPL_DEC_37,Block Officer,2026-02-10
DOC_S_DEC_0077,S_DEC_0077,Income Certificate,TPL_DEC_38,Block Officer,2026-02-10
DOC_S_DEC_0078,S_DEC_0078,Income Certificate,TPL_DEC_38,Block Officer,2026-02-10
DOC_S_DEC_0079,S_DEC_0079,Income Certificate,TPL_DEC_39,Block Officer,2026-02-10
DOC_S_DEC_0080,S_DEC_0080,Income Certificate,TPL_DEC_39,Block Officer,2026-02-10
DOC_S_DEC_0081,S_DEC_0081,Income Certificate,TPL_DEC_40,Block Officer,2026-02-10
DOC_S_DEC_0082,S_DEC_0082,Income Certificate,TPL_DEC_40,Block Officer,2026-02-10
DOC_S_DEC_0083,S_DEC_0083,Income Certificate,TPL_DEC_41,Block Officer,2026-02-10
DOC_S_DEC_0084,S_DEC_0084,Income Certificate,TPL_DEC_41,Block Officer,2026-02-10
DOC_S_DEC_0085,S_DEC_0085,Income Certificate,TPL_DEC_42,Block Officer,2026-02-10
DOC_S_DEC_0086,S_DEC_0086,Income Certificate,TPL_DEC_42,Block Officer,2026-02-10
DOC_S_DEC_0087,S_DEC_0087,Income Certificate,TPL_DEC_43,Block Officer,2026-02-10
DOC_S_DEC_0088,S_DEC_0088,Income Certificate,TPL_DEC_43,Block Officer,2026-02-10
DOC_S_DEC_0089,S_DEC_0089,Income Certificate,TPL_DEC_44,Block Officer,2026-02-10
DOC_S_DEC_0090,S_DEC_0090,Income Certificate,TPL_DEC_44,Block Officer,2026-02-10
DOC_S_DEC_0091,S_DEC_0091,Income Certificate,TPL_DEC_45,Block Officer,2026-02-10
DOC_S_DEC_0092,S_DEC_0092,Income Certificate,TPL_DEC_45,Block Officer,2026-02-10
DOC_S_DEC_0093,S_DEC_0093,Income Certificate,TPL_DEC_46,Block Officer,2026-02-10
DOC_S_DEC_0094,S_DEC_0094,Income Certificate,TPL_DEC_46,Block Officer,2026-02-10
DOC_S_DEC_0095,S_DEC_0095,Income Certificate,TPL_DEC_47,Block Officer,2026-02-10
DOC_S_DEC_0096,S_DEC_0096,Income Certificate,TPL_DEC_47,Block Officer,2026-02-10
DOC_S_DEC_0097,S_DEC_0097,Income Certificate,TPL_DEC_48,Block Officer,2026-02-10
DOC_S_DEC_0098,S_DEC_0098,Income Certificate,TPL_DEC_48,Block Officer,2026-02-10
DOC_S_DEC_0099,S_DEC_0099,Income Certificate,TPL_DEC_49,Block Officer,2026-02-10
DOC_S_DEC_0100,S_DEC_0100,Income Certificate,TPL_DEC_49,Block Officer,2026-02-10
DOC_S_DEC_0101,S_DEC_0101,Income Certificate,TPL_DEC_50,Block Officer,2026-02-10
DOC_S_DEC_0102,S_DEC_0102,Income Certificate,TPL_DEC_50,Block Officer,2026-02-10
DOC_S_DEC_0103,S_DEC_0103,Income Certificate,TPL_DEC_51,Block Officer,2026-02-10
DOC_S_DEC_0104,S_DEC_0104,Income Certificate,TPL_DEC_51,Block Officer,2026-02-10
DOC_S_DEC_0105,S_DEC_0105,Income Certificate,TPL_DEC_52,Block Officer,2026-02-10
DOC_S_DEC_0106,S_DEC_0106,Income Certificate,TPL_DEC_52,Block Officer,2026-02-10
DOC_S_DEC_0107,S_DEC_0107,Income Certificate,TPL_DEC_53,Block Officer,2026-02-10
DOC_S_DEC_0108,S_DEC_0108,Income Certificate,TPL_DEC_53,Block Officer,2026-02-10
DOC_S_DEC_0109,S_DEC_0109,Income Certificate,TPL_DEC_54,Block Officer,2026-02-10
DOC_S_DEC_0110,S_DEC_0110,Income Certificate,TPL_DEC_54,Block Officer,2026-02-10
DOC_S_DEC_0111,S_DEC_0111,Income Certificate,TPL_DEC_55,Block Officer,2026-02-10
DOC_S_DEC_0112,S_DEC_0112,Income Certificate,TPL_DEC_55,Block Officer,2026-02-10
DOC_S_DEC_0113,S_DEC_0113,Income Certificate,TPL_DEC_56,Block Officer,2026-02-10
DOC_S_DEC_0114,S_DEC_0114,Income Certificate,TPL_DEC_56,Block Officer,2026-02-10
DOC_S_DEC_0115,S_DEC_0115,Income Certificate,TPL_DEC_57,Block Officer,2026-02-10
DOC_S_DEC_0116,S_DEC_0116,Income Certificate,TPL_DEC_57,Block Officer,2026-02-10
DOC_S_DEC_0117,S_DEC_0117,Income Certificate,TPL_DEC_58,Block Officer,2026-02-10
DOC_S_DEC_0118,S_DEC_0118,Income Certificate,TPL_DEC_58,Block Officer,2026-02-10
DOC_S_DEC_0119,S_DEC_0119,Income Certificate,TPL_DEC_59,Block Officer,2026-02-10
DOC_S_DEC_0120,S_DEC_0120,Income Certificate,TPL_DEC_59,Block Officer,2026-02-10
DOC_S_DEC_0121,S_DEC_0121,Income Certificate,TPL_DEC_60,Block Officer,2026-02-10
DOC_S_DEC_0122,S_DEC_0122,Income Certificate,TPL_DEC_60,Block Officer,2026-02-10
DOC_S_DEC_0123,S_DEC_0123,Income Certificate,TPL_DEC_61,Block Officer,2026-02-10
DOC_S_DEC_0124,S_DEC_0124,Income Certificate,TPL_DEC_61,Block Officer,2026-02-10
DOC_S_DEC_0125,S_DEC_0125,Income Certificate,TPL_DEC_62,Block Officer,2026-02-10
DOC_S_DEC_0126,S_DEC_0126,Income Certificate,TPL_DEC_62,Block Officer,2026-02-10
DOC_S_DEC_0127,S_DEC_0127,Income Certificate,TPL_DEC_63,Block Officer,2026-02-10
DOC_S_DEC_0128,S_DEC_0128,Income Certificate,TPL_DEC_63,Block Officer,2026-02-10
DOC_S_DEC_0129,S_DEC_0129,Income Certificate,TPL_DEC_64,Block Officer,2026-02-10
DOC_S_DEC_0130,S_DEC_0130,Income Certificate,TPL_DEC_64,Block Officer,2026-02-10
DOC_S_DEC_0131,S_DEC_0131,Income Certificate,TPL_DEC_65,Block Officer,2026-02-10
DOC_S_DEC_0132,S_DEC_0132,Income Certificate,TPL_DEC_65,Block Officer,2026-02-10
DOC_S_DEC_0133,S_DEC_0133,Income Certificate,TPL_DEC_66,Block Officer,2026-02-10
DOC_S_DEC_0134,S_DEC_0134,Income Certificate,TPL_DEC_66,Block Officer,2026-02-10
DOC_S_DEC_0135,S_DEC_0135,Income Certificate,TPL_DEC_67,Block Officer,2026-02-10
DOC_S_DEC_0136,S_DEC_0136,Income Certificate,TPL_DEC_67,Block Officer,2026-02-10
DOC_S_DEC_0137,S_DEC_0137,Income Certificate,TPL_DEC_68,Block Officer,2026-02-10
DOC_S_DEC_0138,S_DEC_0138,Income Certificate,TPL_DEC_68,Block Officer,2026-02-10
DOC_S_DEC_0139,S_DEC_0139,Income Certificate,TPL_DEC_69,Block Officer,2026-02-10
DOC_S_DEC_0140,S_DEC_0140,Income Certificate,TPL_DEC_69,Block Officer,2026-02-10
DOC_S_DEC_0141,S_DEC_0141,Income Certificate,TPL_DEC_70,Block Officer,2026-02-10
DOC_S_DEC_0142,S_DEC_0142,Income Certificate,TPL_DEC_70,Block Officer,2026-02-10
DOC_S_DEC_0143,S_DEC_0143,Income Certificate,TPL_DEC_71,Block Officer,2026-02-10
DOC_S_DEC_0144,S_DEC_0144,Income Certificate,TPL_DEC_71,Block Officer,2026-02-10
DOC_S_DEC_0145,S_DEC_0145,Income Certificate,TPL_DEC_72,Block Officer,2026-02-10
DOC_S_DEC_0146,S_DEC_0146,Income Certificate,TPL_DEC_72,Block Officer,2026-02-10
DOC_S_DEC_0147,S_DEC_0147,Income Certificate,TPL_DEC_73,Block Officer,2026-02-10
DOC_S_DEC_0148,S_DEC_0148,Income Certificate,TPL_DEC_73,Block Officer,2026-02-10
DOC_S_DEC_0149,S_DEC_0149,Income Certificate,TPL_DEC_74,Block Officer,2026-02-10
DOC_S_DEC_0150,S_DEC_0150,Income Certificate,TPL_DEC_74,Block Officer,2026-02-10
DOC_S_DEC_0151,S_DEC_0151,Income Certificate,TPL_DEC_75,Block Officer,2026-02-10
DOC_S_DEC_0152,S_DEC_0152,Income Certificate,TPL_DEC_75,Block Officer,2026-02-10
DOC_S_DEC_0153,S_DEC_0153,Income Certificate,TPL_DEC_76,Block Officer,2026-02-10
DOC_S_DEC_0154,S_DEC_0154,Income Certificate,TPL_DEC_76,Block Officer,2026-02-10
DOC_S_DEC_0155,S_DEC_0155,Income Certificate,TPL_DEC_77,Block Officer,2026-02-10
DOC_S_DEC_0156,S_DEC_0156,Income Certificate,TPL_DEC_77,Block Officer,2026-02-10
DOC_S_DEC_0157,S_DEC_0157,Income Certificate,TPL_DEC_78,Block Officer,2026-02-10
DOC_S_DEC_0158,S_DEC_0158,Income Certificate,TPL_DEC_78,Block Officer,2026-02-10
DOC_S_DEC_0159,S_DEC_0159,Income Certificate,TPL_DEC_79,Block Officer,2026-02-10
DOC_S_DEC_0160,S_DEC_0160,Income Certificate,TPL_DEC_79,Block Officer,2026-02-10
DOC_S_DEC_0161,S_DEC_0161,Income Certificate,TPL_DEC_80,Block Officer,2026-02-10
DOC_S_DEC_0162,S_DEC_0162,Income Certificate,TPL_DEC_80,Block Officer,2026-02-10
DOC_S_DEC_0163,S_DEC_0163,Income Certificate,TPL_DEC_81,Block Officer,2026-02-10
DOC_S_DEC_0164,S_DEC_0164,Income Certificate,TPL_DEC_81,Block Officer,2026-02-10
DOC_S_DEC_0165,S_DEC_0165,Income Certificate,TPL_DEC_82,Block Officer,2026-02-10
DOC_S_DEC_0166,S_DEC_0166,Income Certificate,TPL_DEC_82,Block Officer,2026-02-10
DOC_S_DEC_0167,S_DEC_0167,Income Certificate,TPL_DEC_83,Block Officer,2026-02-10
DOC_S_DEC_0168,S_DEC_0168,Income Certificate,TPL_DEC_83,Block Officer,2026-02-10
DOC_S_DEC_0169,S_DEC_0169,Income Certificate,TPL_DEC_84,Block Officer,2026-02-10
DOC_S_DEC_0170,S_DEC_0170,Income Certificate,TPL_DEC_84,Block Officer,2026-02-10
DOC_S_DEC_0171,S_DEC_0171,Income Certificate,TPL_DEC_85,Block Officer,2026-02-10
DOC_S_DEC_0172,S_DEC_0172,Income Certificate,TPL_DEC_85,Block Officer,2026-02-10
DOC_S_DEC_0173,S_DEC_0173,Income Certificate,TPL_DEC_86,Block Officer,2026-02-10
DOC_S_DEC_0174,S_DEC_0174,Income Certificate,TPL_DEC_86,Block Officer,2026-02-10
DOC_S_DEC_0175,S_DEC_0175,Income Certificate,TPL_DEC_87,Block Officer,2026-02-10
DOC_S_DEC_0176,S_DEC_0176,Income Certificate,TPL_DEC_87,Block Officer,2026-02-10
DOC_S_DEC_0177,S_DEC_0177,Income Certificate,TPL_DEC_88,Block Officer,2026-02-10
DOC_S_DEC_0178,S_DEC_0178,Income Certificate,TPL_DEC_88,Block Officer,2026-02-10
DOC_S_DEC_0179,S_DEC_0179,Income Certificate,TPL_DEC_89,Block Officer,2026-02-10
DOC_S_DEC_0180,S_DEC_0180,Income Certificate,TPL_DEC_89,Block Officer,2026-02-10
DOC_S_DEC_0181,S_DEC_0181,Income Certificate,TPL_DEC_90,Block Officer,2026-02-10
DOC_S_DEC_0182,S_DEC_0182,Income Certificate,TPL_DEC_90,Block Officer,2026-02-10
DOC_S_DEC_0183,S_DEC_0183,Income Certificate,TPL_DEC_91,Block Officer,2026-02-10
DOC_S_DEC_0184,S_DEC_0184,Income Certificate,TPL_DEC_91,Block Officer,2026-02-10
DOC_S_DEC_0185,S_DEC_0185,Income Certificate,TPL_DEC_92,Block Officer,2026-02-10
DOC_S_DEC_0186,S_DEC_0186,Income Certificate,TPL_DEC_92,Block Officer,2026-02-10
DOC_S_DEC_0187,S_DEC_0187,Income Certificate,TPL_DEC_93,Block Officer,2026-02-10
DOC_S_DEC_0188,S_DEC_0188,Income Certificate,TPL_DEC_93,Block Officer,2026-02-10
DOC_S_DEC_0189,S_DEC_0189,Income Certificate,TPL_DEC_94,Block Officer,2026-02-10
DOC_S_DEC_0190,S_DEC_0190,Income Certificate,TPL_DEC_94,Block Officer,2026-02-10
DOC_S_DEC_0191,S_DEC_0191,Income Certificate,TPL_DEC_95,Block Officer,2026-02-10
DOC_S_DEC_0192,S_DEC_0192,Income Certificate,TPL_DEC_95,Block Officer,2026-02-10
DOC_S_DEC_0193,S_DEC_0193,Income Certificate,TPL_DEC_96,Block Officer,2026-02-10
DOC_S_DEC_0194,S_DEC_0194,Income Certificate,TPL_DEC_96,Block Officer,2026-02-10
DOC_S_DEC_0195,S_DEC_0195,Income Certificate,TPL_DEC_97,Block Officer,2026-02-10
DOC_S_DEC_0196,S_DEC_0196,Income Certificate,TPL_DEC_97,Block Officer,2026-02-10
DOC_S_DEC_0197,S_DEC_0197,Income Certificate,TPL_DEC_98,Block Officer,2026-02-10
DOC_S_DEC_0198,S_DEC_0198,Income Certificate,TPL_DEC_98,Block Officer,2026-02-10
DOC_S_DEC_0199,S_DEC_0199,Income Certificate,TPL_DEC_99,Block Officer,2026-02-10
DOC_S_DEC_0200,S_DEC_0200,Income Certificate,TPL_DEC_99,Block Officer,2026-02-10
DOC_S_DEC_0201,S_DEC_0201,Income Certificate,TPL_DEC_100,Block Officer,2026-02-10
DOC_S_DEC_0202,S_DEC_0202,Income Certificate,TPL_DEC_100,Block Officer,2026-02-10
DOC_S_DEC_0203,S_DEC_0203,Income Certificate,TPL_DEC_101,Block Officer,2026-02-10
DOC_S_DEC_0204,S_DEC_0204,Income Certificate,TPL_DEC_101,Block Officer,2026-02-10
DOC_S_DEC_0205,S_DEC_0205,Income Certificate,TPL_DEC_102,Block Officer,2026-02-10
DOC_S_DEC_0206,S_DEC_0206,Income Certificate,TPL_DEC_102,Block Officer,2026-02-10
DOC_S_DEC_0207,S_DEC_0207,Income Certificate,TPL_DEC_103,Block Officer,2026-02-10
DOC_S_DEC_0208,S_DEC_0208,Income Certificate,TPL_DEC_103,Block Officer,2026-02-10
DOC_S_DEC_0209,S_DEC_0209,Income Certificate,TPL_DEC_104,Block Officer,2026-02-10
DOC_S_DEC_0210,S_DEC_0210,Income Certificate,TPL_DEC_104,Block Officer,2026-02-10
DOC_S_DEC_0211,S_DEC_0211,Income Certificate,TPL_DEC_105,Block Officer,2026-02-10
DOC_S_DEC_0212,S_DEC_0212,Income Certificate,TPL_DEC_105,Block Officer,2026-02-10
DOC_S_DEC_0213,S_DEC_0213,Income Certificate,TPL_DEC_106,Block Officer,2026-02-10
DOC_S_DEC_0214,S_DEC_0214,Income Certificate,TPL_DEC_106,Block Officer,2026-02-10
DOC_S_DEC_0215,S_DEC_0215,Income Certificate,TPL_DEC_107,Block Officer,2026-02-10
DOC_S_DEC_0216,S_DEC_0216,Income Certificate,TPL_DEC_107,Block Officer,2026-02-10
DOC_S_DEC_0217,S_DEC_0217,Income Certificate,TPL_DEC_108,Block Officer,2026-02-10
DOC_S_DEC_0218,S_DEC_0218,Income Certificate,TPL_DEC_108,Block Officer,2026-02-10
DOC_S_DEC_0219,S_DEC_0219,Income Certificate,TPL_DEC_109,Block Officer,2026-02-10
DOC_S_DEC_0220,S_DEC_0220,Income Certificate,TPL_DEC_109,Block Officer,2026-02-10
DOC_S_DEC_0221,S_DEC_0221,Income Certificate,TPL_DEC_110,Block Officer,2026-02-10
DOC_S_DEC_0222,S_DEC_0222,Income Certificate,TPL_DEC_110,Block Officer,2026-02-10
DOC_S_DEC_0223,S_DEC_0223,Income Certificate,TPL_DEC_111,Block Officer,2026-02-10
DOC_S_DEC_0224,S_DEC_0224,Income Certificate,TPL_DEC_111,Block Officer,2026-02-10
DOC_S_DEC_0225,S_DEC_0225,Income Certificate,TPL_DEC_112,Block Officer,2026-02-10
DOC_S_DEC_0226,S_DEC_0226,Income Certificate,TPL_DEC_112,Block Officer,2026-02-10
DOC_S_DEC_0227,S_DEC_0227,Income Certificate,TPL_DEC_113,Block Officer,2026-02-10
DOC_S_DEC_0228,S_DEC_0228,Income Certificate,TPL_DEC_113,Block Officer,2026-02-10
DOC_S_DEC_0229,S_DEC_0229,Income Certificate,TPL_DEC_114,Block Officer,2026-02-10
DOC_S_DEC_0230,S_DEC_0230,Income Certificate,TPL_DEC_114,Block Officer,2026-02-10
DOC_S_DEC_0231,S_DEC_0231,Income Certificate,TPL_DEC_115,Block Officer,2026-02-10
DOC_S_DEC_0232,S_DEC_0232,Income Certificate,TPL_DEC_115,Block Officer,2026-02-10
DOC_S_DEC_0233,S_DEC_0233,Income Certificate,TPL_DEC_116,Block Officer,2026-02-10
DOC_S_DEC_0234,S_DEC_0234,Income Certificate,TPL_DEC_116,Block Officer,2026-02-10
DOC_S_DEC_0235,S_DEC_0235,Income Certificate,TPL_DEC_117,Block Officer,2026-02-10
DOC_S_DEC_0236,S_DEC_0236,Income Certificate,TPL_DEC_117,Block Officer,2026-02-10
DOC_S_DEC_0237,S_DEC_0237,Income Certificate,TPL_DEC_118,Block Officer,2026-02-10
DOC_S_DEC_0238,S_DEC_0238,Income Certificate,TPL_DEC_118,Block Officer,2026-02-10
DOC_S_DEC_0239,S_DEC_0239,Income Certificate,TPL_DEC_119,Block Officer,2026-02-10
DOC_S_DEC_0240,S_DEC_0240,Income Certificate,TPL_DEC_119,Block Officer,2026-02-10
DOC_S_DEC_0241,S_DEC_0241,Income Certificate,TPL_DEC_120,Block Officer,2026-02-10
DOC_S_DEC_0242,S_DEC_0242,Income Certificate,TPL_DEC_120,Block Officer,2026-02-10
DOC_S_DEC_0243,S_DEC_0243,Income Certificate,TPL_DEC_121,Block Officer,2026-02-10
DOC_S_DEC_0244,S_DEC_0244,Income Certificate,TPL_DEC_121,Block Officer,2026-02-10
DOC_S_DEC_0245,S_DEC_0245,Income Certificate,TPL_DEC_122,Block Officer,2026-02-10
DOC_S_DEC_0246,S_DEC_0246,Income Certificate,TPL_DEC_122,Block Officer,2026-02-10
DOC_S_DEC_0247,S_DEC_0247,Income Certificate,TPL_DEC_123,Block Officer,2026-02-10
DOC_S_DEC_0248,S_DEC_0248,Income Certificate,TPL_DEC_123,Block Officer,2026-02-10
DOC_S_DEC_0249,S_DEC_0249,Income Certificate,TPL_DEC_124,Block Officer,2026-02-10
DOC_S_DEC_0250,S_DEC_0250,Income Certificate,TPL_DEC_124,Block Officer,2026-02-10
DOC_S_DEC_0251,S_DEC_0251,Income Certificate,TPL_DEC_125,Block Officer,2026-02-10
DOC_S_DEC_0252,S_DEC_0252,Income Certificate,TPL_DEC_125,Block Officer,2026-02-10
DOC_S_DEC_0253,S_DEC_0253,Income Certificate,TPL_DEC_126,Block Officer,2026-02-10
DOC_S_DEC_0254,S_DEC_0254,Income Certificate,TPL_DEC_126,Block Officer,2026-02-10
DOC_S_DEC_0255,S_DEC_0255,Income Certificate,TPL_DEC_127,Block Officer,2026-02-10
DOC_S_DEC_0256,S_DEC_0256,Income Certificate,TPL_DEC_127,Block Officer,2026-02-10
DOC_S_DEC_0257,S_DEC_0257,Income Certificate,TPL_DEC_128,Block Officer,2026-02-10
DOC_S_DEC_0258,S_DEC_0258,Income Certificate,TPL_DEC_128,Block Officer,2026-02-10
DOC_S_DEC_0259,S_DEC_0259,Income Certificate,TPL_DEC_129,Block Officer,2026-02-10
DOC_S_DEC_0260,S_DEC_0260,Income Certificate,TPL_DEC_129,Block Officer,2026-02-10
DOC_S_DEC_0261,S_DEC_0261,Income Certificate,TPL_DEC_130,Block Officer,2026-02-10
DOC_S_DEC_0262,S_DEC_0262,Income Certificate,TPL_DEC_130,Block Officer,2026-02-10
DOC_S_DEC_0263,S_DEC_0263,Income Certificate,TPL_DEC_131,Block Officer,2026-02-10
DOC_S_DEC_0264,S_DEC_0264,Income Certificate,TPL_DEC_131,Block Officer,2026-02-10
DOC_S_DEC_0265,S_DEC_0265,Income Certificate,TPL_DEC_132,Block Officer,2026-02-10
DOC_S_DEC_0266,S_DEC_0266,Income Certificate,TPL_DEC_132,Block Officer,2026-02-10
DOC_S_DEC_0267,S_DEC_0267,Income Certificate,TPL_DEC_133,Block Officer,2026-02-10
DOC_S_DEC_0268,S_DEC_0268,Income Certificate,TPL_DEC_133,Block Officer,2026-02-10
DOC_S_DEC_0269,S_DEC_0269,Income Certificate,TPL_DEC_134,Block Officer,2026-02-10
DOC_S_DEC_0270,S_DEC_0270,Income Certificate,TPL_DEC_134,Block Officer,2026-02-10
DOC_S_DEC_0271,S_DEC_0271,Income Certificate,TPL_DEC_135,Block Officer,2026-02-10
DOC_S_DEC_0272,S_DEC_0272,Income Certificate,TPL_DEC_135,Block Officer,2026-02-10
DOC_S_DEC_0273,S_DEC_0273,Income Certificate,TPL_DEC_136,Block Officer,2026-02-10
DOC_S_DEC_0274,S_DEC_0274,Income Certificate,TPL_DEC_136,Block Officer,2026-02-10
DOC_S_DEC_0275,S_DEC_0275,Income Certificate,TPL_DEC_137,Block Officer,2026-02-10
DOC_S_DEC_0276,S_DEC_0276,Income Certificate,TPL_DEC_137,Block Officer,2026-02-10
DOC_S_DEC_0277,S_DEC_0277,Income Certificate,TPL_DEC_138,Block Officer,2026-02-10
DOC_S_DEC_0278,S_DEC_0278,Income Certificate,TPL_DEC_138,Block Officer,2026-02-10
DOC_S_DEC_0279,S_DEC_0279,Income Certificate,TPL_DEC_139,Block Officer,2026-02-10
DOC_S_DEC_0280,S_DEC_0280,Income Certificate,TPL_DEC_139,Block Officer,2026-02-10
DOC_S_DEC_0281,S_DEC_0281,Income Certificate,TPL_DEC_140,Block Officer,2026-02-10
DOC_S_DEC_0282,S_DEC_0282,Income Certificate,TPL_DEC_140,Block Officer,2026-02-10
DOC_S_DEC_0283,S_DEC_0283,Income Certificate,TPL_DEC_141,Block Officer,2026-02-10
DOC_S_DEC_0284,S_DEC_0284,Income Certificate,TPL_DEC_141,Block Officer,2026-02-10
DOC_S_DEC_0285,S_DEC_0285,Income Certificate,TPL_DEC_142,Block Officer,2026-02-10
DOC_S_DEC_0286,S_DEC_0286,Income Certificate,TPL_DEC_142,Block Officer,2026-02-10
DOC_S_DEC_0287,S_DEC_0287,Income Certificate,TPL_DEC_143,Block Officer,2026-02-10
DOC_S_DEC_0288,S_DEC_0288,Income Certificate,TPL_DEC_143,Block Officer,2026-02-10
DOC_S_DEC_0289,S_DEC_0289,Income Certificate,TPL_DEC_144,Block Officer,2026-02-10
DOC_S_DEC_0290,S_DEC_0290,Income Certificate,TPL_DEC_144,Block Officer,2026-02-10
DOC_S_DEC_0291,S_DEC_0291,Income Certificate,TPL_DEC_145,Block Officer,2026-02-10
DOC_S_DEC_0292,S_DEC_0292,Income Certificate,TPL_DEC_145,Block Officer,2026-02-10
DOC_S_DEC_0293,S_DEC_0293,Income Certificate,TPL_DEC_146,Block Officer,2026-02-10
DOC_S_DEC_0294,S_DEC_0294,Income Certificate,TPL_DEC_146,Block Officer,2026-02-10
DOC_S_DEC_0295,S_DEC_0295,Income Certificate,TPL_DEC_147,Block Officer,2026-02-10
DOC_S_DEC_0296,S_DEC_0296,Income Certificate,TPL_DEC_147,Block Officer,2026-02-10
DOC_S_DEC_0297,S_DEC_0297,Income Certificate,TPL_DEC_148,Block Officer,2026-02-10
DOC_S_DEC_0298,S_DEC_0298,Income Certificate,TPL_DEC_148,Block Officer,2026-02-10
DOC_S_DEC_0299,S_DEC_0299,Income Certificate,TPL_DEC_149,Block Officer,2026-02-10
DOC_S_DEC_0300,S_DEC_0300,Income Certificate,TPL_DEC_149,Block Officer,2026-02-10
DOC_S_DEC_0301,S_DEC_0301,Income Certificate,TPL_DEC_150,Block Officer,2026-02-10
DOC_S_DEC_0302,S_DEC_0302,Income Certificate,TPL_DEC_150,Block Officer,2026-02-10
DOC_S_DEC_0303,S_DEC_0303,Income Certificate,TPL_DEC_151,Block Officer,2026-02-10
DOC_S_DEC_0304,S_DEC_0304,Income Certificate,TPL_DEC_151,Block Officer,2026-02-10
DOC_S_DEC_0305,S_DEC_0305,Income Certificate,TPL_DEC_152,Block Officer,2026-02-10
DOC_S_DEC_0306,S_DEC_0306,Income Certificate,TPL_DEC_152,Block Officer,2026-02-10
DOC_S_DEC_0307,S_DEC_0307,Income Certificate,TPL_DEC_153,Block Officer,2026-02-10
DOC_S_DEC_0308,S_DEC_0308,Income Certificate,TPL_DEC_153,Block Officer,2026-02-10
DOC_S_DEC_0309,S_DEC_0309,Income Certificate,TPL_DEC_154,Block Officer,2026-02-10
DOC_S_DEC_0310,S_DEC_0310,Income Certificate,TPL_DEC_154,Block Officer,2026-02-10
DOC_S_DEC_0311,S_DEC_0311,Income Certificate,TPL_DEC_155,Block Officer,2026-02-10
DOC_S_DEC_0312,S_DEC_0312,Income Certificate,TPL_DEC_155,Block Officer,2026-02-10
DOC_S_DEC_0313,S_DEC_0313,Income Certificate,TPL_DEC_156,Block Officer,2026-02-10
DOC_S_DEC_0314,S_DEC_0314,Income Certificate,TPL_DEC_156,Block Officer,2026-02-10
DOC_S_DEC_0315,S_DEC_0315,Income Certificate,TPL_DEC_157,Block Officer,2026-02-10
DOC_S_DEC_0316,S_DEC_0316,Income Certificate,TPL_DEC_157,Block Officer,2026-02-10
DOC_S_DEC_0317,S_DEC_0317,Income Certificate,TPL_DEC_158,Block Officer,2026-02-10
DOC_S_DEC_0318,S_DEC_0318,Income Certificate,TPL_DEC_158,Block Officer,2026-02-10
DOC_S_DEC_0319,S_DEC_0319,Income Certificate,TPL_DEC_159,Block Officer,2026-02-10
DOC_S_DEC_0320,S_DEC_0320,Income Certificate,TPL_DEC_159,Block Officer,2026-02-10
DOC_S_DEC_0321,S_DEC_0321,Income Certificate,TPL_DEC_160,Block Officer,2026-02-10
DOC_S_DEC_0322,S_DEC_0322,Income Certificate,TPL_DEC_160,Block Officer,2026-02-10
DOC_S_DEC_0323,S_DEC_0323,Income Certificate,TPL_DEC_161,Block Officer,2026-02-10
DOC_S_DEC_0324,S_DEC_0324,Income Certificate,TPL_DEC_161,Block Officer,2026-02-10
DOC_S_DEC_0325,S_DEC_0325,Income Certificate,TPL_DEC_162,Block Officer,2026-02-10
DOC_S_DEC_0326,S_DEC_0326,Income Certificate,TPL_DEC_162,Block Officer,2026-02-10
DOC_S_DEC_0327,S_DEC_0327,Income Certificate,TPL_DEC_163,Block Officer,2026-02-10
DOC_S_DEC_0328,S_DEC_0328,Income Certificate,TPL_DEC_163,Block Officer,2026-02-10
DOC_S_DEC_0329,S_DEC_0329,Income Certificate,TPL_DEC_164,Block Officer,2026-02-10
DOC_S_DEC_0330,S_DEC_0330,Income Certificate,TPL_DEC_164,Block Officer,2026-02-10
DOC_S_DEC_0331,S_DEC_0331,Income Certificate,TPL_DEC_165,Block Officer,2026-02-10
DOC_S_DEC_0332,S_DEC_0332,Income Certificate,TPL_DEC_165,Block Officer,2026-02-10
DOC_S_DEC_0333,S_DEC_0333,Income Certificate,TPL_DEC_166,Block Officer,2026-02-10
DOC_S_DEC_0334,S_DEC_0334,Income Certificate,TPL_DEC_166,Block Officer,2026-02-10
DOC_S_DEC_0335,S_DEC_0335,Income Certificate,TPL_DEC_167,Block Officer,2026-02-10
DOC_S_DEC_0336,S_DEC_0336,Income Certificate,TPL_DEC_167,Block Officer,2026-02-10
DOC_S_DEC_0337,S_DEC_0337,Income Certificate,TPL_DEC_168,Block Officer,2026-02-10
DOC_S_DEC_0338,S_DEC_0338,Income Certificate,TPL_DEC_168,Block Officer,2026-02-10
DOC_S_DEC_0339,S_DEC_0339,Income Certificate,TPL_DEC_169,Block Officer,2026-02-10
DOC_S_DEC_0340,S_DEC_0340,Income Certificate,TPL_DEC_169,Block Officer,2026-02-10
DOC_S_DEC_0341,S_DEC_0341,Income Certificate,TPL_DEC_170,Block Officer,2026-02-10
DOC_S_DEC_0342,S_DEC_0342,Income Certificate,TPL_DEC_170,Block Officer,2026-02-10
DOC_S_DEC_0343,S_DEC_0343,Income Certificate,TPL_DEC_171,Block Officer,2026-02-10
DOC_S_DEC_0344,S_DEC_0344,Income Certificate,TPL_DEC_171,Block Officer,2026-02-10
DOC_S_DEC_0345,S_DEC_0345,Income Certificate,TPL_DEC_172,Block Officer,2026-02-10
DOC_S_DEC_0346,S_DEC_0346,Income Certificate,TPL_DEC_172,Block Officer,2026-02-10
DOC_S_DEC_0347,S_DEC_0347,Income Certificate,TPL_DEC_173,Block Officer,2026-02-10
DOC_S_DEC_0348,S_DEC_0348,Income Certificate,TPL_DEC_173,Block Officer,2026-02-10
DOC_S_DEC_0349,S_DEC_0349,Income Certificate,TPL_DEC_174,Block Officer,2026-02-10
DOC_S_DEC_0350,S_DEC_0350,Income Certificate,TPL_DEC_174,Block Officer,2026-02-10
DOC_S_DEC_0351,S_DEC_0351,Income Certificate,TPL_DEC_175,Block Officer,2026-02-10
DOC_S_DEC_0352,S_DEC_0352,Income Certificate,TPL_DEC_175,Block Officer,2026-02-10
DOC_S_DEC_0353,S_DEC_0353,Income Certificate,TPL_DEC_176,Block Officer,2026-02-10
DOC_S_DEC_0354,S_DEC_0354,Income Certificate,TPL_DEC_176,Block Officer,2026-02-10
DOC_S_DEC_0355,S_DEC_0355,Income Certificate,TPL_DEC_177,Block Officer,2026-02-10
DOC_S_DEC_0356,S_DEC_0356,Income Certificate,TPL_DEC_177,Block Officer,2026-02-10
DOC_S_DEC_0357,S_DEC_0357,Income Certificate,TPL_DEC_178,Block Officer,2026-02-10
DOC_S_DEC_0358,S_DEC_0358,Income Certificate,TPL_DEC_178,Block Officer,2026-02-10
DOC_S_DEC_0359,S_DEC_0359,Income Certificate,TPL_DEC_179,Block Officer,2026-02-10
DOC_S_DEC_0360,S_DEC_0360,Income Certificate,TPL_DEC_179,Block Officer,2026-02-10
DOC_S_DEC_0361,S_DEC_0361,Income Certificate,TPL_DEC_180,Block Officer,2026-02-10
DOC_S_DEC_0362,S_DEC_0362,Income Certificate,TPL_DEC_180,Block Officer,2026-02-10
DOC_S_DEC_0363,S_DEC_0363,Income Certificate,TPL_DEC_181,Block Officer,2026-02-10
DOC_S_DEC_0364,S_DEC_0364,Income Certificate,TPL_DEC_181,Block Officer,2026-02-10
DOC_S_DEC_0365,S_DEC_0365,Income Certificate,TPL_DEC_182,Block Officer,2026-02-10
DOC_S_DEC_0366,S_DEC_0366,Income Certificate,TPL_DEC_182,Block Officer,2026-02-10
DOC_S_DEC_0367,S_DEC_0367,Income Certificate,TPL_DEC_183,Block Officer,2026-02-10
DOC_S_DEC_0368,S_DEC_0368,Income Certificate,TPL_DEC_183,Block Officer,2026-02-10
DOC_S_DEC_0369,S_DEC_0369,Income Certificate,TPL_DEC_184,Block Officer,2026-02-10
DOC_S_DEC_0370,S_DEC_0370,Income Certificate,TPL_DEC_184,Block Officer,2026-02-10
DOC_S_DEC_0371,S_DEC_0371,Income Certificate,TPL_DEC_185,Block Officer,2026-02-10
DOC_S_DEC_0372,S_DEC_0372,Income Certificate,TPL_DEC_185,Block Officer,2026-02-10
DOC_S_DEC_0373,S_DEC_0373,Income Certificate,TPL_DEC_186,Block Officer,2026-02-10
DOC_S_DEC_0374,S_DEC_0374,Income Certificate,TPL_DEC_186,Block Officer,2026-02-10
DOC_S_DEC_0375,S_DEC_0375,Income Certificate,TPL_DEC_187,Block Officer,2026-02-10
DOC_S_DEC_0376,S_DEC_0376,Income Certificate,TPL_DEC_187,Block Officer,2026-02-10
DOC_S_DEC_0377,S_DEC_0377,Income Certificate,TPL_DEC_188,Block Officer,2026-02-10
DOC_S_DEC_0378,S_DEC_0378,Income Certificate,TPL_DEC_188,Block Officer,2026-02-10
DOC_S_DEC_0379,S_DEC_0379,Income Certificate,TPL_DEC_189,Block Officer,2026-02-10
DOC_S_DEC_0380,S_DEC_0380,Income Certificate,TPL_DEC_189,Block Officer,2026-02-10
DOC_S_DEC_0381,S_DEC_0381,Income Certificate,TPL_DEC_190,Block Officer,2026-02-10
DOC_S_DEC_0382,S_DEC_0382,Income Certificate,TPL_DEC_190,Block Officer,2026-02-10
DOC_S_DEC_0383,S_DEC_0383,Income Certificate,TPL_DEC_191,Block Officer,2026-02-10
DOC_S_DEC_0384,S_DEC_0384,Income Certificate,TPL_DEC_191,Block Officer,2026-02-10
DOC_S_DEC_0385,S_DEC_0385,Income Certificate,TPL_DEC_192,Block Officer,2026-02-10
DOC_S_DEC_0386,S_DEC_0386,Income Certificate,TPL_DEC_192,Block Officer,2026-02-10
DOC_S_DEC_0387,S_DEC_0387,Income Certificate,TPL_DEC_193,Block Officer,2026-02-10
DOC_S_DEC_0388,S_DEC_0388,Income Certificate,TPL_DEC_193,Block Officer,2026-02-10
DOC_S_DEC_0389,S_DEC_0389,Income Certificate,TPL_DEC_194,Block Officer,2026-02-10
DOC_S_DEC_0390,S_DEC_0390,Income Certificate,TPL_DEC_194,Block Officer,2026-02-10
DOC_S_DEC_0391,S_DEC_0391,Income Certificate,TPL_DEC_195,Block Officer,2026-02-10
DOC_S_DEC_0392,S_DEC_0392,Income Certificate,TPL_DEC_195,Block Officer,2026-02-10
DOC_S_DEC_0393,S_DEC_0393,Income Certificate,TPL_DEC_196,Block Officer,2026-02-10
DOC_S_DEC_0394,S_DEC_0394,Income Certificate,TPL_DEC_196,Block Officer,2026-02-10
DOC_S_DEC_0395,S_DEC_0395,Income Certificate,TPL_DEC_197,Block Officer,2026-02-10
DOC_S_DEC_0396,S_DEC_0396,Income Certificate,TPL_DEC_197,Block Officer,2026-02-10
DOC_S_DEC_0397,S_DEC_0397,Income Certificate,TPL_DEC_198,Block Officer,2026-02-10
DOC_S_DEC_0398,S_DEC_0398,Income Certificate,TPL_DEC_198,Block Officer,2026-02-10
DOC_S_DEC_0399,S_DEC_0399,Income Certificate,TPL_DEC_199,Block Officer,2026-02-10
DOC_S_DEC_0400,S_DEC_0400,Income Certificate,TPL_DEC_199,Block Officer,2026-02-10
DOC_S_DEC_0401,S_DEC_0401,Income Certificate,TPL_DEC_200,Block Officer,2026-02-10
DOC_S_DEC_0402,S_DEC_0402,Income Certificate,TPL_DEC_200,Block Officer,2026-02-10
DOC_S_DEC_0403,S_DEC_0403,Income Certificate,TPL_DEC_201,Block Officer,2026-02-10
DOC_S_DEC_0404,S_DEC_0404,Income Certificate,TPL_DEC_201,Block Officer,2026-02-10
DOC_S_DEC_0405,S_DEC_0405,Income Certificate,TPL_DEC_202,Block Officer,2026-02-10
DOC_S_DEC_0406,S_DEC_0406,Income Certificate,TPL_DEC_202,Block Officer,2026-02-10
DOC_S_DEC_0407,S_DEC_0407,Income Certificate,TPL_DEC_203,Block Officer,2026-02-10
DOC_S_DEC_0408,S_DEC_0408,Income Certificate,TPL_DEC_203,Block Officer,2026-02-10
DOC_S_DEC_0409,S_DEC_0409,Income Certificate,TPL_DEC_204,Block Officer,2026-02-10
DOC_S_DEC_0410,S_DEC_0410,Income Certificate,TPL_DEC_204,Block Officer,2026-02-10
DOC_S_DEC_0411,S_DEC_0411,Income Certificate,TPL_DEC_205,Block Officer,2026-02-10
DOC_S_DEC_0412,S_DEC_0412,Income Certificate,TPL_DEC_205,Block Officer,2026-02-10
DOC_S_DEC_0413,S_DEC_0413,Income Certificate,TPL_DEC_206,Block Officer,2026-02-10
DOC_S_DEC_0414,S_DEC_0414,Income Certificate,TPL_DEC_206,Block Officer,2026-02-10
DOC_S_DEC_0415,S_DEC_0415,Income Certificate,TPL_DEC_207,Block Officer,2026-02-10
DOC_S_DEC_0416,S_DEC_0416,Income Certificate,TPL_DEC_207,Block Officer,2026-02-10
DOC_S_DEC_0417,S_DEC_0417,Income Certificate,TPL_DEC_208,Block Officer,2026-02-10
DOC_S_DEC_0418,S_DEC_0418,Income Certificate,TPL_DEC_208,Block Officer,2026-02-10
DOC_S_DEC_0419,S_DEC_0419,Income Certificate,TPL_DEC_209,Block Officer,2026-02-10
DOC_S_DEC_0420,S_DEC_0420,Income Certificate,TPL_DEC_209,Block Officer,2026-02-10
DOC_S_DEC_0421,S_DEC_0421,Income Certificate,TPL_DEC_210,Block Officer,2026-02-10
DOC_S_DEC_0422,S_DEC_0422,Income Certificate,TPL_DEC_210,Block Officer,2026-02-10
DOC_S_DEC_0423,S_DEC_0423,Income Certificate,TPL_DEC_211,Block Officer,2026-02-10
DOC_S_DEC_0424,S_DEC_0424,Income Certificate,TPL_DEC_211,Block Officer,2026-02-10
DOC_S_DEC_0425,S_DEC_0425,Income Certificate,TPL_DEC_212,Block Officer,2026-02-10
DOC_S_DEC_0426,S_DEC_0426,Income Certificate,TPL_DEC_212,Block Officer,2026-02-10
DOC_S_DEC_0427,S_DEC_0427,Income Certificate,TPL_DEC_213,Block Officer,2026-02-10
DOC_S_DEC_0428,S_DEC_0428,Income Certificate,TPL_DEC_213,Block Officer,2026-02-10
DOC_S_DEC_0429,S_DEC_0429,Income Certificate,TPL_DEC_214,Block Officer,2026-02-10
DOC_S_DEC_0430,S_DEC_0430,Income Certificate,TPL_DEC_214,Block Officer,2026-02-10
DOC_S_DEC_0431,S_DEC_0431,Income Certificate,TPL_DEC_215,Block Officer,2026-02-10
DOC_S_DEC_0432,S_DEC_0432,Income Certificate,TPL_DEC_215,Block Officer,2026-02-10
DOC_S_DEC_0433,S_DEC_0433,Income Certificate,TPL_DEC_216,Block Officer,2026-02-10
DOC_S_DEC_0434,S_DEC_0434,Income Certificate,TPL_DEC_216,Block Officer,2026-02-10
DOC_S_DEC_0435,S_DEC_0435,Income Certificate,TPL_DEC_217,Block Officer,2026-02-10
DOC_S_DEC_0436,S_DEC_0436,Income Certificate,TPL_DEC_217,Block Officer,2026-02-10
DOC_S_DEC_0437,S_DEC_0437,Income Certificate,TPL_DEC_218,Block Officer,2026-02-10
DOC_S_DEC_0438,S_DEC_0438,Income Certificate,TPL_DEC_218,Block Officer,2026-02-10
DOC_S_DEC_0439,S_DEC_0439,Income Certificate,TPL_DEC_219,Block Officer,2026-02-10
DOC_S_DEC_0440,S_DEC_0440,Income Certificate,TPL_DEC_219,Block Officer,2026-02-10
DOC_S_DEC_0441,S_DEC_0441,Income Certificate,TPL_DEC_220,Block Officer,2026-02-10
DOC_S_DEC_0442,S_DEC_0442,Income Certificate,TPL_DEC_220,Block Officer,2026-02-10
DOC_S_DEC_0443,S_DEC_0443,Income Certificate,TPL_DEC_221,Block Officer,2026-02-10
DOC_S_DEC_0444,S_DEC_0444,Income Certificate,TPL_DEC_221,Block Officer,2026-02-10
DOC_S_DEC_0445,S_DEC_0445,Income Certificate,TPL_DEC_222,Block Officer,2026-02-10
DOC_S_DEC_0446,S_DEC_0446,Income Certificate,TPL_DEC_222,Block Officer,2026-02-10
DOC_S_DEC_0447,S_DEC_0447,Income Certificate,TPL_DEC_223,Block Officer,2026-02-10
DOC_S_DEC_0448,S_DEC_0448,Income Certificate,TPL_DEC_223,Block Officer,2026-02-10
DOC_S_DEC_0449,S_DEC_0449,Income Certificate,TPL_DEC_224,Block Officer,2026-02-10
DOC_S_DEC_0450,S_DEC_0450,Income Certificate,TPL_DEC_224,Block Officer,2026-02-10
DOC_S_DEC_0451,S_DEC_0451,Income Certificate,TPL_DEC_225,Block Officer,2026-02-10
DOC_S_DEC_0452,S_DEC_0452,Income Certificate,TPL_DEC_225,Block Officer,2026-02-10
DOC_S_DEC_0453,S_DEC_0453,Income Certificate,TPL_DEC_226,Block Officer,2026-02-10
DOC_S_DEC_0454,S_DEC_0454,Income Certificate,TPL_DEC_226,Block Officer,2026-02-10
DOC_S_DEC_0455,S_DEC_0455,Income Certificate,TPL_DEC_227,Block Officer,2026-02-10
DOC_S_DEC_0456,S_DEC_0456,Income Certificate,TPL_DEC_227,Block Officer,2026-02-10
DOC_S_DEC_0457,S_DEC_0457,Income Certificate,TPL_DEC_228,Block Officer,2026-02-10
DOC_S_DEC_0458,S_DEC_0458,Income Certificate,TPL_DEC_228,Block Officer,2026-02-10
DOC_S_DEC_0459,S_DEC_0459,Income Certificate,TPL_DEC_229,Block Officer,2026-02-10
DOC_S_DEC_0460,S_DEC_0460,Income Certificate,TPL_DEC_229,Block Officer,2026-02-10
DOC_S_DEC_0461,S_DEC_0461,Income Certificate,TPL_DEC_230,Block Officer,2026-02-10
DOC_S_DEC_0462,S_DEC_0462,Income Certificate,TPL_DEC_230,Block Officer,2026-02-10
DOC_S_DEC_0463,S_DEC_0463,Income Certificate,TPL_DEC_231,Block Officer,2026-02-10
DOC_S_DEC_0464,S_DEC_0464,Income Certificate,TPL_DEC_231,Block Officer,2026-02-10
DOC_S_DEC_0465,S_DEC_0465,Income Certificate,TPL_DEC_232,Block Officer,2026-02-10
DOC_S_DEC_0466,S_DEC_0466,Income Certificate,TPL_DEC_232,Block Officer,2026-02-10
DOC_S_DEC_0467,S_DEC_0467,Income Certificate,TPL_DEC_233,Block Officer,2026-02-10
DOC_S_DEC_0468,S_DEC_0468,Income Certificate,TPL_DEC_233,Block Officer,2026-02-10
DOC_S_DEC_0469,S_DEC_0469,Income Certificate,TPL_DEC_234,Block Officer,2026-02-10
DOC_S_DEC_0470,S_DEC_0470,Income Certificate,TPL_DEC_234,Block Officer,2026-02-10
DOC_S_DEC_0471,S_DEC_0471,Income Certificate,TPL_DEC_235,Block Officer,2026-02-10
DOC_S_DEC_0472,S_DEC_0472,Income Certificate,TPL_DEC_235,Block Officer,2026-02-10
DOC_S_DEC_0473,S_DEC_0473,Income Certificate,TPL_DEC_236,Block Officer,2026-02-10
DOC_S_DEC_0474,S_DEC_0474,Income Certificate,TPL_DEC_236,Block Officer,2026-02-10
DOC_S_DEC_0475,S_DEC_0475,Income Certificate,TPL_DEC_237,Block Officer,2026-02-10
DOC_S_DEC_0476,S_DEC_0476,Income Certificate,TPL_DEC_237,Block Officer,2026-02-10
DOC_S_DEC_0477,S_DEC_0477,Income Certificate,TPL_DEC_238,Block Officer,2026-02-10
DOC_S_DEC_0478,S_DEC_0478,Income Certificate,TPL_DEC_238,Block Officer,2026-02-10
DOC_S_DEC_0479,S_DEC_0479,Income Certificate,TPL_DEC_239,Block Officer,2026-02-10
DOC_S_DEC_0480,S_DEC_0480,Income Certificate,TPL_DEC_239,Block Officer,2026-02-10
DOC_S_DEC_0481,S_DEC_0481,Income Certificate,TPL_DEC_240,Block Officer,2026-02-10
DOC_S_DEC_0482,S_DEC_0482,Income Certificate,TPL_DEC_240,Block Officer,2026-02-10
DOC_S_DEC_0483,S_DEC_0483,Income Certificate,TPL_DEC_241,Block Officer,2026-02-10
DOC_S_DEC_0484,S_DEC_0484,Income Certificate,TPL_DEC_241,Block Officer,2026-02-10
DOC_S_DEC_0485,S_DEC_0485,Income Certificate,TPL_DEC_242,Block Officer,2026-02-10
DOC_S_DEC_0486,S_DEC_0486,Income Certificate,TPL_DEC_242,Block Officer,2026-02-10
DOC_S_DEC_0487,S_DEC_0487,Income Certificate,TPL_DEC_243,Block Officer,2026-02-10
DOC_S_DEC_0488,S_DEC_0488,Income Certificate,TPL_DEC_243,Block Officer,2026-02-10
DOC_S_DEC_0489,S_DEC_0489,Income Certificate,TPL_DEC_244,Block Officer,2026-02-10
DOC_S_DEC_0490,S_DEC_0490,Income Certificate,TPL_DEC_244,Block Officer,2026-02-10
DOC_S_DEC_0491,S_DEC_0491,Income Certificate,TPL_DEC_245,Block Officer,2026-02-10
DOC_S_DEC_0492,S_DEC_0492,Income Certificate,TPL_DEC_245,Block Officer,2026-02-10
DOC_S_DEC_0493,S_DEC_0493,Income Certificate,TPL_DEC_246,Block Officer,2026-02-10
DOC_S_DEC_0494,S_DEC_0494,Income Certificate,TPL_DEC_246,Block Officer,2026-02-10
DOC_S_DEC_0495,S_DEC_0495,Income Certificate,TPL_DEC_247,Block Officer,2026-02-10
DOC_S_DEC_0496,S_DEC_0496,Income Certificate,TPL_DEC_247,Block Officer,2026-02-10
DOC_S_DEC_0497,S_DEC_0497,Income Certificate,TPL_DEC_248,Block Officer,2026-02-10
DOC_S_DEC_0498,S_DEC_0498,Income Certificate,TPL_DEC_248,Block Officer,2026-02-10
DOC_S_DEC_0499,S_DEC_0499,Income Certificate,TPL_DEC_249,Block Officer,2026-02-10
DOC_S_DEC_0500,S_DEC_0500,Income Certificate,TPL_DEC_249,Block Officer,2026-02-10
DOC_S_DEC_0501,S_DEC_0501,Income Certificate,TPL_DEC_250,Block Officer,2026-02-10
DOC_S_DEC_0502,S_DEC_0502,Income Certificate,TPL_DEC_250,Block Officer,2026-02-10
DOC_S_DEC_0503,S_DEC_0503,Income Certificate,TPL_DEC_251,Block Officer,2026-02-10
DOC_S_DEC_0504,S_DEC_0504,Income Certificate,TPL_DEC_251,Block Officer,2026-02-10
DOC_S_DEC_0505,S_DEC_0505,Income Certificate,TPL_DEC_252,Block Officer,2026-02-10
DOC_S_DEC_0506,S_DEC_0506,Income Certificate,TPL_DEC_252,Block Officer,2026-02-10
DOC_S_DEC_0507,S_DEC_0507,Income Certificate,TPL_DEC_253,Block Officer,2026-02-10
DOC_S_DEC_0508,S_DEC_0508,Income Certificate,TPL_DEC_253,Block Officer,2026-02-10
DOC_S_DEC_0509,S_DEC_0509,Income Certificate,TPL_DEC_254,Block Officer,2026-02-10
DOC_S_DEC_0510,S_DEC_0510,Income Certificate,TPL_DEC_254,Block Officer,2026-02-10
DOC_S_DEC_0511,S_DEC_0511,Income Certificate,TPL_DEC_255,Block Officer,2026-02-10
DOC_S_DEC_0512,S_DEC_0512,Income Certificate,TPL_DEC_255,Block Officer,2026-02-10
DOC_S_DEC_0513,S_DEC_0513,Income Certificate,TPL_DEC_256,Block Officer,2026-02-10
DOC_S_DEC_0514,S_DEC_0514,Income Certificate,TPL_DEC_256,Block Officer,2026-02-10
DOC_S_DEC_0515,S_DEC_0515,Income Certificate,TPL_DEC_257,Block Officer,2026-02-10
DOC_S_DEC_0516,S_DEC_0516,Income Certificate,TPL_DEC_257,Block Officer,2026-02-10
DOC_S_DEC_0517,S_DEC_0517,Income Certificate,TPL_DEC_258,Block Officer,2026-02-10
DOC_S_DEC_0518,S_DEC_0518,Income Certificate,TPL_DEC_258,Block Officer,2026-02-10
DOC_S_DEC_0519,S_DEC_0519,Income Certificate,TPL_DEC_259,Block Officer,2026-02-10
DOC_S_DEC_0520,S_DEC_0520,Income Certificate,TPL_DEC_259,Block Officer,2026-02-10
DOC_S_DEC_0521,S_DEC_0521,Income Certificate,TPL_DEC_260,Block Officer,2026-02-10
DOC_S_DEC_0522,S_DEC_0522,Income Certificate,TPL_DEC_260,Block Officer,2026-02-10
DOC_S_DEC_0523,S_DEC_0523,Income Certificate,TPL_DEC_261,Block Officer,2026-02-10
DOC_S_DEC_0524,S_DEC_0524,Income Certificate,TPL_DEC_261,Block Officer,2026-02-10
DOC_S_DEC_0525,S_DEC_0525,Income Certificate,TPL_DEC_262,Block Officer,2026-02-10
DOC_S_DEC_0526,S_DEC_0526,Income Certificate,TPL_DEC_262,Block Officer,2026-02-10
DOC_S_DEC_0527,S_DEC_0527,Income Certificate,TPL_DEC_263,Block Officer,2026-02-10
DOC_S_DEC_0528,S_DEC_0528,Income Certificate,TPL_DEC_263,Block Officer,2026-02-10
DOC_S_DEC_0529,S_DEC_0529,Income Certificate,TPL_DEC_264,Block Officer,2026-02-10
DOC_S_DEC_0530,S_DEC_0530,Income Certificate,TPL_DEC_264,Block Officer,2026-02-10
DOC_S_DEC_0531,S_DEC_0531,Income Certificate,TPL_DEC_265,Block Officer,2026-02-10
DOC_S_DEC_0532,S_DEC_0532,Income Certificate,TPL_DEC_265,Block Officer,2026-02-10
DOC_S_DEC_0533,S_DEC_0533,Income Certificate,TPL_DEC_266,Block Officer,2026-02-10
DOC_S_DEC_0534,S_DEC_0534,Income Certificate,TPL_DEC_266,Block Officer,2026-02-10
DOC_S_DEC_0535,S_DEC_0535,Income Certificate,TPL_DEC_267,Block Officer,2026-02-10
DOC_S_DEC_0536,S_DEC_0536,Income Certificate,TPL_DEC_267,Block Officer,2026-02-10
DOC_S_DEC_0537,S_DEC_0537,Income Certificate,TPL_DEC_268,Block Officer,2026-02-10
DOC_S_DEC_0538,S_DEC_0538,Income Certificate,TPL_DEC_268,Block Officer,2026-02-10
DOC_S_DEC_0539,S_DEC_0539,Income Certificate,TPL_DEC_269,Block Officer,2026-02-10
DOC_S_DEC_0540,S_DEC_0540,Income Certificate,TPL_DEC_269,Block Officer,2026-02-10
DOC_S_DEC_0541,S_DEC_0541,Income Certificate,TPL_DEC_270,Block Officer,2026-02-10
DOC_S_DEC_0542,S_DEC_0542,Income Certificate,TPL_DEC_270,Block Officer,2026-02-10
DOC_S_DEC_0543,S_DEC_0543,Income Certificate,TPL_DEC_271,Block Officer,2026-02-10
DOC_S_DEC_0544,S_DEC_0544,Income Certificate,TPL_DEC_271,Block Officer,2026-02-10
DOC_S_DEC_0545,S_DEC_0545,Income Certificate,TPL_DEC_272,Block Officer,2026-02-10
DOC_S_DEC_0546,S_DEC_0546,Income Certificate,TPL_DEC_272,Block Officer,2026-02-10
DOC_S_DEC_0547,S_DEC_0547,Income Certificate,TPL_DEC_273,Block Officer,2026-02-10
DOC_S_DEC_0548,S_DEC_0548,Income Certificate,TPL_DEC_273,Block Officer,2026-02-10
DOC_S_DEC_0549,S_DEC_0549,Income Certificate,TPL_DEC_274,Block Officer,2026-02-10
DOC_S_DEC_0550,S_DEC_0550,Income Certificate,TPL_DEC_274,Block Officer,2026-02-10
DOC_S_DEC_0551,S_DEC_0551,Income Certificate,TPL_DEC_275,Block Officer,2026-02-10
DOC_S_DEC_0552,S_DEC_0552,Income Certificate,TPL_DEC_275,Block Officer,2026-02-10
DOC_S_DEC_0553,S_DEC_0553,Income Certificate,TPL_DEC_276,Block Officer,2026-02-10
DOC_S_DEC_0554,S_DEC_0554,Income Certificate,TPL_DEC_276,Block Officer,2026-02-10
DOC_S_DEC_0555,S_DEC_0555,Income Certificate,TPL_DEC_277,Block Officer,2026-02-10
DOC_S_DEC_0556,S_DEC_0556,Income Certificate,TPL_DEC_277,Block Officer,2026-02-10
DOC_S_DEC_0557,S_DEC_0557,Income Certificate,TPL_DEC_278,Block Officer,2026-02-10
DOC_S_DEC_0558,S_DEC_0558,Income Certificate,TPL_DEC_278,Block Officer,2026-02-10
DOC_S_DEC_0559,S_DEC_0559,Income Certificate,TPL_DEC_279,Block Officer,2026-02-10
DOC_S_DEC_0560,S_DEC_0560,Income Certificate,TPL_DEC_279,Block Officer,2026-02-10
DOC_S_DEC_0561,S_DEC_0561,Income Certificate,TPL_DEC_280,Block Officer,2026-02-10
DOC_S_DEC_0562,S_DEC_0562,Income Certificate,TPL_DEC_280,Block Officer,2026-02-10
DOC_S_DEC_0563,S_DEC_0563,Income Certificate,TPL_DEC_281,Block Officer,2026-02-10
DOC_S_DEC_0564,S_DEC_0564,Income Certificate,TPL_DEC_281,Block Officer,2026-02-10
DOC_S_DEC_0565,S_DEC_0565,Income Certificate,TPL_DEC_282,Block Officer,2026-02-10
DOC_S_DEC_0566,S_DEC_0566,Income Certificate,TPL_DEC_282,Block Officer,2026-02-10
DOC_S_DEC_0567,S_DEC_0567,Income Certificate,TPL_DEC_283,Block Officer,2026-02-10
DOC_S_DEC_0568,S_DEC_0568,Income Certificate,TPL_DEC_283,Block Officer,2026-02-10
DOC_S_DEC_0569,S_DEC_0569,Income Certificate,TPL_DEC_284,Block Officer,2026-02-10
DOC_S_DEC_0570,S_DEC_0570,Income Certificate,TPL_DEC_284,Block Officer,2026-02-10
DOC_S_DEC_0571,S_DEC_0571,Income Certificate,TPL_DEC_285,Block Officer,2026-02-10
DOC_S_DEC_0572,S_DEC_0572,Income Certificate,TPL_DEC_285,Block Officer,2026-02-10
DOC_S_DEC_0573,S_DEC_0573,Income Certificate,TPL_DEC_286,Block Officer,2026-02-10
DOC_S_DEC_0574,S_DEC_0574,Income Certificate,TPL_DEC_286,Block Officer,2026-02-10
DOC_S_DEC_0575,S_DEC_0575,Income Certificate,TPL_DEC_287,Block Officer,2026-02-10
DOC_S_DEC_0576,S_DEC_0576,Income Certificate,TPL_DEC_287,Block Officer,2026-02-10
DOC_S_DEC_0577,S_DEC_0577,Income Certificate,TPL_DEC_288,Block Officer,2026-02-10
DOC_S_DEC_0578,S_DEC_0578,Income Certificate,TPL_DEC_288,Block Officer,2026-02-10
DOC_S_DEC_0579,S_DEC_0579,Income Certificate,TPL_DEC_289,Block Officer,2026-02-10
DOC_S_DEC_0580,S_DEC_0580,Income Certificate,TPL_DEC_289,Block Officer,2026-02-10
DOC_S_DEC_0581,S_DEC_0581,Income Certificate,TPL_DEC_290,Block Officer,2026-02-10
DOC_S_DEC_0582,S_DEC_0582,Income Certificate,TPL_DEC_290,Block Officer,2026-02-10
DOC_S_DEC_0583,S_DEC_0583,Income Certificate,TPL_DEC_291,Block Officer,2026-02-10
DOC_S_DEC_0584,S_DEC_0584,Income Certificate,TPL_DEC_291,Block Officer,2026-02-10
DOC_S_DEC_0585,S_DEC_0585,Income Certificate,TPL_DEC_292,Block Officer,2026-02-10
DOC_S_DEC_0586,S_DEC_0586,Income Certificate,TPL_DEC_292,Block Officer,2026-02-10
DOC_S_DEC_0587,S_DEC_0587,Income Certificate,TPL_DEC_293,Block Officer,2026-02-10
DOC_S_DEC_0588,S_DEC_0588,Income Certificate,TPL_DEC_293,Block Officer,2026-02-10
DOC_S_DEC_0589,S_DEC_0589,Income Certificate,TPL_DEC_294,Block Officer,2026-02-10
DOC_S_DEC_0590,S_DEC_0590,Income Certificate,TPL_DEC_294,Block Officer,2026-02-10
DOC_S_DEC_0591,S_DEC_0591,Income Certificate,TPL_DEC_295,Block Officer,2026-02-10
DOC_S_DEC_0592,S_DEC_0592,Income Certificate,TPL_DEC_295,Block Officer,2026-02-10
DOC_S_DEC_0593,S_DEC_0593,Income Certificate,TPL_DEC_296,Block Officer,2026-02-10
DOC_S_DEC_0594,S_DEC_0594,Income Certificate,TPL_DEC_296,Block Officer,2026-02-10
DOC_S_DEC_0595,S_DEC_0595,Income Certificate,TPL_DEC_297,Block Officer,2026-02-10
DOC_S_DEC_0596,S_DEC_0596,Income Certificate,TPL_DEC_297,Block Officer,2026-02-10
DOC_S_DEC_0597,S_DEC_0597,Income Certificate,TPL_DEC_298,Block Officer,2026-02-10
DOC_S_DEC_0598,S_DEC_0598,Income Certificate,TPL_DEC_298,Block Officer,2026-02-10
DOC_S_DEC_0599,S_DEC_0599,Income Certificate,TPL_DEC_299,Block Officer,2026-02-10
DOC_S_DEC_0600,S_DEC_0600,Income Certificate,TPL_DEC_299,Block Officer,2026-02-10
DOC_S_DEC_0601,S_DEC_0601,Income Certificate,TPL_DEC_300,Block Officer,2026-02-10
DOC_S_DEC_0602,S_DEC_0602,Income Certificate,TPL_DEC_300,Block Officer,2026-02-10
DOC_S_DEC_0603,S_DEC_0603,Income Certificate,TPL_DEC_301,Block Officer,2026-02-10
DOC_S_DEC_0604,S_DEC_0604,Income Certificate,TPL_DEC_301,Block Officer,2026-02-10
DOC_S_DEC_0605,S_DEC_0605,Income Certificate,TPL_DEC_302,Block Officer,2026-02-10
DOC_S_DEC_0606,S_DEC_0606,Income Certificate,TPL_DEC_302,Block Officer,2026-02-10
DOC_S_DEC_0607,S_DEC_0607,Income Certificate,TPL_DEC_303,Block Officer,2026-02-10
DOC_S_DEC_0608,S_DEC_0608,Income Certificate,TPL_DEC_303,Block Officer,2026-02-10
DOC_S_DEC_0609,S_DEC_0609,Income Certificate,TPL_DEC_304,Block Officer,2026-02-10
DOC_S_DEC_0610,S_DEC_0610,Income Certificate,TPL_DEC_304,Block Officer,2026-02-10
DOC_S_DEC_0611,S_DEC_0611,Income Certificate,TPL_DEC_305,Block Officer,2026-02-10
DOC_S_DEC_0612,S_DEC_0612,Income Certificate,TPL_DEC_305,Block Officer,2026-02-10
DOC_S_DEC_0613,S_DEC_0613,Income Certificate,TPL_DEC_306,Block Officer,2026-02-10
DOC_S_DEC_0614,S_DEC_0614,Income Certificate,TPL_DEC_306,Block Officer,2026-02-10
DOC_S_DEC_0615,S_DEC_0615,Income Certificate,TPL_DEC_307,Block Officer,2026-02-10
DOC_S_DEC_0616,S_DEC_0616,Income Certificate,TPL_DEC_307,Block Officer,2026-02-10
DOC_S_DEC_0617,S_DEC_0617,Income Certificate,TPL_DEC_308,Block Officer,2026-02-10
DOC_S_DEC_0618,S_DEC_0618,Income Certificate,TPL_DEC_308,Block Officer,2026-02-10
DOC_S_DEC_0619,S_DEC_0619,Income Certificate,TPL_DEC_309,Block Officer,2026-02-10
DOC_S_DEC_0620,S_DEC_0620,Income Certificate,TPL_DEC_309,Block Officer,2026-02-10
DOC_S_DEC_0621,S_DEC_0621,Income Certificate,TPL_DEC_310,Block Officer,2026-02-10
DOC_S_DEC_0622,S_DEC_0622,Income Certificate,TPL_DEC_310,Block Officer,2026-02-10
DOC_S_DEC_0623,S_DEC_0623,Income Certificate,TPL_DEC_311,Block Officer,2026-02-10
DOC_S_DEC_0624,S_DEC_0624,Income Certificate,TPL_DEC_311,Block Officer,2026-02-10
DOC_S_DEC_0625,S_DEC_0625,Income Certificate,TPL_DEC_312,Block Officer,2026-02-10
DOC_S_DEC_0626,S_DEC_0626,Income Certificate,TPL_DEC_312,Block Officer,2026-02-10
DOC_S_DEC_0627,S_DEC_0627,Income Certificate,TPL_DEC_313,Block Officer,2026-02-10
DOC_S_DEC_0628,S_DEC_0628,Income Certificate,TPL_DEC_313,Block Officer,2026-02-10
DOC_S_DEC_0629,S_DEC_0629,Income Certificate,TPL_DEC_314,Block Officer,2026-02-10
DOC_S_DEC_0630,S_DEC_0630,Income Certificate,TPL_DEC_314,Block Officer,2026-02-10
DOC_S_DEC_0631,S_DEC_0631,Income Certificate,TPL_DEC_315,Block Officer,2026-02-10
DOC_S_DEC_0632,S_DEC_0632,Income Certificate,TPL_DEC_315,Block Officer,2026-02-10
DOC_S_DEC_0633,S_DEC_0633,Income Certificate,TPL_DEC_316,Block Officer,2026-02-10
DOC_S_DEC_0634,S_DEC_0634,Income Certificate,TPL_DEC_316,Block Officer,2026-02-10
DOC_S_DEC_0635,S_DEC_0635,Income Certificate,TPL_DEC_317,Block Officer,2026-02-10
DOC_S_DEC_0636,S_DEC_0636,Income Certificate,TPL_DEC_317,Block Officer,2026-02-10
DOC_S_DEC_0637,S_DEC_0637,Income Certificate,TPL_DEC_318,Block Officer,2026-02-10
DOC_S_DEC_0638,S_DEC_0638,Income Certificate,TPL_DEC_318,Block Officer,2026-02-10
DOC_S_DEC_0639,S_DEC_0639,Income Certificate,TPL_DEC_319,Block Officer,2026-02-10
DOC_S_DEC_0640,S_DEC_0640,Income Certificate,TPL_DEC_319,Block Officer,2026-02-10
DOC_S_DEC_0641,S_DEC_0641,Income Certificate,TPL_DEC_320,Block Officer,2026-02-10
DOC_S_DEC_0642,S_DEC_0642,Income Certificate,TPL_DEC_320,Block Officer,2026-02-10
DOC_S_DEC_0643,S_DEC_0643,Income Certificate,TPL_DEC_321,Block Officer,2026-02-10
DOC_S_DEC_0644,S_DEC_0644,Income Certificate,TPL_DEC_321,Block Officer,2026-02-10
DOC_S_DEC_0645,S_DEC_0645,Income Certificate,TPL_DEC_322,Block Officer,2026-02-10
DOC_S_DEC_0646,S_DEC_0646,Income Certificate,TPL_DEC_322,Block Officer,2026-02-10
DOC_S_DEC_0647,S_DEC_0647,Income Certificate,TPL_DEC_323,Block Officer,2026-02-10
DOC_S_DEC_0648,S_DEC_0648,Income Certificate,TPL_DEC_323,Block Officer,2026-02-10
DOC_S_DEC_0649,S_DEC_0649,Income Certificate,TPL_DEC_324,Block Officer,2026-02-10
DOC_S_DEC_0650,S_DEC_0650,Income Certificate,TPL_DEC_324,Block Officer,2026-02-10
DOC_S_DEC_0651,S_DEC_0651,Income Certificate,TPL_DEC_325,Block Officer,2026-02-10
DOC_S_DEC_0652,S_DEC_0652,Income Certificate,TPL_DEC_325,Block Officer,2026-02-10
DOC_S_DEC_0653,S_DEC_0653,Income Certificate,TPL_DEC_326,Block Officer,2026-02-10
DOC_S_DEC_0654,S_DEC_0654,Income Certificate,TPL_DEC_326,Block Officer,2026-02-10
DOC_S_DEC_0655,S_DEC_0655,Income Certificate,TPL_DEC_327,Block Officer,2026-02-10
DOC_S_DEC_0656,S_DEC_0656,Income Certificate,TPL_DEC_327,Block Officer,2026-02-10
DOC_S_DEC_0657,S_DEC_0657,Income Certificate,TPL_DEC_328,Block Officer,2026-02-10
DOC_S_DEC_0658,S_DEC_0658,Income Certificate,TPL_DEC_328,Block Officer,2026-02-10
DOC_S_DEC_0659,S_DEC_0659,Income Certificate,TPL_DEC_329,Block Officer,2026-02-10
DOC_S_DEC_0660,S_DEC_0660,Income Certificate,TPL_DEC_329,Block Officer,2026-02-10
DOC_S_DEC_0661,S_DEC_0661,Income Certificate,TPL_DEC_330,Block Officer,2026-02-10
DOC_S_DEC_0662,S_DEC_0662,Income Certificate,TPL_DEC_330,Block Officer,2026-02-10
DOC_S_DEC_0663,S_DEC_0663,Income Certificate,TPL_DEC_331,Block Officer,2026-02-10
DOC_S_DEC_0664,S_DEC_0664,Income Certificate,TPL_DEC_331,Block Officer,2026-02-10
DOC_S_DEC_0665,S_DEC_0665,Income Certificate,TPL_DEC_332,Block Officer,2026-02-10
DOC_S_DEC_0666,S_DEC_0666,Income Certificate,TPL_DEC_332,Block Officer,2026-02-10
DOC_S_DEC_0667,S_DEC_0667,Income Certificate,TPL_DEC_333,Block Officer,2026-02-10
DOC_S_DEC_0668,S_DEC_0668,Income Certificate,TPL_DEC_333,Block Officer,2026-02-10
DOC_S_DEC_0669,S_DEC_0669,Income Certificate,TPL_DEC_334,Block Officer,2026-02-10
DOC_S_DEC_0670,S_DEC_0670,Income Certificate,TPL_DEC_334,Block Officer,2026-02-10
DOC_S_DEC_0671,S_DEC_0671,Income Certificate,TPL_DEC_335,Block Officer,2026-02-10
DOC_S_DEC_0672,S_DEC_0672,Income Certificate,TPL_DEC_335,Block Officer,2026-02-10
DOC_S_DEC_0673,S_DEC_0673,Income Certificate,TPL_DEC_336,Block Officer,2026-02-10
DOC_S_DEC_0674,S_DEC_0674,Income Certificate,TPL_DEC_336,Block Officer,2026-02-10
DOC_S_DEC_0675,S_DEC_0675,Income Certificate,TPL_DEC_337,Block Officer,2026-02-10
DOC_S_DEC_0676,S_DEC_0676,Income Certificate,TPL_DEC_337,Block Officer,2026-02-10
DOC_S_DEC_0677,S_DEC_0677,Income Certificate,TPL_DEC_338,Block Officer,2026-02-10
DOC_S_DEC_0678,S_DEC_0678,Income Certificate,TPL_DEC_338,Block Officer,2026-02-10
DOC_S_DEC_0679,S_DEC_0679,Income Certificate,TPL_DEC_339,Block Officer,2026-02-10
DOC_S_DEC_0680,S_DEC_0680,Income Certificate,TPL_DEC_339,Block Officer,2026-02-10
DOC_S_DEC_0681,S_DEC_0681,Income Certificate,TPL_DEC_340,Block Officer,2026-02-10
DOC_S_DEC_0682,S_DEC_0682,Income Certificate,TPL_DEC_340,Block Officer,2026-02-10
DOC_S_DEC_0683,S_DEC_0683,Income Certificate,TPL_DEC_341,Block Officer,2026-02-10
DOC_S_DEC_0684,S_DEC_0684,Income Certificate,TPL_DEC_341,Block Officer,2026-02-10
DOC_S_DEC_0685,S_DEC_0685,Income Certificate,TPL_DEC_342,Block Officer,2026-02-10
DOC_S_DEC_0686,S_DEC_0686,Income Certificate,TPL_DEC_342,Block Officer,2026-02-10
DOC_S_DEC_0687,S_DEC_0687,Income Certificate,TPL_DEC_343,Block Officer,2026-02-10
DOC_S_DEC_0688,S_DEC_0688,Income Certificate,TPL_DEC_343,Block Officer,2026-02-10
DOC_S_DEC_0689,S_DEC_0689,Income Certificate,TPL_DEC_344,Block Officer,2026-02-10
DOC_S_DEC_0690,S_DEC_0690,Income Certificate,TPL_DEC_344,Block Officer,2026-02-10
DOC_S_DEC_0691,S_DEC_0691,Income Certificate,TPL_DEC_345,Block Officer,2026-02-10
DOC_S_DEC_0692,S_DEC_0692,Income Certificate,TPL_DEC_345,Block Officer,2026-02-10
DOC_S_DEC_0693,S_DEC_0693,Income Certificate,TPL_DEC_346,Block Officer,2026-02-10
DOC_S_DEC_0694,S_DEC_0694,Income Certificate,TPL_DEC_346,Block Officer,2026-02-10
DOC_S_DEC_0695,S_DEC_0695,Income Certificate,TPL_DEC_347,Block Officer,2026-02-10
DOC_S_DEC_0696,S_DEC_0696,Income Certificate,TPL_DEC_347,Block Officer,2026-02-10
DOC_S_DEC_0697,S_DEC_0697,Income Certificate,TPL_DEC_348,Block Officer,2026-02-10
DOC_S_DEC_0698,S_DEC_0698,Income Certificate,TPL_DEC_348,Block Officer,2026-02-10
DOC_S_DEC_0699,S_DEC_0699,Income Certificate,TPL_DEC_349,Block Officer,2026-02-10
DOC_S_DEC_0700,S_DEC_0700,Income Certificate,TPL_DEC_349,Block Officer,2026-02-10
DOC_S_DEC_0701,S_DEC_0701,Income Certificate,TPL_DEC_350,Block Officer,2026-02-10
DOC_S_DEC_0702,S_DEC_0702,Income Certificate,TPL_DEC_350,Block Officer,2026-02-10
DOC_S_DEC_0703,S_DEC_0703,Income Certificate,TPL_DEC_351,Block Officer,2026-02-10
DOC_S_DEC_0704,S_DEC_0704,Income Certificate,TPL_DEC_351,Block Officer,2026-02-10
DOC_S_DEC_0705,S_DEC_0705,Income Certificate,TPL_DEC_352,Block Officer,2026-02-10
DOC_S_DEC_0706,S_DEC_0706,Income Certificate,TPL_DEC_352,Block Officer,2026-02-10
DOC_S_DEC_0707,S_DEC_0707,Income Certificate,TPL_DEC_353,Block Officer,2026-02-10
DOC_S_DEC_0708,S_DEC_0708,Income Certificate,TPL_DEC_353,Block Officer,2026-02-10
DOC_S_DEC_0709,S_DEC_0709,Income Certificate,TPL_DEC_354,Block Officer,2026-02-10
DOC_S_DEC_0710,S_DEC_0710,Income Certificate,TPL_DEC_354,Block Officer,2026-02-10
DOC_S_DEC_0711,S_DEC_0711,Income Certificate,TPL_DEC_355,Block Officer,2026-02-10
DOC_S_DEC_0712,S_DEC_0712,Income Certificate,TPL_DEC_355,Block Officer,2026-02-10
DOC_S_DEC_0713,S_DEC_0713,Income Certificate,TPL_DEC_356,Block Officer,2026-02-10
DOC_S_DEC_0714,S_DEC_0714,Income Certificate,TPL_DEC_356,Block Officer,2026-02-10
DOC_S_DEC_0715,S_DEC_0715,Income Certificate,TPL_DEC_357,Block Officer,2026-02-10
DOC_S_DEC_0716,S_DEC_0716,Income Certificate,TPL_DEC_357,Block Officer,2026-02-10
DOC_S_DEC_0717,S_DEC_0717,Income Certificate,TPL_DEC_358,Block Officer,2026-02-10
DOC_S_DEC_0718,S_DEC_0718,Income Certificate,TPL_DEC_358,Block Officer,2026-02-10
DOC_S_DEC_0719,S_DEC_0719,Income Certificate,TPL_DEC_359,Block Officer,2026-02-10
DOC_S_DEC_0720,S_DEC_0720,Income Certificate,TPL_DEC_359,Block Officer,2026-02-10
DOC_S_DEC_0721,S_DEC_0721,Income Certificate,TPL_DEC_360,Block Officer,2026-02-10
DOC_S_DEC_0722,S_DEC_0722,Income Certificate,TPL_DEC_360,Block Officer,2026-02-10
DOC_S_DEC_0723,S_DEC_0723,Income Certificate,TPL_DEC_361,Block Officer,2026-02-10
DOC_S_DEC_0724,S_DEC_0724,Income Certificate,TPL_DEC_361,Block Officer,2026-02-10
DOC_S_DEC_0725,S_DEC_0725,Income Certificate,TPL_DEC_362,Block Officer,2026-02-10
DOC_S_DEC_0726,S_DEC_0726,Income Certificate,TPL_DEC_362,Block Officer,2026-02-10
DOC_S_DEC_0727,S_DEC_0727,Income Certificate,TPL_DEC_363,Block Officer,2026-02-10
DOC_S_DEC_0728,S_DEC_0728,Income Certificate,TPL_DEC_363,Block Officer,2026-02-10
DOC_S_DEC_0729,S_DEC_0729,Income Certificate,TPL_DEC_364,Block Officer,2026-02-10
DOC_S_DEC_0730,S_DEC_0730,Income Certificate,TPL_DEC_364,Block Officer,2026-02-10
DOC_S_DEC_0731,S_DEC_0731,Income Certificate,TPL_DEC_365,Block Officer,2026-02-10
DOC_S_DEC_0732,S_DEC_0732,Income Certificate,TPL_DEC_365,Block Officer,2026-02-10
DOC_S_DEC_0733,S_DEC_0733,Income Certificate,TPL_DEC_366,Block Officer,2026-02-10
DOC_S_DEC_0734,S_DEC_0734,Income Certificate,TPL_DEC_366,Block Officer,2026-02-10
DOC_S_DEC_0735,S_DEC_0735,Income Certificate,TPL_DEC_367,Block Officer,2026-02-10
DOC_S_DEC_0736,S_DEC_0736,Income Certificate,TPL_DEC_367,Block Officer,2026-02-10
DOC_S_DEC_0737,S_DEC_0737,Income Certificate,TPL_DEC_368,Block Officer,2026-02-10
DOC_S_DEC_0738,S_DEC_0738,Income Certificate,TPL_DEC_368,Block Officer,2026-02-10
DOC_S_DEC_0739,S_DEC_0739,Income Certificate,TPL_DEC_369,Block Officer,2026-02-10
DOC_S_DEC_0740,S_DEC_0740,Income Certificate,TPL_DEC_369,Block Officer,2026-02-10
DOC_S_DEC_0741,S_DEC_0741,Income Certificate,TPL_DEC_370,Block Officer,2026-02-10
DOC_S_DEC_0742,S_DEC_0742,Income Certificate,TPL_DEC_370,Block Officer,2026-02-10
DOC_S_DEC_0743,S_DEC_0743,Income Certificate,TPL_DEC_371,Block Officer,2026-02-10
DOC_S_DEC_0744,S_DEC_0744,Income Certificate,TPL_DEC_371,Block Officer,2026-02-10
DOC_S_DEC_0745,S_DEC_0745,Income Certificate,TPL_DEC_372,Block Officer,2026-02-10
DOC_S_DEC_0746,S_DEC_0746,Income Certificate,TPL_DEC_372,Block Officer,2026-02-10
DOC_S_DEC_0747,S_DEC_0747,Income Certificate,TPL_DEC_373,Block Officer,2026-02-10
DOC_S_DEC_0748,S_DEC_0748,Income Certificate,TPL_DEC_373,Block Officer,2026-02-10
DOC_S_DEC_0749,S_DEC_0749,Income Certificate,TPL_DEC_374,Block Officer,2026-02-10
DOC_S_DEC_0750,S_DEC_0750,Income Certificate,TPL_DEC_374,Block Officer,2026-02-10
DOC_S_DEC_0751,S_DEC_0751,Income Certificate,TPL_DEC_375,Block Officer,2026-02-10
DOC_S_DEC_0752,S_DEC_0752,Income Certificate,TPL_DEC_375,Block Officer,2026-02-10
DOC_S_DEC_0753,S_DEC_0753,Income Certificate,TPL_DEC_376,Block Officer,2026-02-10
DOC_S_DEC_0754,S_DEC_0754,Income Certificate,TPL_DEC_376,Block Officer,2026-02-10
DOC_S_DEC_0755,S_DEC_0755,Income Certificate,TPL_DEC_377,Block Officer,2026-02-10
DOC_S_DEC_0756,S_DEC_0756,Income Certificate,TPL_DEC_377,Block Officer,2026-02-10
DOC_S_DEC_0757,S_DEC_0757,Income Certificate,TPL_DEC_378,Block Officer,2026-02-10
DOC_S_DEC_0758,S_DEC_0758,Income Certificate,TPL_DEC_378,Block Officer,2026-02-10
DOC_S_DEC_0759,S_DEC_0759,Income Certificate,TPL_DEC_379,Block Officer,2026-02-10
DOC_S_DEC_0760,S_DEC_0760,Income Certificate,TPL_DEC_379,Block Officer,2026-02-10
DOC_S_DEC_0761,S_DEC_0761,Income Certificate,TPL_DEC_380,Block Officer,2026-02-10
DOC_S_DEC_0762,S_DEC_0762,Income Certificate,TPL_DEC_380,Block Officer,2026-02-10
DOC_S_DEC_0763,S_DEC_0763,Income Certificate,TPL_DEC_381,Block Officer,2026-02-10
DOC_S_DEC_0764,S_DEC_0764,Income Certificate,TPL_DEC_381,Block Officer,2026-02-10
DOC_S_DEC_0765,S_DEC_0765,Income Certificate,TPL_DEC_382,Block Officer,2026-02-10
DOC_S_DEC_0766,S_DEC_0766,Income Certificate,TPL_DEC_382,Block Officer,2026-02-10
DOC_S_DEC_0767,S_DEC_0767,Income Certificate,TPL_DEC_383,Block Officer,2026-02-10
DOC_S_DEC_0768,S_DEC_0768,Income Certificate,TPL_DEC_383,Block Officer,2026-02-10
DOC_S_DEC_0769,S_DEC_0769,Income Certificate,TPL_DEC_384,Block Officer,2026-02-10
DOC_S_DEC_0770,S_DEC_0770,Income Certificate,TPL_DEC_384,Block Officer,2026-02-10
DOC_S_DEC_0771,S_DEC_0771,Income Certificate,TPL_DEC_385,Block Officer,2026-02-10
DOC_S_DEC_0772,S_DEC_0772,Income Certificate,TPL_DEC_385,Block Officer,2026-02-10
DOC_S_DEC_0773,S_DEC_0773,Income Certificate,TPL_DEC_386,Block Officer,2026-02-10
DOC_S_DEC_0774,S_DEC_0774,Income Certificate,TPL_DEC_386,Block Officer,2026-02-10
DOC_S_DEC_0775,S_DEC_0775,Income Certificate,TPL_DEC_387,Block Officer,2026-02-10
DOC_S_DEC_0776,S_DEC_0776,Income Certificate,TPL_DEC_387,Block Officer,2026-02-10
DOC_S_DEC_0777,S_DEC_0777,Income Certificate,TPL_DEC_388,Block Officer,2026-02-10
DOC_S_DEC_0778,S_DEC_0778,Income Certificate,TPL_DEC_388,Block Officer,2026-02-10
DOC_S_DEC_0779,S_DEC_0779,Income Certificate,TPL_DEC_389,Block Officer,2026-02-10
DOC_S_DEC_0780,S_DEC_0780,Income Certificate,TPL_DEC_389,Block Officer,2026-02-10
DOC_S_DEC_0781,S_DEC_0781,Income Certificate,TPL_DEC_390,Block Officer,2026-02-10
DOC_S_DEC_0782,S_DEC_0782,Income Certificate,TPL_DEC_390,Block Officer,2026-02-10
DOC_S_DEC_0783,S_DEC_0783,Income Certificate,TPL_DEC_391,Block Officer,2026-02-10
DOC_S_DEC_0784,S_DEC_0784,Income Certificate,TPL_DEC_391,Block Officer,2026-02-10
DOC_S_DEC_0785,S_DEC_0785,Income Certificate,TPL_DEC_392,Block Officer,2026-02-10
DOC_S_DEC_0786,S_DEC_0786,Income Certificate,TPL_DEC_392,Block Officer,2026-02-10
DOC_S_DEC_0787,S_DEC_0787,Income Certificate,TPL_DEC_393,Block Officer,2026-02-10
DOC_S_DEC_0788,S_DEC_0788,Income Certificate,TPL_DEC_393,Block Officer,2026-02-10
DOC_S_DEC_0789,S_DEC_0789,Income Certificate,TPL_DEC_394,Block Officer,2026-02-10
DOC_S_DEC_0790,S_DEC_0790,Income Certificate,TPL_DEC_394,Block Officer,2026-02-10
DOC_S_DEC_0791,S_DEC_0791,Income Certificate,TPL_DEC_395,Block Officer,2026-02-10
DOC_S_DEC_0792,S_DEC_0792,Income Certificate,TPL_DEC_395,Block Officer,2026-02-10
DOC_S_DEC_0793,S_DEC_0793,Income Certificate,TPL_DEC_396,Block Officer,2026-02-10
DOC_S_DEC_0794,S_DEC_0794,Income Certificate,TPL_DEC_396,Block Officer,2026-02-10
DOC_S_DEC_0795,S_DEC_0795,Income Certificate,TPL_DEC_397,Block Officer,2026-02-10
DOC_S_DEC_0796,S_DEC_0796,Income Certificate,TPL_DEC_397,Block Officer,2026-02-10
DOC_S_DEC_0797,S_DEC_0797,Income Certificate,TPL_DEC_398,Block Officer,2026-02-10
DOC_S_DEC_0798,S_DEC_0798,Income Certificate,TPL_DEC_398,Block Officer,2026-02-10
DOC_S_DEC_0799,S_DEC_0799,Income Certificate,TPL_DEC_399,Block Officer,2026-02-10
DOC_S_DEC_0800,S_DEC_0800,Income Certificate,TPL_DEC_399,Block Officer,2026-02-10
DOC_S_DEC_0801,S_DEC_0801,Income Certificate,TPL_DEC_400,Block Officer,2026-02-10
DOC_S_DEC_0802,S_DEC_0802,Income Certificate,TPL_DEC_400,Block Officer,2026-02-10
DOC_S_DEC_0803,S_DEC_0803,Income Certificate,TPL_DEC_401,Block Officer,2026-02-10
DOC_S_DEC_0804,S_DEC_0804,Income Certificate,TPL_DEC_401,Block Officer,2026-02-10
DOC_S_DEC_0805,S_DEC_0805,Income Certificate,TPL_DEC_402,Block Officer,2026-02-10
DOC_S_DEC_0806,S_DEC_0806,Income Certificate,TPL_DEC_402,Block Officer,2026-02-10
DOC_S_DEC_0807,S_DEC_0807,Income Certificate,TPL_DEC_403,Block Officer,2026-02-10
DOC_S_DEC_0808,S_DEC_0808,Income Certificate,TPL_DEC_403,Block Officer,2026-02-10
DOC_S_DEC_0809,S_DEC_0809,Income Certificate,TPL_DEC_404,Block Officer,2026-02-10
DOC_S_DEC_0810,S_DEC_0810,Income Certificate,TPL_DEC_404,Block Officer,2026-02-10
DOC_S_DEC_0811,S_DEC_0811,Income Certificate,TPL_DEC_405,Block Officer,2026-02-10
DOC_S_DEC_0812,S_DEC_0812,Income Certificate,TPL_DEC_405,Block Officer,2026-02-10
DOC_S_DEC_0813,S_DEC_0813,Income Certificate,TPL_DEC_406,Block Officer,2026-02-10
DOC_S_DEC_0814,S_DEC_0814,Income Certificate,TPL_DEC_406,Block Officer,2026-02-10
DOC_S_DEC_0815,S_DEC_0815,Income Certificate,TPL_DEC_407,Block Officer,2026-02-10
DOC_S_DEC_0816,S_DEC_0816,Income Certificate,TPL_DEC_407,Block Officer,2026-02-10
DOC_S_DEC_0817,S_DEC_0817,Income Certificate,TPL_DEC_408,Block Officer,2026-02-10
DOC_S_DEC_0818,S_DEC_0818,Income Certificate,TPL_DEC_408,Block Officer,2026-02-10
DOC_S_DEC_0819,S_DEC_0819,Income Certificate,TPL_DEC_409,Block Officer,2026-02-10
DOC_S_DEC_0820,S_DEC_0820,Income Certificate,TPL_DEC_409,Block Officer,2026-02-10
DOC_S01061,S01061,Income Certificate,TPL_8726,Revenue Office,2026-01-20
DOC_S01062,S01062,Income Certificate,TPL_9609,Revenue Office,2026-01-20
DOC_S01063,S01063,Income Certificate,TPL_5890,Revenue Office,2026-01-20
DOC_S01064,S01064,Income Certificate,TPL_6714,Revenue Office,2026-01-20
DOC_S01065,S01065,Income Certificate,TPL_5758,Revenue Office,2026-01-20
DOC_S01066,S01066,Income Certificate,TPL_4310,Revenue Office,2026-01-20
DOC_S01067,S01067,Income Certificate,TPL_4697,Revenue Office,2026-01-20
DOC_S01068,S01068,Income Certificate,TPL_3587,Revenue Office,2026-01-20
DOC_S01069,S01069,Income Certificate,TPL_4804,Revenue Office,2026-01-20
DOC_S01070,S01070,Income Certificate,TPL_4052,Revenue Office,2026-01-20
DOC_S01071,S01071,Income Certificate,TPL_9590,Revenue Office,2026-01-20
DOC_S01072,S01072,Income Certificate,TPL_5215,Revenue Office,2026-01-20
DOC_S01073,S01073,Income Certificate,TPL_8007,Revenue Office,2026-01-20
DOC_S01074,S01074,Income Certificate,TPL_1111,Revenue Office,2026-01-20
DOC_S01075,S01075,Income Certificate,TPL_2017,Revenue Office,2026-01-20
DOC_S01076,S01076,Income Certificate,TPL_2923,Revenue Office,2026-01-20
DOC_S01077,S01077,Income Certificate,TPL_7813,Revenue Office,2026-01-20
DOC_S01078,S01078,Income Certificate,TPL_9609,Revenue Office,2026-01-20
DOC_S01079,S01079,Income Certificate,TPL_9525,Revenue Office,2026-01-20
DOC_S01080,S01080,Income Certificate,TPL_3161,Revenue Office,2026-01-20
DOC_S01081,S01081,Income Certificate,TPL_4570,Revenue Office,2026-01-20
DOC_S01082,S01082,Income Certificate,TPL_5703,Revenue Office,2026-01-20
DOC_S01083,S01083,Income Certificate,TPL_2314,Revenue Office,2026-01-20
DOC_S01084,S01084,Income Certificate,TPL_3086,Revenue Office,2026-01-20
DOC_S01085,S01085,Income Certificate,TPL_8546,Revenue Office,2026-01-20
DOC_S01086,S01086,Income Certificate,TPL_4943,Revenue Office,2026-01-20
DOC_S01087,S01087,Income Certificate,TPL_4839,Revenue Office,2026-01-20
DOC_S01088,S01088,Income Certificate,TPL_6253,Revenue Office,2026-01-20
DOC_S01089,S01089,Income Certificate,TPL_7999,Revenue Office,2026-01-20
DOC_S01090,S01090,Income Certificate,TPL_3444,Revenue Office,2026-01-20
DOC_S01091,S01091,Income Certificate,TPL_9683,Revenue Office,2026-01-20
DOC_S01092,S01092,Income Certificate,TPL_2514,Revenue Office,2026-01-20
DOC_S01093,S01093,Income Certificate,TPL_4555,Revenue Office,2026-01-20
DOC_S01094,S01094,Income Certificate,TPL_4974,Revenue Office,2026-01-20
DOC_S01095,S01095,Income Certificate,TPL_6053,Revenue Office,2026-01-20
DOC_S01096,S01096,Income Certificate,TPL_7073,Revenue Office,2026-01-20
DOC_S01097,S01097,Income Certificate,TPL_5836,Revenue Office,2026-01-20
DOC_S01098,S01098,Income Certificate,TPL_5216,Revenue Office,2026-01-20
DOC_S01099,S01099,Income Certificate,TPL_9882,Revenue Office,2026-01-20
DOC_S01100,S01100,Income Certificate,TPL_3252,Revenue Office,2026-01-20
DOC_S01101,S01101,Income Certificate,TPL_1257,Revenue Office,2026-01-20
DOC_S01102,S01102,Income Certificate,TPL_3937,Revenue Office,2026-01-20
DOC_S01103,S01103,Income Certificate,TPL_7112,Revenue Office,2026-01-20
DOC_S01104,S01104,Income Certificate,TPL_1519,Revenue Office,2026-01-20
DOC_S01105,S01105,Income Certificate,TPL_2562,Revenue Office,2026-01-20
DOC_S01106,S01106,Income Certificate,TPL_2218,Revenue Office,2026-01-20
DOC_S01107,S01107,Income Certificate,TPL_2260,Revenue Office,2026-01-20
DOC_S01108,S01108,Income Certificate,TPL_2284,Revenue Office,2026-01-20
DOC_S01109,S01109,Income Certificate,TPL_1485,Revenue Office,2026-01-20
DOC_S01110,S01110,Income Certificate,TPL_7227,Revenue Office,2026-01-20
DOC_S01111,S01111,Income Certificate,TPL_7383,Revenue Office,2026-01-20
DOC_S01112,S01112,Income Certificate,TPL_3170,Revenue Office,2026-01-20
DOC_S01113,S01113,Income Certificate,TPL_7311,Revenue Office,2026-01-20
DOC_S01114,S01114,Income Certificate,TPL_3274,Revenue Office,2026-01-20
DOC_S01115,S01115,Income Certificate,TPL_5123,Revenue Office,2026-01-20
DOC_S01116,S01116,Income Certificate,TPL_7483,Revenue Office,2026-01-20
DOC_S01117,S01117,Income Certificate,TPL_4290,Revenue Office,2026-01-20
DOC_S01118,S01118,Income Certificate,TPL_4971,Revenue Office,2026-01-20
DOC_S01119,S01119,Income Certificate,TPL_4434,Revenue Office,2026-01-20
DOC_S01120,S01120,Income Certificate,TPL_5139,Revenue Office,2026-01-20
DOC_S01121,S01121,Income Certificate,TPL_9907,Revenue Office,2026-01-20
DOC_S01122,S01122,Income Certificate,TPL_3725,Revenue Office,2026-01-20
DOC_S01123,S01123,Income Certificate,TPL_4637,Revenue Office,2026-01-20
DOC_S01124,S01124,Income Certificate,TPL_9199,Revenue Office,2026-01-20
DOC_S01125,S01125,Income Certificate,TPL_8460,Revenue Office,2026-01-20
DOC_S01126,S01126,Income Certificate,TPL_6225,Revenue Office,2026-01-20
DOC_S01127,S01127,Income Certificate,TPL_3623,Revenue Office,2026-01-20
DOC_S01128,S01128,Income Certificate,TPL_7481,Revenue Office,2026-01-20
DOC_S01129,S01129,Income Certificate,TPL_2667,Revenue Office,2026-01-20
DOC_S01130,S01130,Income Certificate,TPL_9646,Revenue Office,2026-01-20
DOC_S01131,S01131,Income Certificate,TPL_2388,Revenue Office,2026-01-20
DOC_S01132,S01132,Income Certificate,TPL_7364,Revenue Office,2026-01-20
DOC_S01133,S01133,Income Certificate,TPL_4065,Revenue Office,2026-01-20
DOC_S01134,S01134,Income Certificate,TPL_9281,Revenue Office,2026-01-20
DOC_S01135,S01135,Income Certificate,TPL_5785,Revenue Office,2026-01-20
DOC_S01136,S01136,Income Certificate,TPL_9369,Revenue Office,2026-01-20
DOC_S01137,S01137,Income Certificate,TPL_2677,Revenue Office,2026-01-20
DOC_S01138,S01138,Income Certificate,TPL_2923,Revenue Office,2026-01-20
DOC_S01139,S01139,Income Certificate,TPL_1972,Revenue Office,2026-01-20
DOC_S01140,S01140,Income Certificate,TPL_5380,Revenue Office,2026-01-20
DOC_S01141,S01141,Income Certificate,TPL_3396,Revenue Office,2026-01-20
DOC_S01142,S01142,Income Certificate,TPL_7786,Revenue Office,2026-01-20
DOC_S01143,S01143,Income Certificate,TPL_8511,Revenue Office,2026-01-20
DOC_S01144,S01144,Income Certificate,TPL_9105,Revenue Office,2026-01-20
DOC_S01145,S01145,Income Certificate,TPL_2631,Revenue Office,2026-01-20
DOC_S01146,S01146,Income Certificate,TPL_4314,Revenue Office,2026-01-20
DOC_S01147,S01147,Income Certificate,TPL_3711,Revenue Office,2026-01-20
DOC_S01148,S01148,Income Certificate,TPL_1017,Revenue Office,2026-01-20
DOC_S01149,S01149,Income Certificate,TPL_3165,Revenue Office,2026-01-20
DOC_S01150,S01150,Income Certificate,TPL_7270,Revenue Office,2026-01-20
DOC_S01151,S01151,Income Certificate,TPL_4490,Revenue Office,2026-01-20
DOC_S01152,S01152,Income Certificate,TPL_7291,Revenue Office,2026-01-20
DOC_S01153,S01153,Income Certificate,TPL_1439,Revenue Office,2026-01-20
DOC_S01154,S01154,Income Certificate,TPL_4921,Revenue Office,2026-01-20
DOC_S01155,S01155,Income Certificate,TPL_7895,Revenue Office,2026-01-20
DOC_S01156,S01156,Income Certificate,TPL_5295,Revenue Office,2026-01-20
DOC_S01157,S01157,Income Certificate,TPL_9808,Revenue Office,2026-01-20
DOC_S01158,S01158,Income Certificate,TPL_6353,Revenue Office,2026-01-20
DOC_S01159,S01159,Income Certificate,TPL_8428,Revenue Office,2026-01-20
DOC_S01160,S01160,Income Certificate,TPL_3684,Revenue Office,2026-01-20
DOC_S01161,S01161,Income Certificate,TPL_2934,Revenue Office,2026-01-20
DOC_S01162,S01162,Income Certificate,TPL_2262,Revenue Office,2026-01-20
DOC_S01163,S01163,Income Certificate,TPL_2889,Revenue Office,2026-01-20
DOC_S01164,S01164,Income Certificate,TPL_3458,Revenue Office,2026-01-20
DOC_S01165,S01165,Income Certificate,TPL_5444,Revenue Office,2026-01-20
DOC_S01166,S01166,Income Certificate,TPL_7568,Revenue Office,2026-01-20
DOC_S01167,S01167,Income Certificate,TPL_5979,Revenue Office,2026-01-20
DOC_S01168,S01168,Income Certificate,TPL_3466,Revenue Office,2026-01-20
DOC_S01169,S01169,Income Certificate,TPL_2703,Revenue Office,2026-01-20
DOC_S01170,S01170,Income Certificate,TPL_4792,Revenue Office,2026-01-20
DOC_S01171,S01171,Income Certificate,TPL_2226,Revenue Office,2026-01-20
DOC_S01172,S01172,Income Certificate,TPL_6345,Revenue Office,2026-01-20
DOC_S01173,S01173,Income Certificate,TPL_6145,Revenue Office,2026-01-20
DOC_S01174,S01174,Income Certificate,TPL_2481,Revenue Office,2026-01-20
DOC_S01175,S01175,Income Certificate,TPL_6828,Revenue Office,2026-01-20
DOC_S01176,S01176,Income Certificate,TPL_5093,Revenue Office,2026-01-20
DOC_S01177,S01177,Income Certificate,TPL_2376,Revenue Office,2026-01-20
DOC_S01178,S01178,Income Certificate,TPL_6432,Revenue Office,2026-01-20
DOC_S01179,S01179,Income Certificate,TPL_6799,Revenue Office,2026-01-20
DOC_S01180,S01180,Income Certificate,TPL_5835,Revenue Office,2026-01-20
DOC_S01181,S01181,Income Certificate,TPL_5082,Revenue Office,2026-01-20
DOC_S01182,S01182,Income Certificate,TPL_8940,Revenue Office,2026-01-20
DOC_S01183,S01183,Income Certificate,TPL_1959,Revenue Office,2026-01-20
DOC_S01184,S01184,Income Certificate,TPL_5366,Revenue Office,2026-01-20
DOC_S01185,S01185,Income Certificate,TPL_6210,Revenue Office,2026-01-20
DOC_S01186,S01186,Income Certificate,TPL_3328,Revenue Office,2026-01-20
DOC_S01187,S01187,Income Certificate,TPL_9625,Revenue Office,2026-01-20
DOC_S01188,S01188,Income Certificate,TPL_1975,Revenue Office,2026-01-20
DOC_S01189,S01189,Income Certificate,TPL_2655,Revenue Office,2026-01-20
DOC_S01190,S01190,Income Certificate,TPL_6846,Revenue Office,2026-01-20
DOC_S01191,S01191,Income Certificate,TPL_7415,Revenue Office,2026-01-20
DOC_S01192,S01192,Income Certificate,TPL_2705,Revenue Office,2026-01-20
DOC_S01193,S01193,Income Certificate,TPL_8317,Revenue Office,2026-01-20
DOC_S01194,S01194,Income Certificate,TPL_8179,Revenue Office,2026-01-20
DOC_S01195,S01195,Income Certificate,TPL_3664,Revenue Office,2026-01-20
DOC_S01196,S01196,Income Certificate,TPL_3787,Revenue Office,2026-01-20
DOC_S01197,S01197,Income Certificate,TPL_3703,Revenue Office,2026-01-20
DOC_S01198,S01198,Income Certificate,TPL_9849,Revenue Office,2026-01-20
DOC_S01199,S01199,Income Certificate,TPL_2435,Revenue Office,2026-01-20
DOC_S01200,S01200,Income Certificate,TPL_2342,Revenue Office,2026-01-20
DOC_S01201,S01201,Income Certificate,TPL_7078,Revenue Office,2026-01-20
DOC_S01202,S01202,Income Certificate,TPL_5400,Revenue Office,2026-01-20
DOC_S01203,S01203,Income Certificate,TPL_9561,Revenue Office,2026-01-20
DOC_S01204,S01204,Income Certificate,TPL_9226,Revenue Office,2026-01-20
DOC_S01205,S01205,Income Certificate,TPL_3067,Revenue Office,2026-01-20
DOC_S01206,S01206,Income Certificate,TPL_2425,Revenue Office,2026-01-20
DOC_S01207,S01207,Income Certificate,TPL_2843,Revenue Office,2026-01-20
DOC_S01208,S01208,Income Certificate,TPL_9775,Revenue Office,2026-01-20
DOC_S01209,S01209,Income Certificate,TPL_7581,Revenue Office,2026-01-20
DOC_S01210,S01210,Income Certificate,TPL_1331,Revenue Office,2026-01-20
DOC_S01211,S01211,Income Certificate,TPL_6257,Revenue Office,2026-01-20
DOC_S01212,S01212,Income Certificate,TPL_8937,Revenue Office,2026-01-20
DOC_S01213,S01213,Income Certificate,TPL_9589,Revenue Office,2026-01-20
DOC_S01214,S01214,Income Certificate,TPL_6904,Revenue Office,2026-01-20
DOC_S01215,S01215,Income Certificate,TPL_8308,Revenue Office,2026-01-20
DOC_S01216,S01216,Income Certificate,TPL_5670,Revenue Office,2026-01-20
DOC_S01217,S01217,Income Certificate,TPL_9409,Revenue Office,2026-01-20
DOC_S01218,S01218,Income Certificate,TPL_5135,Revenue Office,2026-01-20
DOC_S01219,S01219,Income Certificate,TPL_7506,Revenue Office,2026-01-20
DOC_S01220,S01220,Income Certificate,TPL_5890,Revenue Office,2026-01-20
DOC_S01221,S01221,Income Certificate,TPL_3456,Revenue Office,2026-01-20
DOC_S01222,S01222,Income Certificate,TPL_9148,Revenue Office,2026-01-20
DOC_S01223,S01223,Income Certificate,TPL_8794,Revenue Office,2026-01-20
DOC_S01224,S01224,Income Certificate,TPL_2599,Revenue Office,2026-01-20
DOC_S01225,S01225,Income Certificate,TPL_6031,Revenue Office,2026-01-20
DOC_S01226,S01226,Income Certificate,TPL_8709,Revenue Office,2026-01-20
DOC_S01227,S01227,Income Certificate,TPL_9680,Revenue Office,2026-01-20
DOC_S01228,S01228,Income Certificate,TPL_6183,Revenue Office,2026-01-20
DOC_S01229,S01229,Income Certificate,TPL_4430,Revenue Office,2026-01-20
DOC_S01230,S01230,Income Certificate,TPL_8035,Revenue Office,2026-01-20
DOC_S01231,S01231,Income Certificate,TPL_1293,Revenue Office,2026-01-20
DOC_S01232,S01232,Income Certificate,TPL_6015,Revenue Office,2026-01-20
DOC_S01233,S01233,Income Certificate,TPL_6885,Revenue Office,2026-01-20
DOC_S01234,S01234,Income Certificate,TPL_9267,Revenue Office,2026-01-20
DOC_S01235,S01235,Income Certificate,TPL_1790,Revenue Office,2026-01-20
DOC_S01236,S01236,Income Certificate,TPL_4366,Revenue Office,2026-01-20
DOC_S01237,S01237,Income Certificate,TPL_2718,Revenue Office,2026-01-20
DOC_S01238,S01238,Income Certificate,TPL_9571,Revenue Office,2026-01-20
DOC_S01239,S01239,Income Certificate,TPL_1208,Revenue Office,2026-01-20
DOC_S01240,S01240,Income Certificate,TPL_2659,Revenue Office,2026-01-20
DOC_S01241,S01241,Income Certificate,TPL_5760,Revenue Office,2026-01-20
DOC_S01242,S01242,Income Certificate,TPL_3793,Revenue Office,2026-01-20
DOC_S01243,S01243,Income Certificate,TPL_7557,Revenue Office,2026-01-20
DOC_S01244,S01244,Income Certificate,TPL_3171,Revenue Office,2026-01-20
DOC_S01245,S01245,Income Certificate,TPL_3140,Revenue Office,2026-01-20
DOC_S01246,S01246,Income Certificate,TPL_9598,Revenue Office,2026-01-20
DOC_S01247,S01247,Income Certificate,TPL_6664,Revenue Office,2026-01-20
DOC_S01248,S01248,Income Certificate,TPL_9123,Revenue Office,2026-01-20
DOC_S01249,S01249,Income Certificate,TPL_7607,Revenue Office,2026-01-20
DOC_S01250,S01250,Income Certificate,TPL_9148,Revenue Office,2026-01-20
DOC_S01251,S01251,Income Certificate,TPL_4389,Revenue Office,2026-01-20
DOC_S01252,S01252,Income Certificate,TPL_6952,Revenue Office,2026-01-20
DOC_S01253,S01253,Income Certificate,TPL_2741,Revenue Office,2026-01-20
DOC_S01254,S01254,Income Certificate,TPL_2978,Revenue Office,2026-01-20
DOC_S01255,S01255,Income Certificate,TPL_3018,Revenue Office,2026-01-20
DOC_S01256,S01256,Income Certificate,TPL_8091,Revenue Office,2026-01-20
DOC_S01257,S01257,Income Certificate,TPL_9259,Revenue Office,2026-01-20
DOC_S01258,S01258,Income Certificate,TPL_8419,Revenue Office,2026-01-20
DOC_S01259,S01259,Income Certificate,TPL_4560,Revenue Office,2026-01-20
DOC_S01260,S01260,Income Certificate,TPL_9255,Revenue Office,2026-01-20
DOC_S01261,S01261,Income Certificate,TPL_9747,Revenue Office,2026-01-20
DOC_S01262,S01262,Income Certificate,TPL_1869,Revenue Office,2026-01-20
DOC_S01263,S01263,Income Certificate,TPL_4342,Revenue Office,2026-01-20
DOC_S01264,S01264,Income Certificate,TPL_4675,Revenue Office,2026-01-20
DOC_S01265,S01265,Income Certificate,TPL_7825,Revenue Office,2026-01-20
DOC_S01266,S01266,Income Certificate,TPL_4695,Revenue Office,2026-01-20
DOC_S01267,S01267,Income Certificate,TPL_2220,Revenue Office,2026-01-20
DOC_S01268,S01268,Income Certificate,TPL_3131,Revenue Office,2026-01-20
DOC_S01269,S01269,Income Certificate,TPL_9037,Revenue Office,2026-01-20
DOC_S01270,S01270,Income Certificate,TPL_9276,Revenue Office,2026-01-20
DOC_S01271,S01271,Income Certificate,TPL_8780,Revenue Office,2026-01-20
DOC_S01272,S01272,Income Certificate,TPL_6258,Revenue Office,2026-01-20
DOC_S01273,S01273,Income Certificate,TPL_8975,Revenue Office,2026-01-20
DOC_S01274,S01274,Income Certificate,TPL_1120,Revenue Office,2026-01-20
DOC_S01275,S01275,Income Certificate,TPL_3519,Revenue Office,2026-01-20
DOC_S01276,S01276,Income Certificate,TPL_4729,Revenue Office,2026-01-20
DOC_S01277,S01277,Income Certificate,TPL_2036,Revenue Office,2026-01-20
DOC_S01278,S01278,Income Certificate,TPL_2417,Revenue Office,2026-01-20
DOC_S01279,S01279,Income Certificate,TPL_9941,Revenue Office,2026-01-20
DOC_S01280,S01280,Income Certificate,TPL_3019,Revenue Office,2026-01-20
DOC_S01281,S01281,Income Certificate,TPL_4469,Revenue Office,2026-01-20
DOC_S01282,S01282,Income Certificate,TPL_4183,Revenue Office,2026-01-20
DOC_S01283,S01283,Income Certificate,TPL_5107,Revenue Office,2026-01-20
DOC_S01284,S01284,Income Certificate,TPL_2639,Revenue Office,2026-01-20
DOC_S01285,S01285,Income Certificate,TPL_6971,Revenue Office,2026-01-20
DOC_S01286,S01286,Income Certificate,TPL_5533,Revenue Office,2026-01-20
DOC_S01287,S01287,Income Certificate,TPL_5597,Revenue Office,2026-01-20
DOC_S01288,S01288,Income Certificate,TPL_1305,Revenue Office,2026-01-20
DOC_S01289,S01289,Income Certificate,TPL_8734,Revenue Office,2026-01-20
DOC_S01290,S01290,Income Certificate,TPL_8613,Revenue Office,2026-01-20
DOC_S01291,S01291,Income Certificate,TPL_3395,Revenue Office,2026-01-20
DOC_S01292,S01292,Income Certificate,TPL_4834,Revenue Office,2026-01-20
DOC_S01293,S01293,Income Certificate,TPL_9542,Revenue Office,2026-01-20
DOC_S01294,S01294,Income Certificate,TPL_2275,Revenue Office,2026-01-20
DOC_S01295,S01295,Income Certificate,TPL_8207,Revenue Office,2026-01-20
DOC_S01296,S01296,Income Certificate,TPL_2938,Revenue Office,2026-01-20
DOC_S01297,S01297,Income Certificate,TPL_1367,Revenue Office,2026-01-20
DOC_S01298,S01298,Income Certificate,TPL_3406,Revenue Office,2026-01-20
DOC_S01299,S01299,Income Certificate,TPL_4548,Revenue Office,2026-01-20
DOC_S01300,S01300,Income Certificate,TPL_9369,Revenue Office,2026-01-20
DOC_S01301,S01301,Income Certificate,TPL_4315,Revenue Office,2026-01-20
DOC_S01302,S01302,Income Certificate,TPL_1639,Revenue Office,2026-01-20
DOC_S01303,S01303,Income Certificate,TPL_9553,Revenue Office,2026-01-20
DOC_S01304,S01304,Income Certificate,TPL_2600,Revenue Office,2026-01-20
DOC_S01305,S01305,Income Certificate,TPL_1089,Revenue Office,2026-01-20
DOC_S01306,S01306,Income Certificate,TPL_7698,Revenue Office,2026-01-20
DOC_S01307,S01307,Income Certificate,TPL_4337,Revenue Office,2026-01-20
DOC_S01308,S01308,Income Certificate,TPL_6024,Revenue Office,2026-01-20
DOC_S01309,S01309,Income Certificate,TPL_2642,Revenue Office,2026-01-20
DOC_S01310,S01310,Income Certificate,TPL_3381,Revenue Office,2026-01-20
DOC_S01311,S01311,Income Certificate,TPL_9536,Revenue Office,2026-01-20
DOC_S01312,S01312,Income Certificate,TPL_9489,Revenue Office,2026-01-20
DOC_S01313,S01313,Income Certificate,TPL_3579,Revenue Office,2026-01-20
DOC_S01314,S01314,Income Certificate,TPL_2124,Revenue Office,2026-01-20
DOC_S01315,S01315,Income Certificate,TPL_8450,Revenue Office,2026-01-20
DOC_S01316,S01316,Income Certificate,TPL_5821,Revenue Office,2026-01-20
DOC_S01317,S01317,Income Certificate,TPL_4985,Revenue Office,2026-01-20
DOC_S01318,S01318,Income Certificate,TPL_2106,Revenue Office,2026-01-20
DOC_S01319,S01319,Income Certificate,TPL_5067,Revenue Office,2026-01-20
DOC_S01320,S01320,Income Certificate,TPL_5408,Revenue Office,2026-01-20
DOC_S01321,S01321,Income Certificate,TPL_6833,Revenue Office,2026-01-20
DOC_S01322,S01322,Income Certificate,TPL_8901,Revenue Office,2026-01-20
DOC_S01323,S01323,Income Certificate,TPL_7518,Revenue Office,2026-01-20
DOC_S01324,S01324,Income Certificate,TPL_7450,Revenue Office,2026-01-20
DOC_S01325,S01325,Income Certificate,TPL_7216,Revenue Office,2026-01-20
DOC_S01326,S01326,Income Certificate,TPL_8722,Revenue Office,2026-01-20
DOC_S01327,S01327,Income Certificate,TPL_3148,Revenue Office,2026-01-20
DOC_S01328,S01328,Income Certificate,TPL_8081,Revenue Office,2026-01-20
DOC_S01329,S01329,Income Certificate,TPL_9748,Revenue Office,2026-01-20
DOC_S01330,S01330,Income Certificate,TPL_3676,Revenue Office,2026-01-20
DOC_S01331,S01331,Income Certificate,TPL_5222,Revenue Office,2026-01-20
DOC_S01332,S01332,Income Certificate,TPL_5663,Revenue Office,2026-01-20
DOC_S01333,S01333,Income Certificate,TPL_3745,Revenue Office,2026-01-20
DOC_S01334,S01334,Income Certificate,TPL_6136,Revenue Office,2026-01-20
DOC_S01335,S01335,Income Certificate,TPL_3741,Revenue Office,2026-01-20
DOC_S01336,S01336,Income Certificate,TPL_4450,Revenue Office,2026-01-20
DOC_S01337,S01337,Income Certificate,TPL_5300,Revenue Office,2026-01-20
DOC_S01338,S01338,Income Certificate,TPL_3150,Revenue Office,2026-01-20
DOC_S01339,S01339,Income Certificate,TPL_3213,Revenue Office,2026-01-20
DOC_S01340,S01340,Income Certificate,TPL_8126,Revenue Office,2026-01-20
DOC_S01341,S01341,Income Certificate,TPL_5256,Revenue Office,2026-01-20
DOC_S01342,S01342,Income Certificate,TPL_9059,Revenue Office,2026-01-20
DOC_S01343,S01343,Income Certificate,TPL_8161,Revenue Office,2026-01-20
DOC_S01344,S01344,Income Certificate,TPL_9464,Revenue Office,2026-01-20
DOC_S01345,S01345,Income Certificate,TPL_3238,Revenue Office,2026-01-20
DOC_S01346,S01346,Income Certificate,TPL_6253,Revenue Office,2026-01-20
DOC_S01347,S01347,Income Certificate,TPL_2477,Revenue Office,2026-01-20
DOC_S01348,S01348,Income Certificate,TPL_6410,Revenue Office,2026-01-20
DOC_S01349,S01349,Income Certificate,TPL_1206,Revenue Office,2026-01-20
DOC_S01350,S01350,Income Certificate,TPL_2539,Revenue Office,2026-01-20
DOC_S01351,S01351,Income Certificate,TPL_9534,Revenue Office,2026-01-20
DOC_S01352,S01352,Income Certificate,TPL_8113,Revenue Office,2026-01-20
DOC_S01353,S01353,Income Certificate,TPL_3539,Revenue Office,2026-01-20
DOC_S01354,S01354,Income Certificate,TPL_1979,Revenue Office,2026-01-20
DOC_S01355,S01355,Income Certificate,TPL_4161,Revenue Office,2026-01-20
DOC_S01356,S01356,Income Certificate,TPL_9892,Revenue Office,2026-01-20
DOC_S01357,S01357,Income Certificate,TPL_2128,Revenue Office,2026-01-20
DOC_S01358,S01358,Income Certificate,TPL_7210,Revenue Office,2026-01-20
DOC_S01359,S01359,Income Certificate,TPL_4110,Revenue Office,2026-01-20
DOC_S01360,S01360,Income Certificate,TPL_2577,Revenue Office,2026-01-20
DOC_S01361,S01361,Income Certificate,TPL_7366,Revenue Office,2026-01-20
DOC_S01362,S01362,Income Certificate,TPL_1214,Revenue Office,2026-01-20
DOC_S01363,S01363,Income Certificate,TPL_1955,Revenue Office,2026-01-20
DOC_S01364,S01364,Income Certificate,TPL_2591,Revenue Office,2026-01-20
DOC_S01365,S01365,Income Certificate,TPL_7802,Revenue Office,2026-01-20
DOC_S01366,S01366,Income Certificate,TPL_3733,Revenue Office,2026-01-20
DOC_S01367,S01367,Income Certificate,TPL_7755,Revenue Office,2026-01-20
DOC_S01368,S01368,Income Certificate,TPL_5162,Revenue Office,2026-01-20
DOC_S01369,S01369,Income Certificate,TPL_1107,Revenue Office,2026-01-20
DOC_S01370,S01370,Income Certificate,TPL_9376,Revenue Office,2026-01-20
DOC_S01371,S01371,Income Certificate,TPL_5093,Revenue Office,2026-01-20
DOC_S01372,S01372,Income Certificate,TPL_8905,Revenue Office,2026-01-20
DOC_S01373,S01373,Income Certificate,TPL_2285,Revenue Office,2026-01-20
DOC_S01374,S01374,Income Certificate,TPL_1187,Revenue Office,2026-01-20
DOC_S01375,S01375,Income Certificate,TPL_1827,Revenue Office,2026-01-20
DOC_S01376,S01376,Income Certificate,TPL_3425,Revenue Office,2026-01-20
DOC_S01377,S01377,Income Certificate,TPL_3209,Revenue Office,2026-01-20
DOC_S01378,S01378,Income Certificate,TPL_4970,Revenue Office,2026-01-20
DOC_S01379,S01379,Income Certificate,TPL_4120,Revenue Office,2026-01-20
DOC_S01380,S01380,Income Certificate,TPL_8216,Revenue Office,2026-01-20
DOC_S01381,S01381,Income Certificate,TPL_5713,Revenue Office,2026-01-20
DOC_S01382,S01382,Income Certificate,TPL_4471,Revenue Office,2026-01-20
DOC_S01383,S01383,Income Certificate,TPL_5185,Revenue Office,2026-01-20
DOC_S01384,S01384,Income Certificate,TPL_7367,Revenue Office,2026-01-20
DOC_S01385,S01385,Income Certificate,TPL_6168,Revenue Office,2026-01-20
DOC_S01386,S01386,Income Certificate,TPL_1651,Revenue Office,2026-01-20
DOC_S01387,S01387,Income Certificate,TPL_4869,Revenue Office,2026-01-20
DOC_S01388,S01388,Income Certificate,TPL_5590,Revenue Office,2026-01-20
DOC_S01389,S01389,Income Certificate,TPL_6118,Revenue Office,2026-01-20
DOC_S01390,S01390,Income Certificate,TPL_4314,Revenue Office,2026-01-20
DOC_S01391,S01391,Income Certificate,TPL_9732,Revenue Office,2026-01-20
DOC_S01392,S01392,Income Certificate,TPL_7737,Revenue Office,2026-01-20
DOC_S01393,S01393,Income Certificate,TPL_4783,Revenue Office,2026-01-20
DOC_S01394,S01394,Income Certificate,TPL_7126,Revenue Office,2026-01-20
DOC_S01395,S01395,Income Certificate,TPL_4323,Revenue Office,2026-01-20
DOC_S01396,S01396,Income Certificate,TPL_8005,Revenue Office,2026-01-20
DOC_S01397,S01397,Income Certificate,TPL_9605,Revenue Office,2026-01-20
DOC_S01398,S01398,Income Certificate,TPL_9498,Revenue Office,2026-01-20
DOC_S01399,S01399,Income Certificate,TPL_5684,Revenue Office,2026-01-20
DOC_S01400,S01400,Income Certificate,TPL_2481,Revenue Office,2026-01-20
DOC_S01401,S01401,Income Certificate,TPL_3930,Revenue Office,2026-01-20
DOC_S01402,S01402,Income Certificate,TPL_3024,Revenue Office,2026-01-20
DOC_S01403,S01403,Income Certificate,TPL_7235,Revenue Office,2026-01-20
DOC_S01404,S01404,Income Certificate,TPL_7874,Revenue Office,2026-01-20
DOC_S01405,S01405,Income Certificate,TPL_8514,Revenue Office,2026-01-20
DOC_S01406,S01406,Income Certificate,TPL_8794,Revenue Office,2026-01-20
DOC_S01407,S01407,Income Certificate,TPL_4028,Revenue Office,2026-01-20
DOC_S01408,S01408,Income Certificate,TPL_6424,Revenue Office,2026-01-20
DOC_S01409,S01409,Income Certificate,TPL_6901,Revenue Office,2026-01-20
DOC_S01410,S01410,Income Certificate,TPL_2063,Revenue Office,2026-01-20
DOC_S01411,S01411,Income Certificate,TPL_2790,Revenue Office,2026-01-20
DOC_S01412,S01412,Income Certificate,TPL_7996,Revenue Office,2026-01-20
DOC_S01413,S01413,Income Certificate,TPL_9069,Revenue Office,2026-01-20
DOC_S01414,S01414,Income Certificate,TPL_2932,Revenue Office,2026-01-20
DOC_S01415,S01415,Income Certificate,TPL_5614,Revenue Office,2026-01-20
DOC_S01416,S01416,Income Certificate,TPL_7488,Revenue Office,2026-01-20
DOC_S01417,S01417,Income Certificate,TPL_8888,Revenue Office,2026-01-20
DOC_S01418,S01418,Income Certificate,TPL_5904,Revenue Office,2026-01-20
DOC_S01419,S01419,Income Certificate,TPL_6556,Revenue Office,2026-01-20
DOC_S01420,S01420,Income Certificate,TPL_6050,Revenue Office,2026-01-20
DOC_S01421,S01421,Income Certificate,TPL_3867,Revenue Office,2026-01-20
DOC_S01422,S01422,Income Certificate,TPL_9192,Revenue Office,2026-01-20
DOC_S01423,S01423,Income Certificate,TPL_4361,Revenue Office,2026-01-20
DOC_S01424,S01424,Income Certificate,TPL_6460,Revenue Office,2026-01-20
DOC_S01425,S01425,Income Certificate,TPL_4285,Revenue Office,2026-01-20
DOC_S01426,S01426,Income Certificate,TPL_5483,Revenue Office,2026-01-20
DOC_S01427,S01427,Income Certificate,TPL_5011,Revenue Office,2026-01-20
DOC_S01428,S01428,Income Certificate,TPL_2735,Revenue Office,2026-01-20
DOC_S01429,S01429,Income Certificate,TPL_9740,Revenue Office,2026-01-20
DOC_S01430,S01430,Income Certificate,TPL_6085,Revenue Office,2026-01-20
DOC_S01431,S01431,Income Certificate,TPL_6320,Revenue Office,2026-01-20
DOC_S01432,S01432,Income Certificate,TPL_6711,Revenue Office,2026-01-20
DOC_S01433,S01433,Income Certificate,TPL_9728,Revenue Office,2026-01-20
DOC_S01434,S01434,Income Certificate,TPL_6582,Revenue Office,2026-01-20
DOC_S01435,S01435,Income Certificate,TPL_8972,Revenue Office,2026-01-20
DOC_S01436,S01436,Income Certificate,TPL_2781,Revenue Office,2026-01-20
DOC_S01437,S01437,Income Certificate,TPL_3403,Revenue Office,2026-01-20
DOC_S01438,S01438,Income Certificate,TPL_6187,Revenue Office,2026-01-20
DOC_S01439,S01439,Income Certificate,TPL_7622,Revenue Office,2026-01-20
DOC_S01440,S01440,Income Certificate,TPL_6885,Revenue Office,2026-01-20
DOC_S01441,S01441,Income Certificate,TPL_9931,Revenue Office,2026-01-20
DOC_S01442,S01442,Income Certificate,TPL_3527,Revenue Office,2026-01-20
DOC_S01443,S01443,Income Certificate,TPL_2387,Revenue Office,2026-01-20
DOC_S01444,S01444,Income Certificate,TPL_8373,Revenue Office,2026-01-20
DOC_S01445,S01445,Income Certificate,TPL_7012,Revenue Office,2026-01-20
DOC_S01446,S01446,Income Certificate,TPL_3327,Revenue Office,2026-01-20
DOC_S01447,S01447,Income Certificate,TPL_9834,Revenue Office,2026-01-20
DOC_S01448,S01448,Income Certificate,TPL_8687,Revenue Office,2026-01-20
DOC_S01449,S01449,Income Certificate,TPL_5267,Revenue Office,2026-01-20
DOC_S01450,S01450,Income Certificate,TPL_5699,Revenue Office,2026-01-20
DOC_S01451,S01451,Income Certificate,TPL_1232,Revenue Office,2026-01-20
DOC_S01452,S01452,Income Certificate,TPL_4869,Revenue Office,2026-01-20
DOC_S01453,S01453,Income Certificate,TPL_7277,Revenue Office,2026-01-20
DOC_S01454,S01454,Income Certificate,TPL_3745,Revenue Office,2026-01-20
DOC_S01455,S01455,Income Certificate,TPL_5302,Revenue Office,2026-01-20
DOC_S01456,S01456,Income Certificate,TPL_1672,Revenue Office,2026-01-20
DOC_S01457,S01457,Income Certificate,TPL_5183,Revenue Office,2026-01-20
DOC_S01458,S01458,Income Certificate,TPL_9518,Revenue Office,2026-01-20
DOC_S01459,S01459,Income Certificate,TPL_8306,Revenue Office,2026-01-20
DOC_S01460,S01460,Income Certificate,TPL_4552,Revenue Office,2026-01-20
DOC_S01461,S01461,Income Certificate,TPL_4018,Revenue Office,2026-01-20
DOC_S01462,S01462,Income Certificate,TPL_3653,Revenue Office,2026-01-20
DOC_S01463,S01463,Income Certificate,TPL_4287,Revenue Office,2026-01-20
DOC_S01464,S01464,Income Certificate,TPL_8234,Revenue Office,2026-01-20
DOC_S01465,S01465,Income Certificate,TPL_7397,Revenue Office,2026-01-20
DOC_S01466,S01466,Income Certificate,TPL_8144,Revenue Office,2026-01-20
DOC_S01467,S01467,Income Certificate,TPL_5961,Revenue Office,2026-01-20
DOC_S01468,S01468,Income Certificate,TPL_3893,Revenue Office,2026-01-20
DOC_S01469,S01469,Income Certificate,TPL_3292,Revenue Office,2026-01-20
DOC_S01470,S01470,Income Certificate,TPL_9186,Revenue Office,2026-01-20
DOC_S01471,S01471,Income Certificate,TPL_4468,Revenue Office,2026-01-20
DOC_S01472,S01472,Income Certificate,TPL_1604,Revenue Office,2026-01-20
DOC_S01473,S01473,Income Certificate,TPL_1818,Revenue Office,2026-01-20
DOC_S01474,S01474,Income Certificate,TPL_9145,Revenue Office,2026-01-20
DOC_S01475,S01475,Income Certificate,TPL_3250,Revenue Office,2026-01-20
DOC_S01476,S01476,Income Certificate,TPL_5487,Revenue Office,2026-01-20
DOC_S01477,S01477,Income Certificate,TPL_3584,Revenue Office,2026-01-20
DOC_S01478,S01478,Income Certificate,TPL_8798,Revenue Office,2026-01-20
DOC_S01479,S01479,Income Certificate,TPL_9190,Revenue Office,2026-01-20
DOC_S01480,S01480,Income Certificate,TPL_9686,Revenue Office,2026-01-20
DOC_S01481,S01481,Income Certificate,TPL_1869,Revenue Office,2026-01-20
DOC_S01482,S01482,Income Certificate,TPL_1885,Revenue Office,2026-01-20
DOC_S01483,S01483,Income Certificate,TPL_3881,Revenue Office,2026-01-20
DOC_S01484,S01484,Income Certificate,TPL_6340,Revenue Office,2026-01-20
DOC_S01485,S01485,Income Certificate,TPL_7152,Revenue Office,2026-01-20
DOC_S01486,S01486,Income Certificate,TPL_3917,Revenue Office,2026-01-20
DOC_S01487,S01487,Income Certificate,TPL_1977,Revenue Office,2026-01-20
DOC_S01488,S01488,Income Certificate,TPL_3784,Revenue Office,2026-01-20
DOC_S01489,S01489,Income Certificate,TPL_1237,Revenue Office,2026-01-20
DOC_S01490,S01490,Income Certificate,TPL_1083,Revenue Office,2026-01-20
DOC_S01491,S01491,Income Certificate,TPL_8412,Revenue Office,2026-01-20
DOC_S01492,S01492,Income Certificate,TPL_3174,Revenue Office,2026-01-20
DOC_S01493,S01493,Income Certificate,TPL_8598,Revenue Office,2026-01-20
DOC_S01494,S01494,Income Certificate,TPL_2158,Revenue Office,2026-01-20
DOC_S01495,S01495,Income Certificate,TPL_2326,Revenue Office,2026-01-20
DOC_S01496,S01496,Income Certificate,TPL_1669,Revenue Office,2026-01-20
DOC_S01497,S01497,Income Certificate,TPL_8839,Revenue Office,2026-01-20
DOC_S01498,S01498,Income Certificate,TPL_9250,Revenue Office,2026-01-20
DOC_S01499,S01499,Income Certificate,TPL_8405,Revenue Office,2026-01-20
DOC_S01500,S01500,Income Certificate,TPL_2260,Revenue Office,2026-01-20
DOC_S01501,S01501,Income Certificate,TPL_8764,Revenue Office,2026-01-20
DOC_S01502,S01502,Income Certificate,TPL_6503,Revenue Office,2026-01-20
DOC_S01503,S01503,Income Certificate,TPL_3813,Revenue Office,2026-01-20
DOC_S01504,S01504,Income Certificate,TPL_3725,Revenue Office,2026-01-20
DOC_S01505,S01505,Income Certificate,TPL_3072,Revenue Office,2026-01-20
DOC_S01506,S01506,Income Certificate,TPL_8347,Revenue Office,2026-01-20
DOC_S01507,S01507,Income Certificate,TPL_9948,Revenue Office,2026-01-20
DOC_S01508,S01508,Income Certificate,TPL_8243,Revenue Office,2026-01-20
DOC_S01509,S01509,Income Certificate,TPL_8306,Revenue Office,2026-01-20
DOC_S01510,S01510,Income Certificate,TPL_1369,Revenue Office,2026-01-20
DOC_S01511,S01511,Income Certificate,TPL_1918,Revenue Office,2026-01-20
DOC_S01512,S01512,Income Certificate,TPL_6651,Revenue Office,2026-01-20
DOC_S01513,S01513,Income Certificate,TPL_7786,Revenue Office,2026-01-20
DOC_S01514,S01514,Income Certificate,TPL_6495,Revenue Office,2026-01-20
DOC_S01515,S01515,Income Certificate,TPL_3243,Revenue Office,2026-01-20
DOC_S01516,S01516,Income Certificate,TPL_9095,Revenue Office,2026-01-20
DOC_S01517,S01517,Income Certificate,TPL_7834,Revenue Office,2026-01-20
DOC_S01518,S01518,Income Certificate,TPL_8872,Revenue Office,2026-01-20
DOC_S01519,S01519,Income Certificate,TPL_5252,Revenue Office,2026-01-20
DOC_S01520,S01520,Income Certificate,TPL_5467,Revenue Office,2026-01-20
DOC_S01521,S01521,Income Certificate,TPL_2548,Revenue Office,2026-01-20
DOC_S01522,S01522,Income Certificate,TPL_2570,Revenue Office,2026-01-20
DOC_S01523,S01523,Income Certificate,TPL_3532,Revenue Office,2026-01-20
DOC_S01524,S01524,Income Certificate,TPL_1284,Revenue Office,2026-01-20
DOC_S01525,S01525,Income Certificate,TPL_4643,Revenue Office,2026-01-20
DOC_S01526,S01526,Income Certificate,TPL_7960,Revenue Office,2026-01-20
DOC_S01527,S01527,Income Certificate,TPL_1971,Revenue Office,2026-01-20
DOC_S01528,S01528,Income Certificate,TPL_3028,Revenue Office,2026-01-20
DOC_S01529,S01529,Income Certificate,TPL_6698,Revenue Office,2026-01-20
DOC_S01530,S01530,Income Certificate,TPL_1229,Revenue Office,2026-01-20
DOC_S01531,S01531,Income Certificate,TPL_7004,Revenue Office,2026-01-20
DOC_S01532,S01532,Income Certificate,TPL_9425,Revenue Office,2026-01-20
DOC_S01533,S01533,Income Certificate,TPL_2347,Revenue Office,2026-01-20
DOC_S01534,S01534,Income Certificate,TPL_4700,Revenue Office,2026-01-20
DOC_S01535,S01535,Income Certificate,TPL_2723,Revenue Office,2026-01-20
DOC_S01536,S01536,Income Certificate,TPL_2060,Revenue Office,2026-01-20
DOC_S01537,S01537,Income Certificate,TPL_5472,Revenue Office,2026-01-20
DOC_S01538,S01538,Income Certificate,TPL_5569,Revenue Office,2026-01-20
DOC_S01539,S01539,Income Certificate,TPL_9161,Revenue Office,2026-01-20
DOC_S01540,S01540,Income Certificate,TPL_2253,Revenue Office,2026-01-20
DOC_S01541,S01541,Income Certificate,TPL_9856,Revenue Office,2026-01-20
DOC_S01542,S01542,Income Certificate,TPL_8531,Revenue Office,2026-01-20
DOC_S01543,S01543,Income Certificate,TPL_8986,Revenue Office,2026-01-20
DOC_S01544,S01544,Income Certificate,TPL_1913,Revenue Office,2026-01-20
DOC_S01545,S01545,Income Certificate,TPL_3100,Revenue Office,2026-01-20
DOC_S01546,S01546,Income Certificate,TPL_7749,Revenue Office,2026-01-20
DOC_S01547,S01547,Income Certificate,TPL_6531,Revenue Office,2026-01-20
DOC_S01548,S01548,Income Certificate,TPL_5368,Revenue Office,2026-01-20
DOC_S01549,S01549,Income Certificate,TPL_6504,Revenue Office,2026-01-20
DOC_S01550,S01550,Income Certificate,TPL_9779,Revenue Office,2026-01-20
DOC_S01551,S01551,Income Certificate,TPL_6518,Revenue Office,2026-01-20
DOC_S01552,S01552,Income Certificate,TPL_9268,Revenue Office,2026-01-20
DOC_S01553,S01553,Income Certificate,TPL_9457,Revenue Office,2026-01-20
DOC_S01554,S01554,Income Certificate,TPL_1981,Revenue Office,2026-01-20
DOC_S01555,S01555,Income Certificate,TPL_7757,Revenue Office,2026-01-20
DOC_S01556,S01556,Income Certificate,TPL_1453,Revenue Office,2026-01-20
DOC_S01557,S01557,Income Certificate,TPL_3235,Revenue Office,2026-01-20
DOC_S01558,S01558,Income Certificate,TPL_2375,Revenue Office,2026-01-20
DOC_S01559,S01559,Income Certificate,TPL_2833,Revenue Office,2026-01-20
DOC_S01560,S01560,Income Certificate,TPL_6395,Revenue Office,2026-01-20
DOC_S01561,S01561,Income Certificate,TPL_8200,Revenue Office,2026-01-20
DOC_S01562,S01562,Income Certificate,TPL_6185,Revenue Office,2026-01-20
DOC_S01563,S01563,Income Certificate,TPL_1570,Revenue Office,2026-01-20
DOC_S01564,S01564,Income Certificate,TPL_2999,Revenue Office,2026-01-20
DOC_S01565,S01565,Income Certificate,TPL_5872,Revenue Office,2026-01-20
DOC_S01566,S01566,Income Certificate,TPL_2312,Revenue Office,2026-01-20
DOC_S01567,S01567,Income Certificate,TPL_2087,Revenue Office,2026-01-20
DOC_S01568,S01568,Income Certificate,TPL_4010,Revenue Office,2026-01-20
DOC_S01569,S01569,Income Certificate,TPL_9460,Revenue Office,2026-01-20
DOC_S01570,S01570,Income Certificate,TPL_3842,Revenue Office,2026-01-20
DOC_S01571,S01571,Income Certificate,TPL_4677,Revenue Office,2026-01-20
DOC_S01572,S01572,Income Certificate,TPL_1815,Revenue Office,2026-01-20
DOC_S01573,S01573,Income Certificate,TPL_8129,Revenue Office,2026-01-20
DOC_S01574,S01574,Income Certificate,TPL_5361,Revenue Office,2026-01-20
DOC_S01575,S01575,Income Certificate,TPL_3955,Revenue Office,2026-01-20
DOC_S01576,S01576,Income Certificate,TPL_8506,Revenue Office,2026-01-20
DOC_S01577,S01577,Income Certificate,TPL_2196,Revenue Office,2026-01-20
DOC_S01578,S01578,Income Certificate,TPL_5155,Revenue Office,2026-01-20
DOC_S01579,S01579,Income Certificate,TPL_9074,Revenue Office,2026-01-20
DOC_S01580,S01580,Income Certificate,TPL_5266,Revenue Office,2026-01-20
DOC_S01581,S01581,Income Certificate,TPL_9470,Revenue Office,2026-01-20
DOC_S01582,S01582,Income Certificate,TPL_1871,Revenue Office,2026-01-20
DOC_S01583,S01583,Income Certificate,TPL_6841,Revenue Office,2026-01-20
DOC_S01584,S01584,Income Certificate,TPL_6727,Revenue Office,2026-01-20
DOC_S01585,S01585,Income Certificate,TPL_1067,Revenue Office,2026-01-20
DOC_S01586,S01586,Income Certificate,TPL_1425,Revenue Office,2026-01-20
DOC_S01587,S01587,Income Certificate,TPL_8439,Revenue Office,2026-01-20
DOC_S01588,S01588,Income Certificate,TPL_6323,Revenue Office,2026-01-20
DOC_S01589,S01589,Income Certificate,TPL_7248,Revenue Office,2026-01-20
DOC_S01590,S01590,Income Certificate,TPL_7365,Revenue Office,2026-01-20
DOC_S01591,S01591,Income Certificate,TPL_7020,Revenue Office,2026-01-20
DOC_S01592,S01592,Income Certificate,TPL_7922,Revenue Office,2026-01-20
DOC_S01593,S01593,Income Certificate,TPL_9115,Revenue Office,2026-01-20
DOC_S01594,S01594,Income Certificate,TPL_5921,Revenue Office,2026-01-20
DOC_S01595,S01595,Income Certificate,TPL_9366,Revenue Office,2026-01-20
DOC_S01596,S01596,Income Certificate,TPL_1266,Revenue Office,2026-01-20
DOC_S01597,S01597,Income Certificate,TPL_8454,Revenue Office,2026-01-20
DOC_S01598,S01598,Income Certificate,TPL_5248,Revenue Office,2026-01-20
DOC_S01599,S01599,Income Certificate,TPL_8974,Revenue Office,2026-01-20
DOC_S01600,S01600,Income Certificate,TPL_4126,Revenue Office,2026-01-20
DOC_S01601,S01601,Income Certificate,TPL_4127,Revenue Office,2026-01-20
DOC_S01602,S01602,Income Certificate,TPL_8295,Revenue Office,2026-01-20
DOC_S01603,S01603,Income Certificate,TPL_2682,Revenue Office,2026-01-20
DOC_S01604,S01604,Income Certificate,TPL_5764,Revenue Office,2026-01-20
DOC_S01605,S01605,Income Certificate,TPL_7914,Revenue Office,2026-01-20
DOC_S01606,S01606,Income Certificate,TPL_8147,Revenue Office,2026-01-20
DOC_S01607,S01607,Income Certificate,TPL_5806,Revenue Office,2026-01-20
DOC_S01608,S01608,Income Certificate,TPL_2412,Revenue Office,2026-01-20
DOC_S01609,S01609,Income Certificate,TPL_1770,Revenue Office,2026-01-20
DOC_S01610,S01610,Income Certificate,TPL_6533,Revenue Office,2026-01-20
DOC_S01611,S01611,Income Certificate,TPL_3476,Revenue Office,2026-01-20
DOC_S01612,S01612,Income Certificate,TPL_2817,Revenue Office,2026-01-20
DOC_S01613,S01613,Income Certificate,TPL_4365,Revenue Office,2026-01-20
DOC_S01614,S01614,Income Certificate,TPL_3527,Revenue Office,2026-01-20
DOC_S01615,S01615,Income Certificate,TPL_3805,Revenue Office,2026-01-20
DOC_S01616,S01616,Income Certificate,TPL_3260,Revenue Office,2026-01-20
DOC_S01617,S01617,Income Certificate,TPL_9476,Revenue Office,2026-01-20
DOC_S01618,S01618,Income Certificate,TPL_3473,Revenue Office,2026-01-20
DOC_S01619,S01619,Income Certificate,TPL_1129,Revenue Office,2026-01-20
DOC_S01620,S01620,Income Certificate,TPL_9919,Revenue Office,2026-01-20
DOC_S01621,S01621,Income Certificate,TPL_6480,Revenue Office,2026-01-20
DOC_S01622,S01622,Income Certificate,TPL_9541,Revenue Office,2026-01-20
DOC_S01623,S01623,Income Certificate,TPL_2809,Revenue Office,2026-01-20
DOC_S01624,S01624,Income Certificate,TPL_8352,Revenue Office,2026-01-20
DOC_S01625,S01625,Income Certificate,TPL_9514,Revenue Office,2026-01-20
DOC_S01626,S01626,Income Certificate,TPL_7751,Revenue Office,2026-01-20
DOC_S01627,S01627,Income Certificate,TPL_9502,Revenue Office,2026-01-20
DOC_S01628,S01628,Income Certificate,TPL_7830,Revenue Office,2026-01-20
DOC_S01629,S01629,Income Certificate,TPL_3569,Revenue Office,2026-01-20
DOC_S01630,S01630,Income Certificate,TPL_9565,Revenue Office,2026-01-20
DOC_S01631,S01631,Income Certificate,TPL_1797,Revenue Office,2026-01-20
DOC_S01632,S01632,Income Certificate,TPL_6712,Revenue Office,2026-01-20
DOC_S01633,S01633,Income Certificate,TPL_3269,Revenue Office,2026-01-20
DOC_S01634,S01634,Income Certificate,TPL_7344,Revenue Office,2026-01-20
DOC_S01635,S01635,Income Certificate,TPL_6060,Revenue Office,2026-01-20
DOC_S01636,S01636,Income Certificate,TPL_9548,Revenue Office,2026-01-20
DOC_S01637,S01637,Income Certificate,TPL_8278,Revenue Office,2026-01-20
DOC_S01638,S01638,Income Certificate,TPL_6569,Revenue Office,2026-01-20
DOC_S01639,S01639,Income Certificate,TPL_3359,Revenue Office,2026-01-20
DOC_S01640,S01640,Income Certificate,TPL_3973,Revenue Office,2026-01-20
DOC_S01641,S01641,Income Certificate,TPL_4874,Revenue Office,2026-01-20
DOC_S01642,S01642,Income Certificate,TPL_7669,Revenue Office,2026-01-20
DOC_S01643,S01643,Income Certificate,TPL_3057,Revenue Office,2026-01-20
DOC_S01644,S01644,Income Certificate,TPL_9806,Revenue Office,2026-01-20
DOC_S01645,S01645,Income Certificate,TPL_5477,Revenue Office,2026-01-20
DOC_S01646,S01646,Income Certificate,TPL_9750,Revenue Office,2026-01-20
DOC_S01647,S01647,Income Certificate,TPL_6613,Revenue Office,2026-01-20
DOC_S01648,S01648,Income Certificate,TPL_6381,Revenue Office,2026-01-20
DOC_S01649,S01649,Income Certificate,TPL_9816,Revenue Office,2026-01-20
DOC_S01650,S01650,Income Certificate,TPL_7166,Revenue Office,2026-01-20
DOC_S01651,S01651,Income Certificate,TPL_1153,Revenue Office,2026-01-20
DOC_S01652,S01652,Income Certificate,TPL_4623,Revenue Office,2026-01-20
DOC_S01653,S01653,Income Certificate,TPL_2817,Revenue Office,2026-01-20
DOC_S01654,S01654,Income Certificate,TPL_3875,Revenue Office,2026-01-20
DOC_S01655,S01655,Income Certificate,TPL_1378,Revenue Office,2026-01-20
DOC_S01656,S01656,Income Certificate,TPL_1849,Revenue Office,2026-01-20
DOC_S01657,S01657,Income Certificate,TPL_4678,Revenue Office,2026-01-20
DOC_S01658,S01658,Income Certificate,TPL_2340,Revenue Office,2026-01-20
DOC_S01659,S01659,Income Certificate,TPL_6092,Revenue Office,2026-01-20
DOC_S01660,S01660,Income Certificate,TPL_5049,Revenue Office,2026-01-20
DOC_S01661,S01661,Income Certificate,TPL_8314,Revenue Office,2026-01-20
DOC_S01662,S01662,Income Certificate,TPL_8240,Revenue Office,2026-01-20
DOC_S01663,S01663,Income Certificate,TPL_4819,Revenue Office,2026-01-20
DOC_S01664,S01664,Income Certificate,TPL_6564,Revenue Office,2026-01-20
DOC_S01665,S01665,Income Certificate,TPL_4172,Revenue Office,2026-01-20
DOC_S01666,S01666,Income Certificate,TPL_4046,Revenue Office,2026-01-20
DOC_S01667,S01667,Income Certificate,TPL_8692,Revenue Office,2026-01-20
DOC_S01668,S01668,Income Certificate,TPL_1939,Revenue Office,2026-01-20
DOC_S01669,S01669,Income Certificate,TPL_4102,Revenue Office,2026-01-20
DOC_S01670,S01670,Income Certificate,TPL_7859,Revenue Office,2026-01-20
DOC_S01671,S01671,Income Certificate,TPL_8643,Revenue Office,2026-01-20
DOC_S01672,S01672,Income Certificate,TPL_1110,Revenue Office,2026-01-20
DOC_S01673,S01673,Income Certificate,TPL_1719,Revenue Office,2026-01-20
DOC_S01674,S01674,Income Certificate,TPL_5029,Revenue Office,2026-01-20
DOC_S01675,S01675,Income Certificate,TPL_4444,Revenue Office,2026-01-20
DOC_S01676,S01676,Income Certificate,TPL_2071,Revenue Office,2026-01-20
DOC_S01677,S01677,Income Certificate,TPL_1756,Revenue Office,2026-01-20
DOC_S01678,S01678,Income Certificate,TPL_3071,Revenue Office,2026-01-20
DOC_S01679,S01679,Income Certificate,TPL_7131,Revenue Office,2026-01-20
DOC_S01680,S01680,Income Certificate,TPL_8762,Revenue Office,2026-01-20
DOC_S01681,S01681,Income Certificate,TPL_7178,Revenue Office,2026-01-20
DOC_S01682,S01682,Income Certificate,TPL_6760,Revenue Office,2026-01-20
DOC_S01683,S01683,Income Certificate,TPL_5473,Revenue Office,2026-01-20
DOC_S01684,S01684,Income Certificate,TPL_9220,Revenue Office,2026-01-20
DOC_S01685,S01685,Income Certificate,TPL_6468,Revenue Office,2026-01-20
DOC_S01686,S01686,Income Certificate,TPL_5278,Revenue Office,2026-01-20
DOC_S01687,S01687,Income Certificate,TPL_7512,Revenue Office,2026-01-20
DOC_S01688,S01688,Income Certificate,TPL_8559,Revenue Office,2026-01-20
DOC_S01689,S01689,Income Certificate,TPL_1493,Revenue Office,2026-01-20
DOC_S01690,S01690,Income Certificate,TPL_4694,Revenue Office,2026-01-20
DOC_S01691,S01691,Income Certificate,TPL_3279,Revenue Office,2026-01-20
DOC_S01692,S01692,Income Certificate,TPL_7331,Revenue Office,2026-01-20
DOC_S01693,S01693,Income Certificate,TPL_1525,Revenue Office,2026-01-20
DOC_S01694,S01694,Income Certificate,TPL_4818,Revenue Office,2026-01-20
DOC_S01695,S01695,Income Certificate,TPL_3115,Revenue Office,2026-01-20
DOC_S01696,S01696,Income Certificate,TPL_3601,Revenue Office,2026-01-20
DOC_S01697,S01697,Income Certificate,TPL_7541,Revenue Office,2026-01-20
DOC_S01698,S01698,Income Certificate,TPL_5717,Revenue Office,2026-01-20
DOC_S01699,S01699,Income Certificate,TPL_5081,Revenue Office,2026-01-20
DOC_S01700,S01700,Income Certificate,TPL_7447,Revenue Office,2026-01-20
DOC_S01701,S01701,Income Certificate,TPL_9085,Revenue Office,2026-01-20
DOC_S01702,S01702,Income Certificate,TPL_7719,Revenue Office,2026-01-20
DOC_S01703,S01703,Income Certificate,TPL_7499,Revenue Office,2026-01-20
DOC_S01704,S01704,Income Certificate,TPL_8558,Revenue Office,2026-01-20
DOC_S01705,S01705,Income Certificate,TPL_3903,Revenue Office,2026-01-20
DOC_S01706,S01706,Income Certificate,TPL_8219,Revenue Office,2026-01-20
DOC_S01707,S01707,Income Certificate,TPL_6051,Revenue Office,2026-01-20
DOC_S01708,S01708,Income Certificate,TPL_2497,Revenue Office,2026-01-20
DOC_S01709,S01709,Income Certificate,TPL_1721,Revenue Office,2026-01-20
DOC_S01710,S01710,Income Certificate,TPL_2979,Revenue Office,2026-01-20
DOC_S01711,S01711,Income Certificate,TPL_2081,Revenue Office,2026-01-20
DOC_S01712,S01712,Income Certificate,TPL_2668,Revenue Office,2026-01-20
DOC_S01713,S01713,Income Certificate,TPL_6440,Revenue Office,2026-01-20
DOC_S01714,S01714,Income Certificate,TPL_8354,Revenue Office,2026-01-20
DOC_S01715,S01715,Income Certificate,TPL_4873,Revenue Office,2026-01-20
DOC_S01716,S01716,Income Certificate,TPL_4309,Revenue Office,2026-01-20
DOC_S01717,S01717,Income Certificate,TPL_7797,Revenue Office,2026-01-20
DOC_S01718,S01718,Income Certificate,TPL_5068,Revenue Office,2026-01-20
DOC_S01719,S01719,Income Certificate,TPL_2146,Revenue Office,2026-01-20
DOC_S01720,S01720,Income Certificate,TPL_4871,Revenue Office,2026-01-20
DOC_S01721,S01721,Income Certificate,TPL_8344,Revenue Office,2026-01-20
DOC_S01722,S01722,Income Certificate,TPL_8712,Revenue Office,2026-01-20
DOC_S01723,S01723,Income Certificate,TPL_5918,Revenue Office,2026-01-20
DOC_S01724,S01724,Income Certificate,TPL_5640,Revenue Office,2026-01-20
DOC_S01725,S01725,Income Certificate,TPL_7131,Revenue Office,2026-01-20
DOC_S01726,S01726,Income Certificate,TPL_2167,Revenue Office,2026-01-20
DOC_S01727,S01727,Income Certificate,TPL_7032,Revenue Office,2026-01-20
DOC_S01728,S01728,Income Certificate,TPL_3422,Revenue Office,2026-01-20
DOC_S01729,S01729,Income Certificate,TPL_7515,Revenue Office,2026-01-20
DOC_S01730,S01730,Income Certificate,TPL_5951,Revenue Office,2026-01-20
DOC_S01731,S01731,Income Certificate,TPL_3338,Revenue Office,2026-01-20
DOC_S01732,S01732,Income Certificate,TPL_2587,Revenue Office,2026-01-20
DOC_S01733,S01733,Income Certificate,TPL_4244,Revenue Office,2026-01-20
DOC_S01734,S01734,Income Certificate,TPL_5249,Revenue Office,2026-01-20
DOC_S01735,S01735,Income Certificate,TPL_5534,Revenue Office,2026-01-20
DOC_S01736,S01736,Income Certificate,TPL_2000,Revenue Office,2026-01-20
DOC_S01737,S01737,Income Certificate,TPL_8961,Revenue Office,2026-01-20
DOC_S01738,S01738,Income Certificate,TPL_6918,Revenue Office,2026-01-20
DOC_S01739,S01739,Income Certificate,TPL_3275,Revenue Office,2026-01-20
DOC_S01740,S01740,Income Certificate,TPL_9436,Revenue Office,2026-01-20
DOC_S01741,S01741,Income Certificate,TPL_8279,Revenue Office,2026-01-20
DOC_S01742,S01742,Income Certificate,TPL_7305,Revenue Office,2026-01-20
DOC_S01743,S01743,Income Certificate,TPL_9990,Revenue Office,2026-01-20
DOC_S01744,S01744,Income Certificate,TPL_4467,Revenue Office,2026-01-20
DOC_S01745,S01745,Income Certificate,TPL_5220,Revenue Office,2026-01-20
DOC_S01746,S01746,Income Certificate,TPL_6452,Revenue Office,2026-01-20
DOC_S01747,S01747,Income Certificate,TPL_8159,Revenue Office,2026-01-20
DOC_S01748,S01748,Income Certificate,TPL_4082,Revenue Office,2026-01-20
DOC_S01749,S01749,Income Certificate,TPL_7359,Revenue Office,2026-01-20
DOC_S01750,S01750,Income Certificate,TPL_2746,Revenue Office,2026-01-20
DOC_S01751,S01751,Income Certificate,TPL_3389,Revenue Office,2026-01-20
DOC_S01752,S01752,Income Certificate,TPL_8836,Revenue Office,2026-01-20
DOC_S01753,S01753,Income Certificate,TPL_1861,Revenue Office,2026-01-20
DOC_S01754,S01754,Income Certificate,TPL_1353,Revenue Office,2026-01-20
DOC_S01755,S01755,Income Certificate,TPL_5626,Revenue Office,2026-01-20
DOC_S01756,S01756,Income Certificate,TPL_1886,Revenue Office,2026-01-20
DOC_S01757,S01757,Income Certificate,TPL_4436,Revenue Office,2026-01-20
DOC_S01758,S01758,Income Certificate,TPL_3418,Revenue Office,2026-01-20
DOC_S01759,S01759,Income Certificate,TPL_8107,Revenue Office,2026-01-20
DOC_S01760,S01760,Income Certificate,TPL_3826,Revenue Office,2026-01-20
DOC_S01761,S01761,Income Certificate,TPL_1190,Revenue Office,2026-01-20
DOC_S01762,S01762,Income Certificate,TPL_2549,Revenue Office,2026-01-20
DOC_S01763,S01763,Income Certificate,TPL_9806,Revenue Office,2026-01-20
DOC_S01764,S01764,Income Certificate,TPL_4399,Revenue Office,2026-01-20
DOC_S01765,S01765,Income Certificate,TPL_1641,Revenue Office,2026-01-20
DOC_S01766,S01766,Income Certificate,TPL_6956,Revenue Office,2026-01-20
DOC_S01767,S01767,Income Certificate,TPL_8289,Revenue Office,2026-01-20
DOC_S01768,S01768,Income Certificate,TPL_1732,Revenue Office,2026-01-20
DOC_S01769,S01769,Income Certificate,TPL_2218,Revenue Office,2026-01-20
DOC_S01770,S01770,Income Certificate,TPL_3346,Revenue Office,2026-01-20
DOC_S01771,S01771,Income Certificate,TPL_3687,Revenue Office,2026-01-20
DOC_S01772,S01772,Income Certificate,TPL_5425,Revenue Office,2026-01-20
DOC_S01773,S01773,Income Certificate,TPL_5483,Revenue Office,2026-01-20
DOC_S01774,S01774,Income Certificate,TPL_9021,Revenue Office,2026-01-20
DOC_S01775,S01775,Income Certificate,TPL_3960,Revenue Office,2026-01-20
DOC_S01776,S01776,Income Certificate,TPL_9414,Revenue Office,2026-01-20
DOC_S01777,S01777,Income Certificate,TPL_7852,Revenue Office,2026-01-20
DOC_S01778,S01778,Income Certificate,TPL_4748,Revenue Office,2026-01-20
DOC_S01779,S01779,Income Certificate,TPL_3705,Revenue Office,2026-01-20
DOC_S01780,S01780,Income Certificate,TPL_8858,Revenue Office,2026-01-20
DOC_S01781,S01781,Income Certificate,TPL_6653,Revenue Office,2026-01-20
DOC_S01782,S01782,Income Certificate,TPL_4687,Revenue Office,2026-01-20
DOC_S01783,S01783,Income Certificate,TPL_5092,Revenue Office,2026-01-20
DOC_S01784,S01784,Income Certificate,TPL_7449,Revenue Office,2026-01-20
DOC_S01785,S01785,Income Certificate,TPL_6382,Revenue Office,2026-01-20
DOC_S01786,S01786,Income Certificate,TPL_9061,Revenue Office,2026-01-20
DOC_S01787,S01787,Income Certificate,TPL_7477,Revenue Office,2026-01-20
DOC_S01788,S01788,Income Certificate,TPL_3291,Revenue Office,2026-01-20
DOC_S01789,S01789,Income Certificate,TPL_7898,Revenue Office,2026-01-20
DOC_S01790,S01790,Income Certificate,TPL_9012,Revenue Office,2026-01-20
DOC_S01791,S01791,Income Certificate,TPL_3548,Revenue Office,2026-01-20
DOC_S01792,S01792,Income Certificate,TPL_8867,Revenue Office,2026-01-20
DOC_S01793,S01793,Income Certificate,TPL_5052,Revenue Office,2026-01-20
DOC_S01794,S01794,Income Certificate,TPL_4091,Revenue Office,2026-01-20
DOC_S01795,S01795,Income Certificate,TPL_2489,Revenue Office,2026-01-20
DOC_S01796,S01796,Income Certificate,TPL_7980,Revenue Office,2026-01-20
DOC_S01797,S01797,Income Certificate,TPL_6240,Revenue Office,2026-01-20
DOC_S01798,S01798,Income Certificate,TPL_8734,Revenue Office,2026-01-20
DOC_S01799,S01799,Income Certificate,TPL_3134,Revenue Office,2026-01-20
DOC_S01800,S01800,Income Certificate,TPL_7292,Revenue Office,2026-01-20
DOC_S01801,S01801,Income Certificate,TPL_9955,Revenue Office,2026-01-20
DOC_S01802,S01802,Income Certificate,TPL_4140,Revenue Office,2026-01-20
DOC_S01803,S01803,Income Certificate,TPL_8145,Revenue Office,2026-01-20
DOC_S01804,S01804,Income Certificate,TPL_5745,Revenue Office,2026-01-20
DOC_S01805,S01805,Income Certificate,TPL_3711,Revenue Office,2026-01-20
DOC_S01806,S01806,Income Certificate,TPL_1058,Revenue Office,2026-01-20
DOC_S01807,S01807,Income Certificate,TPL_5971,Revenue Office,2026-01-20
DOC_S01808,S01808,Income Certificate,TPL_5781,Revenue Office,2026-01-20
DOC_S01809,S01809,Income Certificate,TPL_2903,Revenue Office,2026-01-20
DOC_S01810,S01810,Income Certificate,TPL_7690,Revenue Office,2026-01-20
DOC_S01811,S01811,Income Certificate,TPL_1256,Revenue Office,2026-01-20
DOC_S01812,S01812,Income Certificate,TPL_4377,Revenue Office,2026-01-20
DOC_S01813,S01813,Income Certificate,TPL_7039,Revenue Office,2026-01-20
DOC_S01814,S01814,Income Certificate,TPL_9036,Revenue Office,2026-01-20
DOC_S01815,S01815,Income Certificate,TPL_2180,Revenue Office,2026-01-20
DOC_S01816,S01816,Income Certificate,TPL_7291,Revenue Office,2026-01-20
DOC_S01817,S01817,Income Certificate,TPL_9886,Revenue Office,2026-01-20
DOC_S01818,S01818,Income Certificate,TPL_6435,Revenue Office,2026-01-20
DOC_S01819,S01819,Income Certificate,TPL_2680,Revenue Office,2026-01-20
DOC_S01820,S01820,Income Certificate,TPL_3414,Revenue Office,2026-01-20
DOC_S01821,S01821,Income Certificate,TPL_5617,Revenue Office,2026-01-20
DOC_S01822,S01822,Income Certificate,TPL_8022,Revenue Office,2026-01-20
DOC_S01823,S01823,Income Certificate,TPL_9179,Revenue Office,2026-01-20
DOC_S01824,S01824,Income Certificate,TPL_6247,Revenue Office,2026-01-20
DOC_S01825,S01825,Income Certificate,TPL_7308,Revenue Office,2026-01-20
DOC_S01826,S01826,Income Certificate,TPL_7278,Revenue Office,2026-01-20
DOC_S01827,S01827,Income Certificate,TPL_9633,Revenue Office,2026-01-20
DOC_S01828,S01828,Income Certificate,TPL_6937,Revenue Office,2026-01-20
DOC_S01829,S01829,Income Certificate,TPL_4452,Revenue Office,2026-01-20
DOC_S01830,S01830,Income Certificate,TPL_7089,Revenue Office,2026-01-20
DOC_S01831,S01831,Income Certificate,TPL_2262,Revenue Office,2026-01-20
DOC_S01832,S01832,Income Certificate,TPL_8703,Revenue Office,2026-01-20
DOC_S01833,S01833,Income Certificate,TPL_9245,Revenue Office,2026-01-20
DOC_S01834,S01834,Income Certificate,TPL_9222,Revenue Office,2026-01-20
DOC_S01835,S01835,Income Certificate,TPL_4586,Revenue Office,2026-01-20
DOC_S01836,S01836,Income Certificate,TPL_7233,Revenue Office,2026-01-20
DOC_S01837,S01837,Income Certificate,TPL_1459,Revenue Office,2026-01-20
DOC_S01838,S01838,Income Certificate,TPL_4075,Revenue Office,2026-01-20
DOC_S01839,S01839,Income Certificate,TPL_2527,Revenue Office,2026-01-20
DOC_S01840,S01840,Income Certificate,TPL_6830,Revenue Office,2026-01-20
DOC_S01841,S01841,Income Certificate,TPL_1612,Revenue Office,2026-01-20
DOC_S01842,S01842,Income Certificate,TPL_3638,Revenue Office,2026-01-20
DOC_S01843,S01843,Income Certificate,TPL_8059,Revenue Office,2026-01-20
DOC_S01844,S01844,Income Certificate,TPL_9151,Revenue Office,2026-01-20
DOC_S01845,S01845,Income Certificate,TPL_5843,Revenue Office,2026-01-20
DOC_S01846,S01846,Income Certificate,TPL_5226,Revenue Office,2026-01-20
DOC_S01847,S01847,Income Certificate,TPL_7701,Revenue Office,2026-01-20
DOC_S01848,S01848,Income Certificate,TPL_7769,Revenue Office,2026-01-20
DOC_S01849,S01849,Income Certificate,TPL_5762,Revenue Office,2026-01-20
DOC_S01850,S01850,Income Certificate,TPL_6716,Revenue Office,2026-01-20
DOC_S01851,S01851,Income Certificate,TPL_4268,Revenue Office,2026-01-20
DOC_S01852,S01852,Income Certificate,TPL_5560,Revenue Office,2026-01-20
DOC_S01853,S01853,Income Certificate,TPL_6922,Revenue Office,2026-01-20
DOC_S01854,S01854,Income Certificate,TPL_3885,Revenue Office,2026-01-20
DOC_S01855,S01855,Income Certificate,TPL_4015,Revenue Office,2026-01-20
DOC_S01856,S01856,Income Certificate,TPL_8790,Revenue Office,2026-01-20
DOC_S01857,S01857,Income Certificate,TPL_2274,Revenue Office,2026-01-20
DOC_S01858,S01858,Income Certificate,TPL_1232,Revenue Office,2026-01-20
DOC_S01859,S01859,Income Certificate,TPL_3059,Revenue Office,2026-01-20
DOC_S01860,S01860,Income Certificate,TPL_3721,Revenue Office,2026-01-20
DOC_S01861,S01861,Income Certificate,TPL_9226,Revenue Office,2026-01-20
DOC_S01862,S01862,Income Certificate,TPL_7977,Revenue Office,2026-01-20
DOC_S01863,S01863,Income Certificate,TPL_8141,Revenue Office,2026-01-20
DOC_S01864,S01864,Income Certificate,TPL_2700,Revenue Office,2026-01-20
DOC_S01865,S01865,Income Certificate,TPL_5749,Revenue Office,2026-01-20
DOC_S01866,S01866,Income Certificate,TPL_3038,Revenue Office,2026-01-20
DOC_S01867,S01867,Income Certificate,TPL_5646,Revenue Office,2026-01-20
DOC_S01868,S01868,Income Certificate,TPL_1535,Revenue Office,2026-01-20
DOC_S01869,S01869,Income Certificate,TPL_4156,Revenue Office,2026-01-20
DOC_S01870,S01870,Income Certificate,TPL_6212,Revenue Office,2026-01-20
DOC_S01871,S01871,Income Certificate,TPL_3605,Revenue Office,2026-01-20
DOC_S01872,S01872,Income Certificate,TPL_9907,Revenue Office,2026-01-20
DOC_S01873,S01873,Income Certificate,TPL_4927,Revenue Office,2026-01-20
DOC_S01874,S01874,Income Certificate,TPL_5505,Revenue Office,2026-01-20
DOC_S01875,S01875,Income Certificate,TPL_5627,Revenue Office,2026-01-20
DOC_S01876,S01876,Income Certificate,TPL_1359,Revenue Office,2026-01-20
DOC_S01877,S01877,Income Certificate,TPL_1515,Revenue Office,2026-01-20
DOC_S01878,S01878,Income Certificate,TPL_4159,Revenue Office,2026-01-20
DOC_S01879,S01879,Income Certificate,TPL_4600,Revenue Office,2026-01-20
DOC_S01880,S01880,Income Certificate,TPL_5822,Revenue Office,2026-01-20
DOC_S01881,S01881,Income Certificate,TPL_7436,Revenue Office,2026-01-20
DOC_S01882,S01882,Income Certificate,TPL_7942,Revenue Office,2026-01-20
DOC_S01883,S01883,Income Certificate,TPL_8363,Revenue Office,2026-01-20
DOC_S01884,S01884,Income Certificate,TPL_6771,Revenue Office,2026-01-20
DOC_S01885,S01885,Income Certificate,TPL_7094,Revenue Office,2026-01-20
DOC_S01886,S01886,Income Certificate,TPL_8624,Revenue Office,2026-01-20
DOC_S01887,S01887,Income Certificate,TPL_2225,Revenue Office,2026-01-20
DOC_S01888,S01888,Income Certificate,TPL_9092,Revenue Office,2026-01-20
DOC_S01889,S01889,Income Certificate,TPL_5670,Revenue Office,2026-01-20
DOC_S01890,S01890,Income Certificate,TPL_1640,Revenue Office,2026-01-20
DOC_S01891,S01891,Income Certificate,TPL_2306,Revenue Office,2026-01-20
DOC_S01892,S01892,Income Certificate,TPL_2989,Revenue Office,2026-01-20
DOC_S01893,S01893,Income Certificate,TPL_3788,Revenue Office,2026-01-20
DOC_S01894,S01894,Income Certificate,TPL_2815,Revenue Office,2026-01-20
DOC_S01895,S01895,Income Certificate,TPL_8548,Revenue Office,2026-01-20
DOC_S01896,S01896,Income Certificate,TPL_9644,Revenue Office,2026-01-20
DOC_S01897,S01897,Income Certificate,TPL_2356,Revenue Office,2026-01-20
DOC_S01898,S01898,Income Certificate,TPL_4481,Revenue Office,2026-01-20
DOC_S01899,S01899,Income Certificate,TPL_9265,Revenue Office,2026-01-20
DOC_S01900,S01900,Income Certificate,TPL_4079,Revenue Office,2026-01-20
DOC_S01901,S01901,Income Certificate,TPL_1271,Revenue Office,2026-01-20
DOC_S01902,S01902,Income Certificate,TPL_2938,Revenue Office,2026-01-20
DOC_S01903,S01903,Income Certificate,TPL_7058,Revenue Office,2026-01-20
DOC_S01904,S01904,Income Certificate,TPL_5520,Revenue Office,2026-01-20
DOC_S01905,S01905,Income Certificate,TPL_5361,Revenue Office,2026-01-20
DOC_S01906,S01906,Income Certificate,TPL_7437,Revenue Office,2026-01-20
DOC_S01907,S01907,Income Certificate,TPL_1050,Revenue Office,2026-01-20
DOC_S01908,S01908,Income Certificate,TPL_3730,Revenue Office,2026-01-20
DOC_S01909,S01909,Income Certificate,TPL_3797,Revenue Office,2026-01-20
DOC_S01910,S01910,Income Certificate,TPL_8742,Revenue Office,2026-01-20
DOC_S01911,S01911,Income Certificate,TPL_2638,Revenue Office,2026-01-20
DOC_S01912,S01912,Income Certificate,TPL_5153,Revenue Office,2026-01-20
DOC_S01913,S01913,Income Certificate,TPL_3423,Revenue Office,2026-01-20
DOC_S01914,S01914,Income Certificate,TPL_8056,Revenue Office,2026-01-20
DOC_S01915,S01915,Income Certificate,TPL_9632,Revenue Office,2026-01-20
DOC_S01916,S01916,Income Certificate,TPL_1673,Revenue Office,2026-01-20
DOC_S01917,S01917,Income Certificate,TPL_9174,Revenue Office,2026-01-20
DOC_S01918,S01918,Income Certificate,TPL_5974,Revenue Office,2026-01-20
DOC_S01919,S01919,Income Certificate,TPL_6771,Revenue Office,2026-01-20
DOC_S01920,S01920,Income Certificate,TPL_3540,Revenue Office,2026-01-20
DOC_S01921,S01921,Income Certificate,TPL_5075,Revenue Office,2026-01-20
DOC_S01922,S01922,Income Certificate,TPL_3839,Revenue Office,2026-01-20
DOC_S01923,S01923,Income Certificate,TPL_5932,Revenue Office,2026-01-20
DOC_S01924,S01924,Income Certificate,TPL_2573,Revenue Office,2026-01-20
DOC_S01925,S01925,Income Certificate,TPL_8557,Revenue Office,2026-01-20
DOC_S01926,S01926,Income Certificate,TPL_9391,Revenue Office,2026-01-20
DOC_S01927,S01927,Income Certificate,TPL_9487,Revenue Office,2026-01-20
DOC_S01928,S01928,Income Certificate,TPL_8888,Revenue Office,2026-01-20
DOC_S01929,S01929,Income Certificate,TPL_9115,Revenue Office,2026-01-20
DOC_S01930,S01930,Income Certificate,TPL_2879,Revenue Office,2026-01-20
DOC_S01931,S01931,Income Certificate,TPL_8271,Revenue Office,2026-01-20
DOC_S01932,S01932,Income Certificate,TPL_5264,Revenue Office,2026-01-20
DOC_S01933,S01933,Income Certificate,TPL_3797,Revenue Office,2026-01-20
DOC_S01934,S01934,Income Certificate,TPL_9076,Revenue Office,2026-01-20
DOC_S01935,S01935,Income Certificate,TPL_2968,Revenue Office,2026-01-20
DOC_S01936,S01936,Income Certificate,TPL_1698,Revenue Office,2026-01-20
DOC_S01937,S01937,Income Certificate,TPL_6715,Revenue Office,2026-01-20
DOC_S01938,S01938,Income Certificate,TPL_6558,Revenue Office,2026-01-20
DOC_S01939,S01939,Income Certificate,TPL_3955,Revenue Office,2026-01-20
DOC_S01940,S01940,Income Certificate,TPL_6703,Revenue Office,2026-01-20
DOC_S01941,S01941,Income Certificate,TPL_8805,Revenue Office,2026-01-20
DOC_S01942,S01942,Income Certificate,TPL_2014,Revenue Office,2026-01-20
DOC_S01943,S01943,Income Certificate,TPL_6261,Revenue Office,2026-01-20
DOC_S01944,S01944,Income Certificate,TPL_4694,Revenue Office,2026-01-20
DOC_S01945,S01945,Income Certificate,TPL_4334,Revenue Office,2026-01-20
DOC_S01946,S01946,Income Certificate,TPL_4036,Revenue Office,2026-01-20
DOC_S01947,S01947,Income Certificate,TPL_3258,Revenue Office,2026-01-20
DOC_S01948,S01948,Income Certificate,TPL_5886,Revenue Office,2026-01-20
DOC_S01949,S01949,Income Certificate,TPL_2113,Revenue Office,2026-01-20
DOC_S01950,S01950,Income Certificate,TPL_1928,Revenue Office,2026-01-20
DOC_S01951,S01951,Income Certificate,TPL_6481,Revenue Office,2026-01-20
DOC_S01952,S01952,Income Certificate,TPL_1579,Revenue Office,2026-01-20
DOC_S01953,S01953,Income Certificate,TPL_1583,Revenue Office,2026-01-20
DOC_S01954,S01954,Income Certificate,TPL_4214,Revenue Office,2026-01-20
DOC_S01955,S01955,Income Certificate,TPL_8040,Revenue Office,2026-01-20
DOC_S01956,S01956,Income Certificate,TPL_6621,Revenue Office,2026-01-20
DOC_S01957,S01957,Income Certificate,TPL_5094,Revenue Office,2026-01-20
DOC_S01958,S01958,Income Certificate,TPL_5001,Revenue Office,2026-01-20
DOC_S01959,S01959,Income Certificate,TPL_6848,Revenue Office,2026-01-20
DOC_S01960,S01960,Income Certificate,TPL_9631,Revenue Office,2026-01-20
DOC_S01961,S01961,Income Certificate,TPL_9535,Revenue Office,2026-01-20
DOC_S01962,S01962,Income Certificate,TPL_1587,Revenue Office,2026-01-20
DOC_S01963,S01963,Income Certificate,TPL_7294,Revenue Office,2026-01-20
DOC_S01964,S01964,Income Certificate,TPL_8274,Revenue Office,2026-01-20
DOC_S01965,S01965,Income Certificate,TPL_6508,Revenue Office,2026-01-20
DOC_S01966,S01966,Income Certificate,TPL_8004,Revenue Office,2026-01-20
DOC_S01967,S01967,Income Certificate,TPL_3663,Revenue Office,2026-01-20
DOC_S01968,S01968,Income Certificate,TPL_9893,Revenue Office,2026-01-20
DOC_S01969,S01969,Income Certificate,TPL_6259,Revenue Office,2026-01-20
DOC_S01970,S01970,Income Certificate,TPL_6877,Revenue Office,2026-01-20
DOC_S01971,S01971,Income Certificate,TPL_8216,Revenue Office,2026-01-20
DOC_S01972,S01972,Income Certificate,TPL_1812,Revenue Office,2026-01-20
DOC_S01973,S01973,Income Certificate,TPL_5244,Revenue Office,2026-01-20
DOC_S01974,S01974,Income Certificate,TPL_9305,Revenue Office,2026-01-20
DOC_S01975,S01975,Income Certificate,TPL_1404,Revenue Office,2026-01-20
DOC_S01976,S01976,Income Certificate,TPL_3626,Revenue Office,2026-01-20
DOC_S01977,S01977,Income Certificate,TPL_6636,Revenue Office,2026-01-20
DOC_S01978,S01978,Income Certificate,TPL_4679,Revenue Office,2026-01-20
DOC_S01979,S01979,Income Certificate,TPL_8225,Revenue Office,2026-01-20
DOC_S01980,S01980,Income Certificate,TPL_4782,Revenue Office,2026-01-20
DOC_S01981,S01981,Income Certificate,TPL_6935,Revenue Office,2026-01-20
DOC_S01982,S01982,Income Certificate,TPL_5013,Revenue Office,2026-01-20
DOC_S01983,S01983,Income Certificate,TPL_7898,Revenue Office,2026-01-20
DOC_S01984,S01984,Income Certificate,TPL_7858,Revenue Office,2026-01-20
DOC_S01985,S01985,Income Certificate,TPL_9436,Revenue Office,2026-01-20
DOC_S01986,S01986,Income Certificate,TPL_5806,Revenue Office,2026-01-20
DOC_S01987,S01987,Income Certificate,TPL_8368,Revenue Office,2026-01-20
DOC_S01988,S01988,Income Certificate,TPL_9345,Revenue Office,2026-01-20
DOC_S01989,S01989,Income Certificate,TPL_5576,Revenue Office,2026-01-20
DOC_S01990,S01990,Income Certificate,TPL_9326,Revenue Office,2026-01-20
DOC_S01991,S01991,Income Certificate,TPL_9505,Revenue Office,2026-01-20
DOC_S01992,S01992,Income Certificate,TPL_5486,Revenue Office,2026-01-20
DOC_S01993,S01993,Income Certificate,TPL_4388,Revenue Office,2026-01-20
DOC_S01994,S01994,Income Certificate,TPL_9001,Revenue Office,2026-01-20
DOC_S01995,S01995,Income Certificate,TPL_5832,Revenue Office,2026-01-20
DOC_S01996,S01996,Income Certificate,TPL_2908,Revenue Office,2026-01-20
DOC_S01997,S01997,Income Certificate,TPL_9402,Revenue Office,2026-01-20
DOC_S01998,S01998,Income Certificate,TPL_4119,Revenue Office,2026-01-20
DOC_S01999,S01999,Income Certificate,TPL_5346,Revenue Office,2026-01-20
DOC_S02000,S02000,Income Certificate,TPL_9459,Revenue Office,2026-01-20
DOC_S02001,S02001,Income Certificate,TPL_7230,Revenue Office,2026-01-20
DOC_S02002,S02002,Income Certificate,TPL_9031,Revenue Office,2026-01-20
DOC_S02003,S02003,Income Certificate,TPL_6331,Revenue Office,2026-01-20
DOC_S02004,S02004,Income Certificate,TPL_3098,Revenue Office,2026-01-20
DOC_S02005,S02005,Income Certificate,TPL_1996,Revenue Office,2026-01-20
DOC_S02006,S02006,Income Certificate,TPL_7531,Revenue Office,2026-01-20
DOC_S02007,S02007,Income Certificate,TPL_3728,Revenue Office,2026-01-20
DOC_S02008,S02008,Income Certificate,TPL_7212,Revenue Office,2026-01-20
DOC_S02009,S02009,Income Certificate,TPL_9773,Revenue Office,2026-01-20
DOC_S02010,S02010,Income Certificate,TPL_4532,Revenue Office,2026-01-20
DOC_S02011,S02011,Income Certificate,TPL_3571,Revenue Office,2026-01-20
DOC_S02012,S02012,Income Certificate,TPL_7565,Revenue Office,2026-01-20
DOC_S02013,S02013,Income Certificate,TPL_3487,Revenue Office,2026-01-20
DOC_S02014,S02014,Income Certificate,TPL_5950,Revenue Office,2026-01-20
DOC_S02015,S02015,Income Certificate,TPL_5563,Revenue Office,2026-01-20
DOC_S02016,S02016,Income Certificate,TPL_7106,Revenue Office,2026-01-20
DOC_S02017,S02017,Income Certificate,TPL_2785,Revenue Office,2026-01-20
DOC_S02018,S02018,Income Certificate,TPL_5095,Revenue Office,2026-01-20
DOC_S02019,S02019,Income Certificate,TPL_6535,Revenue Office,2026-01-20
DOC_S02020,S02020,Income Certificate,TPL_9007,Revenue Office,2026-01-20
DOC_S02021,S02021,Income Certificate,TPL_3085,Revenue Office,2026-01-20
DOC_S02022,S02022,Income Certificate,TPL_1639,Revenue Office,2026-01-20
DOC_S02023,S02023,Income Certificate,TPL_5820,Revenue Office,2026-01-20
DOC_S02024,S02024,Income Certificate,TPL_3318,Revenue Office,2026-01-20
DOC_S02025,S02025,Income Certificate,TPL_3690,Revenue Office,2026-01-20
DOC_S02026,S02026,Income Certificate,TPL_1091,Revenue Office,2026-01-20
DOC_S02027,S02027,Income Certificate,TPL_2093,Revenue Office,2026-01-20
DOC_S02028,S02028,Income Certificate,TPL_6009,Revenue Office,2026-01-20
DOC_S02029,S02029,Income Certificate,TPL_5587,Revenue Office,2026-01-20
DOC_S02030,S02030,Income Certificate,TPL_4429,Revenue Office,2026-01-20
DOC_S02031,S02031,Income Certificate,TPL_2274,Revenue Office,2026-01-20
DOC_S02032,S02032,Income Certificate,TPL_9198,Revenue Office,2026-01-20
DOC_S02033,S02033,Income Certificate,TPL_9694,Revenue Office,2026-01-20
DOC_S02034,S02034,Income Certificate,TPL_8235,Revenue Office,2026-01-20
DOC_S02035,S02035,Income Certificate,TPL_6668,Revenue Office,2026-01-20
DOC_S02036,S02036,Income Certificate,TPL_4208,Revenue Office,2026-01-20
DOC_S02037,S02037,Income Certificate,TPL_1549,Revenue Office,2026-01-20
DOC_S02038,S02038,Income Certificate,TPL_1498,Revenue Office,2026-01-20
DOC_S02039,S02039,Income Certificate,TPL_2702,Revenue Office,2026-01-20
DOC_S02040,S02040,Income Certificate,TPL_2356,Revenue Office,2026-01-20
DOC_S02041,S02041,Income Certificate,TPL_6450,Revenue Office,2026-01-20
DOC_S02042,S02042,Income Certificate,TPL_7605,Revenue Office,2026-01-20
DOC_S02043,S02043,Income Certificate,TPL_1729,Revenue Office,2026-01-20
DOC_S02044,S02044,Income Certificate,TPL_6098,Revenue Office,2026-01-20
DOC_S02045,S02045,Income Certificate,TPL_3990,Revenue Office,2026-01-20
DOC_S02046,S02046,Income Certificate,TPL_8542,Revenue Office,2026-01-20
DOC_S02047,S02047,Income Certificate,TPL_3916,Revenue Office,2026-01-20
DOC_S02048,S02048,Income Certificate,TPL_5249,Revenue Office,2026-01-20
DOC_S02049,S02049,Income Certificate,TPL_7318,Revenue Office,2026-01-20
DOC_S02050,S02050,Income Certificate,TPL_4398,Revenue Office,2026-01-20
DOC_S02051,S02051,Income Certificate,TPL_2889,Revenue Office,2026-01-20
DOC_S02052,S02052,Income Certificate,TPL_7191,Revenue Office,2026-01-20
DOC_S02053,S02053,Income Certificate,TPL_2641,Revenue Office,2026-01-20
DOC_S02054,S02054,Income Certificate,TPL_8478,Revenue Office,2026-01-20
DOC_S02055,S02055,Income Certificate,TPL_7572,Revenue Office,2026-01-20
DOC_S02056,S02056,Income Certificate,TPL_7565,Revenue Office,2026-01-20
DOC_S02057,S02057,Income Certificate,TPL_1881,Revenue Office,2026-01-20
DOC_S02058,S02058,Income Certificate,TPL_3416,Revenue Office,2026-01-20
DOC_S02059,S02059,Income Certificate,TPL_7131,Revenue Office,2026-01-20
DOC_S02060,S02060,Income Certificate,TPL_8593,Revenue Office,2026-01-20
DOC_S02061,S02061,Income Certificate,TPL_9750,Revenue Office,2026-01-20
DOC_S02062,S02062,Income Certificate,TPL_6935,Revenue Office,2026-01-20
DOC_S02063,S02063,Income Certificate,TPL_5946,Revenue Office,2026-01-20
DOC_S02064,S02064,Income Certificate,TPL_8875,Revenue Office,2026-01-20
DOC_S02065,S02065,Income Certificate,TPL_7626,Revenue Office,2026-01-20
DOC_S02066,S02066,Income Certificate,TPL_1189,Revenue Office,2026-01-20
DOC_S02067,S02067,Income Certificate,TPL_9225,Revenue Office,2026-01-20
DOC_S02068,S02068,Income Certificate,TPL_2310,Revenue Office,2026-01-20
DOC_S02069,S02069,Income Certificate,TPL_2991,Revenue Office,2026-01-20
DOC_S02070,S02070,Income Certificate,TPL_1385,Revenue Office,2026-01-20
DOC_S02071,S02071,Income Certificate,TPL_1599,Revenue Office,2026-01-20
DOC_S02072,S02072,Income Certificate,TPL_9084,Revenue Office,2026-01-20
DOC_S02073,S02073,Income Certificate,TPL_3404,Revenue Office,2026-01-20
DOC_S02074,S02074,Income Certificate,TPL_7565,Revenue Office,2026-01-20
DOC_S02075,S02075,Income Certificate,TPL_4993,Revenue Office,2026-01-20
DOC_S02076,S02076,Income Certificate,TPL_5535,Revenue Office,2026-01-20
DOC_S02077,S02077,Income Certificate,TPL_3126,Revenue Office,2026-01-20
DOC_S02078,S02078,Income Certificate,TPL_4621,Revenue Office,2026-01-20
DOC_S02079,S02079,Income Certificate,TPL_1205,Revenue Office,2026-01-20
DOC_S02080,S02080,Income Certificate,TPL_4451,Revenue Office,2026-01-20
DOC_S02081,S02081,Income Certificate,TPL_4400,Revenue Office,2026-01-20
DOC_S02082,S02082,Income Certificate,TPL_3554,Revenue Office,2026-01-20
DOC_S02083,S02083,Income Certificate,TPL_7148,Revenue Office,2026-01-20
DOC_S02084,S02084,Income Certificate,TPL_5740,Revenue Office,2026-01-20
DOC_S02085,S02085,Income Certificate,TPL_2730,Revenue Office,2026-01-20
DOC_S02086,S02086,Income Certificate,TPL_5690,Revenue Office,2026-01-20
DOC_S02087,S02087,Income Certificate,TPL_2610,Revenue Office,2026-01-20
DOC_S02088,S02088,Income Certificate,TPL_3270,Revenue Office,2026-01-20
DOC_S02089,S02089,Income Certificate,TPL_7066,Revenue Office,2026-01-20
DOC_S02090,S02090,Income Certificate,TPL_3870,Revenue Office,2026-01-20
DOC_S02091,S02091,Income Certificate,TPL_4963,Revenue Office,2026-01-20
DOC_S02092,S02092,Income Certificate,TPL_5011,Revenue Office,2026-01-20
DOC_S02093,S02093,Income Certificate,TPL_9803,Revenue Office,2026-01-20
DOC_S02094,S02094,Income Certificate,TPL_5799,Revenue Office,2026-01-20
DOC_S02095,S02095,Income Certificate,TPL_2831,Revenue Office,2026-01-20
DOC_S02096,S02096,Income Certificate,TPL_5333,Revenue Office,2026-01-20
DOC_S02097,S02097,Income Certificate,TPL_8378,Revenue Office,2026-01-20
DOC_S02098,S02098,Income Certificate,TPL_4621,Revenue Office,2026-01-20
DOC_S02099,S02099,Income Certificate,TPL_5831,Revenue Office,2026-01-20
DOC_S02100,S02100,Income Certificate,TPL_4467,Revenue Office,2026-01-20
DOC_S02101,S02101,Income Certificate,TPL_3553,Revenue Office,2026-01-20
DOC_S02102,S02102,Income Certificate,TPL_8897,Revenue Office,2026-01-20
DOC_S02103,S02103,Income Certificate,TPL_2959,Revenue Office,2026-01-20
DOC_S02104,S02104,Income Certificate,TPL_6956,Revenue Office,2026-01-20
DOC_S02105,S02105,Income Certificate,TPL_5009,Revenue Office,2026-01-20
DOC_S02106,S02106,Income Certificate,TPL_1659,Revenue Office,2026-01-20
DOC_S02107,S02107,Income Certificate,TPL_4728,Revenue Office,2026-01-20
DOC_S02108,S02108,Income Certificate,TPL_2196,Revenue Office,2026-01-20
DOC_S02109,S02109,Income Certificate,TPL_8041,Revenue Office,2026-01-20
DOC_S02110,S02110,Income Certificate,TPL_1008,Revenue Office,2026-01-20
DOC_S02111,S02111,Income Certificate,TPL_9719,Revenue Office,2026-01-20
DOC_S02112,S02112,Income Certificate,TPL_8988,Revenue Office,2026-01-20
DOC_S02113,S02113,Income Certificate,TPL_9824,Revenue Office,2026-01-20
DOC_S02114,S02114,Income Certificate,TPL_9690,Revenue Office,2026-01-20
DOC_S02115,S02115,Income Certificate,TPL_3814,Revenue Office,2026-01-20
DOC_S02116,S02116,Income Certificate,TPL_4747,Revenue Office,2026-01-20
DOC_S02117,S02117,Income Certificate,TPL_7447,Revenue Office,2026-01-20
DOC_S02118,S02118,Income Certificate,TPL_5492,Revenue Office,2026-01-20
DOC_S02119,S02119,Income Certificate,TPL_4522,Revenue Office,2026-01-20
DOC_S02120,S02120,Income Certificate,TPL_8698,Revenue Office,2026-01-20
DOC_S02121,S02121,Income Certificate,TPL_2661,Revenue Office,2026-01-20
DOC_S02122,S02122,Income Certificate,TPL_2212,Revenue Office,2026-01-20
DOC_S02123,S02123,Income Certificate,TPL_5017,Revenue Office,2026-01-20
DOC_S02124,S02124,Income Certificate,TPL_6143,Revenue Office,2026-01-20
DOC_S02125,S02125,Income Certificate,TPL_5243,Revenue Office,2026-01-20
DOC_S02126,S02126,Income Certificate,TPL_1786,Revenue Office,2026-01-20
DOC_S02127,S02127,Income Certificate,TPL_2099,Revenue Office,2026-01-20
DOC_S02128,S02128,Income Certificate,TPL_8675,Revenue Office,2026-01-20
DOC_S02129,S02129,Income Certificate,TPL_3976,Revenue Office,2026-01-20
DOC_S02130,S02130,Income Certificate,TPL_7388,Revenue Office,2026-01-20
DOC_S02131,S02131,Income Certificate,TPL_6810,Revenue Office,2026-01-20
DOC_S02132,S02132,Income Certificate,TPL_1429,Revenue Office,2026-01-20
DOC_S02133,S02133,Income Certificate,TPL_5963,Revenue Office,2026-01-20
DOC_S02134,S02134,Income Certificate,TPL_1416,Revenue Office,2026-01-20
DOC_S02135,S02135,Income Certificate,TPL_3868,Revenue Office,2026-01-20
DOC_S02136,S02136,Income Certificate,TPL_6191,Revenue Office,2026-01-20
DOC_S02137,S02137,Income Certificate,TPL_7558,Revenue Office,2026-01-20
DOC_S02138,S02138,Income Certificate,TPL_4757,Revenue Office,2026-01-20
DOC_S02139,S02139,Income Certificate,TPL_1151,Revenue Office,2026-01-20
DOC_S02140,S02140,Income Certificate,TPL_7089,Revenue Office,2026-01-20
DOC_S02141,S02141,Income Certificate,TPL_3660,Revenue Office,2026-01-20
DOC_S02142,S02142,Income Certificate,TPL_6432,Revenue Office,2026-01-20
DOC_S02143,S02143,Income Certificate,TPL_2509,Revenue Office,2026-01-20
DOC_S02144,S02144,Income Certificate,TPL_6102,Revenue Office,2026-01-20
DOC_S02145,S02145,Income Certificate,TPL_4215,Revenue Office,2026-01-20
DOC_S02146,S02146,Income Certificate,TPL_5625,Revenue Office,2026-01-20
DOC_S02147,S02147,Income Certificate,TPL_9518,Revenue Office,2026-01-20
DOC_S02148,S02148,Income Certificate,TPL_1560,Revenue Office,2026-01-20
DOC_S02149,S02149,Income Certificate,TPL_7500,Revenue Office,2026-01-20
DOC_S02150,S02150,Income Certificate,TPL_8407,Revenue Office,2026-01-20
DOC_S02151,S02151,Income Certificate,TPL_5182,Revenue Office,2026-01-20
DOC_S02152,S02152,Income Certificate,TPL_5306,Revenue Office,2026-01-20
DOC_S02153,S02153,Income Certificate,TPL_5844,Revenue Office,2026-01-20
DOC_S02154,S02154,Income Certificate,TPL_7513,Revenue Office,2026-01-20
DOC_S02155,S02155,Income Certificate,TPL_3486,Revenue Office,2026-01-20
DOC_S02156,S02156,Income Certificate,TPL_3732,Revenue Office,2026-01-20
DOC_S02157,S02157,Income Certificate,TPL_1801,Revenue Office,2026-01-20
DOC_S02158,S02158,Income Certificate,TPL_1005,Revenue Office,2026-01-20
DOC_S02159,S02159,Income Certificate,TPL_3625,Revenue Office,2026-01-20
DOC_S02160,S02160,Income Certificate,TPL_5072,Revenue Office,2026-01-20
DOC_S02161,S02161,Income Certificate,TPL_4372,Revenue Office,2026-01-20
DOC_S02162,S02162,Income Certificate,TPL_9589,Revenue Office,2026-01-20
DOC_S02163,S02163,Income Certificate,TPL_2153,Revenue Office,2026-01-20
DOC_S02164,S02164,Income Certificate,TPL_7978,Revenue Office,2026-01-20
DOC_S02165,S02165,Income Certificate,TPL_9102,Revenue Office,2026-01-20
DOC_S02166,S02166,Income Certificate,TPL_9320,Revenue Office,2026-01-20
DOC_S02167,S02167,Income Certificate,TPL_8106,Revenue Office,2026-01-20
DOC_S02168,S02168,Income Certificate,TPL_1689,Revenue Office,2026-01-20
DOC_S02169,S02169,Income Certificate,TPL_1653,Revenue Office,2026-01-20
DOC_S02170,S02170,Income Certificate,TPL_1420,Revenue Office,2026-01-20
DOC_S02171,S02171,Income Certificate,TPL_6636,Revenue Office,2026-01-20
DOC_S02172,S02172,Income Certificate,TPL_3631,Revenue Office,2026-01-20
DOC_S02173,S02173,Income Certificate,TPL_6763,Revenue Office,2026-01-20
DOC_S02174,S02174,Income Certificate,TPL_6126,Revenue Office,2026-01-20
DOC_S02175,S02175,Income Certificate,TPL_3608,Revenue Office,2026-01-20
DOC_S02176,S02176,Income Certificate,TPL_9818,Revenue Office,2026-01-20
DOC_S02177,S02177,Income Certificate,TPL_6796,Revenue Office,2026-01-20
DOC_S02178,S02178,Income Certificate,TPL_8250,Revenue Office,2026-01-20
DOC_S02179,S02179,Income Certificate,TPL_8214,Revenue Office,2026-01-20
DOC_S02180,S02180,Income Certificate,TPL_8191,Revenue Office,2026-01-20
DOC_S02181,S02181,Income Certificate,TPL_6963,Revenue Office,2026-01-20
DOC_S02182,S02182,Income Certificate,TPL_3203,Revenue Office,2026-01-20
DOC_S02183,S02183,Income Certificate,TPL_6707,Revenue Office,2026-01-20
DOC_S02184,S02184,Income Certificate,TPL_8540,Revenue Office,2026-01-20
DOC_S02185,S02185,Income Certificate,TPL_6695,Revenue Office,2026-01-20
DOC_S02186,S02186,Income Certificate,TPL_1451,Revenue Office,2026-01-20
DOC_S02187,S02187,Income Certificate,TPL_6415,Revenue Office,2026-01-20
DOC_S02188,S02188,Income Certificate,TPL_1867,Revenue Office,2026-01-20
DOC_S02189,S02189,Income Certificate,TPL_5076,Revenue Office,2026-01-20
DOC_S02190,S02190,Income Certificate,TPL_6436,Revenue Office,2026-01-20
DOC_S02191,S02191,Income Certificate,TPL_3998,Revenue Office,2026-01-20
DOC_S02192,S02192,Income Certificate,TPL_7576,Revenue Office,2026-01-20
DOC_S02193,S02193,Income Certificate,TPL_2564,Revenue Office,2026-01-20
DOC_S02194,S02194,Income Certificate,TPL_3824,Revenue Office,2026-01-20
DOC_S02195,S02195,Income Certificate,TPL_3898,Revenue Office,2026-01-20
DOC_S02196,S02196,Income Certificate,TPL_2970,Revenue Office,2026-01-20
DOC_S02197,S02197,Income Certificate,TPL_6527,Revenue Office,2026-01-20
DOC_S02198,S02198,Income Certificate,TPL_6543,Revenue Office,2026-01-20
DOC_S02199,S02199,Income Certificate,TPL_2618,Revenue Office,2026-01-20
DOC_S02200,S02200,Income Certificate,TPL_3219,Revenue Office,2026-01-20
DOC_S02201,S02201,Income Certificate,TPL_6267,Revenue Office,2026-01-20
DOC_S02202,S02202,Income Certificate,TPL_1682,Revenue Office,2026-01-20
DOC_S02203,S02203,Income Certificate,TPL_1458,Revenue Office,2026-01-20
DOC_S02204,S02204,Income Certificate,TPL_9329,Revenue Office,2026-01-20
DOC_S02205,S02205,Income Certificate,TPL_2195,Revenue Office,2026-01-20
DOC_S02206,S02206,Income Certificate,TPL_5758,Revenue Office,2026-01-20
DOC_S02207,S02207,Income Certificate,TPL_5033,Revenue Office,2026-01-20
DOC_S02208,S02208,Income Certificate,TPL_1167,Revenue Office,2026-01-20
DOC_S02209,S02209,Income Certificate,TPL_1684,Revenue Office,2026-01-20
DOC_S02210,S02210,Income Certificate,TPL_9004,Revenue Office,2026-01-20
DOC_S02211,S02211,Income Certificate,TPL_5284,Revenue Office,2026-01-20
DOC_S02212,S02212,Income Certificate,TPL_3082,Revenue Office,2026-01-20
DOC_S02213,S02213,Income Certificate,TPL_4960,Revenue Office,2026-01-20
DOC_S02214,S02214,Income Certificate,TPL_4096,Revenue Office,2026-01-20
DOC_S02215,S02215,Income Certificate,TPL_1924,Revenue Office,2026-01-20
DOC_S02216,S02216,Income Certificate,TPL_8190,Revenue Office,2026-01-20
DOC_S02217,S02217,Income Certificate,TPL_7716,Revenue Office,2026-01-20
DOC_S02218,S02218,Income Certificate,TPL_2700,Revenue Office,2026-01-20
DOC_S02219,S02219,Income Certificate,TPL_2211,Revenue Office,2026-01-20
DOC_S02220,S02220,Income Certificate,TPL_4893,Revenue Office,2026-01-20
DOC_S02221,S02221,Income Certificate,TPL_4667,Revenue Office,2026-01-20
DOC_S02222,S02222,Income Certificate,TPL_5912,Revenue Office,2026-01-20
DOC_S02223,S02223,Income Certificate,TPL_7899,Revenue Office,2026-01-20
DOC_S02224,S02224,Income Certificate,TPL_3180,Revenue Office,2026-01-20
DOC_S02225,S02225,Income Certificate,TPL_6028,Revenue Office,2026-01-20
DOC_S02226,S02226,Income Certificate,TPL_4558,Revenue Office,2026-01-20
DOC_S02227,S02227,Income Certificate,TPL_3823,Revenue Office,2026-01-20
DOC_S02228,S02228,Income Certificate,TPL_3468,Revenue Office,2026-01-20
DOC_S02229,S02229,Income Certificate,TPL_2590,Revenue Office,2026-01-20
DOC_S02230,S02230,Income Certificate,TPL_3467,Revenue Office,2026-01-20
DOC_S02231,S02231,Income Certificate,TPL_5968,Revenue Office,2026-01-20
DOC_S02232,S02232,Income Certificate,TPL_3593,Revenue Office,2026-01-20
DOC_S02233,S02233,Income Certificate,TPL_1645,Revenue Office,2026-01-20
DOC_S02234,S02234,Income Certificate,TPL_8224,Revenue Office,2026-01-20
DOC_S02235,S02235,Income Certificate,TPL_3210,Revenue Office,2026-01-20
DOC_S02236,S02236,Income Certificate,TPL_2361,Revenue Office,2026-01-20
DOC_S02237,S02237,Income Certificate,TPL_9526,Revenue Office,2026-01-20
DOC_S02238,S02238,Income Certificate,TPL_5310,Revenue Office,2026-01-20
DOC_S02239,S02239,Income Certificate,TPL_3140,Revenue Office,2026-01-20
DOC_S02240,S02240,Income Certificate,TPL_7226,Revenue Office,2026-01-20
DOC_S02241,S02241,Income Certificate,TPL_5285,Revenue Office,2026-01-20
DOC_S02242,S02242,Income Certificate,TPL_9336,Revenue Office,2026-01-20
DOC_S02243,S02243,Income Certificate,TPL_2431,Revenue Office,2026-01-20
DOC_S02244,S02244,Income Certificate,TPL_2733,Revenue Office,2026-01-20
DOC_S02245,S02245,Income Certificate,TPL_4818,Revenue Office,2026-01-20
DOC_S02246,S02246,Income Certificate,TPL_9115,Revenue Office,2026-01-20
DOC_S02247,S02247,Income Certificate,TPL_4239,Revenue Office,2026-01-20
DOC_S02248,S02248,Income Certificate,TPL_4083,Revenue Office,2026-01-20
DOC_S02249,S02249,Income Certificate,TPL_4575,Revenue Office,2026-01-20
DOC_S02250,S02250,Income Certificate,TPL_5611,Revenue Office,2026-01-20
DOC_S02251,S02251,Income Certificate,TPL_2445,Revenue Office,2026-01-20
DOC_S02252,S02252,Income Certificate,TPL_8385,Revenue Office,2026-01-20
DOC_S02253,S02253,Income Certificate,TPL_3794,Revenue Office,2026-01-20
DOC_S02254,S02254,Income Certificate,TPL_3501,Revenue Office,2026-01-20
DOC_S02255,S02255,Income Certificate,TPL_1228,Revenue Office,2026-01-20
DOC_S02256,S02256,Income Certificate,TPL_3455,Revenue Office,2026-01-20
DOC_S02257,S02257,Income Certificate,TPL_8128,Revenue Office,2026-01-20
DOC_S02258,S02258,Income Certificate,TPL_5740,Revenue Office,2026-01-20
DOC_S02259,S02259,Income Certificate,TPL_8028,Revenue Office,2026-01-20
DOC_S02260,S02260,Income Certificate,TPL_7054,Revenue Office,2026-01-20
DOC_S02261,S02261,Income Certificate,TPL_5596,Revenue Office,2026-01-20
DOC_S02262,S02262,Income Certificate,TPL_4750,Revenue Office,2026-01-20
DOC_S02263,S02263,Income Certificate,TPL_3430,Revenue Office,2026-01-20
DOC_S02264,S02264,Income Certificate,TPL_7382,Revenue Office,2026-01-20
DOC_S02265,S02265,Income Certificate,TPL_6361,Revenue Office,2026-01-20
DOC_S02266,S02266,Income Certificate,TPL_4277,Revenue Office,2026-01-20
DOC_S02267,S02267,Income Certificate,TPL_9259,Revenue Office,2026-01-20
DOC_S02268,S02268,Income Certificate,TPL_1414,Revenue Office,2026-01-20
DOC_S02269,S02269,Income Certificate,TPL_6146,Revenue Office,2026-01-20
DOC_S02270,S02270,Income Certificate,TPL_3105,Revenue Office,2026-01-20
DOC_S02271,S02271,Income Certificate,TPL_1417,Revenue Office,2026-01-20
DOC_S02272,S02272,Income Certificate,TPL_5635,Revenue Office,2026-01-20
DOC_S02273,S02273,Income Certificate,TPL_2675,Revenue Office,2026-01-20
DOC_S02274,S02274,Income Certificate,TPL_2139,Revenue Office,2026-01-20
DOC_S02275,S02275,Income Certificate,TPL_3606,Revenue Office,2026-01-20
DOC_S02276,S02276,Income Certificate,TPL_1859,Revenue Office,2026-01-20
DOC_S02277,S02277,Income Certificate,TPL_7349,Revenue Office,2026-01-20
DOC_S02278,S02278,Income Certificate,TPL_2113,Revenue Office,2026-01-20
DOC_S02279,S02279,Income Certificate,TPL_3689,Revenue Office,2026-01-20
DOC_S02280,S02280,Income Certificate,TPL_3619,Revenue Office,2026-01-20
DOC_S02281,S02281,Income Certificate,TPL_8299,Revenue Office,2026-01-20
DOC_S02282,S02282,Income Certificate,TPL_2748,Revenue Office,2026-01-20
DOC_S02283,S02283,Income Certificate,TPL_6913,Revenue Office,2026-01-20
DOC_S02284,S02284,Income Certificate,TPL_4545,Revenue Office,2026-01-20
DOC_S02285,S02285,Income Certificate,TPL_9055,Revenue Office,2026-01-20
DOC_S02286,S02286,Income Certificate,TPL_1511,Revenue Office,2026-01-20
DOC_S02287,S02287,Income Certificate,TPL_1877,Revenue Office,2026-01-20
DOC_S02288,S02288,Income Certificate,TPL_5873,Revenue Office,2026-01-20
DOC_S02289,S02289,Income Certificate,TPL_3860,Revenue Office,2026-01-20
DOC_S02290,S02290,Income Certificate,TPL_2036,Revenue Office,2026-01-20
DOC_S02291,S02291,Income Certificate,TPL_3867,Revenue Office,2026-01-20
DOC_S02292,S02292,Income Certificate,TPL_5379,Revenue Office,2026-01-20
DOC_S02293,S02293,Income Certificate,TPL_4793,Revenue Office,2026-01-20
DOC_S02294,S02294,Income Certificate,TPL_9922,Revenue Office,2026-01-20
DOC_S02295,S02295,Income Certificate,TPL_8659,Revenue Office,2026-01-20
DOC_S02296,S02296,Income Certificate,TPL_2416,Revenue Office,2026-01-20
DOC_S02297,S02297,Income Certificate,TPL_9296,Revenue Office,2026-01-20
DOC_S02298,S02298,Income Certificate,TPL_3285,Revenue Office,2026-01-20
DOC_S02299,S02299,Income Certificate,TPL_2700,Revenue Office,2026-01-20
DOC_S02300,S02300,Income Certificate,TPL_9014,Revenue Office,2026-01-20
DOC_S02301,S02301,Income Certificate,TPL_2743,Revenue Office,2026-01-20
DOC_S02302,S02302,Income Certificate,TPL_9113,Revenue Office,2026-01-20
DOC_S02303,S02303,Income Certificate,TPL_1385,Revenue Office,2026-01-20
DOC_S02304,S02304,Income Certificate,TPL_6857,Revenue Office,2026-01-20
DOC_S02305,S02305,Income Certificate,TPL_1686,Revenue Office,2026-01-20
DOC_S02306,S02306,Income Certificate,TPL_9831,Revenue Office,2026-01-20
DOC_S02307,S02307,Income Certificate,TPL_2422,Revenue Office,2026-01-20
DOC_S02308,S02308,Income Certificate,TPL_7223,Revenue Office,2026-01-20
DOC_S02309,S02309,Income Certificate,TPL_3103,Revenue Office,2026-01-20
DOC_S02310,S02310,Income Certificate,TPL_7359,Revenue Office,2026-01-20
DOC_S02311,S02311,Income Certificate,TPL_5756,Revenue Office,2026-01-20
DOC_S02312,S02312,Income Certificate,TPL_1093,Revenue Office,2026-01-20
DOC_S02313,S02313,Income Certificate,TPL_8285,Revenue Office,2026-01-20
DOC_S02314,S02314,Income Certificate,TPL_9128,Revenue Office,2026-01-20
DOC_S02315,S02315,Income Certificate,TPL_1549,Revenue Office,2026-01-20
DOC_S02316,S02316,Income Certificate,TPL_7575,Revenue Office,2026-01-20
DOC_S02317,S02317,Income Certificate,TPL_7116,Revenue Office,2026-01-20
DOC_S02318,S02318,Income Certificate,TPL_4316,Revenue Office,2026-01-20
DOC_S02319,S02319,Income Certificate,TPL_9692,Revenue Office,2026-01-20
DOC_S02320,S02320,Income Certificate,TPL_8843,Revenue Office,2026-01-20
DOC_S02321,S02321,Income Certificate,TPL_2114,Revenue Office,2026-01-20
DOC_S02322,S02322,Income Certificate,TPL_4692,Revenue Office,2026-01-20
DOC_S02323,S02323,Income Certificate,TPL_8369,Revenue Office,2026-01-20
DOC_S02324,S02324,Income Certificate,TPL_3576,Revenue Office,2026-01-20
DOC_S02325,S02325,Income Certificate,TPL_1654,Revenue Office,2026-01-20
DOC_S02326,S02326,Income Certificate,TPL_8699,Revenue Office,2026-01-20
DOC_S02327,S02327,Income Certificate,TPL_6610,Revenue Office,2026-01-20
DOC_S02328,S02328,Income Certificate,TPL_6129,Revenue Office,2026-01-20
DOC_S02329,S02329,Income Certificate,TPL_5323,Revenue Office,2026-01-20
DOC_S02330,S02330,Income Certificate,TPL_9892,Revenue Office,2026-01-20
DOC_S02331,S02331,Income Certificate,TPL_3999,Revenue Office,2026-01-20
DOC_S02332,S02332,Income Certificate,TPL_8521,Revenue Office,2026-01-20
DOC_S02333,S02333,Income Certificate,TPL_9110,Revenue Office,2026-01-20
DOC_S02334,S02334,Income Certificate,TPL_1835,Revenue Office,2026-01-20
DOC_S02335,S02335,Income Certificate,TPL_1892,Revenue Office,2026-01-20
DOC_S02336,S02336,Income Certificate,TPL_4356,Revenue Office,2026-01-20
DOC_S02337,S02337,Income Certificate,TPL_5370,Revenue Office,2026-01-20
DOC_S02338,S02338,Income Certificate,TPL_7279,Revenue Office,2026-01-20
DOC_S02339,S02339,Income Certificate,TPL_4620,Revenue Office,2026-01-20
DOC_S02340,S02340,Income Certificate,TPL_8130,Revenue Office,2026-01-20
DOC_S02341,S02341,Income Certificate,TPL_7299,Revenue Office,2026-01-20
DOC_S02342,S02342,Income Certificate,TPL_6608,Revenue Office,2026-01-20
DOC_S02343,S02343,Income Certificate,TPL_3758,Revenue Office,2026-01-20
DOC_S02344,S02344,Income Certificate,TPL_4782,Revenue Office,2026-01-20
DOC_S02345,S02345,Income Certificate,TPL_7371,Revenue Office,2026-01-20
DOC_S02346,S02346,Income Certificate,TPL_8165,Revenue Office,2026-01-20
DOC_S02347,S02347,Income Certificate,TPL_9698,Revenue Office,2026-01-20
DOC_S02348,S02348,Income Certificate,TPL_1820,Revenue Office,2026-01-20
DOC_S02349,S02349,Income Certificate,TPL_9528,Revenue Office,2026-01-20
DOC_S02350,S02350,Income Certificate,TPL_9977,Revenue Office,2026-01-20
DOC_S02351,S02351,Income Certificate,TPL_3033,Revenue Office,2026-01-20
DOC_S02352,S02352,Income Certificate,TPL_6332,Revenue Office,2026-01-20
DOC_S02353,S02353,Income Certificate,TPL_3554,Revenue Office,2026-01-20
DOC_S02354,S02354,Income Certificate,TPL_3869,Revenue Office,2026-01-20
DOC_S02355,S02355,Income Certificate,TPL_9665,Revenue Office,2026-01-20
DOC_S02356,S02356,Income Certificate,TPL_7638,Revenue Office,2026-01-20
DOC_S02357,S02357,Income Certificate,TPL_2892,Revenue Office,2026-01-20
DOC_S02358,S02358,Income Certificate,TPL_1262,Revenue Office,2026-01-20
DOC_S02359,S02359,Income Certificate,TPL_1268,Revenue Office,2026-01-20
DOC_S02360,S02360,Income Certificate,TPL_4353,Revenue Office,2026-01-20
DOC_S02361,S02361,Income Certificate,TPL_7333,Revenue Office,2026-01-20
DOC_S02362,S02362,Income Certificate,TPL_8855,Revenue Office,2026-01-20
DOC_S02363,S02363,Income Certificate,TPL_1981,Revenue Office,2026-01-20
DOC_S02364,S02364,Income Certificate,TPL_6684,Revenue Office,2026-01-20
DOC_S02365,S02365,Income Certificate,TPL_9978,Revenue Office,2026-01-20
DOC_S02366,S02366,Income Certificate,TPL_5376,Revenue Office,2026-01-20
DOC_S02367,S02367,Income Certificate,TPL_4186,Revenue Office,2026-01-20
DOC_S02368,S02368,Income Certificate,TPL_1009,Revenue Office,2026-01-20
DOC_S02369,S02369,Income Certificate,TPL_2310,Revenue Office,2026-01-20
DOC_S02370,S02370,Income Certificate,TPL_6416,Revenue Office,2026-01-20
DOC_S02371,S02371,Income Certificate,TPL_8108,Revenue Office,2026-01-20
DOC_S02372,S02372,Income Certificate,TPL_5920,Revenue Office,2026-01-20
DOC_S02373,S02373,Income Certificate,TPL_9287,Revenue Office,2026-01-20
DOC_S02374,S02374,Income Certificate,TPL_2086,Revenue Office,2026-01-20
DOC_S02375,S02375,Income Certificate,TPL_6046,Revenue Office,2026-01-20
DOC_S02376,S02376,Income Certificate,TPL_4985,Revenue Office,2026-01-20
DOC_S02377,S02377,Income Certificate,TPL_3458,Revenue Office,2026-01-20
DOC_S02378,S02378,Income Certificate,TPL_3186,Revenue Office,2026-01-20
DOC_S02379,S02379,Income Certificate,TPL_6075,Revenue Office,2026-01-20
DOC_S02380,S02380,Income Certificate,TPL_3784,Revenue Office,2026-01-20
DOC_S02381,S02381,Income Certificate,TPL_5259,Revenue Office,2026-01-20
DOC_S02382,S02382,Income Certificate,TPL_7445,Revenue Office,2026-01-20
DOC_S02383,S02383,Income Certificate,TPL_4852,Revenue Office,2026-01-20
DOC_S02384,S02384,Income Certificate,TPL_1602,Revenue Office,2026-01-20
DOC_S02385,S02385,Income Certificate,TPL_4919,Revenue Office,2026-01-20
DOC_S02386,S02386,Income Certificate,TPL_6967,Revenue Office,2026-01-20
DOC_S02387,S02387,Income Certificate,TPL_7512,Revenue Office,2026-01-20
DOC_S02388,S02388,Income Certificate,TPL_4014,Revenue Office,2026-01-20
DOC_S02389,S02389,Income Certificate,TPL_5552,Revenue Office,2026-01-20
DOC_S02390,S02390,Income Certificate,TPL_7111,Revenue Office,2026-01-20
DOC_S02391,S02391,Income Certificate,TPL_5480,Revenue Office,2026-01-20
DOC_S02392,S02392,Income Certificate,TPL_9964,Revenue Office,2026-01-20
DOC_S02393,S02393,Income Certificate,TPL_4783,Revenue Office,2026-01-20
DOC_S02394,S02394,Income Certificate,TPL_4759,Revenue Office,2026-01-20
DOC_S02395,S02395,Income Certificate,TPL_8045,Revenue Office,2026-01-20
DOC_S02396,S02396,Income Certificate,TPL_1838,Revenue Office,2026-01-20
DOC_S02397,S02397,Income Certificate,TPL_3903,Revenue Office,2026-01-20
DOC_S02398,S02398,Income Certificate,TPL_1338,Revenue Office,2026-01-20
DOC_S02399,S02399,Income Certificate,TPL_6921,Revenue Office,2026-01-20
DOC_S02400,S02400,Income Certificate,TPL_4924,Revenue Office,2026-01-20
DOC_S02401,S02401,Income Certificate,TPL_8623,Revenue Office,2026-01-20
DOC_S02402,S02402,Income Certificate,TPL_4101,Revenue Office,2026-01-20
DOC_S02403,S02403,Income Certificate,TPL_9553,Revenue Office,2026-01-20
DOC_S02404,S02404,Income Certificate,TPL_2696,Revenue Office,2026-01-20
DOC_S02405,S02405,Income Certificate,TPL_9099,Revenue Office,2026-01-20
DOC_S02406,S02406,Income Certificate,TPL_1060,Revenue Office,2026-01-20
DOC_S02407,S02407,Income Certificate,TPL_9528,Revenue Office,2026-01-20
DOC_S02408,S02408,Income Certificate,TPL_2962,Revenue Office,2026-01-20
DOC_S02409,S02409,Income Certificate,TPL_5231,Revenue Office,2026-01-20
DOC_S02410,S02410,Income Certificate,TPL_6052,Revenue Office,2026-01-20
DOC_S02411,S02411,Income Certificate,TPL_2857,Revenue Office,2026-01-20
DOC_S02412,S02412,Income Certificate,TPL_4793,Revenue Office,2026-01-20
DOC_S02413,S02413,Income Certificate,TPL_1667,Revenue Office,2026-01-20
DOC_S02414,S02414,Income Certificate,TPL_2545,Revenue Office,2026-01-20
DOC_S02415,S02415,Income Certificate,TPL_5056,Revenue Office,2026-01-20
DOC_S02416,S02416,Income Certificate,TPL_3774,Revenue Office,2026-01-20
DOC_S02417,S02417,Income Certificate,TPL_9071,Revenue Office,2026-01-20
DOC_S02418,S02418,Income Certificate,TPL_7627,Revenue Office,2026-01-20
DOC_S02419,S02419,Income Certificate,TPL_1023,Revenue Office,2026-01-20
DOC_S02420,S02420,Income Certificate,TPL_2965,Revenue Office,2026-01-20
DOC_S02421,S02421,Income Certificate,TPL_4573,Revenue Office,2026-01-20
DOC_S02422,S02422,Income Certificate,TPL_7772,Revenue Office,2026-01-20
DOC_S02423,S02423,Income Certificate,TPL_5506,Revenue Office,2026-01-20
DOC_S02424,S02424,Income Certificate,TPL_9026,Revenue Office,2026-01-20
DOC_S02425,S02425,Income Certificate,TPL_5736,Revenue Office,2026-01-20
DOC_S02426,S02426,Income Certificate,TPL_8753,Revenue Office,2026-01-20
DOC_S02427,S02427,Income Certificate,TPL_7399,Revenue Office,2026-01-20
DOC_S02428,S02428,Income Certificate,TPL_4586,Revenue Office,2026-01-20
DOC_S02429,S02429,Income Certificate,TPL_9462,Revenue Office,2026-01-20
DOC_S02430,S02430,Income Certificate,TPL_5002,Revenue Office,2026-01-20
DOC_S02431,S02431,Income Certificate,TPL_1320,Revenue Office,2026-01-20
DOC_S02432,S02432,Income Certificate,TPL_6019,Revenue Office,2026-01-20
DOC_S02433,S02433,Income Certificate,TPL_2574,Revenue Office,2026-01-20
DOC_S02434,S02434,Income Certificate,TPL_9724,Revenue Office,2026-01-20
DOC_S02435,S02435,Income Certificate,TPL_4358,Revenue Office,2026-01-20
DOC_S02436,S02436,Income Certificate,TPL_7076,Revenue Office,2026-01-20
DOC_S02437,S02437,Income Certificate,TPL_2532,Revenue Office,2026-01-20
DOC_S02438,S02438,Income Certificate,TPL_3736,Revenue Office,2026-01-20
DOC_S02439,S02439,Income Certificate,TPL_4757,Revenue Office,2026-01-20
DOC_S02440,S02440,Income Certificate,TPL_2597,Revenue Office,2026-01-20
DOC_S02441,S02441,Income Certificate,TPL_4425,Revenue Office,2026-01-20
DOC_S02442,S02442,Income Certificate,TPL_4345,Revenue Office,2026-01-20
DOC_S02443,S02443,Income Certificate,TPL_7136,Revenue Office,2026-01-20
DOC_S02444,S02444,Income Certificate,TPL_2776,Revenue Office,2026-01-20
DOC_S02445,S02445,Income Certificate,TPL_4532,Revenue Office,2026-01-20
DOC_S02446,S02446,Income Certificate,TPL_1328,Revenue Office,2026-01-20
DOC_S02447,S02447,Income Certificate,TPL_2854,Revenue Office,2026-01-20
DOC_S02448,S02448,Income Certificate,TPL_3071,Revenue Office,2026-01-20
DOC_S02449,S02449,Income Certificate,TPL_9807,Revenue Office,2026-01-20
DOC_S02450,S02450,Income Certificate,TPL_3289,Revenue Office,2026-01-20
DOC_S02451,S02451,Income Certificate,TPL_8551,Revenue Office,2026-01-20
DOC_S02452,S02452,Income Certificate,TPL_1497,Revenue Office,2026-01-20
DOC_S02453,S02453,Income Certificate,TPL_1423,Revenue Office,2026-01-20
DOC_S02454,S02454,Income Certificate,TPL_5273,Revenue Office,2026-01-20
DOC_S02455,S02455,Income Certificate,TPL_3879,Revenue Office,2026-01-20
DOC_S02456,S02456,Income Certificate,TPL_8121,Revenue Office,2026-01-20
DOC_S02457,S02457,Income Certificate,TPL_9452,Revenue Office,2026-01-20
DOC_S02458,S02458,Income Certificate,TPL_4733,Revenue Office,2026-01-20
DOC_S02459,S02459,Income Certificate,TPL_1868,Revenue Office,2026-01-20
DOC_S02460,S02460,Income Certificate,TPL_4027,Revenue Office,2026-01-20
DOC_S02461,S02461,Income Certificate,TPL_1081,Revenue Office,2026-01-20
DOC_S02462,S02462,Income Certificate,TPL_9448,Revenue Office,2026-01-20
DOC_S02463,S02463,Income Certificate,TPL_5835,Revenue Office,2026-01-20
DOC_S02464,S02464,Income Certificate,TPL_7877,Revenue Office,2026-01-20
DOC_S02465,S02465,Income Certificate,TPL_8568,Revenue Office,2026-01-20
DOC_S02466,S02466,Income Certificate,TPL_1693,Revenue Office,2026-01-20
DOC_S02467,S02467,Income Certificate,TPL_2386,Revenue Office,2026-01-20
DOC_S02468,S02468,Income Certificate,TPL_1368,Revenue Office,2026-01-20
DOC_S02469,S02469,Income Certificate,TPL_2008,Revenue Office,2026-01-20
DOC_S02470,S02470,Income Certificate,TPL_6817,Revenue Office,2026-01-20
DOC_S02471,S02471,Income Certificate,TPL_2475,Revenue Office,2026-01-20
DOC_S02472,S02472,Income Certificate,TPL_4950,Revenue Office,2026-01-20
DOC_S02473,S02473,Income Certificate,TPL_2374,Revenue Office,2026-01-20
DOC_S02474,S02474,Income Certificate,TPL_7671,Revenue Office,2026-01-20
DOC_S02475,S02475,Income Certificate,TPL_7799,Revenue Office,2026-01-20
DOC_S02476,S02476,Income Certificate,TPL_9148,Revenue Office,2026-01-20
DOC_S02477,S02477,Income Certificate,TPL_6665,Revenue Office,2026-01-20
DOC_S02478,S02478,Income Certificate,TPL_9834,Revenue Office,2026-01-20
DOC_S02479,S02479,Income Certificate,TPL_4532,Revenue Office,2026-01-20
DOC_S02480,S02480,Income Certificate,TPL_2257,Revenue Office,2026-01-20
DOC_S02481,S02481,Income Certificate,TPL_1348,Revenue Office,2026-01-20
DOC_S02482,S02482,Income Certificate,TPL_2572,Revenue Office,2026-01-20
DOC_S02483,S02483,Income Certificate,TPL_7518,Revenue Office,2026-01-20
DOC_S02484,S02484,Income Certificate,TPL_2637,Revenue Office,2026-01-20
DOC_S02485,S02485,Income Certificate,TPL_2782,Revenue Office,2026-01-20
DOC_S02486,S02486,Income Certificate,TPL_1660,Revenue Office,2026-01-20
DOC_S02487,S02487,Income Certificate,TPL_9660,Revenue Office,2026-01-20
DOC_S02488,S02488,Income Certificate,TPL_7071,Revenue Office,2026-01-20
DOC_S02489,S02489,Income Certificate,TPL_8423,Revenue Office,2026-01-20
DOC_S02490,S02490,Income Certificate,TPL_8474,Revenue Office,2026-01-20
DOC_S02491,S02491,Income Certificate,TPL_2686,Revenue Office,2026-01-20
DOC_S02492,S02492,Income Certificate,TPL_5823,Revenue Office,2026-01-20
DOC_S02493,S02493,Income Certificate,TPL_3539,Revenue Office,2026-01-20
DOC_S02494,S02494,Income Certificate,TPL_6070,Revenue Office,2026-01-20
DOC_S02495,S02495,Income Certificate,TPL_1286,Revenue Office,2026-01-20
DOC_S02496,S02496,Income Certificate,TPL_1490,Revenue Office,2026-01-20
DOC_S02497,S02497,Income Certificate,TPL_7265,Revenue Office,2026-01-20
DOC_S02498,S02498,Income Certificate,TPL_2609,Revenue Office,2026-01-20
DOC_S02499,S02499,Income Certificate,TPL_7531,Revenue Office,2026-01-20
DOC_S02500,S02500,Income Certificate,TPL_1482,Revenue Office,2026-01-20
DOC_S02501,S02501,Income Certificate,TPL_2913,Revenue Office,2026-01-20
DOC_S02502,S02502,Income Certificate,TPL_1417,Revenue Office,2026-01-20
DOC_S02503,S02503,Income Certificate,TPL_1890,Revenue Office,2026-01-20
DOC_S02504,S02504,Income Certificate,TPL_1824,Revenue Office,2026-01-20
DOC_S02505,S02505,Income Certificate,TPL_8356,Revenue Office,2026-01-20
DOC_S02506,S02506,Income Certificate,TPL_1318,Revenue Office,2026-01-20
DOC_S02507,S02507,Income Certificate,TPL_5317,Revenue Office,2026-01-20
DOC_S02508,S02508,Income Certificate,TPL_2461,Revenue Office,2026-01-20
DOC_S02509,S02509,Income Certificate,TPL_8606,Revenue Office,2026-01-20
DOC_S02510,S02510,Income Certificate,TPL_2845,Revenue Office,2026-01-20
DOC_S02511,S02511,Income Certificate,TPL_7160,Revenue Office,2026-01-20
DOC_S02512,S02512,Income Certificate,TPL_6292,Revenue Office,2026-01-20
DOC_S02513,S02513,Income Certificate,TPL_8401,Revenue Office,2026-01-20
DOC_S02514,S02514,Income Certificate,TPL_9411,Revenue Office,2026-01-20
DOC_S02515,S02515,Income Certificate,TPL_4168,Revenue Office,2026-01-20
DOC_S02516,S02516,Income Certificate,TPL_4831,Revenue Office,2026-01-20
DOC_S02517,S02517,Income Certificate,TPL_6545,Revenue Office,2026-01-20
DOC_S02518,S02518,Income Certificate,TPL_7599,Revenue Office,2026-01-20
DOC_S02519,S02519,Income Certificate,TPL_6981,Revenue Office,2026-01-20
DOC_S02520,S02520,Income Certificate,TPL_6372,Revenue Office,2026-01-20
DOC_S02521,S02521,Income Certificate,TPL_7634,Revenue Office,2026-01-20
DOC_S02522,S02522,Income Certificate,TPL_7519,Revenue Office,2026-01-20
DOC_S02523,S02523,Income Certificate,TPL_5731,Revenue Office,2026-01-20
DOC_S02524,S02524,Income Certificate,TPL_9884,Revenue Office,2026-01-20
DOC_S02525,S02525,Income Certificate,TPL_2081,Revenue Office,2026-01-20
DOC_S02526,S02526,Income Certificate,TPL_6848,Revenue Office,2026-01-20
DOC_S02527,S02527,Income Certificate,TPL_2277,Revenue Office,2026-01-20
DOC_S02528,S02528,Income Certificate,TPL_8151,Revenue Office,2026-01-20
DOC_S02529,S02529,Income Certificate,TPL_6214,Revenue Office,2026-01-20
DOC_S02530,S02530,Income Certificate,TPL_1849,Revenue Office,2026-01-20
DOC_S02531,S02531,Income Certificate,TPL_1627,Revenue Office,2026-01-20
DOC_S02532,S02532,Income Certificate,TPL_5115,Revenue Office,2026-01-20
DOC_S02533,S02533,Income Certificate,TPL_3180,Revenue Office,2026-01-20
DOC_S02534,S02534,Income Certificate,TPL_9948,Revenue Office,2026-01-20
DOC_S02535,S02535,Income Certificate,TPL_4057,Revenue Office,2026-01-20
DOC_S02536,S02536,Income Certificate,TPL_4631,Revenue Office,2026-01-20
DOC_S02537,S02537,Income Certificate,TPL_7049,Revenue Office,2026-01-20
DOC_S02538,S02538,Income Certificate,TPL_8991,Revenue Office,2026-01-20
DOC_S02539,S02539,Income Certificate,TPL_2854,Revenue Office,2026-01-20
DOC_S02540,S02540,Income Certificate,TPL_4866,Revenue Office,2026-01-20
DOC_S02541,S02541,Income Certificate,TPL_6370,Revenue Office,2026-01-20
DOC_S02542,S02542,Income Certificate,TPL_4901,Revenue Office,2026-01-20
DOC_S02543,S02543,Income Certificate,TPL_2427,Revenue Office,2026-01-20
DOC_S02544,S02544,Income Certificate,TPL_9580,Revenue Office,2026-01-20
DOC_S02545,S02545,Income Certificate,TPL_9630,Revenue Office,2026-01-20
DOC_S02546,S02546,Income Certificate,TPL_7817,Revenue Office,2026-01-20
DOC_S02547,S02547,Income Certificate,TPL_9072,Revenue Office,2026-01-20
DOC_S02548,S02548,Income Certificate,TPL_7913,Revenue Office,2026-01-20
DOC_S02549,S02549,Income Certificate,TPL_2359,Revenue Office,2026-01-20
DOC_S02550,S02550,Income Certificate,TPL_7103,Revenue Office,2026-01-20
DOC_S02551,S02551,Income Certificate,TPL_6308,Revenue Office,2026-01-20
DOC_S02552,S02552,Income Certificate,TPL_5651,Revenue Office,2026-01-20
DOC_S02553,S02553,Income Certificate,TPL_7931,Revenue Office,2026-01-20
DOC_S02554,S02554,Income Certificate,TPL_3125,Revenue Office,2026-01-20
DOC_S02555,S02555,Income Certificate,TPL_4119,Revenue Office,2026-01-20
DOC_S02556,S02556,Income Certificate,TPL_1966,Revenue Office,2026-01-20
DOC_S02557,S02557,Income Certificate,TPL_1396,Revenue Office,2026-01-20
DOC_S02558,S02558,Income Certificate,TPL_6735,Revenue Office,2026-01-20
DOC_S02559,S02559,Income Certificate,TPL_1535,Revenue Office,2026-01-20
DOC_S02560,S02560,Income Certificate,TPL_7430,Revenue Office,2026-01-20
DOC_S02561,S02561,Income Certificate,TPL_4249,Revenue Office,2026-01-20
DOC_S02562,S02562,Income Certificate,TPL_4507,Revenue Office,2026-01-20
DOC_S02563,S02563,Income Certificate,TPL_4871,Revenue Office,2026-01-20
DOC_S02564,S02564,Income Certificate,TPL_9850,Revenue Office,2026-01-20
DOC_S02565,S02565,Income Certificate,TPL_7440,Revenue Office,2026-01-20
DOC_S02566,S02566,Income Certificate,TPL_2908,Revenue Office,2026-01-20
DOC_S02567,S02567,Income Certificate,TPL_3655,Revenue Office,2026-01-20
DOC_S02568,S02568,Income Certificate,TPL_3265,Revenue Office,2026-01-20
DOC_S02569,S02569,Income Certificate,TPL_9978,Revenue Office,2026-01-20
DOC_S02570,S02570,Income Certificate,TPL_9288,Revenue Office,2026-01-20
DOC_S02571,S02571,Income Certificate,TPL_9765,Revenue Office,2026-01-20
DOC_S02572,S02572,Income Certificate,TPL_6254,Revenue Office,2026-01-20
DOC_S02573,S02573,Income Certificate,TPL_6705,Revenue Office,2026-01-20
DOC_S02574,S02574,Income Certificate,TPL_4159,Revenue Office,2026-01-20
DOC_S02575,S02575,Income Certificate,TPL_2886,Revenue Office,2026-01-20
DOC_S02576,S02576,Income Certificate,TPL_7719,Revenue Office,2026-01-20
DOC_S02577,S02577,Income Certificate,TPL_3121,Revenue Office,2026-01-20
DOC_S02578,S02578,Income Certificate,TPL_8170,Revenue Office,2026-01-20
DOC_S02579,S02579,Income Certificate,TPL_1219,Revenue Office,2026-01-20
DOC_S02580,S02580,Income Certificate,TPL_5660,Revenue Office,2026-01-20
DOC_S02581,S02581,Income Certificate,TPL_3110,Revenue Office,2026-01-20
DOC_S02582,S02582,Income Certificate,TPL_4516,Revenue Office,2026-01-20
DOC_S02583,S02583,Income Certificate,TPL_2943,Revenue Office,2026-01-20
DOC_S02584,S02584,Income Certificate,TPL_4473,Revenue Office,2026-01-20
DOC_S02585,S02585,Income Certificate,TPL_3653,Revenue Office,2026-01-20
DOC_S02586,S02586,Income Certificate,TPL_2398,Revenue Office,2026-01-20
DOC_S02587,S02587,Income Certificate,TPL_5277,Revenue Office,2026-01-20
DOC_S02588,S02588,Income Certificate,TPL_6950,Revenue Office,2026-01-20
DOC_S02589,S02589,Income Certificate,TPL_8255,Revenue Office,2026-01-20
DOC_S02590,S02590,Income Certificate,TPL_2743,Revenue Office,2026-01-20
DOC_S02591,S02591,Income Certificate,TPL_1436,Revenue Office,2026-01-20
DOC_S02592,S02592,Income Certificate,TPL_9011,Revenue Office,2026-01-20
DOC_S02593,S02593,Income Certificate,TPL_6615,Revenue Office,2026-01-20
DOC_S02594,S02594,Income Certificate,TPL_8568,Revenue Office,2026-01-20
DOC_S02595,S02595,Income Certificate,TPL_7563,Revenue Office,2026-01-20
DOC_S02596,S02596,Income Certificate,TPL_9652,Revenue Office,2026-01-20
DOC_S02597,S02597,Income Certificate,TPL_4259,Revenue Office,2026-01-20
DOC_S02598,S02598,Income Certificate,TPL_8156,Revenue Office,2026-01-20
DOC_S02599,S02599,Income Certificate,TPL_5358,Revenue Office,2026-01-20
DOC_S02600,S02600,Income Certificate,TPL_1828,Revenue Office,2026-01-20
DOC_S02601,S02601,Income Certificate,TPL_2113,Revenue Office,2026-01-20
DOC_S02602,S02602,Income Certificate,TPL_6188,Revenue Office,2026-01-20
DOC_S02603,S02603,Income Certificate,TPL_9670,Revenue Office,2026-01-20
DOC_S02604,S02604,Income Certificate,TPL_7792,Revenue Office,2026-01-20
DOC_S02605,S02605,Income Certificate,TPL_8862,Revenue Office,2026-01-20
DOC_S02606,S02606,Income Certificate,TPL_5736,Revenue Office,2026-01-20
DOC_S02607,S02607,Income Certificate,TPL_1431,Revenue Office,2026-01-20
DOC_S02608,S02608,Income Certificate,TPL_1449,Revenue Office,2026-01-20
DOC_S02609,S02609,Income Certificate,TPL_9404,Revenue Office,2026-01-20
DOC_S02610,S02610,Income Certificate,TPL_9806,Revenue Office,2026-01-20
DOC_S02611,S02611,Income Certificate,TPL_3264,Revenue Office,2026-01-20
DOC_S02612,S02612,Income Certificate,TPL_1188,Revenue Office,2026-01-20
DOC_S02613,S02613,Income Certificate,TPL_7230,Revenue Office,2026-01-20
DOC_S02614,S02614,Income Certificate,TPL_9370,Revenue Office,2026-01-20
DOC_S02615,S02615,Income Certificate,TPL_8817,Revenue Office,2026-01-20
DOC_S02616,S02616,Income Certificate,TPL_7938,Revenue Office,2026-01-20
DOC_S02617,S02617,Income Certificate,TPL_7183,Revenue Office,2026-01-20
DOC_S02618,S02618,Income Certificate,TPL_5637,Revenue Office,2026-01-20
DOC_S02619,S02619,Income Certificate,TPL_3485,Revenue Office,2026-01-20
DOC_S02620,S02620,Income Certificate,TPL_4983,Revenue Office,2026-01-20
DOC_S02621,S02621,Income Certificate,TPL_4734,Revenue Office,2026-01-20
DOC_S02622,S02622,Income Certificate,TPL_8293,Revenue Office,2026-01-20
DOC_S02623,S02623,Income Certificate,TPL_5067,Revenue Office,2026-01-20
DOC_S02624,S02624,Income Certificate,TPL_4495,Revenue Office,2026-01-20
DOC_S02625,S02625,Income Certificate,TPL_6446,Revenue Office,2026-01-20
DOC_S02626,S02626,Income Certificate,TPL_3040,Revenue Office,2026-01-20
DOC_S02627,S02627,Income Certificate,TPL_7587,Revenue Office,2026-01-20
DOC_S02628,S02628,Income Certificate,TPL_9955,Revenue Office,2026-01-20
DOC_S02629,S02629,Income Certificate,TPL_8255,Revenue Office,2026-01-20
DOC_S02630,S02630,Income Certificate,TPL_5342,Revenue Office,2026-01-20
DOC_S02631,S02631,Income Certificate,TPL_9302,Revenue Office,2026-01-20
DOC_S02632,S02632,Income Certificate,TPL_3033,Revenue Office,2026-01-20
DOC_S02633,S02633,Income Certificate,TPL_1728,Revenue Office,2026-01-20
DOC_S02634,S02634,Income Certificate,TPL_7469,Revenue Office,2026-01-20
DOC_S02635,S02635,Income Certificate,TPL_1914,Revenue Office,2026-01-20
DOC_S02636,S02636,Income Certificate,TPL_1769,Revenue Office,2026-01-20
DOC_S02637,S02637,Income Certificate,TPL_8140,Revenue Office,2026-01-20
DOC_S02638,S02638,Income Certificate,TPL_9806,Revenue Office,2026-01-20
DOC_S02639,S02639,Income Certificate,TPL_7965,Revenue Office,2026-01-20
DOC_S02640,S02640,Income Certificate,TPL_7860,Revenue Office,2026-01-20
DOC_S02641,S02641,Income Certificate,TPL_4059,Revenue Office,2026-01-20
DOC_S02642,S02642,Income Certificate,TPL_6089,Revenue Office,2026-01-20
DOC_S02643,S02643,Income Certificate,TPL_7103,Revenue Office,2026-01-20
DOC_S02644,S02644,Income Certificate,TPL_1100,Revenue Office,2026-01-20
DOC_S02645,S02645,Income Certificate,TPL_2296,Revenue Office,2026-01-20
DOC_S02646,S02646,Income Certificate,TPL_5310,Revenue Office,2026-01-20
DOC_S02647,S02647,Income Certificate,TPL_6605,Revenue Office,2026-01-20
DOC_S02648,S02648,Income Certificate,TPL_3765,Revenue Office,2026-01-20
DOC_S02649,S02649,Income Certificate,TPL_1772,Revenue Office,2026-01-20
DOC_S02650,S02650,Income Certificate,TPL_4224,Revenue Office,2026-01-20
DOC_S02651,S02651,Income Certificate,TPL_8385,Revenue Office,2026-01-20
DOC_S02652,S02652,Income Certificate,TPL_9016,Revenue Office,2026-01-20
DOC_S02653,S02653,Income Certificate,TPL_1995,Revenue Office,2026-01-20
DOC_S02654,S02654,Income Certificate,TPL_1543,Revenue Office,2026-01-20
DOC_S02655,S02655,Income Certificate,TPL_6006,Revenue Office,2026-01-20
DOC_S02656,S02656,Income Certificate,TPL_5695,Revenue Office,2026-01-20
DOC_S02657,S02657,Income Certificate,TPL_1876,Revenue Office,2026-01-20
DOC_S02658,S02658,Income Certificate,TPL_2755,Revenue Office,2026-01-20
DOC_S02659,S02659,Income Certificate,TPL_7324,Revenue Office,2026-01-20
DOC_S02660,S02660,Income Certificate,TPL_8884,Revenue Office,2026-01-20
DOC_S02661,S02661,Income Certificate,TPL_9854,Revenue Office,2026-01-20
DOC_S02662,S02662,Income Certificate,TPL_8365,Revenue Office,2026-01-20
DOC_S02663,S02663,Income Certificate,TPL_4442,Revenue Office,2026-01-20
DOC_S02664,S02664,Income Certificate,TPL_1244,Revenue Office,2026-01-20
DOC_S02665,S02665,Income Certificate,TPL_9321,Revenue Office,2026-01-20
DOC_S02666,S02666,Income Certificate,TPL_2369,Revenue Office,2026-01-20
DOC_S02667,S02667,Income Certificate,TPL_2393,Revenue Office,2026-01-20
DOC_S02668,S02668,Income Certificate,TPL_6158,Revenue Office,2026-01-20
DOC_S02669,S02669,Income Certificate,TPL_8488,Revenue Office,2026-01-20
DOC_S02670,S02670,Income Certificate,TPL_8168,Revenue Office,2026-01-20
DOC_S02671,S02671,Income Certificate,TPL_7438,Revenue Office,2026-01-20
DOC_S02672,S02672,Income Certificate,TPL_9874,Revenue Office,2026-01-20
DOC_S02673,S02673,Income Certificate,TPL_4189,Revenue Office,2026-01-20
DOC_S02674,S02674,Income Certificate,TPL_7639,Revenue Office,2026-01-20
DOC_S02675,S02675,Income Certificate,TPL_2938,Revenue Office,2026-01-20
DOC_S02676,S02676,Income Certificate,TPL_3959,Revenue Office,2026-01-20
DOC_S02677,S02677,Income Certificate,TPL_6873,Revenue Office,2026-01-20
DOC_S02678,S02678,Income Certificate,TPL_1095,Revenue Office,2026-01-20
DOC_S02679,S02679,Income Certificate,TPL_8545,Revenue Office,2026-01-20
DOC_S02680,S02680,Income Certificate,TPL_2582,Revenue Office,2026-01-20
DOC_S02681,S02681,Income Certificate,TPL_3308,Revenue Office,2026-01-20
DOC_S02682,S02682,Income Certificate,TPL_7003,Revenue Office,2026-01-20
DOC_S02683,S02683,Income Certificate,TPL_3071,Revenue Office,2026-01-20
DOC_S02684,S02684,Income Certificate,TPL_2038,Revenue Office,2026-01-20
DOC_S02685,S02685,Income Certificate,TPL_3910,Revenue Office,2026-01-20
DOC_S02686,S02686,Income Certificate,TPL_8954,Revenue Office,2026-01-20
DOC_S02687,S02687,Income Certificate,TPL_7381,Revenue Office,2026-01-20
DOC_S02688,S02688,Income Certificate,TPL_1966,Revenue Office,2026-01-20
DOC_S02689,S02689,Income Certificate,TPL_8002,Revenue Office,2026-01-20
DOC_S02690,S02690,Income Certificate,TPL_1718,Revenue Office,2026-01-20
DOC_S02691,S02691,Income Certificate,TPL_9260,Revenue Office,2026-01-20
DOC_S02692,S02692,Income Certificate,TPL_9550,Revenue Office,2026-01-20
DOC_S02693,S02693,Income Certificate,TPL_2893,Revenue Office,2026-01-20
DOC_S02694,S02694,Income Certificate,TPL_2354,Revenue Office,2026-01-20
DOC_S02695,S02695,Income Certificate,TPL_4001,Revenue Office,2026-01-20
DOC_S02696,S02696,Income Certificate,TPL_6527,Revenue Office,2026-01-20
DOC_S02697,S02697,Income Certificate,TPL_9977,Revenue Office,2026-01-20
DOC_S02698,S02698,Income Certificate,TPL_7268,Revenue Office,2026-01-20
DOC_S02699,S02699,Income Certificate,TPL_5533,Revenue Office,2026-01-20
DOC_S02700,S02700,Income Certificate,TPL_4374,Revenue Office,2026-01-20
DOC_S02701,S02701,Income Certificate,TPL_2666,Revenue Office,2026-01-20
DOC_S02702,S02702,Income Certificate,TPL_6382,Revenue Office,2026-01-20
DOC_S02703,S02703,Income Certificate,TPL_4830,Revenue Office,2026-01-20
DOC_S02704,S02704,Income Certificate,TPL_3215,Revenue Office,2026-01-20
DOC_S02705,S02705,Income Certificate,TPL_2293,Revenue Office,2026-01-20
DOC_S02706,S02706,Income Certificate,TPL_5253,Revenue Office,2026-01-20
DOC_S02707,S02707,Income Certificate,TPL_8597,Revenue Office,2026-01-20
DOC_S02708,S02708,Income Certificate,TPL_1788,Revenue Office,2026-01-20
DOC_S02709,S02709,Income Certificate,TPL_5545,Revenue Office,2026-01-20
DOC_S02710,S02710,Income Certificate,TPL_2179,Revenue Office,2026-01-20
DOC_S02711,S02711,Income Certificate,TPL_6884,Revenue Office,2026-01-20
DOC_S02712,S02712,Income Certificate,TPL_1544,Revenue Office,2026-01-20
DOC_S02713,S02713,Income Certificate,TPL_2207,Revenue Office,2026-01-20
DOC_S02714,S02714,Income Certificate,TPL_5375,Revenue Office,2026-01-20
DOC_S02715,S02715,Income Certificate,TPL_1045,Revenue Office,2026-01-20
DOC_S02716,S02716,Income Certificate,TPL_6700,Revenue Office,2026-01-20
DOC_S02717,S02717,Income Certificate,TPL_9802,Revenue Office,2026-01-20
DOC_S02718,S02718,Income Certificate,TPL_4626,Revenue Office,2026-01-20
DOC_S02719,S02719,Income Certificate,TPL_5002,Revenue Office,2026-01-20
DOC_S02720,S02720,Income Certificate,TPL_2448,Revenue Office,2026-01-20
DOC_S02721,S02721,Income Certificate,TPL_9897,Revenue Office,2026-01-20
DOC_S02722,S02722,Income Certificate,TPL_6106,Revenue Office,2026-01-20
DOC_S02723,S02723,Income Certificate,TPL_6795,Revenue Office,2026-01-20
DOC_S02724,S02724,Income Certificate,TPL_8289,Revenue Office,2026-01-20
DOC_S02725,S02725,Income Certificate,TPL_2621,Revenue Office,2026-01-20
DOC_S02726,S02726,Income Certificate,TPL_1070,Revenue Office,2026-01-20
DOC_S02727,S02727,Income Certificate,TPL_2336,Revenue Office,2026-01-20
DOC_S02728,S02728,Income Certificate,TPL_7254,Revenue Office,2026-01-20
DOC_S02729,S02729,Income Certificate,TPL_9970,Revenue Office,2026-01-20
DOC_S02730,S02730,Income Certificate,TPL_1875,Revenue Office,2026-01-20
DOC_S02731,S02731,Income Certificate,TPL_9792,Revenue Office,2026-01-20
DOC_S02732,S02732,Income Certificate,TPL_8983,Revenue Office,2026-01-20
DOC_S02733,S02733,Income Certificate,TPL_1167,Revenue Office,2026-01-20
DOC_S02734,S02734,Income Certificate,TPL_4588,Revenue Office,2026-01-20
DOC_S02735,S02735,Income Certificate,TPL_3140,Revenue Office,2026-01-20
DOC_S02736,S02736,Income Certificate,TPL_6643,Revenue Office,2026-01-20
DOC_S02737,S02737,Income Certificate,TPL_4674,Revenue Office,2026-01-20
DOC_S02738,S02738,Income Certificate,TPL_5891,Revenue Office,2026-01-20
DOC_S02739,S02739,Income Certificate,TPL_5520,Revenue Office,2026-01-20
DOC_S02740,S02740,Income Certificate,TPL_7877,Revenue Office,2026-01-20
DOC_S02741,S02741,Income Certificate,TPL_4831,Revenue Office,2026-01-20
DOC_S02742,S02742,Income Certificate,TPL_5701,Revenue Office,2026-01-20
DOC_S02743,S02743,Income Certificate,TPL_4681,Revenue Office,2026-01-20
DOC_S02744,S02744,Income Certificate,TPL_7313,Revenue Office,2026-01-20
DOC_S02745,S02745,Income Certificate,TPL_6252,Revenue Office,2026-01-20
DOC_S02746,S02746,Income Certificate,TPL_3416,Revenue Office,2026-01-20
DOC_S02747,S02747,Income Certificate,TPL_4922,Revenue Office,2026-01-20
DOC_S02748,S02748,Income Certificate,TPL_4864,Revenue Office,2026-01-20
DOC_S02749,S02749,Income Certificate,TPL_9183,Revenue Office,2026-01-20
DOC_S02750,S02750,Income Certificate,TPL_9181,Revenue Office,2026-01-20
DOC_S02751,S02751,Income Certificate,TPL_4930,Revenue Office,2026-01-20
DOC_S02752,S02752,Income Certificate,TPL_7263,Revenue Office,2026-01-20
DOC_S02753,S02753,Income Certificate,TPL_1129,Revenue Office,2026-01-20
DOC_S02754,S02754,Income Certificate,TPL_6293,Revenue Office,2026-01-20
DOC_S02755,S02755,Income Certificate,TPL_3239,Revenue Office,2026-01-20
DOC_S02756,S02756,Income Certificate,TPL_1862,Revenue Office,2026-01-20
DOC_S02757,S02757,Income Certificate,TPL_4497,Revenue Office,2026-01-20
DOC_S02758,S02758,Income Certificate,TPL_2708,Revenue Office,2026-01-20
DOC_S02759,S02759,Income Certificate,TPL_3327,Revenue Office,2026-01-20
DOC_S02760,S02760,Income Certificate,TPL_4426,Revenue Office,2026-01-20
DOC_S02761,S02761,Income Certificate,TPL_1796,Revenue Office,2026-01-20
DOC_S02762,S02762,Income Certificate,TPL_4646,Revenue Office,2026-01-20
DOC_S02763,S02763,Income Certificate,TPL_2826,Revenue Office,2026-01-20
DOC_S02764,S02764,Income Certificate,TPL_7020,Revenue Office,2026-01-20
DOC_S02765,S02765,Income Certificate,TPL_6239,Revenue Office,2026-01-20
DOC_S02766,S02766,Income Certificate,TPL_3022,Revenue Office,2026-01-20
DOC_S02767,S02767,Income Certificate,TPL_7194,Revenue Office,2026-01-20
DOC_S02768,S02768,Income Certificate,TPL_8940,Revenue Office,2026-01-20
DOC_S02769,S02769,Income Certificate,TPL_4716,Revenue Office,2026-01-20
DOC_S02770,S02770,Income Certificate,TPL_4638,Revenue Office,2026-01-20
DOC_S02771,S02771,Income Certificate,TPL_8522,Revenue Office,2026-01-20
DOC_S02772,S02772,Income Certificate,TPL_7244,Revenue Office,2026-01-20
DOC_S02773,S02773,Income Certificate,TPL_2468,Revenue Office,2026-01-20
DOC_S02774,S02774,Income Certificate,TPL_4281,Revenue Office,2026-01-20
DOC_S02775,S02775,Income Certificate,TPL_2738,Revenue Office,2026-01-20
DOC_S02776,S02776,Income Certificate,TPL_3527,Revenue Office,2026-01-20
DOC_S02777,S02777,Income Certificate,TPL_4458,Revenue Office,2026-01-20
DOC_S02778,S02778,Income Certificate,TPL_9709,Revenue Office,2026-01-20
DOC_S02779,S02779,Income Certificate,TPL_2999,Revenue Office,2026-01-20
DOC_S02780,S02780,Income Certificate,TPL_9334,Revenue Office,2026-01-20
DOC_S02781,S02781,Income Certificate,TPL_8801,Revenue Office,2026-01-20
DOC_S02782,S02782,Income Certificate,TPL_2416,Revenue Office,2026-01-20
DOC_S02783,S02783,Income Certificate,TPL_2496,Revenue Office,2026-01-20
DOC_S02784,S02784,Income Certificate,TPL_1986,Revenue Office,2026-01-20
DOC_S02785,S02785,Income Certificate,TPL_2574,Revenue Office,2026-01-20
DOC_S02786,S02786,Income Certificate,TPL_7611,Revenue Office,2026-01-20
DOC_S02787,S02787,Income Certificate,TPL_8927,Revenue Office,2026-01-20
DOC_S02788,S02788,Income Certificate,TPL_8542,Revenue Office,2026-01-20
DOC_S02789,S02789,Income Certificate,TPL_6058,Revenue Office,2026-01-20
DOC_S02790,S02790,Income Certificate,TPL_6486,Revenue Office,2026-01-20
DOC_S02791,S02791,Income Certificate,TPL_5633,Revenue Office,2026-01-20
DOC_S02792,S02792,Income Certificate,TPL_8606,Revenue Office,2026-01-20
DOC_S02793,S02793,Income Certificate,TPL_2458,Revenue Office,2026-01-20
DOC_S02794,S02794,Income Certificate,TPL_1377,Revenue Office,2026-01-20
DOC_S02795,S02795,Income Certificate,TPL_8608,Revenue Office,2026-01-20
DOC_S02796,S02796,Income Certificate,TPL_6260,Revenue Office,2026-01-20
DOC_S02797,S02797,Income Certificate,TPL_8580,Revenue Office,2026-01-20
DOC_S02798,S02798,Income Certificate,TPL_6495,Revenue Office,2026-01-20
DOC_S02799,S02799,Income Certificate,TPL_5217,Revenue Office,2026-01-20
DOC_S02800,S02800,Income Certificate,TPL_4972,Revenue Office,2026-01-20
DOC_S02801,S02801,Income Certificate,TPL_3807,Revenue Office,2026-01-20
DOC_S02802,S02802,Income Certificate,TPL_9735,Revenue Office,2026-01-20
DOC_S02803,S02803,Income Certificate,TPL_8299,Revenue Office,2026-01-20
DOC_S02804,S02804,Income Certificate,TPL_6697,Revenue Office,2026-01-20
DOC_S02805,S02805,Income Certificate,TPL_5944,Revenue Office,2026-01-20
DOC_S02806,S02806,Income Certificate,TPL_1894,Revenue Office,2026-01-20
DOC_S02807,S02807,Income Certificate,TPL_7416,Revenue Office,2026-01-20
DOC_S02808,S02808,Income Certificate,TPL_4578,Revenue Office,2026-01-20
DOC_S02809,S02809,Income Certificate,TPL_4650,Revenue Office,2026-01-20
DOC_S02810,S02810,Income Certificate,TPL_3581,Revenue Office,2026-01-20
DOC_S02811,S02811,Income Certificate,TPL_2765,Revenue Office,2026-01-20
DOC_S02812,S02812,Income Certificate,TPL_3307,Revenue Office,2026-01-20
DOC_S02813,S02813,Income Certificate,TPL_2055,Revenue Office,2026-01-20
DOC_S02814,S02814,Income Certificate,TPL_7006,Revenue Office,2026-01-20
DOC_S02815,S02815,Income Certificate,TPL_3612,Revenue Office,2026-01-20
DOC_S02816,S02816,Income Certificate,TPL_7574,Revenue Office,2026-01-20
DOC_S02817,S02817,Income Certificate,TPL_2109,Revenue Office,2026-01-20
DOC_S02818,S02818,Income Certificate,TPL_8837,Revenue Office,2026-01-20
DOC_S02819,S02819,Income Certificate,TPL_3835,Revenue Office,2026-01-20
DOC_S02820,S02820,Income Certificate,TPL_5437,Revenue Office,2026-01-20
DOC_S02821,S02821,Income Certificate,TPL_8441,Revenue Office,2026-01-20
DOC_S02822,S02822,Income Certificate,TPL_5242,Revenue Office,2026-01-20
DOC_S02823,S02823,Income Certificate,TPL_5267,Revenue Office,2026-01-20
DOC_S02824,S02824,Income Certificate,TPL_4725,Revenue Office,2026-01-20
DOC_S02825,S02825,Income Certificate,TPL_3548,Revenue Office,2026-01-20
DOC_S02826,S02826,Income Certificate,TPL_5173,Revenue Office,2026-01-20
DOC_S02827,S02827,Income Certificate,TPL_2633,Revenue Office,2026-01-20
DOC_S02828,S02828,Income Certificate,TPL_7814,Revenue Office,2026-01-20
DOC_S02829,S02829,Income Certificate,TPL_4695,Revenue Office,2026-01-20
DOC_S02830,S02830,Income Certificate,TPL_9093,Revenue Office,2026-01-20
DOC_S02831,S02831,Income Certificate,TPL_3679,Revenue Office,2026-01-20
DOC_S02832,S02832,Income Certificate,TPL_7266,Revenue Office,2026-01-20
DOC_S02833,S02833,Income Certificate,TPL_1303,Revenue Office,2026-01-20
DOC_S02834,S02834,Income Certificate,TPL_1169,Revenue Office,2026-01-20
DOC_S02835,S02835,Income Certificate,TPL_3976,Revenue Office,2026-01-20
DOC_S02836,S02836,Income Certificate,TPL_9159,Revenue Office,2026-01-20
DOC_S02837,S02837,Income Certificate,TPL_2371,Revenue Office,2026-01-20
DOC_S02838,S02838,Income Certificate,TPL_5683,Revenue Office,2026-01-20
DOC_S02839,S02839,Income Certificate,TPL_8141,Revenue Office,2026-01-20
DOC_S02840,S02840,Income Certificate,TPL_1700,Revenue Office,2026-01-20
DOC_S02841,S02841,Income Certificate,TPL_4654,Revenue Office,2026-01-20
DOC_S02842,S02842,Income Certificate,TPL_2052,Revenue Office,2026-01-20
DOC_S02843,S02843,Income Certificate,TPL_2845,Revenue Office,2026-01-20
DOC_S02844,S02844,Income Certificate,TPL_2703,Revenue Office,2026-01-20
DOC_S02845,S02845,Income Certificate,TPL_1697,Revenue Office,2026-01-20
DOC_S02846,S02846,Income Certificate,TPL_6139,Revenue Office,2026-01-20
DOC_S02847,S02847,Income Certificate,TPL_4566,Revenue Office,2026-01-20
DOC_S02848,S02848,Income Certificate,TPL_2230,Revenue Office,2026-01-20
DOC_S02849,S02849,Income Certificate,TPL_8956,Revenue Office,2026-01-20
DOC_S02850,S02850,Income Certificate,TPL_3513,Revenue Office,2026-01-20
DOC_S02851,S02851,Income Certificate,TPL_2816,Revenue Office,2026-01-20
DOC_S02852,S02852,Income Certificate,TPL_2022,Revenue Office,2026-01-20
DOC_S02853,S02853,Income Certificate,TPL_6351,Revenue Office,2026-01-20
DOC_S02854,S02854,Income Certificate,TPL_3651,Revenue Office,2026-01-20
DOC_S02855,S02855,Income Certificate,TPL_3687,Revenue Office,2026-01-20
DOC_S02856,S02856,Income Certificate,TPL_4339,Revenue Office,2026-01-20
DOC_S02857,S02857,Income Certificate,TPL_3900,Revenue Office,2026-01-20
DOC_S02858,S02858,Income Certificate,TPL_9287,Revenue Office,2026-01-20
DOC_S02859,S02859,Income Certificate,TPL_9656,Revenue Office,2026-01-20
DOC_S02860,S02860,Income Certificate,TPL_7065,Revenue Office,2026-01-20
DOC_S02861,S02861,Income Certificate,TPL_8652,Revenue Office,2026-01-20
DOC_S02862,S02862,Income Certificate,TPL_9864,Revenue Office,2026-01-20
DOC_S02863,S02863,Income Certificate,TPL_9746,Revenue Office,2026-01-20
DOC_S02864,S02864,Income Certificate,TPL_9310,Revenue Office,2026-01-20
DOC_S02865,S02865,Income Certificate,TPL_3236,Revenue Office,2026-01-20
DOC_S02866,S02866,Income Certificate,TPL_5989,Revenue Office,2026-01-20
DOC_S02867,S02867,Income Certificate,TPL_5176,Revenue Office,2026-01-20
DOC_S02868,S02868,Income Certificate,TPL_4170,Revenue Office,2026-01-20
DOC_S02869,S02869,Income Certificate,TPL_4379,Revenue Office,2026-01-20
DOC_S02870,S02870,Income Certificate,TPL_1458,Revenue Office,2026-01-20
DOC_S02871,S02871,Income Certificate,TPL_3687,Revenue Office,2026-01-20
DOC_S02872,S02872,Income Certificate,TPL_9918,Revenue Office,2026-01-20
DOC_S02873,S02873,Income Certificate,TPL_1674,Revenue Office,2026-01-20
DOC_S02874,S02874,Income Certificate,TPL_2736,Revenue Office,2026-01-20
DOC_S02875,S02875,Income Certificate,TPL_6651,Revenue Office,2026-01-20
DOC_S02876,S02876,Income Certificate,TPL_5796,Revenue Office,2026-01-20
DOC_S02877,S02877,Income Certificate,TPL_8861,Revenue Office,2026-01-20
DOC_S02878,S02878,Income Certificate,TPL_1511,Revenue Office,2026-01-20
DOC_S02879,S02879,Income Certificate,TPL_3154,Revenue Office,2026-01-20
DOC_S02880,S02880,Income Certificate,TPL_7131,Revenue Office,2026-01-20
DOC_S02881,S02881,Income Certificate,TPL_3243,Revenue Office,2026-01-20
DOC_S02882,S02882,Income Certificate,TPL_4530,Revenue Office,2026-01-20
DOC_S02883,S02883,Income Certificate,TPL_6335,Revenue Office,2026-01-20
DOC_S02884,S02884,Income Certificate,TPL_9755,Revenue Office,2026-01-20
DOC_S02885,S02885,Income Certificate,TPL_1923,Revenue Office,2026-01-20
DOC_S02886,S02886,Income Certificate,TPL_8590,Revenue Office,2026-01-20
DOC_S02887,S02887,Income Certificate,TPL_6320,Revenue Office,2026-01-20
DOC_S02888,S02888,Income Certificate,TPL_7653,Revenue Office,2026-01-20
DOC_S02889,S02889,Income Certificate,TPL_6951,Revenue Office,2026-01-20
DOC_S02890,S02890,Income Certificate,TPL_4519,Revenue Office,2026-01-20
DOC_S02891,S02891,Income Certificate,TPL_5919,Revenue Office,2026-01-20
DOC_S02892,S02892,Income Certificate,TPL_4790,Revenue Office,2026-01-20
DOC_S02893,S02893,Income Certificate,TPL_9538,Revenue Office,2026-01-20
DOC_S02894,S02894,Income Certificate,TPL_6777,Revenue Office,2026-01-20
DOC_S02895,S02895,Income Certificate,TPL_3974,Revenue Office,2026-01-20
DOC_S02896,S02896,Income Certificate,TPL_8907,Revenue Office,2026-01-20
DOC_S02897,S02897,Income Certificate,TPL_5574,Revenue Office,2026-01-20
DOC_S02898,S02898,Income Certificate,TPL_7512,Revenue Office,2026-01-20
DOC_S02899,S02899,Income Certificate,TPL_6594,Revenue Office,2026-01-20
DOC_S02900,S02900,Income Certificate,TPL_6575,Revenue Office,2026-01-20
DOC_S02901,S02901,Income Certificate,TPL_7710,Revenue Office,2026-01-20
DOC_S02902,S02902,Income Certificate,TPL_5874,Revenue Office,2026-01-20
DOC_S02903,S02903,Income Certificate,TPL_6383,Revenue Office,2026-01-20
DOC_S02904,S02904,Income Certificate,TPL_1841,Revenue Office,2026-01-20
DOC_S02905,S02905,Income Certificate,TPL_8403,Revenue Office,2026-01-20
DOC_S02906,S02906,Income Certificate,TPL_4376,Revenue Office,2026-01-20
DOC_S02907,S02907,Income Certificate,TPL_4439,Revenue Office,2026-01-20
DOC_S02908,S02908,Income Certificate,TPL_9827,Revenue Office,2026-01-20
DOC_S02909,S02909,Income Certificate,TPL_7068,Revenue Office,2026-01-20
DOC_S02910,S02910,Income Certificate,TPL_9267,Revenue Office,2026-01-20
DOC_S02911,S02911,Income Certificate,TPL_2991,Revenue Office,2026-01-20
DOC_S02912,S02912,Income Certificate,TPL_8771,Revenue Office,2026-01-20
DOC_S02913,S02913,Income Certificate,TPL_9765,Revenue Office,2026-01-20
DOC_S02914,S02914,Income Certificate,TPL_5904,Revenue Office,2026-01-20
DOC_S02915,S02915,Income Certificate,TPL_8206,Revenue Office,2026-01-20
DOC_S02916,S02916,Income Certificate,TPL_1988,Revenue Office,2026-01-20
DOC_S02917,S02917,Income Certificate,TPL_5035,Revenue Office,2026-01-20
DOC_S02918,S02918,Income Certificate,TPL_6850,Revenue Office,2026-01-20
DOC_S02919,S02919,Income Certificate,TPL_8725,Revenue Office,2026-01-20
DOC_S02920,S02920,Income Certificate,TPL_1076,Revenue Office,2026-01-20
DOC_S02921,S02921,Income Certificate,TPL_2254,Revenue Office,2026-01-20
DOC_S02922,S02922,Income Certificate,TPL_5908,Revenue Office,2026-01-20
DOC_S02923,S02923,Income Certificate,TPL_9034,Revenue Office,2026-01-20
DOC_S02924,S02924,Income Certificate,TPL_2678,Revenue Office,2026-01-20
DOC_S02925,S02925,Income Certificate,TPL_7746,Revenue Office,2026-01-20
DOC_S02926,S02926,Income Certificate,TPL_3845,Revenue Office,2026-01-20
DOC_S02927,S02927,Income Certificate,TPL_6384,Revenue Office,2026-01-20
DOC_S02928,S02928,Income Certificate,TPL_7960,Revenue Office,2026-01-20
DOC_S02929,S02929,Income Certificate,TPL_9255,Revenue Office,2026-01-20
DOC_S02930,S02930,Income Certificate,TPL_9388,Revenue Office,2026-01-20
DOC_S02931,S02931,Income Certificate,TPL_1204,Revenue Office,2026-01-20
DOC_S02932,S02932,Income Certificate,TPL_3183,Revenue Office,2026-01-20
DOC_S02933,S02933,Income Certificate,TPL_8376,Revenue Office,2026-01-20
DOC_S02934,S02934,Income Certificate,TPL_5458,Revenue Office,2026-01-20
DOC_S02935,S02935,Income Certificate,TPL_2618,Revenue Office,2026-01-20
DOC_S02936,S02936,Income Certificate,TPL_8776,Revenue Office,2026-01-20
DOC_S02937,S02937,Income Certificate,TPL_3361,Revenue Office,2026-01-20
DOC_S02938,S02938,Income Certificate,TPL_1845,Revenue Office,2026-01-20
DOC_S02939,S02939,Income Certificate,TPL_7543,Revenue Office,2026-01-20
DOC_S02940,S02940,Income Certificate,TPL_7404,Revenue Office,2026-01-20
DOC_S02941,S02941,Income Certificate,TPL_1491,Revenue Office,2026-01-20
DOC_S02942,S02942,Income Certificate,TPL_8560,Revenue Office,2026-01-20
DOC_S02943,S02943,Income Certificate,TPL_1675,Revenue Office,2026-01-20
DOC_S02944,S02944,Income Certificate,TPL_5159,Revenue Office,2026-01-20
DOC_S02945,S02945,Income Certificate,TPL_8765,Revenue Office,2026-01-20
DOC_S02946,S02946,Income Certificate,TPL_5940,Revenue Office,2026-01-20
DOC_S02947,S02947,Income Certificate,TPL_5421,Revenue Office,2026-01-20
DOC_S02948,S02948,Income Certificate,TPL_3953,Revenue Office,2026-01-20
DOC_S02949,S02949,Income Certificate,TPL_7700,Revenue Office,2026-01-20
DOC_S02950,S02950,Income Certificate,TPL_5429,Revenue Office,2026-01-20
DOC_S02951,S02951,Income Certificate,TPL_6237,Revenue Office,2026-01-20
DOC_S02952,S02952,Income Certificate,TPL_5678,Revenue Office,2026-01-20
DOC_S02953,S02953,Income Certificate,TPL_8595,Revenue Office,2026-01-20
DOC_S02954,S02954,Income Certificate,TPL_4780,Revenue Office,2026-01-20
DOC_S02955,S02955,Income Certificate,TPL_3140,Revenue Office,2026-01-20
DOC_S02956,S02956,Income Certificate,TPL_7439,Revenue Office,2026-01-20
DOC_S02957,S02957,Income Certificate,TPL_8357,Revenue Office,2026-01-20
DOC_S02958,S02958,Income Certificate,TPL_5494,Revenue Office,2026-01-20
DOC_S02959,S02959,Income Certificate,TPL_6387,Revenue Office,2026-01-20
DOC_S02960,S02960,Income Certificate,TPL_5779,Revenue Office,2026-01-20
DOC_S02961,S02961,Income Certificate,TPL_2474,Revenue Office,2026-01-20
DOC_S02962,S02962,Income Certificate,TPL_3494,Revenue Office,2026-01-20
DOC_S02963,S02963,Income Certificate,TPL_1145,Revenue Office,2026-01-20
DOC_S02964,S02964,Income Certificate,TPL_5013,Revenue Office,2026-01-20
DOC_S02965,S02965,Income Certificate,TPL_2585,Revenue Office,2026-01-20
DOC_S02966,S02966,Income Certificate,TPL_7051,Revenue Office,2026-01-20
DOC_S02967,S02967,Income Certificate,TPL_1197,Revenue Office,2026-01-20
DOC_S02968,S02968,Income Certificate,TPL_6269,Revenue Office,2026-01-20
DOC_S02969,S02969,Income Certificate,TPL_2564,Revenue Office,2026-01-20
DOC_S02970,S02970,Income Certificate,TPL_9306,Revenue Office,2026-01-20
DOC_S02971,S02971,Income Certificate,TPL_9697,Revenue Office,2026-01-20
DOC_S02972,S02972,Income Certificate,TPL_6873,Revenue Office,2026-01-20
DOC_S02973,S02973,Income Certificate,TPL_3612,Revenue Office,2026-01-20
DOC_S02974,S02974,Income Certificate,TPL_2137,Revenue Office,2026-01-20
DOC_S02975,S02975,Income Certificate,TPL_4589,Revenue Office,2026-01-20
DOC_S02976,S02976,Income Certificate,TPL_3348,Revenue Office,2026-01-20
DOC_S02977,S02977,Income Certificate,TPL_6748,Revenue Office,2026-01-20
DOC_S02978,S02978,Income Certificate,TPL_6326,Revenue Office,2026-01-20
DOC_S02979,S02979,Income Certificate,TPL_7272,Revenue Office,2026-01-20
DOC_S02980,S02980,Income Certificate,TPL_4358,Revenue Office,2026-01-20
DOC_S02981,S02981,Income Certificate,TPL_3673,Revenue Office,2026-01-20
DOC_S02982,S02982,Income Certificate,TPL_1062,Revenue Office,2026-01-20
DOC_S02983,S02983,Income Certificate,TPL_7697,Revenue Office,2026-01-20
DOC_S02984,S02984,Income Certificate,TPL_3615,Revenue Office,2026-01-20
DOC_S02985,S02985,Income Certificate,TPL_3057,Revenue Office,2026-01-20
DOC_S02986,S02986,Income Certificate,TPL_7199,Revenue Office,2026-01-20
DOC_S02987,S02987,Income Certificate,TPL_6847,Revenue Office,2026-01-20
DOC_S02988,S02988,Income Certificate,TPL_3027,Revenue Office,2026-01-20
DOC_S02989,S02989,Income Certificate,TPL_8029,Revenue Office,2026-01-20
DOC_S02990,S02990,Income Certificate,TPL_9654,Revenue Office,2026-01-20
DOC_S02991,S02991,Income Certificate,TPL_1716,Revenue Office,2026-01-20
DOC_S02992,S02992,Income Certificate,TPL_5049,Revenue Office,2026-01-20
DOC_S02993,S02993,Income Certificate,TPL_9277,Revenue Office,2026-01-20
DOC_S02994,S02994,Income Certificate,TPL_1810,Revenue Office,2026-01-20
DOC_S02995,S02995,Income Certificate,TPL_2620,Revenue Office,2026-01-20
DOC_S02996,S02996,Income Certificate,TPL_3549,Revenue Office,2026-01-20
DOC_S02997,S02997,Income Certificate,TPL_9583,Revenue Office,2026-01-20
DOC_S02998,S02998,Income Certificate,TPL_6532,Revenue Office,2026-01-20
DOC_S02999,S02999,Income Certificate,TPL_8667,Revenue Office,2026-01-20
DOC_S03000,S03000,Income Certificate,TPL_9388,Revenue Office,2026-01-20
DOC_S03001,S03001,Income Certificate,TPL_9773,Revenue Office,2026-01-20
DOC_S03002,S03002,Income Certificate,TPL_3982,Revenue Office,2026-01-20
DOC_S03003,S03003,Income Certificate,TPL_5208,Revenue Office,2026-01-20
DOC_S03004,S03004,Income Certificate,TPL_7401,Revenue Office,2026-01-20
DOC_S03005,S03005,Income Certificate,TPL_1326,Revenue Office,2026-01-20
DOC_S03006,S03006,Income Certificate,TPL_6974,Revenue Office,2026-01-20
DOC_S03007,S03007,Income Certificate,TPL_8869,Revenue Office,2026-01-20
DOC_S03008,S03008,Income Certificate,TPL_5621,Revenue Office,2026-01-20
DOC_S03009,S03009,Income Certificate,TPL_2080,Revenue Office,2026-01-20
DOC_S03010,S03010,Income Certificate,TPL_4745,Revenue Office,2026-01-20
DOC_S03011,S03011,Income Certificate,TPL_7623,Revenue Office,2026-01-20
DOC_S03012,S03012,Income Certificate,TPL_1051,Revenue Office,2026-01-20
DOC_S03013,S03013,Income Certificate,TPL_7954,Revenue Office,2026-01-20
DOC_S03014,S03014,Income Certificate,TPL_3241,Revenue Office,2026-01-20
DOC_S03015,S03015,Income Certificate,TPL_9155,Revenue Office,2026-01-20
DOC_S03016,S03016,Income Certificate,TPL_3634,Revenue Office,2026-01-20
DOC_S03017,S03017,Income Certificate,TPL_3315,Revenue Office,2026-01-20
DOC_S03018,S03018,Income Certificate,TPL_3007,Revenue Office,2026-01-20
DOC_S03019,S03019,Income Certificate,TPL_2600,Revenue Office,2026-01-20
DOC_S03020,S03020,Income Certificate,TPL_9245,Revenue Office,2026-01-20
DOC_S03021,S03021,Income Certificate,TPL_9652,Revenue Office,2026-01-20
DOC_S03022,S03022,Income Certificate,TPL_3229,Revenue Office,2026-01-20
DOC_S03023,S03023,Income Certificate,TPL_8796,Revenue Office,2026-01-20
DOC_S03024,S03024,Income Certificate,TPL_8785,Revenue Office,2026-01-20
DOC_S03025,S03025,Income Certificate,TPL_6482,Revenue Office,2026-01-20
DOC_S03026,S03026,Income Certificate,TPL_8770,Revenue Office,2026-01-20
DOC_S03027,S03027,Income Certificate,TPL_4143,Revenue Office,2026-01-20
DOC_S03028,S03028,Income Certificate,TPL_9188,Revenue Office,2026-01-20
DOC_S03029,S03029,Income Certificate,TPL_8812,Revenue Office,2026-01-20
DOC_S03030,S03030,Income Certificate,TPL_3412,Revenue Office,2026-01-20
DOC_S03031,S03031,Income Certificate,TPL_7929,Revenue Office,2026-01-20
DOC_S03032,S03032,Income Certificate,TPL_7621,Revenue Office,2026-01-20
DOC_S03033,S03033,Income Certificate,TPL_1484,Revenue Office,2026-01-20
DOC_S03034,S03034,Income Certificate,TPL_5401,Revenue Office,2026-01-20
DOC_S03035,S03035,Income Certificate,TPL_4178,Revenue Office,2026-01-20
DOC_S03036,S03036,Income Certificate,TPL_4026,Revenue Office,2026-01-20
DOC_S03037,S03037,Income Certificate,TPL_8267,Revenue Office,2026-01-20
DOC_S03038,S03038,Income Certificate,TPL_5261,Revenue Office,2026-01-20
DOC_S03039,S03039,Income Certificate,TPL_3084,Revenue Office,2026-01-20
DOC_S03040,S03040,Income Certificate,TPL_6702,Revenue Office,2026-01-20
DOC_S03041,S03041,Income Certificate,TPL_3812,Revenue Office,2026-01-20
DOC_S03042,S03042,Income Certificate,TPL_7121,Revenue Office,2026-01-20
DOC_S03043,S03043,Income Certificate,TPL_3779,Revenue Office,2026-01-20
DOC_S03044,S03044,Income Certificate,TPL_7085,Revenue Office,2026-01-20
DOC_S03045,S03045,Income Certificate,TPL_4152,Revenue Office,2026-01-20
DOC_S03046,S03046,Income Certificate,TPL_6429,Revenue Office,2026-01-20
DOC_S03047,S03047,Income Certificate,TPL_7632,Revenue Office,2026-01-20
DOC_S03048,S03048,Income Certificate,TPL_4157,Revenue Office,2026-01-20
DOC_S03049,S03049,Income Certificate,TPL_9820,Revenue Office,2026-01-20
DOC_S03050,S03050,Income Certificate,TPL_6461,Revenue Office,2026-01-20
DOC_S03051,S03051,Income Certificate,TPL_7577,Revenue Office,2026-01-20
DOC_S03052,S03052,Income Certificate,TPL_3986,Revenue Office,2026-01-20
DOC_S03053,S03053,Income Certificate,TPL_7480,Revenue Office,2026-01-20
DOC_S03054,S03054,Income Certificate,TPL_7939,Revenue Office,2026-01-20
DOC_S03055,S03055,Income Certificate,TPL_7975,Revenue Office,2026-01-20
DOC_S03056,S03056,Income Certificate,TPL_5400,Revenue Office,2026-01-20
DOC_S03057,S03057,Income Certificate,TPL_6810,Revenue Office,2026-01-20
DOC_S03058,S03058,Income Certificate,TPL_8235,Revenue Office,2026-01-20
DOC_S03059,S03059,Income Certificate,TPL_3512,Revenue Office,2026-01-20
DOC_S03060,S03060,Income Certificate,TPL_2793,Revenue Office,2026-01-20
DOC_S03061,S03061,Income Certificate,TPL_4248,Revenue Office,2026-01-20
DOC_S03062,S03062,Income Certificate,TPL_2560,Revenue Office,2026-01-20
DOC_S03063,S03063,Income Certificate,TPL_9248,Revenue Office,2026-01-20
DOC_S03064,S03064,Income Certificate,TPL_8163,Revenue Office,2026-01-20
DOC_S03065,S03065,Income Certificate,TPL_3757,Revenue Office,2026-01-20
DOC_S03066,S03066,Income Certificate,TPL_3765,Revenue Office,2026-01-20
DOC_S03067,S03067,Income Certificate,TPL_3752,Revenue Office,2026-01-20
DOC_S03068,S03068,Income Certificate,TPL_1208,Revenue Office,2026-01-20
DOC_S03069,S03069,Income Certificate,TPL_7462,Revenue Office,2026-01-20
DOC_S03070,S03070,Income Certificate,TPL_1862,Revenue Office,2026-01-20
DOC_S03071,S03071,Income Certificate,TPL_2226,Revenue Office,2026-01-20
DOC_S03072,S03072,Income Certificate,TPL_3910,Revenue Office,2026-01-20
DOC_S03073,S03073,Income Certificate,TPL_9665,Revenue Office,2026-01-20
DOC_S03074,S03074,Income Certificate,TPL_8766,Revenue Office,2026-01-20
DOC_S03075,S03075,Income Certificate,TPL_8586,Revenue Office,2026-01-20
DOC_S03076,S03076,Income Certificate,TPL_4368,Revenue Office,2026-01-20
DOC_S03077,S03077,Income Certificate,TPL_3248,Revenue Office,2026-01-20
DOC_S03078,S03078,Income Certificate,TPL_3927,Revenue Office,2026-01-20
DOC_S03079,S03079,Income Certificate,TPL_5789,Revenue Office,2026-01-20
DOC_S03080,S03080,Income Certificate,TPL_9382,Revenue Office,2026-01-20
DOC_S03081,S03081,Income Certificate,TPL_3763,Revenue Office,2026-01-20
DOC_S03082,S03082,Income Certificate,TPL_4588,Revenue Office,2026-01-20
DOC_S03083,S03083,Income Certificate,TPL_6880,Revenue Office,2026-01-20
DOC_S03084,S03084,Income Certificate,TPL_1679,Revenue Office,2026-01-20
DOC_S03085,S03085,Income Certificate,TPL_4721,Revenue Office,2026-01-20
DOC_S03086,S03086,Income Certificate,TPL_4841,Revenue Office,2026-01-20
DOC_S03087,S03087,Income Certificate,TPL_1817,Revenue Office,2026-01-20
DOC_S03088,S03088,Income Certificate,TPL_5291,Revenue Office,2026-01-20
DOC_S03089,S03089,Income Certificate,TPL_8657,Revenue Office,2026-01-20
DOC_S03090,S03090,Income Certificate,TPL_7025,Revenue Office,2026-01-20
DOC_S03091,S03091,Income Certificate,TPL_2802,Revenue Office,2026-01-20
DOC_S03092,S03092,Income Certificate,TPL_4869,Revenue Office,2026-01-20
DOC_S03093,S03093,Income Certificate,TPL_5024,Revenue Office,2026-01-20
DOC_S03094,S03094,Income Certificate,TPL_2970,Revenue Office,2026-01-20
DOC_S03095,S03095,Income Certificate,TPL_9386,Revenue Office,2026-01-20
DOC_S03096,S03096,Income Certificate,TPL_7344,Revenue Office,2026-01-20
DOC_S03097,S03097,Income Certificate,TPL_8890,Revenue Office,2026-01-20
DOC_S03098,S03098,Income Certificate,TPL_3261,Revenue Office,2026-01-20
DOC_S03099,S03099,Income Certificate,TPL_1487,Revenue Office,2026-01-20
DOC_S03100,S03100,Income Certificate,TPL_1242,Revenue Office,2026-01-20
DOC_S03101,S03101,Income Certificate,TPL_9036,Revenue Office,2026-01-20
DOC_S03102,S03102,Income Certificate,TPL_1099,Revenue Office,2026-01-20
DOC_S03103,S03103,Income Certificate,TPL_9774,Revenue Office,2026-01-20
DOC_S03104,S03104,Income Certificate,TPL_2850,Revenue Office,2026-01-20
DOC_S03105,S03105,Income Certificate,TPL_9824,Revenue Office,2026-01-20
DOC_S03106,S03106,Income Certificate,TPL_5553,Revenue Office,2026-01-20
DOC_S03107,S03107,Income Certificate,TPL_8724,Revenue Office,2026-01-20
DOC_S03108,S03108,Income Certificate,TPL_6631,Revenue Office,2026-01-20
DOC_S03109,S03109,Income Certificate,TPL_3325,Revenue Office,2026-01-20
DOC_S03110,S03110,Income Certificate,TPL_2874,Revenue Office,2026-01-20
DOC_S03111,S03111,Income Certificate,TPL_9837,Revenue Office,2026-01-20
DOC_S03112,S03112,Income Certificate,TPL_3848,Revenue Office,2026-01-20
DOC_S03113,S03113,Income Certificate,TPL_9317,Revenue Office,2026-01-20
DOC_S03114,S03114,Income Certificate,TPL_9844,Revenue Office,2026-01-20
DOC_S03115,S03115,Income Certificate,TPL_1254,Revenue Office,2026-01-20
DOC_S03116,S03116,Income Certificate,TPL_3870,Revenue Office,2026-01-20
DOC_S03117,S03117,Income Certificate,TPL_4012,Revenue Office,2026-01-20
DOC_S03118,S03118,Income Certificate,TPL_3336,Revenue Office,2026-01-20
DOC_S03119,S03119,Income Certificate,TPL_1146,Revenue Office,2026-01-20
DOC_S03120,S03120,Income Certificate,TPL_8354,Revenue Office,2026-01-20
DOC_S03121,S03121,Income Certificate,TPL_5191,Revenue Office,2026-01-20
DOC_S03122,S03122,Income Certificate,TPL_7555,Revenue Office,2026-01-20
DOC_S03123,S03123,Income Certificate,TPL_7554,Revenue Office,2026-01-20
DOC_S03124,S03124,Income Certificate,TPL_7680,Revenue Office,2026-01-20
DOC_S03125,S03125,Income Certificate,TPL_4047,Revenue Office,2026-01-20
DOC_S03126,S03126,Income Certificate,TPL_7831,Revenue Office,2026-01-20
DOC_S03127,S03127,Income Certificate,TPL_9981,Revenue Office,2026-01-20
DOC_S03128,S03128,Income Certificate,TPL_8388,Revenue Office,2026-01-20
DOC_S03129,S03129,Income Certificate,TPL_2567,Revenue Office,2026-01-20
DOC_S03130,S03130,Income Certificate,TPL_1161,Revenue Office,2026-01-20
DOC_S03131,S03131,Income Certificate,TPL_5996,Revenue Office,2026-01-20
DOC_S03132,S03132,Income Certificate,TPL_5923,Revenue Office,2026-01-20
DOC_S03133,S03133,Income Certificate,TPL_8123,Revenue Office,2026-01-20
DOC_S03134,S03134,Income Certificate,TPL_1186,Revenue Office,2026-01-20
DOC_S03135,S03135,Income Certificate,TPL_2676,Revenue Office,2026-01-20
DOC_S03136,S03136,Income Certificate,TPL_1556,Revenue Office,2026-01-20
DOC_S03137,S03137,Income Certificate,TPL_8349,Revenue Office,2026-01-20
DOC_S03138,S03138,Income Certificate,TPL_1110,Revenue Office,2026-01-20
DOC_S03139,S03139,Income Certificate,TPL_6173,Revenue Office,2026-01-20
DOC_S03140,S03140,Income Certificate,TPL_9131,Revenue Office,2026-01-20
DOC_S03141,S03141,Income Certificate,TPL_2162,Revenue Office,2026-01-20
DOC_S03142,S03142,Income Certificate,TPL_5815,Revenue Office,2026-01-20
DOC_S03143,S03143,Income Certificate,TPL_9757,Revenue Office,2026-01-20
DOC_S03144,S03144,Income Certificate,TPL_6265,Revenue Office,2026-01-20
DOC_S03145,S03145,Income Certificate,TPL_9818,Revenue Office,2026-01-20
DOC_S03146,S03146,Income Certificate,TPL_6800,Revenue Office,2026-01-20
DOC_S03147,S03147,Income Certificate,TPL_6992,Revenue Office,2026-01-20
DOC_S03148,S03148,Income Certificate,TPL_1828,Revenue Office,2026-01-20
DOC_S03149,S03149,Income Certificate,TPL_1301,Revenue Office,2026-01-20
DOC_S03150,S03150,Income Certificate,TPL_4424,Revenue Office,2026-01-20
DOC_S03151,S03151,Income Certificate,TPL_7542,Revenue Office,2026-01-20
DOC_S03152,S03152,Income Certificate,TPL_6270,Revenue Office,2026-01-20
DOC_S03153,S03153,Income Certificate,TPL_4878,Revenue Office,2026-01-20
DOC_S03154,S03154,Income Certificate,TPL_1338,Revenue Office,2026-01-20
DOC_S03155,S03155,Income Certificate,TPL_3755,Revenue Office,2026-01-20
DOC_S03156,S03156,Income Certificate,TPL_2292,Revenue Office,2026-01-20
DOC_S03157,S03157,Income Certificate,TPL_1770,Revenue Office,2026-01-20
DOC_S03158,S03158,Income Certificate,TPL_1529,Revenue Office,2026-01-20
DOC_S03159,S03159,Income Certificate,TPL_6953,Revenue Office,2026-01-20
DOC_S03160,S03160,Income Certificate,TPL_4222,Revenue Office,2026-01-20
DOC_S03161,S03161,Income Certificate,TPL_8961,Revenue Office,2026-01-20
DOC_S03162,S03162,Income Certificate,TPL_1045,Revenue Office,2026-01-20
DOC_S03163,S03163,Income Certificate,TPL_8346,Revenue Office,2026-01-20
DOC_S03164,S03164,Income Certificate,TPL_7484,Revenue Office,2026-01-20
DOC_S03165,S03165,Income Certificate,TPL_9929,Revenue Office,2026-01-20
DOC_S03166,S03166,Income Certificate,TPL_1472,Revenue Office,2026-01-20
DOC_S03167,S03167,Income Certificate,TPL_4789,Revenue Office,2026-01-20
DOC_S03168,S03168,Income Certificate,TPL_1704,Revenue Office,2026-01-20
DOC_S03169,S03169,Income Certificate,TPL_1718,Revenue Office,2026-01-20
DOC_S03170,S03170,Income Certificate,TPL_2483,Revenue Office,2026-01-20
DOC_S03171,S03171,Income Certificate,TPL_5636,Revenue Office,2026-01-20
DOC_S03172,S03172,Income Certificate,TPL_9082,Revenue Office,2026-01-20
DOC_S03173,S03173,Income Certificate,TPL_9876,Revenue Office,2026-01-20
DOC_S03174,S03174,Income Certificate,TPL_1262,Revenue Office,2026-01-20
DOC_S03175,S03175,Income Certificate,TPL_4774,Revenue Office,2026-01-20
DOC_S03176,S03176,Income Certificate,TPL_9627,Revenue Office,2026-01-20
DOC_S03177,S03177,Income Certificate,TPL_5347,Revenue Office,2026-01-20
DOC_S03178,S03178,Income Certificate,TPL_8660,Revenue Office,2026-01-20
DOC_S03179,S03179,Income Certificate,TPL_4519,Revenue Office,2026-01-20
DOC_S03180,S03180,Income Certificate,TPL_8536,Revenue Office,2026-01-20
DOC_S03181,S03181,Income Certificate,TPL_2453,Revenue Office,2026-01-20
DOC_S03182,S03182,Income Certificate,TPL_8085,Revenue Office,2026-01-20
DOC_S03183,S03183,Income Certificate,TPL_7633,Revenue Office,2026-01-20
DOC_S03184,S03184,Income Certificate,TPL_8539,Revenue Office,2026-01-20
DOC_S03185,S03185,Income Certificate,TPL_9764,Revenue Office,2026-01-20
DOC_S03186,S03186,Income Certificate,TPL_2538,Revenue Office,2026-01-20
DOC_S03187,S03187,Income Certificate,TPL_5864,Revenue Office,2026-01-20
DOC_S03188,S03188,Income Certificate,TPL_6429,Revenue Office,2026-01-20
DOC_S03189,S03189,Income Certificate,TPL_2137,Revenue Office,2026-01-20
DOC_S03190,S03190,Income Certificate,TPL_4497,Revenue Office,2026-01-20
DOC_S03191,S03191,Income Certificate,TPL_4338,Revenue Office,2026-01-20
DOC_S03192,S03192,Income Certificate,TPL_1463,Revenue Office,2026-01-20
DOC_S03193,S03193,Income Certificate,TPL_9248,Revenue Office,2026-01-20
DOC_S03194,S03194,Income Certificate,TPL_1878,Revenue Office,2026-01-20
DOC_S03195,S03195,Income Certificate,TPL_7885,Revenue Office,2026-01-20
DOC_S03196,S03196,Income Certificate,TPL_7632,Revenue Office,2026-01-20
DOC_S03197,S03197,Income Certificate,TPL_8337,Revenue Office,2026-01-20
DOC_S03198,S03198,Income Certificate,TPL_8936,Revenue Office,2026-01-20
DOC_S03199,S03199,Income Certificate,TPL_1563,Revenue Office,2026-01-20
DOC_S03200,S03200,Income Certificate,TPL_3341,Revenue Office,2026-01-20
DOC_S03201,S03201,Income Certificate,TPL_2652,Revenue Office,2026-01-20
DOC_S03202,S03202,Income Certificate,TPL_6561,Revenue Office,2026-01-20
DOC_S03203,S03203,Income Certificate,TPL_9700,Revenue Office,2026-01-20
DOC_S03204,S03204,Income Certificate,TPL_9257,Revenue Office,2026-01-20
DOC_S03205,S03205,Income Certificate,TPL_1947,Revenue Office,2026-01-20
DOC_S03206,S03206,Income Certificate,TPL_4275,Revenue Office,2026-01-20
DOC_S03207,S03207,Income Certificate,TPL_9442,Revenue Office,2026-01-20
DOC_S03208,S03208,Income Certificate,TPL_8287,Revenue Office,2026-01-20
DOC_S03209,S03209,Income Certificate,TPL_1121,Revenue Office,2026-01-20
DOC_S03210,S03210,Income Certificate,TPL_9179,Revenue Office,2026-01-20
DOC_S03211,S03211,Income Certificate,TPL_8060,Revenue Office,2026-01-20
DOC_S03212,S03212,Income Certificate,TPL_3175,Revenue Office,2026-01-20
DOC_S03213,S03213,Income Certificate,TPL_5956,Revenue Office,2026-01-20
DOC_S03214,S03214,Income Certificate,TPL_4302,Revenue Office,2026-01-20
DOC_S03215,S03215,Income Certificate,TPL_8415,Revenue Office,2026-01-20
DOC_S03216,S03216,Income Certificate,TPL_1995,Revenue Office,2026-01-20
DOC_S03217,S03217,Income Certificate,TPL_2133,Revenue Office,2026-01-20
DOC_S03218,S03218,Income Certificate,TPL_8942,Revenue Office,2026-01-20
DOC_S03219,S03219,Income Certificate,TPL_6940,Revenue Office,2026-01-20
DOC_S03220,S03220,Income Certificate,TPL_7187,Revenue Office,2026-01-20
DOC_S03221,S03221,Income Certificate,TPL_5115,Revenue Office,2026-01-20
DOC_S03222,S03222,Income Certificate,TPL_5111,Revenue Office,2026-01-20
DOC_S03223,S03223,Income Certificate,TPL_4132,Revenue Office,2026-01-20
DOC_S03224,S03224,Income Certificate,TPL_5680,Revenue Office,2026-01-20
DOC_S03225,S03225,Income Certificate,TPL_9563,Revenue Office,2026-01-20
DOC_S03226,S03226,Income Certificate,TPL_9426,Revenue Office,2026-01-20
DOC_S03227,S03227,Income Certificate,TPL_7172,Revenue Office,2026-01-20
DOC_S03228,S03228,Income Certificate,TPL_2616,Revenue Office,2026-01-20
DOC_S03229,S03229,Income Certificate,TPL_2511,Revenue Office,2026-01-20
DOC_S03230,S03230,Income Certificate,TPL_6118,Revenue Office,2026-01-20
DOC_S03231,S03231,Income Certificate,TPL_8762,Revenue Office,2026-01-20
DOC_S03232,S03232,Income Certificate,TPL_1927,Revenue Office,2026-01-20
DOC_S03233,S03233,Income Certificate,TPL_8317,Revenue Office,2026-01-20
DOC_S03234,S03234,Income Certificate,TPL_9598,Revenue Office,2026-01-20
DOC_S03235,S03235,Income Certificate,TPL_6779,Revenue Office,2026-01-20
DOC_S03236,S03236,Income Certificate,TPL_7399,Revenue Office,2026-01-20
DOC_S03237,S03237,Income Certificate,TPL_1276,Revenue Office,2026-01-20
DOC_S03238,S03238,Income Certificate,TPL_2876,Revenue Office,2026-01-20
DOC_S03239,S03239,Income Certificate,TPL_9847,Revenue Office,2026-01-20
DOC_S03240,S03240,Income Certificate,TPL_7582,Revenue Office,2026-01-20
DOC_S03241,S03241,Income Certificate,TPL_3358,Revenue Office,2026-01-20
DOC_S03242,S03242,Income Certificate,TPL_8440,Revenue Office,2026-01-20
DOC_S03243,S03243,Income Certificate,TPL_6543,Revenue Office,2026-01-20
DOC_S03244,S03244,Income Certificate,TPL_4572,Revenue Office,2026-01-20
DOC_S03245,S03245,Income Certificate,TPL_2533,Revenue Office,2026-01-20
DOC_S03246,S03246,Income Certificate,TPL_5315,Revenue Office,2026-01-20
DOC_S03247,S03247,Income Certificate,TPL_2677,Revenue Office,2026-01-20
DOC_S03248,S03248,Income Certificate,TPL_2865,Revenue Office,2026-01-20
DOC_S03249,S03249,Income Certificate,TPL_8378,Revenue Office,2026-01-20
DOC_S03250,S03250,Income Certificate,TPL_7985,Revenue Office,2026-01-20
DOC_S03251,S03251,Income Certificate,TPL_1354,Revenue Office,2026-01-20
DOC_S03252,S03252,Income Certificate,TPL_4412,Revenue Office,2026-01-20
DOC_S03253,S03253,Income Certificate,TPL_4826,Revenue Office,2026-01-20
DOC_S03254,S03254,Income Certificate,TPL_6430,Revenue Office,2026-01-20
DOC_S03255,S03255,Income Certificate,TPL_2130,Revenue Office,2026-01-20
DOC_S03256,S03256,Income Certificate,TPL_8644,Revenue Office,2026-01-20
DOC_S03257,S03257,Income Certificate,TPL_6844,Revenue Office,2026-01-20
DOC_S03258,S03258,Income Certificate,TPL_2042,Revenue Office,2026-01-20
DOC_S03259,S03259,Income Certificate,TPL_2620,Revenue Office,2026-01-20
DOC_S03260,S03260,Income Certificate,TPL_5180,Revenue Office,2026-01-20
DOC_S03261,S03261,Income Certificate,TPL_7636,Revenue Office,2026-01-20
DOC_S03262,S03262,Income Certificate,TPL_1484,Revenue Office,2026-01-20
DOC_S03263,S03263,Income Certificate,TPL_7185,Revenue Office,2026-01-20
DOC_S03264,S03264,Income Certificate,TPL_5552,Revenue Office,2026-01-20
DOC_S03265,S03265,Income Certificate,TPL_9916,Revenue Office,2026-01-20
DOC_S03266,S03266,Income Certificate,TPL_6866,Revenue Office,2026-01-20
DOC_S03267,S03267,Income Certificate,TPL_2970,Revenue Office,2026-01-20
DOC_S03268,S03268,Income Certificate,TPL_7479,Revenue Office,2026-01-20
DOC_S03269,S03269,Income Certificate,TPL_3101,Revenue Office,2026-01-20
DOC_S03270,S03270,Income Certificate,TPL_6832,Revenue Office,2026-01-20
DOC_S03271,S03271,Income Certificate,TPL_4544,Revenue Office,2026-01-20
DOC_S03272,S03272,Income Certificate,TPL_2041,Revenue Office,2026-01-20
DOC_S03273,S03273,Income Certificate,TPL_4746,Revenue Office,2026-01-20
DOC_S03274,S03274,Income Certificate,TPL_7192,Revenue Office,2026-01-20
DOC_S03275,S03275,Income Certificate,TPL_8503,Revenue Office,2026-01-20
DOC_S03276,S03276,Income Certificate,TPL_5743,Revenue Office,2026-01-20
DOC_S03277,S03277,Income Certificate,TPL_1845,Revenue Office,2026-01-20
DOC_S03278,S03278,Income Certificate,TPL_6317,Revenue Office,2026-01-20
DOC_S03279,S03279,Income Certificate,TPL_9986,Revenue Office,2026-01-20
DOC_S03280,S03280,Income Certificate,TPL_3111,Revenue Office,2026-01-20
DOC_S03281,S03281,Income Certificate,TPL_2181,Revenue Office,2026-01-20
DOC_S03282,S03282,Income Certificate,TPL_4198,Revenue Office,2026-01-20
DOC_S03283,S03283,Income Certificate,TPL_3755,Revenue Office,2026-01-20
DOC_S03284,S03284,Income Certificate,TPL_2689,Revenue Office,2026-01-20
DOC_S03285,S03285,Income Certificate,TPL_3304,Revenue Office,2026-01-20
DOC_S03286,S03286,Income Certificate,TPL_4017,Revenue Office,2026-01-20
DOC_S03287,S03287,Income Certificate,TPL_9752,Revenue Office,2026-01-20
DOC_S03288,S03288,Income Certificate,TPL_9470,Revenue Office,2026-01-20
DOC_S03289,S03289,Income Certificate,TPL_4548,Revenue Office,2026-01-20
DOC_S03290,S03290,Income Certificate,TPL_3838,Revenue Office,2026-01-20
DOC_S03291,S03291,Income Certificate,TPL_8435,Revenue Office,2026-01-20
DOC_S03292,S03292,Income Certificate,TPL_7631,Revenue Office,2026-01-20
DOC_S03293,S03293,Income Certificate,TPL_8994,Revenue Office,2026-01-20
DOC_S03294,S03294,Income Certificate,TPL_7823,Revenue Office,2026-01-20
DOC_S03295,S03295,Income Certificate,TPL_8234,Revenue Office,2026-01-20
DOC_S03296,S03296,Income Certificate,TPL_7680,Revenue Office,2026-01-20
DOC_S03297,S03297,Income Certificate,TPL_9091,Revenue Office,2026-01-20
DOC_S03298,S03298,Income Certificate,TPL_7854,Revenue Office,2026-01-20
DOC_S03299,S03299,Income Certificate,TPL_5036,Revenue Office,2026-01-20
DOC_S03300,S03300,Income Certificate,TPL_8706,Revenue Office,2026-01-20
DOC_S03301,S03301,Income Certificate,TPL_9193,Revenue Office,2026-01-20
DOC_S03302,S03302,Income Certificate,TPL_1378,Revenue Office,2026-01-20
DOC_S03303,S03303,Income Certificate,TPL_8896,Revenue Office,2026-01-20
DOC_S03304,S03304,Income Certificate,TPL_3159,Revenue Office,2026-01-20
DOC_S03305,S03305,Income Certificate,TPL_3361,Revenue Office,2026-01-20
DOC_S03306,S03306,Income Certificate,TPL_8536,Revenue Office,2026-01-20
DOC_S03307,S03307,Income Certificate,TPL_9284,Revenue Office,2026-01-20
DOC_S03308,S03308,Income Certificate,TPL_8539,Revenue Office,2026-01-20
DOC_S03309,S03309,Income Certificate,TPL_1538,Revenue Office,2026-01-20
DOC_S03310,S03310,Income Certificate,TPL_5458,Revenue Office,2026-01-20
DOC_S03311,S03311,Income Certificate,TPL_5483,Revenue Office,2026-01-20
DOC_S03312,S03312,Income Certificate,TPL_9087,Revenue Office,2026-01-20
DOC_S03313,S03313,Income Certificate,TPL_1779,Revenue Office,2026-01-20
DOC_S03314,S03314,Income Certificate,TPL_2950,Revenue Office,2026-01-20
DOC_S03315,S03315,Income Certificate,TPL_5224,Revenue Office,2026-01-20
DOC_S03316,S03316,Income Certificate,TPL_2223,Revenue Office,2026-01-20
DOC_S03317,S03317,Income Certificate,TPL_6307,Revenue Office,2026-01-20
DOC_S03318,S03318,Income Certificate,TPL_6069,Revenue Office,2026-01-20
DOC_S03319,S03319,Income Certificate,TPL_2507,Revenue Office,2026-01-20
DOC_S03320,S03320,Income Certificate,TPL_4491,Revenue Office,2026-01-20
DOC_S03321,S03321,Income Certificate,TPL_1614,Revenue Office,2026-01-20
DOC_S03322,S03322,Income Certificate,TPL_5690,Revenue Office,2026-01-20
DOC_S03323,S03323,Income Certificate,TPL_6431,Revenue Office,2026-01-20
DOC_S03324,S03324,Income Certificate,TPL_6642,Revenue Office,2026-01-20
DOC_S03325,S03325,Income Certificate,TPL_8971,Revenue Office,2026-01-20
DOC_S03326,S03326,Income Certificate,TPL_5625,Revenue Office,2026-01-20
DOC_S03327,S03327,Income Certificate,TPL_4411,Revenue Office,2026-01-20
DOC_S03328,S03328,Income Certificate,TPL_8465,Revenue Office,2026-01-20
DOC_S03329,S03329,Income Certificate,TPL_1369,Revenue Office,2026-01-20
DOC_S03330,S03330,Income Certificate,TPL_9343,Revenue Office,2026-01-20
DOC_S03331,S03331,Income Certificate,TPL_7703,Revenue Office,2026-01-20
DOC_S03332,S03332,Income Certificate,TPL_8728,Revenue Office,2026-01-20
DOC_S03333,S03333,Income Certificate,TPL_3965,Revenue Office,2026-01-20
DOC_S03334,S03334,Income Certificate,TPL_4155,Revenue Office,2026-01-20
DOC_S03335,S03335,Income Certificate,TPL_8411,Revenue Office,2026-01-20
DOC_S03336,S03336,Income Certificate,TPL_6151,Revenue Office,2026-01-20
DOC_S03337,S03337,Income Certificate,TPL_9017,Revenue Office,2026-01-20
DOC_S03338,S03338,Income Certificate,TPL_1281,Revenue Office,2026-01-20
DOC_S03339,S03339,Income Certificate,TPL_3068,Revenue Office,2026-01-20
DOC_S03340,S03340,Income Certificate,TPL_5715,Revenue Office,2026-01-20
DOC_S03341,S03341,Income Certificate,TPL_1408,Revenue Office,2026-01-20
DOC_S03342,S03342,Income Certificate,TPL_5105,Revenue Office,2026-01-20
DOC_S03343,S03343,Income Certificate,TPL_9077,Revenue Office,2026-01-20
DOC_S03344,S03344,Income Certificate,TPL_7866,Revenue Office,2026-01-20
DOC_S03345,S03345,Income Certificate,TPL_1242,Revenue Office,2026-01-20
DOC_S03346,S03346,Income Certificate,TPL_5478,Revenue Office,2026-01-20
DOC_S03347,S03347,Income Certificate,TPL_1959,Revenue Office,2026-01-20
DOC_S03348,S03348,Income Certificate,TPL_7517,Revenue Office,2026-01-20
DOC_S03349,S03349,Income Certificate,TPL_4938,Revenue Office,2026-01-20
DOC_S03350,S03350,Income Certificate,TPL_5487,Revenue Office,2026-01-20
DOC_S03351,S03351,Income Certificate,TPL_6538,Revenue Office,2026-01-20
DOC_S03352,S03352,Income Certificate,TPL_1244,Revenue Office,2026-01-20
DOC_S03353,S03353,Income Certificate,TPL_5769,Revenue Office,2026-01-20
DOC_S03354,S03354,Income Certificate,TPL_7338,Revenue Office,2026-01-20
DOC_S03355,S03355,Income Certificate,TPL_3587,Revenue Office,2026-01-20
DOC_S03356,S03356,Income Certificate,TPL_8602,Revenue Office,2026-01-20
DOC_S03357,S03357,Income Certificate,TPL_1081,Revenue Office,2026-01-20
DOC_S03358,S03358,Income Certificate,TPL_3570,Revenue Office,2026-01-20
DOC_S03359,S03359,Income Certificate,TPL_1798,Revenue Office,2026-01-20
DOC_S03360,S03360,Income Certificate,TPL_2388,Revenue Office,2026-01-20
DOC_S03361,S03361,Income Certificate,TPL_6578,Revenue Office,2026-01-20
DOC_S03362,S03362,Income Certificate,TPL_6064,Revenue Office,2026-01-20
DOC_S03363,S03363,Income Certificate,TPL_7308,Revenue Office,2026-01-20
DOC_S03364,S03364,Income Certificate,TPL_5717,Revenue Office,2026-01-20
DOC_S03365,S03365,Income Certificate,TPL_8395,Revenue Office,2026-01-20
DOC_S03366,S03366,Income Certificate,TPL_7849,Revenue Office,2026-01-20
DOC_S03367,S03367,Income Certificate,TPL_1980,Revenue Office,2026-01-20
DOC_S03368,S03368,Income Certificate,TPL_1393,Revenue Office,2026-01-20
DOC_S03369,S03369,Income Certificate,TPL_9833,Revenue Office,2026-01-20
DOC_S03370,S03370,Income Certificate,TPL_7023,Revenue Office,2026-01-20
DOC_S03371,S03371,Income Certificate,TPL_8431,Revenue Office,2026-01-20
DOC_S03372,S03372,Income Certificate,TPL_3346,Revenue Office,2026-01-20
DOC_S03373,S03373,Income Certificate,TPL_9771,Revenue Office,2026-01-20
DOC_S03374,S03374,Income Certificate,TPL_2172,Revenue Office,2026-01-20
DOC_S03375,S03375,Income Certificate,TPL_6785,Revenue Office,2026-01-20
DOC_S03376,S03376,Income Certificate,TPL_7042,Revenue Office,2026-01-20
DOC_S03377,S03377,Income Certificate,TPL_6144,Revenue Office,2026-01-20
DOC_S03378,S03378,Income Certificate,TPL_7977,Revenue Office,2026-01-20
DOC_S03379,S03379,Income Certificate,TPL_1095,Revenue Office,2026-01-20
DOC_S03380,S03380,Income Certificate,TPL_3342,Revenue Office,2026-01-20
DOC_S03381,S03381,Income Certificate,TPL_1356,Revenue Office,2026-01-20
DOC_S03382,S03382,Income Certificate,TPL_5934,Revenue Office,2026-01-20
DOC_S03383,S03383,Income Certificate,TPL_5700,Revenue Office,2026-01-20
DOC_S03384,S03384,Income Certificate,TPL_1850,Revenue Office,2026-01-20
DOC_S03385,S03385,Income Certificate,TPL_4163,Revenue Office,2026-01-20
DOC_S03386,S03386,Income Certificate,TPL_2049,Revenue Office,2026-01-20
DOC_S03387,S03387,Income Certificate,TPL_9523,Revenue Office,2026-01-20
DOC_S03388,S03388,Income Certificate,TPL_5787,Revenue Office,2026-01-20
DOC_S03389,S03389,Income Certificate,TPL_7242,Revenue Office,2026-01-20
DOC_S03390,S03390,Income Certificate,TPL_4388,Revenue Office,2026-01-20
DOC_S03391,S03391,Income Certificate,TPL_7869,Revenue Office,2026-01-20
DOC_S03392,S03392,Income Certificate,TPL_4525,Revenue Office,2026-01-20
DOC_S03393,S03393,Income Certificate,TPL_9861,Revenue Office,2026-01-20
DOC_S03394,S03394,Income Certificate,TPL_5617,Revenue Office,2026-01-20
DOC_S03395,S03395,Income Certificate,TPL_9559,Revenue Office,2026-01-20
DOC_S03396,S03396,Income Certificate,TPL_9285,Revenue Office,2026-01-20
DOC_S03397,S03397,Income Certificate,TPL_8385,Revenue Office,2026-01-20
DOC_S03398,S03398,Income Certificate,TPL_9636,Revenue Office,2026-01-20
DOC_S03399,S03399,Income Certificate,TPL_7920,Revenue Office,2026-01-20
DOC_S03400,S03400,Income Certificate,TPL_4308,Revenue Office,2026-01-20
DOC_S03401,S03401,Income Certificate,TPL_4106,Revenue Office,2026-01-20
DOC_S03402,S03402,Income Certificate,TPL_9936,Revenue Office,2026-01-20
DOC_S03403,S03403,Income Certificate,TPL_2544,Revenue Office,2026-01-20
DOC_S03404,S03404,Income Certificate,TPL_7968,Revenue Office,2026-01-20
DOC_S03405,S03405,Income Certificate,TPL_4350,Revenue Office,2026-01-20
DOC_S03406,S03406,Income Certificate,TPL_5178,Revenue Office,2026-01-20
DOC_S03407,S03407,Income Certificate,TPL_2744,Revenue Office,2026-01-20
DOC_S03408,S03408,Income Certificate,TPL_3049,Revenue Office,2026-01-20
DOC_S03409,S03409,Income Certificate,TPL_2980,Revenue Office,2026-01-20
DOC_S03410,S03410,Income Certificate,TPL_7388,Revenue Office,2026-01-20
DOC_S03411,S03411,Income Certificate,TPL_3307,Revenue Office,2026-01-20
DOC_S03412,S03412,Income Certificate,TPL_8324,Revenue Office,2026-01-20
DOC_S03413,S03413,Income Certificate,TPL_2774,Revenue Office,2026-01-20
DOC_S03414,S03414,Income Certificate,TPL_5849,Revenue Office,2026-01-20
DOC_S03415,S03415,Income Certificate,TPL_3495,Revenue Office,2026-01-20
DOC_S03416,S03416,Income Certificate,TPL_4281,Revenue Office,2026-01-20
DOC_S03417,S03417,Income Certificate,TPL_1348,Revenue Office,2026-01-20
DOC_S03418,S03418,Income Certificate,TPL_9074,Revenue Office,2026-01-20
DOC_S03419,S03419,Income Certificate,TPL_1146,Revenue Office,2026-01-20
DOC_S03420,S03420,Income Certificate,TPL_8679,Revenue Office,2026-01-20
DOC_S03421,S03421,Income Certificate,TPL_6868,Revenue Office,2026-01-20
DOC_S03422,S03422,Income Certificate,TPL_2495,Revenue Office,2026-01-20
DOC_S03423,S03423,Income Certificate,TPL_1375,Revenue Office,2026-01-20
DOC_S03424,S03424,Income Certificate,TPL_9494,Revenue Office,2026-01-20
DOC_S03425,S03425,Income Certificate,TPL_1042,Revenue Office,2026-01-20
DOC_S03426,S03426,Income Certificate,TPL_1286,Revenue Office,2026-01-20
DOC_S03427,S03427,Income Certificate,TPL_4246,Revenue Office,2026-01-20
DOC_S03428,S03428,Income Certificate,TPL_1210,Revenue Office,2026-01-20
DOC_S03429,S03429,Income Certificate,TPL_1058,Revenue Office,2026-01-20
DOC_S03430,S03430,Income Certificate,TPL_2056,Revenue Office,2026-01-20
DOC_S03431,S03431,Income Certificate,TPL_7834,Revenue Office,2026-01-20
DOC_S03432,S03432,Income Certificate,TPL_3299,Revenue Office,2026-01-20
DOC_S03433,S03433,Income Certificate,TPL_1061,Revenue Office,2026-01-20
DOC_S03434,S03434,Income Certificate,TPL_5006,Revenue Office,2026-01-20
DOC_S03435,S03435,Income Certificate,TPL_3292,Revenue Office,2026-01-20
DOC_S03436,S03436,Income Certificate,TPL_7644,Revenue Office,2026-01-20
DOC_S03437,S03437,Income Certificate,TPL_4551,Revenue Office,2026-01-20
DOC_S03438,S03438,Income Certificate,TPL_3645,Revenue Office,2026-01-20
DOC_S03439,S03439,Income Certificate,TPL_1183,Revenue Office,2026-01-20
DOC_S03440,S03440,Income Certificate,TPL_4068,Revenue Office,2026-01-20
DOC_S03441,S03441,Income Certificate,TPL_6209,Revenue Office,2026-01-20
DOC_S03442,S03442,Income Certificate,TPL_8107,Revenue Office,2026-01-20
DOC_S03443,S03443,Income Certificate,TPL_6195,Revenue Office,2026-01-20
DOC_S03444,S03444,Income Certificate,TPL_4087,Revenue Office,2026-01-20
DOC_S03445,S03445,Income Certificate,TPL_2315,Revenue Office,2026-01-20
DOC_S03446,S03446,Income Certificate,TPL_1714,Revenue Office,2026-01-20
DOC_S03447,S03447,Income Certificate,TPL_1815,Revenue Office,2026-01-20
DOC_S03448,S03448,Income Certificate,TPL_3456,Revenue Office,2026-01-20
DOC_S03449,S03449,Income Certificate,TPL_6646,Revenue Office,2026-01-20
DOC_S03450,S03450,Income Certificate,TPL_1256,Revenue Office,2026-01-20
DOC_S03451,S03451,Income Certificate,TPL_7306,Revenue Office,2026-01-20
DOC_S03452,S03452,Income Certificate,TPL_1407,Revenue Office,2026-01-20
DOC_S03453,S03453,Income Certificate,TPL_7684,Revenue Office,2026-01-20
DOC_S03454,S03454,Income Certificate,TPL_6929,Revenue Office,2026-01-20
DOC_S03455,S03455,Income Certificate,TPL_9789,Revenue Office,2026-01-20
DOC_S03456,S03456,Income Certificate,TPL_4248,Revenue Office,2026-01-20
DOC_S03457,S03457,Income Certificate,TPL_4536,Revenue Office,2026-01-20
DOC_S03458,S03458,Income Certificate,TPL_8745,Revenue Office,2026-01-20
DOC_S03459,S03459,Income Certificate,TPL_5927,Revenue Office,2026-01-20
DOC_S03460,S03460,Income Certificate,TPL_6228,Revenue Office,2026-01-20
DOC_S03461,S03461,Income Certificate,TPL_8501,Revenue Office,2026-01-20
DOC_S03462,S03462,Income Certificate,TPL_4723,Revenue Office,2026-01-20
DOC_S03463,S03463,Income Certificate,TPL_1468,Revenue Office,2026-01-20
DOC_S03464,S03464,Income Certificate,TPL_1079,Revenue Office,2026-01-20
DOC_S03465,S03465,Income Certificate,TPL_8602,Revenue Office,2026-01-20
DOC_S03466,S03466,Income Certificate,TPL_2288,Revenue Office,2026-01-20
DOC_S03467,S03467,Income Certificate,TPL_8548,Revenue Office,2026-01-20
DOC_S03468,S03468,Income Certificate,TPL_9578,Revenue Office,2026-01-20
DOC_S03469,S03469,Income Certificate,TPL_1671,Revenue Office,2026-01-20
DOC_S03470,S03470,Income Certificate,TPL_6636,Revenue Office,2026-01-20
DOC_S03471,S03471,Income Certificate,TPL_7811,Revenue Office,2026-01-20
DOC_S03472,S03472,Income Certificate,TPL_8792,Revenue Office,2026-01-20
DOC_S03473,S03473,Income Certificate,TPL_2941,Revenue Office,2026-01-20
DOC_S03474,S03474,Income Certificate,TPL_4834,Revenue Office,2026-01-20
DOC_S03475,S03475,Income Certificate,TPL_6091,Revenue Office,2026-01-20
DOC_S03476,S03476,Income Certificate,TPL_8220,Revenue Office,2026-01-20
DOC_S03477,S03477,Income Certificate,TPL_6055,Revenue Office,2026-01-20
DOC_S03478,S03478,Income Certificate,TPL_4969,Revenue Office,2026-01-20
DOC_S03479,S03479,Income Certificate,TPL_6927,Revenue Office,2026-01-20
DOC_S03480,S03480,Income Certificate,TPL_5797,Revenue Office,2026-01-20
DOC_S03481,S03481,Income Certificate,TPL_4686,Revenue Office,2026-01-20
DOC_S03482,S03482,Income Certificate,TPL_2756,Revenue Office,2026-01-20
DOC_S03483,S03483,Income Certificate,TPL_8404,Revenue Office,2026-01-20
DOC_S03484,S03484,Income Certificate,TPL_9248,Revenue Office,2026-01-20
DOC_S03485,S03485,Income Certificate,TPL_8252,Revenue Office,2026-01-20
DOC_S03486,S03486,Income Certificate,TPL_9418,Revenue Office,2026-01-20
DOC_S03487,S03487,Income Certificate,TPL_6206,Revenue Office,2026-01-20
DOC_S03488,S03488,Income Certificate,TPL_9099,Revenue Office,2026-01-20
DOC_S03489,S03489,Income Certificate,TPL_8415,Revenue Office,2026-01-20
DOC_S03490,S03490,Income Certificate,TPL_5475,Revenue Office,2026-01-20
DOC_S03491,S03491,Income Certificate,TPL_1731,Revenue Office,2026-01-20
DOC_S03492,S03492,Income Certificate,TPL_2640,Revenue Office,2026-01-20
DOC_S03493,S03493,Income Certificate,TPL_3769,Revenue Office,2026-01-20
DOC_S03494,S03494,Income Certificate,TPL_9568,Revenue Office,2026-01-20
DOC_S03495,S03495,Income Certificate,TPL_1206,Revenue Office,2026-01-20
DOC_S03496,S03496,Income Certificate,TPL_1756,Revenue Office,2026-01-20
DOC_S03497,S03497,Income Certificate,TPL_4955,Revenue Office,2026-01-20
DOC_S03498,S03498,Income Certificate,TPL_9668,Revenue Office,2026-01-20
DOC_S03499,S03499,Income Certificate,TPL_7886,Revenue Office,2026-01-20
DOC_S03500,S03500,Income Certificate,TPL_8430,Revenue Office,2026-01-20
DOC_S03501,S03501,Income Certificate,TPL_3316,Revenue Office,2026-01-20
DOC_S03502,S03502,Income Certificate,TPL_8219,Revenue Office,2026-01-20
DOC_S03503,S03503,Income Certificate,TPL_1762,Revenue Office,2026-01-20
DOC_S03504,S03504,Income Certificate,TPL_7405,Revenue Office,2026-01-20
DOC_S03505,S03505,Income Certificate,TPL_2585,Revenue Office,2026-01-20
DOC_S03506,S03506,Income Certificate,TPL_9714,Revenue Office,2026-01-20
DOC_S03507,S03507,Income Certificate,TPL_9364,Revenue Office,2026-01-20
DOC_S03508,S03508,Income Certificate,TPL_1463,Revenue Office,2026-01-20
DOC_S03509,S03509,Income Certificate,TPL_3967,Revenue Office,2026-01-20
DOC_S03510,S03510,Income Certificate,TPL_5590,Revenue Office,2026-01-20
DOC_S03511,S03511,Income Certificate,TPL_3790,Revenue Office,2026-01-20
DOC_S03512,S03512,Income Certificate,TPL_2871,Revenue Office,2026-01-20
DOC_S03513,S03513,Income Certificate,TPL_5129,Revenue Office,2026-01-20
DOC_S03514,S03514,Income Certificate,TPL_3208,Revenue Office,2026-01-20
DOC_S03515,S03515,Income Certificate,TPL_9757,Revenue Office,2026-01-20
DOC_S03516,S03516,Income Certificate,TPL_4985,Revenue Office,2026-01-20
DOC_S03517,S03517,Income Certificate,TPL_2693,Revenue Office,2026-01-20
DOC_S03518,S03518,Income Certificate,TPL_4461,Revenue Office,2026-01-20
DOC_S03519,S03519,Income Certificate,TPL_4394,Revenue Office,2026-01-20
DOC_S03520,S03520,Income Certificate,TPL_2882,Revenue Office,2026-01-20
DOC_S03521,S03521,Income Certificate,TPL_5386,Revenue Office,2026-01-20
DOC_S03522,S03522,Income Certificate,TPL_5847,Revenue Office,2026-01-20
DOC_S03523,S03523,Income Certificate,TPL_3509,Revenue Office,2026-01-20
DOC_S03524,S03524,Income Certificate,TPL_8175,Revenue Office,2026-01-20
DOC_S03525,S03525,Income Certificate,TPL_9086,Revenue Office,2026-01-20
DOC_S03526,S03526,Income Certificate,TPL_9880,Revenue Office,2026-01-20
DOC_S03527,S03527,Income Certificate,TPL_2537,Revenue Office,2026-01-20
DOC_S03528,S03528,Income Certificate,TPL_6532,Revenue Office,2026-01-20
DOC_S03529,S03529,Income Certificate,TPL_5547,Revenue Office,2026-01-20
DOC_S03530,S03530,Income Certificate,TPL_6384,Revenue Office,2026-01-20
DOC_S03531,S03531,Income Certificate,TPL_8419,Revenue Office,2026-01-20
DOC_S03532,S03532,Income Certificate,TPL_6007,Revenue Office,2026-01-20
DOC_S03533,S03533,Income Certificate,TPL_4845,Revenue Office,2026-01-20
DOC_S03534,S03534,Income Certificate,TPL_5858,Revenue Office,2026-01-20
DOC_S03535,S03535,Income Certificate,TPL_1119,Revenue Office,2026-01-20
DOC_S03536,S03536,Income Certificate,TPL_7976,Revenue Office,2026-01-20
DOC_S03537,S03537,Income Certificate,TPL_9833,Revenue Office,2026-01-20
DOC_S03538,S03538,Income Certificate,TPL_5916,Revenue Office,2026-01-20
DOC_S03539,S03539,Income Certificate,TPL_1445,Revenue Office,2026-01-20
DOC_S03540,S03540,Income Certificate,TPL_1577,Revenue Office,2026-01-20
DOC_S03541,S03541,Income Certificate,TPL_6684,Revenue Office,2026-01-20
DOC_S03542,S03542,Income Certificate,TPL_1266,Revenue Office,2026-01-20
DOC_S03543,S03543,Income Certificate,TPL_9394,Revenue Office,2026-01-20
DOC_S03544,S03544,Income Certificate,TPL_4901,Revenue Office,2026-01-20
DOC_S03545,S03545,Income Certificate,TPL_9318,Revenue Office,2026-01-20
DOC_S03546,S03546,Income Certificate,TPL_3893,Revenue Office,2026-01-20
DOC_S03547,S03547,Income Certificate,TPL_6691,Revenue Office,2026-01-20
DOC_S03548,S03548,Income Certificate,TPL_5075,Revenue Office,2026-01-20
DOC_S03549,S03549,Income Certificate,TPL_7633,Revenue Office,2026-01-20
DOC_S03550,S03550,Income Certificate,TPL_6574,Revenue Office,2026-01-20
DOC_S03551,S03551,Income Certificate,TPL_7181,Revenue Office,2026-01-20
DOC_S03552,S03552,Income Certificate,TPL_8496,Revenue Office,2026-01-20
DOC_S03553,S03553,Income Certificate,TPL_2323,Revenue Office,2026-01-20
DOC_S03554,S03554,Income Certificate,TPL_7862,Revenue Office,2026-01-20
DOC_S03555,S03555,Income Certificate,TPL_5792,Revenue Office,2026-01-20
DOC_S03556,S03556,Income Certificate,TPL_9472,Revenue Office,2026-01-20
DOC_S03557,S03557,Income Certificate,TPL_4757,Revenue Office,2026-01-20
DOC_S03558,S03558,Income Certificate,TPL_9799,Revenue Office,2026-01-20
DOC_S03559,S03559,Income Certificate,TPL_9829,Revenue Office,2026-01-20
DOC_S03560,S03560,Income Certificate,TPL_7738,Revenue Office,2026-01-20
DOC_S03561,S03561,Income Certificate,TPL_6293,Revenue Office,2026-01-20
DOC_S03562,S03562,Income Certificate,TPL_9999,Revenue Office,2026-01-20
DOC_S03563,S03563,Income Certificate,TPL_3415,Revenue Office,2026-01-20
DOC_S03564,S03564,Income Certificate,TPL_4542,Revenue Office,2026-01-20
DOC_S03565,S03565,Income Certificate,TPL_5229,Revenue Office,2026-01-20
DOC_S03566,S03566,Income Certificate,TPL_4214,Revenue Office,2026-01-20
DOC_S03567,S03567,Income Certificate,TPL_5939,Revenue Office,2026-01-20
DOC_S03568,S03568,Income Certificate,TPL_5014,Revenue Office,2026-01-20
DOC_S03569,S03569,Income Certificate,TPL_5466,Revenue Office,2026-01-20
DOC_S03570,S03570,Income Certificate,TPL_8531,Revenue Office,2026-01-20
DOC_S03571,S03571,Income Certificate,TPL_1409,Revenue Office,2026-01-20
DOC_S03572,S03572,Income Certificate,TPL_6746,Revenue Office,2026-01-20
DOC_S03573,S03573,Income Certificate,TPL_1762,Revenue Office,2026-01-20
DOC_S03574,S03574,Income Certificate,TPL_4967,Revenue Office,2026-01-20
DOC_S03575,S03575,Income Certificate,TPL_6602,Revenue Office,2026-01-20
DOC_S03576,S03576,Income Certificate,TPL_1603,Revenue Office,2026-01-20
DOC_S03577,S03577,Income Certificate,TPL_7904,Revenue Office,2026-01-20
DOC_S03578,S03578,Income Certificate,TPL_6214,Revenue Office,2026-01-20
DOC_S03579,S03579,Income Certificate,TPL_7964,Revenue Office,2026-01-20
DOC_S03580,S03580,Income Certificate,TPL_7743,Revenue Office,2026-01-20
DOC_S03581,S03581,Income Certificate,TPL_7621,Revenue Office,2026-01-20
DOC_S03582,S03582,Income Certificate,TPL_3688,Revenue Office,2026-01-20
DOC_S03583,S03583,Income Certificate,TPL_5558,Revenue Office,2026-01-20
DOC_S03584,S03584,Income Certificate,TPL_6809,Revenue Office,2026-01-20
DOC_S03585,S03585,Income Certificate,TPL_2479,Revenue Office,2026-01-20
DOC_S03586,S03586,Income Certificate,TPL_3100,Revenue Office,2026-01-20
DOC_S03587,S03587,Income Certificate,TPL_4697,Revenue Office,2026-01-20
DOC_S03588,S03588,Income Certificate,TPL_8849,Revenue Office,2026-01-20
DOC_S03589,S03589,Income Certificate,TPL_4204,Revenue Office,2026-01-20
DOC_S03590,S03590,Income Certificate,TPL_6974,Revenue Office,2026-01-20
DOC_S03591,S03591,Income Certificate,TPL_7145,Revenue Office,2026-01-20
DOC_S03592,S03592,Income Certificate,TPL_4524,Revenue Office,2026-01-20
DOC_S03593,S03593,Income Certificate,TPL_4212,Revenue Office,2026-01-20
DOC_S03594,S03594,Income Certificate,TPL_6107,Revenue Office,2026-01-20
DOC_S03595,S03595,Income Certificate,TPL_3840,Revenue Office,2026-01-20
DOC_S03596,S03596,Income Certificate,TPL_2443,Revenue Office,2026-01-20
DOC_S03597,S03597,Income Certificate,TPL_1964,Revenue Office,2026-01-20
DOC_S03598,S03598,Income Certificate,TPL_7672,Revenue Office,2026-01-20
DOC_S03599,S03599,Income Certificate,TPL_6333,Revenue Office,2026-01-20
DOC_S03600,S03600,Income Certificate,TPL_5372,Revenue Office,2026-01-20
DOC_S03601,S03601,Income Certificate,TPL_7234,Revenue Office,2026-01-20
DOC_S03602,S03602,Income Certificate,TPL_7627,Revenue Office,2026-01-20
DOC_S03603,S03603,Income Certificate,TPL_7249,Revenue Office,2026-01-20
DOC_S03604,S03604,Income Certificate,TPL_1063,Revenue Office,2026-01-20
DOC_S03605,S03605,Income Certificate,TPL_1499,Revenue Office,2026-01-20
DOC_S03606,S03606,Income Certificate,TPL_5162,Revenue Office,2026-01-20
DOC_S03607,S03607,Income Certificate,TPL_6426,Revenue Office,2026-01-20
DOC_S03608,S03608,Income Certificate,TPL_1719,Revenue Office,2026-01-20
DOC_S03609,S03609,Income Certificate,TPL_5317,Revenue Office,2026-01-20
DOC_S03610,S03610,Income Certificate,TPL_2366,Revenue Office,2026-01-20
DOC_S03611,S03611,Income Certificate,TPL_6394,Revenue Office,2026-01-20
DOC_S03612,S03612,Income Certificate,TPL_9333,Revenue Office,2026-01-20
DOC_S03613,S03613,Income Certificate,TPL_7827,Revenue Office,2026-01-20
DOC_S03614,S03614,Income Certificate,TPL_7261,Revenue Office,2026-01-20
DOC_S03615,S03615,Income Certificate,TPL_2986,Revenue Office,2026-01-20
DOC_S03616,S03616,Income Certificate,TPL_5748,Revenue Office,2026-01-20
DOC_S03617,S03617,Income Certificate,TPL_4921,Revenue Office,2026-01-20
DOC_S03618,S03618,Income Certificate,TPL_6429,Revenue Office,2026-01-20
DOC_S03619,S03619,Income Certificate,TPL_6435,Revenue Office,2026-01-20
DOC_S03620,S03620,Income Certificate,TPL_3602,Revenue Office,2026-01-20
DOC_S03621,S03621,Income Certificate,TPL_8156,Revenue Office,2026-01-20
DOC_S03622,S03622,Income Certificate,TPL_9113,Revenue Office,2026-01-20
DOC_S03623,S03623,Income Certificate,TPL_8781,Revenue Office,2026-01-20
DOC_S03624,S03624,Income Certificate,TPL_3599,Revenue Office,2026-01-20
DOC_S03625,S03625,Income Certificate,TPL_9627,Revenue Office,2026-01-20
DOC_S03626,S03626,Income Certificate,TPL_9077,Revenue Office,2026-01-20
DOC_S03627,S03627,Income Certificate,TPL_6090,Revenue Office,2026-01-20
DOC_S03628,S03628,Income Certificate,TPL_4384,Revenue Office,2026-01-20
DOC_S03629,S03629,Income Certificate,TPL_8788,Revenue Office,2026-01-20
DOC_S03630,S03630,Income Certificate,TPL_6002,Revenue Office,2026-01-20
DOC_S03631,S03631,Income Certificate,TPL_9292,Revenue Office,2026-01-20
DOC_S03632,S03632,Income Certificate,TPL_6466,Revenue Office,2026-01-20
DOC_S03633,S03633,Income Certificate,TPL_5279,Revenue Office,2026-01-20
DOC_S03634,S03634,Income Certificate,TPL_8938,Revenue Office,2026-01-20
DOC_S03635,S03635,Income Certificate,TPL_5897,Revenue Office,2026-01-20
DOC_S03636,S03636,Income Certificate,TPL_8281,Revenue Office,2026-01-20
DOC_S03637,S03637,Income Certificate,TPL_5028,Revenue Office,2026-01-20
DOC_S03638,S03638,Income Certificate,TPL_7328,Revenue Office,2026-01-20
DOC_S03639,S03639,Income Certificate,TPL_1366,Revenue Office,2026-01-20
DOC_S03640,S03640,Income Certificate,TPL_7138,Revenue Office,2026-01-20
DOC_S03641,S03641,Income Certificate,TPL_8036,Revenue Office,2026-01-20
DOC_S03642,S03642,Income Certificate,TPL_8796,Revenue Office,2026-01-20
DOC_S03643,S03643,Income Certificate,TPL_5314,Revenue Office,2026-01-20
DOC_S03644,S03644,Income Certificate,TPL_2668,Revenue Office,2026-01-20
DOC_S03645,S03645,Income Certificate,TPL_5889,Revenue Office,2026-01-20
DOC_S03646,S03646,Income Certificate,TPL_2798,Revenue Office,2026-01-20
DOC_S03647,S03647,Income Certificate,TPL_5299,Revenue Office,2026-01-20
DOC_S03648,S03648,Income Certificate,TPL_5170,Revenue Office,2026-01-20
DOC_S03649,S03649,Income Certificate,TPL_8661,Revenue Office,2026-01-20
DOC_S03650,S03650,Income Certificate,TPL_1289,Revenue Office,2026-01-20
DOC_S03651,S03651,Income Certificate,TPL_7593,Revenue Office,2026-01-20
DOC_S03652,S03652,Income Certificate,TPL_7726,Revenue Office,2026-01-20
DOC_S03653,S03653,Income Certificate,TPL_2573,Revenue Office,2026-01-20
DOC_S03654,S03654,Income Certificate,TPL_6571,Revenue Office,2026-01-20
DOC_S03655,S03655,Income Certificate,TPL_7361,Revenue Office,2026-01-20
DOC_S03656,S03656,Income Certificate,TPL_1577,Revenue Office,2026-01-20
DOC_S03657,S03657,Income Certificate,TPL_9667,Revenue Office,2026-01-20
DOC_S03658,S03658,Income Certificate,TPL_4872,Revenue Office,2026-01-20
DOC_S03659,S03659,Income Certificate,TPL_6833,Revenue Office,2026-01-20
DOC_S03660,S03660,Income Certificate,TPL_9820,Revenue Office,2026-01-20
DOC_S03661,S03661,Income Certificate,TPL_4105,Revenue Office,2026-01-20
DOC_S03662,S03662,Income Certificate,TPL_7638,Revenue Office,2026-01-20
DOC_S03663,S03663,Income Certificate,TPL_1366,Revenue Office,2026-01-20
DOC_S03664,S03664,Income Certificate,TPL_8159,Revenue Office,2026-01-20
DOC_S03665,S03665,Income Certificate,TPL_5332,Revenue Office,2026-01-20
DOC_S03666,S03666,Income Certificate,TPL_3104,Revenue Office,2026-01-20
DOC_S03667,S03667,Income Certificate,TPL_9015,Revenue Office,2026-01-20
DOC_S03668,S03668,Income Certificate,TPL_6217,Revenue Office,2026-01-20
DOC_S03669,S03669,Income Certificate,TPL_5692,Revenue Office,2026-01-20
DOC_S03670,S03670,Income Certificate,TPL_4073,Revenue Office,2026-01-20
DOC_S03671,S03671,Income Certificate,TPL_9404,Revenue Office,2026-01-20
DOC_S03672,S03672,Income Certificate,TPL_3716,Revenue Office,2026-01-20
DOC_S03673,S03673,Income Certificate,TPL_9875,Revenue Office,2026-01-20
DOC_S03674,S03674,Income Certificate,TPL_8679,Revenue Office,2026-01-20
DOC_S03675,S03675,Income Certificate,TPL_7180,Revenue Office,2026-01-20
DOC_S03676,S03676,Income Certificate,TPL_7816,Revenue Office,2026-01-20
DOC_S03677,S03677,Income Certificate,TPL_9208,Revenue Office,2026-01-20
DOC_S03678,S03678,Income Certificate,TPL_7563,Revenue Office,2026-01-20
DOC_S03679,S03679,Income Certificate,TPL_1334,Revenue Office,2026-01-20
DOC_S03680,S03680,Income Certificate,TPL_1253,Revenue Office,2026-01-20
DOC_S03681,S03681,Income Certificate,TPL_7123,Revenue Office,2026-01-20
DOC_S03682,S03682,Income Certificate,TPL_5542,Revenue Office,2026-01-20
DOC_S03683,S03683,Income Certificate,TPL_3854,Revenue Office,2026-01-20
DOC_S03684,S03684,Income Certificate,TPL_4799,Revenue Office,2026-01-20
DOC_S03685,S03685,Income Certificate,TPL_7688,Revenue Office,2026-01-20
DOC_S03686,S03686,Income Certificate,TPL_4566,Revenue Office,2026-01-20
DOC_S03687,S03687,Income Certificate,TPL_3466,Revenue Office,2026-01-20
DOC_S03688,S03688,Income Certificate,TPL_1195,Revenue Office,2026-01-20
DOC_S03689,S03689,Income Certificate,TPL_6659,Revenue Office,2026-01-20
DOC_S03690,S03690,Income Certificate,TPL_6406,Revenue Office,2026-01-20
DOC_S03691,S03691,Income Certificate,TPL_5241,Revenue Office,2026-01-20
DOC_S03692,S03692,Income Certificate,TPL_1993,Revenue Office,2026-01-20
DOC_S03693,S03693,Income Certificate,TPL_2311,Revenue Office,2026-01-20
DOC_S03694,S03694,Income Certificate,TPL_8392,Revenue Office,2026-01-20
DOC_S03695,S03695,Income Certificate,TPL_1707,Revenue Office,2026-01-20
DOC_S03696,S03696,Income Certificate,TPL_1320,Revenue Office,2026-01-20
DOC_S03697,S03697,Income Certificate,TPL_7775,Revenue Office,2026-01-20
DOC_S03698,S03698,Income Certificate,TPL_6931,Revenue Office,2026-01-20
DOC_S03699,S03699,Income Certificate,TPL_4442,Revenue Office,2026-01-20
DOC_S03700,S03700,Income Certificate,TPL_5224,Revenue Office,2026-01-20
DOC_S03701,S03701,Income Certificate,TPL_7680,Revenue Office,2026-01-20
DOC_S03702,S03702,Income Certificate,TPL_8474,Revenue Office,2026-01-20
DOC_S03703,S03703,Income Certificate,TPL_4010,Revenue Office,2026-01-20
DOC_S03704,S03704,Income Certificate,TPL_3018,Revenue Office,2026-01-20
DOC_S03705,S03705,Income Certificate,TPL_3686,Revenue Office,2026-01-20
DOC_S03706,S03706,Income Certificate,TPL_5586,Revenue Office,2026-01-20
DOC_S03707,S03707,Income Certificate,TPL_7534,Revenue Office,2026-01-20
DOC_S03708,S03708,Income Certificate,TPL_6005,Revenue Office,2026-01-20
DOC_S03709,S03709,Income Certificate,TPL_6510,Revenue Office,2026-01-20
DOC_S03710,S03710,Income Certificate,TPL_1160,Revenue Office,2026-01-20
DOC_S03711,S03711,Income Certificate,TPL_3162,Revenue Office,2026-01-20
DOC_S03712,S03712,Income Certificate,TPL_7502,Revenue Office,2026-01-20
DOC_S03713,S03713,Income Certificate,TPL_7574,Revenue Office,2026-01-20
DOC_S03714,S03714,Income Certificate,TPL_3612,Revenue Office,2026-01-20
DOC_S03715,S03715,Income Certificate,TPL_3845,Revenue Office,2026-01-20
DOC_S03716,S03716,Income Certificate,TPL_4841,Revenue Office,2026-01-20
DOC_S03717,S03717,Income Certificate,TPL_9635,Revenue Office,2026-01-20
DOC_S03718,S03718,Income Certificate,TPL_9013,Revenue Office,2026-01-20
DOC_S03719,S03719,Income Certificate,TPL_7648,Revenue Office,2026-01-20
DOC_S03720,S03720,Income Certificate,TPL_8328,Revenue Office,2026-01-20
DOC_S03721,S03721,Income Certificate,TPL_4304,Revenue Office,2026-01-20
DOC_S03722,S03722,Income Certificate,TPL_1171,Revenue Office,2026-01-20
DOC_S03723,S03723,Income Certificate,TPL_5389,Revenue Office,2026-01-20
DOC_S03724,S03724,Income Certificate,TPL_6979,Revenue Office,2026-01-20
DOC_S03725,S03725,Income Certificate,TPL_6740,Revenue Office,2026-01-20
DOC_S03726,S03726,Income Certificate,TPL_4903,Revenue Office,2026-01-20
DOC_S03727,S03727,Income Certificate,TPL_2689,Revenue Office,2026-01-20
DOC_S03728,S03728,Income Certificate,TPL_2364,Revenue Office,2026-01-20
DOC_S03729,S03729,Income Certificate,TPL_4006,Revenue Office,2026-01-20
DOC_S03730,S03730,Income Certificate,TPL_6666,Revenue Office,2026-01-20
DOC_S03731,S03731,Income Certificate,TPL_8554,Revenue Office,2026-01-20
DOC_S03732,S03732,Income Certificate,TPL_5985,Revenue Office,2026-01-20
DOC_S03733,S03733,Income Certificate,TPL_6036,Revenue Office,2026-01-20
DOC_S03734,S03734,Income Certificate,TPL_9748,Revenue Office,2026-01-20
DOC_S03735,S03735,Income Certificate,TPL_5703,Revenue Office,2026-01-20
DOC_S03736,S03736,Income Certificate,TPL_7643,Revenue Office,2026-01-20
DOC_S03737,S03737,Income Certificate,TPL_1869,Revenue Office,2026-01-20
DOC_S03738,S03738,Income Certificate,TPL_4960,Revenue Office,2026-01-20
DOC_S03739,S03739,Income Certificate,TPL_7899,Revenue Office,2026-01-20
DOC_S03740,S03740,Income Certificate,TPL_6406,Revenue Office,2026-01-20
DOC_S03741,S03741,Income Certificate,TPL_8885,Revenue Office,2026-01-20
DOC_S03742,S03742,Income Certificate,TPL_8066,Revenue Office,2026-01-20
DOC_S03743,S03743,Income Certificate,TPL_1260,Revenue Office,2026-01-20
DOC_S03744,S03744,Income Certificate,TPL_3386,Revenue Office,2026-01-20
DOC_S03745,S03745,Income Certificate,TPL_5072,Revenue Office,2026-01-20
DOC_S03746,S03746,Income Certificate,TPL_8256,Revenue Office,2026-01-20
DOC_S03747,S03747,Income Certificate,TPL_1314,Revenue Office,2026-01-20
DOC_S03748,S03748,Income Certificate,TPL_4644,Revenue Office,2026-01-20
DOC_S03749,S03749,Income Certificate,TPL_6576,Revenue Office,2026-01-20
DOC_S03750,S03750,Income Certificate,TPL_3499,Revenue Office,2026-01-20
DOC_S03751,S03751,Income Certificate,TPL_4770,Revenue Office,2026-01-20
DOC_S03752,S03752,Income Certificate,TPL_2570,Revenue Office,2026-01-20
DOC_S03753,S03753,Income Certificate,TPL_3488,Revenue Office,2026-01-20
DOC_S03754,S03754,Income Certificate,TPL_7083,Revenue Office,2026-01-20
DOC_S03755,S03755,Income Certificate,TPL_6656,Revenue Office,2026-01-20
DOC_S03756,S03756,Income Certificate,TPL_2803,Revenue Office,2026-01-20
DOC_S03757,S03757,Income Certificate,TPL_5549,Revenue Office,2026-01-20
DOC_S03758,S03758,Income Certificate,TPL_6974,Revenue Office,2026-01-20
DOC_S03759,S03759,Income Certificate,TPL_5737,Revenue Office,2026-01-20
DOC_S03760,S03760,Income Certificate,TPL_8297,Revenue Office,2026-01-20
DOC_S03761,S03761,Income Certificate,TPL_1621,Revenue Office,2026-01-20
DOC_S03762,S03762,Income Certificate,TPL_3437,Revenue Office,2026-01-20
DOC_S03763,S03763,Income Certificate,TPL_2877,Revenue Office,2026-01-20
DOC_S03764,S03764,Income Certificate,TPL_6772,Revenue Office,2026-01-20
DOC_S03765,S03765,Income Certificate,TPL_6473,Revenue Office,2026-01-20
DOC_S03766,S03766,Income Certificate,TPL_1197,Revenue Office,2026-01-20
DOC_S03767,S03767,Income Certificate,TPL_3528,Revenue Office,2026-01-20
DOC_S03768,S03768,Income Certificate,TPL_1471,Revenue Office,2026-01-20
DOC_S03769,S03769,Income Certificate,TPL_9988,Revenue Office,2026-01-20
DOC_S03770,S03770,Income Certificate,TPL_7208,Revenue Office,2026-01-20
DOC_S03771,S03771,Income Certificate,TPL_6805,Revenue Office,2026-01-20
DOC_S03772,S03772,Income Certificate,TPL_9253,Revenue Office,2026-01-20
DOC_S03773,S03773,Income Certificate,TPL_6427,Revenue Office,2026-01-20
DOC_S03774,S03774,Income Certificate,TPL_4277,Revenue Office,2026-01-20
DOC_S03775,S03775,Income Certificate,TPL_3518,Revenue Office,2026-01-20
DOC_S03776,S03776,Income Certificate,TPL_6604,Revenue Office,2026-01-20
DOC_S03777,S03777,Income Certificate,TPL_4881,Revenue Office,2026-01-20
DOC_S03778,S03778,Income Certificate,TPL_5621,Revenue Office,2026-01-20
DOC_S03779,S03779,Income Certificate,TPL_1290,Revenue Office,2026-01-20
DOC_S03780,S03780,Income Certificate,TPL_5447,Revenue Office,2026-01-20
DOC_S03781,S03781,Income Certificate,TPL_3380,Revenue Office,2026-01-20
DOC_S03782,S03782,Income Certificate,TPL_1612,Revenue Office,2026-01-20
DOC_S03783,S03783,Income Certificate,TPL_9497,Revenue Office,2026-01-20
DOC_S03784,S03784,Income Certificate,TPL_7595,Revenue Office,2026-01-20
DOC_S03785,S03785,Income Certificate,TPL_8961,Revenue Office,2026-01-20
DOC_S03786,S03786,Income Certificate,TPL_8760,Revenue Office,2026-01-20
DOC_S03787,S03787,Income Certificate,TPL_5252,Revenue Office,2026-01-20
DOC_S03788,S03788,Income Certificate,TPL_4845,Revenue Office,2026-01-20
DOC_S03789,S03789,Income Certificate,TPL_7236,Revenue Office,2026-01-20
DOC_S03790,S03790,Income Certificate,TPL_7278,Revenue Office,2026-01-20
DOC_S03791,S03791,Income Certificate,TPL_6166,Revenue Office,2026-01-20
DOC_S03792,S03792,Income Certificate,TPL_4463,Revenue Office,2026-01-20
DOC_S03793,S03793,Income Certificate,TPL_6112,Revenue Office,2026-01-20
DOC_S03794,S03794,Income Certificate,TPL_1036,Revenue Office,2026-01-20
DOC_S03795,S03795,Income Certificate,TPL_9246,Revenue Office,2026-01-20
DOC_S03796,S03796,Income Certificate,TPL_5452,Revenue Office,2026-01-20
DOC_S03797,S03797,Income Certificate,TPL_4645,Revenue Office,2026-01-20
DOC_S03798,S03798,Income Certificate,TPL_8369,Revenue Office,2026-01-20
DOC_S03799,S03799,Income Certificate,TPL_5922,Revenue Office,2026-01-20
DOC_S03800,S03800,Income Certificate,TPL_4829,Revenue Office,2026-01-20
DOC_S03801,S03801,Income Certificate,TPL_1438,Revenue Office,2026-01-20
DOC_S03802,S03802,Income Certificate,TPL_6277,Revenue Office,2026-01-20
DOC_S03803,S03803,Income Certificate,TPL_7202,Revenue Office,2026-01-20
DOC_S03804,S03804,Income Certificate,TPL_1198,Revenue Office,2026-01-20
DOC_S03805,S03805,Income Certificate,TPL_8967,Revenue Office,2026-01-20
DOC_S03806,S03806,Income Certificate,TPL_4309,Revenue Office,2026-01-20
DOC_S03807,S03807,Income Certificate,TPL_1598,Revenue Office,2026-01-20
DOC_S03808,S03808,Income Certificate,TPL_7928,Revenue Office,2026-01-20
DOC_S03809,S03809,Income Certificate,TPL_2784,Revenue Office,2026-01-20
DOC_S03810,S03810,Income Certificate,TPL_1907,Revenue Office,2026-01-20
DOC_S03811,S03811,Income Certificate,TPL_8825,Revenue Office,2026-01-20
DOC_S03812,S03812,Income Certificate,TPL_3535,Revenue Office,2026-01-20
DOC_S03813,S03813,Income Certificate,TPL_3513,Revenue Office,2026-01-20
DOC_S03814,S03814,Income Certificate,TPL_4955,Revenue Office,2026-01-20
DOC_S03815,S03815,Income Certificate,TPL_6961,Revenue Office,2026-01-20
DOC_S03816,S03816,Income Certificate,TPL_7366,Revenue Office,2026-01-20
DOC_S03817,S03817,Income Certificate,TPL_4418,Revenue Office,2026-01-20
DOC_S03818,S03818,Income Certificate,TPL_6908,Revenue Office,2026-01-20
DOC_S03819,S03819,Income Certificate,TPL_7473,Revenue Office,2026-01-20
DOC_S03820,S03820,Income Certificate,TPL_6394,Revenue Office,2026-01-20
DOC_S03821,S03821,Income Certificate,TPL_7948,Revenue Office,2026-01-20
DOC_S03822,S03822,Income Certificate,TPL_2341,Revenue Office,2026-01-20
DOC_S03823,S03823,Income Certificate,TPL_1839,Revenue Office,2026-01-20
DOC_S03824,S03824,Income Certificate,TPL_2205,Revenue Office,2026-01-20
DOC_S03825,S03825,Income Certificate,TPL_6193,Revenue Office,2026-01-20
DOC_S03826,S03826,Income Certificate,TPL_1343,Revenue Office,2026-01-20
DOC_S03827,S03827,Income Certificate,TPL_1476,Revenue Office,2026-01-20
DOC_S03828,S03828,Income Certificate,TPL_7939,Revenue Office,2026-01-20
DOC_S03829,S03829,Income Certificate,TPL_4691,Revenue Office,2026-01-20
DOC_S03830,S03830,Income Certificate,TPL_3444,Revenue Office,2026-01-20
DOC_S03831,S03831,Income Certificate,TPL_6257,Revenue Office,2026-01-20
DOC_S03832,S03832,Income Certificate,TPL_5936,Revenue Office,2026-01-20
DOC_S03833,S03833,Income Certificate,TPL_6064,Revenue Office,2026-01-20
DOC_S03834,S03834,Income Certificate,TPL_1401,Revenue Office,2026-01-20
DOC_S03835,S03835,Income Certificate,TPL_7367,Revenue Office,2026-01-20
DOC_S03836,S03836,Income Certificate,TPL_2605,Revenue Office,2026-01-20
DOC_S03837,S03837,Income Certificate,TPL_7476,Revenue Office,2026-01-20
DOC_S03838,S03838,Income Certificate,TPL_3870,Revenue Office,2026-01-20
DOC_S03839,S03839,Income Certificate,TPL_6881,Revenue Office,2026-01-20
DOC_S03840,S03840,Income Certificate,TPL_5175,Revenue Office,2026-01-20
DOC_S03841,S03841,Income Certificate,TPL_3431,Revenue Office,2026-01-20
DOC_S03842,S03842,Income Certificate,TPL_3627,Revenue Office,2026-01-20
DOC_S03843,S03843,Income Certificate,TPL_3721,Revenue Office,2026-01-20
DOC_S03844,S03844,Income Certificate,TPL_8728,Revenue Office,2026-01-20
DOC_S03845,S03845,Income Certificate,TPL_9925,Revenue Office,2026-01-20
DOC_S03846,S03846,Income Certificate,TPL_5832,Revenue Office,2026-01-20
DOC_S03847,S03847,Income Certificate,TPL_7480,Revenue Office,2026-01-20
DOC_S03848,S03848,Income Certificate,TPL_1300,Revenue Office,2026-01-20
DOC_S03849,S03849,Income Certificate,TPL_4407,Revenue Office,2026-01-20
DOC_S03850,S03850,Income Certificate,TPL_1627,Revenue Office,2026-01-20
DOC_S03851,S03851,Income Certificate,TPL_4235,Revenue Office,2026-01-20
DOC_S03852,S03852,Income Certificate,TPL_2832,Revenue Office,2026-01-20
DOC_S03853,S03853,Income Certificate,TPL_6006,Revenue Office,2026-01-20
DOC_S03854,S03854,Income Certificate,TPL_8141,Revenue Office,2026-01-20
DOC_S03855,S03855,Income Certificate,TPL_6393,Revenue Office,2026-01-20
DOC_S03856,S03856,Income Certificate,TPL_9449,Revenue Office,2026-01-20
DOC_S03857,S03857,Income Certificate,TPL_4197,Revenue Office,2026-01-20
DOC_S03858,S03858,Income Certificate,TPL_3181,Revenue Office,2026-01-20
DOC_S03859,S03859,Income Certificate,TPL_6731,Revenue Office,2026-01-20
DOC_S03860,S03860,Income Certificate,TPL_6965,Revenue Office,2026-01-20
DOC_S03861,S03861,Income Certificate,TPL_8585,Revenue Office,2026-01-20
DOC_S03862,S03862,Income Certificate,TPL_5527,Revenue Office,2026-01-20
DOC_S03863,S03863,Income Certificate,TPL_8074,Revenue Office,2026-01-20
DOC_S03864,S03864,Income Certificate,TPL_5833,Revenue Office,2026-01-20
DOC_S03865,S03865,Income Certificate,TPL_9125,Revenue Office,2026-01-20
DOC_S03866,S03866,Income Certificate,TPL_1300,Revenue Office,2026-01-20
DOC_S03867,S03867,Income Certificate,TPL_1009,Revenue Office,2026-01-20
DOC_S03868,S03868,Income Certificate,TPL_3974,Revenue Office,2026-01-20
DOC_S03869,S03869,Income Certificate,TPL_8512,Revenue Office,2026-01-20
DOC_S03870,S03870,Income Certificate,TPL_2733,Revenue Office,2026-01-20
DOC_S03871,S03871,Income Certificate,TPL_6379,Revenue Office,2026-01-20
DOC_S03872,S03872,Income Certificate,TPL_9504,Revenue Office,2026-01-20
DOC_S03873,S03873,Income Certificate,TPL_4847,Revenue Office,2026-01-20
DOC_S03874,S03874,Income Certificate,TPL_8704,Revenue Office,2026-01-20
DOC_S03875,S03875,Income Certificate,TPL_6074,Revenue Office,2026-01-20
DOC_S03876,S03876,Income Certificate,TPL_7317,Revenue Office,2026-01-20
DOC_S03877,S03877,Income Certificate,TPL_1507,Revenue Office,2026-01-20
DOC_S03878,S03878,Income Certificate,TPL_6396,Revenue Office,2026-01-20
DOC_S03879,S03879,Income Certificate,TPL_9312,Revenue Office,2026-01-20
DOC_S03880,S03880,Income Certificate,TPL_9622,Revenue Office,2026-01-20
DOC_S03881,S03881,Income Certificate,TPL_8634,Revenue Office,2026-01-20
DOC_S03882,S03882,Income Certificate,TPL_9320,Revenue Office,2026-01-20
DOC_S03883,S03883,Income Certificate,TPL_7697,Revenue Office,2026-01-20
DOC_S03884,S03884,Income Certificate,TPL_2425,Revenue Office,2026-01-20
DOC_S03885,S03885,Income Certificate,TPL_5665,Revenue Office,2026-01-20
DOC_S03886,S03886,Income Certificate,TPL_8898,Revenue Office,2026-01-20
DOC_S03887,S03887,Income Certificate,TPL_8397,Revenue Office,2026-01-20
DOC_S03888,S03888,Income Certificate,TPL_4187,Revenue Office,2026-01-20
DOC_S03889,S03889,Income Certificate,TPL_2765,Revenue Office,2026-01-20
DOC_S03890,S03890,Income Certificate,TPL_7856,Revenue Office,2026-01-20
DOC_S03891,S03891,Income Certificate,TPL_7327,Revenue Office,2026-01-20
DOC_S03892,S03892,Income Certificate,TPL_7078,Revenue Office,2026-01-20
DOC_S03893,S03893,Income Certificate,TPL_9166,Revenue Office,2026-01-20
DOC_S03894,S03894,Income Certificate,TPL_7716,Revenue Office,2026-01-20
DOC_S03895,S03895,Income Certificate,TPL_7558,Revenue Office,2026-01-20
DOC_S03896,S03896,Income Certificate,TPL_8276,Revenue Office,2026-01-20
DOC_S03897,S03897,Income Certificate,TPL_6583,Revenue Office,2026-01-20
DOC_S03898,S03898,Income Certificate,TPL_8489,Revenue Office,2026-01-20
DOC_S03899,S03899,Income Certificate,TPL_4788,Revenue Office,2026-01-20
DOC_S03900,S03900,Income Certificate,TPL_1040,Revenue Office,2026-01-20
DOC_S03901,S03901,Income Certificate,TPL_4820,Revenue Office,2026-01-20
DOC_S03902,S03902,Income Certificate,TPL_6310,Revenue Office,2026-01-20
DOC_S03903,S03903,Income Certificate,TPL_9495,Revenue Office,2026-01-20
DOC_S03904,S03904,Income Certificate,TPL_5238,Revenue Office,2026-01-20
DOC_S03905,S03905,Income Certificate,TPL_7831,Revenue Office,2026-01-20
DOC_S03906,S03906,Income Certificate,TPL_3898,Revenue Office,2026-01-20
DOC_S03907,S03907,Income Certificate,TPL_1059,Revenue Office,2026-01-20
DOC_S03908,S03908,Income Certificate,TPL_8110,Revenue Office,2026-01-20
DOC_S03909,S03909,Income Certificate,TPL_9399,Revenue Office,2026-01-20
DOC_S03910,S03910,Income Certificate,TPL_2958,Revenue Office,2026-01-20
DOC_S03911,S03911,Income Certificate,TPL_9892,Revenue Office,2026-01-20
DOC_S03912,S03912,Income Certificate,TPL_2050,Revenue Office,2026-01-20
DOC_S03913,S03913,Income Certificate,TPL_7112,Revenue Office,2026-01-20
DOC_S03914,S03914,Income Certificate,TPL_5287,Revenue Office,2026-01-20
DOC_S03915,S03915,Income Certificate,TPL_8960,Revenue Office,2026-01-20
DOC_S03916,S03916,Income Certificate,TPL_8721,Revenue Office,2026-01-20
DOC_S03917,S03917,Income Certificate,TPL_3484,Revenue Office,2026-01-20
DOC_S03918,S03918,Income Certificate,TPL_1008,Revenue Office,2026-01-20
DOC_S03919,S03919,Income Certificate,TPL_1787,Revenue Office,2026-01-20
DOC_S03920,S03920,Income Certificate,TPL_3877,Revenue Office,2026-01-20
DOC_S03921,S03921,Income Certificate,TPL_4769,Revenue Office,2026-01-20
DOC_S03922,S03922,Income Certificate,TPL_6677,Revenue Office,2026-01-20
DOC_S03923,S03923,Income Certificate,TPL_2851,Revenue Office,2026-01-20
DOC_S03924,S03924,Income Certificate,TPL_4074,Revenue Office,2026-01-20
DOC_S03925,S03925,Income Certificate,TPL_7214,Revenue Office,2026-01-20
DOC_S03926,S03926,Income Certificate,TPL_8500,Revenue Office,2026-01-20
DOC_S03927,S03927,Income Certificate,TPL_1571,Revenue Office,2026-01-20
DOC_S03928,S03928,Income Certificate,TPL_8277,Revenue Office,2026-01-20
DOC_S03929,S03929,Income Certificate,TPL_3381,Revenue Office,2026-01-20
DOC_S03930,S03930,Income Certificate,TPL_9488,Revenue Office,2026-01-20
DOC_S03931,S03931,Income Certificate,TPL_3718,Revenue Office,2026-01-20
DOC_S03932,S03932,Income Certificate,TPL_4253,Revenue Office,2026-01-20
DOC_S03933,S03933,Income Certificate,TPL_9115,Revenue Office,2026-01-20
DOC_S03934,S03934,Income Certificate,TPL_9471,Revenue Office,2026-01-20
DOC_S03935,S03935,Income Certificate,TPL_9844,Revenue Office,2026-01-20
DOC_S03936,S03936,Income Certificate,TPL_8893,Revenue Office,2026-01-20
DOC_S03937,S03937,Income Certificate,TPL_9176,Revenue Office,2026-01-20
DOC_S03938,S03938,Income Certificate,TPL_9248,Revenue Office,2026-01-20
DOC_S03939,S03939,Income Certificate,TPL_5226,Revenue Office,2026-01-20
DOC_S03940,S03940,Income Certificate,TPL_4490,Revenue Office,2026-01-20
DOC_S03941,S03941,Income Certificate,TPL_4420,Revenue Office,2026-01-20
DOC_S03942,S03942,Income Certificate,TPL_5691,Revenue Office,2026-01-20
DOC_S03943,S03943,Income Certificate,TPL_7587,Revenue Office,2026-01-20
DOC_S03944,S03944,Income Certificate,TPL_9494,Revenue Office,2026-01-20
DOC_S03945,S03945,Income Certificate,TPL_1866,Revenue Office,2026-01-20
DOC_S03946,S03946,Income Certificate,TPL_5657,Revenue Office,2026-01-20
DOC_S03947,S03947,Income Certificate,TPL_1234,Revenue Office,2026-01-20
DOC_S03948,S03948,Income Certificate,TPL_6225,Revenue Office,2026-01-20
DOC_S03949,S03949,Income Certificate,TPL_5857,Revenue Office,2026-01-20
DOC_S03950,S03950,Income Certificate,TPL_9852,Revenue Office,2026-01-20
DOC_S03951,S03951,Income Certificate,TPL_3877,Revenue Office,2026-01-20
DOC_S03952,S03952,Income Certificate,TPL_4973,Revenue Office,2026-01-20
DOC_S03953,S03953,Income Certificate,TPL_4407,Revenue Office,2026-01-20
DOC_S03954,S03954,Income Certificate,TPL_9931,Revenue Office,2026-01-20
DOC_S03955,S03955,Income Certificate,TPL_1476,Revenue Office,2026-01-20
DOC_S03956,S03956,Income Certificate,TPL_2310,Revenue Office,2026-01-20
DOC_S03957,S03957,Income Certificate,TPL_8869,Revenue Office,2026-01-20
DOC_S03958,S03958,Income Certificate,TPL_1598,Revenue Office,2026-01-20
DOC_S03959,S03959,Income Certificate,TPL_3073,Revenue Office,2026-01-20
DOC_S03960,S03960,Income Certificate,TPL_3496,Revenue Office,2026-01-20
DOC_S03961,S03961,Income Certificate,TPL_5803,Revenue Office,2026-01-20
DOC_S03962,S03962,Income Certificate,TPL_7549,Revenue Office,2026-01-20
DOC_S03963,S03963,Income Certificate,TPL_5334,Revenue Office,2026-01-20
DOC_S03964,S03964,Income Certificate,TPL_3671,Revenue Office,2026-01-20
DOC_S03965,S03965,Income Certificate,TPL_3648,Revenue Office,2026-01-20
DOC_S03966,S03966,Income Certificate,TPL_7759,Revenue Office,2026-01-20
DOC_S03967,S03967,Income Certificate,TPL_2922,Revenue Office,2026-01-20
DOC_S03968,S03968,Income Certificate,TPL_7951,Revenue Office,2026-01-20
DOC_S03969,S03969,Income Certificate,TPL_4579,Revenue Office,2026-01-20
DOC_S03970,S03970,Income Certificate,TPL_9044,Revenue Office,2026-01-20
DOC_S03971,S03971,Income Certificate,TPL_8580,Revenue Office,2026-01-20
DOC_S03972,S03972,Income Certificate,TPL_7076,Revenue Office,2026-01-20
DOC_S03973,S03973,Income Certificate,TPL_8259,Revenue Office,2026-01-20
DOC_S03974,S03974,Income Certificate,TPL_3628,Revenue Office,2026-01-20
DOC_S03975,S03975,Income Certificate,TPL_2099,Revenue Office,2026-01-20
DOC_S03976,S03976,Income Certificate,TPL_6237,Revenue Office,2026-01-20
DOC_S03977,S03977,Income Certificate,TPL_8589,Revenue Office,2026-01-20
DOC_S03978,S03978,Income Certificate,TPL_4964,Revenue Office,2026-01-20
DOC_S03979,S03979,Income Certificate,TPL_4281,Revenue Office,2026-01-20
DOC_S03980,S03980,Income Certificate,TPL_1635,Revenue Office,2026-01-20
DOC_S03981,S03981,Income Certificate,TPL_2450,Revenue Office,2026-01-20
DOC_S03982,S03982,Income Certificate,TPL_2424,Revenue Office,2026-01-20
DOC_S03983,S03983,Income Certificate,TPL_2124,Revenue Office,2026-01-20
DOC_S03984,S03984,Income Certificate,TPL_4041,Revenue Office,2026-01-20
DOC_S03985,S03985,Income Certificate,TPL_9232,Revenue Office,2026-01-20
DOC_S03986,S03986,Income Certificate,TPL_9612,Revenue Office,2026-01-20
DOC_S03987,S03987,Income Certificate,TPL_3585,Revenue Office,2026-01-20
DOC_S03988,S03988,Income Certificate,TPL_4148,Revenue Office,2026-01-20
DOC_S03989,S03989,Income Certificate,TPL_2133,Revenue Office,2026-01-20
DOC_S03990,S03990,Income Certificate,TPL_9293,Revenue Office,2026-01-20
DOC_S03991,S03991,Income Certificate,TPL_1375,Revenue Office,2026-01-20
DOC_S03992,S03992,Income Certificate,TPL_2255,Revenue Office,2026-01-20
DOC_S03993,S03993,Income Certificate,TPL_6867,Revenue Office,2026-01-20
DOC_S03994,S03994,Income Certificate,TPL_2927,Revenue Office,2026-01-20
DOC_S03995,S03995,Income Certificate,TPL_6168,Revenue Office,2026-01-20
DOC_S03996,S03996,Income Certificate,TPL_1990,Revenue Office,2026-01-20
DOC_S03997,S03997,Income Certificate,TPL_5023,Revenue Office,2026-01-20
DOC_S03998,S03998,Income Certificate,TPL_9567,Revenue Office,2026-01-20
DOC_S03999,S03999,Income Certificate,TPL_5090,Revenue Office,2026-01-20
DOC_S04000,S04000,Income Certificate,TPL_5674,Revenue Office,2026-01-20
DOC_S04001,S04001,Income Certificate,TPL_9075,Revenue Office,2026-01-20
DOC_S04002,S04002,Income Certificate,TPL_6833,Revenue Office,2026-01-20
DOC_S04003,S04003,Income Certificate,TPL_4853,Revenue Office,2026-01-20
DOC_S04004,S04004,Income Certificate,TPL_3381,Revenue Office,2026-01-20
DOC_S04005,S04005,Income Certificate,TPL_7899,Revenue Office,2026-01-20
DOC_S04006,S04006,Income Certificate,TPL_9046,Revenue Office,2026-01-20
DOC_S04007,S04007,Income Certificate,TPL_1611,Revenue Office,2026-01-20
DOC_S04008,S04008,Income Certificate,TPL_5146,Revenue Office,2026-01-20
DOC_S04009,S04009,Income Certificate,TPL_9831,Revenue Office,2026-01-20
DOC_S04010,S04010,Income Certificate,TPL_3726,Revenue Office,2026-01-20
DOC_S04011,S04011,Income Certificate,TPL_9204,Revenue Office,2026-01-20
DOC_S04012,S04012,Income Certificate,TPL_1447,Revenue Office,2026-01-20
DOC_S04013,S04013,Income Certificate,TPL_1145,Revenue Office,2026-01-20
DOC_S04014,S04014,Income Certificate,TPL_4613,Revenue Office,2026-01-20
DOC_S04015,S04015,Income Certificate,TPL_7399,Revenue Office,2026-01-20
DOC_S04016,S04016,Income Certificate,TPL_1351,Revenue Office,2026-01-20
DOC_S04017,S04017,Income Certificate,TPL_2859,Revenue Office,2026-01-20
DOC_S04018,S04018,Income Certificate,TPL_5456,Revenue Office,2026-01-20
DOC_S04019,S04019,Income Certificate,TPL_6494,Revenue Office,2026-01-20
DOC_S04020,S04020,Income Certificate,TPL_8008,Revenue Office,2026-01-20
DOC_S04021,S04021,Income Certificate,TPL_8776,Revenue Office,2026-01-20
DOC_S04022,S04022,Income Certificate,TPL_4353,Revenue Office,2026-01-20
DOC_S04023,S04023,Income Certificate,TPL_7705,Revenue Office,2026-01-20
DOC_S04024,S04024,Income Certificate,TPL_2492,Revenue Office,2026-01-20
DOC_S04025,S04025,Income Certificate,TPL_8347,Revenue Office,2026-01-20
DOC_S04026,S04026,Income Certificate,TPL_5725,Revenue Office,2026-01-20
DOC_S04027,S04027,Income Certificate,TPL_8731,Revenue Office,2026-01-20
DOC_S04028,S04028,Income Certificate,TPL_1790,Revenue Office,2026-01-20
DOC_S04029,S04029,Income Certificate,TPL_3128,Revenue Office,2026-01-20
DOC_S04030,S04030,Income Certificate,TPL_1033,Revenue Office,2026-01-20
DOC_S04031,S04031,Income Certificate,TPL_2688,Revenue Office,2026-01-20
DOC_S04032,S04032,Income Certificate,TPL_3825,Revenue Office,2026-01-20
DOC_S04033,S04033,Income Certificate,TPL_5790,Revenue Office,2026-01-20
DOC_S04034,S04034,Income Certificate,TPL_3408,Revenue Office,2026-01-20
DOC_S04035,S04035,Income Certificate,TPL_8914,Revenue Office,2026-01-20
DOC_S04036,S04036,Income Certificate,TPL_9866,Revenue Office,2026-01-20
DOC_S04037,S04037,Income Certificate,TPL_9677,Revenue Office,2026-01-20
DOC_S04038,S04038,Income Certificate,TPL_1346,Revenue Office,2026-01-20
DOC_S04039,S04039,Income Certificate,TPL_4683,Revenue Office,2026-01-20
DOC_S04040,S04040,Income Certificate,TPL_9056,Revenue Office,2026-01-20
DOC_S04041,S04041,Income Certificate,TPL_5407,Revenue Office,2026-01-20
DOC_S04042,S04042,Income Certificate,TPL_2471,Revenue Office,2026-01-20
DOC_S04043,S04043,Income Certificate,TPL_1661,Revenue Office,2026-01-20
DOC_S04044,S04044,Income Certificate,TPL_4698,Revenue Office,2026-01-20
DOC_S04045,S04045,Income Certificate,TPL_1540,Revenue Office,2026-01-20
DOC_S04046,S04046,Income Certificate,TPL_8089,Revenue Office,2026-01-20
DOC_S04047,S04047,Income Certificate,TPL_4278,Revenue Office,2026-01-20
DOC_S04048,S04048,Income Certificate,TPL_7544,Revenue Office,2026-01-20
DOC_S04049,S04049,Income Certificate,TPL_3448,Revenue Office,2026-01-20
DOC_S04050,S04050,Income Certificate,TPL_3895,Revenue Office,2026-01-20
DOC_S04051,S04051,Income Certificate,TPL_1113,Revenue Office,2026-01-20
DOC_S04052,S04052,Income Certificate,TPL_1182,Revenue Office,2026-01-20
DOC_S04053,S04053,Income Certificate,TPL_3095,Revenue Office,2026-01-20
DOC_S04054,S04054,Income Certificate,TPL_9581,Revenue Office,2026-01-20
DOC_S04055,S04055,Income Certificate,TPL_1271,Revenue Office,2026-01-20
DOC_S04056,S04056,Income Certificate,TPL_2570,Revenue Office,2026-01-20
DOC_S04057,S04057,Income Certificate,TPL_3383,Revenue Office,2026-01-20
DOC_S04058,S04058,Income Certificate,TPL_5310,Revenue Office,2026-01-20
DOC_S04059,S04059,Income Certificate,TPL_9484,Revenue Office,2026-01-20
DOC_S04060,S04060,Income Certificate,TPL_7129,Revenue Office,2026-01-20
DOC_S04061,S04061,Income Certificate,TPL_6433,Revenue Office,2026-01-20
DOC_S04062,S04062,Income Certificate,TPL_9097,Revenue Office,2026-01-20
DOC_S04063,S04063,Income Certificate,TPL_2458,Revenue Office,2026-01-20
DOC_S04064,S04064,Income Certificate,TPL_3767,Revenue Office,2026-01-20
DOC_S04065,S04065,Income Certificate,TPL_4733,Revenue Office,2026-01-20
DOC_S04066,S04066,Income Certificate,TPL_6249,Revenue Office,2026-01-20
DOC_S04067,S04067,Income Certificate,TPL_9037,Revenue Office,2026-01-20
DOC_S04068,S04068,Income Certificate,TPL_7228,Revenue Office,2026-01-20
DOC_S04069,S04069,Income Certificate,TPL_4350,Revenue Office,2026-01-20
DOC_S04070,S04070,Income Certificate,TPL_1083,Revenue Office,2026-01-20
DOC_S04071,S04071,Income Certificate,TPL_4405,Revenue Office,2026-01-20
DOC_S04072,S04072,Income Certificate,TPL_4239,Revenue Office,2026-01-20
DOC_S04073,S04073,Income Certificate,TPL_4241,Revenue Office,2026-01-20
DOC_S04074,S04074,Income Certificate,TPL_6735,Revenue Office,2026-01-20
DOC_S04075,S04075,Income Certificate,TPL_9840,Revenue Office,2026-01-20
DOC_S04076,S04076,Income Certificate,TPL_7373,Revenue Office,2026-01-20
DOC_S04077,S04077,Income Certificate,TPL_9661,Revenue Office,2026-01-20
DOC_S04078,S04078,Income Certificate,TPL_1711,Revenue Office,2026-01-20
DOC_S04079,S04079,Income Certificate,TPL_4927,Revenue Office,2026-01-20
DOC_S04080,S04080,Income Certificate,TPL_5345,Revenue Office,2026-01-20
DOC_S04081,S04081,Income Certificate,TPL_7371,Revenue Office,2026-01-20
DOC_S04082,S04082,Income Certificate,TPL_6408,Revenue Office,2026-01-20
DOC_S04083,S04083,Income Certificate,TPL_5525,Revenue Office,2026-01-20
DOC_S04084,S04084,Income Certificate,TPL_6538,Revenue Office,2026-01-20
DOC_S04085,S04085,Income Certificate,TPL_2149,Revenue Office,2026-01-20
DOC_S04086,S04086,Income Certificate,TPL_4550,Revenue Office,2026-01-20
DOC_S04087,S04087,Income Certificate,TPL_1005,Revenue Office,2026-01-20
DOC_S04088,S04088,Income Certificate,TPL_2735,Revenue Office,2026-01-20
DOC_S04089,S04089,Income Certificate,TPL_1897,Revenue Office,2026-01-20
DOC_S04090,S04090,Income Certificate,TPL_7572,Revenue Office,2026-01-20
DOC_S04091,S04091,Income Certificate,TPL_7746,Revenue Office,2026-01-20
DOC_S04092,S04092,Income Certificate,TPL_6098,Revenue Office,2026-01-20
DOC_S04093,S04093,Income Certificate,TPL_2371,Revenue Office,2026-01-20
DOC_S04094,S04094,Income Certificate,TPL_3673,Revenue Office,2026-01-20
DOC_S04095,S04095,Income Certificate,TPL_8831,Revenue Office,2026-01-20
DOC_S04096,S04096,Income Certificate,TPL_8355,Revenue Office,2026-01-20
DOC_S04097,S04097,Income Certificate,TPL_1975,Revenue Office,2026-01-20
DOC_S04098,S04098,Income Certificate,TPL_2804,Revenue Office,2026-01-20
DOC_S04099,S04099,Income Certificate,TPL_4205,Revenue Office,2026-01-20
DOC_S04100,S04100,Income Certificate,TPL_3468,Revenue Office,2026-01-20
DOC_S04101,S04101,Income Certificate,TPL_7628,Revenue Office,2026-01-20
DOC_S04102,S04102,Income Certificate,TPL_1802,Revenue Office,2026-01-20
DOC_S04103,S04103,Income Certificate,TPL_5147,Revenue Office,2026-01-20
DOC_S04104,S04104,Income Certificate,TPL_2674,Revenue Office,2026-01-20
DOC_S04105,S04105,Income Certificate,TPL_1488,Revenue Office,2026-01-20
DOC_S04106,S04106,Income Certificate,TPL_8483,Revenue Office,2026-01-20
DOC_S04107,S04107,Income Certificate,TPL_3320,Revenue Office,2026-01-20
DOC_S04108,S04108,Income Certificate,TPL_6883,Revenue Office,2026-01-20
DOC_S04109,S04109,Income Certificate,TPL_7655,Revenue Office,2026-01-20
DOC_S04110,S04110,Income Certificate,TPL_9116,Revenue Office,2026-01-20
DOC_S04111,S04111,Income Certificate,TPL_7347,Revenue Office,2026-01-20
DOC_S04112,S04112,Income Certificate,TPL_7537,Revenue Office,2026-01-20
DOC_S04113,S04113,Income Certificate,TPL_8915,Revenue Office,2026-01-20
DOC_S04114,S04114,Income Certificate,TPL_1734,Revenue Office,2026-01-20
DOC_S04115,S04115,Income Certificate,TPL_5481,Revenue Office,2026-01-20
DOC_S04116,S04116,Income Certificate,TPL_9536,Revenue Office,2026-01-20
DOC_S04117,S04117,Income Certificate,TPL_6562,Revenue Office,2026-01-20
DOC_S04118,S04118,Income Certificate,TPL_2950,Revenue Office,2026-01-20
DOC_S04119,S04119,Income Certificate,TPL_3078,Revenue Office,2026-01-20
DOC_S04120,S04120,Income Certificate,TPL_2785,Revenue Office,2026-01-20
DOC_S04121,S04121,Income Certificate,TPL_8892,Revenue Office,2026-01-20
DOC_S04122,S04122,Income Certificate,TPL_9698,Revenue Office,2026-01-20
DOC_S04123,S04123,Income Certificate,TPL_7272,Revenue Office,2026-01-20
DOC_S04124,S04124,Income Certificate,TPL_4556,Revenue Office,2026-01-20
DOC_S04125,S04125,Income Certificate,TPL_9229,Revenue Office,2026-01-20
DOC_S04126,S04126,Income Certificate,TPL_4042,Revenue Office,2026-01-20
DOC_S04127,S04127,Income Certificate,TPL_5124,Revenue Office,2026-01-20
DOC_S04128,S04128,Income Certificate,TPL_8231,Revenue Office,2026-01-20
DOC_S04129,S04129,Income Certificate,TPL_9201,Revenue Office,2026-01-20
DOC_S04130,S04130,Income Certificate,TPL_7390,Revenue Office,2026-01-20
DOC_S04131,S04131,Income Certificate,TPL_8876,Revenue Office,2026-01-20
DOC_S04132,S04132,Income Certificate,TPL_7351,Revenue Office,2026-01-20
DOC_S04133,S04133,Income Certificate,TPL_5443,Revenue Office,2026-01-20
DOC_S04134,S04134,Income Certificate,TPL_4720,Revenue Office,2026-01-20
DOC_S04135,S04135,Income Certificate,TPL_1748,Revenue Office,2026-01-20
DOC_S04136,S04136,Income Certificate,TPL_9892,Revenue Office,2026-01-20
DOC_S04137,S04137,Income Certificate,TPL_2894,Revenue Office,2026-01-20
DOC_S04138,S04138,Income Certificate,TPL_3090,Revenue Office,2026-01-20
DOC_S04139,S04139,Income Certificate,TPL_6267,Revenue Office,2026-01-20
DOC_S04140,S04140,Income Certificate,TPL_9607,Revenue Office,2026-01-20
DOC_S04141,S04141,Income Certificate,TPL_7597,Revenue Office,2026-01-20
DOC_S04142,S04142,Income Certificate,TPL_3655,Revenue Office,2026-01-20
DOC_S04143,S04143,Income Certificate,TPL_7804,Revenue Office,2026-01-20
DOC_S04144,S04144,Income Certificate,TPL_4374,Revenue Office,2026-01-20
DOC_S04145,S04145,Income Certificate,TPL_7591,Revenue Office,2026-01-20
DOC_S04146,S04146,Income Certificate,TPL_5335,Revenue Office,2026-01-20
DOC_S04147,S04147,Income Certificate,TPL_6758,Revenue Office,2026-01-20
DOC_S04148,S04148,Income Certificate,TPL_2447,Revenue Office,2026-01-20
DOC_S04149,S04149,Income Certificate,TPL_7730,Revenue Office,2026-01-20
DOC_S04150,S04150,Income Certificate,TPL_9186,Revenue Office,2026-01-20
DOC_S04151,S04151,Income Certificate,TPL_7549,Revenue Office,2026-01-20
DOC_S04152,S04152,Income Certificate,TPL_7965,Revenue Office,2026-01-20
DOC_S04153,S04153,Income Certificate,TPL_1384,Revenue Office,2026-01-20
DOC_S04154,S04154,Income Certificate,TPL_4145,Revenue Office,2026-01-20
DOC_S04155,S04155,Income Certificate,TPL_2343,Revenue Office,2026-01-20
DOC_S04156,S04156,Income Certificate,TPL_7761,Revenue Office,2026-01-20
DOC_S04157,S04157,Income Certificate,TPL_7451,Revenue Office,2026-01-20
DOC_S04158,S04158,Income Certificate,TPL_2467,Revenue Office,2026-01-20
DOC_S04159,S04159,Income Certificate,TPL_4787,Revenue Office,2026-01-20
DOC_S04160,S04160,Income Certificate,TPL_8505,Revenue Office,2026-01-20
DOC_S04161,S04161,Income Certificate,TPL_6948,Revenue Office,2026-01-20
DOC_S04162,S04162,Income Certificate,TPL_9010,Revenue Office,2026-01-20
DOC_S04163,S04163,Income Certificate,TPL_7778,Revenue Office,2026-01-20
DOC_S04164,S04164,Income Certificate,TPL_7882,Revenue Office,2026-01-20
DOC_S04165,S04165,Income Certificate,TPL_5806,Revenue Office,2026-01-20
DOC_S04166,S04166,Income Certificate,TPL_7269,Revenue Office,2026-01-20
DOC_S04167,S04167,Income Certificate,TPL_9490,Revenue Office,2026-01-20
DOC_S04168,S04168,Income Certificate,TPL_6715,Revenue Office,2026-01-20
DOC_S04169,S04169,Income Certificate,TPL_5148,Revenue Office,2026-01-20
DOC_S04170,S04170,Income Certificate,TPL_7526,Revenue Office,2026-01-20
DOC_S04171,S04171,Income Certificate,TPL_8897,Revenue Office,2026-01-20
DOC_S04172,S04172,Income Certificate,TPL_4088,Revenue Office,2026-01-20
DOC_S04173,S04173,Income Certificate,TPL_4627,Revenue Office,2026-01-20
DOC_S04174,S04174,Income Certificate,TPL_5219,Revenue Office,2026-01-20
DOC_S04175,S04175,Income Certificate,TPL_8075,Revenue Office,2026-01-20
DOC_S04176,S04176,Income Certificate,TPL_8075,Revenue Office,2026-01-20
DOC_S04177,S04177,Income Certificate,TPL_6499,Revenue Office,2026-01-20
DOC_S04178,S04178,Income Certificate,TPL_9015,Revenue Office,2026-01-20
DOC_S04179,S04179,Income Certificate,TPL_8560,Revenue Office,2026-01-20
DOC_S04180,S04180,Income Certificate,TPL_5122,Revenue Office,2026-01-20
DOC_S04181,S04181,Income Certificate,TPL_6635,Revenue Office,2026-01-20
DOC_S04182,S04182,Income Certificate,TPL_9648,Revenue Office,2026-01-20
DOC_S04183,S04183,Income Certificate,TPL_2554,Revenue Office,2026-01-20
DOC_S04184,S04184,Income Certificate,TPL_9534,Revenue Office,2026-01-20
DOC_S04185,S04185,Income Certificate,TPL_9274,Revenue Office,2026-01-20
DOC_S04186,S04186,Income Certificate,TPL_6953,Revenue Office,2026-01-20
DOC_S04187,S04187,Income Certificate,TPL_9698,Revenue Office,2026-01-20
DOC_S04188,S04188,Income Certificate,TPL_4490,Revenue Office,2026-01-20
DOC_S04189,S04189,Income Certificate,TPL_9422,Revenue Office,2026-01-20
DOC_S04190,S04190,Income Certificate,TPL_5199,Revenue Office,2026-01-20
DOC_S04191,S04191,Income Certificate,TPL_6168,Revenue Office,2026-01-20
DOC_S04192,S04192,Income Certificate,TPL_8138,Revenue Office,2026-01-20
DOC_S04193,S04193,Income Certificate,TPL_3135,Revenue Office,2026-01-20
DOC_S04194,S04194,Income Certificate,TPL_5028,Revenue Office,2026-01-20
DOC_S04195,S04195,Income Certificate,TPL_6787,Revenue Office,2026-01-20
DOC_S04196,S04196,Income Certificate,TPL_2924,Revenue Office,2026-01-20
DOC_S04197,S04197,Income Certificate,TPL_9711,Revenue Office,2026-01-20
DOC_S04198,S04198,Income Certificate,TPL_4891,Revenue Office,2026-01-20
DOC_S04199,S04199,Income Certificate,TPL_8324,Revenue Office,2026-01-20
DOC_S04200,S04200,Income Certificate,TPL_4878,Revenue Office,2026-01-20
DOC_S04201,S04201,Income Certificate,TPL_8153,Revenue Office,2026-01-20
DOC_S04202,S04202,Income Certificate,TPL_6982,Revenue Office,2026-01-20
DOC_S04203,S04203,Income Certificate,TPL_1878,Revenue Office,2026-01-20
DOC_S04204,S04204,Income Certificate,TPL_7351,Revenue Office,2026-01-20
DOC_S04205,S04205,Income Certificate,TPL_1498,Revenue Office,2026-01-20
DOC_S04206,S04206,Income Certificate,TPL_1438,Revenue Office,2026-01-20
DOC_S04207,S04207,Income Certificate,TPL_7033,Revenue Office,2026-01-20
DOC_S04208,S04208,Income Certificate,TPL_8317,Revenue Office,2026-01-20
DOC_S04209,S04209,Income Certificate,TPL_7061,Revenue Office,2026-01-20
DOC_S04210,S04210,Income Certificate,TPL_5068,Revenue Office,2026-01-20
DOC_S04211,S04211,Income Certificate,TPL_6087,Revenue Office,2026-01-20
DOC_S04212,S04212,Income Certificate,TPL_4235,Revenue Office,2026-01-20
DOC_S04213,S04213,Income Certificate,TPL_3764,Revenue Office,2026-01-20
DOC_S04214,S04214,Income Certificate,TPL_3507,Revenue Office,2026-01-20
DOC_S04215,S04215,Income Certificate,TPL_5526,Revenue Office,2026-01-20
DOC_S04216,S04216,Income Certificate,TPL_6786,Revenue Office,2026-01-20
DOC_S04217,S04217,Income Certificate,TPL_8924,Revenue Office,2026-01-20
DOC_S04218,S04218,Income Certificate,TPL_5940,Revenue Office,2026-01-20
DOC_S04219,S04219,Income Certificate,TPL_7071,Revenue Office,2026-01-20
DOC_S04220,S04220,Income Certificate,TPL_8484,Revenue Office,2026-01-20
DOC_S04221,S04221,Income Certificate,TPL_9577,Revenue Office,2026-01-20
DOC_S04222,S04222,Income Certificate,TPL_7038,Revenue Office,2026-01-20
DOC_S04223,S04223,Income Certificate,TPL_5670,Revenue Office,2026-01-20
DOC_S04224,S04224,Income Certificate,TPL_9188,Revenue Office,2026-01-20
DOC_S04225,S04225,Income Certificate,TPL_9721,Revenue Office,2026-01-20
DOC_S04226,S04226,Income Certificate,TPL_8418,Revenue Office,2026-01-20
DOC_S04227,S04227,Income Certificate,TPL_4040,Revenue Office,2026-01-20
DOC_S04228,S04228,Income Certificate,TPL_6029,Revenue Office,2026-01-20
DOC_S04229,S04229,Income Certificate,TPL_4925,Revenue Office,2026-01-20
DOC_S04230,S04230,Income Certificate,TPL_5953,Revenue Office,2026-01-20
DOC_S04231,S04231,Income Certificate,TPL_6487,Revenue Office,2026-01-20
DOC_S04232,S04232,Income Certificate,TPL_5573,Revenue Office,2026-01-20
DOC_S04233,S04233,Income Certificate,TPL_9509,Revenue Office,2026-01-20
DOC_S04234,S04234,Income Certificate,TPL_3234,Revenue Office,2026-01-20
DOC_S04235,S04235,Income Certificate,TPL_5421,Revenue Office,2026-01-20
DOC_S04236,S04236,Income Certificate,TPL_9122,Revenue Office,2026-01-20
DOC_S04237,S04237,Income Certificate,TPL_8542,Revenue Office,2026-01-20
DOC_S04238,S04238,Income Certificate,TPL_8847,Revenue Office,2026-01-20
DOC_S04239,S04239,Income Certificate,TPL_2759,Revenue Office,2026-01-20
DOC_S04240,S04240,Income Certificate,TPL_3472,Revenue Office,2026-01-20
DOC_S04241,S04241,Income Certificate,TPL_2356,Revenue Office,2026-01-20
DOC_S04242,S04242,Income Certificate,TPL_7698,Revenue Office,2026-01-20
DOC_S04243,S04243,Income Certificate,TPL_4072,Revenue Office,2026-01-20
DOC_S04244,S04244,Income Certificate,TPL_9027,Revenue Office,2026-01-20
DOC_S04245,S04245,Income Certificate,TPL_9045,Revenue Office,2026-01-20
DOC_S04246,S04246,Income Certificate,TPL_7658,Revenue Office,2026-01-20
DOC_S04247,S04247,Income Certificate,TPL_2852,Revenue Office,2026-01-20
DOC_S04248,S04248,Income Certificate,TPL_8850,Revenue Office,2026-01-20
DOC_S04249,S04249,Income Certificate,TPL_8467,Revenue Office,2026-01-20
DOC_S04250,S04250,Income Certificate,TPL_1716,Revenue Office,2026-01-20
DOC_S04251,S04251,Income Certificate,TPL_7523,Revenue Office,2026-01-20
DOC_S04252,S04252,Income Certificate,TPL_1363,Revenue Office,2026-01-20
DOC_S04253,S04253,Income Certificate,TPL_7638,Revenue Office,2026-01-20
DOC_S04254,S04254,Income Certificate,TPL_6836,Revenue Office,2026-01-20
DOC_S04255,S04255,Income Certificate,TPL_3913,Revenue Office,2026-01-20
DOC_S04256,S04256,Income Certificate,TPL_4947,Revenue Office,2026-01-20
DOC_S04257,S04257,Income Certificate,TPL_9679,Revenue Office,2026-01-20
DOC_S04258,S04258,Income Certificate,TPL_5862,Revenue Office,2026-01-20
DOC_S04259,S04259,Income Certificate,TPL_9656,Revenue Office,2026-01-20
DOC_S04260,S04260,Income Certificate,TPL_5990,Revenue Office,2026-01-20
DOC_S04261,S04261,Income Certificate,TPL_5660,Revenue Office,2026-01-20
DOC_S04262,S04262,Income Certificate,TPL_7034,Revenue Office,2026-01-20
DOC_S04263,S04263,Income Certificate,TPL_8386,Revenue Office,2026-01-20
DOC_S04264,S04264,Income Certificate,TPL_2823,Revenue Office,2026-01-20
DOC_S04265,S04265,Income Certificate,TPL_2516,Revenue Office,2026-01-20
DOC_S04266,S04266,Income Certificate,TPL_7143,Revenue Office,2026-01-20
DOC_S04267,S04267,Income Certificate,TPL_6948,Revenue Office,2026-01-20
DOC_S04268,S04268,Income Certificate,TPL_8997,Revenue Office,2026-01-20
DOC_S04269,S04269,Income Certificate,TPL_5849,Revenue Office,2026-01-20
DOC_S04270,S04270,Income Certificate,TPL_8652,Revenue Office,2026-01-20
DOC_S04271,S04271,Income Certificate,TPL_3411,Revenue Office,2026-01-20
DOC_S04272,S04272,Income Certificate,TPL_1427,Revenue Office,2026-01-20
DOC_S04273,S04273,Income Certificate,TPL_1432,Revenue Office,2026-01-20
DOC_S04274,S04274,Income Certificate,TPL_1057,Revenue Office,2026-01-20
DOC_S04275,S04275,Income Certificate,TPL_1395,Revenue Office,2026-01-20
DOC_S04276,S04276,Income Certificate,TPL_5547,Revenue Office,2026-01-20
DOC_S04277,S04277,Income Certificate,TPL_6012,Revenue Office,2026-01-20
DOC_S04278,S04278,Income Certificate,TPL_2836,Revenue Office,2026-01-20
DOC_S04279,S04279,Income Certificate,TPL_8529,Revenue Office,2026-01-20
DOC_S04280,S04280,Income Certificate,TPL_2734,Revenue Office,2026-01-20
DOC_S04281,S04281,Income Certificate,TPL_3141,Revenue Office,2026-01-20
DOC_S04282,S04282,Income Certificate,TPL_7124,Revenue Office,2026-01-20
DOC_S04283,S04283,Income Certificate,TPL_8695,Revenue Office,2026-01-20
DOC_S04284,S04284,Income Certificate,TPL_5164,Revenue Office,2026-01-20
DOC_S04285,S04285,Income Certificate,TPL_7054,Revenue Office,2026-01-20
DOC_S04286,S04286,Income Certificate,TPL_1648,Revenue Office,2026-01-20
DOC_S04287,S04287,Income Certificate,TPL_3915,Revenue Office,2026-01-20
DOC_S04288,S04288,Income Certificate,TPL_3029,Revenue Office,2026-01-20
DOC_S04289,S04289,Income Certificate,TPL_4780,Revenue Office,2026-01-20
DOC_S04290,S04290,Income Certificate,TPL_8069,Revenue Office,2026-01-20
DOC_S04291,S04291,Income Certificate,TPL_6335,Revenue Office,2026-01-20
DOC_S04292,S04292,Income Certificate,TPL_2215,Revenue Office,2026-01-20
DOC_S04293,S04293,Income Certificate,TPL_6413,Revenue Office,2026-01-20
DOC_S04294,S04294,Income Certificate,TPL_1567,Revenue Office,2026-01-20
DOC_S04295,S04295,Income Certificate,TPL_4268,Revenue Office,2026-01-20
DOC_S04296,S04296,Income Certificate,TPL_1271,Revenue Office,2026-01-20
DOC_S04297,S04297,Income Certificate,TPL_1256,Revenue Office,2026-01-20
DOC_S04298,S04298,Income Certificate,TPL_3461,Revenue Office,2026-01-20
DOC_S04299,S04299,Income Certificate,TPL_3549,Revenue Office,2026-01-20
DOC_S04300,S04300,Income Certificate,TPL_9237,Revenue Office,2026-01-20
DOC_S04301,S04301,Income Certificate,TPL_2515,Revenue Office,2026-01-20
DOC_S04302,S04302,Income Certificate,TPL_5650,Revenue Office,2026-01-20
DOC_S04303,S04303,Income Certificate,TPL_3360,Revenue Office,2026-01-20
DOC_S04304,S04304,Income Certificate,TPL_4753,Revenue Office,2026-01-20
DOC_S04305,S04305,Income Certificate,TPL_1831,Revenue Office,2026-01-20
DOC_S04306,S04306,Income Certificate,TPL_2775,Revenue Office,2026-01-20
DOC_S04307,S04307,Income Certificate,TPL_5768,Revenue Office,2026-01-20
DOC_S04308,S04308,Income Certificate,TPL_8145,Revenue Office,2026-01-20
DOC_S04309,S04309,Income Certificate,TPL_7423,Revenue Office,2026-01-20
DOC_S04310,S04310,Income Certificate,TPL_2909,Revenue Office,2026-01-20
DOC_S04311,S04311,Income Certificate,TPL_5981,Revenue Office,2026-01-20
DOC_S04312,S04312,Income Certificate,TPL_5429,Revenue Office,2026-01-20
DOC_S04313,S04313,Income Certificate,TPL_2982,Revenue Office,2026-01-20
DOC_S04314,S04314,Income Certificate,TPL_2770,Revenue Office,2026-01-20
DOC_S04315,S04315,Income Certificate,TPL_9529,Revenue Office,2026-01-20
DOC_S04316,S04316,Income Certificate,TPL_3041,Revenue Office,2026-01-20
DOC_S04317,S04317,Income Certificate,TPL_3027,Revenue Office,2026-01-20
DOC_S04318,S04318,Income Certificate,TPL_2558,Revenue Office,2026-01-20
DOC_S04319,S04319,Income Certificate,TPL_5748,Revenue Office,2026-01-20
DOC_S04320,S04320,Income Certificate,TPL_3853,Revenue Office,2026-01-20
DOC_S04321,S04321,Income Certificate,TPL_4960,Revenue Office,2026-01-20
DOC_S04322,S04322,Income Certificate,TPL_4242,Revenue Office,2026-01-20
DOC_S04323,S04323,Income Certificate,TPL_9832,Revenue Office,2026-01-20
DOC_S04324,S04324,Income Certificate,TPL_3924,Revenue Office,2026-01-20
DOC_S04325,S04325,Income Certificate,TPL_5647,Revenue Office,2026-01-20
DOC_S04326,S04326,Income Certificate,TPL_8157,Revenue Office,2026-01-20
DOC_S04327,S04327,Income Certificate,TPL_6227,Revenue Office,2026-01-20
DOC_S04328,S04328,Income Certificate,TPL_4124,Revenue Office,2026-01-20
DOC_S04329,S04329,Income Certificate,TPL_8833,Revenue Office,2026-01-20
DOC_S04330,S04330,Income Certificate,TPL_2295,Revenue Office,2026-01-20
DOC_S04331,S04331,Income Certificate,TPL_4132,Revenue Office,2026-01-20
DOC_S04332,S04332,Income Certificate,TPL_9120,Revenue Office,2026-01-20
DOC_S04333,S04333,Income Certificate,TPL_4241,Revenue Office,2026-01-20
DOC_S04334,S04334,Income Certificate,TPL_4894,Revenue Office,2026-01-20
DOC_S04335,S04335,Income Certificate,TPL_3806,Revenue Office,2026-01-20
DOC_S04336,S04336,Income Certificate,TPL_1566,Revenue Office,2026-01-20
DOC_S04337,S04337,Income Certificate,TPL_1424,Revenue Office,2026-01-20
DOC_S04338,S04338,Income Certificate,TPL_4758,Revenue Office,2026-01-20
DOC_S04339,S04339,Income Certificate,TPL_3332,Revenue Office,2026-01-20
DOC_S04340,S04340,Income Certificate,TPL_3826,Revenue Office,2026-01-20
DOC_S04341,S04341,Income Certificate,TPL_4769,Revenue Office,2026-01-20
DOC_S04342,S04342,Income Certificate,TPL_3277,Revenue Office,2026-01-20
DOC_S04343,S04343,Income Certificate,TPL_2436,Revenue Office,2026-01-20
DOC_S04344,S04344,Income Certificate,TPL_4944,Revenue Office,2026-01-20
DOC_S04345,S04345,Income Certificate,TPL_9346,Revenue Office,2026-01-20
DOC_S04346,S04346,Income Certificate,TPL_3113,Revenue Office,2026-01-20
DOC_S04347,S04347,Income Certificate,TPL_7924,Revenue Office,2026-01-20
DOC_S04348,S04348,Income Certificate,TPL_5612,Revenue Office,2026-01-20
DOC_S04349,S04349,Income Certificate,TPL_9119,Revenue Office,2026-01-20
DOC_S04350,S04350,Income Certificate,TPL_2086,Revenue Office,2026-01-20
DOC_S04351,S04351,Income Certificate,TPL_4840,Revenue Office,2026-01-20
DOC_S04352,S04352,Income Certificate,TPL_3095,Revenue Office,2026-01-20
DOC_S04353,S04353,Income Certificate,TPL_2257,Revenue Office,2026-01-20
DOC_S04354,S04354,Income Certificate,TPL_9046,Revenue Office,2026-01-20
DOC_S04355,S04355,Income Certificate,TPL_9798,Revenue Office,2026-01-20
DOC_S04356,S04356,Income Certificate,TPL_5550,Revenue Office,2026-01-20
DOC_S04357,S04357,Income Certificate,TPL_2384,Revenue Office,2026-01-20
DOC_S04358,S04358,Income Certificate,TPL_9169,Revenue Office,2026-01-20
DOC_S04359,S04359,Income Certificate,TPL_8937,Revenue Office,2026-01-20
DOC_S04360,S04360,Income Certificate,TPL_4906,Revenue Office,2026-01-20
DOC_S04361,S04361,Income Certificate,TPL_3993,Revenue Office,2026-01-20
DOC_S04362,S04362,Income Certificate,TPL_7889,Revenue Office,2026-01-20
DOC_S04363,S04363,Income Certificate,TPL_4045,Revenue Office,2026-01-20
DOC_S04364,S04364,Income Certificate,TPL_5374,Revenue Office,2026-01-20
DOC_S04365,S04365,Income Certificate,TPL_9815,Revenue Office,2026-01-20
DOC_S04366,S04366,Income Certificate,TPL_3291,Revenue Office,2026-01-20
DOC_S04367,S04367,Income Certificate,TPL_7595,Revenue Office,2026-01-20
DOC_S04368,S04368,Income Certificate,TPL_2552,Revenue Office,2026-01-20
DOC_S04369,S04369,Income Certificate,TPL_5789,Revenue Office,2026-01-20
DOC_S04370,S04370,Income Certificate,TPL_2883,Revenue Office,2026-01-20
DOC_S04371,S04371,Income Certificate,TPL_5673,Revenue Office,2026-01-20
DOC_S04372,S04372,Income Certificate,TPL_9685,Revenue Office,2026-01-20
DOC_S04373,S04373,Income Certificate,TPL_4728,Revenue Office,2026-01-20
DOC_S04374,S04374,Income Certificate,TPL_5646,Revenue Office,2026-01-20
DOC_S04375,S04375,Income Certificate,TPL_5015,Revenue Office,2026-01-20
DOC_S04376,S04376,Income Certificate,TPL_3720,Revenue Office,2026-01-20
DOC_S04377,S04377,Income Certificate,TPL_4240,Revenue Office,2026-01-20
DOC_S04378,S04378,Income Certificate,TPL_4440,Revenue Office,2026-01-20
DOC_S04379,S04379,Income Certificate,TPL_2860,Revenue Office,2026-01-20
DOC_S04380,S04380,Income Certificate,TPL_5060,Revenue Office,2026-01-20
DOC_S04381,S04381,Income Certificate,TPL_3686,Revenue Office,2026-01-20
DOC_S04382,S04382,Income Certificate,TPL_5350,Revenue Office,2026-01-20
DOC_S04383,S04383,Income Certificate,TPL_5425,Revenue Office,2026-01-20
DOC_S04384,S04384,Income Certificate,TPL_9770,Revenue Office,2026-01-20
DOC_S04385,S04385,Income Certificate,TPL_6094,Revenue Office,2026-01-20
DOC_S04386,S04386,Income Certificate,TPL_6698,Revenue Office,2026-01-20
DOC_S04387,S04387,Income Certificate,TPL_6506,Revenue Office,2026-01-20
DOC_S04388,S04388,Income Certificate,TPL_6909,Revenue Office,2026-01-20
DOC_S04389,S04389,Income Certificate,TPL_5480,Revenue Office,2026-01-20
DOC_S04390,S04390,Income Certificate,TPL_1799,Revenue Office,2026-01-20
DOC_S04391,S04391,Income Certificate,TPL_6966,Revenue Office,2026-01-20
DOC_S04392,S04392,Income Certificate,TPL_5755,Revenue Office,2026-01-20
DOC_S04393,S04393,Income Certificate,TPL_6803,Revenue Office,2026-01-20
DOC_S04394,S04394,Income Certificate,TPL_3315,Revenue Office,2026-01-20
DOC_S04395,S04395,Income Certificate,TPL_8813,Revenue Office,2026-01-20
DOC_S04396,S04396,Income Certificate,TPL_5868,Revenue Office,2026-01-20
DOC_S04397,S04397,Income Certificate,TPL_4977,Revenue Office,2026-01-20
DOC_S04398,S04398,Income Certificate,TPL_6018,Revenue Office,2026-01-20
DOC_S04399,S04399,Income Certificate,TPL_9077,Revenue Office,2026-01-20
DOC_S04400,S04400,Income Certificate,TPL_1387,Revenue Office,2026-01-20
DOC_S04401,S04401,Income Certificate,TPL_1498,Revenue Office,2026-01-20
DOC_S04402,S04402,Income Certificate,TPL_3676,Revenue Office,2026-01-20
DOC_S04403,S04403,Income Certificate,TPL_9714,Revenue Office,2026-01-20
DOC_S04404,S04404,Income Certificate,TPL_9616,Revenue Office,2026-01-20
DOC_S04405,S04405,Income Certificate,TPL_6215,Revenue Office,2026-01-20
DOC_S04406,S04406,Income Certificate,TPL_9520,Revenue Office,2026-01-20
DOC_S04407,S04407,Income Certificate,TPL_1023,Revenue Office,2026-01-20
DOC_S04408,S04408,Income Certificate,TPL_7313,Revenue Office,2026-01-20
DOC_S04409,S04409,Income Certificate,TPL_5073,Revenue Office,2026-01-20
DOC_S04410,S04410,Income Certificate,TPL_8424,Revenue Office,2026-01-20
DOC_S04411,S04411,Income Certificate,TPL_2727,Revenue Office,2026-01-20
DOC_S04412,S04412,Income Certificate,TPL_1846,Revenue Office,2026-01-20
DOC_S04413,S04413,Income Certificate,TPL_1004,Revenue Office,2026-01-20
DOC_S04414,S04414,Income Certificate,TPL_3566,Revenue Office,2026-01-20
DOC_S04415,S04415,Income Certificate,TPL_7775,Revenue Office,2026-01-20
DOC_S04416,S04416,Income Certificate,TPL_8611,Revenue Office,2026-01-20
DOC_S04417,S04417,Income Certificate,TPL_9821,Revenue Office,2026-01-20
DOC_S04418,S04418,Income Certificate,TPL_5582,Revenue Office,2026-01-20
DOC_S04419,S04419,Income Certificate,TPL_6317,Revenue Office,2026-01-20
DOC_S04420,S04420,Income Certificate,TPL_5860,Revenue Office,2026-01-20
DOC_S04421,S04421,Income Certificate,TPL_9219,Revenue Office,2026-01-20
DOC_S04422,S04422,Income Certificate,TPL_4702,Revenue Office,2026-01-20
DOC_S04423,S04423,Income Certificate,TPL_5272,Revenue Office,2026-01-20
DOC_S04424,S04424,Income Certificate,TPL_8358,Revenue Office,2026-01-20
DOC_S04425,S04425,Income Certificate,TPL_9731,Revenue Office,2026-01-20
DOC_S04426,S04426,Income Certificate,TPL_8499,Revenue Office,2026-01-20
DOC_S04427,S04427,Income Certificate,TPL_4549,Revenue Office,2026-01-20
DOC_S04428,S04428,Income Certificate,TPL_5357,Revenue Office,2026-01-20
DOC_S04429,S04429,Income Certificate,TPL_1044,Revenue Office,2026-01-20
DOC_S04430,S04430,Income Certificate,TPL_7115,Revenue Office,2026-01-20
DOC_S04431,S04431,Income Certificate,TPL_8694,Revenue Office,2026-01-20
DOC_S04432,S04432,Income Certificate,TPL_3528,Revenue Office,2026-01-20
DOC_S04433,S04433,Income Certificate,TPL_5996,Revenue Office,2026-01-20
DOC_S04434,S04434,Income Certificate,TPL_6466,Revenue Office,2026-01-20
DOC_S04435,S04435,Income Certificate,TPL_7646,Revenue Office,2026-01-20
DOC_S04436,S04436,Income Certificate,TPL_8228,Revenue Office,2026-01-20
DOC_S04437,S04437,Income Certificate,TPL_5055,Revenue Office,2026-01-20
DOC_S04438,S04438,Income Certificate,TPL_5648,Revenue Office,2026-01-20
DOC_S04439,S04439,Income Certificate,TPL_4054,Revenue Office,2026-01-20
DOC_S04440,S04440,Income Certificate,TPL_7138,Revenue Office,2026-01-20
DOC_S04441,S04441,Income Certificate,TPL_9288,Revenue Office,2026-01-20
DOC_S04442,S04442,Income Certificate,TPL_8702,Revenue Office,2026-01-20
DOC_S04443,S04443,Income Certificate,TPL_9587,Revenue Office,2026-01-20
DOC_S04444,S04444,Income Certificate,TPL_4467,Revenue Office,2026-01-20
DOC_S04445,S04445,Income Certificate,TPL_6953,Revenue Office,2026-01-20
DOC_S04446,S04446,Income Certificate,TPL_5861,Revenue Office,2026-01-20
DOC_S04447,S04447,Income Certificate,TPL_7564,Revenue Office,2026-01-20
DOC_S04448,S04448,Income Certificate,TPL_7567,Revenue Office,2026-01-20
DOC_S04449,S04449,Income Certificate,TPL_6399,Revenue Office,2026-01-20
DOC_S04450,S04450,Income Certificate,TPL_9509,Revenue Office,2026-01-20
DOC_S04451,S04451,Income Certificate,TPL_3729,Revenue Office,2026-01-20
DOC_S04452,S04452,Income Certificate,TPL_8658,Revenue Office,2026-01-20
DOC_S04453,S04453,Income Certificate,TPL_8074,Revenue Office,2026-01-20
DOC_S04454,S04454,Income Certificate,TPL_9912,Revenue Office,2026-01-20
DOC_S04455,S04455,Income Certificate,TPL_7561,Revenue Office,2026-01-20
DOC_S04456,S04456,Income Certificate,TPL_5743,Revenue Office,2026-01-20
DOC_S04457,S04457,Income Certificate,TPL_9573,Revenue Office,2026-01-20
DOC_S04458,S04458,Income Certificate,TPL_4957,Revenue Office,2026-01-20
DOC_S04459,S04459,Income Certificate,TPL_9801,Revenue Office,2026-01-20
DOC_S04460,S04460,Income Certificate,TPL_2816,Revenue Office,2026-01-20
DOC_S04461,S04461,Income Certificate,TPL_4210,Revenue Office,2026-01-20
DOC_S04462,S04462,Income Certificate,TPL_8950,Revenue Office,2026-01-20
DOC_S04463,S04463,Income Certificate,TPL_2262,Revenue Office,2026-01-20
DOC_S04464,S04464,Income Certificate,TPL_3602,Revenue Office,2026-01-20
DOC_S04465,S04465,Income Certificate,TPL_7270,Revenue Office,2026-01-20
DOC_S04466,S04466,Income Certificate,TPL_7963,Revenue Office,2026-01-20
DOC_S04467,S04467,Income Certificate,TPL_7279,Revenue Office,2026-01-20
DOC_S04468,S04468,Income Certificate,TPL_6142,Revenue Office,2026-01-20
DOC_S04469,S04469,Income Certificate,TPL_9670,Revenue Office,2026-01-20
DOC_S04470,S04470,Income Certificate,TPL_5042,Revenue Office,2026-01-20
DOC_S04471,S04471,Income Certificate,TPL_5952,Revenue Office,2026-01-20
DOC_S04472,S04472,Income Certificate,TPL_6382,Revenue Office,2026-01-20
DOC_S04473,S04473,Income Certificate,TPL_8222,Revenue Office,2026-01-20
DOC_S04474,S04474,Income Certificate,TPL_2748,Revenue Office,2026-01-20
DOC_S04475,S04475,Income Certificate,TPL_3089,Revenue Office,2026-01-20
DOC_S04476,S04476,Income Certificate,TPL_4402,Revenue Office,2026-01-20
DOC_S04477,S04477,Income Certificate,TPL_9261,Revenue Office,2026-01-20
DOC_S04478,S04478,Income Certificate,TPL_3156,Revenue Office,2026-01-20
DOC_S04479,S04479,Income Certificate,TPL_6941,Revenue Office,2026-01-20
DOC_S04480,S04480,Income Certificate,TPL_3904,Revenue Office,2026-01-20
DOC_S04481,S04481,Income Certificate,TPL_4106,Revenue Office,2026-01-20
DOC_S04482,S04482,Income Certificate,TPL_7855,Revenue Office,2026-01-20
DOC_S04483,S04483,Income Certificate,TPL_3705,Revenue Office,2026-01-20
DOC_S04484,S04484,Income Certificate,TPL_9311,Revenue Office,2026-01-20
DOC_S04485,S04485,Income Certificate,TPL_7097,Revenue Office,2026-01-20
DOC_S04486,S04486,Income Certificate,TPL_6605,Revenue Office,2026-01-20
DOC_S04487,S04487,Income Certificate,TPL_2975,Revenue Office,2026-01-20
DOC_S04488,S04488,Income Certificate,TPL_4548,Revenue Office,2026-01-20
DOC_S04489,S04489,Income Certificate,TPL_6475,Revenue Office,2026-01-20
DOC_S04490,S04490,Income Certificate,TPL_2113,Revenue Office,2026-01-20
DOC_S04491,S04491,Income Certificate,TPL_6913,Revenue Office,2026-01-20
DOC_S04492,S04492,Income Certificate,TPL_4586,Revenue Office,2026-01-20
DOC_S04493,S04493,Income Certificate,TPL_1142,Revenue Office,2026-01-20
DOC_S04494,S04494,Income Certificate,TPL_7033,Revenue Office,2026-01-20
DOC_S04495,S04495,Income Certificate,TPL_8039,Revenue Office,2026-01-20
DOC_S04496,S04496,Income Certificate,TPL_3543,Revenue Office,2026-01-20
DOC_S04497,S04497,Income Certificate,TPL_3503,Revenue Office,2026-01-20
DOC_S04498,S04498,Income Certificate,TPL_7457,Revenue Office,2026-01-20
DOC_S04499,S04499,Income Certificate,TPL_9822,Revenue Office,2026-01-20
DOC_S04500,S04500,Income Certificate,TPL_1824,Revenue Office,2026-01-20
DOC_S04501,S04501,Income Certificate,TPL_4636,Revenue Office,2026-01-20
DOC_S04502,S04502,Income Certificate,TPL_6832,Revenue Office,2026-01-20
DOC_S04503,S04503,Income Certificate,TPL_7176,Revenue Office,2026-01-20
DOC_S04504,S04504,Income Certificate,TPL_5014,Revenue Office,2026-01-20
DOC_S04505,S04505,Income Certificate,TPL_8659,Revenue Office,2026-01-20
DOC_S04506,S04506,Income Certificate,TPL_6790,Revenue Office,2026-01-20
DOC_S04507,S04507,Income Certificate,TPL_9993,Revenue Office,2026-01-20
DOC_S04508,S04508,Income Certificate,TPL_5174,Revenue Office,2026-01-20
DOC_S04509,S04509,Income Certificate,TPL_7833,Revenue Office,2026-01-20
DOC_S04510,S04510,Income Certificate,TPL_2662,Revenue Office,2026-01-20
DOC_S04511,S04511,Income Certificate,TPL_4333,Revenue Office,2026-01-20
DOC_S04512,S04512,Income Certificate,TPL_2491,Revenue Office,2026-01-20
DOC_S04513,S04513,Income Certificate,TPL_1509,Revenue Office,2026-01-20
DOC_S04514,S04514,Income Certificate,TPL_4552,Revenue Office,2026-01-20
DOC_S04515,S04515,Income Certificate,TPL_7986,Revenue Office,2026-01-20
DOC_S04516,S04516,Income Certificate,TPL_8479,Revenue Office,2026-01-20
DOC_S04517,S04517,Income Certificate,TPL_2297,Revenue Office,2026-01-20
DOC_S04518,S04518,Income Certificate,TPL_4906,Revenue Office,2026-01-20
DOC_S04519,S04519,Income Certificate,TPL_8132,Revenue Office,2026-01-20
DOC_S04520,S04520,Income Certificate,TPL_3185,Revenue Office,2026-01-20
DOC_S04521,S04521,Income Certificate,TPL_1158,Revenue Office,2026-01-20
DOC_S04522,S04522,Income Certificate,TPL_1206,Revenue Office,2026-01-20
DOC_S04523,S04523,Income Certificate,TPL_8387,Revenue Office,2026-01-20
DOC_S04524,S04524,Income Certificate,TPL_8154,Revenue Office,2026-01-20
DOC_S04525,S04525,Income Certificate,TPL_2663,Revenue Office,2026-01-20
DOC_S04526,S04526,Income Certificate,TPL_7740,Revenue Office,2026-01-20
DOC_S04527,S04527,Income Certificate,TPL_1257,Revenue Office,2026-01-20
DOC_S04528,S04528,Income Certificate,TPL_4419,Revenue Office,2026-01-20
DOC_S04529,S04529,Income Certificate,TPL_1993,Revenue Office,2026-01-20
DOC_S04530,S04530,Income Certificate,TPL_3683,Revenue Office,2026-01-20
DOC_S04531,S04531,Income Certificate,TPL_1113,Revenue Office,2026-01-20
DOC_S04532,S04532,Income Certificate,TPL_6566,Revenue Office,2026-01-20
DOC_S04533,S04533,Income Certificate,TPL_4971,Revenue Office,2026-01-20
DOC_S04534,S04534,Income Certificate,TPL_3137,Revenue Office,2026-01-20
DOC_S04535,S04535,Income Certificate,TPL_1647,Revenue Office,2026-01-20
DOC_S04536,S04536,Income Certificate,TPL_5475,Revenue Office,2026-01-20
DOC_S04537,S04537,Income Certificate,TPL_8137,Revenue Office,2026-01-20
DOC_S04538,S04538,Income Certificate,TPL_1413,Revenue Office,2026-01-20
DOC_S04539,S04539,Income Certificate,TPL_6493,Revenue Office,2026-01-20
DOC_S04540,S04540,Income Certificate,TPL_5390,Revenue Office,2026-01-20
DOC_S04541,S04541,Income Certificate,TPL_8916,Revenue Office,2026-01-20
DOC_S04542,S04542,Income Certificate,TPL_6734,Revenue Office,2026-01-20
DOC_S04543,S04543,Income Certificate,TPL_6788,Revenue Office,2026-01-20
DOC_S04544,S04544,Income Certificate,TPL_6910,Revenue Office,2026-01-20
DOC_S04545,S04545,Income Certificate,TPL_1260,Revenue Office,2026-01-20
DOC_S04546,S04546,Income Certificate,TPL_4202,Revenue Office,2026-01-20
DOC_S04547,S04547,Income Certificate,TPL_4809,Revenue Office,2026-01-20
DOC_S04548,S04548,Income Certificate,TPL_7820,Revenue Office,2026-01-20
DOC_S04549,S04549,Income Certificate,TPL_7396,Revenue Office,2026-01-20
DOC_S04550,S04550,Income Certificate,TPL_5289,Revenue Office,2026-01-20
DOC_S04551,S04551,Income Certificate,TPL_9653,Revenue Office,2026-01-20
DOC_S04552,S04552,Income Certificate,TPL_6960,Revenue Office,2026-01-20
DOC_S04553,S04553,Income Certificate,TPL_2724,Revenue Office,2026-01-20
DOC_S04554,S04554,Income Certificate,TPL_3731,Revenue Office,2026-01-20
DOC_S04555,S04555,Income Certificate,TPL_2222,Revenue Office,2026-01-20
DOC_S04556,S04556,Income Certificate,TPL_7347,Revenue Office,2026-01-20
DOC_S04557,S04557,Income Certificate,TPL_9655,Revenue Office,2026-01-20
DOC_S04558,S04558,Income Certificate,TPL_8613,Revenue Office,2026-01-20
DOC_S04559,S04559,Income Certificate,TPL_1798,Revenue Office,2026-01-20
DOC_S04560,S04560,Income Certificate,TPL_9243,Revenue Office,2026-01-20
DOC_S04561,S04561,Income Certificate,TPL_6055,Revenue Office,2026-01-20
DOC_S04562,S04562,Income Certificate,TPL_1433,Revenue Office,2026-01-20
DOC_S04563,S04563,Income Certificate,TPL_9501,Revenue Office,2026-01-20
DOC_S04564,S04564,Income Certificate,TPL_2368,Revenue Office,2026-01-20
DOC_S04565,S04565,Income Certificate,TPL_1026,Revenue Office,2026-01-20
DOC_S04566,S04566,Income Certificate,TPL_9379,Revenue Office,2026-01-20
DOC_S04567,S04567,Income Certificate,TPL_5839,Revenue Office,2026-01-20
DOC_S04568,S04568,Income Certificate,TPL_9278,Revenue Office,2026-01-20
DOC_S04569,S04569,Income Certificate,TPL_1226,Revenue Office,2026-01-20
DOC_S04570,S04570,Income Certificate,TPL_7032,Revenue Office,2026-01-20
DOC_S04571,S04571,Income Certificate,TPL_4495,Revenue Office,2026-01-20
DOC_S04572,S04572,Income Certificate,TPL_9174,Revenue Office,2026-01-20
DOC_S04573,S04573,Income Certificate,TPL_2633,Revenue Office,2026-01-20
DOC_S04574,S04574,Income Certificate,TPL_1072,Revenue Office,2026-01-20
DOC_S04575,S04575,Income Certificate,TPL_6825,Revenue Office,2026-01-20
DOC_S04576,S04576,Income Certificate,TPL_4464,Revenue Office,2026-01-20
DOC_S04577,S04577,Income Certificate,TPL_9198,Revenue Office,2026-01-20
DOC_S04578,S04578,Income Certificate,TPL_2700,Revenue Office,2026-01-20
DOC_S04579,S04579,Income Certificate,TPL_6269,Revenue Office,2026-01-20
DOC_S04580,S04580,Income Certificate,TPL_6420,Revenue Office,2026-01-20
DOC_S04581,S04581,Income Certificate,TPL_6777,Revenue Office,2026-01-20
DOC_S04582,S04582,Income Certificate,TPL_7869,Revenue Office,2026-01-20
DOC_S04583,S04583,Income Certificate,TPL_8014,Revenue Office,2026-01-20
DOC_S04584,S04584,Income Certificate,TPL_1864,Revenue Office,2026-01-20
DOC_S04585,S04585,Income Certificate,TPL_6611,Revenue Office,2026-01-20
DOC_S04586,S04586,Income Certificate,TPL_6245,Revenue Office,2026-01-20
DOC_S04587,S04587,Income Certificate,TPL_5658,Revenue Office,2026-01-20
DOC_S04588,S04588,Income Certificate,TPL_9374,Revenue Office,2026-01-20
DOC_S04589,S04589,Income Certificate,TPL_9126,Revenue Office,2026-01-20
DOC_S04590,S04590,Income Certificate,TPL_9316,Revenue Office,2026-01-20
DOC_S04591,S04591,Income Certificate,TPL_2001,Revenue Office,2026-01-20
DOC_S04592,S04592,Income Certificate,TPL_8043,Revenue Office,2026-01-20
DOC_S04593,S04593,Income Certificate,TPL_2094,Revenue Office,2026-01-20
DOC_S04594,S04594,Income Certificate,TPL_4934,Revenue Office,2026-01-20
DOC_S04595,S04595,Income Certificate,TPL_2815,Revenue Office,2026-01-20
DOC_S04596,S04596,Income Certificate,TPL_3289,Revenue Office,2026-01-20
DOC_S04597,S04597,Income Certificate,TPL_4148,Revenue Office,2026-01-20
DOC_S04598,S04598,Income Certificate,TPL_6159,Revenue Office,2026-01-20
DOC_S04599,S04599,Income Certificate,TPL_7316,Revenue Office,2026-01-20
DOC_S04600,S04600,Income Certificate,TPL_8159,Revenue Office,2026-01-20
DOC_S04601,S04601,Income Certificate,TPL_8431,Revenue Office,2026-01-20
DOC_S04602,S04602,Income Certificate,TPL_3766,Revenue Office,2026-01-20
DOC_S04603,S04603,Income Certificate,TPL_2829,Revenue Office,2026-01-20
DOC_S04604,S04604,Income Certificate,TPL_5917,Revenue Office,2026-01-20
DOC_S04605,S04605,Income Certificate,TPL_7448,Revenue Office,2026-01-20
DOC_S04606,S04606,Income Certificate,TPL_1096,Revenue Office,2026-01-20
DOC_S04607,S04607,Income Certificate,TPL_9088,Revenue Office,2026-01-20
DOC_S04608,S04608,Income Certificate,TPL_3046,Revenue Office,2026-01-20
DOC_S04609,S04609,Income Certificate,TPL_1728,Revenue Office,2026-01-20
DOC_S04610,S04610,Income Certificate,TPL_8560,Revenue Office,2026-01-20
DOC_S04611,S04611,Income Certificate,TPL_2601,Revenue Office,2026-01-20
DOC_S04612,S04612,Income Certificate,TPL_5394,Revenue Office,2026-01-20
DOC_S04613,S04613,Income Certificate,TPL_9226,Revenue Office,2026-01-20
DOC_S04614,S04614,Income Certificate,TPL_6693,Revenue Office,2026-01-20
DOC_S04615,S04615,Income Certificate,TPL_4924,Revenue Office,2026-01-20
DOC_S04616,S04616,Income Certificate,TPL_7070,Revenue Office,2026-01-20
DOC_S04617,S04617,Income Certificate,TPL_3157,Revenue Office,2026-01-20
DOC_S04618,S04618,Income Certificate,TPL_3107,Revenue Office,2026-01-20
DOC_S04619,S04619,Income Certificate,TPL_5983,Revenue Office,2026-01-20
DOC_S04620,S04620,Income Certificate,TPL_4677,Revenue Office,2026-01-20
DOC_S04621,S04621,Income Certificate,TPL_2287,Revenue Office,2026-01-20
DOC_S04622,S04622,Income Certificate,TPL_1163,Revenue Office,2026-01-20
DOC_S04623,S04623,Income Certificate,TPL_9587,Revenue Office,2026-01-20
DOC_S04624,S04624,Income Certificate,TPL_4156,Revenue Office,2026-01-20
DOC_S04625,S04625,Income Certificate,TPL_3723,Revenue Office,2026-01-20
DOC_S04626,S04626,Income Certificate,TPL_4556,Revenue Office,2026-01-20
DOC_S04627,S04627,Income Certificate,TPL_7241,Revenue Office,2026-01-20
DOC_S04628,S04628,Income Certificate,TPL_9435,Revenue Office,2026-01-20
DOC_S04629,S04629,Income Certificate,TPL_7767,Revenue Office,2026-01-20
DOC_S04630,S04630,Income Certificate,TPL_2538,Revenue Office,2026-01-20
DOC_S04631,S04631,Income Certificate,TPL_7442,Revenue Office,2026-01-20
DOC_S04632,S04632,Income Certificate,TPL_3594,Revenue Office,2026-01-20
DOC_S04633,S04633,Income Certificate,TPL_3834,Revenue Office,2026-01-20
DOC_S04634,S04634,Income Certificate,TPL_2763,Revenue Office,2026-01-20
DOC_S04635,S04635,Income Certificate,TPL_6608,Revenue Office,2026-01-20
DOC_S04636,S04636,Income Certificate,TPL_8472,Revenue Office,2026-01-20
DOC_S04637,S04637,Income Certificate,TPL_3621,Revenue Office,2026-01-20
DOC_S04638,S04638,Income Certificate,TPL_5530,Revenue Office,2026-01-20
DOC_S04639,S04639,Income Certificate,TPL_7781,Revenue Office,2026-01-20
DOC_S04640,S04640,Income Certificate,TPL_6370,Revenue Office,2026-01-20
DOC_S04641,S04641,Income Certificate,TPL_5857,Revenue Office,2026-01-20
DOC_S04642,S04642,Income Certificate,TPL_7473,Revenue Office,2026-01-20
DOC_S04643,S04643,Income Certificate,TPL_2481,Revenue Office,2026-01-20
DOC_S04644,S04644,Income Certificate,TPL_4412,Revenue Office,2026-01-20
DOC_S04645,S04645,Income Certificate,TPL_2424,Revenue Office,2026-01-20
DOC_S04646,S04646,Income Certificate,TPL_7713,Revenue Office,2026-01-20
DOC_S04647,S04647,Income Certificate,TPL_4517,Revenue Office,2026-01-20
DOC_S04648,S04648,Income Certificate,TPL_8810,Revenue Office,2026-01-20
DOC_S04649,S04649,Income Certificate,TPL_4666,Revenue Office,2026-01-20
DOC_S04650,S04650,Income Certificate,TPL_1041,Revenue Office,2026-01-20
DOC_S04651,S04651,Income Certificate,TPL_6204,Revenue Office,2026-01-20
DOC_S04652,S04652,Income Certificate,TPL_6598,Revenue Office,2026-01-20
DOC_S04653,S04653,Income Certificate,TPL_3040,Revenue Office,2026-01-20
DOC_S04654,S04654,Income Certificate,TPL_7874,Revenue Office,2026-01-20
DOC_S04655,S04655,Income Certificate,TPL_1231,Revenue Office,2026-01-20
DOC_S04656,S04656,Income Certificate,TPL_1669,Revenue Office,2026-01-20
DOC_S04657,S04657,Income Certificate,TPL_8225,Revenue Office,2026-01-20
DOC_S04658,S04658,Income Certificate,TPL_4800,Revenue Office,2026-01-20
DOC_S04659,S04659,Income Certificate,TPL_2108,Revenue Office,2026-01-20
DOC_S04660,S04660,Income Certificate,TPL_3869,Revenue Office,2026-01-20
DOC_S04661,S04661,Income Certificate,TPL_5813,Revenue Office,2026-01-20
DOC_S04662,S04662,Income Certificate,TPL_1595,Revenue Office,2026-01-20
DOC_S04663,S04663,Income Certificate,TPL_7344,Revenue Office,2026-01-20
DOC_S04664,S04664,Income Certificate,TPL_1273,Revenue Office,2026-01-20
DOC_S04665,S04665,Income Certificate,TPL_1349,Revenue Office,2026-01-20
DOC_S04666,S04666,Income Certificate,TPL_8335,Revenue Office,2026-01-20
DOC_S04667,S04667,Income Certificate,TPL_2308,Revenue Office,2026-01-20
DOC_S04668,S04668,Income Certificate,TPL_6588,Revenue Office,2026-01-20
DOC_S04669,S04669,Income Certificate,TPL_1546,Revenue Office,2026-01-20
DOC_S04670,S04670,Income Certificate,TPL_9249,Revenue Office,2026-01-20
DOC_S04671,S04671,Income Certificate,TPL_8899,Revenue Office,2026-01-20
DOC_S04672,S04672,Income Certificate,TPL_8624,Revenue Office,2026-01-20
DOC_S04673,S04673,Income Certificate,TPL_6183,Revenue Office,2026-01-20
DOC_S04674,S04674,Income Certificate,TPL_9713,Revenue Office,2026-01-20
DOC_S04675,S04675,Income Certificate,TPL_2707,Revenue Office,2026-01-20
DOC_S04676,S04676,Income Certificate,TPL_6641,Revenue Office,2026-01-20
DOC_S04677,S04677,Income Certificate,TPL_1151,Revenue Office,2026-01-20
DOC_S04678,S04678,Income Certificate,TPL_6302,Revenue Office,2026-01-20
DOC_S04679,S04679,Income Certificate,TPL_7173,Revenue Office,2026-01-20
DOC_S04680,S04680,Income Certificate,TPL_5569,Revenue Office,2026-01-20
DOC_S04681,S04681,Income Certificate,TPL_9772,Revenue Office,2026-01-20
DOC_S04682,S04682,Income Certificate,TPL_2452,Revenue Office,2026-01-20
DOC_S04683,S04683,Income Certificate,TPL_7847,Revenue Office,2026-01-20
DOC_S04684,S04684,Income Certificate,TPL_5572,Revenue Office,2026-01-20
DOC_S04685,S04685,Income Certificate,TPL_3930,Revenue Office,2026-01-20
DOC_S04686,S04686,Income Certificate,TPL_7418,Revenue Office,2026-01-20
DOC_S04687,S04687,Income Certificate,TPL_9833,Revenue Office,2026-01-20
DOC_S04688,S04688,Income Certificate,TPL_4805,Revenue Office,2026-01-20
DOC_S04689,S04689,Income Certificate,TPL_1148,Revenue Office,2026-01-20
DOC_S04690,S04690,Income Certificate,TPL_8154,Revenue Office,2026-01-20
DOC_S04691,S04691,Income Certificate,TPL_9785,Revenue Office,2026-01-20
DOC_S04692,S04692,Income Certificate,TPL_9818,Revenue Office,2026-01-20
DOC_S04693,S04693,Income Certificate,TPL_7472,Revenue Office,2026-01-20
DOC_S04694,S04694,Income Certificate,TPL_5808,Revenue Office,2026-01-20
DOC_S04695,S04695,Income Certificate,TPL_1804,Revenue Office,2026-01-20
DOC_S04696,S04696,Income Certificate,TPL_8096,Revenue Office,2026-01-20
DOC_S04697,S04697,Income Certificate,TPL_7360,Revenue Office,2026-01-20
DOC_S04698,S04698,Income Certificate,TPL_6013,Revenue Office,2026-01-20
DOC_S04699,S04699,Income Certificate,TPL_2705,Revenue Office,2026-01-20
DOC_S04700,S04700,Income Certificate,TPL_1716,Revenue Office,2026-01-20
DOC_S04701,S04701,Income Certificate,TPL_5290,Revenue Office,2026-01-20
DOC_S04702,S04702,Income Certificate,TPL_5545,Revenue Office,2026-01-20
DOC_S04703,S04703,Income Certificate,TPL_2247,Revenue Office,2026-01-20
DOC_S04704,S04704,Income Certificate,TPL_4195,Revenue Office,2026-01-20
DOC_S04705,S04705,Income Certificate,TPL_9451,Revenue Office,2026-01-20
DOC_S04706,S04706,Income Certificate,TPL_8106,Revenue Office,2026-01-20
DOC_S04707,S04707,Income Certificate,TPL_8456,Revenue Office,2026-01-20
DOC_S04708,S04708,Income Certificate,TPL_3717,Revenue Office,2026-01-20
DOC_S04709,S04709,Income Certificate,TPL_3965,Revenue Office,2026-01-20
DOC_S04710,S04710,Income Certificate,TPL_3587,Revenue Office,2026-01-20
DOC_S04711,S04711,Income Certificate,TPL_5563,Revenue Office,2026-01-20
DOC_S04712,S04712,Income Certificate,TPL_1750,Revenue Office,2026-01-20
DOC_S04713,S04713,Income Certificate,TPL_1774,Revenue Office,2026-01-20
DOC_S04714,S04714,Income Certificate,TPL_5358,Revenue Office,2026-01-20
DOC_S04715,S04715,Income Certificate,TPL_2573,Revenue Office,2026-01-20
DOC_S04716,S04716,Income Certificate,TPL_1333,Revenue Office,2026-01-20
DOC_S04717,S04717,Income Certificate,TPL_2931,Revenue Office,2026-01-20
DOC_S04718,S04718,Income Certificate,TPL_8918,Revenue Office,2026-01-20
DOC_S04719,S04719,Income Certificate,TPL_1484,Revenue Office,2026-01-20
DOC_S04720,S04720,Income Certificate,TPL_4409,Revenue Office,2026-01-20
DOC_S04721,S04721,Income Certificate,TPL_5787,Revenue Office,2026-01-20
DOC_S04722,S04722,Income Certificate,TPL_1025,Revenue Office,2026-01-20
DOC_S04723,S04723,Income Certificate,TPL_1077,Revenue Office,2026-01-20
DOC_S04724,S04724,Income Certificate,TPL_6383,Revenue Office,2026-01-20
DOC_S04725,S04725,Income Certificate,TPL_8001,Revenue Office,2026-01-20
DOC_S04726,S04726,Income Certificate,TPL_2098,Revenue Office,2026-01-20
DOC_S04727,S04727,Income Certificate,TPL_4937,Revenue Office,2026-01-20
DOC_S04728,S04728,Income Certificate,TPL_4878,Revenue Office,2026-01-20
DOC_S04729,S04729,Income Certificate,TPL_9019,Revenue Office,2026-01-20
DOC_S04730,S04730,Income Certificate,TPL_7832,Revenue Office,2026-01-20
DOC_S04731,S04731,Income Certificate,TPL_2541,Revenue Office,2026-01-20
DOC_S04732,S04732,Income Certificate,TPL_9870,Revenue Office,2026-01-20
DOC_S04733,S04733,Income Certificate,TPL_6140,Revenue Office,2026-01-20
DOC_S04734,S04734,Income Certificate,TPL_9238,Revenue Office,2026-01-20
DOC_S04735,S04735,Income Certificate,TPL_9295,Revenue Office,2026-01-20
DOC_S04736,S04736,Income Certificate,TPL_6436,Revenue Office,2026-01-20
DOC_S04737,S04737,Income Certificate,TPL_2092,Revenue Office,2026-01-20
DOC_S04738,S04738,Income Certificate,TPL_9337,Revenue Office,2026-01-20
DOC_S04739,S04739,Income Certificate,TPL_5787,Revenue Office,2026-01-20
DOC_S04740,S04740,Income Certificate,TPL_2011,Revenue Office,2026-01-20
DOC_S04741,S04741,Income Certificate,TPL_9078,Revenue Office,2026-01-20
DOC_S04742,S04742,Income Certificate,TPL_5439,Revenue Office,2026-01-20
DOC_S04743,S04743,Income Certificate,TPL_3015,Revenue Office,2026-01-20
DOC_S04744,S04744,Income Certificate,TPL_7735,Revenue Office,2026-01-20
DOC_S04745,S04745,Income Certificate,TPL_8953,Revenue Office,2026-01-20
DOC_S04746,S04746,Income Certificate,TPL_7734,Revenue Office,2026-01-20
DOC_S04747,S04747,Income Certificate,TPL_8935,Revenue Office,2026-01-20
DOC_S04748,S04748,Income Certificate,TPL_1903,Revenue Office,2026-01-20
DOC_S04749,S04749,Income Certificate,TPL_4676,Revenue Office,2026-01-20
DOC_S04750,S04750,Income Certificate,TPL_4292,Revenue Office,2026-01-20
DOC_S04751,S04751,Income Certificate,TPL_8679,Revenue Office,2026-01-20
DOC_S04752,S04752,Income Certificate,TPL_8512,Revenue Office,2026-01-20
DOC_S04753,S04753,Income Certificate,TPL_3219,Revenue Office,2026-01-20
DOC_S04754,S04754,Income Certificate,TPL_7492,Revenue Office,2026-01-20
DOC_S04755,S04755,Income Certificate,TPL_5632,Revenue Office,2026-01-20
DOC_S04756,S04756,Income Certificate,TPL_7402,Revenue Office,2026-01-20
DOC_S04757,S04757,Income Certificate,TPL_8721,Revenue Office,2026-01-20
DOC_S04758,S04758,Income Certificate,TPL_7651,Revenue Office,2026-01-20
DOC_S04759,S04759,Income Certificate,TPL_5547,Revenue Office,2026-01-20
DOC_S04760,S04760,Income Certificate,TPL_6991,Revenue Office,2026-01-20
DOC_S04761,S04761,Income Certificate,TPL_8267,Revenue Office,2026-01-20
DOC_S04762,S04762,Income Certificate,TPL_7697,Revenue Office,2026-01-20
DOC_S04763,S04763,Income Certificate,TPL_1591,Revenue Office,2026-01-20
DOC_S04764,S04764,Income Certificate,TPL_6630,Revenue Office,2026-01-20
DOC_S04765,S04765,Income Certificate,TPL_3465,Revenue Office,2026-01-20
DOC_S04766,S04766,Income Certificate,TPL_6666,Revenue Office,2026-01-20
DOC_S04767,S04767,Income Certificate,TPL_8776,Revenue Office,2026-01-20
DOC_S04768,S04768,Income Certificate,TPL_5376,Revenue Office,2026-01-20
DOC_S04769,S04769,Income Certificate,TPL_5404,Revenue Office,2026-01-20
DOC_S04770,S04770,Income Certificate,TPL_6494,Revenue Office,2026-01-20
DOC_S04771,S04771,Income Certificate,TPL_1039,Revenue Office,2026-01-20
DOC_S04772,S04772,Income Certificate,TPL_1713,Revenue Office,2026-01-20
DOC_S04773,S04773,Income Certificate,TPL_3224,Revenue Office,2026-01-20
DOC_S04774,S04774,Income Certificate,TPL_6302,Revenue Office,2026-01-20
DOC_S04775,S04775,Income Certificate,TPL_4549,Revenue Office,2026-01-20
DOC_S04776,S04776,Income Certificate,TPL_7171,Revenue Office,2026-01-20
DOC_S04777,S04777,Income Certificate,TPL_2731,Revenue Office,2026-01-20
DOC_S04778,S04778,Income Certificate,TPL_2230,Revenue Office,2026-01-20
DOC_S04779,S04779,Income Certificate,TPL_6680,Revenue Office,2026-01-20
DOC_S04780,S04780,Income Certificate,TPL_5316,Revenue Office,2026-01-20
DOC_S04781,S04781,Income Certificate,TPL_2294,Revenue Office,2026-01-20
DOC_S04782,S04782,Income Certificate,TPL_7874,Revenue Office,2026-01-20
DOC_S04783,S04783,Income Certificate,TPL_7489,Revenue Office,2026-01-20
DOC_S04784,S04784,Income Certificate,TPL_6291,Revenue Office,2026-01-20
DOC_S04785,S04785,Income Certificate,TPL_7316,Revenue Office,2026-01-20
DOC_S04786,S04786,Income Certificate,TPL_6948,Revenue Office,2026-01-20
DOC_S04787,S04787,Income Certificate,TPL_1592,Revenue Office,2026-01-20
DOC_S04788,S04788,Income Certificate,TPL_9690,Revenue Office,2026-01-20
DOC_S04789,S04789,Income Certificate,TPL_7069,Revenue Office,2026-01-20
DOC_S04790,S04790,Income Certificate,TPL_4932,Revenue Office,2026-01-20
DOC_S04791,S04791,Income Certificate,TPL_8705,Revenue Office,2026-01-20
DOC_S04792,S04792,Income Certificate,TPL_2321,Revenue Office,2026-01-20
DOC_S04793,S04793,Income Certificate,TPL_5690,Revenue Office,2026-01-20
DOC_S04794,S04794,Income Certificate,TPL_5042,Revenue Office,2026-01-20
DOC_S04795,S04795,Income Certificate,TPL_8678,Revenue Office,2026-01-20
DOC_S04796,S04796,Income Certificate,TPL_8898,Revenue Office,2026-01-20
DOC_S04797,S04797,Income Certificate,TPL_5101,Revenue Office,2026-01-20
DOC_S04798,S04798,Income Certificate,TPL_8680,Revenue Office,2026-01-20
DOC_S04799,S04799,Income Certificate,TPL_4702,Revenue Office,2026-01-20
DOC_S04800,S04800,Income Certificate,TPL_8470,Revenue Office,2026-01-20
DOC_S04801,S04801,Income Certificate,TPL_6062,Revenue Office,2026-01-20
DOC_S04802,S04802,Income Certificate,TPL_9752,Revenue Office,2026-01-20
DOC_S04803,S04803,Income Certificate,TPL_5040,Revenue Office,2026-01-20
DOC_S04804,S04804,Income Certificate,TPL_3910,Revenue Office,2026-01-20
DOC_S04805,S04805,Income Certificate,TPL_5748,Revenue Office,2026-01-20
DOC_S04806,S04806,Income Certificate,TPL_4526,Revenue Office,2026-01-20
DOC_S04807,S04807,Income Certificate,TPL_2880,Revenue Office,2026-01-20
DOC_S04808,S04808,Income Certificate,TPL_5600,Revenue Office,2026-01-20
DOC_S04809,S04809,Income Certificate,TPL_9084,Revenue Office,2026-01-20
DOC_S04810,S04810,Income Certificate,TPL_1333,Revenue Office,2026-01-20
DOC_S04811,S04811,Income Certificate,TPL_1945,Revenue Office,2026-01-20
DOC_S04812,S04812,Income Certificate,TPL_1700,Revenue Office,2026-01-20
DOC_S04813,S04813,Income Certificate,TPL_6784,Revenue Office,2026-01-20
DOC_S04814,S04814,Income Certificate,TPL_7456,Revenue Office,2026-01-20
DOC_S04815,S04815,Income Certificate,TPL_8614,Revenue Office,2026-01-20
DOC_S04816,S04816,Income Certificate,TPL_4801,Revenue Office,2026-01-20
DOC_S04817,S04817,Income Certificate,TPL_7357,Revenue Office,2026-01-20
DOC_S04818,S04818,Income Certificate,TPL_1148,Revenue Office,2026-01-20
DOC_S04819,S04819,Income Certificate,TPL_9355,Revenue Office,2026-01-20
DOC_S04820,S04820,Income Certificate,TPL_9151,Revenue Office,2026-01-20
DOC_S04821,S04821,Income Certificate,TPL_4772,Revenue Office,2026-01-20
DOC_S04822,S04822,Income Certificate,TPL_4231,Revenue Office,2026-01-20
DOC_S04823,S04823,Income Certificate,TPL_9021,Revenue Office,2026-01-20
DOC_S04824,S04824,Income Certificate,TPL_9562,Revenue Office,2026-01-20
DOC_S04825,S04825,Income Certificate,TPL_4005,Revenue Office,2026-01-20
DOC_S04826,S04826,Income Certificate,TPL_7469,Revenue Office,2026-01-20
DOC_S04827,S04827,Income Certificate,TPL_6519,Revenue Office,2026-01-20
DOC_S04828,S04828,Income Certificate,TPL_2935,Revenue Office,2026-01-20
DOC_S04829,S04829,Income Certificate,TPL_5922,Revenue Office,2026-01-20
DOC_S04830,S04830,Income Certificate,TPL_5036,Revenue Office,2026-01-20
DOC_S04831,S04831,Income Certificate,TPL_8549,Revenue Office,2026-01-20
DOC_S04832,S04832,Income Certificate,TPL_8769,Revenue Office,2026-01-20
DOC_S04833,S04833,Income Certificate,TPL_8835,Revenue Office,2026-01-20
DOC_S04834,S04834,Income Certificate,TPL_4195,Revenue Office,2026-01-20
DOC_S04835,S04835,Income Certificate,TPL_3218,Revenue Office,2026-01-20
DOC_S04836,S04836,Income Certificate,TPL_6786,Revenue Office,2026-01-20
DOC_S04837,S04837,Income Certificate,TPL_7039,Revenue Office,2026-01-20
DOC_S04838,S04838,Income Certificate,TPL_4194,Revenue Office,2026-01-20
DOC_S04839,S04839,Income Certificate,TPL_9636,Revenue Office,2026-01-20
DOC_S04840,S04840,Income Certificate,TPL_8936,Revenue Office,2026-01-20
DOC_S04841,S04841,Income Certificate,TPL_1554,Revenue Office,2026-01-20
DOC_S04842,S04842,Income Certificate,TPL_1807,Revenue Office,2026-01-20
DOC_S04843,S04843,Income Certificate,TPL_2820,Revenue Office,2026-01-20
DOC_S04844,S04844,Income Certificate,TPL_8970,Revenue Office,2026-01-20
DOC_S04845,S04845,Income Certificate,TPL_7992,Revenue Office,2026-01-20
DOC_S04846,S04846,Income Certificate,TPL_5920,Revenue Office,2026-01-20
DOC_S04847,S04847,Income Certificate,TPL_8051,Revenue Office,2026-01-20
DOC_S04848,S04848,Income Certificate,TPL_5754,Revenue Office,2026-01-20
DOC_S04849,S04849,Income Certificate,TPL_6234,Revenue Office,2026-01-20
DOC_S04850,S04850,Income Certificate,TPL_7997,Revenue Office,2026-01-20
DOC_S04851,S04851,Income Certificate,TPL_6195,Revenue Office,2026-01-20
DOC_S04852,S04852,Income Certificate,TPL_8140,Revenue Office,2026-01-20
DOC_S04853,S04853,Income Certificate,TPL_6934,Revenue Office,2026-01-20
DOC_S04854,S04854,Income Certificate,TPL_8129,Revenue Office,2026-01-20
DOC_S04855,S04855,Income Certificate,TPL_2300,Revenue Office,2026-01-20
DOC_S04856,S04856,Income Certificate,TPL_2333,Revenue Office,2026-01-20
DOC_S04857,S04857,Income Certificate,TPL_3078,Revenue Office,2026-01-20
DOC_S04858,S04858,Income Certificate,TPL_5696,Revenue Office,2026-01-20
DOC_S04859,S04859,Income Certificate,TPL_4671,Revenue Office,2026-01-20
DOC_S04860,S04860,Income Certificate,TPL_3207,Revenue Office,2026-01-20
DOC_S04861,S04861,Income Certificate,TPL_7036,Revenue Office,2026-01-20
DOC_S04862,S04862,Income Certificate,TPL_4045,Revenue Office,2026-01-20
DOC_S04863,S04863,Income Certificate,TPL_3396,Revenue Office,2026-01-20
DOC_S04864,S04864,Income Certificate,TPL_8465,Revenue Office,2026-01-20
DOC_S04865,S04865,Income Certificate,TPL_9168,Revenue Office,2026-01-20
DOC_S04866,S04866,Income Certificate,TPL_1759,Revenue Office,2026-01-20
DOC_S04867,S04867,Income Certificate,TPL_4789,Revenue Office,2026-01-20
DOC_S04868,S04868,Income Certificate,TPL_5745,Revenue Office,2026-01-20
DOC_S04869,S04869,Income Certificate,TPL_8242,Revenue Office,2026-01-20
DOC_S04870,S04870,Income Certificate,TPL_2483,Revenue Office,2026-01-20
DOC_S04871,S04871,Income Certificate,TPL_4284,Revenue Office,2026-01-20
DOC_S04872,S04872,Income Certificate,TPL_8166,Revenue Office,2026-01-20
DOC_S04873,S04873,Income Certificate,TPL_7696,Revenue Office,2026-01-20
DOC_S04874,S04874,Income Certificate,TPL_4970,Revenue Office,2026-01-20
DOC_S04875,S04875,Income Certificate,TPL_5731,Revenue Office,2026-01-20
DOC_S04876,S04876,Income Certificate,TPL_4954,Revenue Office,2026-01-20
DOC_S04877,S04877,Income Certificate,TPL_5273,Revenue Office,2026-01-20
DOC_S04878,S04878,Income Certificate,TPL_7466,Revenue Office,2026-01-20
DOC_S04879,S04879,Income Certificate,TPL_6359,Revenue Office,2026-01-20
DOC_S04880,S04880,Income Certificate,TPL_5811,Revenue Office,2026-01-20
DOC_S04881,S04881,Income Certificate,TPL_6330,Revenue Office,2026-01-20
DOC_S04882,S04882,Income Certificate,TPL_3440,Revenue Office,2026-01-20
DOC_S04883,S04883,Income Certificate,TPL_5009,Revenue Office,2026-01-20
DOC_S04884,S04884,Income Certificate,TPL_6624,Revenue Office,2026-01-20
DOC_S04885,S04885,Income Certificate,TPL_1737,Revenue Office,2026-01-20
DOC_S04886,S04886,Income Certificate,TPL_3131,Revenue Office,2026-01-20
DOC_S04887,S04887,Income Certificate,TPL_4964,Revenue Office,2026-01-20
DOC_S04888,S04888,Income Certificate,TPL_4459,Revenue Office,2026-01-20
DOC_S04889,S04889,Income Certificate,TPL_1628,Revenue Office,2026-01-20
DOC_S04890,S04890,Income Certificate,TPL_5458,Revenue Office,2026-01-20
DOC_S04891,S04891,Income Certificate,TPL_1571,Revenue Office,2026-01-20
DOC_S04892,S04892,Income Certificate,TPL_9908,Revenue Office,2026-01-20
DOC_S04893,S04893,Income Certificate,TPL_8168,Revenue Office,2026-01-20
DOC_S04894,S04894,Income Certificate,TPL_9209,Revenue Office,2026-01-20
DOC_S04895,S04895,Income Certificate,TPL_5817,Revenue Office,2026-01-20
DOC_S04896,S04896,Income Certificate,TPL_6333,Revenue Office,2026-01-20
DOC_S04897,S04897,Income Certificate,TPL_3084,Revenue Office,2026-01-20
DOC_S04898,S04898,Income Certificate,TPL_6810,Revenue Office,2026-01-20
DOC_S04899,S04899,Income Certificate,TPL_8394,Revenue Office,2026-01-20
DOC_S04900,S04900,Income Certificate,TPL_7951,Revenue Office,2026-01-20
DOC_S04901,S04901,Income Certificate,TPL_1604,Revenue Office,2026-01-20
DOC_S04902,S04902,Income Certificate,TPL_3350,Revenue Office,2026-01-20
DOC_S04903,S04903,Income Certificate,TPL_4591,Revenue Office,2026-01-20
DOC_S04904,S04904,Income Certificate,TPL_3212,Revenue Office,2026-01-20
DOC_S04905,S04905,Income Certificate,TPL_1039,Revenue Office,2026-01-20
DOC_S04906,S04906,Income Certificate,TPL_1055,Revenue Office,2026-01-20
DOC_S04907,S04907,Income Certificate,TPL_4235,Revenue Office,2026-01-20
DOC_S04908,S04908,Income Certificate,TPL_6647,Revenue Office,2026-01-20
DOC_S04909,S04909,Income Certificate,TPL_7585,Revenue Office,2026-01-20
DOC_S04910,S04910,Income Certificate,TPL_3561,Revenue Office,2026-01-20
DOC_S04911,S04911,Income Certificate,TPL_2725,Revenue Office,2026-01-20
DOC_S04912,S04912,Income Certificate,TPL_7708,Revenue Office,2026-01-20
DOC_S04913,S04913,Income Certificate,TPL_5798,Revenue Office,2026-01-20
DOC_S04914,S04914,Income Certificate,TPL_5743,Revenue Office,2026-01-20
DOC_S04915,S04915,Income Certificate,TPL_7698,Revenue Office,2026-01-20
DOC_S04916,S04916,Income Certificate,TPL_9214,Revenue Office,2026-01-20
DOC_S04917,S04917,Income Certificate,TPL_4986,Revenue Office,2026-01-20
DOC_S04918,S04918,Income Certificate,TPL_2570,Revenue Office,2026-01-20
DOC_S04919,S04919,Income Certificate,TPL_2953,Revenue Office,2026-01-20
DOC_S04920,S04920,Income Certificate,TPL_4948,Revenue Office,2026-01-20
DOC_S04921,S04921,Income Certificate,TPL_7186,Revenue Office,2026-01-20
DOC_S04922,S04922,Income Certificate,TPL_5746,Revenue Office,2026-01-20
DOC_S04923,S04923,Income Certificate,TPL_3369,Revenue Office,2026-01-20
DOC_S04924,S04924,Income Certificate,TPL_1706,Revenue Office,2026-01-20
DOC_S04925,S04925,Income Certificate,TPL_7466,Revenue Office,2026-01-20
DOC_S04926,S04926,Income Certificate,TPL_4013,Revenue Office,2026-01-20
DOC_S04927,S04927,Income Certificate,TPL_3686,Revenue Office,2026-01-20
DOC_S04928,S04928,Income Certificate,TPL_2355,Revenue Office,2026-01-20
DOC_S04929,S04929,Income Certificate,TPL_3901,Revenue Office,2026-01-20
DOC_S04930,S04930,Income Certificate,TPL_6347,Revenue Office,2026-01-20
DOC_S04931,S04931,Income Certificate,TPL_9731,Revenue Office,2026-01-20
DOC_S04932,S04932,Income Certificate,TPL_6373,Revenue Office,2026-01-20
DOC_S04933,S04933,Income Certificate,TPL_9288,Revenue Office,2026-01-20
DOC_S04934,S04934,Income Certificate,TPL_3845,Revenue Office,2026-01-20
DOC_S04935,S04935,Income Certificate,TPL_1279,Revenue Office,2026-01-20
DOC_S04936,S04936,Income Certificate,TPL_9188,Revenue Office,2026-01-20
DOC_S04937,S04937,Income Certificate,TPL_4719,Revenue Office,2026-01-20
DOC_S04938,S04938,Income Certificate,TPL_7891,Revenue Office,2026-01-20
DOC_S04939,S04939,Income Certificate,TPL_6355,Revenue Office,2026-01-20
DOC_S04940,S04940,Income Certificate,TPL_2265,Revenue Office,2026-01-20
DOC_S04941,S04941,Income Certificate,TPL_1859,Revenue Office,2026-01-20
DOC_S04942,S04942,Income Certificate,TPL_2983,Revenue Office,2026-01-20
DOC_S04943,S04943,Income Certificate,TPL_6930,Revenue Office,2026-01-20
DOC_S04944,S04944,Income Certificate,TPL_3577,Revenue Office,2026-01-20
DOC_S04945,S04945,Income Certificate,TPL_4929,Revenue Office,2026-01-20
DOC_S04946,S04946,Income Certificate,TPL_7502,Revenue Office,2026-01-20
DOC_S04947,S04947,Income Certificate,TPL_2329,Revenue Office,2026-01-20
DOC_S04948,S04948,Income Certificate,TPL_3105,Revenue Office,2026-01-20
DOC_S04949,S04949,Income Certificate,TPL_8611,Revenue Office,2026-01-20
DOC_S04950,S04950,Income Certificate,TPL_2616,Revenue Office,2026-01-20
DOC_S04951,S04951,Income Certificate,TPL_5796,Revenue Office,2026-01-20
DOC_S04952,S04952,Income Certificate,TPL_8269,Revenue Office,2026-01-20
DOC_S04953,S04953,Income Certificate,TPL_6262,Revenue Office,2026-01-20
DOC_S04954,S04954,Income Certificate,TPL_5164,Revenue Office,2026-01-20
DOC_S04955,S04955,Income Certificate,TPL_2857,Revenue Office,2026-01-20
DOC_S04956,S04956,Income Certificate,TPL_8455,Revenue Office,2026-01-20
DOC_S04957,S04957,Income Certificate,TPL_2045,Revenue Office,2026-01-20
DOC_S04958,S04958,Income Certificate,TPL_3433,Revenue Office,2026-01-20
DOC_S04959,S04959,Income Certificate,TPL_5152,Revenue Office,2026-01-20
DOC_S04960,S04960,Income Certificate,TPL_3389,Revenue Office,2026-01-20
DOC_S04961,S04961,Income Certificate,TPL_9375,Revenue Office,2026-01-20
DOC_S04962,S04962,Income Certificate,TPL_4900,Revenue Office,2026-01-20
DOC_S04963,S04963,Income Certificate,TPL_4827,Revenue Office,2026-01-20
DOC_S04964,S04964,Income Certificate,TPL_5718,Revenue Office,2026-01-20
DOC_S04965,S04965,Income Certificate,TPL_4966,Revenue Office,2026-01-20
DOC_S04966,S04966,Income Certificate,TPL_6263,Revenue Office,2026-01-20
DOC_S04967,S04967,Income Certificate,TPL_5644,Revenue Office,2026-01-20
DOC_S04968,S04968,Income Certificate,TPL_5073,Revenue Office,2026-01-20
DOC_S04969,S04969,Income Certificate,TPL_8924,Revenue Office,2026-01-20
DOC_S04970,S04970,Income Certificate,TPL_2893,Revenue Office,2026-01-20
DOC_S04971,S04971,Income Certificate,TPL_1348,Revenue Office,2026-01-20
DOC_S04972,S04972,Income Certificate,TPL_9693,Revenue Office,2026-01-20
DOC_S04973,S04973,Income Certificate,TPL_5718,Revenue Office,2026-01-20
DOC_S04974,S04974,Income Certificate,TPL_8994,Revenue Office,2026-01-20
DOC_S04975,S04975,Income Certificate,TPL_3010,Revenue Office,2026-01-20
DOC_S04976,S04976,Income Certificate,TPL_4435,Revenue Office,2026-01-20
DOC_S04977,S04977,Income Certificate,TPL_6636,Revenue Office,2026-01-20
DOC_S04978,S04978,Income Certificate,TPL_5279,Revenue Office,2026-01-20
DOC_S04979,S04979,Income Certificate,TPL_9029,Revenue Office,2026-01-20
DOC_S04980,S04980,Income Certificate,TPL_1568,Revenue Office,2026-01-20
DOC_S04981,S04981,Income Certificate,TPL_3350,Revenue Office,2026-01-20
DOC_S04982,S04982,Income Certificate,TPL_6966,Revenue Office,2026-01-20
DOC_S04983,S04983,Income Certificate,TPL_9004,Revenue Office,2026-01-20
DOC_S04984,S04984,Income Certificate,TPL_7918,Revenue Office,2026-01-20
DOC_S04985,S04985,Income Certificate,TPL_4399,Revenue Office,2026-01-20
DOC_S04986,S04986,Income Certificate,TPL_7635,Revenue Office,2026-01-20
DOC_S04987,S04987,Income Certificate,TPL_3971,Revenue Office,2026-01-20
DOC_S04988,S04988,Income Certificate,TPL_1970,Revenue Office,2026-01-20
DOC_S04989,S04989,Income Certificate,TPL_8202,Revenue Office,2026-01-20
DOC_S04990,S04990,Income Certificate,TPL_4044,Revenue Office,2026-01-20
DOC_S04991,S04991,Income Certificate,TPL_2220,Revenue Office,2026-01-20
DOC_S04992,S04992,Income Certificate,TPL_9852,Revenue Office,2026-01-20
DOC_S04993,S04993,Income Certificate,TPL_2002,Revenue Office,2026-01-20
DOC_S04994,S04994,Income Certificate,TPL_8202,Revenue Office,2026-01-20
DOC_S04995,S04995,Income Certificate,TPL_5322,Revenue Office,2026-01-20
DOC_S04996,S04996,Income Certificate,TPL_4806,Revenue Office,2026-01-20
DOC_S04997,S04997,Income Certificate,TPL_9445,Revenue Office,2026-01-20
DOC_S04998,S04998,Income Certificate,TPL_6261,Revenue Office,2026-01-20
DOC_S04999,S04999,Income Certificate,TPL_1997,Revenue Office,2026-01-20
DOC_S05000,S05000,Income Certificate,TPL_8057,Revenue Office,2026-01-20
DOC_S05001,S05001,Income Certificate,TPL_5188,Revenue Office,2026-01-20
DOC_S05002,S05002,Income Certificate,TPL_4460,Revenue Office,2026-01-20
DOC_S05003,S05003,Income Certificate,TPL_3357,Revenue Office,2026-01-20
DOC_S05004,S05004,Income Certificate,TPL_8071,Revenue Office,2026-01-20
DOC_S05005,S05005,Income Certificate,TPL_1394,Revenue Office,2026-01-20
DOC_S05006,S05006,Income Certificate,TPL_8377,Revenue Office,2026-01-20
DOC_S05007,S05007,Income Certificate,TPL_9800,Revenue Office,2026-01-20
DOC_S05008,S05008,Income Certificate,TPL_9824,Revenue Office,2026-01-20
DOC_S05009,S05009,Income Certificate,TPL_7060,Revenue Office,2026-01-20
DOC_S05010,S05010,Income Certificate,TPL_1794,Revenue Office,2026-01-20
DOC_S05011,S05011,Income Certificate,TPL_2285,Revenue Office,2026-01-20
DOC_S05012,S05012,Income Certificate,TPL_2182,Revenue Office,2026-01-20
DOC_S05013,S05013,Income Certificate,TPL_1612,Revenue Office,2026-01-20
DOC_S05014,S05014,Income Certificate,TPL_9773,Revenue Office,2026-01-20
DOC_S05015,S05015,Income Certificate,TPL_8266,Revenue Office,2026-01-20
DOC_S05016,S05016,Income Certificate,TPL_2461,Revenue Office,2026-01-20
DOC_S05017,S05017,Income Certificate,TPL_1981,Revenue Office,2026-01-20
DOC_S05018,S05018,Income Certificate,TPL_6541,Revenue Office,2026-01-20
DOC_S05019,S05019,Income Certificate,TPL_4091,Revenue Office,2026-01-20
DOC_S05020,S05020,Income Certificate,TPL_2992,Revenue Office,2026-01-20
DOC_S05021,S05021,Income Certificate,TPL_7221,Revenue Office,2026-01-20
DOC_S05022,S05022,Income Certificate,TPL_4734,Revenue Office,2026-01-20
DOC_S05023,S05023,Income Certificate,TPL_9079,Revenue Office,2026-01-20
DOC_S05024,S05024,Income Certificate,TPL_5360,Revenue Office,2026-01-20
DOC_S05025,S05025,Income Certificate,TPL_6566,Revenue Office,2026-01-20
DOC_S05026,S05026,Income Certificate,TPL_9243,Revenue Office,2026-01-20
DOC_S05027,S05027,Income Certificate,TPL_4371,Revenue Office,2026-01-20
DOC_S05028,S05028,Income Certificate,TPL_9814,Revenue Office,2026-01-20
DOC_S05029,S05029,Income Certificate,TPL_1939,Revenue Office,2026-01-20
DOC_S05030,S05030,Income Certificate,TPL_3067,Revenue Office,2026-01-20
DOC_S05031,S05031,Income Certificate,TPL_8331,Revenue Office,2026-01-20
DOC_S05032,S05032,Income Certificate,TPL_7810,Revenue Office,2026-01-20
DOC_S05033,S05033,Income Certificate,TPL_8668,Revenue Office,2026-01-20
DOC_S05034,S05034,Income Certificate,TPL_5195,Revenue Office,2026-01-20
DOC_S05035,S05035,Income Certificate,TPL_9038,Revenue Office,2026-01-20
DOC_S05036,S05036,Income Certificate,TPL_7395,Revenue Office,2026-01-20
DOC_S05037,S05037,Income Certificate,TPL_6594,Revenue Office,2026-01-20
DOC_S05038,S05038,Income Certificate,TPL_9650,Revenue Office,2026-01-20
DOC_S05039,S05039,Income Certificate,TPL_3581,Revenue Office,2026-01-20
DOC_S05040,S05040,Income Certificate,TPL_1509,Revenue Office,2026-01-20
DOC_S05041,S05041,Income Certificate,TPL_6904,Revenue Office,2026-01-20
DOC_S05042,S05042,Income Certificate,TPL_9122,Revenue Office,2026-01-20
DOC_S05043,S05043,Income Certificate,TPL_7383,Revenue Office,2026-01-20
DOC_S05044,S05044,Income Certificate,TPL_3882,Revenue Office,2026-01-20
DOC_S05045,S05045,Income Certificate,TPL_3325,Revenue Office,2026-01-20
DOC_S05046,S05046,Income Certificate,TPL_1301,Revenue Office,2026-01-20
DOC_S05047,S05047,Income Certificate,TPL_1061,Revenue Office,2026-01-20
DOC_S05048,S05048,Income Certificate,TPL_5923,Revenue Office,2026-01-20
DOC_S05049,S05049,Income Certificate,TPL_8121,Revenue Office,2026-01-20
DOC_S05050,S05050,Income Certificate,TPL_4776,Revenue Office,2026-01-20
DOC_S05051,S05051,Income Certificate,TPL_4552,Revenue Office,2026-01-20
DOC_S05052,S05052,Income Certificate,TPL_6853,Revenue Office,2026-01-20
DOC_S05053,S05053,Income Certificate,TPL_6021,Revenue Office,2026-01-20
DOC_S05054,S05054,Income Certificate,TPL_8780,Revenue Office,2026-01-20
DOC_S05055,S05055,Income Certificate,TPL_6775,Revenue Office,2026-01-20
DOC_S05056,S05056,Income Certificate,TPL_5031,Revenue Office,2026-01-20
DOC_S05057,S05057,Income Certificate,TPL_5397,Revenue Office,2026-01-20
DOC_S05058,S05058,Income Certificate,TPL_5212,Revenue Office,2026-01-20
DOC_S05059,S05059,Income Certificate,TPL_7179,Revenue Office,2026-01-20
DOC_S05060,S05060,Income Certificate,TPL_8963,Revenue Office,2026-01-20
DOC_S05061,S05061,Income Certificate,TPL_2131,Revenue Office,2026-01-20
DOC_S05062,S05062,Income Certificate,TPL_8172,Revenue Office,2026-01-20
DOC_S05063,S05063,Income Certificate,TPL_4424,Revenue Office,2026-01-20
DOC_S05064,S05064,Income Certificate,TPL_7482,Revenue Office,2026-01-20
DOC_S05065,S05065,Income Certificate,TPL_5509,Revenue Office,2026-01-20
DOC_S05066,S05066,Income Certificate,TPL_2698,Revenue Office,2026-01-20
DOC_S05067,S05067,Income Certificate,TPL_2600,Revenue Office,2026-01-20
DOC_S05068,S05068,Income Certificate,TPL_3589,Revenue Office,2026-01-20
DOC_S05069,S05069,Income Certificate,TPL_7985,Revenue Office,2026-01-20
DOC_S05070,S05070,Income Certificate,TPL_1678,Revenue Office,2026-01-20
DOC_S05071,S05071,Income Certificate,TPL_6174,Revenue Office,2026-01-20
DOC_S05072,S05072,Income Certificate,TPL_3475,Revenue Office,2026-01-20
DOC_S05073,S05073,Income Certificate,TPL_6363,Revenue Office,2026-01-20
DOC_S05074,S05074,Income Certificate,TPL_3771,Revenue Office,2026-01-20
DOC_S05075,S05075,Income Certificate,TPL_5224,Revenue Office,2026-01-20
DOC_S05076,S05076,Income Certificate,TPL_2591,Revenue Office,2026-01-20
DOC_S05077,S05077,Income Certificate,TPL_7578,Revenue Office,2026-01-20
DOC_S05078,S05078,Income Certificate,TPL_2497,Revenue Office,2026-01-20
DOC_S05079,S05079,Income Certificate,TPL_9684,Revenue Office,2026-01-20
DOC_S05080,S05080,Income Certificate,TPL_8180,Revenue Office,2026-01-20
DOC_S05081,S05081,Income Certificate,TPL_5174,Revenue Office,2026-01-20
DOC_S05082,S05082,Income Certificate,TPL_8295,Revenue Office,2026-01-20
DOC_S05083,S05083,Income Certificate,TPL_6897,Revenue Office,2026-01-20
DOC_S05084,S05084,Income Certificate,TPL_6126,Revenue Office,2026-01-20
DOC_S05085,S05085,Income Certificate,TPL_6699,Revenue Office,2026-01-20
DOC_S05086,S05086,Income Certificate,TPL_9305,Revenue Office,2026-01-20
DOC_S05087,S05087,Income Certificate,TPL_8010,Revenue Office,2026-01-20
DOC_S05088,S05088,Income Certificate,TPL_2922,Revenue Office,2026-01-20
DOC_S05089,S05089,Income Certificate,TPL_9761,Revenue Office,2026-01-20
DOC_S05090,S05090,Income Certificate,TPL_1736,Revenue Office,2026-01-20
DOC_S05091,S05091,Income Certificate,TPL_1479,Revenue Office,2026-01-20
DOC_S05092,S05092,Income Certificate,TPL_2573,Revenue Office,2026-01-20
DOC_S05093,S05093,Income Certificate,TPL_1774,Revenue Office,2026-01-20
DOC_S05094,S05094,Income Certificate,TPL_2730,Revenue Office,2026-01-20
DOC_S05095,S05095,Income Certificate,TPL_7497,Revenue Office,2026-01-20
DOC_S05096,S05096,Income Certificate,TPL_8998,Revenue Office,2026-01-20
DOC_S05097,S05097,Income Certificate,TPL_1300,Revenue Office,2026-01-20
DOC_S05098,S05098,Income Certificate,TPL_4278,Revenue Office,2026-01-20
DOC_S05099,S05099,Income Certificate,TPL_9442,Revenue Office,2026-01-20
DOC_S05100,S05100,Income Certificate,TPL_6131,Revenue Office,2026-01-20
DOC_S05101,S05101,Income Certificate,TPL_8705,Revenue Office,2026-01-20
DOC_S05102,S05102,Income Certificate,TPL_4974,Revenue Office,2026-01-20
DOC_S05103,S05103,Income Certificate,TPL_2860,Revenue Office,2026-01-20
DOC_S05104,S05104,Income Certificate,TPL_6380,Revenue Office,2026-01-20
DOC_S05105,S05105,Income Certificate,TPL_9364,Revenue Office,2026-01-20
DOC_S05106,S05106,Income Certificate,TPL_7069,Revenue Office,2026-01-20
DOC_S05107,S05107,Income Certificate,TPL_2320,Revenue Office,2026-01-20
DOC_S05108,S05108,Income Certificate,TPL_3000,Revenue Office,2026-01-20
DOC_S05109,S05109,Income Certificate,TPL_5743,Revenue Office,2026-01-20
DOC_S05110,S05110,Income Certificate,TPL_6426,Revenue Office,2026-01-20
DOC_S05111,S05111,Income Certificate,TPL_5345,Revenue Office,2026-01-20
DOC_S05112,S05112,Income Certificate,TPL_3919,Revenue Office,2026-01-20
DOC_S05113,S05113,Income Certificate,TPL_5942,Revenue Office,2026-01-20
DOC_S05114,S05114,Income Certificate,TPL_3243,Revenue Office,2026-01-20
DOC_S05115,S05115,Income Certificate,TPL_6733,Revenue Office,2026-01-20
DOC_S05116,S05116,Income Certificate,TPL_7892,Revenue Office,2026-01-20
DOC_S05117,S05117,Income Certificate,TPL_9750,Revenue Office,2026-01-20
DOC_S05118,S05118,Income Certificate,TPL_3109,Revenue Office,2026-01-20
DOC_S05119,S05119,Income Certificate,TPL_2698,Revenue Office,2026-01-20
DOC_S05120,S05120,Income Certificate,TPL_1264,Revenue Office,2026-01-20
DOC_S05121,S05121,Income Certificate,TPL_9186,Revenue Office,2026-01-20
DOC_S05122,S05122,Income Certificate,TPL_7989,Revenue Office,2026-01-20
DOC_S05123,S05123,Income Certificate,TPL_4297,Revenue Office,2026-01-20
DOC_S05124,S05124,Income Certificate,TPL_5826,Revenue Office,2026-01-20
DOC_S05125,S05125,Income Certificate,TPL_4082,Revenue Office,2026-01-20
DOC_S05126,S05126,Income Certificate,TPL_1225,Revenue Office,2026-01-20
DOC_S05127,S05127,Income Certificate,TPL_3677,Revenue Office,2026-01-20
DOC_S05128,S05128,Income Certificate,TPL_8366,Revenue Office,2026-01-20
DOC_S05129,S05129,Income Certificate,TPL_1676,Revenue Office,2026-01-20
DOC_S05130,S05130,Income Certificate,TPL_5217,Revenue Office,2026-01-20
DOC_S05131,S05131,Income Certificate,TPL_6215,Revenue Office,2026-01-20
DOC_S05132,S05132,Income Certificate,TPL_2150,Revenue Office,2026-01-20
DOC_S05133,S05133,Income Certificate,TPL_4646,Revenue Office,2026-01-20
DOC_S05134,S05134,Income Certificate,TPL_6479,Revenue Office,2026-01-20
DOC_S05135,S05135,Income Certificate,TPL_8972,Revenue Office,2026-01-20
DOC_S05136,S05136,Income Certificate,TPL_2956,Revenue Office,2026-01-20
DOC_S05137,S05137,Income Certificate,TPL_9139,Revenue Office,2026-01-20
DOC_S05138,S05138,Income Certificate,TPL_7692,Revenue Office,2026-01-20
DOC_S05139,S05139,Income Certificate,TPL_2883,Revenue Office,2026-01-20
DOC_S05140,S05140,Income Certificate,TPL_9372,Revenue Office,2026-01-20
DOC_S05141,S05141,Income Certificate,TPL_7584,Revenue Office,2026-01-20
DOC_S05142,S05142,Income Certificate,TPL_8736,Revenue Office,2026-01-20
DOC_S05143,S05143,Income Certificate,TPL_4823,Revenue Office,2026-01-20
DOC_S05144,S05144,Income Certificate,TPL_9788,Revenue Office,2026-01-20
DOC_S05145,S05145,Income Certificate,TPL_4059,Revenue Office,2026-01-20
DOC_S05146,S05146,Income Certificate,TPL_5402,Revenue Office,2026-01-20
DOC_S05147,S05147,Income Certificate,TPL_3636,Revenue Office,2026-01-20
DOC_S05148,S05148,Income Certificate,TPL_2264,Revenue Office,2026-01-20
DOC_S05149,S05149,Income Certificate,TPL_2369,Revenue Office,2026-01-20
DOC_S05150,S05150,Income Certificate,TPL_1634,Revenue Office,2026-01-20
DOC_S05151,S05151,Income Certificate,TPL_1069,Revenue Office,2026-01-20
DOC_S05152,S05152,Income Certificate,TPL_9297,Revenue Office,2026-01-20
DOC_S05153,S05153,Income Certificate,TPL_2736,Revenue Office,2026-01-20
DOC_S05154,S05154,Income Certificate,TPL_4496,Revenue Office,2026-01-20
DOC_S05155,S05155,Income Certificate,TPL_5214,Revenue Office,2026-01-20
DOC_S05156,S05156,Income Certificate,TPL_6834,Revenue Office,2026-01-20
DOC_S05157,S05157,Income Certificate,TPL_9328,Revenue Office,2026-01-20
DOC_S05158,S05158,Income Certificate,TPL_9086,Revenue Office,2026-01-20
DOC_S05159,S05159,Income Certificate,TPL_4742,Revenue Office,2026-01-20
DOC_S05160,S05160,Income Certificate,TPL_9110,Revenue Office,2026-01-20
DOC_S05161,S05161,Income Certificate,TPL_9606,Revenue Office,2026-01-20
DOC_S05162,S05162,Income Certificate,TPL_3121,Revenue Office,2026-01-20
DOC_S05163,S05163,Income Certificate,TPL_2683,Revenue Office,2026-01-20
DOC_S05164,S05164,Income Certificate,TPL_5777,Revenue Office,2026-01-20
DOC_S05165,S05165,Income Certificate,TPL_3108,Revenue Office,2026-01-20
DOC_S05166,S05166,Income Certificate,TPL_5656,Revenue Office,2026-01-20
DOC_S05167,S05167,Income Certificate,TPL_5333,Revenue Office,2026-01-20
DOC_S05168,S05168,Income Certificate,TPL_4351,Revenue Office,2026-01-20
DOC_S05169,S05169,Income Certificate,TPL_6386,Revenue Office,2026-01-20
DOC_S05170,S05170,Income Certificate,TPL_6343,Revenue Office,2026-01-20
DOC_S05171,S05171,Income Certificate,TPL_2169,Revenue Office,2026-01-20
DOC_S05172,S05172,Income Certificate,TPL_9277,Revenue Office,2026-01-20
DOC_S05173,S05173,Income Certificate,TPL_1327,Revenue Office,2026-01-20
DOC_S05174,S05174,Income Certificate,TPL_4312,Revenue Office,2026-01-20
DOC_S05175,S05175,Income Certificate,TPL_9411,Revenue Office,2026-01-20
DOC_S05176,S05176,Income Certificate,TPL_8121,Revenue Office,2026-01-20
DOC_S05177,S05177,Income Certificate,TPL_9934,Revenue Office,2026-01-20
DOC_S05178,S05178,Income Certificate,TPL_1292,Revenue Office,2026-01-20
DOC_S05179,S05179,Income Certificate,TPL_9095,Revenue Office,2026-01-20
DOC_S05180,S05180,Income Certificate,TPL_4730,Revenue Office,2026-01-20
DOC_S05181,S05181,Income Certificate,TPL_8615,Revenue Office,2026-01-20
DOC_S05182,S05182,Income Certificate,TPL_9170,Revenue Office,2026-01-20
DOC_S05183,S05183,Income Certificate,TPL_6334,Revenue Office,2026-01-20
DOC_S05184,S05184,Income Certificate,TPL_4535,Revenue Office,2026-01-20
DOC_S05185,S05185,Income Certificate,TPL_9158,Revenue Office,2026-01-20
DOC_S05186,S05186,Income Certificate,TPL_6197,Revenue Office,2026-01-20
DOC_S05187,S05187,Income Certificate,TPL_8282,Revenue Office,2026-01-20
DOC_S05188,S05188,Income Certificate,TPL_2884,Revenue Office,2026-01-20
DOC_S05189,S05189,Income Certificate,TPL_5553,Revenue Office,2026-01-20
DOC_S05190,S05190,Income Certificate,TPL_4744,Revenue Office,2026-01-20
DOC_S05191,S05191,Income Certificate,TPL_2452,Revenue Office,2026-01-20
DOC_S05192,S05192,Income Certificate,TPL_1310,Revenue Office,2026-01-20
DOC_S05193,S05193,Income Certificate,TPL_8522,Revenue Office,2026-01-20
DOC_S05194,S05194,Income Certificate,TPL_1024,Revenue Office,2026-01-20
DOC_S05195,S05195,Income Certificate,TPL_7468,Revenue Office,2026-01-20
DOC_S05196,S05196,Income Certificate,TPL_2369,Revenue Office,2026-01-20
DOC_S05197,S05197,Income Certificate,TPL_4044,Revenue Office,2026-01-20
DOC_S05198,S05198,Income Certificate,TPL_4609,Revenue Office,2026-01-20
DOC_S05199,S05199,Income Certificate,TPL_9040,Revenue Office,2026-01-20
DOC_S05200,S05200,Income Certificate,TPL_2825,Revenue Office,2026-01-20
DOC_S05201,S05201,Income Certificate,TPL_8101,Revenue Office,2026-01-20
DOC_S05202,S05202,Income Certificate,TPL_8688,Revenue Office,2026-01-20
DOC_S05203,S05203,Income Certificate,TPL_1797,Revenue Office,2026-01-20
DOC_S05204,S05204,Income Certificate,TPL_4587,Revenue Office,2026-01-20
DOC_S05205,S05205,Income Certificate,TPL_9700,Revenue Office,2026-01-20
DOC_S05206,S05206,Income Certificate,TPL_1200,Revenue Office,2026-01-20
DOC_S05207,S05207,Income Certificate,TPL_2894,Revenue Office,2026-01-20
DOC_S05208,S05208,Income Certificate,TPL_6366,Revenue Office,2026-01-20
DOC_S05209,S05209,Income Certificate,TPL_6055,Revenue Office,2026-01-20
DOC_S05210,S05210,Income Certificate,TPL_5563,Revenue Office,2026-01-20
DOC_S05211,S05211,Income Certificate,TPL_4648,Revenue Office,2026-01-20
DOC_S05212,S05212,Income Certificate,TPL_7245,Revenue Office,2026-01-20
DOC_S05213,S05213,Income Certificate,TPL_5288,Revenue Office,2026-01-20
DOC_S05214,S05214,Income Certificate,TPL_3551,Revenue Office,2026-01-20
DOC_S05215,S05215,Income Certificate,TPL_9200,Revenue Office,2026-01-20
DOC_S05216,S05216,Income Certificate,TPL_2322,Revenue Office,2026-01-20
DOC_S05217,S05217,Income Certificate,TPL_3673,Revenue Office,2026-01-20
DOC_S05218,S05218,Income Certificate,TPL_3516,Revenue Office,2026-01-20
DOC_S05219,S05219,Income Certificate,TPL_1548,Revenue Office,2026-01-20
DOC_S05220,S05220,Income Certificate,TPL_8328,Revenue Office,2026-01-20
DOC_S05221,S05221,Income Certificate,TPL_7870,Revenue Office,2026-01-20
DOC_S05222,S05222,Income Certificate,TPL_1620,Revenue Office,2026-01-20
DOC_S05223,S05223,Income Certificate,TPL_1898,Revenue Office,2026-01-20
DOC_S05224,S05224,Income Certificate,TPL_7074,Revenue Office,2026-01-20
DOC_S05225,S05225,Income Certificate,TPL_6133,Revenue Office,2026-01-20
DOC_S05226,S05226,Income Certificate,TPL_9940,Revenue Office,2026-01-20
DOC_S05227,S05227,Income Certificate,TPL_9109,Revenue Office,2026-01-20
DOC_S05228,S05228,Income Certificate,TPL_5567,Revenue Office,2026-01-20
DOC_S05229,S05229,Income Certificate,TPL_1106,Revenue Office,2026-01-20
DOC_S05230,S05230,Income Certificate,TPL_6342,Revenue Office,2026-01-20
DOC_S05231,S05231,Income Certificate,TPL_7210,Revenue Office,2026-01-20
DOC_S05232,S05232,Income Certificate,TPL_1381,Revenue Office,2026-01-20
DOC_S05233,S05233,Income Certificate,TPL_1991,Revenue Office,2026-01-20
DOC_S05234,S05234,Income Certificate,TPL_7697,Revenue Office,2026-01-20
DOC_S05235,S05235,Income Certificate,TPL_5927,Revenue Office,2026-01-20
DOC_S05236,S05236,Income Certificate,TPL_9344,Revenue Office,2026-01-20
DOC_S05237,S05237,Income Certificate,TPL_5066,Revenue Office,2026-01-20
DOC_S05238,S05238,Income Certificate,TPL_7395,Revenue Office,2026-01-20
DOC_S05239,S05239,Income Certificate,TPL_2864,Revenue Office,2026-01-20
DOC_S05240,S05240,Income Certificate,TPL_5597,Revenue Office,2026-01-20
DOC_S05241,S05241,Income Certificate,TPL_2231,Revenue Office,2026-01-20
DOC_S05242,S05242,Income Certificate,TPL_5308,Revenue Office,2026-01-20
DOC_S05243,S05243,Income Certificate,TPL_9459,Revenue Office,2026-01-20
DOC_S05244,S05244,Income Certificate,TPL_1937,Revenue Office,2026-01-20
DOC_S05245,S05245,Income Certificate,TPL_6176,Revenue Office,2026-01-20
DOC_S05246,S05246,Income Certificate,TPL_9963,Revenue Office,2026-01-20
DOC_S05247,S05247,Income Certificate,TPL_8543,Revenue Office,2026-01-20
DOC_S05248,S05248,Income Certificate,TPL_1480,Revenue Office,2026-01-20
DOC_S05249,S05249,Income Certificate,TPL_4250,Revenue Office,2026-01-20
DOC_S05250,S05250,Income Certificate,TPL_2243,Revenue Office,2026-01-20
DOC_S05251,S05251,Income Certificate,TPL_7157,Revenue Office,2026-01-20
DOC_S05252,S05252,Income Certificate,TPL_2076,Revenue Office,2026-01-20
DOC_S05253,S05253,Income Certificate,TPL_8221,Revenue Office,2026-01-20
DOC_S05254,S05254,Income Certificate,TPL_9017,Revenue Office,2026-01-20
DOC_S05255,S05255,Income Certificate,TPL_9733,Revenue Office,2026-01-20
DOC_S05256,S05256,Income Certificate,TPL_7243,Revenue Office,2026-01-20
DOC_S05257,S05257,Income Certificate,TPL_1696,Revenue Office,2026-01-20
DOC_S05258,S05258,Income Certificate,TPL_3557,Revenue Office,2026-01-20
DOC_S05259,S05259,Income Certificate,TPL_1080,Revenue Office,2026-01-20
DOC_S05260,S05260,Income Certificate,TPL_1587,Revenue Office,2026-01-20
DOC_S05261,S05261,Income Certificate,TPL_1117,Revenue Office,2026-01-20
DOC_S05262,S05262,Income Certificate,TPL_2835,Revenue Office,2026-01-20
DOC_S05263,S05263,Income Certificate,TPL_8951,Revenue Office,2026-01-20
DOC_S05264,S05264,Income Certificate,TPL_3057,Revenue Office,2026-01-20
DOC_S05265,S05265,Income Certificate,TPL_4301,Revenue Office,2026-01-20
DOC_S05266,S05266,Income Certificate,TPL_7289,Revenue Office,2026-01-20
DOC_S05267,S05267,Income Certificate,TPL_1191,Revenue Office,2026-01-20
DOC_S05268,S05268,Income Certificate,TPL_8053,Revenue Office,2026-01-20
DOC_S05269,S05269,Income Certificate,TPL_9370,Revenue Office,2026-01-20
DOC_S05270,S05270,Income Certificate,TPL_2729,Revenue Office,2026-01-20
DOC_S05271,S05271,Income Certificate,TPL_9971,Revenue Office,2026-01-20
DOC_S05272,S05272,Income Certificate,TPL_1529,Revenue Office,2026-01-20
DOC_S05273,S05273,Income Certificate,TPL_5596,Revenue Office,2026-01-20
DOC_S05274,S05274,Income Certificate,TPL_5649,Revenue Office,2026-01-20
DOC_S05275,S05275,Income Certificate,TPL_5212,Revenue Office,2026-01-20
DOC_S05276,S05276,Income Certificate,TPL_4727,Revenue Office,2026-01-20
DOC_S05277,S05277,Income Certificate,TPL_6523,Revenue Office,2026-01-20
DOC_S05278,S05278,Income Certificate,TPL_3378,Revenue Office,2026-01-20
DOC_S05279,S05279,Income Certificate,TPL_3215,Revenue Office,2026-01-20
DOC_S05280,S05280,Income Certificate,TPL_1406,Revenue Office,2026-01-20
DOC_S05281,S05281,Income Certificate,TPL_1675,Revenue Office,2026-01-20
DOC_S05282,S05282,Income Certificate,TPL_1208,Revenue Office,2026-01-20
DOC_S05283,S05283,Income Certificate,TPL_7901,Revenue Office,2026-01-20
DOC_S05284,S05284,Income Certificate,TPL_1517,Revenue Office,2026-01-20
DOC_S05285,S05285,Income Certificate,TPL_4079,Revenue Office,2026-01-20
DOC_S05286,S05286,Income Certificate,TPL_3680,Revenue Office,2026-01-20
DOC_S05287,S05287,Income Certificate,TPL_8856,Revenue Office,2026-01-20
DOC_S05288,S05288,Income Certificate,TPL_5284,Revenue Office,2026-01-20
DOC_S05289,S05289,Income Certificate,TPL_8676,Revenue Office,2026-01-20
DOC_S05290,S05290,Income Certificate,TPL_9535,Revenue Office,2026-01-20
DOC_S05291,S05291,Income Certificate,TPL_4041,Revenue Office,2026-01-20
DOC_S05292,S05292,Income Certificate,TPL_9668,Revenue Office,2026-01-20
DOC_S05293,S05293,Income Certificate,TPL_4593,Revenue Office,2026-01-20
DOC_S05294,S05294,Income Certificate,TPL_2713,Revenue Office,2026-01-20
DOC_S05295,S05295,Income Certificate,TPL_6380,Revenue Office,2026-01-20
DOC_S05296,S05296,Income Certificate,TPL_6707,Revenue Office,2026-01-20
DOC_S05297,S05297,Income Certificate,TPL_4395,Revenue Office,2026-01-20
DOC_S05298,S05298,Income Certificate,TPL_6152,Revenue Office,2026-01-20
DOC_S05299,S05299,Income Certificate,TPL_3742,Revenue Office,2026-01-20
DOC_S05300,S05300,Income Certificate,TPL_1660,Revenue Office,2026-01-20
DOC_S05301,S05301,Income Certificate,TPL_8345,Revenue Office,2026-01-20
DOC_S05302,S05302,Income Certificate,TPL_1547,Revenue Office,2026-01-20
DOC_S05303,S05303,Income Certificate,TPL_4937,Revenue Office,2026-01-20
DOC_S05304,S05304,Income Certificate,TPL_9610,Revenue Office,2026-01-20
DOC_S05305,S05305,Income Certificate,TPL_3341,Revenue Office,2026-01-20
DOC_S05306,S05306,Income Certificate,TPL_4358,Revenue Office,2026-01-20
DOC_S05307,S05307,Income Certificate,TPL_7841,Revenue Office,2026-01-20
DOC_S05308,S05308,Income Certificate,TPL_3885,Revenue Office,2026-01-20
DOC_S05309,S05309,Income Certificate,TPL_5885,Revenue Office,2026-01-20
DOC_S05310,S05310,Income Certificate,TPL_9675,Revenue Office,2026-01-20
DOC_S05311,S05311,Income Certificate,TPL_4024,Revenue Office,2026-01-20
DOC_S05312,S05312,Income Certificate,TPL_1556,Revenue Office,2026-01-20
DOC_S05313,S05313,Income Certificate,TPL_9458,Revenue Office,2026-01-20
DOC_S05314,S05314,Income Certificate,TPL_6005,Revenue Office,2026-01-20
DOC_S05315,S05315,Income Certificate,TPL_7583,Revenue Office,2026-01-20
DOC_S05316,S05316,Income Certificate,TPL_2568,Revenue Office,2026-01-20
DOC_S05317,S05317,Income Certificate,TPL_6960,Revenue Office,2026-01-20
DOC_S05318,S05318,Income Certificate,TPL_3865,Revenue Office,2026-01-20
DOC_S05319,S05319,Income Certificate,TPL_9537,Revenue Office,2026-01-20
DOC_S05320,S05320,Income Certificate,TPL_7777,Revenue Office,2026-01-20
DOC_S05321,S05321,Income Certificate,TPL_9798,Revenue Office,2026-01-20
DOC_S05322,S05322,Income Certificate,TPL_6389,Revenue Office,2026-01-20
DOC_S05323,S05323,Income Certificate,TPL_5487,Revenue Office,2026-01-20
DOC_S05324,S05324,Income Certificate,TPL_4980,Revenue Office,2026-01-20
DOC_S05325,S05325,Income Certificate,TPL_3609,Revenue Office,2026-01-20
DOC_S05326,S05326,Income Certificate,TPL_9048,Revenue Office,2026-01-20
DOC_S05327,S05327,Income Certificate,TPL_1608,Revenue Office,2026-01-20
DOC_S05328,S05328,Income Certificate,TPL_7597,Revenue Office,2026-01-20
DOC_S05329,S05329,Income Certificate,TPL_8523,Revenue Office,2026-01-20
DOC_S05330,S05330,Income Certificate,TPL_4935,Revenue Office,2026-01-20
DOC_S05331,S05331,Income Certificate,TPL_5112,Revenue Office,2026-01-20
DOC_S05332,S05332,Income Certificate,TPL_7823,Revenue Office,2026-01-20
DOC_S05333,S05333,Income Certificate,TPL_6934,Revenue Office,2026-01-20
DOC_S05334,S05334,Income Certificate,TPL_9405,Revenue Office,2026-01-20
DOC_S05335,S05335,Income Certificate,TPL_3138,Revenue Office,2026-01-20
DOC_S05336,S05336,Income Certificate,TPL_2974,Revenue Office,2026-01-20
DOC_S05337,S05337,Income Certificate,TPL_8178,Revenue Office,2026-01-20
DOC_S05338,S05338,Income Certificate,TPL_5981,Revenue Office,2026-01-20
DOC_S05339,S05339,Income Certificate,TPL_2968,Revenue Office,2026-01-20
DOC_S05340,S05340,Income Certificate,TPL_4385,Revenue Office,2026-01-20
DOC_S05341,S05341,Income Certificate,TPL_1701,Revenue Office,2026-01-20
DOC_S05342,S05342,Income Certificate,TPL_7193,Revenue Office,2026-01-20
DOC_S05343,S05343,Income Certificate,TPL_7460,Revenue Office,2026-01-20
DOC_S05344,S05344,Income Certificate,TPL_2897,Revenue Office,2026-01-20
DOC_S05345,S05345,Income Certificate,TPL_4173,Revenue Office,2026-01-20
DOC_S05346,S05346,Income Certificate,TPL_7170,Revenue Office,2026-01-20
DOC_S05347,S05347,Income Certificate,TPL_6376,Revenue Office,2026-01-20
DOC_S05348,S05348,Income Certificate,TPL_3959,Revenue Office,2026-01-20
DOC_S05349,S05349,Income Certificate,TPL_7557,Revenue Office,2026-01-20
DOC_S05350,S05350,Income Certificate,TPL_1593,Revenue Office,2026-01-20
DOC_S05351,S05351,Income Certificate,TPL_2981,Revenue Office,2026-01-20
DOC_S05352,S05352,Income Certificate,TPL_1360,Revenue Office,2026-01-20
DOC_S05353,S05353,Income Certificate,TPL_6412,Revenue Office,2026-01-20
DOC_S05354,S05354,Income Certificate,TPL_7346,Revenue Office,2026-01-20
DOC_S05355,S05355,Income Certificate,TPL_9632,Revenue Office,2026-01-20
DOC_S05356,S05356,Income Certificate,TPL_7536,Revenue Office,2026-01-20
DOC_S05357,S05357,Income Certificate,TPL_7275,Revenue Office,2026-01-20
DOC_S05358,S05358,Income Certificate,TPL_2937,Revenue Office,2026-01-20
DOC_S05359,S05359,Income Certificate,TPL_5884,Revenue Office,2026-01-20
DOC_S05360,S05360,Income Certificate,TPL_2983,Revenue Office,2026-01-20
DOC_S05361,S05361,Income Certificate,TPL_9509,Revenue Office,2026-01-20
DOC_S05362,S05362,Income Certificate,TPL_6301,Revenue Office,2026-01-20
DOC_S05363,S05363,Income Certificate,TPL_1873,Revenue Office,2026-01-20
DOC_S05364,S05364,Income Certificate,TPL_2044,Revenue Office,2026-01-20
DOC_S05365,S05365,Income Certificate,TPL_5025,Revenue Office,2026-01-20
DOC_S05366,S05366,Income Certificate,TPL_1507,Revenue Office,2026-01-20
DOC_S05367,S05367,Income Certificate,TPL_9106,Revenue Office,2026-01-20
DOC_S05368,S05368,Income Certificate,TPL_3840,Revenue Office,2026-01-20
DOC_S05369,S05369,Income Certificate,TPL_8851,Revenue Office,2026-01-20
DOC_S05370,S05370,Income Certificate,TPL_7736,Revenue Office,2026-01-20
DOC_S05371,S05371,Income Certificate,TPL_3333,Revenue Office,2026-01-20
DOC_S05372,S05372,Income Certificate,TPL_7496,Revenue Office,2026-01-20
DOC_S05373,S05373,Income Certificate,TPL_5205,Revenue Office,2026-01-20
DOC_S05374,S05374,Income Certificate,TPL_3791,Revenue Office,2026-01-20
DOC_S05375,S05375,Income Certificate,TPL_1386,Revenue Office,2026-01-20
DOC_S05376,S05376,Income Certificate,TPL_1424,Revenue Office,2026-01-20
DOC_S05377,S05377,Income Certificate,TPL_4082,Revenue Office,2026-01-20
DOC_S05378,S05378,Income Certificate,TPL_6358,Revenue Office,2026-01-20
DOC_S05379,S05379,Income Certificate,TPL_4233,Revenue Office,2026-01-20
DOC_S05380,S05380,Income Certificate,TPL_2534,Revenue Office,2026-01-20
DOC_S05381,S05381,Income Certificate,TPL_6963,Revenue Office,2026-01-20
DOC_S05382,S05382,Income Certificate,TPL_8976,Revenue Office,2026-01-20
DOC_S05383,S05383,Income Certificate,TPL_5611,Revenue Office,2026-01-20
DOC_S05384,S05384,Income Certificate,TPL_3843,Revenue Office,2026-01-20
DOC_S05385,S05385,Income Certificate,TPL_4443,Revenue Office,2026-01-20
DOC_S05386,S05386,Income Certificate,TPL_3054,Revenue Office,2026-01-20
DOC_S05387,S05387,Income Certificate,TPL_6457,Revenue Office,2026-01-20
DOC_S05388,S05388,Income Certificate,TPL_9240,Revenue Office,2026-01-20
DOC_S05389,S05389,Income Certificate,TPL_7843,Revenue Office,2026-01-20
DOC_S05390,S05390,Income Certificate,TPL_2780,Revenue Office,2026-01-20
DOC_S05391,S05391,Income Certificate,TPL_4801,Revenue Office,2026-01-20
DOC_S05392,S05392,Income Certificate,TPL_3092,Revenue Office,2026-01-20
DOC_S05393,S05393,Income Certificate,TPL_1783,Revenue Office,2026-01-20
DOC_S05394,S05394,Income Certificate,TPL_1621,Revenue Office,2026-01-20
DOC_S05395,S05395,Income Certificate,TPL_7024,Revenue Office,2026-01-20
DOC_S05396,S05396,Income Certificate,TPL_7300,Revenue Office,2026-01-20
DOC_S05397,S05397,Income Certificate,TPL_4400,Revenue Office,2026-01-20
DOC_S05398,S05398,Income Certificate,TPL_9672,Revenue Office,2026-01-20
DOC_S05399,S05399,Income Certificate,TPL_2166,Revenue Office,2026-01-20
DOC_S05400,S05400,Income Certificate,TPL_5790,Revenue Office,2026-01-20
DOC_S05401,S05401,Income Certificate,TPL_1058,Revenue Office,2026-01-20
DOC_S05402,S05402,Income Certificate,TPL_9526,Revenue Office,2026-01-20
DOC_S05403,S05403,Income Certificate,TPL_5130,Revenue Office,2026-01-20
DOC_S05404,S05404,Income Certificate,TPL_5254,Revenue Office,2026-01-20
DOC_S05405,S05405,Income Certificate,TPL_1213,Revenue Office,2026-01-20
DOC_S05406,S05406,Income Certificate,TPL_2107,Revenue Office,2026-01-20
DOC_S05407,S05407,Income Certificate,TPL_3053,Revenue Office,2026-01-20
DOC_S05408,S05408,Income Certificate,TPL_4602,Revenue Office,2026-01-20
DOC_S05409,S05409,Income Certificate,TPL_1187,Revenue Office,2026-01-20
DOC_S05410,S05410,Income Certificate,TPL_1765,Revenue Office,2026-01-20
DOC_S05411,S05411,Income Certificate,TPL_5862,Revenue Office,2026-01-20
DOC_S05412,S05412,Income Certificate,TPL_7258,Revenue Office,2026-01-20
DOC_S05413,S05413,Income Certificate,TPL_9051,Revenue Office,2026-01-20
DOC_S05414,S05414,Income Certificate,TPL_1644,Revenue Office,2026-01-20
DOC_S05415,S05415,Income Certificate,TPL_1998,Revenue Office,2026-01-20
DOC_S05416,S05416,Income Certificate,TPL_9836,Revenue Office,2026-01-20
DOC_S05417,S05417,Income Certificate,TPL_5579,Revenue Office,2026-01-20
DOC_S05418,S05418,Income Certificate,TPL_4562,Revenue Office,2026-01-20
DOC_S05419,S05419,Income Certificate,TPL_1073,Revenue Office,2026-01-20
DOC_S05420,S05420,Income Certificate,TPL_3852,Revenue Office,2026-01-20
DOC_S05421,S05421,Income Certificate,TPL_4314,Revenue Office,2026-01-20
DOC_S05422,S05422,Income Certificate,TPL_3285,Revenue Office,2026-01-20
DOC_S05423,S05423,Income Certificate,TPL_3684,Revenue Office,2026-01-20
DOC_S05424,S05424,Income Certificate,TPL_1867,Revenue Office,2026-01-20
DOC_S05425,S05425,Income Certificate,TPL_2295,Revenue Office,2026-01-20
DOC_S05426,S05426,Income Certificate,TPL_1984,Revenue Office,2026-01-20
DOC_S05427,S05427,Income Certificate,TPL_2731,Revenue Office,2026-01-20
DOC_S05428,S05428,Income Certificate,TPL_3494,Revenue Office,2026-01-20
DOC_S05429,S05429,Income Certificate,TPL_9617,Revenue Office,2026-01-20
DOC_S05430,S05430,Income Certificate,TPL_6093,Revenue Office,2026-01-20
DOC_S05431,S05431,Income Certificate,TPL_9820,Revenue Office,2026-01-20
DOC_S05432,S05432,Income Certificate,TPL_2448,Revenue Office,2026-01-20
DOC_S05433,S05433,Income Certificate,TPL_5342,Revenue Office,2026-01-20
DOC_S05434,S05434,Income Certificate,TPL_6753,Revenue Office,2026-01-20
DOC_S05435,S05435,Income Certificate,TPL_9049,Revenue Office,2026-01-20
DOC_S05436,S05436,Income Certificate,TPL_4767,Revenue Office,2026-01-20
DOC_S05437,S05437,Income Certificate,TPL_2426,Revenue Office,2026-01-20
DOC_S05438,S05438,Income Certificate,TPL_1950,Revenue Office,2026-01-20
DOC_S05439,S05439,Income Certificate,TPL_2003,Revenue Office,2026-01-20
DOC_S05440,S05440,Income Certificate,TPL_5659,Revenue Office,2026-01-20
DOC_S05441,S05441,Income Certificate,TPL_4955,Revenue Office,2026-01-20
DOC_S05442,S05442,Income Certificate,TPL_9560,Revenue Office,2026-01-20
DOC_S05443,S05443,Income Certificate,TPL_6114,Revenue Office,2026-01-20
DOC_S05444,S05444,Income Certificate,TPL_4067,Revenue Office,2026-01-20
DOC_S05445,S05445,Income Certificate,TPL_5196,Revenue Office,2026-01-20
DOC_S05446,S05446,Income Certificate,TPL_3114,Revenue Office,2026-01-20
DOC_S05447,S05447,Income Certificate,TPL_7073,Revenue Office,2026-01-20
DOC_S05448,S05448,Income Certificate,TPL_8442,Revenue Office,2026-01-20
DOC_S05449,S05449,Income Certificate,TPL_8941,Revenue Office,2026-01-20
DOC_S05450,S05450,Income Certificate,TPL_2948,Revenue Office,2026-01-20
DOC_S05451,S05451,Income Certificate,TPL_5196,Revenue Office,2026-01-20
DOC_S05452,S05452,Income Certificate,TPL_5068,Revenue Office,2026-01-20
DOC_S05453,S05453,Income Certificate,TPL_2789,Revenue Office,2026-01-20
DOC_S05454,S05454,Income Certificate,TPL_3775,Revenue Office,2026-01-20
DOC_S05455,S05455,Income Certificate,TPL_3206,Revenue Office,2026-01-20
DOC_S05456,S05456,Income Certificate,TPL_6539,Revenue Office,2026-01-20
DOC_S05457,S05457,Income Certificate,TPL_1229,Revenue Office,2026-01-20
DOC_S05458,S05458,Income Certificate,TPL_5283,Revenue Office,2026-01-20
DOC_S05459,S05459,Income Certificate,TPL_8611,Revenue Office,2026-01-20
DOC_S05460,S05460,Income Certificate,TPL_9596,Revenue Office,2026-01-20
DOC_S05461,S05461,Income Certificate,TPL_9908,Revenue Office,2026-01-20
DOC_S05462,S05462,Income Certificate,TPL_6442,Revenue Office,2026-01-20
DOC_S05463,S05463,Income Certificate,TPL_1837,Revenue Office,2026-01-20
DOC_S05464,S05464,Income Certificate,TPL_3786,Revenue Office,2026-01-20
DOC_S05465,S05465,Income Certificate,TPL_2110,Revenue Office,2026-01-20
DOC_S05466,S05466,Income Certificate,TPL_6050,Revenue Office,2026-01-20
DOC_S05467,S05467,Income Certificate,TPL_4280,Revenue Office,2026-01-20
DOC_S05468,S05468,Income Certificate,TPL_1868,Revenue Office,2026-01-20
DOC_S05469,S05469,Income Certificate,TPL_5301,Revenue Office,2026-01-20
DOC_S05470,S05470,Income Certificate,TPL_6736,Revenue Office,2026-01-20
DOC_S05471,S05471,Income Certificate,TPL_1935,Revenue Office,2026-01-20
DOC_S05472,S05472,Income Certificate,TPL_1690,Revenue Office,2026-01-20
DOC_S05473,S05473,Income Certificate,TPL_2982,Revenue Office,2026-01-20
DOC_S05474,S05474,Income Certificate,TPL_5431,Revenue Office,2026-01-20
DOC_S05475,S05475,Income Certificate,TPL_4037,Revenue Office,2026-01-20
DOC_S05476,S05476,Income Certificate,TPL_9154,Revenue Office,2026-01-20
DOC_S05477,S05477,Income Certificate,TPL_7908,Revenue Office,2026-01-20
DOC_S05478,S05478,Income Certificate,TPL_6561,Revenue Office,2026-01-20
DOC_S05479,S05479,Income Certificate,TPL_8921,Revenue Office,2026-01-20
DOC_S05480,S05480,Income Certificate,TPL_3277,Revenue Office,2026-01-20
DOC_S05481,S05481,Income Certificate,TPL_8851,Revenue Office,2026-01-20
DOC_S05482,S05482,Income Certificate,TPL_3163,Revenue Office,2026-01-20
DOC_S05483,S05483,Income Certificate,TPL_5375,Revenue Office,2026-01-20
DOC_S05484,S05484,Income Certificate,TPL_4190,Revenue Office,2026-01-20
DOC_S05485,S05485,Income Certificate,TPL_8867,Revenue Office,2026-01-20
DOC_S05486,S05486,Income Certificate,TPL_6304,Revenue Office,2026-01-20
DOC_S05487,S05487,Income Certificate,TPL_7567,Revenue Office,2026-01-20
DOC_S05488,S05488,Income Certificate,TPL_6772,Revenue Office,2026-01-20
DOC_S05489,S05489,Income Certificate,TPL_5350,Revenue Office,2026-01-20
DOC_S05490,S05490,Income Certificate,TPL_7092,Revenue Office,2026-01-20
DOC_S05491,S05491,Income Certificate,TPL_9561,Revenue Office,2026-01-20
DOC_S05492,S05492,Income Certificate,TPL_5577,Revenue Office,2026-01-20
DOC_S05493,S05493,Income Certificate,TPL_8569,Revenue Office,2026-01-20
DOC_S05494,S05494,Income Certificate,TPL_5825,Revenue Office,2026-01-20
DOC_S05495,S05495,Income Certificate,TPL_8184,Revenue Office,2026-01-20
DOC_S05496,S05496,Income Certificate,TPL_6009,Revenue Office,2026-01-20
DOC_S05497,S05497,Income Certificate,TPL_9625,Revenue Office,2026-01-20
DOC_S05498,S05498,Income Certificate,TPL_9841,Revenue Office,2026-01-20
DOC_S05499,S05499,Income Certificate,TPL_1453,Revenue Office,2026-01-20
DOC_S05500,S05500,Income Certificate,TPL_2017,Revenue Office,2026-01-20
DOC_S05501,S05501,Income Certificate,TPL_7133,Revenue Office,2026-01-20
DOC_S05502,S05502,Income Certificate,TPL_9126,Revenue Office,2026-01-20
DOC_S05503,S05503,Income Certificate,TPL_4865,Revenue Office,2026-01-20
DOC_S05504,S05504,Income Certificate,TPL_1914,Revenue Office,2026-01-20
DOC_S05505,S05505,Income Certificate,TPL_5423,Revenue Office,2026-01-20
DOC_S05506,S05506,Income Certificate,TPL_3192,Revenue Office,2026-01-20
DOC_S05507,S05507,Income Certificate,TPL_7231,Revenue Office,2026-01-20
DOC_S05508,S05508,Income Certificate,TPL_1033,Revenue Office,2026-01-20
DOC_S05509,S05509,Income Certificate,TPL_3936,Revenue Office,2026-01-20
DOC_S05510,S05510,Income Certificate,TPL_5407,Revenue Office,2026-01-20
DOC_S05511,S05511,Income Certificate,TPL_9312,Revenue Office,2026-01-20
DOC_S05512,S05512,Income Certificate,TPL_5027,Revenue Office,2026-01-20
DOC_S05513,S05513,Income Certificate,TPL_7645,Revenue Office,2026-01-20
DOC_S05514,S05514,Income Certificate,TPL_3215,Revenue Office,2026-01-20
DOC_S05515,S05515,Income Certificate,TPL_4587,Revenue Office,2026-01-20
DOC_S05516,S05516,Income Certificate,TPL_5270,Revenue Office,2026-01-20
DOC_S05517,S05517,Income Certificate,TPL_6891,Revenue Office,2026-01-20
DOC_S05518,S05518,Income Certificate,TPL_7362,Revenue Office,2026-01-20
DOC_S05519,S05519,Income Certificate,TPL_6458,Revenue Office,2026-01-20
DOC_S05520,S05520,Income Certificate,TPL_7516,Revenue Office,2026-01-20
DOC_S05521,S05521,Income Certificate,TPL_1690,Revenue Office,2026-01-20
DOC_S05522,S05522,Income Certificate,TPL_8038,Revenue Office,2026-01-20
DOC_S05523,S05523,Income Certificate,TPL_3408,Revenue Office,2026-01-20
DOC_S05524,S05524,Income Certificate,TPL_3584,Revenue Office,2026-01-20
DOC_S05525,S05525,Income Certificate,TPL_3559,Revenue Office,2026-01-20
DOC_S05526,S05526,Income Certificate,TPL_1446,Revenue Office,2026-01-20
DOC_S05527,S05527,Income Certificate,TPL_9000,Revenue Office,2026-01-20
DOC_S05528,S05528,Income Certificate,TPL_8941,Revenue Office,2026-01-20
DOC_S05529,S05529,Income Certificate,TPL_5683,Revenue Office,2026-01-20
DOC_S05530,S05530,Income Certificate,TPL_2132,Revenue Office,2026-01-20
DOC_S05531,S05531,Income Certificate,TPL_3111,Revenue Office,2026-01-20
DOC_S05532,S05532,Income Certificate,TPL_2128,Revenue Office,2026-01-20
DOC_S05533,S05533,Income Certificate,TPL_8380,Revenue Office,2026-01-20
DOC_S05534,S05534,Income Certificate,TPL_3559,Revenue Office,2026-01-20
DOC_S05535,S05535,Income Certificate,TPL_9193,Revenue Office,2026-01-20
DOC_S05536,S05536,Income Certificate,TPL_3368,Revenue Office,2026-01-20
DOC_S05537,S05537,Income Certificate,TPL_2219,Revenue Office,2026-01-20
DOC_S05538,S05538,Income Certificate,TPL_9559,Revenue Office,2026-01-20
DOC_S05539,S05539,Income Certificate,TPL_4099,Revenue Office,2026-01-20
DOC_S05540,S05540,Income Certificate,TPL_4395,Revenue Office,2026-01-20
DOC_S05541,S05541,Income Certificate,TPL_1528,Revenue Office,2026-01-20
DOC_S05542,S05542,Income Certificate,TPL_4033,Revenue Office,2026-01-20
DOC_S05543,S05543,Income Certificate,TPL_7903,Revenue Office,2026-01-20
DOC_S05544,S05544,Income Certificate,TPL_5671,Revenue Office,2026-01-20
DOC_S05545,S05545,Income Certificate,TPL_1677,Revenue Office,2026-01-20
DOC_S05546,S05546,Income Certificate,TPL_3829,Revenue Office,2026-01-20
DOC_S05547,S05547,Income Certificate,TPL_7028,Revenue Office,2026-01-20
DOC_S05548,S05548,Income Certificate,TPL_8302,Revenue Office,2026-01-20
DOC_S05549,S05549,Income Certificate,TPL_5951,Revenue Office,2026-01-20
DOC_S05550,S05550,Income Certificate,TPL_3553,Revenue Office,2026-01-20
DOC_S05551,S05551,Income Certificate,TPL_8839,Revenue Office,2026-01-20
DOC_S05552,S05552,Income Certificate,TPL_9740,Revenue Office,2026-01-20
DOC_S05553,S05553,Income Certificate,TPL_6954,Revenue Office,2026-01-20
DOC_S05554,S05554,Income Certificate,TPL_8124,Revenue Office,2026-01-20
DOC_S05555,S05555,Income Certificate,TPL_8539,Revenue Office,2026-01-20
DOC_S05556,S05556,Income Certificate,TPL_5751,Revenue Office,2026-01-20
DOC_S05557,S05557,Income Certificate,TPL_1323,Revenue Office,2026-01-20
DOC_S05558,S05558,Income Certificate,TPL_5807,Revenue Office,2026-01-20
DOC_S05559,S05559,Income Certificate,TPL_2202,Revenue Office,2026-01-20
DOC_S05560,S05560,Income Certificate,TPL_1152,Revenue Office,2026-01-20
DOC_S05561,S05561,Income Certificate,TPL_6860,Revenue Office,2026-01-20
DOC_S05562,S05562,Income Certificate,TPL_6753,Revenue Office,2026-01-20
DOC_S05563,S05563,Income Certificate,TPL_7361,Revenue Office,2026-01-20
DOC_S05564,S05564,Income Certificate,TPL_5195,Revenue Office,2026-01-20
DOC_S05565,S05565,Income Certificate,TPL_9174,Revenue Office,2026-01-20
DOC_S05566,S05566,Income Certificate,TPL_2218,Revenue Office,2026-01-20
DOC_S05567,S05567,Income Certificate,TPL_1327,Revenue Office,2026-01-20
DOC_S05568,S05568,Income Certificate,TPL_4846,Revenue Office,2026-01-20
DOC_S05569,S05569,Income Certificate,TPL_1421,Revenue Office,2026-01-20
DOC_S05570,S05570,Income Certificate,TPL_3223,Revenue Office,2026-01-20
DOC_S05571,S05571,Income Certificate,TPL_6831,Revenue Office,2026-01-20
DOC_S05572,S05572,Income Certificate,TPL_3846,Revenue Office,2026-01-20
DOC_S05573,S05573,Income Certificate,TPL_6476,Revenue Office,2026-01-20
DOC_S05574,S05574,Income Certificate,TPL_1315,Revenue Office,2026-01-20
DOC_S05575,S05575,Income Certificate,TPL_9080,Revenue Office,2026-01-20
DOC_S05576,S05576,Income Certificate,TPL_4129,Revenue Office,2026-01-20
DOC_S05577,S05577,Income Certificate,TPL_2374,Revenue Office,2026-01-20
DOC_S05578,S05578,Income Certificate,TPL_3300,Revenue Office,2026-01-20
DOC_S05579,S05579,Income Certificate,TPL_5437,Revenue Office,2026-01-20
DOC_S05580,S05580,Income Certificate,TPL_1338,Revenue Office,2026-01-20
DOC_S05581,S05581,Income Certificate,TPL_9081,Revenue Office,2026-01-20
DOC_S05582,S05582,Income Certificate,TPL_6566,Revenue Office,2026-01-20
DOC_S05583,S05583,Income Certificate,TPL_9274,Revenue Office,2026-01-20
DOC_S05584,S05584,Income Certificate,TPL_2106,Revenue Office,2026-01-20
DOC_S05585,S05585,Income Certificate,TPL_1693,Revenue Office,2026-01-20
DOC_S05586,S05586,Income Certificate,TPL_4448,Revenue Office,2026-01-20
DOC_S05587,S05587,Income Certificate,TPL_2948,Revenue Office,2026-01-20
DOC_S05588,S05588,Income Certificate,TPL_5572,Revenue Office,2026-01-20
DOC_S05589,S05589,Income Certificate,TPL_3905,Revenue Office,2026-01-20
DOC_S05590,S05590,Income Certificate,TPL_7955,Revenue Office,2026-01-20
DOC_S05591,S05591,Income Certificate,TPL_6168,Revenue Office,2026-01-20
DOC_S05592,S05592,Income Certificate,TPL_2714,Revenue Office,2026-01-20
DOC_S05593,S05593,Income Certificate,TPL_2895,Revenue Office,2026-01-20
DOC_S05594,S05594,Income Certificate,TPL_1402,Revenue Office,2026-01-20
DOC_S05595,S05595,Income Certificate,TPL_1302,Revenue Office,2026-01-20
DOC_S05596,S05596,Income Certificate,TPL_5733,Revenue Office,2026-01-20
DOC_S05597,S05597,Income Certificate,TPL_3166,Revenue Office,2026-01-20
DOC_S05598,S05598,Income Certificate,TPL_9572,Revenue Office,2026-01-20
DOC_S05599,S05599,Income Certificate,TPL_9862,Revenue Office,2026-01-20
DOC_S05600,S05600,Income Certificate,TPL_6771,Revenue Office,2026-01-20
DOC_S05601,S05601,Income Certificate,TPL_5975,Revenue Office,2026-01-20
DOC_S05602,S05602,Income Certificate,TPL_2014,Revenue Office,2026-01-20
DOC_S05603,S05603,Income Certificate,TPL_9661,Revenue Office,2026-01-20
DOC_S05604,S05604,Income Certificate,TPL_8982,Revenue Office,2026-01-20
DOC_S05605,S05605,Income Certificate,TPL_2824,Revenue Office,2026-01-20
DOC_S05606,S05606,Income Certificate,TPL_1323,Revenue Office,2026-01-20
DOC_S05607,S05607,Income Certificate,TPL_3120,Revenue Office,2026-01-20
DOC_S05608,S05608,Income Certificate,TPL_1680,Revenue Office,2026-01-20
DOC_S05609,S05609,Income Certificate,TPL_7176,Revenue Office,2026-01-20
DOC_S05610,S05610,Income Certificate,TPL_7411,Revenue Office,2026-01-20
DOC_S05611,S05611,Income Certificate,TPL_2257,Revenue Office,2026-01-20
DOC_S05612,S05612,Income Certificate,TPL_5775,Revenue Office,2026-01-20
DOC_S05613,S05613,Income Certificate,TPL_4911,Revenue Office,2026-01-20
DOC_S05614,S05614,Income Certificate,TPL_6686,Revenue Office,2026-01-20
DOC_S05615,S05615,Income Certificate,TPL_3370,Revenue Office,2026-01-20
DOC_S05616,S05616,Income Certificate,TPL_4276,Revenue Office,2026-01-20
DOC_S05617,S05617,Income Certificate,TPL_1009,Revenue Office,2026-01-20
DOC_S05618,S05618,Income Certificate,TPL_4603,Revenue Office,2026-01-20
DOC_S05619,S05619,Income Certificate,TPL_2526,Revenue Office,2026-01-20
DOC_S05620,S05620,Income Certificate,TPL_9328,Revenue Office,2026-01-20
DOC_S05621,S05621,Income Certificate,TPL_9642,Revenue Office,2026-01-20
DOC_S05622,S05622,Income Certificate,TPL_2119,Revenue Office,2026-01-20
DOC_S05623,S05623,Income Certificate,TPL_2006,Revenue Office,2026-01-20
DOC_S05624,S05624,Income Certificate,TPL_7989,Revenue Office,2026-01-20
DOC_S05625,S05625,Income Certificate,TPL_1002,Revenue Office,2026-01-20
DOC_S05626,S05626,Income Certificate,TPL_5465,Revenue Office,2026-01-20
DOC_S05627,S05627,Income Certificate,TPL_4649,Revenue Office,2026-01-20
DOC_S05628,S05628,Income Certificate,TPL_6587,Revenue Office,2026-01-20
DOC_S05629,S05629,Income Certificate,TPL_4880,Revenue Office,2026-01-20
DOC_S05630,S05630,Income Certificate,TPL_5211,Revenue Office,2026-01-20
DOC_S05631,S05631,Income Certificate,TPL_2115,Revenue Office,2026-01-20
DOC_S05632,S05632,Income Certificate,TPL_9850,Revenue Office,2026-01-20
DOC_S05633,S05633,Income Certificate,TPL_4681,Revenue Office,2026-01-20
DOC_S05634,S05634,Income Certificate,TPL_5592,Revenue Office,2026-01-20
DOC_S05635,S05635,Income Certificate,TPL_1766,Revenue Office,2026-01-20
DOC_S05636,S05636,Income Certificate,TPL_8195,Revenue Office,2026-01-20
DOC_S05637,S05637,Income Certificate,TPL_7613,Revenue Office,2026-01-20
DOC_S05638,S05638,Income Certificate,TPL_9114,Revenue Office,2026-01-20
DOC_S05639,S05639,Income Certificate,TPL_3778,Revenue Office,2026-01-20
DOC_S05640,S05640,Income Certificate,TPL_9228,Revenue Office,2026-01-20
DOC_S05641,S05641,Income Certificate,TPL_7940,Revenue Office,2026-01-20
DOC_S05642,S05642,Income Certificate,TPL_6886,Revenue Office,2026-01-20
DOC_S05643,S05643,Income Certificate,TPL_1424,Revenue Office,2026-01-20
DOC_S05644,S05644,Income Certificate,TPL_5413,Revenue Office,2026-01-20
DOC_S05645,S05645,Income Certificate,TPL_2084,Revenue Office,2026-01-20
DOC_S05646,S05646,Income Certificate,TPL_8388,Revenue Office,2026-01-20
DOC_S05647,S05647,Income Certificate,TPL_5878,Revenue Office,2026-01-20
DOC_S05648,S05648,Income Certificate,TPL_4652,Revenue Office,2026-01-20
DOC_S05649,S05649,Income Certificate,TPL_6526,Revenue Office,2026-01-20
DOC_S05650,S05650,Income Certificate,TPL_6868,Revenue Office,2026-01-20
DOC_S05651,S05651,Income Certificate,TPL_7057,Revenue Office,2026-01-20
DOC_S05652,S05652,Income Certificate,TPL_4161,Revenue Office,2026-01-20
DOC_S05653,S05653,Income Certificate,TPL_5920,Revenue Office,2026-01-20
DOC_S05654,S05654,Income Certificate,TPL_7758,Revenue Office,2026-01-20
DOC_S05655,S05655,Income Certificate,TPL_3405,Revenue Office,2026-01-20
DOC_S05656,S05656,Income Certificate,TPL_8321,Revenue Office,2026-01-20
DOC_S05657,S05657,Income Certificate,TPL_9235,Revenue Office,2026-01-20
DOC_S05658,S05658,Income Certificate,TPL_9278,Revenue Office,2026-01-20
DOC_S05659,S05659,Income Certificate,TPL_6724,Revenue Office,2026-01-20
DOC_S05660,S05660,Income Certificate,TPL_9402,Revenue Office,2026-01-20
DOC_S05661,S05661,Income Certificate,TPL_9532,Revenue Office,2026-01-20
DOC_S05662,S05662,Income Certificate,TPL_9087,Revenue Office,2026-01-20
DOC_S05663,S05663,Income Certificate,TPL_2343,Revenue Office,2026-01-20
DOC_S05664,S05664,Income Certificate,TPL_2088,Revenue Office,2026-01-20
DOC_S05665,S05665,Income Certificate,TPL_4342,Revenue Office,2026-01-20
DOC_S05666,S05666,Income Certificate,TPL_6575,Revenue Office,2026-01-20
DOC_S05667,S05667,Income Certificate,TPL_4204,Revenue Office,2026-01-20
DOC_S05668,S05668,Income Certificate,TPL_7783,Revenue Office,2026-01-20
DOC_S05669,S05669,Income Certificate,TPL_8078,Revenue Office,2026-01-20
DOC_S05670,S05670,Income Certificate,TPL_7746,Revenue Office,2026-01-20
DOC_S05671,S05671,Income Certificate,TPL_1517,Revenue Office,2026-01-20
DOC_S05672,S05672,Income Certificate,TPL_7055,Revenue Office,2026-01-20
DOC_S05673,S05673,Income Certificate,TPL_8218,Revenue Office,2026-01-20
DOC_S05674,S05674,Income Certificate,TPL_9694,Revenue Office,2026-01-20
DOC_S05675,S05675,Income Certificate,TPL_9701,Revenue Office,2026-01-20
DOC_S05676,S05676,Income Certificate,TPL_1738,Revenue Office,2026-01-20
DOC_S05677,S05677,Income Certificate,TPL_6011,Revenue Office,2026-01-20
DOC_S05678,S05678,Income Certificate,TPL_5199,Revenue Office,2026-01-20
DOC_S05679,S05679,Income Certificate,TPL_2654,Revenue Office,2026-01-20
DOC_S05680,S05680,Income Certificate,TPL_6862,Revenue Office,2026-01-20
DOC_S05681,S05681,Income Certificate,TPL_2696,Revenue Office,2026-01-20
DOC_S05682,S05682,Income Certificate,TPL_3393,Revenue Office,2026-01-20
DOC_S05683,S05683,Income Certificate,TPL_3116,Revenue Office,2026-01-20
DOC_S05684,S05684,Income Certificate,TPL_6044,Revenue Office,2026-01-20
DOC_S05685,S05685,Income Certificate,TPL_2251,Revenue Office,2026-01-20
DOC_S05686,S05686,Income Certificate,TPL_1030,Revenue Office,2026-01-20
DOC_S05687,S05687,Income Certificate,TPL_7040,Revenue Office,2026-01-20
DOC_S05688,S05688,Income Certificate,TPL_7360,Revenue Office,2026-01-20
DOC_S05689,S05689,Income Certificate,TPL_1913,Revenue Office,2026-01-20
DOC_S05690,S05690,Income Certificate,TPL_5429,Revenue Office,2026-01-20
DOC_S05691,S05691,Income Certificate,TPL_9223,Revenue Office,2026-01-20
DOC_S05692,S05692,Income Certificate,TPL_8545,Revenue Office,2026-01-20
DOC_S05693,S05693,Income Certificate,TPL_6853,Revenue Office,2026-01-20
DOC_S05694,S05694,Income Certificate,TPL_3256,Revenue Office,2026-01-20
DOC_S05695,S05695,Income Certificate,TPL_1978,Revenue Office,2026-01-20
DOC_S05696,S05696,Income Certificate,TPL_2742,Revenue Office,2026-01-20
DOC_S05697,S05697,Income Certificate,TPL_6945,Revenue Office,2026-01-20
DOC_S05698,S05698,Income Certificate,TPL_5597,Revenue Office,2026-01-20
DOC_S05699,S05699,Income Certificate,TPL_2370,Revenue Office,2026-01-20
DOC_S05700,S05700,Income Certificate,TPL_3181,Revenue Office,2026-01-20
DOC_S05701,S05701,Income Certificate,TPL_9489,Revenue Office,2026-01-20
DOC_S05702,S05702,Income Certificate,TPL_2275,Revenue Office,2026-01-20
DOC_S05703,S05703,Income Certificate,TPL_8327,Revenue Office,2026-01-20
DOC_S05704,S05704,Income Certificate,TPL_2736,Revenue Office,2026-01-20
DOC_S05705,S05705,Income Certificate,TPL_2082,Revenue Office,2026-01-20
DOC_S05706,S05706,Income Certificate,TPL_4660,Revenue Office,2026-01-20
DOC_S05707,S05707,Income Certificate,TPL_8067,Revenue Office,2026-01-20
DOC_S05708,S05708,Income Certificate,TPL_8971,Revenue Office,2026-01-20
DOC_S05709,S05709,Income Certificate,TPL_9931,Revenue Office,2026-01-20
DOC_S05710,S05710,Income Certificate,TPL_9450,Revenue Office,2026-01-20
DOC_S05711,S05711,Income Certificate,TPL_7165,Revenue Office,2026-01-20
DOC_S05712,S05712,Income Certificate,TPL_6675,Revenue Office,2026-01-20
DOC_S05713,S05713,Income Certificate,TPL_5572,Revenue Office,2026-01-20
DOC_S05714,S05714,Income Certificate,TPL_6027,Revenue Office,2026-01-20
DOC_S05715,S05715,Income Certificate,TPL_8512,Revenue Office,2026-01-20
DOC_S05716,S05716,Income Certificate,TPL_8217,Revenue Office,2026-01-20
DOC_S05717,S05717,Income Certificate,TPL_4970,Revenue Office,2026-01-20
DOC_S05718,S05718,Income Certificate,TPL_2980,Revenue Office,2026-01-20
DOC_S05719,S05719,Income Certificate,TPL_1489,Revenue Office,2026-01-20
DOC_S05720,S05720,Income Certificate,TPL_6527,Revenue Office,2026-01-20
DOC_S05721,S05721,Income Certificate,TPL_3873,Revenue Office,2026-01-20
DOC_S05722,S05722,Income Certificate,TPL_1856,Revenue Office,2026-01-20
DOC_S05723,S05723,Income Certificate,TPL_6254,Revenue Office,2026-01-20
DOC_S05724,S05724,Income Certificate,TPL_3530,Revenue Office,2026-01-20
DOC_S05725,S05725,Income Certificate,TPL_1687,Revenue Office,2026-01-20
DOC_S05726,S05726,Income Certificate,TPL_8558,Revenue Office,2026-01-20
DOC_S05727,S05727,Income Certificate,TPL_2920,Revenue Office,2026-01-20
DOC_S05728,S05728,Income Certificate,TPL_7921,Revenue Office,2026-01-20
DOC_S05729,S05729,Income Certificate,TPL_9517,Revenue Office,2026-01-20
DOC_S05730,S05730,Income Certificate,TPL_2182,Revenue Office,2026-01-20
DOC_S05731,S05731,Income Certificate,TPL_7617,Revenue Office,2026-01-20
DOC_S05732,S05732,Income Certificate,TPL_2963,Revenue Office,2026-01-20
DOC_S05733,S05733,Income Certificate,TPL_8051,Revenue Office,2026-01-20
DOC_S05734,S05734,Income Certificate,TPL_1764,Revenue Office,2026-01-20
DOC_S05735,S05735,Income Certificate,TPL_6447,Revenue Office,2026-01-20
DOC_S05736,S05736,Income Certificate,TPL_1540,Revenue Office,2026-01-20
DOC_S05737,S05737,Income Certificate,TPL_2934,Revenue Office,2026-01-20
DOC_S05738,S05738,Income Certificate,TPL_9677,Revenue Office,2026-01-20
DOC_S05739,S05739,Income Certificate,TPL_7513,Revenue Office,2026-01-20
DOC_S05740,S05740,Income Certificate,TPL_5101,Revenue Office,2026-01-20
DOC_S05741,S05741,Income Certificate,TPL_6095,Revenue Office,2026-01-20
DOC_S05742,S05742,Income Certificate,TPL_2268,Revenue Office,2026-01-20
DOC_S05743,S05743,Income Certificate,TPL_5317,Revenue Office,2026-01-20
DOC_S05744,S05744,Income Certificate,TPL_7790,Revenue Office,2026-01-20
DOC_S05745,S05745,Income Certificate,TPL_7504,Revenue Office,2026-01-20
DOC_S05746,S05746,Income Certificate,TPL_2415,Revenue Office,2026-01-20
DOC_S05747,S05747,Income Certificate,TPL_2167,Revenue Office,2026-01-20
DOC_S05748,S05748,Income Certificate,TPL_8440,Revenue Office,2026-01-20
DOC_S05749,S05749,Income Certificate,TPL_9950,Revenue Office,2026-01-20
DOC_S05750,S05750,Income Certificate,TPL_8939,Revenue Office,2026-01-20
DOC_S05751,S05751,Income Certificate,TPL_4543,Revenue Office,2026-01-20
DOC_S05752,S05752,Income Certificate,TPL_7428,Revenue Office,2026-01-20
DOC_S05753,S05753,Income Certificate,TPL_1386,Revenue Office,2026-01-20
DOC_S05754,S05754,Income Certificate,TPL_1810,Revenue Office,2026-01-20
DOC_S05755,S05755,Income Certificate,TPL_3545,Revenue Office,2026-01-20
DOC_S05756,S05756,Income Certificate,TPL_8737,Revenue Office,2026-01-20
DOC_S05757,S05757,Income Certificate,TPL_5560,Revenue Office,2026-01-20
DOC_S05758,S05758,Income Certificate,TPL_5039,Revenue Office,2026-01-20
DOC_S05759,S05759,Income Certificate,TPL_2400,Revenue Office,2026-01-20
DOC_S05760,S05760,Income Certificate,TPL_1417,Revenue Office,2026-01-20
DOC_S05761,S05761,Income Certificate,TPL_3899,Revenue Office,2026-01-20
DOC_S05762,S05762,Income Certificate,TPL_3229,Revenue Office,2026-01-20
DOC_S05763,S05763,Income Certificate,TPL_4901,Revenue Office,2026-01-20
DOC_S05764,S05764,Income Certificate,TPL_2582,Revenue Office,2026-01-20
DOC_S05765,S05765,Income Certificate,TPL_5852,Revenue Office,2026-01-20
DOC_S05766,S05766,Income Certificate,TPL_6587,Revenue Office,2026-01-20
DOC_S05767,S05767,Income Certificate,TPL_2404,Revenue Office,2026-01-20
DOC_S05768,S05768,Income Certificate,TPL_2429,Revenue Office,2026-01-20
DOC_S05769,S05769,Income Certificate,TPL_6574,Revenue Office,2026-01-20
DOC_S05770,S05770,Income Certificate,TPL_2232,Revenue Office,2026-01-20
DOC_S05771,S05771,Income Certificate,TPL_7197,Revenue Office,2026-01-20
DOC_S05772,S05772,Income Certificate,TPL_8377,Revenue Office,2026-01-20
DOC_S05773,S05773,Income Certificate,TPL_8042,Revenue Office,2026-01-20
DOC_S05774,S05774,Income Certificate,TPL_2618,Revenue Office,2026-01-20
DOC_S05775,S05775,Income Certificate,TPL_1462,Revenue Office,2026-01-20
DOC_S05776,S05776,Income Certificate,TPL_6985,Revenue Office,2026-01-20
DOC_S05777,S05777,Income Certificate,TPL_6145,Revenue Office,2026-01-20
DOC_S05778,S05778,Income Certificate,TPL_4689,Revenue Office,2026-01-20
DOC_S05779,S05779,Income Certificate,TPL_8311,Revenue Office,2026-01-20
DOC_S05780,S05780,Income Certificate,TPL_6302,Revenue Office,2026-01-20
DOC_S05781,S05781,Income Certificate,TPL_5173,Revenue Office,2026-01-20
DOC_S05782,S05782,Income Certificate,TPL_2638,Revenue Office,2026-01-20
DOC_S05783,S05783,Income Certificate,TPL_5955,Revenue Office,2026-01-20
DOC_S05784,S05784,Income Certificate,TPL_4654,Revenue Office,2026-01-20
DOC_S05785,S05785,Income Certificate,TPL_8416,Revenue Office,2026-01-20
DOC_S05786,S05786,Income Certificate,TPL_8927,Revenue Office,2026-01-20
DOC_S05787,S05787,Income Certificate,TPL_1006,Revenue Office,2026-01-20
DOC_S05788,S05788,Income Certificate,TPL_1862,Revenue Office,2026-01-20
DOC_S05789,S05789,Income Certificate,TPL_6136,Revenue Office,2026-01-20
DOC_S05790,S05790,Income Certificate,TPL_3356,Revenue Office,2026-01-20
DOC_S05791,S05791,Income Certificate,TPL_2838,Revenue Office,2026-01-20
DOC_S05792,S05792,Income Certificate,TPL_3059,Revenue Office,2026-01-20
DOC_S05793,S05793,Income Certificate,TPL_6829,Revenue Office,2026-01-20
DOC_S05794,S05794,Income Certificate,TPL_9346,Revenue Office,2026-01-20
DOC_S05795,S05795,Income Certificate,TPL_8965,Revenue Office,2026-01-20
DOC_S05796,S05796,Income Certificate,TPL_2770,Revenue Office,2026-01-20
DOC_S05797,S05797,Income Certificate,TPL_6473,Revenue Office,2026-01-20
DOC_S05798,S05798,Income Certificate,TPL_3893,Revenue Office,2026-01-20
DOC_S05799,S05799,Income Certificate,TPL_6686,Revenue Office,2026-01-20
DOC_S05800,S05800,Income Certificate,TPL_9233,Revenue Office,2026-01-20
DOC_S05801,S05801,Income Certificate,TPL_9528,Revenue Office,2026-01-20
DOC_S05802,S05802,Income Certificate,TPL_4593,Revenue Office,2026-01-20
DOC_S05803,S05803,Income Certificate,TPL_7576,Revenue Office,2026-01-20
DOC_S05804,S05804,Income Certificate,TPL_6066,Revenue Office,2026-01-20
DOC_S05805,S05805,Income Certificate,TPL_7231,Revenue Office,2026-01-20
DOC_S05806,S05806,Income Certificate,TPL_6250,Revenue Office,2026-01-20
DOC_S05807,S05807,Income Certificate,TPL_8989,Revenue Office,2026-01-20
DOC_S05808,S05808,Income Certificate,TPL_2938,Revenue Office,2026-01-20
DOC_S05809,S05809,Income Certificate,TPL_4450,Revenue Office,2026-01-20
DOC_S05810,S05810,Income Certificate,TPL_8228,Revenue Office,2026-01-20
DOC_S05811,S05811,Income Certificate,TPL_9257,Revenue Office,2026-01-20
DOC_S05812,S05812,Income Certificate,TPL_7172,Revenue Office,2026-01-20
DOC_S05813,S05813,Income Certificate,TPL_7789,Revenue Office,2026-01-20
DOC_S05814,S05814,Income Certificate,TPL_3258,Revenue Office,2026-01-20
DOC_S05815,S05815,Income Certificate,TPL_6998,Revenue Office,2026-01-20
DOC_S05816,S05816,Income Certificate,TPL_4340,Revenue Office,2026-01-20
DOC_S05817,S05817,Income Certificate,TPL_9705,Revenue Office,2026-01-20
DOC_S05818,S05818,Income Certificate,TPL_4600,Revenue Office,2026-01-20
DOC_S05819,S05819,Income Certificate,TPL_1995,Revenue Office,2026-01-20
DOC_S05820,S05820,Income Certificate,TPL_3300,Revenue Office,2026-01-20
DOC_S05821,S05821,Income Certificate,TPL_2138,Revenue Office,2026-01-20
DOC_S05822,S05822,Income Certificate,TPL_5079,Revenue Office,2026-01-20
DOC_S05823,S05823,Income Certificate,TPL_1943,Revenue Office,2026-01-20
DOC_S05824,S05824,Income Certificate,TPL_1386,Revenue Office,2026-01-20
DOC_S05825,S05825,Income Certificate,TPL_1402,Revenue Office,2026-01-20
DOC_S05826,S05826,Income Certificate,TPL_6242,Revenue Office,2026-01-20
DOC_S05827,S05827,Income Certificate,TPL_3806,Revenue Office,2026-01-20
DOC_S05828,S05828,Income Certificate,TPL_2203,Revenue Office,2026-01-20
DOC_S05829,S05829,Income Certificate,TPL_5440,Revenue Office,2026-01-20
DOC_S05830,S05830,Income Certificate,TPL_2682,Revenue Office,2026-01-20
DOC_S05831,S05831,Income Certificate,TPL_4950,Revenue Office,2026-01-20
DOC_S05832,S05832,Income Certificate,TPL_4760,Revenue Office,2026-01-20
DOC_S05833,S05833,Income Certificate,TPL_6353,Revenue Office,2026-01-20
DOC_S05834,S05834,Income Certificate,TPL_7985,Revenue Office,2026-01-20
DOC_S05835,S05835,Income Certificate,TPL_8158,Revenue Office,2026-01-20
DOC_S05836,S05836,Income Certificate,TPL_2616,Revenue Office,2026-01-20
DOC_S05837,S05837,Income Certificate,TPL_7516,Revenue Office,2026-01-20
DOC_S05838,S05838,Income Certificate,TPL_5865,Revenue Office,2026-01-20
DOC_S05839,S05839,Income Certificate,TPL_6715,Revenue Office,2026-01-20
DOC_S05840,S05840,Income Certificate,TPL_7843,Revenue Office,2026-01-20
DOC_S05841,S05841,Income Certificate,TPL_1856,Revenue Office,2026-01-20
DOC_S05842,S05842,Income Certificate,TPL_1085,Revenue Office,2026-01-20
DOC_S05843,S05843,Income Certificate,TPL_6850,Revenue Office,2026-01-20
DOC_S05844,S05844,Income Certificate,TPL_7385,Revenue Office,2026-01-20
DOC_S05845,S05845,Income Certificate,TPL_1000,Revenue Office,2026-01-20
DOC_S05846,S05846,Income Certificate,TPL_4673,Revenue Office,2026-01-20
DOC_S05847,S05847,Income Certificate,TPL_2571,Revenue Office,2026-01-20
DOC_S05848,S05848,Income Certificate,TPL_2598,Revenue Office,2026-01-20
DOC_S05849,S05849,Income Certificate,TPL_6431,Revenue Office,2026-01-20
DOC_S05850,S05850,Income Certificate,TPL_6566,Revenue Office,2026-01-20
DOC_S05851,S05851,Income Certificate,TPL_2471,Revenue Office,2026-01-20
DOC_S05852,S05852,Income Certificate,TPL_4912,Revenue Office,2026-01-20
DOC_S05853,S05853,Income Certificate,TPL_7381,Revenue Office,2026-01-20
DOC_S05854,S05854,Income Certificate,TPL_9040,Revenue Office,2026-01-20
DOC_S05855,S05855,Income Certificate,TPL_1269,Revenue Office,2026-01-20
DOC_S05856,S05856,Income Certificate,TPL_6251,Revenue Office,2026-01-20
DOC_S05857,S05857,Income Certificate,TPL_2979,Revenue Office,2026-01-20
DOC_S05858,S05858,Income Certificate,TPL_7210,Revenue Office,2026-01-20
DOC_S05859,S05859,Income Certificate,TPL_3815,Revenue Office,2026-01-20
DOC_S05860,S05860,Income Certificate,TPL_6971,Revenue Office,2026-01-20
DOC_S05861,S05861,Income Certificate,TPL_7137,Revenue Office,2026-01-20
DOC_S05862,S05862,Income Certificate,TPL_9148,Revenue Office,2026-01-20
DOC_S05863,S05863,Income Certificate,TPL_7287,Revenue Office,2026-01-20
DOC_S05864,S05864,Income Certificate,TPL_7932,Revenue Office,2026-01-20
DOC_S05865,S05865,Income Certificate,TPL_8758,Revenue Office,2026-01-20
DOC_S05866,S05866,Income Certificate,TPL_2965,Revenue Office,2026-01-20
DOC_S05867,S05867,Income Certificate,TPL_5513,Revenue Office,2026-01-20
DOC_S05868,S05868,Income Certificate,TPL_7819,Revenue Office,2026-01-20
DOC_S05869,S05869,Income Certificate,TPL_3829,Revenue Office,2026-01-20
DOC_S05870,S05870,Income Certificate,TPL_4919,Revenue Office,2026-01-20
DOC_S05871,S05871,Income Certificate,TPL_2825,Revenue Office,2026-01-20
DOC_S05872,S05872,Income Certificate,TPL_9375,Revenue Office,2026-01-20
DOC_S05873,S05873,Income Certificate,TPL_4908,Revenue Office,2026-01-20
DOC_S05874,S05874,Income Certificate,TPL_8749,Revenue Office,2026-01-20
DOC_S05875,S05875,Income Certificate,TPL_1768,Revenue Office,2026-01-20
DOC_S05876,S05876,Income Certificate,TPL_7029,Revenue Office,2026-01-20
DOC_S05877,S05877,Income Certificate,TPL_9423,Revenue Office,2026-01-20
DOC_S05878,S05878,Income Certificate,TPL_6535,Revenue Office,2026-01-20
DOC_S05879,S05879,Income Certificate,TPL_2718,Revenue Office,2026-01-20
DOC_S05880,S05880,Income Certificate,TPL_2353,Revenue Office,2026-01-20
DOC_S05881,S05881,Income Certificate,TPL_5554,Revenue Office,2026-01-20
DOC_S05882,S05882,Income Certificate,TPL_9019,Revenue Office,2026-01-20
DOC_S05883,S05883,Income Certificate,TPL_1031,Revenue Office,2026-01-20
DOC_S05884,S05884,Income Certificate,TPL_6949,Revenue Office,2026-01-20
DOC_S05885,S05885,Income Certificate,TPL_7453,Revenue Office,2026-01-20
DOC_S05886,S05886,Income Certificate,TPL_5812,Revenue Office,2026-01-20
DOC_S05887,S05887,Income Certificate,TPL_8990,Revenue Office,2026-01-20
DOC_S05888,S05888,Income Certificate,TPL_3674,Revenue Office,2026-01-20
DOC_S05889,S05889,Income Certificate,TPL_4048,Revenue Office,2026-01-20
DOC_S05890,S05890,Income Certificate,TPL_8913,Revenue Office,2026-01-20
DOC_S05891,S05891,Income Certificate,TPL_9020,Revenue Office,2026-01-20
DOC_S05892,S05892,Income Certificate,TPL_4099,Revenue Office,2026-01-20
DOC_S05893,S05893,Income Certificate,TPL_5606,Revenue Office,2026-01-20
DOC_S05894,S05894,Income Certificate,TPL_9452,Revenue Office,2026-01-20
DOC_S05895,S05895,Income Certificate,TPL_4852,Revenue Office,2026-01-20
DOC_S05896,S05896,Income Certificate,TPL_4081,Revenue Office,2026-01-20
DOC_S05897,S05897,Income Certificate,TPL_5430,Revenue Office,2026-01-20
DOC_S05898,S05898,Income Certificate,TPL_1523,Revenue Office,2026-01-20
DOC_S05899,S05899,Income Certificate,TPL_5806,Revenue Office,2026-01-20
DOC_S05900,S05900,Income Certificate,TPL_4917,Revenue Office,2026-01-20
DOC_S05901,S05901,Income Certificate,TPL_8072,Revenue Office,2026-01-20
DOC_S05902,S05902,Income Certificate,TPL_3667,Revenue Office,2026-01-20
DOC_S05903,S05903,Income Certificate,TPL_6827,Revenue Office,2026-01-20
DOC_S05904,S05904,Income Certificate,TPL_6846,Revenue Office,2026-01-20
DOC_S05905,S05905,Income Certificate,TPL_3358,Revenue Office,2026-01-20
DOC_S05906,S05906,Income Certificate,TPL_8722,Revenue Office,2026-01-20
DOC_S05907,S05907,Income Certificate,TPL_9989,Revenue Office,2026-01-20
DOC_S05908,S05908,Income Certificate,TPL_9239,Revenue Office,2026-01-20
DOC_S05909,S05909,Income Certificate,TPL_7669,Revenue Office,2026-01-20
DOC_S05910,S05910,Income Certificate,TPL_1512,Revenue Office,2026-01-20
DOC_S05911,S05911,Income Certificate,TPL_5830,Revenue Office,2026-01-20
DOC_S05912,S05912,Income Certificate,TPL_5609,Revenue Office,2026-01-20
DOC_S05913,S05913,Income Certificate,TPL_2511,Revenue Office,2026-01-20
DOC_S05914,S05914,Income Certificate,TPL_5622,Revenue Office,2026-01-20
DOC_S05915,S05915,Income Certificate,TPL_3742,Revenue Office,2026-01-20
DOC_S05916,S05916,Income Certificate,TPL_1194,Revenue Office,2026-01-20
DOC_S05917,S05917,Income Certificate,TPL_5271,Revenue Office,2026-01-20
DOC_S05918,S05918,Income Certificate,TPL_8901,Revenue Office,2026-01-20
DOC_S05919,S05919,Income Certificate,TPL_3012,Revenue Office,2026-01-20
DOC_S05920,S05920,Income Certificate,TPL_5586,Revenue Office,2026-01-20
DOC_S05921,S05921,Income Certificate,TPL_7813,Revenue Office,2026-01-20
DOC_S05922,S05922,Income Certificate,TPL_6771,Revenue Office,2026-01-20
DOC_S05923,S05923,Income Certificate,TPL_8915,Revenue Office,2026-01-20
DOC_S05924,S05924,Income Certificate,TPL_3745,Revenue Office,2026-01-20
DOC_S05925,S05925,Income Certificate,TPL_8884,Revenue Office,2026-01-20
DOC_S05926,S05926,Income Certificate,TPL_9901,Revenue Office,2026-01-20
DOC_S05927,S05927,Income Certificate,TPL_3600,Revenue Office,2026-01-20
DOC_S05928,S05928,Income Certificate,TPL_2728,Revenue Office,2026-01-20
DOC_S05929,S05929,Income Certificate,TPL_8960,Revenue Office,2026-01-20
DOC_S05930,S05930,Income Certificate,TPL_2250,Revenue Office,2026-01-20
DOC_S05931,S05931,Income Certificate,TPL_5734,Revenue Office,2026-01-20
DOC_S05932,S05932,Income Certificate,TPL_4639,Revenue Office,2026-01-20
DOC_S05933,S05933,Income Certificate,TPL_5070,Revenue Office,2026-01-20
DOC_S05934,S05934,Income Certificate,TPL_1935,Revenue Office,2026-01-20
DOC_S05935,S05935,Income Certificate,TPL_9033,Revenue Office,2026-01-20
DOC_S05936,S05936,Income Certificate,TPL_5785,Revenue Office,2026-01-20
DOC_S05937,S05937,Income Certificate,TPL_7246,Revenue Office,2026-01-20
DOC_S05938,S05938,Income Certificate,TPL_4992,Revenue Office,2026-01-20
DOC_S05939,S05939,Income Certificate,TPL_7484,Revenue Office,2026-01-20
DOC_S05940,S05940,Income Certificate,TPL_9946,Revenue Office,2026-01-20
DOC_S05941,S05941,Income Certificate,TPL_8812,Revenue Office,2026-01-20
DOC_S05942,S05942,Income Certificate,TPL_3940,Revenue Office,2026-01-20
DOC_S05943,S05943,Income Certificate,TPL_2991,Revenue Office,2026-01-20
DOC_S05944,S05944,Income Certificate,TPL_5938,Revenue Office,2026-01-20
DOC_S05945,S05945,Income Certificate,TPL_3325,Revenue Office,2026-01-20
DOC_S05946,S05946,Income Certificate,TPL_1032,Revenue Office,2026-01-20
DOC_S05947,S05947,Income Certificate,TPL_4721,Revenue Office,2026-01-20
DOC_S05948,S05948,Income Certificate,TPL_3517,Revenue Office,2026-01-20
DOC_S05949,S05949,Income Certificate,TPL_8573,Revenue Office,2026-01-20
DOC_S05950,S05950,Income Certificate,TPL_1719,Revenue Office,2026-01-20
DOC_S05951,S05951,Income Certificate,TPL_3861,Revenue Office,2026-01-20
DOC_S05952,S05952,Income Certificate,TPL_1680,Revenue Office,2026-01-20
DOC_S05953,S05953,Income Certificate,TPL_5991,Revenue Office,2026-01-20
DOC_S05954,S05954,Income Certificate,TPL_2822,Revenue Office,2026-01-20
DOC_S05955,S05955,Income Certificate,TPL_3843,Revenue Office,2026-01-20
DOC_S05956,S05956,Income Certificate,TPL_3098,Revenue Office,2026-01-20
DOC_S05957,S05957,Income Certificate,TPL_4098,Revenue Office,2026-01-20
DOC_S05958,S05958,Income Certificate,TPL_5815,Revenue Office,2026-01-20
DOC_S05959,S05959,Income Certificate,TPL_4577,Revenue Office,2026-01-20
DOC_S05960,S05960,Income Certificate,TPL_6977,Revenue Office,2026-01-20
DOC_S05961,S05961,Income Certificate,TPL_2852,Revenue Office,2026-01-20
DOC_S05962,S05962,Income Certificate,TPL_8894,Revenue Office,2026-01-20
DOC_S05963,S05963,Income Certificate,TPL_3519,Revenue Office,2026-01-20
DOC_S05964,S05964,Income Certificate,TPL_9935,Revenue Office,2026-01-20
DOC_S05965,S05965,Income Certificate,TPL_1371,Revenue Office,2026-01-20
DOC_S05966,S05966,Income Certificate,TPL_2515,Revenue Office,2026-01-20
DOC_S05967,S05967,Income Certificate,TPL_1231,Revenue Office,2026-01-20
DOC_S05968,S05968,Income Certificate,TPL_1139,Revenue Office,2026-01-20
DOC_S05969,S05969,Income Certificate,TPL_2437,Revenue Office,2026-01-20
DOC_S05970,S05970,Income Certificate,TPL_5527,Revenue Office,2026-01-20
DOC_S05971,S05971,Income Certificate,TPL_2835,Revenue Office,2026-01-20
DOC_S05972,S05972,Income Certificate,TPL_7767,Revenue Office,2026-01-20
DOC_S05973,S05973,Income Certificate,TPL_8775,Revenue Office,2026-01-20
DOC_S05974,S05974,Income Certificate,TPL_8935,Revenue Office,2026-01-20
DOC_S05975,S05975,Income Certificate,TPL_1432,Revenue Office,2026-01-20
DOC_S05976,S05976,Income Certificate,TPL_7544,Revenue Office,2026-01-20
DOC_S05977,S05977,Income Certificate,TPL_6675,Revenue Office,2026-01-20
DOC_S05978,S05978,Income Certificate,TPL_4521,Revenue Office,2026-01-20
DOC_S05979,S05979,Income Certificate,TPL_6754,Revenue Office,2026-01-20
DOC_S05980,S05980,Income Certificate,TPL_8445,Revenue Office,2026-01-20
DOC_S05981,S05981,Income Certificate,TPL_3015,Revenue Office,2026-01-20
DOC_S05982,S05982,Income Certificate,TPL_6977,Revenue Office,2026-01-20
DOC_S05983,S05983,Income Certificate,TPL_6063,Revenue Office,2026-01-20
DOC_S05984,S05984,Income Certificate,TPL_4534,Revenue Office,2026-01-20
DOC_S05985,S05985,Income Certificate,TPL_6419,Revenue Office,2026-01-20
DOC_S05986,S05986,Income Certificate,TPL_3042,Revenue Office,2026-01-20
DOC_S05987,S05987,Income Certificate,TPL_5804,Revenue Office,2026-01-20
DOC_S05988,S05988,Income Certificate,TPL_3240,Revenue Office,2026-01-20
DOC_S05989,S05989,Income Certificate,TPL_3104,Revenue Office,2026-01-20
DOC_S05990,S05990,Income Certificate,TPL_5772,Revenue Office,2026-01-20
DOC_S05991,S05991,Income Certificate,TPL_6205,Revenue Office,2026-01-20
DOC_S05992,S05992,Income Certificate,TPL_5022,Revenue Office,2026-01-20
DOC_S05993,S05993,Income Certificate,TPL_2457,Revenue Office,2026-01-20
DOC_S05994,S05994,Income Certificate,TPL_9446,Revenue Office,2026-01-20
DOC_S05995,S05995,Income Certificate,TPL_6520,Revenue Office,2026-01-20
DOC_S05996,S05996,Income Certificate,TPL_7883,Revenue Office,2026-01-20
DOC_S05997,S05997,Income Certificate,TPL_4632,Revenue Office,2026-01-20
DOC_S05998,S05998,Income Certificate,TPL_8591,Revenue Office,2026-01-20
DOC_S05999,S05999,Income Certificate,TPL_8007,Revenue Office,2026-01-20
DOC_S06000,S06000,Income Certificate,TPL_7988,Revenue Office,2026-01-20
DOC_S06001,S06001,Income Certificate,TPL_5442,Revenue Office,2026-01-20
DOC_S06002,S06002,Income Certificate,TPL_4202,Revenue Office,2026-01-20
DOC_S06003,S06003,Income Certificate,TPL_3545,Revenue Office,2026-01-20
DOC_S06004,S06004,Income Certificate,TPL_3377,Revenue Office,2026-01-20
DOC_S06005,S06005,Income Certificate,TPL_7771,Revenue Office,2026-01-20
DOC_S06006,S06006,Income Certificate,TPL_2680,Revenue Office,2026-01-20
DOC_S06007,S06007,Income Certificate,TPL_6468,Revenue Office,2026-01-20
DOC_S06008,S06008,Income Certificate,TPL_8151,Revenue Office,2026-01-20
DOC_S06009,S06009,Income Certificate,TPL_5030,Revenue Office,2026-01-20
DOC_S06010,S06010,Income Certificate,TPL_6614,Revenue Office,2026-01-20
DOC_S06011,S06011,Income Certificate,TPL_2806,Revenue Office,2026-01-20
DOC_S06012,S06012,Income Certificate,TPL_9762,Revenue Office,2026-01-20
DOC_S06013,S06013,Income Certificate,TPL_4077,Revenue Office,2026-01-20
DOC_S06014,S06014,Income Certificate,TPL_6337,Revenue Office,2026-01-20
DOC_S06015,S06015,Income Certificate,TPL_4566,Revenue Office,2026-01-20
DOC_S06016,S06016,Income Certificate,TPL_8718,Revenue Office,2026-01-20
DOC_S06017,S06017,Income Certificate,TPL_7118,Revenue Office,2026-01-20
DOC_S06018,S06018,Income Certificate,TPL_9937,Revenue Office,2026-01-20
DOC_S06019,S06019,Income Certificate,TPL_9497,Revenue Office,2026-01-20
DOC_S06020,S06020,Income Certificate,TPL_8299,Revenue Office,2026-01-20
DOC_S06021,S06021,Income Certificate,TPL_4819,Revenue Office,2026-01-20
DOC_S06022,S06022,Income Certificate,TPL_5127,Revenue Office,2026-01-20
DOC_S06023,S06023,Income Certificate,TPL_1576,Revenue Office,2026-01-20
DOC_S06024,S06024,Income Certificate,TPL_4245,Revenue Office,2026-01-20
DOC_S06025,S06025,Income Certificate,TPL_5611,Revenue Office,2026-01-20
DOC_S06026,S06026,Income Certificate,TPL_8651,Revenue Office,2026-01-20
DOC_S06027,S06027,Income Certificate,TPL_8816,Revenue Office,2026-01-20
DOC_S06028,S06028,Income Certificate,TPL_7153,Revenue Office,2026-01-20
DOC_S06029,S06029,Income Certificate,TPL_3177,Revenue Office,2026-01-20
DOC_S06030,S06030,Income Certificate,TPL_9604,Revenue Office,2026-01-20
DOC_S06031,S06031,Income Certificate,TPL_3290,Revenue Office,2026-01-20
DOC_S06032,S06032,Income Certificate,TPL_2559,Revenue Office,2026-01-20
DOC_S06033,S06033,Income Certificate,TPL_7841,Revenue Office,2026-01-20
DOC_S06034,S06034,Income Certificate,TPL_8829,Revenue Office,2026-01-20
DOC_S06035,S06035,Income Certificate,TPL_8350,Revenue Office,2026-01-20
DOC_S06036,S06036,Income Certificate,TPL_2118,Revenue Office,2026-01-20
DOC_S06037,S06037,Income Certificate,TPL_6942,Revenue Office,2026-01-20
DOC_S06038,S06038,Income Certificate,TPL_1697,Revenue Office,2026-01-20
DOC_S06039,S06039,Income Certificate,TPL_4991,Revenue Office,2026-01-20
DOC_S06040,S06040,Income Certificate,TPL_6100,Revenue Office,2026-01-20
DOC_S06041,S06041,Income Certificate,TPL_5822,Revenue Office,2026-01-20
DOC_S06042,S06042,Income Certificate,TPL_5383,Revenue Office,2026-01-20
DOC_S06043,S06043,Income Certificate,TPL_2313,Revenue Office,2026-01-20
DOC_S06044,S06044,Income Certificate,TPL_6226,Revenue Office,2026-01-20
DOC_S06045,S06045,Income Certificate,TPL_8102,Revenue Office,2026-01-20
DOC_S06046,S06046,Income Certificate,TPL_8577,Revenue Office,2026-01-20
DOC_S06047,S06047,Income Certificate,TPL_9071,Revenue Office,2026-01-20
DOC_S06048,S06048,Income Certificate,TPL_8185,Revenue Office,2026-01-20
DOC_S06049,S06049,Income Certificate,TPL_4594,Revenue Office,2026-01-20
DOC_S06050,S06050,Income Certificate,TPL_6038,Revenue Office,2026-01-20
DOC_S06051,S06051,Income Certificate,TPL_4168,Revenue Office,2026-01-20
DOC_S06052,S06052,Income Certificate,TPL_8713,Revenue Office,2026-01-20
DOC_S06053,S06053,Income Certificate,TPL_6368,Revenue Office,2026-01-20
DOC_S06054,S06054,Income Certificate,TPL_5716,Revenue Office,2026-01-20
DOC_S06055,S06055,Income Certificate,TPL_3263,Revenue Office,2026-01-20
DOC_S06056,S06056,Income Certificate,TPL_5607,Revenue Office,2026-01-20
DOC_S06057,S06057,Income Certificate,TPL_7945,Revenue Office,2026-01-20
DOC_S06058,S06058,Income Certificate,TPL_9229,Revenue Office,2026-01-20
DOC_S06059,S06059,Income Certificate,TPL_4920,Revenue Office,2026-01-20
DOC_S06060,S06060,Income Certificate,TPL_4327,Revenue Office,2026-01-20
DOC_S06061,S06061,Income Certificate,TPL_9672,Revenue Office,2026-01-20
DOC_S06062,S06062,Income Certificate,TPL_7207,Revenue Office,2026-01-20
DOC_S06063,S06063,Income Certificate,TPL_3180,Revenue Office,2026-01-20
DOC_S06064,S06064,Income Certificate,TPL_4227,Revenue Office,2026-01-20
DOC_S06065,S06065,Income Certificate,TPL_3527,Revenue Office,2026-01-20
DOC_S06066,S06066,Income Certificate,TPL_8279,Revenue Office,2026-01-20
DOC_S06067,S06067,Income Certificate,TPL_6879,Revenue Office,2026-01-20
DOC_S06068,S06068,Income Certificate,TPL_5597,Revenue Office,2026-01-20
DOC_S06069,S06069,Income Certificate,TPL_8737,Revenue Office,2026-01-20
DOC_S06070,S06070,Income Certificate,TPL_7446,Revenue Office,2026-01-20
DOC_S06071,S06071,Income Certificate,TPL_6705,Revenue Office,2026-01-20
DOC_S06072,S06072,Income Certificate,TPL_5899,Revenue Office,2026-01-20
DOC_S06073,S06073,Income Certificate,TPL_8024,Revenue Office,2026-01-20
DOC_S06074,S06074,Income Certificate,TPL_2061,Revenue Office,2026-01-20
DOC_S06075,S06075,Income Certificate,TPL_5476,Revenue Office,2026-01-20
DOC_S06076,S06076,Income Certificate,TPL_2007,Revenue Office,2026-01-20
DOC_S06077,S06077,Income Certificate,TPL_7207,Revenue Office,2026-01-20
DOC_S06078,S06078,Income Certificate,TPL_3225,Revenue Office,2026-01-20
DOC_S06079,S06079,Income Certificate,TPL_1634,Revenue Office,2026-01-20
DOC_S06080,S06080,Income Certificate,TPL_2917,Revenue Office,2026-01-20
DOC_S06081,S06081,Income Certificate,TPL_2325,Revenue Office,2026-01-20
DOC_S06082,S06082,Income Certificate,TPL_5233,Revenue Office,2026-01-20
DOC_S06083,S06083,Income Certificate,TPL_5581,Revenue Office,2026-01-20
DOC_S06084,S06084,Income Certificate,TPL_4261,Revenue Office,2026-01-20
DOC_S06085,S06085,Income Certificate,TPL_8132,Revenue Office,2026-01-20
DOC_S06086,S06086,Income Certificate,TPL_9501,Revenue Office,2026-01-20
DOC_S06087,S06087,Income Certificate,TPL_4755,Revenue Office,2026-01-20
DOC_S06088,S06088,Income Certificate,TPL_7496,Revenue Office,2026-01-20
DOC_S06089,S06089,Income Certificate,TPL_6884,Revenue Office,2026-01-20
DOC_S06090,S06090,Income Certificate,TPL_7691,Revenue Office,2026-01-20
DOC_S06091,S06091,Income Certificate,TPL_2113,Revenue Office,2026-01-20
DOC_S06092,S06092,Income Certificate,TPL_2136,Revenue Office,2026-01-20
DOC_S06093,S06093,Income Certificate,TPL_8732,Revenue Office,2026-01-20
DOC_S06094,S06094,Income Certificate,TPL_1111,Revenue Office,2026-01-20
DOC_S06095,S06095,Income Certificate,TPL_6480,Revenue Office,2026-01-20
DOC_S06096,S06096,Income Certificate,TPL_9377,Revenue Office,2026-01-20
DOC_S06097,S06097,Income Certificate,TPL_2576,Revenue Office,2026-01-20
DOC_S06098,S06098,Income Certificate,TPL_4124,Revenue Office,2026-01-20
DOC_S06099,S06099,Income Certificate,TPL_8464,Revenue Office,2026-01-20
DOC_S06100,S06100,Income Certificate,TPL_3758,Revenue Office,2026-01-20
DOC_S06101,S06101,Income Certificate,TPL_2786,Revenue Office,2026-01-20
DOC_S06102,S06102,Income Certificate,TPL_9040,Revenue Office,2026-01-20
DOC_S06103,S06103,Income Certificate,TPL_3513,Revenue Office,2026-01-20
DOC_S06104,S06104,Income Certificate,TPL_1667,Revenue Office,2026-01-20
DOC_S06105,S06105,Income Certificate,TPL_1870,Revenue Office,2026-01-20
DOC_S06106,S06106,Income Certificate,TPL_8439,Revenue Office,2026-01-20
DOC_S06107,S06107,Income Certificate,TPL_9513,Revenue Office,2026-01-20
DOC_S06108,S06108,Income Certificate,TPL_6588,Revenue Office,2026-01-20
DOC_S06109,S06109,Income Certificate,TPL_9787,Revenue Office,2026-01-20
DOC_S06110,S06110,Income Certificate,TPL_9153,Revenue Office,2026-01-20
DOC_S06111,S06111,Income Certificate,TPL_3175,Revenue Office,2026-01-20
DOC_S06112,S06112,Income Certificate,TPL_9361,Revenue Office,2026-01-20
DOC_S06113,S06113,Income Certificate,TPL_4570,Revenue Office,2026-01-20
DOC_S06114,S06114,Income Certificate,TPL_4271,Revenue Office,2026-01-20
DOC_S06115,S06115,Income Certificate,TPL_4074,Revenue Office,2026-01-20
DOC_S06116,S06116,Income Certificate,TPL_2806,Revenue Office,2026-01-20
DOC_S06117,S06117,Income Certificate,TPL_9563,Revenue Office,2026-01-20
DOC_S06118,S06118,Income Certificate,TPL_9119,Revenue Office,2026-01-20
DOC_S06119,S06119,Income Certificate,TPL_2709,Revenue Office,2026-01-20
DOC_S06120,S06120,Income Certificate,TPL_3043,Revenue Office,2026-01-20
DOC_S06121,S06121,Income Certificate,TPL_2276,Revenue Office,2026-01-20
DOC_S06122,S06122,Income Certificate,TPL_6099,Revenue Office,2026-01-20
DOC_S06123,S06123,Income Certificate,TPL_2921,Revenue Office,2026-01-20
DOC_S06124,S06124,Income Certificate,TPL_2578,Revenue Office,2026-01-20
DOC_S06125,S06125,Income Certificate,TPL_8766,Revenue Office,2026-01-20
DOC_S06126,S06126,Income Certificate,TPL_5376,Revenue Office,2026-01-20
DOC_S06127,S06127,Income Certificate,TPL_5900,Revenue Office,2026-01-20
DOC_S06128,S06128,Income Certificate,TPL_6355,Revenue Office,2026-01-20
DOC_S06129,S06129,Income Certificate,TPL_2276,Revenue Office,2026-01-20
DOC_S06130,S06130,Income Certificate,TPL_9861,Revenue Office,2026-01-20
DOC_S06131,S06131,Income Certificate,TPL_6107,Revenue Office,2026-01-20
DOC_S06132,S06132,Income Certificate,TPL_7187,Revenue Office,2026-01-20
DOC_S06133,S06133,Income Certificate,TPL_4780,Revenue Office,2026-01-20
DOC_S06134,S06134,Income Certificate,TPL_3725,Revenue Office,2026-01-20
DOC_S06135,S06135,Income Certificate,TPL_1734,Revenue Office,2026-01-20
DOC_S06136,S06136,Income Certificate,TPL_3691,Revenue Office,2026-01-20
DOC_S06137,S06137,Income Certificate,TPL_6000,Revenue Office,2026-01-20
DOC_S06138,S06138,Income Certificate,TPL_7894,Revenue Office,2026-01-20
DOC_S06139,S06139,Income Certificate,TPL_2469,Revenue Office,2026-01-20
DOC_S06140,S06140,Income Certificate,TPL_4278,Revenue Office,2026-01-20
DOC_S06141,S06141,Income Certificate,TPL_8012,Revenue Office,2026-01-20
DOC_S06142,S06142,Income Certificate,TPL_6898,Revenue Office,2026-01-20
DOC_S06143,S06143,Income Certificate,TPL_6341,Revenue Office,2026-01-20
DOC_S06144,S06144,Income Certificate,TPL_8510,Revenue Office,2026-01-20
DOC_S06145,S06145,Income Certificate,TPL_9035,Revenue Office,2026-01-20
DOC_S06146,S06146,Income Certificate,TPL_3090,Revenue Office,2026-01-20
DOC_S06147,S06147,Income Certificate,TPL_3925,Revenue Office,2026-01-20
DOC_S06148,S06148,Income Certificate,TPL_8439,Revenue Office,2026-01-20
DOC_S06149,S06149,Income Certificate,TPL_7089,Revenue Office,2026-01-20
DOC_S06150,S06150,Income Certificate,TPL_2049,Revenue Office,2026-01-20
DOC_S06151,S06151,Income Certificate,TPL_3484,Revenue Office,2026-01-20
DOC_S06152,S06152,Income Certificate,TPL_9938,Revenue Office,2026-01-20
DOC_S06153,S06153,Income Certificate,TPL_6541,Revenue Office,2026-01-20
DOC_S06154,S06154,Income Certificate,TPL_3511,Revenue Office,2026-01-20
DOC_S06155,S06155,Income Certificate,TPL_2864,Revenue Office,2026-01-20
DOC_S06156,S06156,Income Certificate,TPL_3042,Revenue Office,2026-01-20
DOC_S06157,S06157,Income Certificate,TPL_2645,Revenue Office,2026-01-20
DOC_S06158,S06158,Income Certificate,TPL_4115,Revenue Office,2026-01-20
DOC_S06159,S06159,Income Certificate,TPL_4084,Revenue Office,2026-01-20
DOC_S06160,S06160,Income Certificate,TPL_9981,Revenue Office,2026-01-20
DOC_S06161,S06161,Income Certificate,TPL_1108,Revenue Office,2026-01-20
DOC_S06162,S06162,Income Certificate,TPL_1238,Revenue Office,2026-01-20
DOC_S06163,S06163,Income Certificate,TPL_9117,Revenue Office,2026-01-20
DOC_S06164,S06164,Income Certificate,TPL_5757,Revenue Office,2026-01-20
DOC_S06165,S06165,Income Certificate,TPL_3326,Revenue Office,2026-01-20
DOC_S06166,S06166,Income Certificate,TPL_8423,Revenue Office,2026-01-20
DOC_S06167,S06167,Income Certificate,TPL_7045,Revenue Office,2026-01-20
DOC_S06168,S06168,Income Certificate,TPL_1972,Revenue Office,2026-01-20
DOC_S06169,S06169,Income Certificate,TPL_7595,Revenue Office,2026-01-20
DOC_S06170,S06170,Income Certificate,TPL_9114,Revenue Office,2026-01-20
DOC_S06171,S06171,Income Certificate,TPL_9942,Revenue Office,2026-01-20
DOC_S06172,S06172,Income Certificate,TPL_9542,Revenue Office,2026-01-20
DOC_S06173,S06173,Income Certificate,TPL_9981,Revenue Office,2026-01-20
DOC_S06174,S06174,Income Certificate,TPL_5465,Revenue Office,2026-01-20
DOC_S06175,S06175,Income Certificate,TPL_1976,Revenue Office,2026-01-20
DOC_S06176,S06176,Income Certificate,TPL_7578,Revenue Office,2026-01-20
DOC_S06177,S06177,Income Certificate,TPL_4591,Revenue Office,2026-01-20
DOC_S06178,S06178,Income Certificate,TPL_5738,Revenue Office,2026-01-20
DOC_S06179,S06179,Income Certificate,TPL_7556,Revenue Office,2026-01-20
DOC_S06180,S06180,Income Certificate,TPL_9979,Revenue Office,2026-01-20
DOC_S06181,S06181,Income Certificate,TPL_1641,Revenue Office,2026-01-20
DOC_S06182,S06182,Income Certificate,TPL_5044,Revenue Office,2026-01-20
DOC_S06183,S06183,Income Certificate,TPL_2921,Revenue Office,2026-01-20
DOC_S06184,S06184,Income Certificate,TPL_7377,Revenue Office,2026-01-20
DOC_S06185,S06185,Income Certificate,TPL_9066,Revenue Office,2026-01-20
DOC_S06186,S06186,Income Certificate,TPL_4053,Revenue Office,2026-01-20
DOC_S06187,S06187,Income Certificate,TPL_6845,Revenue Office,2026-01-20
DOC_S06188,S06188,Income Certificate,TPL_7754,Revenue Office,2026-01-20
DOC_S06189,S06189,Income Certificate,TPL_2925,Revenue Office,2026-01-20
DOC_S06190,S06190,Income Certificate,TPL_2441,Revenue Office,2026-01-20
DOC_S06191,S06191,Income Certificate,TPL_9438,Revenue Office,2026-01-20
DOC_S06192,S06192,Income Certificate,TPL_6259,Revenue Office,2026-01-20
DOC_S06193,S06193,Income Certificate,TPL_8472,Revenue Office,2026-01-20
DOC_S06194,S06194,Income Certificate,TPL_7349,Revenue Office,2026-01-20
DOC_S06195,S06195,Income Certificate,TPL_5280,Revenue Office,2026-01-20
DOC_S06196,S06196,Income Certificate,TPL_3322,Revenue Office,2026-01-20
DOC_S06197,S06197,Income Certificate,TPL_7502,Revenue Office,2026-01-20
DOC_S06198,S06198,Income Certificate,TPL_7655,Revenue Office,2026-01-20
DOC_S06199,S06199,Income Certificate,TPL_8844,Revenue Office,2026-01-20
DOC_S06200,S06200,Income Certificate,TPL_1078,Revenue Office,2026-01-20
DOC_S06201,S06201,Income Certificate,TPL_8929,Revenue Office,2026-01-20
DOC_S06202,S06202,Income Certificate,TPL_6764,Revenue Office,2026-01-20
DOC_S06203,S06203,Income Certificate,TPL_3461,Revenue Office,2026-01-20
DOC_S06204,S06204,Income Certificate,TPL_7618,Revenue Office,2026-01-20
DOC_S06205,S06205,Income Certificate,TPL_3589,Revenue Office,2026-01-20
DOC_S06206,S06206,Income Certificate,TPL_7939,Revenue Office,2026-01-20
DOC_S06207,S06207,Income Certificate,TPL_4014,Revenue Office,2026-01-20
DOC_S06208,S06208,Income Certificate,TPL_6415,Revenue Office,2026-01-20
DOC_S06209,S06209,Income Certificate,TPL_1748,Revenue Office,2026-01-20
DOC_S06210,S06210,Income Certificate,TPL_2107,Revenue Office,2026-01-20
DOC_S06211,S06211,Income Certificate,TPL_8499,Revenue Office,2026-01-20
DOC_S06212,S06212,Income Certificate,TPL_7414,Revenue Office,2026-01-20
DOC_S06213,S06213,Income Certificate,TPL_9339,Revenue Office,2026-01-20
DOC_S06214,S06214,Income Certificate,TPL_9648,Revenue Office,2026-01-20
DOC_S06215,S06215,Income Certificate,TPL_1825,Revenue Office,2026-01-20
DOC_S06216,S06216,Income Certificate,TPL_5451,Revenue Office,2026-01-20
DOC_S06217,S06217,Income Certificate,TPL_7720,Revenue Office,2026-01-20
DOC_S06218,S06218,Income Certificate,TPL_6566,Revenue Office,2026-01-20
DOC_S06219,S06219,Income Certificate,TPL_3327,Revenue Office,2026-01-20
DOC_S06220,S06220,Income Certificate,TPL_4491,Revenue Office,2026-01-20
DOC_S06221,S06221,Income Certificate,TPL_3174,Revenue Office,2026-01-20
DOC_S06222,S06222,Income Certificate,TPL_2252,Revenue Office,2026-01-20
DOC_S06223,S06223,Income Certificate,TPL_3107,Revenue Office,2026-01-20
DOC_S06224,S06224,Income Certificate,TPL_9470,Revenue Office,2026-01-20
DOC_S06225,S06225,Income Certificate,TPL_4114,Revenue Office,2026-01-20
DOC_S06226,S06226,Income Certificate,TPL_6544,Revenue Office,2026-01-20
DOC_S06227,S06227,Income Certificate,TPL_2536,Revenue Office,2026-01-20
DOC_S06228,S06228,Income Certificate,TPL_9345,Revenue Office,2026-01-20
DOC_S06229,S06229,Income Certificate,TPL_4732,Revenue Office,2026-01-20
DOC_S06230,S06230,Income Certificate,TPL_7505,Revenue Office,2026-01-20
DOC_S06231,S06231,Income Certificate,TPL_2468,Revenue Office,2026-01-20
DOC_S06232,S06232,Income Certificate,TPL_1748,Revenue Office,2026-01-20
DOC_S06233,S06233,Income Certificate,TPL_9473,Revenue Office,2026-01-20
DOC_S06234,S06234,Income Certificate,TPL_6096,Revenue Office,2026-01-20
DOC_S06235,S06235,Income Certificate,TPL_8609,Revenue Office,2026-01-20
DOC_S06236,S06236,Income Certificate,TPL_1257,Revenue Office,2026-01-20
DOC_S06237,S06237,Income Certificate,TPL_5232,Revenue Office,2026-01-20
DOC_S06238,S06238,Income Certificate,TPL_8262,Revenue Office,2026-01-20
DOC_S06239,S06239,Income Certificate,TPL_5384,Revenue Office,2026-01-20
DOC_S06240,S06240,Income Certificate,TPL_3072,Revenue Office,2026-01-20
DOC_S06241,S06241,Income Certificate,TPL_4708,Revenue Office,2026-01-20
DOC_S06242,S06242,Income Certificate,TPL_9166,Revenue Office,2026-01-20
DOC_S06243,S06243,Income Certificate,TPL_2218,Revenue Office,2026-01-20
DOC_S06244,S06244,Income Certificate,TPL_4173,Revenue Office,2026-01-20
DOC_S06245,S06245,Income Certificate,TPL_3198,Revenue Office,2026-01-20
DOC_S06246,S06246,Income Certificate,TPL_5992,Revenue Office,2026-01-20
DOC_S06247,S06247,Income Certificate,TPL_5559,Revenue Office,2026-01-20
DOC_S06248,S06248,Income Certificate,TPL_2837,Revenue Office,2026-01-20
DOC_S06249,S06249,Income Certificate,TPL_9625,Revenue Office,2026-01-20
DOC_S06250,S06250,Income Certificate,TPL_7705,Revenue Office,2026-01-20
DOC_S06251,S06251,Income Certificate,TPL_4072,Revenue Office,2026-01-20
DOC_S06252,S06252,Income Certificate,TPL_2074,Revenue Office,2026-01-20
DOC_S06253,S06253,Income Certificate,TPL_9126,Revenue Office,2026-01-20
DOC_S06254,S06254,Income Certificate,TPL_4588,Revenue Office,2026-01-20
DOC_S06255,S06255,Income Certificate,TPL_6647,Revenue Office,2026-01-20
DOC_S06256,S06256,Income Certificate,TPL_8088,Revenue Office,2026-01-20
DOC_S06257,S06257,Income Certificate,TPL_6323,Revenue Office,2026-01-20
DOC_S06258,S06258,Income Certificate,TPL_2825,Revenue Office,2026-01-20
DOC_S06259,S06259,Income Certificate,TPL_2302,Revenue Office,2026-01-20
DOC_S06260,S06260,Income Certificate,TPL_4034,Revenue Office,2026-01-20
DOC_S06261,S06261,Income Certificate,TPL_5457,Revenue Office,2026-01-20
DOC_S06262,S06262,Income Certificate,TPL_5224,Revenue Office,2026-01-20
DOC_S06263,S06263,Income Certificate,TPL_6277,Revenue Office,2026-01-20
DOC_S06264,S06264,Income Certificate,TPL_9730,Revenue Office,2026-01-20
DOC_S06265,S06265,Income Certificate,TPL_4291,Revenue Office,2026-01-20
DOC_S06266,S06266,Income Certificate,TPL_5529,Revenue Office,2026-01-20
DOC_S06267,S06267,Income Certificate,TPL_6089,Revenue Office,2026-01-20
DOC_S06268,S06268,Income Certificate,TPL_4030,Revenue Office,2026-01-20
DOC_S06269,S06269,Income Certificate,TPL_7500,Revenue Office,2026-01-20
DOC_S06270,S06270,Income Certificate,TPL_5848,Revenue Office,2026-01-20
DOC_S06271,S06271,Income Certificate,TPL_2244,Revenue Office,2026-01-20
DOC_S06272,S06272,Income Certificate,TPL_1314,Revenue Office,2026-01-20
DOC_S06273,S06273,Income Certificate,TPL_7518,Revenue Office,2026-01-20
DOC_S06274,S06274,Income Certificate,TPL_6626,Revenue Office,2026-01-20
DOC_S06275,S06275,Income Certificate,TPL_7133,Revenue Office,2026-01-20
DOC_S06276,S06276,Income Certificate,TPL_3683,Revenue Office,2026-01-20
DOC_S06277,S06277,Income Certificate,TPL_8528,Revenue Office,2026-01-20
DOC_S06278,S06278,Income Certificate,TPL_4026,Revenue Office,2026-01-20
DOC_S06279,S06279,Income Certificate,TPL_6990,Revenue Office,2026-01-20
DOC_S06280,S06280,Income Certificate,TPL_5543,Revenue Office,2026-01-20
DOC_S06281,S06281,Income Certificate,TPL_8163,Revenue Office,2026-01-20
DOC_S06282,S06282,Income Certificate,TPL_7007,Revenue Office,2026-01-20
DOC_S06283,S06283,Income Certificate,TPL_6950,Revenue Office,2026-01-20
DOC_S06284,S06284,Income Certificate,TPL_8650,Revenue Office,2026-01-20
DOC_S06285,S06285,Income Certificate,TPL_5924,Revenue Office,2026-01-20
DOC_S06286,S06286,Income Certificate,TPL_2102,Revenue Office,2026-01-20
DOC_S06287,S06287,Income Certificate,TPL_7258,Revenue Office,2026-01-20
DOC_S06288,S06288,Income Certificate,TPL_6315,Revenue Office,2026-01-20
DOC_S06289,S06289,Income Certificate,TPL_7630,Revenue Office,2026-01-20
DOC_S06290,S06290,Income Certificate,TPL_4824,Revenue Office,2026-01-20
DOC_S06291,S06291,Income Certificate,TPL_9339,Revenue Office,2026-01-20
DOC_S06292,S06292,Income Certificate,TPL_9096,Revenue Office,2026-01-20
DOC_S06293,S06293,Income Certificate,TPL_4014,Revenue Office,2026-01-20
DOC_S06294,S06294,Income Certificate,TPL_8967,Revenue Office,2026-01-20
DOC_S06295,S06295,Income Certificate,TPL_8587,Revenue Office,2026-01-20
DOC_S06296,S06296,Income Certificate,TPL_5555,Revenue Office,2026-01-20
DOC_S06297,S06297,Income Certificate,TPL_8317,Revenue Office,2026-01-20
DOC_S06298,S06298,Income Certificate,TPL_4084,Revenue Office,2026-01-20
DOC_S06299,S06299,Income Certificate,TPL_5079,Revenue Office,2026-01-20
DOC_S06300,S06300,Income Certificate,TPL_3264,Revenue Office,2026-01-20
DOC_S06301,S06301,Income Certificate,TPL_8638,Revenue Office,2026-01-20
DOC_S06302,S06302,Income Certificate,TPL_9876,Revenue Office,2026-01-20
DOC_S06303,S06303,Income Certificate,TPL_1895,Revenue Office,2026-01-20
DOC_S06304,S06304,Income Certificate,TPL_9187,Revenue Office,2026-01-20
DOC_S06305,S06305,Income Certificate,TPL_3290,Revenue Office,2026-01-20
DOC_S06306,S06306,Income Certificate,TPL_1725,Revenue Office,2026-01-20
DOC_S06307,S06307,Income Certificate,TPL_6799,Revenue Office,2026-01-20
DOC_S06308,S06308,Income Certificate,TPL_6438,Revenue Office,2026-01-20
DOC_S06309,S06309,Income Certificate,TPL_1757,Revenue Office,2026-01-20
DOC_S06310,S06310,Income Certificate,TPL_5701,Revenue Office,2026-01-20
DOC_S06311,S06311,Income Certificate,TPL_4421,Revenue Office,2026-01-20
DOC_S06312,S06312,Income Certificate,TPL_8882,Revenue Office,2026-01-20
DOC_S06313,S06313,Income Certificate,TPL_9937,Revenue Office,2026-01-20
DOC_S06314,S06314,Income Certificate,TPL_6991,Revenue Office,2026-01-20
DOC_S06315,S06315,Income Certificate,TPL_2819,Revenue Office,2026-01-20
DOC_S06316,S06316,Income Certificate,TPL_8491,Revenue Office,2026-01-20
DOC_S06317,S06317,Income Certificate,TPL_8177,Revenue Office,2026-01-20
DOC_S06318,S06318,Income Certificate,TPL_3138,Revenue Office,2026-01-20
DOC_S06319,S06319,Income Certificate,TPL_7081,Revenue Office,2026-01-20
DOC_S06320,S06320,Income Certificate,TPL_6651,Revenue Office,2026-01-20
DOC_S06321,S06321,Income Certificate,TPL_2162,Revenue Office,2026-01-20
DOC_S06322,S06322,Income Certificate,TPL_8190,Revenue Office,2026-01-20
DOC_S06323,S06323,Income Certificate,TPL_9087,Revenue Office,2026-01-20
DOC_S06324,S06324,Income Certificate,TPL_7630,Revenue Office,2026-01-20
DOC_S06325,S06325,Income Certificate,TPL_6460,Revenue Office,2026-01-20
DOC_S06326,S06326,Income Certificate,TPL_1656,Revenue Office,2026-01-20
DOC_S06327,S06327,Income Certificate,TPL_4850,Revenue Office,2026-01-20
DOC_S06328,S06328,Income Certificate,TPL_7957,Revenue Office,2026-01-20
DOC_S06329,S06329,Income Certificate,TPL_6774,Revenue Office,2026-01-20
DOC_S06330,S06330,Income Certificate,TPL_7860,Revenue Office,2026-01-20
DOC_S06331,S06331,Income Certificate,TPL_3995,Revenue Office,2026-01-20
DOC_S06332,S06332,Income Certificate,TPL_3518,Revenue Office,2026-01-20
DOC_S06333,S06333,Income Certificate,TPL_6725,Revenue Office,2026-01-20
DOC_S06334,S06334,Income Certificate,TPL_8065,Revenue Office,2026-01-20
DOC_S06335,S06335,Income Certificate,TPL_5555,Revenue Office,2026-01-20
DOC_S06336,S06336,Income Certificate,TPL_4468,Revenue Office,2026-01-20
DOC_S06337,S06337,Income Certificate,TPL_4120,Revenue Office,2026-01-20
DOC_S06338,S06338,Income Certificate,TPL_3314,Revenue Office,2026-01-20
DOC_S06339,S06339,Income Certificate,TPL_8566,Revenue Office,2026-01-20
DOC_S06340,S06340,Income Certificate,TPL_6758,Revenue Office,2026-01-20
DOC_S06341,S06341,Income Certificate,TPL_4376,Revenue Office,2026-01-20
DOC_S06342,S06342,Income Certificate,TPL_7371,Revenue Office,2026-01-20
DOC_S06343,S06343,Income Certificate,TPL_1309,Revenue Office,2026-01-20
DOC_S06344,S06344,Income Certificate,TPL_2796,Revenue Office,2026-01-20
DOC_S06345,S06345,Income Certificate,TPL_5499,Revenue Office,2026-01-20
DOC_S06346,S06346,Income Certificate,TPL_5006,Revenue Office,2026-01-20
DOC_S06347,S06347,Income Certificate,TPL_6294,Revenue Office,2026-01-20
DOC_S06348,S06348,Income Certificate,TPL_2094,Revenue Office,2026-01-20
DOC_S06349,S06349,Income Certificate,TPL_2294,Revenue Office,2026-01-20
DOC_S06350,S06350,Income Certificate,TPL_7855,Revenue Office,2026-01-20
DOC_S06351,S06351,Income Certificate,TPL_8105,Revenue Office,2026-01-20
DOC_S06352,S06352,Income Certificate,TPL_4061,Revenue Office,2026-01-20
DOC_S06353,S06353,Income Certificate,TPL_9078,Revenue Office,2026-01-20
DOC_S06354,S06354,Income Certificate,TPL_7685,Revenue Office,2026-01-20
DOC_S06355,S06355,Income Certificate,TPL_5101,Revenue Office,2026-01-20
DOC_S06356,S06356,Income Certificate,TPL_1469,Revenue Office,2026-01-20
DOC_S06357,S06357,Income Certificate,TPL_1177,Revenue Office,2026-01-20
DOC_S06358,S06358,Income Certificate,TPL_7033,Revenue Office,2026-01-20
DOC_S06359,S06359,Income Certificate,TPL_5755,Revenue Office,2026-01-20
DOC_S06360,S06360,Income Certificate,TPL_8418,Revenue Office,2026-01-20
DOC_S06361,S06361,Income Certificate,TPL_9223,Revenue Office,2026-01-20
DOC_S06362,S06362,Income Certificate,TPL_1110,Revenue Office,2026-01-20
DOC_S06363,S06363,Income Certificate,TPL_5287,Revenue Office,2026-01-20
DOC_S06364,S06364,Income Certificate,TPL_1463,Revenue Office,2026-01-20
DOC_S06365,S06365,Income Certificate,TPL_1301,Revenue Office,2026-01-20
DOC_S06366,S06366,Income Certificate,TPL_2278,Revenue Office,2026-01-20
DOC_S06367,S06367,Income Certificate,TPL_2236,Revenue Office,2026-01-20
DOC_S06368,S06368,Income Certificate,TPL_4380,Revenue Office,2026-01-20
DOC_S06369,S06369,Income Certificate,TPL_4033,Revenue Office,2026-01-20
DOC_S06370,S06370,Income Certificate,TPL_7915,Revenue Office,2026-01-20
DOC_S06371,S06371,Income Certificate,TPL_2936,Revenue Office,2026-01-20
DOC_S06372,S06372,Income Certificate,TPL_1439,Revenue Office,2026-01-20
DOC_S06373,S06373,Income Certificate,TPL_8246,Revenue Office,2026-01-20
DOC_S06374,S06374,Income Certificate,TPL_1256,Revenue Office,2026-01-20
DOC_S06375,S06375,Income Certificate,TPL_4850,Revenue Office,2026-01-20
DOC_S06376,S06376,Income Certificate,TPL_8110,Revenue Office,2026-01-20
DOC_S06377,S06377,Income Certificate,TPL_1049,Revenue Office,2026-01-20
DOC_S06378,S06378,Income Certificate,TPL_4569,Revenue Office,2026-01-20
DOC_S06379,S06379,Income Certificate,TPL_6677,Revenue Office,2026-01-20
DOC_S06380,S06380,Income Certificate,TPL_9161,Revenue Office,2026-01-20
DOC_S06381,S06381,Income Certificate,TPL_6665,Revenue Office,2026-01-20
DOC_S06382,S06382,Income Certificate,TPL_1050,Revenue Office,2026-01-20
DOC_S06383,S06383,Income Certificate,TPL_5802,Revenue Office,2026-01-20
DOC_S06384,S06384,Income Certificate,TPL_1770,Revenue Office,2026-01-20
DOC_S06385,S06385,Income Certificate,TPL_7216,Revenue Office,2026-01-20
DOC_S06386,S06386,Income Certificate,TPL_7523,Revenue Office,2026-01-20
DOC_S06387,S06387,Income Certificate,TPL_6465,Revenue Office,2026-01-20
DOC_S06388,S06388,Income Certificate,TPL_1366,Revenue Office,2026-01-20
DOC_S06389,S06389,Income Certificate,TPL_7304,Revenue Office,2026-01-20
DOC_S06390,S06390,Income Certificate,TPL_5568,Revenue Office,2026-01-20
DOC_S06391,S06391,Income Certificate,TPL_7799,Revenue Office,2026-01-20
DOC_S06392,S06392,Income Certificate,TPL_1385,Revenue Office,2026-01-20
DOC_S06393,S06393,Income Certificate,TPL_5291,Revenue Office,2026-01-20
DOC_S06394,S06394,Income Certificate,TPL_4784,Revenue Office,2026-01-20
DOC_S06395,S06395,Income Certificate,TPL_2623,Revenue Office,2026-01-20
DOC_S06396,S06396,Income Certificate,TPL_9971,Revenue Office,2026-01-20
DOC_S06397,S06397,Income Certificate,TPL_4216,Revenue Office,2026-01-20
DOC_S06398,S06398,Income Certificate,TPL_7619,Revenue Office,2026-01-20
DOC_S06399,S06399,Income Certificate,TPL_3833,Revenue Office,2026-01-20
DOC_S06400,S06400,Income Certificate,TPL_2605,Revenue Office,2026-01-20
DOC_S06401,S06401,Income Certificate,TPL_7406,Revenue Office,2026-01-20
DOC_S06402,S06402,Income Certificate,TPL_3766,Revenue Office,2026-01-20
DOC_S06403,S06403,Income Certificate,TPL_9716,Revenue Office,2026-01-20
DOC_S06404,S06404,Income Certificate,TPL_2462,Revenue Office,2026-01-20
DOC_S06405,S06405,Income Certificate,TPL_3446,Revenue Office,2026-01-20
DOC_S06406,S06406,Income Certificate,TPL_2348,Revenue Office,2026-01-20
DOC_S06407,S06407,Income Certificate,TPL_1360,Revenue Office,2026-01-20
DOC_S06408,S06408,Income Certificate,TPL_2475,Revenue Office,2026-01-20
DOC_S06409,S06409,Income Certificate,TPL_5676,Revenue Office,2026-01-20
DOC_S06410,S06410,Income Certificate,TPL_4472,Revenue Office,2026-01-20
DOC_S06411,S06411,Income Certificate,TPL_3278,Revenue Office,2026-01-20
DOC_S06412,S06412,Income Certificate,TPL_7434,Revenue Office,2026-01-20
DOC_S06413,S06413,Income Certificate,TPL_8812,Revenue Office,2026-01-20
DOC_S06414,S06414,Income Certificate,TPL_6114,Revenue Office,2026-01-20
DOC_S06415,S06415,Income Certificate,TPL_4554,Revenue Office,2026-01-20
DOC_S06416,S06416,Income Certificate,TPL_7131,Revenue Office,2026-01-20
DOC_S06417,S06417,Income Certificate,TPL_3232,Revenue Office,2026-01-20
DOC_S06418,S06418,Income Certificate,TPL_3915,Revenue Office,2026-01-20
DOC_S06419,S06419,Income Certificate,TPL_3046,Revenue Office,2026-01-20
DOC_S06420,S06420,Income Certificate,TPL_3118,Revenue Office,2026-01-20
DOC_S06421,S06421,Income Certificate,TPL_3187,Revenue Office,2026-01-20
DOC_S06422,S06422,Income Certificate,TPL_9228,Revenue Office,2026-01-20
DOC_S06423,S06423,Income Certificate,TPL_5485,Revenue Office,2026-01-20
DOC_S06424,S06424,Income Certificate,TPL_3569,Revenue Office,2026-01-20
DOC_S06425,S06425,Income Certificate,TPL_3749,Revenue Office,2026-01-20
DOC_S06426,S06426,Income Certificate,TPL_9396,Revenue Office,2026-01-20
DOC_S06427,S06427,Income Certificate,TPL_4801,Revenue Office,2026-01-20
DOC_S06428,S06428,Income Certificate,TPL_1205,Revenue Office,2026-01-20
DOC_S06429,S06429,Income Certificate,TPL_7246,Revenue Office,2026-01-20
DOC_S06430,S06430,Income Certificate,TPL_6867,Revenue Office,2026-01-20
DOC_S06431,S06431,Income Certificate,TPL_5747,Revenue Office,2026-01-20
DOC_S06432,S06432,Income Certificate,TPL_7647,Revenue Office,2026-01-20
DOC_S06433,S06433,Income Certificate,TPL_2731,Revenue Office,2026-01-20
DOC_S06434,S06434,Income Certificate,TPL_3216,Revenue Office,2026-01-20
DOC_S06435,S06435,Income Certificate,TPL_6566,Revenue Office,2026-01-20
DOC_S06436,S06436,Income Certificate,TPL_8197,Revenue Office,2026-01-20
DOC_S06437,S06437,Income Certificate,TPL_4804,Revenue Office,2026-01-20
DOC_S06438,S06438,Income Certificate,TPL_3941,Revenue Office,2026-01-20
DOC_S06439,S06439,Income Certificate,TPL_4624,Revenue Office,2026-01-20
DOC_S06440,S06440,Income Certificate,TPL_9551,Revenue Office,2026-01-20
DOC_S06441,S06441,Income Certificate,TPL_6501,Revenue Office,2026-01-20
DOC_S06442,S06442,Income Certificate,TPL_4654,Revenue Office,2026-01-20
DOC_S06443,S06443,Income Certificate,TPL_2918,Revenue Office,2026-01-20
DOC_S06444,S06444,Income Certificate,TPL_3603,Revenue Office,2026-01-20
DOC_S06445,S06445,Income Certificate,TPL_2974,Revenue Office,2026-01-20
DOC_S06446,S06446,Income Certificate,TPL_6674,Revenue Office,2026-01-20
DOC_S06447,S06447,Income Certificate,TPL_9746,Revenue Office,2026-01-20
DOC_S06448,S06448,Income Certificate,TPL_1094,Revenue Office,2026-01-20
DOC_S06449,S06449,Income Certificate,TPL_3759,Revenue Office,2026-01-20
DOC_S06450,S06450,Income Certificate,TPL_6517,Revenue Office,2026-01-20
DOC_S06451,S06451,Income Certificate,TPL_2806,Revenue Office,2026-01-20
DOC_S06452,S06452,Income Certificate,TPL_1417,Revenue Office,2026-01-20
DOC_S06453,S06453,Income Certificate,TPL_4083,Revenue Office,2026-01-20
DOC_S06454,S06454,Income Certificate,TPL_9356,Revenue Office,2026-01-20
DOC_S06455,S06455,Income Certificate,TPL_7158,Revenue Office,2026-01-20
DOC_S06456,S06456,Income Certificate,TPL_1374,Revenue Office,2026-01-20
DOC_S06457,S06457,Income Certificate,TPL_9917,Revenue Office,2026-01-20
DOC_S06458,S06458,Income Certificate,TPL_2613,Revenue Office,2026-01-20
DOC_S06459,S06459,Income Certificate,TPL_8122,Revenue Office,2026-01-20
DOC_S06460,S06460,Income Certificate,TPL_7738,Revenue Office,2026-01-20
DOC_S06461,S06461,Income Certificate,TPL_7405,Revenue Office,2026-01-20
DOC_S06462,S06462,Income Certificate,TPL_1351,Revenue Office,2026-01-20
DOC_S06463,S06463,Income Certificate,TPL_8483,Revenue Office,2026-01-20
DOC_S06464,S06464,Income Certificate,TPL_6842,Revenue Office,2026-01-20
DOC_S06465,S06465,Income Certificate,TPL_9090,Revenue Office,2026-01-20
DOC_S06466,S06466,Income Certificate,TPL_8746,Revenue Office,2026-01-20
DOC_S06467,S06467,Income Certificate,TPL_3278,Revenue Office,2026-01-20
DOC_S06468,S06468,Income Certificate,TPL_3952,Revenue Office,2026-01-20
DOC_S06469,S06469,Income Certificate,TPL_4342,Revenue Office,2026-01-20
DOC_S06470,S06470,Income Certificate,TPL_2347,Revenue Office,2026-01-20
DOC_S06471,S06471,Income Certificate,TPL_6313,Revenue Office,2026-01-20
DOC_S06472,S06472,Income Certificate,TPL_8424,Revenue Office,2026-01-20
DOC_S06473,S06473,Income Certificate,TPL_6304,Revenue Office,2026-01-20
DOC_S06474,S06474,Income Certificate,TPL_5237,Revenue Office,2026-01-20
DOC_S06475,S06475,Income Certificate,TPL_7798,Revenue Office,2026-01-20
DOC_S06476,S06476,Income Certificate,TPL_1772,Revenue Office,2026-01-20
DOC_S06477,S06477,Income Certificate,TPL_2371,Revenue Office,2026-01-20
DOC_S06478,S06478,Income Certificate,TPL_7024,Revenue Office,2026-01-20
DOC_S06479,S06479,Income Certificate,TPL_8686,Revenue Office,2026-01-20
DOC_S06480,S06480,Income Certificate,TPL_8757,Revenue Office,2026-01-20
DOC_S06481,S06481,Income Certificate,TPL_2678,Revenue Office,2026-01-20
DOC_S06482,S06482,Income Certificate,TPL_3001,Revenue Office,2026-01-20
DOC_S06483,S06483,Income Certificate,TPL_5793,Revenue Office,2026-01-20
DOC_S06484,S06484,Income Certificate,TPL_4155,Revenue Office,2026-01-20
DOC_S06485,S06485,Income Certificate,TPL_2125,Revenue Office,2026-01-20
DOC_S06486,S06486,Income Certificate,TPL_7908,Revenue Office,2026-01-20
DOC_S06487,S06487,Income Certificate,TPL_2231,Revenue Office,2026-01-20
DOC_S06488,S06488,Income Certificate,TPL_6432,Revenue Office,2026-01-20
DOC_S06489,S06489,Income Certificate,TPL_1341,Revenue Office,2026-01-20
DOC_S06490,S06490,Income Certificate,TPL_8526,Revenue Office,2026-01-20
DOC_S06491,S06491,Income Certificate,TPL_6038,Revenue Office,2026-01-20
DOC_S06492,S06492,Income Certificate,TPL_6847,Revenue Office,2026-01-20
DOC_S06493,S06493,Income Certificate,TPL_4867,Revenue Office,2026-01-20
DOC_S06494,S06494,Income Certificate,TPL_2248,Revenue Office,2026-01-20
DOC_S06495,S06495,Income Certificate,TPL_5367,Revenue Office,2026-01-20
DOC_S06496,S06496,Income Certificate,TPL_9779,Revenue Office,2026-01-20
DOC_S06497,S06497,Income Certificate,TPL_3901,Revenue Office,2026-01-20
DOC_S06498,S06498,Income Certificate,TPL_8858,Revenue Office,2026-01-20
DOC_S06499,S06499,Income Certificate,TPL_2888,Revenue Office,2026-01-20
DOC_S06500,S06500,Income Certificate,TPL_6489,Revenue Office,2026-01-20
DOC_S06501,S06501,Income Certificate,TPL_8550,Revenue Office,2026-01-20
DOC_S06502,S06502,Income Certificate,TPL_1833,Revenue Office,2026-01-20
DOC_S06503,S06503,Income Certificate,TPL_2373,Revenue Office,2026-01-20
DOC_S06504,S06504,Income Certificate,TPL_5970,Revenue Office,2026-01-20
DOC_S06505,S06505,Income Certificate,TPL_7791,Revenue Office,2026-01-20
DOC_S06506,S06506,Income Certificate,TPL_3655,Revenue Office,2026-01-20
DOC_S06507,S06507,Income Certificate,TPL_6749,Revenue Office,2026-01-20
DOC_S06508,S06508,Income Certificate,TPL_5850,Revenue Office,2026-01-20
DOC_S06509,S06509,Income Certificate,TPL_3290,Revenue Office,2026-01-20
DOC_S06510,S06510,Income Certificate,TPL_1879,Revenue Office,2026-01-20
DOC_S06511,S06511,Income Certificate,TPL_3482,Revenue Office,2026-01-20
DOC_S06512,S06512,Income Certificate,TPL_1747,Revenue Office,2026-01-20
DOC_S06513,S06513,Income Certificate,TPL_8346,Revenue Office,2026-01-20
DOC_S06514,S06514,Income Certificate,TPL_6369,Revenue Office,2026-01-20
DOC_S06515,S06515,Income Certificate,TPL_2486,Revenue Office,2026-01-20
DOC_S06516,S06516,Income Certificate,TPL_8072,Revenue Office,2026-01-20
DOC_S06517,S06517,Income Certificate,TPL_1374,Revenue Office,2026-01-20
DOC_S06518,S06518,Income Certificate,TPL_6414,Revenue Office,2026-01-20
DOC_S06519,S06519,Income Certificate,TPL_6314,Revenue Office,2026-01-20
DOC_S06520,S06520,Income Certificate,TPL_1225,Revenue Office,2026-01-20
DOC_S06521,S06521,Income Certificate,TPL_4265,Revenue Office,2026-01-20
DOC_S06522,S06522,Income Certificate,TPL_2604,Revenue Office,2026-01-20
DOC_S06523,S06523,Income Certificate,TPL_1524,Revenue Office,2026-01-20
DOC_S06524,S06524,Income Certificate,TPL_4826,Revenue Office,2026-01-20
DOC_S06525,S06525,Income Certificate,TPL_1867,Revenue Office,2026-01-20
DOC_S06526,S06526,Income Certificate,TPL_8760,Revenue Office,2026-01-20
DOC_S06527,S06527,Income Certificate,TPL_3796,Revenue Office,2026-01-20
DOC_S06528,S06528,Income Certificate,TPL_2716,Revenue Office,2026-01-20
DOC_S06529,S06529,Income Certificate,TPL_6296,Revenue Office,2026-01-20
DOC_S06530,S06530,Income Certificate,TPL_8472,Revenue Office,2026-01-20
DOC_S06531,S06531,Income Certificate,TPL_4860,Revenue Office,2026-01-20
DOC_S06532,S06532,Income Certificate,TPL_2678,Revenue Office,2026-01-20
DOC_S06533,S06533,Income Certificate,TPL_5557,Revenue Office,2026-01-20
DOC_S06534,S06534,Income Certificate,TPL_6628,Revenue Office,2026-01-20
DOC_S06535,S06535,Income Certificate,TPL_9485,Revenue Office,2026-01-20
DOC_S06536,S06536,Income Certificate,TPL_9092,Revenue Office,2026-01-20
DOC_S06537,S06537,Income Certificate,TPL_2341,Revenue Office,2026-01-20
DOC_S06538,S06538,Income Certificate,TPL_2107,Revenue Office,2026-01-20
DOC_S06539,S06539,Income Certificate,TPL_5230,Revenue Office,2026-01-20
DOC_S06540,S06540,Income Certificate,TPL_3121,Revenue Office,2026-01-20
DOC_S06541,S06541,Income Certificate,TPL_1143,Revenue Office,2026-01-20
DOC_S06542,S06542,Income Certificate,TPL_8350,Revenue Office,2026-01-20
DOC_S06543,S06543,Income Certificate,TPL_3821,Revenue Office,2026-01-20
DOC_S06544,S06544,Income Certificate,TPL_3156,Revenue Office,2026-01-20
DOC_S06545,S06545,Income Certificate,TPL_8170,Revenue Office,2026-01-20
DOC_S06546,S06546,Income Certificate,TPL_6741,Revenue Office,2026-01-20
DOC_S06547,S06547,Income Certificate,TPL_7379,Revenue Office,2026-01-20
DOC_S06548,S06548,Income Certificate,TPL_8384,Revenue Office,2026-01-20
DOC_S06549,S06549,Income Certificate,TPL_8500,Revenue Office,2026-01-20
DOC_S06550,S06550,Income Certificate,TPL_3731,Revenue Office,2026-01-20
DOC_S06551,S06551,Income Certificate,TPL_1266,Revenue Office,2026-01-20
DOC_S06552,S06552,Income Certificate,TPL_3276,Revenue Office,2026-01-20
DOC_S06553,S06553,Income Certificate,TPL_9421,Revenue Office,2026-01-20
DOC_S06554,S06554,Income Certificate,TPL_3449,Revenue Office,2026-01-20
DOC_S06555,S06555,Income Certificate,TPL_9602,Revenue Office,2026-01-20
DOC_S06556,S06556,Income Certificate,TPL_4138,Revenue Office,2026-01-20
DOC_S06557,S06557,Income Certificate,TPL_1743,Revenue Office,2026-01-20
DOC_S06558,S06558,Income Certificate,TPL_8308,Revenue Office,2026-01-20
DOC_S06559,S06559,Income Certificate,TPL_5216,Revenue Office,2026-01-20
DOC_S06560,S06560,Income Certificate,TPL_5315,Revenue Office,2026-01-20
DOC_S06561,S06561,Income Certificate,TPL_6975,Revenue Office,2026-01-20
DOC_S06562,S06562,Income Certificate,TPL_7556,Revenue Office,2026-01-20
DOC_S06563,S06563,Income Certificate,TPL_8913,Revenue Office,2026-01-20
DOC_S06564,S06564,Income Certificate,TPL_8664,Revenue Office,2026-01-20
DOC_S06565,S06565,Income Certificate,TPL_5768,Revenue Office,2026-01-20
DOC_S06566,S06566,Income Certificate,TPL_3765,Revenue Office,2026-01-20
DOC_S06567,S06567,Income Certificate,TPL_9863,Revenue Office,2026-01-20
DOC_S06568,S06568,Income Certificate,TPL_6369,Revenue Office,2026-01-20
DOC_S06569,S06569,Income Certificate,TPL_2042,Revenue Office,2026-01-20
DOC_S06570,S06570,Income Certificate,TPL_5059,Revenue Office,2026-01-20
DOC_S06571,S06571,Income Certificate,TPL_1695,Revenue Office,2026-01-20
DOC_S06572,S06572,Income Certificate,TPL_1857,Revenue Office,2026-01-20
DOC_S06573,S06573,Income Certificate,TPL_1159,Revenue Office,2026-01-20
DOC_S06574,S06574,Income Certificate,TPL_4210,Revenue Office,2026-01-20
DOC_S06575,S06575,Income Certificate,TPL_5084,Revenue Office,2026-01-20
DOC_S06576,S06576,Income Certificate,TPL_9435,Revenue Office,2026-01-20
DOC_S06577,S06577,Income Certificate,TPL_3906,Revenue Office,2026-01-20
DOC_S06578,S06578,Income Certificate,TPL_9839,Revenue Office,2026-01-20
DOC_S06579,S06579,Income Certificate,TPL_7795,Revenue Office,2026-01-20
DOC_S06580,S06580,Income Certificate,TPL_2104,Revenue Office,2026-01-20
DOC_S06581,S06581,Income Certificate,TPL_5200,Revenue Office,2026-01-20
DOC_S06582,S06582,Income Certificate,TPL_6620,Revenue Office,2026-01-20
DOC_S06583,S06583,Income Certificate,TPL_1761,Revenue Office,2026-01-20
DOC_S06584,S06584,Income Certificate,TPL_8788,Revenue Office,2026-01-20
DOC_S06585,S06585,Income Certificate,TPL_3411,Revenue Office,2026-01-20
DOC_S06586,S06586,Income Certificate,TPL_4831,Revenue Office,2026-01-20
DOC_S06587,S06587,Income Certificate,TPL_9338,Revenue Office,2026-01-20
DOC_S06588,S06588,Income Certificate,TPL_5692,Revenue Office,2026-01-20
DOC_S06589,S06589,Income Certificate,TPL_9023,Revenue Office,2026-01-20
DOC_S06590,S06590,Income Certificate,TPL_9151,Revenue Office,2026-01-20
DOC_S06591,S06591,Income Certificate,TPL_1382,Revenue Office,2026-01-20
DOC_S06592,S06592,Income Certificate,TPL_4331,Revenue Office,2026-01-20
DOC_S06593,S06593,Income Certificate,TPL_9441,Revenue Office,2026-01-20
DOC_S06594,S06594,Income Certificate,TPL_7048,Revenue Office,2026-01-20
DOC_S06595,S06595,Income Certificate,TPL_3862,Revenue Office,2026-01-20
DOC_S06596,S06596,Income Certificate,TPL_7421,Revenue Office,2026-01-20
DOC_S06597,S06597,Income Certificate,TPL_8029,Revenue Office,2026-01-20
DOC_S06598,S06598,Income Certificate,TPL_6196,Revenue Office,2026-01-20
DOC_S06599,S06599,Income Certificate,TPL_9196,Revenue Office,2026-01-20
DOC_S06600,S06600,Income Certificate,TPL_8116,Revenue Office,2026-01-20
DOC_S06601,S06601,Income Certificate,TPL_6192,Revenue Office,2026-01-20
DOC_S06602,S06602,Income Certificate,TPL_4008,Revenue Office,2026-01-20
DOC_S06603,S06603,Income Certificate,TPL_5023,Revenue Office,2026-01-20
DOC_S06604,S06604,Income Certificate,TPL_8888,Revenue Office,2026-01-20
DOC_S06605,S06605,Income Certificate,TPL_5366,Revenue Office,2026-01-20
DOC_S06606,S06606,Income Certificate,TPL_5224,Revenue Office,2026-01-20
DOC_S06607,S06607,Income Certificate,TPL_3512,Revenue Office,2026-01-20
DOC_S06608,S06608,Income Certificate,TPL_2493,Revenue Office,2026-01-20
DOC_S06609,S06609,Income Certificate,TPL_1893,Revenue Office,2026-01-20
DOC_S06610,S06610,Income Certificate,TPL_3696,Revenue Office,2026-01-20
DOC_S06611,S06611,Income Certificate,TPL_2927,Revenue Office,2026-01-20
DOC_S06612,S06612,Income Certificate,TPL_6992,Revenue Office,2026-01-20
DOC_S06613,S06613,Income Certificate,TPL_8690,Revenue Office,2026-01-20
DOC_S06614,S06614,Income Certificate,TPL_1179,Revenue Office,2026-01-20
DOC_S06615,S06615,Income Certificate,TPL_1213,Revenue Office,2026-01-20
DOC_S06616,S06616,Income Certificate,TPL_9184,Revenue Office,2026-01-20
DOC_S06617,S06617,Income Certificate,TPL_6932,Revenue Office,2026-01-20
DOC_S06618,S06618,Income Certificate,TPL_3942,Revenue Office,2026-01-20
DOC_S06619,S06619,Income Certificate,TPL_2343,Revenue Office,2026-01-20
DOC_S06620,S06620,Income Certificate,TPL_1756,Revenue Office,2026-01-20
DOC_S06621,S06621,Income Certificate,TPL_8977,Revenue Office,2026-01-20
DOC_S06622,S06622,Income Certificate,TPL_6351,Revenue Office,2026-01-20
DOC_S06623,S06623,Income Certificate,TPL_9643,Revenue Office,2026-01-20
DOC_S06624,S06624,Income Certificate,TPL_8745,Revenue Office,2026-01-20
DOC_S06625,S06625,Income Certificate,TPL_7629,Revenue Office,2026-01-20
DOC_S06626,S06626,Income Certificate,TPL_4180,Revenue Office,2026-01-20
DOC_S06627,S06627,Income Certificate,TPL_8571,Revenue Office,2026-01-20
DOC_S06628,S06628,Income Certificate,TPL_6112,Revenue Office,2026-01-20
DOC_S06629,S06629,Income Certificate,TPL_2162,Revenue Office,2026-01-20
DOC_S06630,S06630,Income Certificate,TPL_7272,Revenue Office,2026-01-20
DOC_S06631,S06631,Income Certificate,TPL_1434,Revenue Office,2026-01-20
DOC_S06632,S06632,Income Certificate,TPL_7702,Revenue Office,2026-01-20
DOC_S06633,S06633,Income Certificate,TPL_4450,Revenue Office,2026-01-20
DOC_S06634,S06634,Income Certificate,TPL_6859,Revenue Office,2026-01-20
DOC_S06635,S06635,Income Certificate,TPL_8123,Revenue Office,2026-01-20
DOC_S06636,S06636,Income Certificate,TPL_1351,Revenue Office,2026-01-20
DOC_S06637,S06637,Income Certificate,TPL_1214,Revenue Office,2026-01-20
DOC_S06638,S06638,Income Certificate,TPL_2138,Revenue Office,2026-01-20
DOC_S06639,S06639,Income Certificate,TPL_3651,Revenue Office,2026-01-20
DOC_S06640,S06640,Income Certificate,TPL_4322,Revenue Office,2026-01-20
DOC_S06641,S06641,Income Certificate,TPL_3739,Revenue Office,2026-01-20
DOC_S06642,S06642,Income Certificate,TPL_2893,Revenue Office,2026-01-20
DOC_S06643,S06643,Income Certificate,TPL_8985,Revenue Office,2026-01-20
DOC_S06644,S06644,Income Certificate,TPL_6224,Revenue Office,2026-01-20
DOC_S06645,S06645,Income Certificate,TPL_8414,Revenue Office,2026-01-20
DOC_S06646,S06646,Income Certificate,TPL_9654,Revenue Office,2026-01-20
DOC_S06647,S06647,Income Certificate,TPL_9669,Revenue Office,2026-01-20
DOC_S06648,S06648,Income Certificate,TPL_1275,Revenue Office,2026-01-20
DOC_S06649,S06649,Income Certificate,TPL_3116,Revenue Office,2026-01-20
DOC_S06650,S06650,Income Certificate,TPL_7351,Revenue Office,2026-01-20
DOC_S06651,S06651,Income Certificate,TPL_2642,Revenue Office,2026-01-20
DOC_S06652,S06652,Income Certificate,TPL_9933,Revenue Office,2026-01-20
DOC_S06653,S06653,Income Certificate,TPL_2627,Revenue Office,2026-01-20
DOC_S06654,S06654,Income Certificate,TPL_3363,Revenue Office,2026-01-20
DOC_S06655,S06655,Income Certificate,TPL_9474,Revenue Office,2026-01-20
DOC_S06656,S06656,Income Certificate,TPL_2550,Revenue Office,2026-01-20
DOC_S06657,S06657,Income Certificate,TPL_1539,Revenue Office,2026-01-20
DOC_S06658,S06658,Income Certificate,TPL_4078,Revenue Office,2026-01-20
DOC_S06659,S06659,Income Certificate,TPL_5983,Revenue Office,2026-01-20
DOC_S06660,S06660,Income Certificate,TPL_3125,Revenue Office,2026-01-20
DOC_S06661,S06661,Income Certificate,TPL_3555,Revenue Office,2026-01-20
DOC_S06662,S06662,Income Certificate,TPL_9675,Revenue Office,2026-01-20
DOC_S06663,S06663,Income Certificate,TPL_6955,Revenue Office,2026-01-20
DOC_S06664,S06664,Income Certificate,TPL_9870,Revenue Office,2026-01-20
DOC_S06665,S06665,Income Certificate,TPL_4545,Revenue Office,2026-01-20
DOC_S06666,S06666,Income Certificate,TPL_1672,Revenue Office,2026-01-20
DOC_S06667,S06667,Income Certificate,TPL_7427,Revenue Office,2026-01-20
DOC_S06668,S06668,Income Certificate,TPL_7392,Revenue Office,2026-01-20
DOC_S06669,S06669,Income Certificate,TPL_9088,Revenue Office,2026-01-20
DOC_S06670,S06670,Income Certificate,TPL_6114,Revenue Office,2026-01-20
DOC_S06671,S06671,Income Certificate,TPL_9342,Revenue Office,2026-01-20
DOC_S06672,S06672,Income Certificate,TPL_4643,Revenue Office,2026-01-20
DOC_S06673,S06673,Income Certificate,TPL_7279,Revenue Office,2026-01-20
DOC_S06674,S06674,Income Certificate,TPL_4343,Revenue Office,2026-01-20
DOC_S06675,S06675,Income Certificate,TPL_6247,Revenue Office,2026-01-20
DOC_S06676,S06676,Income Certificate,TPL_2111,Revenue Office,2026-01-20
DOC_S06677,S06677,Income Certificate,TPL_9642,Revenue Office,2026-01-20
DOC_S06678,S06678,Income Certificate,TPL_7688,Revenue Office,2026-01-20
DOC_S06679,S06679,Income Certificate,TPL_6960,Revenue Office,2026-01-20
DOC_S06680,S06680,Income Certificate,TPL_2710,Revenue Office,2026-01-20
DOC_S06681,S06681,Income Certificate,TPL_2297,Revenue Office,2026-01-20
DOC_S06682,S06682,Income Certificate,TPL_3763,Revenue Office,2026-01-20
DOC_S06683,S06683,Income Certificate,TPL_1172,Revenue Office,2026-01-20
DOC_S06684,S06684,Income Certificate,TPL_5872,Revenue Office,2026-01-20
DOC_S06685,S06685,Income Certificate,TPL_8763,Revenue Office,2026-01-20
DOC_S06686,S06686,Income Certificate,TPL_1585,Revenue Office,2026-01-20
DOC_S06687,S06687,Income Certificate,TPL_2337,Revenue Office,2026-01-20
DOC_S06688,S06688,Income Certificate,TPL_2092,Revenue Office,2026-01-20
DOC_S06689,S06689,Income Certificate,TPL_6731,Revenue Office,2026-01-20
DOC_S06690,S06690,Income Certificate,TPL_3435,Revenue Office,2026-01-20
DOC_S06691,S06691,Income Certificate,TPL_6863,Revenue Office,2026-01-20
DOC_S06692,S06692,Income Certificate,TPL_8910,Revenue Office,2026-01-20
DOC_S06693,S06693,Income Certificate,TPL_2444,Revenue Office,2026-01-20
DOC_S06694,S06694,Income Certificate,TPL_1369,Revenue Office,2026-01-20
DOC_S06695,S06695,Income Certificate,TPL_3165,Revenue Office,2026-01-20
DOC_S06696,S06696,Income Certificate,TPL_8107,Revenue Office,2026-01-20
DOC_S06697,S06697,Income Certificate,TPL_1626,Revenue Office,2026-01-20
DOC_S06698,S06698,Income Certificate,TPL_4150,Revenue Office,2026-01-20
DOC_S06699,S06699,Income Certificate,TPL_6434,Revenue Office,2026-01-20
DOC_S06700,S06700,Income Certificate,TPL_5228,Revenue Office,2026-01-20
DOC_S06701,S06701,Income Certificate,TPL_1430,Revenue Office,2026-01-20
DOC_S06702,S06702,Income Certificate,TPL_4153,Revenue Office,2026-01-20
DOC_S06703,S06703,Income Certificate,TPL_6488,Revenue Office,2026-01-20
DOC_S06704,S06704,Income Certificate,TPL_3462,Revenue Office,2026-01-20
DOC_S06705,S06705,Income Certificate,TPL_5943,Revenue Office,2026-01-20
DOC_S06706,S06706,Income Certificate,TPL_4930,Revenue Office,2026-01-20
DOC_S06707,S06707,Income Certificate,TPL_2161,Revenue Office,2026-01-20
DOC_S06708,S06708,Income Certificate,TPL_5812,Revenue Office,2026-01-20
DOC_S06709,S06709,Income Certificate,TPL_6105,Revenue Office,2026-01-20
DOC_S06710,S06710,Income Certificate,TPL_2782,Revenue Office,2026-01-20
DOC_S06711,S06711,Income Certificate,TPL_2841,Revenue Office,2026-01-20
DOC_S06712,S06712,Income Certificate,TPL_2864,Revenue Office,2026-01-20
DOC_S06713,S06713,Income Certificate,TPL_2566,Revenue Office,2026-01-20
DOC_S06714,S06714,Income Certificate,TPL_6708,Revenue Office,2026-01-20
DOC_S06715,S06715,Income Certificate,TPL_7913,Revenue Office,2026-01-20
DOC_S06716,S06716,Income Certificate,TPL_5904,Revenue Office,2026-01-20
DOC_S06717,S06717,Income Certificate,TPL_9981,Revenue Office,2026-01-20
DOC_S06718,S06718,Income Certificate,TPL_7298,Revenue Office,2026-01-20
DOC_S06719,S06719,Income Certificate,TPL_8756,Revenue Office,2026-01-20
DOC_S06720,S06720,Income Certificate,TPL_2315,Revenue Office,2026-01-20
DOC_S06721,S06721,Income Certificate,TPL_8379,Revenue Office,2026-01-20
DOC_S06722,S06722,Income Certificate,TPL_2878,Revenue Office,2026-01-20
DOC_S06723,S06723,Income Certificate,TPL_2866,Revenue Office,2026-01-20
DOC_S06724,S06724,Income Certificate,TPL_2265,Revenue Office,2026-01-20
DOC_S06725,S06725,Income Certificate,TPL_5729,Revenue Office,2026-01-20
DOC_S06726,S06726,Income Certificate,TPL_2341,Revenue Office,2026-01-20
DOC_S06727,S06727,Income Certificate,TPL_1810,Revenue Office,2026-01-20
DOC_S06728,S06728,Income Certificate,TPL_1606,Revenue Office,2026-01-20
DOC_S06729,S06729,Income Certificate,TPL_8496,Revenue Office,2026-01-20
DOC_S06730,S06730,Income Certificate,TPL_8124,Revenue Office,2026-01-20
DOC_S06731,S06731,Income Certificate,TPL_6278,Revenue Office,2026-01-20
DOC_S06732,S06732,Income Certificate,TPL_6896,Revenue Office,2026-01-20
DOC_S06733,S06733,Income Certificate,TPL_5629,Revenue Office,2026-01-20
DOC_S06734,S06734,Income Certificate,TPL_7219,Revenue Office,2026-01-20
DOC_S06735,S06735,Income Certificate,TPL_7411,Revenue Office,2026-01-20
DOC_S06736,S06736,Income Certificate,TPL_8769,Revenue Office,2026-01-20
DOC_S06737,S06737,Income Certificate,TPL_9075,Revenue Office,2026-01-20
DOC_S06738,S06738,Income Certificate,TPL_5580,Revenue Office,2026-01-20
DOC_S06739,S06739,Income Certificate,TPL_6547,Revenue Office,2026-01-20
DOC_S06740,S06740,Income Certificate,TPL_6028,Revenue Office,2026-01-20
DOC_S06741,S06741,Income Certificate,TPL_4416,Revenue Office,2026-01-20
DOC_S06742,S06742,Income Certificate,TPL_3170,Revenue Office,2026-01-20
DOC_S06743,S06743,Income Certificate,TPL_2192,Revenue Office,2026-01-20
DOC_S06744,S06744,Income Certificate,TPL_3401,Revenue Office,2026-01-20
DOC_S06745,S06745,Income Certificate,TPL_7401,Revenue Office,2026-01-20
DOC_S06746,S06746,Income Certificate,TPL_3883,Revenue Office,2026-01-20
DOC_S06747,S06747,Income Certificate,TPL_4047,Revenue Office,2026-01-20
DOC_S06748,S06748,Income Certificate,TPL_3857,Revenue Office,2026-01-20
DOC_S06749,S06749,Income Certificate,TPL_1112,Revenue Office,2026-01-20
DOC_S06750,S06750,Income Certificate,TPL_4426,Revenue Office,2026-01-20
DOC_S06751,S06751,Income Certificate,TPL_5861,Revenue Office,2026-01-20
DOC_S06752,S06752,Income Certificate,TPL_7922,Revenue Office,2026-01-20
DOC_S06753,S06753,Income Certificate,TPL_4573,Revenue Office,2026-01-20
DOC_S06754,S06754,Income Certificate,TPL_2149,Revenue Office,2026-01-20
DOC_S06755,S06755,Income Certificate,TPL_9780,Revenue Office,2026-01-20
DOC_S06756,S06756,Income Certificate,TPL_4021,Revenue Office,2026-01-20
DOC_S06757,S06757,Income Certificate,TPL_1686,Revenue Office,2026-01-20
DOC_S06758,S06758,Income Certificate,TPL_3321,Revenue Office,2026-01-20
DOC_S06759,S06759,Income Certificate,TPL_5382,Revenue Office,2026-01-20
DOC_S06760,S06760,Income Certificate,TPL_8958,Revenue Office,2026-01-20
DOC_S06761,S06761,Income Certificate,TPL_1709,Revenue Office,2026-01-20
DOC_S06762,S06762,Income Certificate,TPL_8195,Revenue Office,2026-01-20
DOC_S06763,S06763,Income Certificate,TPL_6083,Revenue Office,2026-01-20
DOC_S06764,S06764,Income Certificate,TPL_4331,Revenue Office,2026-01-20
DOC_S06765,S06765,Income Certificate,TPL_8076,Revenue Office,2026-01-20
DOC_S06766,S06766,Income Certificate,TPL_9736,Revenue Office,2026-01-20
DOC_S06767,S06767,Income Certificate,TPL_2443,Revenue Office,2026-01-20
DOC_S06768,S06768,Income Certificate,TPL_6637,Revenue Office,2026-01-20
DOC_S06769,S06769,Income Certificate,TPL_2947,Revenue Office,2026-01-20
DOC_S06770,S06770,Income Certificate,TPL_1403,Revenue Office,2026-01-20
DOC_S06771,S06771,Income Certificate,TPL_2427,Revenue Office,2026-01-20
DOC_S06772,S06772,Income Certificate,TPL_9580,Revenue Office,2026-01-20
DOC_S06773,S06773,Income Certificate,TPL_5166,Revenue Office,2026-01-20
DOC_S06774,S06774,Income Certificate,TPL_2210,Revenue Office,2026-01-20
DOC_S06775,S06775,Income Certificate,TPL_1384,Revenue Office,2026-01-20
DOC_S06776,S06776,Income Certificate,TPL_9324,Revenue Office,2026-01-20
DOC_S06777,S06777,Income Certificate,TPL_4682,Revenue Office,2026-01-20
DOC_S06778,S06778,Income Certificate,TPL_3477,Revenue Office,2026-01-20
DOC_S06779,S06779,Income Certificate,TPL_4777,Revenue Office,2026-01-20
DOC_S06780,S06780,Income Certificate,TPL_2332,Revenue Office,2026-01-20
DOC_S06781,S06781,Income Certificate,TPL_1547,Revenue Office,2026-01-20
DOC_S06782,S06782,Income Certificate,TPL_4935,Revenue Office,2026-01-20
DOC_S06783,S06783,Income Certificate,TPL_7602,Revenue Office,2026-01-20
DOC_S06784,S06784,Income Certificate,TPL_7131,Revenue Office,2026-01-20
DOC_S06785,S06785,Income Certificate,TPL_4017,Revenue Office,2026-01-20
DOC_S06786,S06786,Income Certificate,TPL_2628,Revenue Office,2026-01-20
DOC_S06787,S06787,Income Certificate,TPL_1090,Revenue Office,2026-01-20
DOC_S06788,S06788,Income Certificate,TPL_4611,Revenue Office,2026-01-20
DOC_S06789,S06789,Income Certificate,TPL_4629,Revenue Office,2026-01-20
DOC_S06790,S06790,Income Certificate,TPL_3150,Revenue Office,2026-01-20
DOC_S06791,S06791,Income Certificate,TPL_1539,Revenue Office,2026-01-20
DOC_S06792,S06792,Income Certificate,TPL_1627,Revenue Office,2026-01-20
DOC_S06793,S06793,Income Certificate,TPL_8999,Revenue Office,2026-01-20
DOC_S06794,S06794,Income Certificate,TPL_3622,Revenue Office,2026-01-20
DOC_S06795,S06795,Income Certificate,TPL_5676,Revenue Office,2026-01-20
DOC_S06796,S06796,Income Certificate,TPL_3469,Revenue Office,2026-01-20
DOC_S06797,S06797,Income Certificate,TPL_1181,Revenue Office,2026-01-20
DOC_S06798,S06798,Income Certificate,TPL_3342,Revenue Office,2026-01-20
DOC_S06799,S06799,Income Certificate,TPL_3339,Revenue Office,2026-01-20
DOC_S06800,S06800,Income Certificate,TPL_2903,Revenue Office,2026-01-20
DOC_S06801,S06801,Income Certificate,TPL_5134,Revenue Office,2026-01-20
DOC_S06802,S06802,Income Certificate,TPL_6515,Revenue Office,2026-01-20
DOC_S06803,S06803,Income Certificate,TPL_2396,Revenue Office,2026-01-20
DOC_S06804,S06804,Income Certificate,TPL_8938,Revenue Office,2026-01-20
DOC_S06805,S06805,Income Certificate,TPL_9896,Revenue Office,2026-01-20
DOC_S06806,S06806,Income Certificate,TPL_8888,Revenue Office,2026-01-20
DOC_S06807,S06807,Income Certificate,TPL_6303,Revenue Office,2026-01-20
DOC_S06808,S06808,Income Certificate,TPL_2977,Revenue Office,2026-01-20
DOC_S06809,S06809,Income Certificate,TPL_4860,Revenue Office,2026-01-20
DOC_S06810,S06810,Income Certificate,TPL_1755,Revenue Office,2026-01-20
DOC_S06811,S06811,Income Certificate,TPL_5852,Revenue Office,2026-01-20
DOC_S06812,S06812,Income Certificate,TPL_5270,Revenue Office,2026-01-20
DOC_S06813,S06813,Income Certificate,TPL_4129,Revenue Office,2026-01-20
DOC_S06814,S06814,Income Certificate,TPL_1925,Revenue Office,2026-01-20
DOC_S06815,S06815,Income Certificate,TPL_9723,Revenue Office,2026-01-20
DOC_S06816,S06816,Income Certificate,TPL_8336,Revenue Office,2026-01-20
DOC_S06817,S06817,Income Certificate,TPL_4717,Revenue Office,2026-01-20
DOC_S06818,S06818,Income Certificate,TPL_2838,Revenue Office,2026-01-20
DOC_S06819,S06819,Income Certificate,TPL_5215,Revenue Office,2026-01-20
DOC_S06820,S06820,Income Certificate,TPL_7612,Revenue Office,2026-01-20
DOC_S06821,S06821,Income Certificate,TPL_3354,Revenue Office,2026-01-20
DOC_S06822,S06822,Income Certificate,TPL_8472,Revenue Office,2026-01-20
DOC_S06823,S06823,Income Certificate,TPL_8789,Revenue Office,2026-01-20
DOC_S06824,S06824,Income Certificate,TPL_3684,Revenue Office,2026-01-20
DOC_S06825,S06825,Income Certificate,TPL_9824,Revenue Office,2026-01-20
DOC_S06826,S06826,Income Certificate,TPL_2511,Revenue Office,2026-01-20
DOC_S06827,S06827,Income Certificate,TPL_2097,Revenue Office,2026-01-20
DOC_S06828,S06828,Income Certificate,TPL_8248,Revenue Office,2026-01-20
DOC_S06829,S06829,Income Certificate,TPL_5008,Revenue Office,2026-01-20
DOC_S06830,S06830,Income Certificate,TPL_9694,Revenue Office,2026-01-20
DOC_S06831,S06831,Income Certificate,TPL_7860,Revenue Office,2026-01-20
DOC_S06832,S06832,Income Certificate,TPL_7276,Revenue Office,2026-01-20
DOC_S06833,S06833,Income Certificate,TPL_4476,Revenue Office,2026-01-20
DOC_S06834,S06834,Income Certificate,TPL_5276,Revenue Office,2026-01-20
DOC_S06835,S06835,Income Certificate,TPL_3526,Revenue Office,2026-01-20
DOC_S06836,S06836,Income Certificate,TPL_7279,Revenue Office,2026-01-20
DOC_S06837,S06837,Income Certificate,TPL_7097,Revenue Office,2026-01-20
DOC_S06838,S06838,Income Certificate,TPL_1148,Revenue Office,2026-01-20
DOC_S06839,S06839,Income Certificate,TPL_9913,Revenue Office,2026-01-20
DOC_S06840,S06840,Income Certificate,TPL_9233,Revenue Office,2026-01-20
DOC_S06841,S06841,Income Certificate,TPL_1657,Revenue Office,2026-01-20
DOC_S06842,S06842,Income Certificate,TPL_7355,Revenue Office,2026-01-20
DOC_S06843,S06843,Income Certificate,TPL_7609,Revenue Office,2026-01-20
DOC_S06844,S06844,Income Certificate,TPL_3876,Revenue Office,2026-01-20
DOC_S06845,S06845,Income Certificate,TPL_7639,Revenue Office,2026-01-20
DOC_S06846,S06846,Income Certificate,TPL_6162,Revenue Office,2026-01-20
DOC_S06847,S06847,Income Certificate,TPL_1787,Revenue Office,2026-01-20
DOC_S06848,S06848,Income Certificate,TPL_7764,Revenue Office,2026-01-20
DOC_S06849,S06849,Income Certificate,TPL_9030,Revenue Office,2026-01-20
DOC_S06850,S06850,Income Certificate,TPL_7581,Revenue Office,2026-01-20
DOC_S06851,S06851,Income Certificate,TPL_4558,Revenue Office,2026-01-20
DOC_S06852,S06852,Income Certificate,TPL_2661,Revenue Office,2026-01-20
DOC_S06853,S06853,Income Certificate,TPL_5224,Revenue Office,2026-01-20
DOC_S06854,S06854,Income Certificate,TPL_5275,Revenue Office,2026-01-20
DOC_S06855,S06855,Income Certificate,TPL_5967,Revenue Office,2026-01-20
DOC_S06856,S06856,Income Certificate,TPL_9045,Revenue Office,2026-01-20
DOC_S06857,S06857,Income Certificate,TPL_3905,Revenue Office,2026-01-20
DOC_S06858,S06858,Income Certificate,TPL_1349,Revenue Office,2026-01-20
DOC_S06859,S06859,Income Certificate,TPL_1964,Revenue Office,2026-01-20
DOC_S06860,S06860,Income Certificate,TPL_9724,Revenue Office,2026-01-20
DOC_S06861,S06861,Income Certificate,TPL_1609,Revenue Office,2026-01-20
DOC_S06862,S06862,Income Certificate,TPL_6584,Revenue Office,2026-01-20
DOC_S06863,S06863,Income Certificate,TPL_9087,Revenue Office,2026-01-20
DOC_S06864,S06864,Income Certificate,TPL_7845,Revenue Office,2026-01-20
DOC_S06865,S06865,Income Certificate,TPL_1229,Revenue Office,2026-01-20
DOC_S06866,S06866,Income Certificate,TPL_4656,Revenue Office,2026-01-20
DOC_S06867,S06867,Income Certificate,TPL_7500,Revenue Office,2026-01-20
DOC_S06868,S06868,Income Certificate,TPL_2785,Revenue Office,2026-01-20
DOC_S06869,S06869,Income Certificate,TPL_8506,Revenue Office,2026-01-20
DOC_S06870,S06870,Income Certificate,TPL_6365,Revenue Office,2026-01-20
DOC_S06871,S06871,Income Certificate,TPL_5440,Revenue Office,2026-01-20
DOC_S06872,S06872,Income Certificate,TPL_7289,Revenue Office,2026-01-20
DOC_S06873,S06873,Income Certificate,TPL_9263,Revenue Office,2026-01-20
DOC_S06874,S06874,Income Certificate,TPL_6274,Revenue Office,2026-01-20
DOC_S06875,S06875,Income Certificate,TPL_7720,Revenue Office,2026-01-20
DOC_S06876,S06876,Income Certificate,TPL_2914,Revenue Office,2026-01-20
DOC_S06877,S06877,Income Certificate,TPL_7216,Revenue Office,2026-01-20
DOC_S06878,S06878,Income Certificate,TPL_8227,Revenue Office,2026-01-20
DOC_S06879,S06879,Income Certificate,TPL_6711,Revenue Office,2026-01-20
DOC_S06880,S06880,Income Certificate,TPL_4474,Revenue Office,2026-01-20
DOC_S06881,S06881,Income Certificate,TPL_5393,Revenue Office,2026-01-20
DOC_S06882,S06882,Income Certificate,TPL_1140,Revenue Office,2026-01-20
DOC_S06883,S06883,Income Certificate,TPL_6860,Revenue Office,2026-01-20
DOC_S06884,S06884,Income Certificate,TPL_9425,Revenue Office,2026-01-20
DOC_S06885,S06885,Income Certificate,TPL_5989,Revenue Office,2026-01-20
DOC_S06886,S06886,Income Certificate,TPL_6993,Revenue Office,2026-01-20
DOC_S06887,S06887,Income Certificate,TPL_8617,Revenue Office,2026-01-20
DOC_S06888,S06888,Income Certificate,TPL_4611,Revenue Office,2026-01-20
DOC_S06889,S06889,Income Certificate,TPL_6039,Revenue Office,2026-01-20
DOC_S06890,S06890,Income Certificate,TPL_7123,Revenue Office,2026-01-20
DOC_S06891,S06891,Income Certificate,TPL_7921,Revenue Office,2026-01-20
DOC_S06892,S06892,Income Certificate,TPL_6342,Revenue Office,2026-01-20
DOC_S06893,S06893,Income Certificate,TPL_2199,Revenue Office,2026-01-20
DOC_S06894,S06894,Income Certificate,TPL_8939,Revenue Office,2026-01-20
DOC_S06895,S06895,Income Certificate,TPL_1170,Revenue Office,2026-01-20
DOC_S06896,S06896,Income Certificate,TPL_5888,Revenue Office,2026-01-20
DOC_S06897,S06897,Income Certificate,TPL_4276,Revenue Office,2026-01-20
DOC_S06898,S06898,Income Certificate,TPL_4912,Revenue Office,2026-01-20
DOC_S06899,S06899,Income Certificate,TPL_7543,Revenue Office,2026-01-20
DOC_S06900,S06900,Income Certificate,TPL_1569,Revenue Office,2026-01-20
DOC_S06901,S06901,Income Certificate,TPL_8735,Revenue Office,2026-01-20
DOC_S06902,S06902,Income Certificate,TPL_3680,Revenue Office,2026-01-20
DOC_S06903,S06903,Income Certificate,TPL_5994,Revenue Office,2026-01-20
DOC_S06904,S06904,Income Certificate,TPL_4895,Revenue Office,2026-01-20
DOC_S06905,S06905,Income Certificate,TPL_4489,Revenue Office,2026-01-20
DOC_S06906,S06906,Income Certificate,TPL_2421,Revenue Office,2026-01-20
DOC_S06907,S06907,Income Certificate,TPL_1329,Revenue Office,2026-01-20
DOC_S06908,S06908,Income Certificate,TPL_6874,Revenue Office,2026-01-20
DOC_S06909,S06909,Income Certificate,TPL_2156,Revenue Office,2026-01-20
DOC_S06910,S06910,Income Certificate,TPL_5426,Revenue Office,2026-01-20
DOC_S06911,S06911,Income Certificate,TPL_6162,Revenue Office,2026-01-20
DOC_S06912,S06912,Income Certificate,TPL_1443,Revenue Office,2026-01-20
DOC_S06913,S06913,Income Certificate,TPL_8875,Revenue Office,2026-01-20
DOC_S06914,S06914,Income Certificate,TPL_9076,Revenue Office,2026-01-20
DOC_S06915,S06915,Income Certificate,TPL_3886,Revenue Office,2026-01-20
DOC_S06916,S06916,Income Certificate,TPL_3369,Revenue Office,2026-01-20
DOC_S06917,S06917,Income Certificate,TPL_9274,Revenue Office,2026-01-20
DOC_S06918,S06918,Income Certificate,TPL_1175,Revenue Office,2026-01-20
DOC_S06919,S06919,Income Certificate,TPL_9530,Revenue Office,2026-01-20
DOC_S06920,S06920,Income Certificate,TPL_9773,Revenue Office,2026-01-20
DOC_S06921,S06921,Income Certificate,TPL_1431,Revenue Office,2026-01-20
DOC_S06922,S06922,Income Certificate,TPL_7149,Revenue Office,2026-01-20
DOC_S06923,S06923,Income Certificate,TPL_7081,Revenue Office,2026-01-20
DOC_S06924,S06924,Income Certificate,TPL_3254,Revenue Office,2026-01-20
DOC_S06925,S06925,Income Certificate,TPL_7809,Revenue Office,2026-01-20
DOC_S06926,S06926,Income Certificate,TPL_6563,Revenue Office,2026-01-20
DOC_S06927,S06927,Income Certificate,TPL_1207,Revenue Office,2026-01-20
DOC_S06928,S06928,Income Certificate,TPL_9255,Revenue Office,2026-01-20
DOC_S06929,S06929,Income Certificate,TPL_9894,Revenue Office,2026-01-20
DOC_S06930,S06930,Income Certificate,TPL_6732,Revenue Office,2026-01-20
DOC_S06931,S06931,Income Certificate,TPL_5229,Revenue Office,2026-01-20
DOC_S06932,S06932,Income Certificate,TPL_4611,Revenue Office,2026-01-20
DOC_S06933,S06933,Income Certificate,TPL_4747,Revenue Office,2026-01-20
DOC_S06934,S06934,Income Certificate,TPL_7483,Revenue Office,2026-01-20
DOC_S06935,S06935,Income Certificate,TPL_7273,Revenue Office,2026-01-20
DOC_S06936,S06936,Income Certificate,TPL_8716,Revenue Office,2026-01-20
DOC_S06937,S06937,Income Certificate,TPL_8413,Revenue Office,2026-01-20
DOC_S06938,S06938,Income Certificate,TPL_4314,Revenue Office,2026-01-20
DOC_S06939,S06939,Income Certificate,TPL_2731,Revenue Office,2026-01-20
DOC_S06940,S06940,Income Certificate,TPL_9775,Revenue Office,2026-01-20
DOC_S06941,S06941,Income Certificate,TPL_9560,Revenue Office,2026-01-20
DOC_S06942,S06942,Income Certificate,TPL_4227,Revenue Office,2026-01-20
DOC_S06943,S06943,Income Certificate,TPL_7953,Revenue Office,2026-01-20
DOC_S06944,S06944,Income Certificate,TPL_2479,Revenue Office,2026-01-20
DOC_S06945,S06945,Income Certificate,TPL_7004,Revenue Office,2026-01-20
DOC_S06946,S06946,Income Certificate,TPL_4718,Revenue Office,2026-01-20
DOC_S06947,S06947,Income Certificate,TPL_6178,Revenue Office,2026-01-20
DOC_S06948,S06948,Income Certificate,TPL_1570,Revenue Office,2026-01-20
DOC_S06949,S06949,Income Certificate,TPL_9262,Revenue Office,2026-01-20
DOC_S06950,S06950,Income Certificate,TPL_2067,Revenue Office,2026-01-20
DOC_S06951,S06951,Income Certificate,TPL_8352,Revenue Office,2026-01-20
DOC_S06952,S06952,Income Certificate,TPL_1243,Revenue Office,2026-01-20
DOC_S06953,S06953,Income Certificate,TPL_5516,Revenue Office,2026-01-20
DOC_S06954,S06954,Income Certificate,TPL_3717,Revenue Office,2026-01-20
DOC_S06955,S06955,Income Certificate,TPL_6498,Revenue Office,2026-01-20
DOC_S06956,S06956,Income Certificate,TPL_8401,Revenue Office,2026-01-20
DOC_S06957,S06957,Income Certificate,TPL_8654,Revenue Office,2026-01-20
DOC_S06958,S06958,Income Certificate,TPL_8743,Revenue Office,2026-01-20
DOC_S06959,S06959,Income Certificate,TPL_3405,Revenue Office,2026-01-20
DOC_S06960,S06960,Income Certificate,TPL_1037,Revenue Office,2026-01-20
DOC_S06961,S06961,Income Certificate,TPL_3737,Revenue Office,2026-01-20
DOC_S06962,S06962,Income Certificate,TPL_4893,Revenue Office,2026-01-20
DOC_S06963,S06963,Income Certificate,TPL_4181,Revenue Office,2026-01-20
DOC_S06964,S06964,Income Certificate,TPL_3383,Revenue Office,2026-01-20
DOC_S06965,S06965,Income Certificate,TPL_8652,Revenue Office,2026-01-20
DOC_S06966,S06966,Income Certificate,TPL_4645,Revenue Office,2026-01-20
DOC_S06967,S06967,Income Certificate,TPL_2345,Revenue Office,2026-01-20
DOC_S06968,S06968,Income Certificate,TPL_8529,Revenue Office,2026-01-20
DOC_S06969,S06969,Income Certificate,TPL_9768,Revenue Office,2026-01-20
DOC_S06970,S06970,Income Certificate,TPL_7466,Revenue Office,2026-01-20
DOC_S06971,S06971,Income Certificate,TPL_6990,Revenue Office,2026-01-20
DOC_S06972,S06972,Income Certificate,TPL_8184,Revenue Office,2026-01-20
DOC_S06973,S06973,Income Certificate,TPL_5069,Revenue Office,2026-01-20
DOC_S06974,S06974,Income Certificate,TPL_4059,Revenue Office,2026-01-20
DOC_S06975,S06975,Income Certificate,TPL_2404,Revenue Office,2026-01-20
DOC_S06976,S06976,Income Certificate,TPL_5545,Revenue Office,2026-01-20
DOC_S06977,S06977,Income Certificate,TPL_4594,Revenue Office,2026-01-20
DOC_S06978,S06978,Income Certificate,TPL_6637,Revenue Office,2026-01-20
DOC_S06979,S06979,Income Certificate,TPL_2818,Revenue Office,2026-01-20
DOC_S06980,S06980,Income Certificate,TPL_1974,Revenue Office,2026-01-20
DOC_S06981,S06981,Income Certificate,TPL_8834,Revenue Office,2026-01-20
DOC_S06982,S06982,Income Certificate,TPL_9815,Revenue Office,2026-01-20
DOC_S06983,S06983,Income Certificate,TPL_1838,Revenue Office,2026-01-20
DOC_S06984,S06984,Income Certificate,TPL_9151,Revenue Office,2026-01-20
DOC_S06985,S06985,Income Certificate,TPL_4383,Revenue Office,2026-01-20
DOC_S06986,S06986,Income Certificate,TPL_4895,Revenue Office,2026-01-20
DOC_S06987,S06987,Income Certificate,TPL_3744,Revenue Office,2026-01-20
DOC_S06988,S06988,Income Certificate,TPL_9511,Revenue Office,2026-01-20
DOC_S06989,S06989,Income Certificate,TPL_8684,Revenue Office,2026-01-20
DOC_S06990,S06990,Income Certificate,TPL_5615,Revenue Office,2026-01-20
DOC_S06991,S06991,Income Certificate,TPL_2075,Revenue Office,2026-01-20
DOC_S06992,S06992,Income Certificate,TPL_5278,Revenue Office,2026-01-20
DOC_S06993,S06993,Income Certificate,TPL_4361,Revenue Office,2026-01-20
DOC_S06994,S06994,Income Certificate,TPL_3494,Revenue Office,2026-01-20
DOC_S06995,S06995,Income Certificate,TPL_6563,Revenue Office,2026-01-20
DOC_S06996,S06996,Income Certificate,TPL_8349,Revenue Office,2026-01-20
DOC_S06997,S06997,Income Certificate,TPL_8371,Revenue Office,2026-01-20
DOC_S06998,S06998,Income Certificate,TPL_2834,Revenue Office,2026-01-20
DOC_S06999,S06999,Income Certificate,TPL_7865,Revenue Office,2026-01-20
DOC_S07000,S07000,Income Certificate,TPL_9085,Revenue Office,2026-01-20
DOC_S07001,S07001,Income Certificate,TPL_7232,Revenue Office,2026-01-20
DOC_S07002,S07002,Income Certificate,TPL_5806,Revenue Office,2026-01-20
DOC_S07003,S07003,Income Certificate,TPL_8988,Revenue Office,2026-01-20
DOC_S07004,S07004,Income Certificate,TPL_4338,Revenue Office,2026-01-20
DOC_S07005,S07005,Income Certificate,TPL_7692,Revenue Office,2026-01-20
DOC_S07006,S07006,Income Certificate,TPL_4594,Revenue Office,2026-01-20
DOC_S07007,S07007,Income Certificate,TPL_3586,Revenue Office,2026-01-20
DOC_S07008,S07008,Income Certificate,TPL_3321,Revenue Office,2026-01-20
DOC_S07009,S07009,Income Certificate,TPL_9535,Revenue Office,2026-01-20
DOC_S07010,S07010,Income Certificate,TPL_5364,Revenue Office,2026-01-20
DOC_S07011,S07011,Income Certificate,TPL_4093,Revenue Office,2026-01-20
DOC_S07012,S07012,Income Certificate,TPL_3864,Revenue Office,2026-01-20
DOC_S07013,S07013,Income Certificate,TPL_8013,Revenue Office,2026-01-20
DOC_S07014,S07014,Income Certificate,TPL_7684,Revenue Office,2026-01-20
DOC_S07015,S07015,Income Certificate,TPL_7768,Revenue Office,2026-01-20
DOC_S07016,S07016,Income Certificate,TPL_5854,Revenue Office,2026-01-20
DOC_S07017,S07017,Income Certificate,TPL_5805,Revenue Office,2026-01-20
DOC_S07018,S07018,Income Certificate,TPL_7920,Revenue Office,2026-01-20
DOC_S07019,S07019,Income Certificate,TPL_3192,Revenue Office,2026-01-20
DOC_S07020,S07020,Income Certificate,TPL_6284,Revenue Office,2026-01-20
DOC_S07021,S07021,Income Certificate,TPL_7875,Revenue Office,2026-01-20
DOC_S07022,S07022,Income Certificate,TPL_8515,Revenue Office,2026-01-20
DOC_S07023,S07023,Income Certificate,TPL_5486,Revenue Office,2026-01-20
DOC_S07024,S07024,Income Certificate,TPL_4403,Revenue Office,2026-01-20
DOC_S07025,S07025,Income Certificate,TPL_4859,Revenue Office,2026-01-20
DOC_S07026,S07026,Income Certificate,TPL_3060,Revenue Office,2026-01-20
DOC_S07027,S07027,Income Certificate,TPL_1844,Revenue Office,2026-01-20
DOC_S07028,S07028,Income Certificate,TPL_7331,Revenue Office,2026-01-20
DOC_S07029,S07029,Income Certificate,TPL_8779,Revenue Office,2026-01-20
DOC_S07030,S07030,Income Certificate,TPL_6262,Revenue Office,2026-01-20
DOC_S07031,S07031,Income Certificate,TPL_8978,Revenue Office,2026-01-20
DOC_S07032,S07032,Income Certificate,TPL_7119,Revenue Office,2026-01-20
DOC_S07033,S07033,Income Certificate,TPL_6491,Revenue Office,2026-01-20
DOC_S07034,S07034,Income Certificate,TPL_7190,Revenue Office,2026-01-20
DOC_S07035,S07035,Income Certificate,TPL_1283,Revenue Office,2026-01-20
DOC_S07036,S07036,Income Certificate,TPL_6854,Revenue Office,2026-01-20
DOC_S07037,S07037,Income Certificate,TPL_5924,Revenue Office,2026-01-20
DOC_S07038,S07038,Income Certificate,TPL_6889,Revenue Office,2026-01-20
DOC_S07039,S07039,Income Certificate,TPL_4701,Revenue Office,2026-01-20
DOC_S07040,S07040,Income Certificate,TPL_9148,Revenue Office,2026-01-20
DOC_S07041,S07041,Income Certificate,TPL_6216,Revenue Office,2026-01-20
DOC_S07042,S07042,Income Certificate,TPL_5065,Revenue Office,2026-01-20
DOC_S07043,S07043,Income Certificate,TPL_7625,Revenue Office,2026-01-20
DOC_S07044,S07044,Income Certificate,TPL_1816,Revenue Office,2026-01-20
DOC_S07045,S07045,Income Certificate,TPL_2653,Revenue Office,2026-01-20
DOC_S07046,S07046,Income Certificate,TPL_5723,Revenue Office,2026-01-20
DOC_S07047,S07047,Income Certificate,TPL_1752,Revenue Office,2026-01-20
DOC_S07048,S07048,Income Certificate,TPL_6801,Revenue Office,2026-01-20
DOC_S07049,S07049,Income Certificate,TPL_3986,Revenue Office,2026-01-20
DOC_S07050,S07050,Income Certificate,TPL_3906,Revenue Office,2026-01-20
DOC_S07051,S07051,Income Certificate,TPL_3532,Revenue Office,2026-01-20
DOC_S07052,S07052,Income Certificate,TPL_7372,Revenue Office,2026-01-20
DOC_S07053,S07053,Income Certificate,TPL_7803,Revenue Office,2026-01-20
DOC_S07054,S07054,Income Certificate,TPL_1654,Revenue Office,2026-01-20
DOC_S07055,S07055,Income Certificate,TPL_2209,Revenue Office,2026-01-20
DOC_S07056,S07056,Income Certificate,TPL_9891,Revenue Office,2026-01-20
DOC_S07057,S07057,Income Certificate,TPL_2541,Revenue Office,2026-01-20
DOC_S07058,S07058,Income Certificate,TPL_9345,Revenue Office,2026-01-20
DOC_S07059,S07059,Income Certificate,TPL_9723,Revenue Office,2026-01-20
DOC_S07060,S07060,Income Certificate,TPL_1892,Revenue Office,2026-01-20
DOC_S07061,S07061,Income Certificate,TPL_5065,Revenue Office,2026-01-20
DOC_S07062,S07062,Income Certificate,TPL_2480,Revenue Office,2026-01-20
DOC_S07063,S07063,Income Certificate,TPL_4680,Revenue Office,2026-01-20
DOC_S07064,S07064,Income Certificate,TPL_2810,Revenue Office,2026-01-20
DOC_S07065,S07065,Income Certificate,TPL_8642,Revenue Office,2026-01-20
DOC_S07066,S07066,Income Certificate,TPL_5847,Revenue Office,2026-01-20
DOC_S07067,S07067,Income Certificate,TPL_9212,Revenue Office,2026-01-20
DOC_S07068,S07068,Income Certificate,TPL_8808,Revenue Office,2026-01-20
DOC_S07069,S07069,Income Certificate,TPL_2478,Revenue Office,2026-01-20
DOC_S07070,S07070,Income Certificate,TPL_7718,Revenue Office,2026-01-20
DOC_S07071,S07071,Income Certificate,TPL_1413,Revenue Office,2026-01-20
DOC_S07072,S07072,Income Certificate,TPL_8360,Revenue Office,2026-01-20
DOC_S07073,S07073,Income Certificate,TPL_8738,Revenue Office,2026-01-20
DOC_S07074,S07074,Income Certificate,TPL_3874,Revenue Office,2026-01-20
DOC_S07075,S07075,Income Certificate,TPL_8747,Revenue Office,2026-01-20
DOC_S07076,S07076,Income Certificate,TPL_9600,Revenue Office,2026-01-20
DOC_S07077,S07077,Income Certificate,TPL_9701,Revenue Office,2026-01-20
DOC_S07078,S07078,Income Certificate,TPL_1052,Revenue Office,2026-01-20
DOC_S07079,S07079,Income Certificate,TPL_5488,Revenue Office,2026-01-20
DOC_S07080,S07080,Income Certificate,TPL_8304,Revenue Office,2026-01-20
DOC_S07081,S07081,Income Certificate,TPL_8879,Revenue Office,2026-01-20
DOC_S07082,S07082,Income Certificate,TPL_7100,Revenue Office,2026-01-20
DOC_S07083,S07083,Income Certificate,TPL_3686,Revenue Office,2026-01-20
DOC_S07084,S07084,Income Certificate,TPL_3835,Revenue Office,2026-01-20
DOC_S07085,S07085,Income Certificate,TPL_5688,Revenue Office,2026-01-20
DOC_S07086,S07086,Income Certificate,TPL_2419,Revenue Office,2026-01-20
DOC_S07087,S07087,Income Certificate,TPL_2290,Revenue Office,2026-01-20
DOC_S07088,S07088,Income Certificate,TPL_7129,Revenue Office,2026-01-20
DOC_S07089,S07089,Income Certificate,TPL_9319,Revenue Office,2026-01-20
DOC_S07090,S07090,Income Certificate,TPL_7405,Revenue Office,2026-01-20
DOC_S07091,S07091,Income Certificate,TPL_2254,Revenue Office,2026-01-20
DOC_S07092,S07092,Income Certificate,TPL_3056,Revenue Office,2026-01-20
DOC_S07093,S07093,Income Certificate,TPL_5761,Revenue Office,2026-01-20
DOC_S07094,S07094,Income Certificate,TPL_9503,Revenue Office,2026-01-20
DOC_S07095,S07095,Income Certificate,TPL_7518,Revenue Office,2026-01-20
DOC_S07096,S07096,Income Certificate,TPL_7978,Revenue Office,2026-01-20
DOC_S07097,S07097,Income Certificate,TPL_6463,Revenue Office,2026-01-20
DOC_S07098,S07098,Income Certificate,TPL_8103,Revenue Office,2026-01-20
DOC_S07099,S07099,Income Certificate,TPL_1378,Revenue Office,2026-01-20
DOC_S07100,S07100,Income Certificate,TPL_2081,Revenue Office,2026-01-20
DOC_S07101,S07101,Income Certificate,TPL_6569,Revenue Office,2026-01-20
DOC_S07102,S07102,Income Certificate,TPL_9766,Revenue Office,2026-01-20
DOC_S07103,S07103,Income Certificate,TPL_7739,Revenue Office,2026-01-20
DOC_S07104,S07104,Income Certificate,TPL_4145,Revenue Office,2026-01-20
DOC_S07105,S07105,Income Certificate,TPL_6637,Revenue Office,2026-01-20
DOC_S07106,S07106,Income Certificate,TPL_9962,Revenue Office,2026-01-20
DOC_S07107,S07107,Income Certificate,TPL_4098,Revenue Office,2026-01-20
DOC_S07108,S07108,Income Certificate,TPL_7490,Revenue Office,2026-01-20
DOC_S07109,S07109,Income Certificate,TPL_4326,Revenue Office,2026-01-20
DOC_S07110,S07110,Income Certificate,TPL_3969,Revenue Office,2026-01-20
DOC_S07111,S07111,Income Certificate,TPL_1244,Revenue Office,2026-01-20
DOC_S07112,S07112,Income Certificate,TPL_8743,Revenue Office,2026-01-20
DOC_S07113,S07113,Income Certificate,TPL_5265,Revenue Office,2026-01-20
DOC_S07114,S07114,Income Certificate,TPL_5891,Revenue Office,2026-01-20
DOC_S07115,S07115,Income Certificate,TPL_1479,Revenue Office,2026-01-20
DOC_S07116,S07116,Income Certificate,TPL_3764,Revenue Office,2026-01-20
DOC_S07117,S07117,Income Certificate,TPL_6177,Revenue Office,2026-01-20
DOC_S07118,S07118,Income Certificate,TPL_3069,Revenue Office,2026-01-20
DOC_S07119,S07119,Income Certificate,TPL_4020,Revenue Office,2026-01-20
DOC_S07120,S07120,Income Certificate,TPL_9422,Revenue Office,2026-01-20
DOC_S07121,S07121,Income Certificate,TPL_4559,Revenue Office,2026-01-20
DOC_S07122,S07122,Income Certificate,TPL_3163,Revenue Office,2026-01-20
DOC_S07123,S07123,Income Certificate,TPL_5589,Revenue Office,2026-01-20
DOC_S07124,S07124,Income Certificate,TPL_3801,Revenue Office,2026-01-20
DOC_S07125,S07125,Income Certificate,TPL_5795,Revenue Office,2026-01-20
DOC_S07126,S07126,Income Certificate,TPL_3459,Revenue Office,2026-01-20
DOC_S07127,S07127,Income Certificate,TPL_2721,Revenue Office,2026-01-20
DOC_S07128,S07128,Income Certificate,TPL_7550,Revenue Office,2026-01-20
DOC_S07129,S07129,Income Certificate,TPL_1772,Revenue Office,2026-01-20
DOC_S07130,S07130,Income Certificate,TPL_3982,Revenue Office,2026-01-20
DOC_S07131,S07131,Income Certificate,TPL_3021,Revenue Office,2026-01-20
DOC_S07132,S07132,Income Certificate,TPL_2118,Revenue Office,2026-01-20
DOC_S07133,S07133,Income Certificate,TPL_8256,Revenue Office,2026-01-20
DOC_S07134,S07134,Income Certificate,TPL_8813,Revenue Office,2026-01-20
DOC_S07135,S07135,Income Certificate,TPL_2271,Revenue Office,2026-01-20
DOC_S07136,S07136,Income Certificate,TPL_9103,Revenue Office,2026-01-20
DOC_S07137,S07137,Income Certificate,TPL_5876,Revenue Office,2026-01-20
DOC_S07138,S07138,Income Certificate,TPL_2593,Revenue Office,2026-01-20
DOC_S07139,S07139,Income Certificate,TPL_5601,Revenue Office,2026-01-20
DOC_S07140,S07140,Income Certificate,TPL_2302,Revenue Office,2026-01-20
DOC_S07141,S07141,Income Certificate,TPL_8819,Revenue Office,2026-01-20
DOC_S07142,S07142,Income Certificate,TPL_7915,Revenue Office,2026-01-20
DOC_S07143,S07143,Income Certificate,TPL_7438,Revenue Office,2026-01-20
DOC_S07144,S07144,Income Certificate,TPL_2812,Revenue Office,2026-01-20
DOC_S07145,S07145,Income Certificate,TPL_2965,Revenue Office,2026-01-20
DOC_S07146,S07146,Income Certificate,TPL_1864,Revenue Office,2026-01-20
DOC_S07147,S07147,Income Certificate,TPL_1939,Revenue Office,2026-01-20
DOC_S07148,S07148,Income Certificate,TPL_1543,Revenue Office,2026-01-20
DOC_S07149,S07149,Income Certificate,TPL_6437,Revenue Office,2026-01-20
DOC_S07150,S07150,Income Certificate,TPL_1612,Revenue Office,2026-01-20
DOC_S07151,S07151,Income Certificate,TPL_6449,Revenue Office,2026-01-20
DOC_S07152,S07152,Income Certificate,TPL_6519,Revenue Office,2026-01-20
DOC_S07153,S07153,Income Certificate,TPL_2822,Revenue Office,2026-01-20
DOC_S07154,S07154,Income Certificate,TPL_2788,Revenue Office,2026-01-20
DOC_S07155,S07155,Income Certificate,TPL_4273,Revenue Office,2026-01-20
DOC_S07156,S07156,Income Certificate,TPL_7855,Revenue Office,2026-01-20
DOC_S07157,S07157,Income Certificate,TPL_2936,Revenue Office,2026-01-20
DOC_S07158,S07158,Income Certificate,TPL_1681,Revenue Office,2026-01-20
DOC_S07159,S07159,Income Certificate,TPL_2920,Revenue Office,2026-01-20
DOC_S07160,S07160,Income Certificate,TPL_7360,Revenue Office,2026-01-20
DOC_S07161,S07161,Income Certificate,TPL_5521,Revenue Office,2026-01-20
DOC_S07162,S07162,Income Certificate,TPL_2848,Revenue Office,2026-01-20
DOC_S07163,S07163,Income Certificate,TPL_7974,Revenue Office,2026-01-20
DOC_S07164,S07164,Income Certificate,TPL_4458,Revenue Office,2026-01-20
DOC_S07165,S07165,Income Certificate,TPL_8345,Revenue Office,2026-01-20
DOC_S07166,S07166,Income Certificate,TPL_9294,Revenue Office,2026-01-20
DOC_S07167,S07167,Income Certificate,TPL_1074,Revenue Office,2026-01-20
DOC_S07168,S07168,Income Certificate,TPL_6140,Revenue Office,2026-01-20
DOC_S07169,S07169,Income Certificate,TPL_9504,Revenue Office,2026-01-20
DOC_S07170,S07170,Income Certificate,TPL_2301,Revenue Office,2026-01-20
DOC_S07171,S07171,Income Certificate,TPL_8289,Revenue Office,2026-01-20
DOC_S07172,S07172,Income Certificate,TPL_1225,Revenue Office,2026-01-20
DOC_S07173,S07173,Income Certificate,TPL_4369,Revenue Office,2026-01-20
DOC_S07174,S07174,Income Certificate,TPL_4797,Revenue Office,2026-01-20
DOC_S07175,S07175,Income Certificate,TPL_7422,Revenue Office,2026-01-20
DOC_S07176,S07176,Income Certificate,TPL_5844,Revenue Office,2026-01-20
DOC_S07177,S07177,Income Certificate,TPL_4147,Revenue Office,2026-01-20
DOC_S07178,S07178,Income Certificate,TPL_9457,Revenue Office,2026-01-20
DOC_S07179,S07179,Income Certificate,TPL_6695,Revenue Office,2026-01-20
DOC_S07180,S07180,Income Certificate,TPL_6082,Revenue Office,2026-01-20
DOC_S07181,S07181,Income Certificate,TPL_8326,Revenue Office,2026-01-20
DOC_S07182,S07182,Income Certificate,TPL_2806,Revenue Office,2026-01-20
DOC_S07183,S07183,Income Certificate,TPL_2921,Revenue Office,2026-01-20
DOC_S07184,S07184,Income Certificate,TPL_7104,Revenue Office,2026-01-20
DOC_S07185,S07185,Income Certificate,TPL_7414,Revenue Office,2026-01-20
DOC_S07186,S07186,Income Certificate,TPL_4159,Revenue Office,2026-01-20
DOC_S07187,S07187,Income Certificate,TPL_4588,Revenue Office,2026-01-20
DOC_S07188,S07188,Income Certificate,TPL_2359,Revenue Office,2026-01-20
DOC_S07189,S07189,Income Certificate,TPL_8633,Revenue Office,2026-01-20
DOC_S07190,S07190,Income Certificate,TPL_6150,Revenue Office,2026-01-20
DOC_S07191,S07191,Income Certificate,TPL_5644,Revenue Office,2026-01-20
DOC_S07192,S07192,Income Certificate,TPL_5823,Revenue Office,2026-01-20
DOC_S07193,S07193,Income Certificate,TPL_7588,Revenue Office,2026-01-20
DOC_S07194,S07194,Income Certificate,TPL_4530,Revenue Office,2026-01-20
DOC_S07195,S07195,Income Certificate,TPL_3172,Revenue Office,2026-01-20
DOC_S07196,S07196,Income Certificate,TPL_5422,Revenue Office,2026-01-20
DOC_S07197,S07197,Income Certificate,TPL_7441,Revenue Office,2026-01-20
DOC_S07198,S07198,Income Certificate,TPL_2909,Revenue Office,2026-01-20
DOC_S07199,S07199,Income Certificate,TPL_6439,Revenue Office,2026-01-20
DOC_S07200,S07200,Income Certificate,TPL_8571,Revenue Office,2026-01-20
DOC_S07201,S07201,Income Certificate,TPL_8388,Revenue Office,2026-01-20
DOC_S07202,S07202,Income Certificate,TPL_5227,Revenue Office,2026-01-20
DOC_S07203,S07203,Income Certificate,TPL_6248,Revenue Office,2026-01-20
DOC_S07204,S07204,Income Certificate,TPL_5263,Revenue Office,2026-01-20
DOC_S07205,S07205,Income Certificate,TPL_2876,Revenue Office,2026-01-20
DOC_S07206,S07206,Income Certificate,TPL_8104,Revenue Office,2026-01-20
DOC_S07207,S07207,Income Certificate,TPL_7924,Revenue Office,2026-01-20
DOC_S07208,S07208,Income Certificate,TPL_2008,Revenue Office,2026-01-20
DOC_S07209,S07209,Income Certificate,TPL_9853,Revenue Office,2026-01-20
DOC_S07210,S07210,Income Certificate,TPL_8443,Revenue Office,2026-01-20
DOC_S07211,S07211,Income Certificate,TPL_3399,Revenue Office,2026-01-20
DOC_S07212,S07212,Income Certificate,TPL_5065,Revenue Office,2026-01-20
DOC_S07213,S07213,Income Certificate,TPL_7302,Revenue Office,2026-01-20
DOC_S07214,S07214,Income Certificate,TPL_9201,Revenue Office,2026-01-20
DOC_S07215,S07215,Income Certificate,TPL_1846,Revenue Office,2026-01-20
DOC_S07216,S07216,Income Certificate,TPL_6413,Revenue Office,2026-01-20
DOC_S07217,S07217,Income Certificate,TPL_6061,Revenue Office,2026-01-20
DOC_S07218,S07218,Income Certificate,TPL_4831,Revenue Office,2026-01-20
DOC_S07219,S07219,Income Certificate,TPL_7912,Revenue Office,2026-01-20
DOC_S07220,S07220,Income Certificate,TPL_2191,Revenue Office,2026-01-20
DOC_S07221,S07221,Income Certificate,TPL_1720,Revenue Office,2026-01-20
DOC_S07222,S07222,Income Certificate,TPL_6176,Revenue Office,2026-01-20
DOC_S07223,S07223,Income Certificate,TPL_2417,Revenue Office,2026-01-20
DOC_S07224,S07224,Income Certificate,TPL_6594,Revenue Office,2026-01-20
DOC_S07225,S07225,Income Certificate,TPL_8724,Revenue Office,2026-01-20
DOC_S07226,S07226,Income Certificate,TPL_9307,Revenue Office,2026-01-20
DOC_S07227,S07227,Income Certificate,TPL_2177,Revenue Office,2026-01-20
DOC_S07228,S07228,Income Certificate,TPL_1668,Revenue Office,2026-01-20
DOC_S07229,S07229,Income Certificate,TPL_6216,Revenue Office,2026-01-20
DOC_S07230,S07230,Income Certificate,TPL_2114,Revenue Office,2026-01-20
DOC_S07231,S07231,Income Certificate,TPL_9548,Revenue Office,2026-01-20
DOC_S07232,S07232,Income Certificate,TPL_7189,Revenue Office,2026-01-20
DOC_S07233,S07233,Income Certificate,TPL_5124,Revenue Office,2026-01-20
DOC_S07234,S07234,Income Certificate,TPL_3145,Revenue Office,2026-01-20
DOC_S07235,S07235,Income Certificate,TPL_4517,Revenue Office,2026-01-20
DOC_S07236,S07236,Income Certificate,TPL_2913,Revenue Office,2026-01-20
DOC_S07237,S07237,Income Certificate,TPL_9559,Revenue Office,2026-01-20
DOC_S07238,S07238,Income Certificate,TPL_5350,Revenue Office,2026-01-20
DOC_S07239,S07239,Income Certificate,TPL_9293,Revenue Office,2026-01-20
DOC_S07240,S07240,Income Certificate,TPL_4090,Revenue Office,2026-01-20
DOC_S07241,S07241,Income Certificate,TPL_7820,Revenue Office,2026-01-20
DOC_S07242,S07242,Income Certificate,TPL_5770,Revenue Office,2026-01-20
DOC_S07243,S07243,Income Certificate,TPL_2022,Revenue Office,2026-01-20
DOC_S07244,S07244,Income Certificate,TPL_3173,Revenue Office,2026-01-20
DOC_S07245,S07245,Income Certificate,TPL_6340,Revenue Office,2026-01-20
DOC_S07246,S07246,Income Certificate,TPL_1854,Revenue Office,2026-01-20
DOC_S07247,S07247,Income Certificate,TPL_8285,Revenue Office,2026-01-20
DOC_S07248,S07248,Income Certificate,TPL_9553,Revenue Office,2026-01-20
DOC_S07249,S07249,Income Certificate,TPL_6285,Revenue Office,2026-01-20
DOC_S07250,S07250,Income Certificate,TPL_9132,Revenue Office,2026-01-20
DOC_S07251,S07251,Income Certificate,TPL_9408,Revenue Office,2026-01-20
DOC_S07252,S07252,Income Certificate,TPL_3298,Revenue Office,2026-01-20
DOC_S07253,S07253,Income Certificate,TPL_6343,Revenue Office,2026-01-20
DOC_S07254,S07254,Income Certificate,TPL_4737,Revenue Office,2026-01-20
DOC_S07255,S07255,Income Certificate,TPL_4925,Revenue Office,2026-01-20
DOC_S07256,S07256,Income Certificate,TPL_7192,Revenue Office,2026-01-20
DOC_S07257,S07257,Income Certificate,TPL_7156,Revenue Office,2026-01-20
DOC_S07258,S07258,Income Certificate,TPL_4161,Revenue Office,2026-01-20
DOC_S07259,S07259,Income Certificate,TPL_4722,Revenue Office,2026-01-20
DOC_S07260,S07260,Income Certificate,TPL_7343,Revenue Office,2026-01-20
DOC_S07261,S07261,Income Certificate,TPL_2093,Revenue Office,2026-01-20
DOC_S07262,S07262,Income Certificate,TPL_7329,Revenue Office,2026-01-20
DOC_S07263,S07263,Income Certificate,TPL_8668,Revenue Office,2026-01-20
DOC_S07264,S07264,Income Certificate,TPL_6046,Revenue Office,2026-01-20
DOC_S07265,S07265,Income Certificate,TPL_5295,Revenue Office,2026-01-20
DOC_S07266,S07266,Income Certificate,TPL_6914,Revenue Office,2026-01-20
DOC_S07267,S07267,Income Certificate,TPL_5247,Revenue Office,2026-01-20
DOC_S07268,S07268,Income Certificate,TPL_2778,Revenue Office,2026-01-20
DOC_S07269,S07269,Income Certificate,TPL_3029,Revenue Office,2026-01-20
DOC_S07270,S07270,Income Certificate,TPL_1886,Revenue Office,2026-01-20
DOC_S07271,S07271,Income Certificate,TPL_2701,Revenue Office,2026-01-20
DOC_S07272,S07272,Income Certificate,TPL_4494,Revenue Office,2026-01-20
DOC_S07273,S07273,Income Certificate,TPL_3649,Revenue Office,2026-01-20
DOC_S07274,S07274,Income Certificate,TPL_9939,Revenue Office,2026-01-20
DOC_S07275,S07275,Income Certificate,TPL_1137,Revenue Office,2026-01-20
DOC_S07276,S07276,Income Certificate,TPL_9196,Revenue Office,2026-01-20
DOC_S07277,S07277,Income Certificate,TPL_6642,Revenue Office,2026-01-20
DOC_S07278,S07278,Income Certificate,TPL_4043,Revenue Office,2026-01-20
DOC_S07279,S07279,Income Certificate,TPL_1605,Revenue Office,2026-01-20
DOC_S07280,S07280,Income Certificate,TPL_6502,Revenue Office,2026-01-20
DOC_S07281,S07281,Income Certificate,TPL_9827,Revenue Office,2026-01-20
DOC_S07282,S07282,Income Certificate,TPL_3823,Revenue Office,2026-01-20
DOC_S07283,S07283,Income Certificate,TPL_7684,Revenue Office,2026-01-20
DOC_S07284,S07284,Income Certificate,TPL_1960,Revenue Office,2026-01-20
DOC_S07285,S07285,Income Certificate,TPL_3881,Revenue Office,2026-01-20
DOC_S07286,S07286,Income Certificate,TPL_6765,Revenue Office,2026-01-20
DOC_S07287,S07287,Income Certificate,TPL_9750,Revenue Office,2026-01-20
DOC_S07288,S07288,Income Certificate,TPL_5656,Revenue Office,2026-01-20
DOC_S07289,S07289,Income Certificate,TPL_1594,Revenue Office,2026-01-20
DOC_S07290,S07290,Income Certificate,TPL_8621,Revenue Office,2026-01-20
DOC_S07291,S07291,Income Certificate,TPL_1879,Revenue Office,2026-01-20
DOC_S07292,S07292,Income Certificate,TPL_2461,Revenue Office,2026-01-20
DOC_S07293,S07293,Income Certificate,TPL_6835,Revenue Office,2026-01-20
DOC_S07294,S07294,Income Certificate,TPL_6434,Revenue Office,2026-01-20
DOC_S07295,S07295,Income Certificate,TPL_6512,Revenue Office,2026-01-20
DOC_S07296,S07296,Income Certificate,TPL_3202,Revenue Office,2026-01-20
DOC_S07297,S07297,Income Certificate,TPL_1757,Revenue Office,2026-01-20
DOC_S07298,S07298,Income Certificate,TPL_5196,Revenue Office,2026-01-20
DOC_S07299,S07299,Income Certificate,TPL_2802,Revenue Office,2026-01-20
DOC_S07300,S07300,Income Certificate,TPL_4439,Revenue Office,2026-01-20
DOC_S07301,S07301,Income Certificate,TPL_5588,Revenue Office,2026-01-20
DOC_S07302,S07302,Income Certificate,TPL_4031,Revenue Office,2026-01-20
DOC_S07303,S07303,Income Certificate,TPL_7946,Revenue Office,2026-01-20
DOC_S07304,S07304,Income Certificate,TPL_8191,Revenue Office,2026-01-20
DOC_S07305,S07305,Income Certificate,TPL_9855,Revenue Office,2026-01-20
DOC_S07306,S07306,Income Certificate,TPL_1535,Revenue Office,2026-01-20
DOC_S07307,S07307,Income Certificate,TPL_5632,Revenue Office,2026-01-20
DOC_S07308,S07308,Income Certificate,TPL_8522,Revenue Office,2026-01-20
DOC_S07309,S07309,Income Certificate,TPL_4068,Revenue Office,2026-01-20
DOC_S07310,S07310,Income Certificate,TPL_8977,Revenue Office,2026-01-20
DOC_S07311,S07311,Income Certificate,TPL_4842,Revenue Office,2026-01-20
DOC_S07312,S07312,Income Certificate,TPL_3134,Revenue Office,2026-01-20
DOC_S07313,S07313,Income Certificate,TPL_8893,Revenue Office,2026-01-20
DOC_S07314,S07314,Income Certificate,TPL_6389,Revenue Office,2026-01-20
DOC_S07315,S07315,Income Certificate,TPL_6426,Revenue Office,2026-01-20
DOC_S07316,S07316,Income Certificate,TPL_5977,Revenue Office,2026-01-20
DOC_S07317,S07317,Income Certificate,TPL_9417,Revenue Office,2026-01-20
DOC_S07318,S07318,Income Certificate,TPL_9772,Revenue Office,2026-01-20
DOC_S07319,S07319,Income Certificate,TPL_4828,Revenue Office,2026-01-20
DOC_S07320,S07320,Income Certificate,TPL_9904,Revenue Office,2026-01-20
DOC_S07321,S07321,Income Certificate,TPL_3764,Revenue Office,2026-01-20
DOC_S07322,S07322,Income Certificate,TPL_9805,Revenue Office,2026-01-20
DOC_S07323,S07323,Income Certificate,TPL_8189,Revenue Office,2026-01-20
DOC_S07324,S07324,Income Certificate,TPL_3185,Revenue Office,2026-01-20
DOC_S07325,S07325,Income Certificate,TPL_1002,Revenue Office,2026-01-20
DOC_S07326,S07326,Income Certificate,TPL_1029,Revenue Office,2026-01-20
DOC_S07327,S07327,Income Certificate,TPL_5710,Revenue Office,2026-01-20
DOC_S07328,S07328,Income Certificate,TPL_3930,Revenue Office,2026-01-20
DOC_S07329,S07329,Income Certificate,TPL_9851,Revenue Office,2026-01-20
DOC_S07330,S07330,Income Certificate,TPL_3819,Revenue Office,2026-01-20
DOC_S07331,S07331,Income Certificate,TPL_6561,Revenue Office,2026-01-20
DOC_S07332,S07332,Income Certificate,TPL_9850,Revenue Office,2026-01-20
DOC_S07333,S07333,Income Certificate,TPL_8673,Revenue Office,2026-01-20
DOC_S07334,S07334,Income Certificate,TPL_2680,Revenue Office,2026-01-20
DOC_S07335,S07335,Income Certificate,TPL_1020,Revenue Office,2026-01-20
DOC_S07336,S07336,Income Certificate,TPL_7233,Revenue Office,2026-01-20
DOC_S07337,S07337,Income Certificate,TPL_3377,Revenue Office,2026-01-20
DOC_S07338,S07338,Income Certificate,TPL_1841,Revenue Office,2026-01-20
DOC_S07339,S07339,Income Certificate,TPL_8285,Revenue Office,2026-01-20
DOC_S07340,S07340,Income Certificate,TPL_1356,Revenue Office,2026-01-20
DOC_S07341,S07341,Income Certificate,TPL_8506,Revenue Office,2026-01-20
DOC_S07342,S07342,Income Certificate,TPL_2897,Revenue Office,2026-01-20
DOC_S07343,S07343,Income Certificate,TPL_5392,Revenue Office,2026-01-20
DOC_S07344,S07344,Income Certificate,TPL_8074,Revenue Office,2026-01-20
DOC_S07345,S07345,Income Certificate,TPL_6444,Revenue Office,2026-01-20
DOC_S07346,S07346,Income Certificate,TPL_8762,Revenue Office,2026-01-20
DOC_S07347,S07347,Income Certificate,TPL_7557,Revenue Office,2026-01-20
DOC_S07348,S07348,Income Certificate,TPL_9919,Revenue Office,2026-01-20
DOC_S07349,S07349,Income Certificate,TPL_2931,Revenue Office,2026-01-20
DOC_S07350,S07350,Income Certificate,TPL_6951,Revenue Office,2026-01-20
DOC_S07351,S07351,Income Certificate,TPL_8161,Revenue Office,2026-01-20
DOC_S07352,S07352,Income Certificate,TPL_1569,Revenue Office,2026-01-20
DOC_S07353,S07353,Income Certificate,TPL_1286,Revenue Office,2026-01-20
DOC_S07354,S07354,Income Certificate,TPL_4453,Revenue Office,2026-01-20
DOC_S07355,S07355,Income Certificate,TPL_3304,Revenue Office,2026-01-20
DOC_S07356,S07356,Income Certificate,TPL_4597,Revenue Office,2026-01-20
DOC_S07357,S07357,Income Certificate,TPL_5670,Revenue Office,2026-01-20
DOC_S07358,S07358,Income Certificate,TPL_3634,Revenue Office,2026-01-20
DOC_S07359,S07359,Income Certificate,TPL_8111,Revenue Office,2026-01-20
DOC_S07360,S07360,Income Certificate,TPL_1007,Revenue Office,2026-01-20
DOC_S07361,S07361,Income Certificate,TPL_5838,Revenue Office,2026-01-20
DOC_S07362,S07362,Income Certificate,TPL_5335,Revenue Office,2026-01-20
DOC_S07363,S07363,Income Certificate,TPL_3435,Revenue Office,2026-01-20
DOC_S07364,S07364,Income Certificate,TPL_7818,Revenue Office,2026-01-20
DOC_S07365,S07365,Income Certificate,TPL_9335,Revenue Office,2026-01-20
DOC_S07366,S07366,Income Certificate,TPL_7392,Revenue Office,2026-01-20
DOC_S07367,S07367,Income Certificate,TPL_3820,Revenue Office,2026-01-20
DOC_S07368,S07368,Income Certificate,TPL_5660,Revenue Office,2026-01-20
DOC_S07369,S07369,Income Certificate,TPL_8696,Revenue Office,2026-01-20
DOC_S07370,S07370,Income Certificate,TPL_1598,Revenue Office,2026-01-20
DOC_S07371,S07371,Income Certificate,TPL_6068,Revenue Office,2026-01-20
DOC_S07372,S07372,Income Certificate,TPL_6107,Revenue Office,2026-01-20
DOC_S07373,S07373,Income Certificate,TPL_4337,Revenue Office,2026-01-20
DOC_S07374,S07374,Income Certificate,TPL_3926,Revenue Office,2026-01-20
DOC_S07375,S07375,Income Certificate,TPL_8131,Revenue Office,2026-01-20
DOC_S07376,S07376,Income Certificate,TPL_9156,Revenue Office,2026-01-20
DOC_S07377,S07377,Income Certificate,TPL_8529,Revenue Office,2026-01-20
DOC_S07378,S07378,Income Certificate,TPL_3562,Revenue Office,2026-01-20
DOC_S07379,S07379,Income Certificate,TPL_5301,Revenue Office,2026-01-20
DOC_S07380,S07380,Income Certificate,TPL_5935,Revenue Office,2026-01-20
DOC_S07381,S07381,Income Certificate,TPL_9509,Revenue Office,2026-01-20
DOC_S07382,S07382,Income Certificate,TPL_7451,Revenue Office,2026-01-20
DOC_S07383,S07383,Income Certificate,TPL_9897,Revenue Office,2026-01-20
DOC_S07384,S07384,Income Certificate,TPL_6964,Revenue Office,2026-01-20
DOC_S07385,S07385,Income Certificate,TPL_1463,Revenue Office,2026-01-20
DOC_S07386,S07386,Income Certificate,TPL_2600,Revenue Office,2026-01-20
DOC_S07387,S07387,Income Certificate,TPL_5763,Revenue Office,2026-01-20
DOC_S07388,S07388,Income Certificate,TPL_9565,Revenue Office,2026-01-20
DOC_S07389,S07389,Income Certificate,TPL_9219,Revenue Office,2026-01-20
DOC_S07390,S07390,Income Certificate,TPL_5608,Revenue Office,2026-01-20
DOC_S07391,S07391,Income Certificate,TPL_2018,Revenue Office,2026-01-20
DOC_S07392,S07392,Income Certificate,TPL_8294,Revenue Office,2026-01-20
DOC_S07393,S07393,Income Certificate,TPL_3265,Revenue Office,2026-01-20
DOC_S07394,S07394,Income Certificate,TPL_8547,Revenue Office,2026-01-20
DOC_S07395,S07395,Income Certificate,TPL_6462,Revenue Office,2026-01-20
DOC_S07396,S07396,Income Certificate,TPL_4346,Revenue Office,2026-01-20
DOC_S07397,S07397,Income Certificate,TPL_4184,Revenue Office,2026-01-20
DOC_S07398,S07398,Income Certificate,TPL_2128,Revenue Office,2026-01-20
DOC_S07399,S07399,Income Certificate,TPL_1544,Revenue Office,2026-01-20
DOC_S07400,S07400,Income Certificate,TPL_1820,Revenue Office,2026-01-20
DOC_S07401,S07401,Income Certificate,TPL_6013,Revenue Office,2026-01-20
DOC_S07402,S07402,Income Certificate,TPL_7659,Revenue Office,2026-01-20
DOC_S07403,S07403,Income Certificate,TPL_1283,Revenue Office,2026-01-20
DOC_S07404,S07404,Income Certificate,TPL_4111,Revenue Office,2026-01-20
DOC_S07405,S07405,Income Certificate,TPL_4239,Revenue Office,2026-01-20
DOC_S07406,S07406,Income Certificate,TPL_9638,Revenue Office,2026-01-20
DOC_S07407,S07407,Income Certificate,TPL_4650,Revenue Office,2026-01-20
DOC_S07408,S07408,Income Certificate,TPL_8398,Revenue Office,2026-01-20
DOC_S07409,S07409,Income Certificate,TPL_1892,Revenue Office,2026-01-20
DOC_S07410,S07410,Income Certificate,TPL_5761,Revenue Office,2026-01-20
DOC_S07411,S07411,Income Certificate,TPL_5352,Revenue Office,2026-01-20
DOC_S07412,S07412,Income Certificate,TPL_9386,Revenue Office,2026-01-20
DOC_S07413,S07413,Income Certificate,TPL_8458,Revenue Office,2026-01-20
DOC_S07414,S07414,Income Certificate,TPL_1811,Revenue Office,2026-01-20
DOC_S07415,S07415,Income Certificate,TPL_6909,Revenue Office,2026-01-20
DOC_S07416,S07416,Income Certificate,TPL_1652,Revenue Office,2026-01-20
DOC_S07417,S07417,Income Certificate,TPL_4228,Revenue Office,2026-01-20
DOC_S07418,S07418,Income Certificate,TPL_4789,Revenue Office,2026-01-20
DOC_S07419,S07419,Income Certificate,TPL_6079,Revenue Office,2026-01-20
DOC_S07420,S07420,Income Certificate,TPL_2762,Revenue Office,2026-01-20
DOC_S07421,S07421,Income Certificate,TPL_1650,Revenue Office,2026-01-20
DOC_S07422,S07422,Income Certificate,TPL_5580,Revenue Office,2026-01-20
DOC_S07423,S07423,Income Certificate,TPL_2939,Revenue Office,2026-01-20
DOC_S07424,S07424,Income Certificate,TPL_6572,Revenue Office,2026-01-20
DOC_S07425,S07425,Income Certificate,TPL_7407,Revenue Office,2026-01-20
DOC_S07426,S07426,Income Certificate,TPL_3726,Revenue Office,2026-01-20
DOC_S07427,S07427,Income Certificate,TPL_6702,Revenue Office,2026-01-20
DOC_S07428,S07428,Income Certificate,TPL_3312,Revenue Office,2026-01-20
DOC_S07429,S07429,Income Certificate,TPL_7861,Revenue Office,2026-01-20
DOC_S07430,S07430,Income Certificate,TPL_9040,Revenue Office,2026-01-20
DOC_S07431,S07431,Income Certificate,TPL_2681,Revenue Office,2026-01-20
DOC_S07432,S07432,Income Certificate,TPL_5397,Revenue Office,2026-01-20
DOC_S07433,S07433,Income Certificate,TPL_1826,Revenue Office,2026-01-20
DOC_S07434,S07434,Income Certificate,TPL_9494,Revenue Office,2026-01-20
DOC_S07435,S07435,Income Certificate,TPL_8105,Revenue Office,2026-01-20
DOC_S07436,S07436,Income Certificate,TPL_8611,Revenue Office,2026-01-20
DOC_S07437,S07437,Income Certificate,TPL_6937,Revenue Office,2026-01-20
DOC_S07438,S07438,Income Certificate,TPL_8393,Revenue Office,2026-01-20
DOC_S07439,S07439,Income Certificate,TPL_3131,Revenue Office,2026-01-20
DOC_S07440,S07440,Income Certificate,TPL_3837,Revenue Office,2026-01-20
DOC_S07441,S07441,Income Certificate,TPL_3389,Revenue Office,2026-01-20
DOC_S07442,S07442,Income Certificate,TPL_2524,Revenue Office,2026-01-20
DOC_S07443,S07443,Income Certificate,TPL_8097,Revenue Office,2026-01-20
DOC_S07444,S07444,Income Certificate,TPL_1583,Revenue Office,2026-01-20
DOC_S07445,S07445,Income Certificate,TPL_3480,Revenue Office,2026-01-20
DOC_S07446,S07446,Income Certificate,TPL_1623,Revenue Office,2026-01-20
DOC_S07447,S07447,Income Certificate,TPL_8206,Revenue Office,2026-01-20
DOC_S07448,S07448,Income Certificate,TPL_9317,Revenue Office,2026-01-20
DOC_S07449,S07449,Income Certificate,TPL_8791,Revenue Office,2026-01-20
DOC_S07450,S07450,Income Certificate,TPL_9953,Revenue Office,2026-01-20
DOC_S07451,S07451,Income Certificate,TPL_9658,Revenue Office,2026-01-20
DOC_S07452,S07452,Income Certificate,TPL_8584,Revenue Office,2026-01-20
DOC_S07453,S07453,Income Certificate,TPL_8981,Revenue Office,2026-01-20
DOC_S07454,S07454,Income Certificate,TPL_9452,Revenue Office,2026-01-20
DOC_S07455,S07455,Income Certificate,TPL_4362,Revenue Office,2026-01-20
DOC_S07456,S07456,Income Certificate,TPL_9295,Revenue Office,2026-01-20
DOC_S07457,S07457,Income Certificate,TPL_1294,Revenue Office,2026-01-20
DOC_S07458,S07458,Income Certificate,TPL_3660,Revenue Office,2026-01-20
DOC_S07459,S07459,Income Certificate,TPL_9180,Revenue Office,2026-01-20
DOC_S07460,S07460,Income Certificate,TPL_1292,Revenue Office,2026-01-20
DOC_S07461,S07461,Income Certificate,TPL_9266,Revenue Office,2026-01-20
DOC_S07462,S07462,Income Certificate,TPL_3318,Revenue Office,2026-01-20
DOC_S07463,S07463,Income Certificate,TPL_9054,Revenue Office,2026-01-20
DOC_S07464,S07464,Income Certificate,TPL_6236,Revenue Office,2026-01-20
DOC_S07465,S07465,Income Certificate,TPL_8967,Revenue Office,2026-01-20
DOC_S07466,S07466,Income Certificate,TPL_8812,Revenue Office,2026-01-20
DOC_S07467,S07467,Income Certificate,TPL_2606,Revenue Office,2026-01-20
DOC_S07468,S07468,Income Certificate,TPL_1168,Revenue Office,2026-01-20
DOC_S07469,S07469,Income Certificate,TPL_4401,Revenue Office,2026-01-20
DOC_S07470,S07470,Income Certificate,TPL_8803,Revenue Office,2026-01-20
DOC_S07471,S07471,Income Certificate,TPL_7821,Revenue Office,2026-01-20
DOC_S07472,S07472,Income Certificate,TPL_4862,Revenue Office,2026-01-20
DOC_S07473,S07473,Income Certificate,TPL_8131,Revenue Office,2026-01-20
DOC_S07474,S07474,Income Certificate,TPL_3134,Revenue Office,2026-01-20
DOC_S07475,S07475,Income Certificate,TPL_2829,Revenue Office,2026-01-20
DOC_S07476,S07476,Income Certificate,TPL_1623,Revenue Office,2026-01-20
DOC_S07477,S07477,Income Certificate,TPL_3640,Revenue Office,2026-01-20
DOC_S07478,S07478,Income Certificate,TPL_8953,Revenue Office,2026-01-20
DOC_S07479,S07479,Income Certificate,TPL_9592,Revenue Office,2026-01-20
DOC_S07480,S07480,Income Certificate,TPL_5758,Revenue Office,2026-01-20
DOC_S07481,S07481,Income Certificate,TPL_1025,Revenue Office,2026-01-20
DOC_S07482,S07482,Income Certificate,TPL_9047,Revenue Office,2026-01-20
DOC_S07483,S07483,Income Certificate,TPL_8194,Revenue Office,2026-01-20
DOC_S07484,S07484,Income Certificate,TPL_7218,Revenue Office,2026-01-20
DOC_S07485,S07485,Income Certificate,TPL_3637,Revenue Office,2026-01-20
DOC_S07486,S07486,Income Certificate,TPL_3817,Revenue Office,2026-01-20
DOC_S07487,S07487,Income Certificate,TPL_9243,Revenue Office,2026-01-20
DOC_S07488,S07488,Income Certificate,TPL_3894,Revenue Office,2026-01-20
DOC_S07489,S07489,Income Certificate,TPL_3781,Revenue Office,2026-01-20
DOC_S07490,S07490,Income Certificate,TPL_6651,Revenue Office,2026-01-20
DOC_S07491,S07491,Income Certificate,TPL_3433,Revenue Office,2026-01-20
DOC_S07492,S07492,Income Certificate,TPL_4033,Revenue Office,2026-01-20
DOC_S07493,S07493,Income Certificate,TPL_3231,Revenue Office,2026-01-20
DOC_S07494,S07494,Income Certificate,TPL_5468,Revenue Office,2026-01-20
DOC_S07495,S07495,Income Certificate,TPL_6268,Revenue Office,2026-01-20
DOC_S07496,S07496,Income Certificate,TPL_1380,Revenue Office,2026-01-20
DOC_S07497,S07497,Income Certificate,TPL_8464,Revenue Office,2026-01-20
DOC_S07498,S07498,Income Certificate,TPL_1900,Revenue Office,2026-01-20
DOC_S07499,S07499,Income Certificate,TPL_2527,Revenue Office,2026-01-20
DOC_S07500,S07500,Income Certificate,TPL_2980,Revenue Office,2026-01-20
DOC_S07501,S07501,Income Certificate,TPL_2071,Revenue Office,2026-01-20
DOC_S07502,S07502,Income Certificate,TPL_1916,Revenue Office,2026-01-20
DOC_S07503,S07503,Income Certificate,TPL_8930,Revenue Office,2026-01-20
DOC_S07504,S07504,Income Certificate,TPL_9641,Revenue Office,2026-01-20
DOC_S07505,S07505,Income Certificate,TPL_8394,Revenue Office,2026-01-20
DOC_S07506,S07506,Income Certificate,TPL_2694,Revenue Office,2026-01-20
DOC_S07507,S07507,Income Certificate,TPL_7398,Revenue Office,2026-01-20
DOC_S07508,S07508,Income Certificate,TPL_8650,Revenue Office,2026-01-20
DOC_S07509,S07509,Income Certificate,TPL_8640,Revenue Office,2026-01-20
DOC_S07510,S07510,Income Certificate,TPL_5295,Revenue Office,2026-01-20
DOC_S07511,S07511,Income Certificate,TPL_2761,Revenue Office,2026-01-20
DOC_S07512,S07512,Income Certificate,TPL_2301,Revenue Office,2026-01-20
DOC_S07513,S07513,Income Certificate,TPL_2458,Revenue Office,2026-01-20
DOC_S07514,S07514,Income Certificate,TPL_4359,Revenue Office,2026-01-20
DOC_S07515,S07515,Income Certificate,TPL_3714,Revenue Office,2026-01-20
DOC_S07516,S07516,Income Certificate,TPL_5895,Revenue Office,2026-01-20
DOC_S07517,S07517,Income Certificate,TPL_7294,Revenue Office,2026-01-20
DOC_S07518,S07518,Income Certificate,TPL_6953,Revenue Office,2026-01-20
DOC_S07519,S07519,Income Certificate,TPL_1418,Revenue Office,2026-01-20
DOC_S07520,S07520,Income Certificate,TPL_2706,Revenue Office,2026-01-20
DOC_S07521,S07521,Income Certificate,TPL_4675,Revenue Office,2026-01-20
DOC_S07522,S07522,Income Certificate,TPL_5623,Revenue Office,2026-01-20
DOC_S07523,S07523,Income Certificate,TPL_5812,Revenue Office,2026-01-20
DOC_S07524,S07524,Income Certificate,TPL_2623,Revenue Office,2026-01-20
DOC_S07525,S07525,Income Certificate,TPL_1904,Revenue Office,2026-01-20
DOC_S07526,S07526,Income Certificate,TPL_8925,Revenue Office,2026-01-20
DOC_S07527,S07527,Income Certificate,TPL_8098,Revenue Office,2026-01-20
DOC_S07528,S07528,Income Certificate,TPL_5009,Revenue Office,2026-01-20
DOC_S07529,S07529,Income Certificate,TPL_2956,Revenue Office,2026-01-20
DOC_S07530,S07530,Income Certificate,TPL_6406,Revenue Office,2026-01-20
DOC_S07531,S07531,Income Certificate,TPL_6906,Revenue Office,2026-01-20
DOC_S07532,S07532,Income Certificate,TPL_8383,Revenue Office,2026-01-20
DOC_S07533,S07533,Income Certificate,TPL_9775,Revenue Office,2026-01-20
DOC_S07534,S07534,Income Certificate,TPL_6027,Revenue Office,2026-01-20
DOC_S07535,S07535,Income Certificate,TPL_8482,Revenue Office,2026-01-20
DOC_S07536,S07536,Income Certificate,TPL_9025,Revenue Office,2026-01-20
DOC_S07537,S07537,Income Certificate,TPL_8662,Revenue Office,2026-01-20
DOC_S07538,S07538,Income Certificate,TPL_2729,Revenue Office,2026-01-20
DOC_S07539,S07539,Income Certificate,TPL_7676,Revenue Office,2026-01-20
DOC_S07540,S07540,Income Certificate,TPL_2583,Revenue Office,2026-01-20
DOC_S07541,S07541,Income Certificate,TPL_9068,Revenue Office,2026-01-20
DOC_S07542,S07542,Income Certificate,TPL_7593,Revenue Office,2026-01-20
DOC_S07543,S07543,Income Certificate,TPL_4008,Revenue Office,2026-01-20
DOC_S07544,S07544,Income Certificate,TPL_4171,Revenue Office,2026-01-20
DOC_S07545,S07545,Income Certificate,TPL_8303,Revenue Office,2026-01-20
DOC_S07546,S07546,Income Certificate,TPL_2985,Revenue Office,2026-01-20
DOC_S07547,S07547,Income Certificate,TPL_9219,Revenue Office,2026-01-20
DOC_S07548,S07548,Income Certificate,TPL_4528,Revenue Office,2026-01-20
DOC_S07549,S07549,Income Certificate,TPL_4368,Revenue Office,2026-01-20
DOC_S07550,S07550,Income Certificate,TPL_2873,Revenue Office,2026-01-20
DOC_S07551,S07551,Income Certificate,TPL_7584,Revenue Office,2026-01-20
DOC_S07552,S07552,Income Certificate,TPL_7311,Revenue Office,2026-01-20
DOC_S07553,S07553,Income Certificate,TPL_5457,Revenue Office,2026-01-20
DOC_S07554,S07554,Income Certificate,TPL_5442,Revenue Office,2026-01-20
DOC_S07555,S07555,Income Certificate,TPL_7236,Revenue Office,2026-01-20
DOC_S07556,S07556,Income Certificate,TPL_7418,Revenue Office,2026-01-20
DOC_S07557,S07557,Income Certificate,TPL_1839,Revenue Office,2026-01-20
DOC_S07558,S07558,Income Certificate,TPL_2888,Revenue Office,2026-01-20
DOC_S07559,S07559,Income Certificate,TPL_2754,Revenue Office,2026-01-20
DOC_S07560,S07560,Income Certificate,TPL_7493,Revenue Office,2026-01-20
DOC_S07561,S07561,Income Certificate,TPL_2062,Revenue Office,2026-01-20
DOC_S07562,S07562,Income Certificate,TPL_1332,Revenue Office,2026-01-20
DOC_S07563,S07563,Income Certificate,TPL_5798,Revenue Office,2026-01-20
DOC_S07564,S07564,Income Certificate,TPL_1391,Revenue Office,2026-01-20
DOC_S07565,S07565,Income Certificate,TPL_3759,Revenue Office,2026-01-20
DOC_S07566,S07566,Income Certificate,TPL_9033,Revenue Office,2026-01-20
DOC_S07567,S07567,Income Certificate,TPL_3739,Revenue Office,2026-01-20
DOC_S07568,S07568,Income Certificate,TPL_7177,Revenue Office,2026-01-20
DOC_S07569,S07569,Income Certificate,TPL_5694,Revenue Office,2026-01-20
DOC_S07570,S07570,Income Certificate,TPL_7205,Revenue Office,2026-01-20
DOC_S07571,S07571,Income Certificate,TPL_9645,Revenue Office,2026-01-20
DOC_S07572,S07572,Income Certificate,TPL_2371,Revenue Office,2026-01-20
DOC_S07573,S07573,Income Certificate,TPL_3794,Revenue Office,2026-01-20
DOC_S07574,S07574,Income Certificate,TPL_4733,Revenue Office,2026-01-20
DOC_S07575,S07575,Income Certificate,TPL_7676,Revenue Office,2026-01-20
DOC_S07576,S07576,Income Certificate,TPL_5654,Revenue Office,2026-01-20
DOC_S07577,S07577,Income Certificate,TPL_4082,Revenue Office,2026-01-20
DOC_S07578,S07578,Income Certificate,TPL_7093,Revenue Office,2026-01-20
DOC_S07579,S07579,Income Certificate,TPL_4532,Revenue Office,2026-01-20
DOC_S07580,S07580,Income Certificate,TPL_8287,Revenue Office,2026-01-20
DOC_S07581,S07581,Income Certificate,TPL_9845,Revenue Office,2026-01-20
DOC_S07582,S07582,Income Certificate,TPL_6517,Revenue Office,2026-01-20
DOC_S07583,S07583,Income Certificate,TPL_8227,Revenue Office,2026-01-20
DOC_S07584,S07584,Income Certificate,TPL_9848,Revenue Office,2026-01-20
DOC_S07585,S07585,Income Certificate,TPL_7900,Revenue Office,2026-01-20
DOC_S07586,S07586,Income Certificate,TPL_9349,Revenue Office,2026-01-20
DOC_S07587,S07587,Income Certificate,TPL_9609,Revenue Office,2026-01-20
DOC_S07588,S07588,Income Certificate,TPL_3398,Revenue Office,2026-01-20
DOC_S07589,S07589,Income Certificate,TPL_1904,Revenue Office,2026-01-20
DOC_S07590,S07590,Income Certificate,TPL_3812,Revenue Office,2026-01-20
DOC_S07591,S07591,Income Certificate,TPL_2816,Revenue Office,2026-01-20
DOC_S07592,S07592,Income Certificate,TPL_6459,Revenue Office,2026-01-20
DOC_S07593,S07593,Income Certificate,TPL_1848,Revenue Office,2026-01-20
DOC_S07594,S07594,Income Certificate,TPL_1210,Revenue Office,2026-01-20
DOC_S07595,S07595,Income Certificate,TPL_5016,Revenue Office,2026-01-20
DOC_S07596,S07596,Income Certificate,TPL_3637,Revenue Office,2026-01-20
DOC_S07597,S07597,Income Certificate,TPL_1544,Revenue Office,2026-01-20
DOC_S07598,S07598,Income Certificate,TPL_9710,Revenue Office,2026-01-20
DOC_S07599,S07599,Income Certificate,TPL_5955,Revenue Office,2026-01-20
DOC_S07600,S07600,Income Certificate,TPL_7641,Revenue Office,2026-01-20
DOC_S07601,S07601,Income Certificate,TPL_3287,Revenue Office,2026-01-20
DOC_S07602,S07602,Income Certificate,TPL_3926,Revenue Office,2026-01-20
DOC_S07603,S07603,Income Certificate,TPL_1647,Revenue Office,2026-01-20
DOC_S07604,S07604,Income Certificate,TPL_4508,Revenue Office,2026-01-20
DOC_S07605,S07605,Income Certificate,TPL_8944,Revenue Office,2026-01-20
DOC_S07606,S07606,Income Certificate,TPL_4948,Revenue Office,2026-01-20
DOC_S07607,S07607,Income Certificate,TPL_1096,Revenue Office,2026-01-20
DOC_S07608,S07608,Income Certificate,TPL_9679,Revenue Office,2026-01-20
DOC_S07609,S07609,Income Certificate,TPL_2247,Revenue Office,2026-01-20
DOC_S07610,S07610,Income Certificate,TPL_8175,Revenue Office,2026-01-20
DOC_S07611,S07611,Income Certificate,TPL_3043,Revenue Office,2026-01-20
DOC_S07612,S07612,Income Certificate,TPL_8131,Revenue Office,2026-01-20
DOC_S07613,S07613,Income Certificate,TPL_8790,Revenue Office,2026-01-20
DOC_S07614,S07614,Income Certificate,TPL_2876,Revenue Office,2026-01-20
DOC_S07615,S07615,Income Certificate,TPL_3582,Revenue Office,2026-01-20
DOC_S07616,S07616,Income Certificate,TPL_5872,Revenue Office,2026-01-20
DOC_S07617,S07617,Income Certificate,TPL_5831,Revenue Office,2026-01-20
DOC_S07618,S07618,Income Certificate,TPL_9383,Revenue Office,2026-01-20
DOC_S07619,S07619,Income Certificate,TPL_3832,Revenue Office,2026-01-20
DOC_S07620,S07620,Income Certificate,TPL_2012,Revenue Office,2026-01-20
DOC_S07621,S07621,Income Certificate,TPL_4150,Revenue Office,2026-01-20
DOC_S07622,S07622,Income Certificate,TPL_2508,Revenue Office,2026-01-20
DOC_S07623,S07623,Income Certificate,TPL_6546,Revenue Office,2026-01-20
DOC_S07624,S07624,Income Certificate,TPL_2160,Revenue Office,2026-01-20
DOC_S07625,S07625,Income Certificate,TPL_3296,Revenue Office,2026-01-20
DOC_S07626,S07626,Income Certificate,TPL_3168,Revenue Office,2026-01-20
DOC_S07627,S07627,Income Certificate,TPL_5970,Revenue Office,2026-01-20
DOC_S07628,S07628,Income Certificate,TPL_1102,Revenue Office,2026-01-20
DOC_S07629,S07629,Income Certificate,TPL_4390,Revenue Office,2026-01-20
DOC_S07630,S07630,Income Certificate,TPL_8047,Revenue Office,2026-01-20
DOC_S07631,S07631,Income Certificate,TPL_1525,Revenue Office,2026-01-20
DOC_S07632,S07632,Income Certificate,TPL_8245,Revenue Office,2026-01-20
DOC_S07633,S07633,Income Certificate,TPL_4874,Revenue Office,2026-01-20
DOC_S07634,S07634,Income Certificate,TPL_7369,Revenue Office,2026-01-20
DOC_S07635,S07635,Income Certificate,TPL_6510,Revenue Office,2026-01-20
DOC_S07636,S07636,Income Certificate,TPL_9541,Revenue Office,2026-01-20
DOC_S07637,S07637,Income Certificate,TPL_2280,Revenue Office,2026-01-20
DOC_S07638,S07638,Income Certificate,TPL_6289,Revenue Office,2026-01-20
DOC_S07639,S07639,Income Certificate,TPL_7135,Revenue Office,2026-01-20
DOC_S07640,S07640,Income Certificate,TPL_9263,Revenue Office,2026-01-20
DOC_S07641,S07641,Income Certificate,TPL_8974,Revenue Office,2026-01-20
DOC_S07642,S07642,Income Certificate,TPL_7940,Revenue Office,2026-01-20
DOC_S07643,S07643,Income Certificate,TPL_3423,Revenue Office,2026-01-20
DOC_S07644,S07644,Income Certificate,TPL_8998,Revenue Office,2026-01-20
DOC_S07645,S07645,Income Certificate,TPL_8303,Revenue Office,2026-01-20
DOC_S07646,S07646,Income Certificate,TPL_7711,Revenue Office,2026-01-20
DOC_S07647,S07647,Income Certificate,TPL_6682,Revenue Office,2026-01-20
DOC_S07648,S07648,Income Certificate,TPL_3867,Revenue Office,2026-01-20
DOC_S07649,S07649,Income Certificate,TPL_9543,Revenue Office,2026-01-20
DOC_S07650,S07650,Income Certificate,TPL_5505,Revenue Office,2026-01-20
DOC_S07651,S07651,Income Certificate,TPL_3245,Revenue Office,2026-01-20
DOC_S07652,S07652,Income Certificate,TPL_6679,Revenue Office,2026-01-20
DOC_S07653,S07653,Income Certificate,TPL_7145,Revenue Office,2026-01-20
DOC_S07654,S07654,Income Certificate,TPL_1450,Revenue Office,2026-01-20
DOC_S07655,S07655,Income Certificate,TPL_3682,Revenue Office,2026-01-20
DOC_S07656,S07656,Income Certificate,TPL_2299,Revenue Office,2026-01-20
DOC_S07657,S07657,Income Certificate,TPL_5220,Revenue Office,2026-01-20
DOC_S07658,S07658,Income Certificate,TPL_1583,Revenue Office,2026-01-20
DOC_S07659,S07659,Income Certificate,TPL_3131,Revenue Office,2026-01-20
DOC_S07660,S07660,Income Certificate,TPL_2256,Revenue Office,2026-01-20
DOC_S07661,S07661,Income Certificate,TPL_1100,Revenue Office,2026-01-20
DOC_S07662,S07662,Income Certificate,TPL_3421,Revenue Office,2026-01-20
DOC_S07663,S07663,Income Certificate,TPL_8607,Revenue Office,2026-01-20
DOC_S07664,S07664,Income Certificate,TPL_8448,Revenue Office,2026-01-20
DOC_S07665,S07665,Income Certificate,TPL_7974,Revenue Office,2026-01-20
DOC_S07666,S07666,Income Certificate,TPL_2353,Revenue Office,2026-01-20
DOC_S07667,S07667,Income Certificate,TPL_2539,Revenue Office,2026-01-20
DOC_S07668,S07668,Income Certificate,TPL_9307,Revenue Office,2026-01-20
DOC_S07669,S07669,Income Certificate,TPL_5366,Revenue Office,2026-01-20
DOC_S07670,S07670,Income Certificate,TPL_3042,Revenue Office,2026-01-20
DOC_S07671,S07671,Income Certificate,TPL_8259,Revenue Office,2026-01-20
DOC_S07672,S07672,Income Certificate,TPL_6504,Revenue Office,2026-01-20
DOC_S07673,S07673,Income Certificate,TPL_2176,Revenue Office,2026-01-20
DOC_S07674,S07674,Income Certificate,TPL_1465,Revenue Office,2026-01-20
DOC_S07675,S07675,Income Certificate,TPL_1496,Revenue Office,2026-01-20
DOC_S07676,S07676,Income Certificate,TPL_4571,Revenue Office,2026-01-20
DOC_S07677,S07677,Income Certificate,TPL_2511,Revenue Office,2026-01-20
DOC_S07678,S07678,Income Certificate,TPL_6897,Revenue Office,2026-01-20
DOC_S07679,S07679,Income Certificate,TPL_2859,Revenue Office,2026-01-20
DOC_S07680,S07680,Income Certificate,TPL_8269,Revenue Office,2026-01-20
DOC_S07681,S07681,Income Certificate,TPL_2044,Revenue Office,2026-01-20
DOC_S07682,S07682,Income Certificate,TPL_9625,Revenue Office,2026-01-20
DOC_S07683,S07683,Income Certificate,TPL_2090,Revenue Office,2026-01-20
DOC_S07684,S07684,Income Certificate,TPL_3992,Revenue Office,2026-01-20
DOC_S07685,S07685,Income Certificate,TPL_6654,Revenue Office,2026-01-20
DOC_S07686,S07686,Income Certificate,TPL_6468,Revenue Office,2026-01-20
DOC_S07687,S07687,Income Certificate,TPL_3772,Revenue Office,2026-01-20
DOC_S07688,S07688,Income Certificate,TPL_2196,Revenue Office,2026-01-20
DOC_S07689,S07689,Income Certificate,TPL_5890,Revenue Office,2026-01-20
DOC_S07690,S07690,Income Certificate,TPL_8239,Revenue Office,2026-01-20
DOC_S07691,S07691,Income Certificate,TPL_7063,Revenue Office,2026-01-20
DOC_S07692,S07692,Income Certificate,TPL_5851,Revenue Office,2026-01-20
DOC_S07693,S07693,Income Certificate,TPL_8590,Revenue Office,2026-01-20
DOC_S07694,S07694,Income Certificate,TPL_3406,Revenue Office,2026-01-20
DOC_S07695,S07695,Income Certificate,TPL_7625,Revenue Office,2026-01-20
DOC_S07696,S07696,Income Certificate,TPL_5932,Revenue Office,2026-01-20
DOC_S07697,S07697,Income Certificate,TPL_6993,Revenue Office,2026-01-20
DOC_S07698,S07698,Income Certificate,TPL_6116,Revenue Office,2026-01-20
DOC_S07699,S07699,Income Certificate,TPL_4041,Revenue Office,2026-01-20
DOC_S07700,S07700,Income Certificate,TPL_5798,Revenue Office,2026-01-20
DOC_S07701,S07701,Income Certificate,TPL_9417,Revenue Office,2026-01-20
DOC_S07702,S07702,Income Certificate,TPL_2332,Revenue Office,2026-01-20
DOC_S07703,S07703,Income Certificate,TPL_8631,Revenue Office,2026-01-20
DOC_S07704,S07704,Income Certificate,TPL_5094,Revenue Office,2026-01-20
DOC_S07705,S07705,Income Certificate,TPL_2303,Revenue Office,2026-01-20
DOC_S07706,S07706,Income Certificate,TPL_7634,Revenue Office,2026-01-20
DOC_S07707,S07707,Income Certificate,TPL_7220,Revenue Office,2026-01-20
DOC_S07708,S07708,Income Certificate,TPL_9077,Revenue Office,2026-01-20
DOC_S07709,S07709,Income Certificate,TPL_2395,Revenue Office,2026-01-20
DOC_S07710,S07710,Income Certificate,TPL_3518,Revenue Office,2026-01-20
DOC_S07711,S07711,Income Certificate,TPL_9512,Revenue Office,2026-01-20
DOC_S07712,S07712,Income Certificate,TPL_2850,Revenue Office,2026-01-20
DOC_S07713,S07713,Income Certificate,TPL_5361,Revenue Office,2026-01-20
DOC_S07714,S07714,Income Certificate,TPL_3056,Revenue Office,2026-01-20
DOC_S07715,S07715,Income Certificate,TPL_4520,Revenue Office,2026-01-20
DOC_S07716,S07716,Income Certificate,TPL_9216,Revenue Office,2026-01-20
DOC_S07717,S07717,Income Certificate,TPL_2085,Revenue Office,2026-01-20
DOC_S07718,S07718,Income Certificate,TPL_4487,Revenue Office,2026-01-20
DOC_S07719,S07719,Income Certificate,TPL_8251,Revenue Office,2026-01-20
DOC_S07720,S07720,Income Certificate,TPL_4921,Revenue Office,2026-01-20
DOC_S07721,S07721,Income Certificate,TPL_5250,Revenue Office,2026-01-20
DOC_S07722,S07722,Income Certificate,TPL_2928,Revenue Office,2026-01-20
DOC_S07723,S07723,Income Certificate,TPL_5975,Revenue Office,2026-01-20
DOC_S07724,S07724,Income Certificate,TPL_9525,Revenue Office,2026-01-20
DOC_S07725,S07725,Income Certificate,TPL_4562,Revenue Office,2026-01-20
DOC_S07726,S07726,Income Certificate,TPL_4433,Revenue Office,2026-01-20
DOC_S07727,S07727,Income Certificate,TPL_7152,Revenue Office,2026-01-20
DOC_S07728,S07728,Income Certificate,TPL_9606,Revenue Office,2026-01-20
DOC_S07729,S07729,Income Certificate,TPL_6009,Revenue Office,2026-01-20
DOC_S07730,S07730,Income Certificate,TPL_6213,Revenue Office,2026-01-20
DOC_S07731,S07731,Income Certificate,TPL_8435,Revenue Office,2026-01-20
DOC_S07732,S07732,Income Certificate,TPL_3992,Revenue Office,2026-01-20
DOC_S07733,S07733,Income Certificate,TPL_7562,Revenue Office,2026-01-20
DOC_S07734,S07734,Income Certificate,TPL_3260,Revenue Office,2026-01-20
DOC_S07735,S07735,Income Certificate,TPL_5555,Revenue Office,2026-01-20
DOC_S07736,S07736,Income Certificate,TPL_7377,Revenue Office,2026-01-20
DOC_S07737,S07737,Income Certificate,TPL_4642,Revenue Office,2026-01-20
DOC_S07738,S07738,Income Certificate,TPL_9327,Revenue Office,2026-01-20
DOC_S07739,S07739,Income Certificate,TPL_4726,Revenue Office,2026-01-20
DOC_S07740,S07740,Income Certificate,TPL_4792,Revenue Office,2026-01-20
DOC_S07741,S07741,Income Certificate,TPL_3993,Revenue Office,2026-01-20
DOC_S07742,S07742,Income Certificate,TPL_5721,Revenue Office,2026-01-20
DOC_S07743,S07743,Income Certificate,TPL_1711,Revenue Office,2026-01-20
DOC_S07744,S07744,Income Certificate,TPL_2124,Revenue Office,2026-01-20
DOC_S07745,S07745,Income Certificate,TPL_5166,Revenue Office,2026-01-20
DOC_S07746,S07746,Income Certificate,TPL_6862,Revenue Office,2026-01-20
DOC_S07747,S07747,Income Certificate,TPL_6248,Revenue Office,2026-01-20
DOC_S07748,S07748,Income Certificate,TPL_7299,Revenue Office,2026-01-20
DOC_S07749,S07749,Income Certificate,TPL_5963,Revenue Office,2026-01-20
DOC_S07750,S07750,Income Certificate,TPL_7022,Revenue Office,2026-01-20
DOC_S07751,S07751,Income Certificate,TPL_9012,Revenue Office,2026-01-20
DOC_S07752,S07752,Income Certificate,TPL_3392,Revenue Office,2026-01-20
DOC_S07753,S07753,Income Certificate,TPL_6349,Revenue Office,2026-01-20
DOC_S07754,S07754,Income Certificate,TPL_1138,Revenue Office,2026-01-20
DOC_S07755,S07755,Income Certificate,TPL_9398,Revenue Office,2026-01-20
DOC_S07756,S07756,Income Certificate,TPL_6928,Revenue Office,2026-01-20
DOC_S07757,S07757,Income Certificate,TPL_2031,Revenue Office,2026-01-20
DOC_S07758,S07758,Income Certificate,TPL_6509,Revenue Office,2026-01-20
DOC_S07759,S07759,Income Certificate,TPL_3099,Revenue Office,2026-01-20
DOC_S07760,S07760,Income Certificate,TPL_1896,Revenue Office,2026-01-20
DOC_S07761,S07761,Income Certificate,TPL_7722,Revenue Office,2026-01-20
DOC_S07762,S07762,Income Certificate,TPL_7961,Revenue Office,2026-01-20
DOC_S07763,S07763,Income Certificate,TPL_8108,Revenue Office,2026-01-20
DOC_S07764,S07764,Income Certificate,TPL_1588,Revenue Office,2026-01-20
DOC_S07765,S07765,Income Certificate,TPL_6615,Revenue Office,2026-01-20
DOC_S07766,S07766,Income Certificate,TPL_5601,Revenue Office,2026-01-20
DOC_S07767,S07767,Income Certificate,TPL_9311,Revenue Office,2026-01-20
DOC_S07768,S07768,Income Certificate,TPL_3243,Revenue Office,2026-01-20
DOC_S07769,S07769,Income Certificate,TPL_6656,Revenue Office,2026-01-20
DOC_S07770,S07770,Income Certificate,TPL_7310,Revenue Office,2026-01-20
DOC_S07771,S07771,Income Certificate,TPL_3423,Revenue Office,2026-01-20
DOC_S07772,S07772,Income Certificate,TPL_6766,Revenue Office,2026-01-20
DOC_S07773,S07773,Income Certificate,TPL_2674,Revenue Office,2026-01-20
DOC_S07774,S07774,Income Certificate,TPL_7878,Revenue Office,2026-01-20
DOC_S07775,S07775,Income Certificate,TPL_9823,Revenue Office,2026-01-20
DOC_S07776,S07776,Income Certificate,TPL_3305,Revenue Office,2026-01-20
DOC_S07777,S07777,Income Certificate,TPL_1590,Revenue Office,2026-01-20
DOC_S07778,S07778,Income Certificate,TPL_8121,Revenue Office,2026-01-20
DOC_S07779,S07779,Income Certificate,TPL_6106,Revenue Office,2026-01-20
DOC_S07780,S07780,Income Certificate,TPL_5175,Revenue Office,2026-01-20
DOC_S07781,S07781,Income Certificate,TPL_8705,Revenue Office,2026-01-20
DOC_S07782,S07782,Income Certificate,TPL_4098,Revenue Office,2026-01-20
DOC_S07783,S07783,Income Certificate,TPL_8108,Revenue Office,2026-01-20
DOC_S07784,S07784,Income Certificate,TPL_4688,Revenue Office,2026-01-20
DOC_S07785,S07785,Income Certificate,TPL_5637,Revenue Office,2026-01-20
DOC_S07786,S07786,Income Certificate,TPL_3081,Revenue Office,2026-01-20
DOC_S07787,S07787,Income Certificate,TPL_6881,Revenue Office,2026-01-20
DOC_S07788,S07788,Income Certificate,TPL_6253,Revenue Office,2026-01-20
DOC_S07789,S07789,Income Certificate,TPL_7737,Revenue Office,2026-01-20
DOC_S07790,S07790,Income Certificate,TPL_5694,Revenue Office,2026-01-20
DOC_S07791,S07791,Income Certificate,TPL_2608,Revenue Office,2026-01-20
DOC_S07792,S07792,Income Certificate,TPL_5481,Revenue Office,2026-01-20
DOC_S07793,S07793,Income Certificate,TPL_3026,Revenue Office,2026-01-20
DOC_S07794,S07794,Income Certificate,TPL_2715,Revenue Office,2026-01-20
DOC_S07795,S07795,Income Certificate,TPL_8464,Revenue Office,2026-01-20
DOC_S07796,S07796,Income Certificate,TPL_4579,Revenue Office,2026-01-20
DOC_S07797,S07797,Income Certificate,TPL_9988,Revenue Office,2026-01-20
DOC_S07798,S07798,Income Certificate,TPL_5488,Revenue Office,2026-01-20
DOC_S07799,S07799,Income Certificate,TPL_6153,Revenue Office,2026-01-20
DOC_S07800,S07800,Income Certificate,TPL_7307,Revenue Office,2026-01-20
DOC_S07801,S07801,Income Certificate,TPL_1247,Revenue Office,2026-01-20
DOC_S07802,S07802,Income Certificate,TPL_8590,Revenue Office,2026-01-20
DOC_S07803,S07803,Income Certificate,TPL_6971,Revenue Office,2026-01-20
DOC_S07804,S07804,Income Certificate,TPL_1549,Revenue Office,2026-01-20
DOC_S07805,S07805,Income Certificate,TPL_3635,Revenue Office,2026-01-20
DOC_S07806,S07806,Income Certificate,TPL_2037,Revenue Office,2026-01-20
DOC_S07807,S07807,Income Certificate,TPL_9848,Revenue Office,2026-01-20
DOC_S07808,S07808,Income Certificate,TPL_8246,Revenue Office,2026-01-20
DOC_S07809,S07809,Income Certificate,TPL_5110,Revenue Office,2026-01-20
DOC_S07810,S07810,Income Certificate,TPL_9622,Revenue Office,2026-01-20
DOC_S07811,S07811,Income Certificate,TPL_8122,Revenue Office,2026-01-20
DOC_S07812,S07812,Income Certificate,TPL_9827,Revenue Office,2026-01-20
DOC_S07813,S07813,Income Certificate,TPL_9444,Revenue Office,2026-01-20
DOC_S07814,S07814,Income Certificate,TPL_7389,Revenue Office,2026-01-20
DOC_S07815,S07815,Income Certificate,TPL_2086,Revenue Office,2026-01-20
DOC_S07816,S07816,Income Certificate,TPL_1832,Revenue Office,2026-01-20
DOC_S07817,S07817,Income Certificate,TPL_8765,Revenue Office,2026-01-20
DOC_S07818,S07818,Income Certificate,TPL_7622,Revenue Office,2026-01-20
DOC_S07819,S07819,Income Certificate,TPL_1369,Revenue Office,2026-01-20
DOC_S07820,S07820,Income Certificate,TPL_2870,Revenue Office,2026-01-20
DOC_S07821,S07821,Income Certificate,TPL_9471,Revenue Office,2026-01-20
DOC_S07822,S07822,Income Certificate,TPL_5513,Revenue Office,2026-01-20
DOC_S07823,S07823,Income Certificate,TPL_9824,Revenue Office,2026-01-20
DOC_S07824,S07824,Income Certificate,TPL_3814,Revenue Office,2026-01-20
DOC_S07825,S07825,Income Certificate,TPL_3138,Revenue Office,2026-01-20
DOC_S07826,S07826,Income Certificate,TPL_2949,Revenue Office,2026-01-20
DOC_S07827,S07827,Income Certificate,TPL_9171,Revenue Office,2026-01-20
DOC_S07828,S07828,Income Certificate,TPL_5164,Revenue Office,2026-01-20
DOC_S07829,S07829,Income Certificate,TPL_1131,Revenue Office,2026-01-20
DOC_S07830,S07830,Income Certificate,TPL_4218,Revenue Office,2026-01-20
DOC_S07831,S07831,Income Certificate,TPL_2085,Revenue Office,2026-01-20
DOC_S07832,S07832,Income Certificate,TPL_9002,Revenue Office,2026-01-20
DOC_S07833,S07833,Income Certificate,TPL_9836,Revenue Office,2026-01-20
DOC_S07834,S07834,Income Certificate,TPL_5782,Revenue Office,2026-01-20
DOC_S07835,S07835,Income Certificate,TPL_2181,Revenue Office,2026-01-20
DOC_S07836,S07836,Income Certificate,TPL_3163,Revenue Office,2026-01-20
DOC_S07837,S07837,Income Certificate,TPL_9181,Revenue Office,2026-01-20
DOC_S07838,S07838,Income Certificate,TPL_6948,Revenue Office,2026-01-20
DOC_S07839,S07839,Income Certificate,TPL_6129,Revenue Office,2026-01-20
DOC_S07840,S07840,Income Certificate,TPL_5317,Revenue Office,2026-01-20
DOC_S07841,S07841,Income Certificate,TPL_2053,Revenue Office,2026-01-20
DOC_S07842,S07842,Income Certificate,TPL_7677,Revenue Office,2026-01-20
DOC_S07843,S07843,Income Certificate,TPL_4653,Revenue Office,2026-01-20
DOC_S07844,S07844,Income Certificate,TPL_7072,Revenue Office,2026-01-20
DOC_S07845,S07845,Income Certificate,TPL_9201,Revenue Office,2026-01-20
DOC_S07846,S07846,Income Certificate,TPL_5091,Revenue Office,2026-01-20
DOC_S07847,S07847,Income Certificate,TPL_1437,Revenue Office,2026-01-20
DOC_S07848,S07848,Income Certificate,TPL_1817,Revenue Office,2026-01-20
DOC_S07849,S07849,Income Certificate,TPL_5382,Revenue Office,2026-01-20
DOC_S07850,S07850,Income Certificate,TPL_4184,Revenue Office,2026-01-20
DOC_S07851,S07851,Income Certificate,TPL_6111,Revenue Office,2026-01-20
DOC_S07852,S07852,Income Certificate,TPL_6239,Revenue Office,2026-01-20
DOC_S07853,S07853,Income Certificate,TPL_7330,Revenue Office,2026-01-20
DOC_S07854,S07854,Income Certificate,TPL_1031,Revenue Office,2026-01-20
DOC_S07855,S07855,Income Certificate,TPL_3212,Revenue Office,2026-01-20
DOC_S07856,S07856,Income Certificate,TPL_2105,Revenue Office,2026-01-20
DOC_S07857,S07857,Income Certificate,TPL_6596,Revenue Office,2026-01-20
DOC_S07858,S07858,Income Certificate,TPL_2689,Revenue Office,2026-01-20
DOC_S07859,S07859,Income Certificate,TPL_4961,Revenue Office,2026-01-20
DOC_S07860,S07860,Income Certificate,TPL_4476,Revenue Office,2026-01-20
DOC_S07861,S07861,Income Certificate,TPL_1995,Revenue Office,2026-01-20
DOC_S07862,S07862,Income Certificate,TPL_7131,Revenue Office,2026-01-20
DOC_S07863,S07863,Income Certificate,TPL_1855,Revenue Office,2026-01-20
DOC_S07864,S07864,Income Certificate,TPL_1521,Revenue Office,2026-01-20
DOC_S07865,S07865,Income Certificate,TPL_7065,Revenue Office,2026-01-20
DOC_S07866,S07866,Income Certificate,TPL_4168,Revenue Office,2026-01-20
DOC_S07867,S07867,Income Certificate,TPL_1192,Revenue Office,2026-01-20
DOC_S07868,S07868,Income Certificate,TPL_3378,Revenue Office,2026-01-20
DOC_S07869,S07869,Income Certificate,TPL_8274,Revenue Office,2026-01-20
DOC_S07870,S07870,Income Certificate,TPL_7871,Revenue Office,2026-01-20
DOC_S07871,S07871,Income Certificate,TPL_4263,Revenue Office,2026-01-20
DOC_S07872,S07872,Income Certificate,TPL_6922,Revenue Office,2026-01-20
DOC_S07873,S07873,Income Certificate,TPL_3121,Revenue Office,2026-01-20
DOC_S07874,S07874,Income Certificate,TPL_7496,Revenue Office,2026-01-20
DOC_S07875,S07875,Income Certificate,TPL_4456,Revenue Office,2026-01-20
DOC_S07876,S07876,Income Certificate,TPL_2274,Revenue Office,2026-01-20
DOC_S07877,S07877,Income Certificate,TPL_8600,Revenue Office,2026-01-20
DOC_S07878,S07878,Income Certificate,TPL_8558,Revenue Office,2026-01-20
DOC_S07879,S07879,Income Certificate,TPL_5992,Revenue Office,2026-01-20
DOC_S07880,S07880,Income Certificate,TPL_4982,Revenue Office,2026-01-20
DOC_S07881,S07881,Income Certificate,TPL_3647,Revenue Office,2026-01-20
DOC_S07882,S07882,Income Certificate,TPL_9478,Revenue Office,2026-01-20
DOC_S07883,S07883,Income Certificate,TPL_8579,Revenue Office,2026-01-20
DOC_S07884,S07884,Income Certificate,TPL_8845,Revenue Office,2026-01-20
DOC_S07885,S07885,Income Certificate,TPL_8256,Revenue Office,2026-01-20
DOC_S07886,S07886,Income Certificate,TPL_1667,Revenue Office,2026-01-20
DOC_S07887,S07887,Income Certificate,TPL_8666,Revenue Office,2026-01-20
DOC_S07888,S07888,Income Certificate,TPL_8995,Revenue Office,2026-01-20
DOC_S07889,S07889,Income Certificate,TPL_1151,Revenue Office,2026-01-20
DOC_S07890,S07890,Income Certificate,TPL_2114,Revenue Office,2026-01-20
DOC_S07891,S07891,Income Certificate,TPL_3612,Revenue Office,2026-01-20
DOC_S07892,S07892,Income Certificate,TPL_6739,Revenue Office,2026-01-20
DOC_S07893,S07893,Income Certificate,TPL_1153,Revenue Office,2026-01-20
DOC_S07894,S07894,Income Certificate,TPL_1681,Revenue Office,2026-01-20
DOC_S07895,S07895,Income Certificate,TPL_4676,Revenue Office,2026-01-20
DOC_S07896,S07896,Income Certificate,TPL_5080,Revenue Office,2026-01-20
DOC_S07897,S07897,Income Certificate,TPL_8878,Revenue Office,2026-01-20
DOC_S07898,S07898,Income Certificate,TPL_7776,Revenue Office,2026-01-20
DOC_S07899,S07899,Income Certificate,TPL_4104,Revenue Office,2026-01-20
DOC_S07900,S07900,Income Certificate,TPL_1203,Revenue Office,2026-01-20
DOC_S07901,S07901,Income Certificate,TPL_8756,Revenue Office,2026-01-20
DOC_S07902,S07902,Income Certificate,TPL_8989,Revenue Office,2026-01-20
DOC_S07903,S07903,Income Certificate,TPL_8639,Revenue Office,2026-01-20
DOC_S07904,S07904,Income Certificate,TPL_1417,Revenue Office,2026-01-20
DOC_S07905,S07905,Income Certificate,TPL_3616,Revenue Office,2026-01-20
DOC_S07906,S07906,Income Certificate,TPL_6180,Revenue Office,2026-01-20
DOC_S07907,S07907,Income Certificate,TPL_1360,Revenue Office,2026-01-20
DOC_S07908,S07908,Income Certificate,TPL_4705,Revenue Office,2026-01-20
DOC_S07909,S07909,Income Certificate,TPL_1441,Revenue Office,2026-01-20
DOC_S07910,S07910,Income Certificate,TPL_9536,Revenue Office,2026-01-20
DOC_S07911,S07911,Income Certificate,TPL_5132,Revenue Office,2026-01-20
DOC_S07912,S07912,Income Certificate,TPL_6770,Revenue Office,2026-01-20
DOC_S07913,S07913,Income Certificate,TPL_3007,Revenue Office,2026-01-20
DOC_S07914,S07914,Income Certificate,TPL_1109,Revenue Office,2026-01-20
DOC_S07915,S07915,Income Certificate,TPL_8259,Revenue Office,2026-01-20
DOC_S07916,S07916,Income Certificate,TPL_6493,Revenue Office,2026-01-20
DOC_S07917,S07917,Income Certificate,TPL_1279,Revenue Office,2026-01-20
DOC_S07918,S07918,Income Certificate,TPL_3568,Revenue Office,2026-01-20
DOC_S07919,S07919,Income Certificate,TPL_4778,Revenue Office,2026-01-20
DOC_S07920,S07920,Income Certificate,TPL_3103,Revenue Office,2026-01-20
DOC_S07921,S07921,Income Certificate,TPL_8335,Revenue Office,2026-01-20
DOC_S07922,S07922,Income Certificate,TPL_2178,Revenue Office,2026-01-20
DOC_S07923,S07923,Income Certificate,TPL_3165,Revenue Office,2026-01-20
DOC_S07924,S07924,Income Certificate,TPL_8419,Revenue Office,2026-01-20
DOC_S07925,S07925,Income Certificate,TPL_1969,Revenue Office,2026-01-20
DOC_S07926,S07926,Income Certificate,TPL_2878,Revenue Office,2026-01-20
DOC_S07927,S07927,Income Certificate,TPL_8569,Revenue Office,2026-01-20
DOC_S07928,S07928,Income Certificate,TPL_4367,Revenue Office,2026-01-20
DOC_S07929,S07929,Income Certificate,TPL_5373,Revenue Office,2026-01-20
DOC_S07930,S07930,Income Certificate,TPL_1868,Revenue Office,2026-01-20
DOC_S07931,S07931,Income Certificate,TPL_2703,Revenue Office,2026-01-20
DOC_S07932,S07932,Income Certificate,TPL_9123,Revenue Office,2026-01-20
DOC_S07933,S07933,Income Certificate,TPL_7196,Revenue Office,2026-01-20
DOC_S07934,S07934,Income Certificate,TPL_4815,Revenue Office,2026-01-20
DOC_S07935,S07935,Income Certificate,TPL_6363,Revenue Office,2026-01-20
DOC_S07936,S07936,Income Certificate,TPL_1492,Revenue Office,2026-01-20
DOC_S07937,S07937,Income Certificate,TPL_9454,Revenue Office,2026-01-20
DOC_S07938,S07938,Income Certificate,TPL_8922,Revenue Office,2026-01-20
DOC_S07939,S07939,Income Certificate,TPL_4845,Revenue Office,2026-01-20
DOC_S07940,S07940,Income Certificate,TPL_7574,Revenue Office,2026-01-20
DOC_S07941,S07941,Income Certificate,TPL_9203,Revenue Office,2026-01-20
DOC_S07942,S07942,Income Certificate,TPL_4501,Revenue Office,2026-01-20
DOC_S07943,S07943,Income Certificate,TPL_4291,Revenue Office,2026-01-20
DOC_S07944,S07944,Income Certificate,TPL_4445,Revenue Office,2026-01-20
DOC_S07945,S07945,Income Certificate,TPL_9033,Revenue Office,2026-01-20
DOC_S07946,S07946,Income Certificate,TPL_9803,Revenue Office,2026-01-20
DOC_S07947,S07947,Income Certificate,TPL_9401,Revenue Office,2026-01-20
DOC_S07948,S07948,Income Certificate,TPL_2258,Revenue Office,2026-01-20
DOC_S07949,S07949,Income Certificate,TPL_7466,Revenue Office,2026-01-20
DOC_S07950,S07950,Income Certificate,TPL_8594,Revenue Office,2026-01-20
DOC_S07951,S07951,Income Certificate,TPL_8003,Revenue Office,2026-01-20
DOC_S07952,S07952,Income Certificate,TPL_1934,Revenue Office,2026-01-20
DOC_S07953,S07953,Income Certificate,TPL_6684,Revenue Office,2026-01-20
DOC_S07954,S07954,Income Certificate,TPL_3039,Revenue Office,2026-01-20
DOC_S07955,S07955,Income Certificate,TPL_4261,Revenue Office,2026-01-20
DOC_S07956,S07956,Income Certificate,TPL_3569,Revenue Office,2026-01-20
DOC_S07957,S07957,Income Certificate,TPL_8384,Revenue Office,2026-01-20
DOC_S07958,S07958,Income Certificate,TPL_2212,Revenue Office,2026-01-20
DOC_S07959,S07959,Income Certificate,TPL_8605,Revenue Office,2026-01-20
DOC_S07960,S07960,Income Certificate,TPL_9310,Revenue Office,2026-01-20
DOC_S07961,S07961,Income Certificate,TPL_8840,Revenue Office,2026-01-20
DOC_S07962,S07962,Income Certificate,TPL_7247,Revenue Office,2026-01-20
DOC_S07963,S07963,Income Certificate,TPL_8175,Revenue Office,2026-01-20
DOC_S07964,S07964,Income Certificate,TPL_4863,Revenue Office,2026-01-20
DOC_S07965,S07965,Income Certificate,TPL_1226,Revenue Office,2026-01-20
DOC_S07966,S07966,Income Certificate,TPL_1015,Revenue Office,2026-01-20
DOC_S07967,S07967,Income Certificate,TPL_8776,Revenue Office,2026-01-20
DOC_S07968,S07968,Income Certificate,TPL_8517,Revenue Office,2026-01-20
DOC_S07969,S07969,Income Certificate,TPL_1145,Revenue Office,2026-01-20
DOC_S07970,S07970,Income Certificate,TPL_1358,Revenue Office,2026-01-20
DOC_S07971,S07971,Income Certificate,TPL_2401,Revenue Office,2026-01-20
DOC_S07972,S07972,Income Certificate,TPL_5613,Revenue Office,2026-01-20
DOC_S07973,S07973,Income Certificate,TPL_7804,Revenue Office,2026-01-20
DOC_S07974,S07974,Income Certificate,TPL_2844,Revenue Office,2026-01-20
DOC_S07975,S07975,Income Certificate,TPL_9492,Revenue Office,2026-01-20
DOC_S07976,S07976,Income Certificate,TPL_7297,Revenue Office,2026-01-20
DOC_S07977,S07977,Income Certificate,TPL_6281,Revenue Office,2026-01-20
DOC_S07978,S07978,Income Certificate,TPL_9613,Revenue Office,2026-01-20
DOC_S07979,S07979,Income Certificate,TPL_9284,Revenue Office,2026-01-20
DOC_S07980,S07980,Income Certificate,TPL_3398,Revenue Office,2026-01-20
DOC_S07981,S07981,Income Certificate,TPL_1351,Revenue Office,2026-01-20
DOC_S07982,S07982,Income Certificate,TPL_3952,Revenue Office,2026-01-20
DOC_S07983,S07983,Income Certificate,TPL_3748,Revenue Office,2026-01-20
DOC_S07984,S07984,Income Certificate,TPL_4891,Revenue Office,2026-01-20
DOC_S07985,S07985,Income Certificate,TPL_1781,Revenue Office,2026-01-20
DOC_S07986,S07986,Income Certificate,TPL_3321,Revenue Office,2026-01-20
DOC_S07987,S07987,Income Certificate,TPL_4648,Revenue Office,2026-01-20
DOC_S07988,S07988,Income Certificate,TPL_9831,Revenue Office,2026-01-20
DOC_S07989,S07989,Income Certificate,TPL_7957,Revenue Office,2026-01-20
DOC_S07990,S07990,Income Certificate,TPL_7932,Revenue Office,2026-01-20
DOC_S07991,S07991,Income Certificate,TPL_7718,Revenue Office,2026-01-20
DOC_S07992,S07992,Income Certificate,TPL_7382,Revenue Office,2026-01-20
DOC_S07993,S07993,Income Certificate,TPL_8237,Revenue Office,2026-01-20
DOC_S07994,S07994,Income Certificate,TPL_8198,Revenue Office,2026-01-20
DOC_S07995,S07995,Income Certificate,TPL_1264,Revenue Office,2026-01-20
DOC_S07996,S07996,Income Certificate,TPL_2369,Revenue Office,2026-01-20
DOC_S07997,S07997,Income Certificate,TPL_6911,Revenue Office,2026-01-20
DOC_S07998,S07998,Income Certificate,TPL_4636,Revenue Office,2026-01-20
DOC_S07999,S07999,Income Certificate,TPL_2113,Revenue Office,2026-01-20
DOC_S08000,S08000,Income Certificate,TPL_7290,Revenue Office,2026-01-20
DOC_S08001,S08001,Income Certificate,TPL_4470,Revenue Office,2026-01-20
DOC_S08002,S08002,Income Certificate,TPL_4251,Revenue Office,2026-01-20
DOC_S08003,S08003,Income Certificate,TPL_2674,Revenue Office,2026-01-20
DOC_S08004,S08004,Income Certificate,TPL_4267,Revenue Office,2026-01-20
DOC_S08005,S08005,Income Certificate,TPL_6397,Revenue Office,2026-01-20
DOC_S08006,S08006,Income Certificate,TPL_7365,Revenue Office,2026-01-20
DOC_S08007,S08007,Income Certificate,TPL_4187,Revenue Office,2026-01-20
DOC_S08008,S08008,Income Certificate,TPL_1035,Revenue Office,2026-01-20
DOC_S08009,S08009,Income Certificate,TPL_3349,Revenue Office,2026-01-20
DOC_S08010,S08010,Income Certificate,TPL_5305,Revenue Office,2026-01-20
DOC_S08011,S08011,Income Certificate,TPL_3443,Revenue Office,2026-01-20
DOC_S08012,S08012,Income Certificate,TPL_6341,Revenue Office,2026-01-20
DOC_S08013,S08013,Income Certificate,TPL_4337,Revenue Office,2026-01-20
DOC_S08014,S08014,Income Certificate,TPL_5963,Revenue Office,2026-01-20
DOC_S08015,S08015,Income Certificate,TPL_1170,Revenue Office,2026-01-20
DOC_S08016,S08016,Income Certificate,TPL_3491,Revenue Office,2026-01-20
DOC_S08017,S08017,Income Certificate,TPL_9967,Revenue Office,2026-01-20
DOC_S08018,S08018,Income Certificate,TPL_8267,Revenue Office,2026-01-20
DOC_S08019,S08019,Income Certificate,TPL_2984,Revenue Office,2026-01-20
DOC_S08020,S08020,Income Certificate,TPL_7595,Revenue Office,2026-01-20
DOC_S08021,S08021,Income Certificate,TPL_2120,Revenue Office,2026-01-20
DOC_S08022,S08022,Income Certificate,TPL_8226,Revenue Office,2026-01-20
DOC_S08023,S08023,Income Certificate,TPL_6487,Revenue Office,2026-01-20
DOC_S08024,S08024,Income Certificate,TPL_2798,Revenue Office,2026-01-20
DOC_S08025,S08025,Income Certificate,TPL_1956,Revenue Office,2026-01-20
DOC_S08026,S08026,Income Certificate,TPL_7896,Revenue Office,2026-01-20
DOC_S08027,S08027,Income Certificate,TPL_6686,Revenue Office,2026-01-20
DOC_S08028,S08028,Income Certificate,TPL_9770,Revenue Office,2026-01-20
DOC_S08029,S08029,Income Certificate,TPL_5036,Revenue Office,2026-01-20
DOC_S08030,S08030,Income Certificate,TPL_4586,Revenue Office,2026-01-20
DOC_S08031,S08031,Income Certificate,TPL_9983,Revenue Office,2026-01-20
DOC_S08032,S08032,Income Certificate,TPL_6644,Revenue Office,2026-01-20
DOC_S08033,S08033,Income Certificate,TPL_9505,Revenue Office,2026-01-20
DOC_S08034,S08034,Income Certificate,TPL_6304,Revenue Office,2026-01-20
DOC_S08035,S08035,Income Certificate,TPL_3417,Revenue Office,2026-01-20
DOC_S08036,S08036,Income Certificate,TPL_3214,Revenue Office,2026-01-20
DOC_S08037,S08037,Income Certificate,TPL_9659,Revenue Office,2026-01-20
DOC_S08038,S08038,Income Certificate,TPL_1493,Revenue Office,2026-01-20
DOC_S08039,S08039,Income Certificate,TPL_5236,Revenue Office,2026-01-20
DOC_S08040,S08040,Income Certificate,TPL_1633,Revenue Office,2026-01-20
DOC_S08041,S08041,Income Certificate,TPL_6334,Revenue Office,2026-01-20
DOC_S08042,S08042,Income Certificate,TPL_8957,Revenue Office,2026-01-20
DOC_S08043,S08043,Income Certificate,TPL_8135,Revenue Office,2026-01-20
DOC_S08044,S08044,Income Certificate,TPL_6655,Revenue Office,2026-01-20
DOC_S08045,S08045,Income Certificate,TPL_1832,Revenue Office,2026-01-20
DOC_S08046,S08046,Income Certificate,TPL_7837,Revenue Office,2026-01-20
DOC_S08047,S08047,Income Certificate,TPL_7686,Revenue Office,2026-01-20
DOC_S08048,S08048,Income Certificate,TPL_3887,Revenue Office,2026-01-20
DOC_S08049,S08049,Income Certificate,TPL_1762,Revenue Office,2026-01-20
DOC_S08050,S08050,Income Certificate,TPL_4537,Revenue Office,2026-01-20
DOC_S08051,S08051,Income Certificate,TPL_9783,Revenue Office,2026-01-20
DOC_S08052,S08052,Income Certificate,TPL_5423,Revenue Office,2026-01-20
DOC_S08053,S08053,Income Certificate,TPL_1131,Revenue Office,2026-01-20
DOC_S08054,S08054,Income Certificate,TPL_8228,Revenue Office,2026-01-20
DOC_S08055,S08055,Income Certificate,TPL_4543,Revenue Office,2026-01-20
DOC_S08056,S08056,Income Certificate,TPL_3352,Revenue Office,2026-01-20
DOC_S08057,S08057,Income Certificate,TPL_5389,Revenue Office,2026-01-20
DOC_S08058,S08058,Income Certificate,TPL_4457,Revenue Office,2026-01-20
DOC_S08059,S08059,Income Certificate,TPL_7719,Revenue Office,2026-01-20
DOC_S08060,S08060,Income Certificate,TPL_4807,Revenue Office,2026-01-20
DOC_S08061,S08061,Income Certificate,TPL_5085,Revenue Office,2026-01-20
DOC_S08062,S08062,Income Certificate,TPL_9358,Revenue Office,2026-01-20
DOC_S08063,S08063,Income Certificate,TPL_9724,Revenue Office,2026-01-20
DOC_S08064,S08064,Income Certificate,TPL_3292,Revenue Office,2026-01-20
DOC_S08065,S08065,Income Certificate,TPL_1312,Revenue Office,2026-01-20
DOC_S08066,S08066,Income Certificate,TPL_2490,Revenue Office,2026-01-20
DOC_S08067,S08067,Income Certificate,TPL_2977,Revenue Office,2026-01-20
DOC_S08068,S08068,Income Certificate,TPL_2697,Revenue Office,2026-01-20
DOC_S08069,S08069,Income Certificate,TPL_2663,Revenue Office,2026-01-20
DOC_S08070,S08070,Income Certificate,TPL_2011,Revenue Office,2026-01-20
DOC_S08071,S08071,Income Certificate,TPL_1884,Revenue Office,2026-01-20
DOC_S08072,S08072,Income Certificate,TPL_6024,Revenue Office,2026-01-20
DOC_S08073,S08073,Income Certificate,TPL_8079,Revenue Office,2026-01-20
DOC_S08074,S08074,Income Certificate,TPL_3582,Revenue Office,2026-01-20
DOC_S08075,S08075,Income Certificate,TPL_7752,Revenue Office,2026-01-20
DOC_S08076,S08076,Income Certificate,TPL_8414,Revenue Office,2026-01-20
DOC_S08077,S08077,Income Certificate,TPL_1211,Revenue Office,2026-01-20
DOC_S08078,S08078,Income Certificate,TPL_4130,Revenue Office,2026-01-20
DOC_S08079,S08079,Income Certificate,TPL_6876,Revenue Office,2026-01-20
DOC_S08080,S08080,Income Certificate,TPL_3047,Revenue Office,2026-01-20
DOC_S08081,S08081,Income Certificate,TPL_5695,Revenue Office,2026-01-20
DOC_S08082,S08082,Income Certificate,TPL_1428,Revenue Office,2026-01-20
DOC_S08083,S08083,Income Certificate,TPL_9297,Revenue Office,2026-01-20
DOC_S08084,S08084,Income Certificate,TPL_7534,Revenue Office,2026-01-20
DOC_S08085,S08085,Income Certificate,TPL_2550,Revenue Office,2026-01-20
DOC_S08086,S08086,Income Certificate,TPL_9068,Revenue Office,2026-01-20
DOC_S08087,S08087,Income Certificate,TPL_9344,Revenue Office,2026-01-20
DOC_S08088,S08088,Income Certificate,TPL_8927,Revenue Office,2026-01-20
DOC_S08089,S08089,Income Certificate,TPL_2426,Revenue Office,2026-01-20
DOC_S08090,S08090,Income Certificate,TPL_8338,Revenue Office,2026-01-20
DOC_S08091,S08091,Income Certificate,TPL_8110,Revenue Office,2026-01-20
DOC_S08092,S08092,Income Certificate,TPL_7133,Revenue Office,2026-01-20
DOC_S08093,S08093,Income Certificate,TPL_5864,Revenue Office,2026-01-20
DOC_S08094,S08094,Income Certificate,TPL_4596,Revenue Office,2026-01-20
DOC_S08095,S08095,Income Certificate,TPL_6741,Revenue Office,2026-01-20
DOC_S08096,S08096,Income Certificate,TPL_5860,Revenue Office,2026-01-20
DOC_S08097,S08097,Income Certificate,TPL_8148,Revenue Office,2026-01-20
DOC_S08098,S08098,Income Certificate,TPL_9139,Revenue Office,2026-01-20
DOC_S08099,S08099,Income Certificate,TPL_4047,Revenue Office,2026-01-20
DOC_S08100,S08100,Income Certificate,TPL_6155,Revenue Office,2026-01-20
DOC_S08101,S08101,Income Certificate,TPL_1502,Revenue Office,2026-01-20
DOC_S08102,S08102,Income Certificate,TPL_1811,Revenue Office,2026-01-20
DOC_S08103,S08103,Income Certificate,TPL_5508,Revenue Office,2026-01-20
DOC_S08104,S08104,Income Certificate,TPL_3187,Revenue Office,2026-01-20
DOC_S08105,S08105,Income Certificate,TPL_1552,Revenue Office,2026-01-20
DOC_S08106,S08106,Income Certificate,TPL_7015,Revenue Office,2026-01-20
DOC_S08107,S08107,Income Certificate,TPL_2403,Revenue Office,2026-01-20
DOC_S08108,S08108,Income Certificate,TPL_4896,Revenue Office,2026-01-20
DOC_S08109,S08109,Income Certificate,TPL_7815,Revenue Office,2026-01-20
DOC_S08110,S08110,Income Certificate,TPL_4076,Revenue Office,2026-01-20
DOC_S08111,S08111,Income Certificate,TPL_4833,Revenue Office,2026-01-20
DOC_S08112,S08112,Income Certificate,TPL_9639,Revenue Office,2026-01-20
DOC_S08113,S08113,Income Certificate,TPL_6414,Revenue Office,2026-01-20
DOC_S08114,S08114,Income Certificate,TPL_6414,Revenue Office,2026-01-20
DOC_S08115,S08115,Income Certificate,TPL_1861,Revenue Office,2026-01-20
DOC_S08116,S08116,Income Certificate,TPL_8391,Revenue Office,2026-01-20
DOC_S08117,S08117,Income Certificate,TPL_4684,Revenue Office,2026-01-20
DOC_S08118,S08118,Income Certificate,TPL_4451,Revenue Office,2026-01-20
DOC_S08119,S08119,Income Certificate,TPL_1271,Revenue Office,2026-01-20
DOC_S08120,S08120,Income Certificate,TPL_8922,Revenue Office,2026-01-20
DOC_S08121,S08121,Income Certificate,TPL_2982,Revenue Office,2026-01-20
DOC_S08122,S08122,Income Certificate,TPL_8872,Revenue Office,2026-01-20
DOC_S08123,S08123,Income Certificate,TPL_9394,Revenue Office,2026-01-20
DOC_S08124,S08124,Income Certificate,TPL_4240,Revenue Office,2026-01-20
DOC_S08125,S08125,Income Certificate,TPL_4615,Revenue Office,2026-01-20
DOC_S08126,S08126,Income Certificate,TPL_5712,Revenue Office,2026-01-20
DOC_S08127,S08127,Income Certificate,TPL_3058,Revenue Office,2026-01-20
DOC_S08128,S08128,Income Certificate,TPL_8377,Revenue Office,2026-01-20
DOC_S08129,S08129,Income Certificate,TPL_2331,Revenue Office,2026-01-20
DOC_S08130,S08130,Income Certificate,TPL_7764,Revenue Office,2026-01-20
DOC_S08131,S08131,Income Certificate,TPL_2498,Revenue Office,2026-01-20
DOC_S08132,S08132,Income Certificate,TPL_5781,Revenue Office,2026-01-20
DOC_S08133,S08133,Income Certificate,TPL_1611,Revenue Office,2026-01-20
DOC_S08134,S08134,Income Certificate,TPL_1473,Revenue Office,2026-01-20
DOC_S08135,S08135,Income Certificate,TPL_8422,Revenue Office,2026-01-20
DOC_S08136,S08136,Income Certificate,TPL_9379,Revenue Office,2026-01-20
DOC_S08137,S08137,Income Certificate,TPL_5942,Revenue Office,2026-01-20
DOC_S08138,S08138,Income Certificate,TPL_8995,Revenue Office,2026-01-20
DOC_S08139,S08139,Income Certificate,TPL_8502,Revenue Office,2026-01-20
DOC_S08140,S08140,Income Certificate,TPL_2550,Revenue Office,2026-01-20
DOC_S08141,S08141,Income Certificate,TPL_2145,Revenue Office,2026-01-20
DOC_S08142,S08142,Income Certificate,TPL_4947,Revenue Office,2026-01-20
DOC_S08143,S08143,Income Certificate,TPL_9733,Revenue Office,2026-01-20
DOC_S08144,S08144,Income Certificate,TPL_9930,Revenue Office,2026-01-20
DOC_S08145,S08145,Income Certificate,TPL_6892,Revenue Office,2026-01-20
DOC_S08146,S08146,Income Certificate,TPL_4085,Revenue Office,2026-01-20
DOC_S08147,S08147,Income Certificate,TPL_9970,Revenue Office,2026-01-20
DOC_S08148,S08148,Income Certificate,TPL_7747,Revenue Office,2026-01-20
DOC_S08149,S08149,Income Certificate,TPL_3340,Revenue Office,2026-01-20
DOC_S08150,S08150,Income Certificate,TPL_6979,Revenue Office,2026-01-20
DOC_S08151,S08151,Income Certificate,TPL_3164,Revenue Office,2026-01-20
DOC_S08152,S08152,Income Certificate,TPL_6788,Revenue Office,2026-01-20
DOC_S08153,S08153,Income Certificate,TPL_5701,Revenue Office,2026-01-20
DOC_S08154,S08154,Income Certificate,TPL_7317,Revenue Office,2026-01-20
DOC_S08155,S08155,Income Certificate,TPL_1868,Revenue Office,2026-01-20
DOC_S08156,S08156,Income Certificate,TPL_1262,Revenue Office,2026-01-20
DOC_S08157,S08157,Income Certificate,TPL_6389,Revenue Office,2026-01-20
DOC_S08158,S08158,Income Certificate,TPL_7954,Revenue Office,2026-01-20
DOC_S08159,S08159,Income Certificate,TPL_3363,Revenue Office,2026-01-20
DOC_S08160,S08160,Income Certificate,TPL_7661,Revenue Office,2026-01-20
DOC_S08161,S08161,Income Certificate,TPL_6727,Revenue Office,2026-01-20
DOC_S08162,S08162,Income Certificate,TPL_5624,Revenue Office,2026-01-20
DOC_S08163,S08163,Income Certificate,TPL_5287,Revenue Office,2026-01-20
DOC_S08164,S08164,Income Certificate,TPL_2793,Revenue Office,2026-01-20
DOC_S08165,S08165,Income Certificate,TPL_3185,Revenue Office,2026-01-20
DOC_S08166,S08166,Income Certificate,TPL_6274,Revenue Office,2026-01-20
DOC_S08167,S08167,Income Certificate,TPL_3113,Revenue Office,2026-01-20
DOC_S08168,S08168,Income Certificate,TPL_3427,Revenue Office,2026-01-20
DOC_S08169,S08169,Income Certificate,TPL_3428,Revenue Office,2026-01-20
DOC_S08170,S08170,Income Certificate,TPL_1584,Revenue Office,2026-01-20
DOC_S08171,S08171,Income Certificate,TPL_4075,Revenue Office,2026-01-20
DOC_S08172,S08172,Income Certificate,TPL_1177,Revenue Office,2026-01-20
DOC_S08173,S08173,Income Certificate,TPL_1762,Revenue Office,2026-01-20
DOC_S08174,S08174,Income Certificate,TPL_8488,Revenue Office,2026-01-20
DOC_S08175,S08175,Income Certificate,TPL_5715,Revenue Office,2026-01-20
DOC_S08176,S08176,Income Certificate,TPL_8887,Revenue Office,2026-01-20
DOC_S08177,S08177,Income Certificate,TPL_5441,Revenue Office,2026-01-20
DOC_S08178,S08178,Income Certificate,TPL_3010,Revenue Office,2026-01-20
DOC_S08179,S08179,Income Certificate,TPL_7926,Revenue Office,2026-01-20
DOC_S08180,S08180,Income Certificate,TPL_5659,Revenue Office,2026-01-20
DOC_S08181,S08181,Income Certificate,TPL_6069,Revenue Office,2026-01-20
DOC_S08182,S08182,Income Certificate,TPL_4824,Revenue Office,2026-01-20
DOC_S08183,S08183,Income Certificate,TPL_8156,Revenue Office,2026-01-20
DOC_S08184,S08184,Income Certificate,TPL_1320,Revenue Office,2026-01-20
DOC_S08185,S08185,Income Certificate,TPL_2894,Revenue Office,2026-01-20
DOC_S08186,S08186,Income Certificate,TPL_1857,Revenue Office,2026-01-20
DOC_S08187,S08187,Income Certificate,TPL_2422,Revenue Office,2026-01-20
DOC_S08188,S08188,Income Certificate,TPL_3533,Revenue Office,2026-01-20
DOC_S08189,S08189,Income Certificate,TPL_5752,Revenue Office,2026-01-20
DOC_S08190,S08190,Income Certificate,TPL_6757,Revenue Office,2026-01-20
DOC_S08191,S08191,Income Certificate,TPL_1734,Revenue Office,2026-01-20
DOC_S08192,S08192,Income Certificate,TPL_1043,Revenue Office,2026-01-20
DOC_S08193,S08193,Income Certificate,TPL_9291,Revenue Office,2026-01-20
DOC_S08194,S08194,Income Certificate,TPL_3395,Revenue Office,2026-01-20
DOC_S08195,S08195,Income Certificate,TPL_2917,Revenue Office,2026-01-20
DOC_S08196,S08196,Income Certificate,TPL_4600,Revenue Office,2026-01-20
DOC_S08197,S08197,Income Certificate,TPL_1581,Revenue Office,2026-01-20
DOC_S08198,S08198,Income Certificate,TPL_3716,Revenue Office,2026-01-20
DOC_S08199,S08199,Income Certificate,TPL_6193,Revenue Office,2026-01-20
DOC_S08200,S08200,Income Certificate,TPL_8230,Revenue Office,2026-01-20
DOC_S08201,S08201,Income Certificate,TPL_9235,Revenue Office,2026-01-20
DOC_S08202,S08202,Income Certificate,TPL_6482,Revenue Office,2026-01-20
DOC_S08203,S08203,Income Certificate,TPL_8070,Revenue Office,2026-01-20
DOC_S08204,S08204,Income Certificate,TPL_1917,Revenue Office,2026-01-20
DOC_S08205,S08205,Income Certificate,TPL_9730,Revenue Office,2026-01-20
DOC_S08206,S08206,Income Certificate,TPL_6379,Revenue Office,2026-01-20
DOC_S08207,S08207,Income Certificate,TPL_9547,Revenue Office,2026-01-20
DOC_S08208,S08208,Income Certificate,TPL_7298,Revenue Office,2026-01-20
DOC_S08209,S08209,Income Certificate,TPL_1847,Revenue Office,2026-01-20
DOC_S08210,S08210,Income Certificate,TPL_2129,Revenue Office,2026-01-20
DOC_S08211,S08211,Income Certificate,TPL_4864,Revenue Office,2026-01-20
DOC_S08212,S08212,Income Certificate,TPL_6111,Revenue Office,2026-01-20
DOC_S08213,S08213,Income Certificate,TPL_9212,Revenue Office,2026-01-20
DOC_S08214,S08214,Income Certificate,TPL_1649,Revenue Office,2026-01-20
DOC_S08215,S08215,Income Certificate,TPL_5702,Revenue Office,2026-01-20
DOC_S08216,S08216,Income Certificate,TPL_4002,Revenue Office,2026-01-20
DOC_S08217,S08217,Income Certificate,TPL_9000,Revenue Office,2026-01-20
DOC_S08218,S08218,Income Certificate,TPL_3579,Revenue Office,2026-01-20
DOC_S08219,S08219,Income Certificate,TPL_6219,Revenue Office,2026-01-20
DOC_S08220,S08220,Income Certificate,TPL_8961,Revenue Office,2026-01-20
DOC_S08221,S08221,Income Certificate,TPL_8728,Revenue Office,2026-01-20
DOC_S08222,S08222,Income Certificate,TPL_9101,Revenue Office,2026-01-20
DOC_S08223,S08223,Income Certificate,TPL_3751,Revenue Office,2026-01-20
DOC_S08224,S08224,Income Certificate,TPL_4469,Revenue Office,2026-01-20
DOC_S08225,S08225,Income Certificate,TPL_4813,Revenue Office,2026-01-20
DOC_S08226,S08226,Income Certificate,TPL_9898,Revenue Office,2026-01-20
DOC_S08227,S08227,Income Certificate,TPL_6784,Revenue Office,2026-01-20
DOC_S08228,S08228,Income Certificate,TPL_7565,Revenue Office,2026-01-20
DOC_S08229,S08229,Income Certificate,TPL_6783,Revenue Office,2026-01-20
DOC_S08230,S08230,Income Certificate,TPL_6139,Revenue Office,2026-01-20
DOC_S08231,S08231,Income Certificate,TPL_6456,Revenue Office,2026-01-20
DOC_S08232,S08232,Income Certificate,TPL_4621,Revenue Office,2026-01-20
DOC_S08233,S08233,Income Certificate,TPL_9077,Revenue Office,2026-01-20
DOC_S08234,S08234,Income Certificate,TPL_5035,Revenue Office,2026-01-20
DOC_S08235,S08235,Income Certificate,TPL_1139,Revenue Office,2026-01-20
DOC_S08236,S08236,Income Certificate,TPL_2349,Revenue Office,2026-01-20
DOC_S08237,S08237,Income Certificate,TPL_2996,Revenue Office,2026-01-20
DOC_S08238,S08238,Income Certificate,TPL_2897,Revenue Office,2026-01-20
DOC_S08239,S08239,Income Certificate,TPL_3148,Revenue Office,2026-01-20
DOC_S08240,S08240,Income Certificate,TPL_4113,Revenue Office,2026-01-20
DOC_S08241,S08241,Income Certificate,TPL_6262,Revenue Office,2026-01-20
DOC_S08242,S08242,Income Certificate,TPL_8674,Revenue Office,2026-01-20
DOC_S08243,S08243,Income Certificate,TPL_4437,Revenue Office,2026-01-20
DOC_S08244,S08244,Income Certificate,TPL_3100,Revenue Office,2026-01-20
DOC_S08245,S08245,Income Certificate,TPL_5763,Revenue Office,2026-01-20
DOC_S08246,S08246,Income Certificate,TPL_3859,Revenue Office,2026-01-20
DOC_S08247,S08247,Income Certificate,TPL_8946,Revenue Office,2026-01-20
DOC_S08248,S08248,Income Certificate,TPL_1804,Revenue Office,2026-01-20
DOC_S08249,S08249,Income Certificate,TPL_9568,Revenue Office,2026-01-20
DOC_S08250,S08250,Income Certificate,TPL_8181,Revenue Office,2026-01-20
DOC_S08251,S08251,Income Certificate,TPL_4106,Revenue Office,2026-01-20
DOC_S08252,S08252,Income Certificate,TPL_7020,Revenue Office,2026-01-20
DOC_S08253,S08253,Income Certificate,TPL_8479,Revenue Office,2026-01-20
DOC_S08254,S08254,Income Certificate,TPL_8639,Revenue Office,2026-01-20
DOC_S08255,S08255,Income Certificate,TPL_2870,Revenue Office,2026-01-20
DOC_S08256,S08256,Income Certificate,TPL_1181,Revenue Office,2026-01-20
DOC_S08257,S08257,Income Certificate,TPL_2647,Revenue Office,2026-01-20
DOC_S08258,S08258,Income Certificate,TPL_2159,Revenue Office,2026-01-20
DOC_S08259,S08259,Income Certificate,TPL_4412,Revenue Office,2026-01-20
DOC_S08260,S08260,Income Certificate,TPL_3429,Revenue Office,2026-01-20
DOC_S08261,S08261,Income Certificate,TPL_9238,Revenue Office,2026-01-20
DOC_S08262,S08262,Income Certificate,TPL_2271,Revenue Office,2026-01-20
DOC_S08263,S08263,Income Certificate,TPL_5630,Revenue Office,2026-01-20
DOC_S08264,S08264,Income Certificate,TPL_9521,Revenue Office,2026-01-20
DOC_S08265,S08265,Income Certificate,TPL_2384,Revenue Office,2026-01-20
DOC_S08266,S08266,Income Certificate,TPL_6505,Revenue Office,2026-01-20
DOC_S08267,S08267,Income Certificate,TPL_9016,Revenue Office,2026-01-20
DOC_S08268,S08268,Income Certificate,TPL_6897,Revenue Office,2026-01-20
DOC_S08269,S08269,Income Certificate,TPL_9825,Revenue Office,2026-01-20
DOC_S08270,S08270,Income Certificate,TPL_9225,Revenue Office,2026-01-20
DOC_S08271,S08271,Income Certificate,TPL_5990,Revenue Office,2026-01-20
DOC_S08272,S08272,Income Certificate,TPL_3344,Revenue Office,2026-01-20
DOC_S08273,S08273,Income Certificate,TPL_4896,Revenue Office,2026-01-20
DOC_S08274,S08274,Income Certificate,TPL_3152,Revenue Office,2026-01-20
DOC_S08275,S08275,Income Certificate,TPL_4022,Revenue Office,2026-01-20
DOC_S08276,S08276,Income Certificate,TPL_6687,Revenue Office,2026-01-20
DOC_S08277,S08277,Income Certificate,TPL_9311,Revenue Office,2026-01-20
DOC_S08278,S08278,Income Certificate,TPL_1471,Revenue Office,2026-01-20
DOC_S08279,S08279,Income Certificate,TPL_3378,Revenue Office,2026-01-20
DOC_S08280,S08280,Income Certificate,TPL_6149,Revenue Office,2026-01-20
DOC_S08281,S08281,Income Certificate,TPL_3507,Revenue Office,2026-01-20
DOC_S08282,S08282,Income Certificate,TPL_3633,Revenue Office,2026-01-20
DOC_S08283,S08283,Income Certificate,TPL_2738,Revenue Office,2026-01-20
DOC_S08284,S08284,Income Certificate,TPL_4771,Revenue Office,2026-01-20
DOC_S08285,S08285,Income Certificate,TPL_4964,Revenue Office,2026-01-20
DOC_S08286,S08286,Income Certificate,TPL_3124,Revenue Office,2026-01-20
DOC_S08287,S08287,Income Certificate,TPL_9030,Revenue Office,2026-01-20
DOC_S08288,S08288,Income Certificate,TPL_6542,Revenue Office,2026-01-20
DOC_S08289,S08289,Income Certificate,TPL_1954,Revenue Office,2026-01-20
DOC_S08290,S08290,Income Certificate,TPL_5799,Revenue Office,2026-01-20
DOC_S08291,S08291,Income Certificate,TPL_3817,Revenue Office,2026-01-20
DOC_S08292,S08292,Income Certificate,TPL_3479,Revenue Office,2026-01-20
DOC_S08293,S08293,Income Certificate,TPL_7827,Revenue Office,2026-01-20
DOC_S08294,S08294,Income Certificate,TPL_9271,Revenue Office,2026-01-20
DOC_S08295,S08295,Income Certificate,TPL_4027,Revenue Office,2026-01-20
DOC_S08296,S08296,Income Certificate,TPL_7460,Revenue Office,2026-01-20
DOC_S08297,S08297,Income Certificate,TPL_1170,Revenue Office,2026-01-20
DOC_S08298,S08298,Income Certificate,TPL_8662,Revenue Office,2026-01-20
DOC_S08299,S08299,Income Certificate,TPL_4015,Revenue Office,2026-01-20
DOC_S08300,S08300,Income Certificate,TPL_8122,Revenue Office,2026-01-20
DOC_S08301,S08301,Income Certificate,TPL_4784,Revenue Office,2026-01-20
DOC_S08302,S08302,Income Certificate,TPL_8097,Revenue Office,2026-01-20
DOC_S08303,S08303,Income Certificate,TPL_7440,Revenue Office,2026-01-20
DOC_S08304,S08304,Income Certificate,TPL_4170,Revenue Office,2026-01-20
DOC_S08305,S08305,Income Certificate,TPL_5403,Revenue Office,2026-01-20
DOC_S08306,S08306,Income Certificate,TPL_4279,Revenue Office,2026-01-20
DOC_S08307,S08307,Income Certificate,TPL_5428,Revenue Office,2026-01-20
DOC_S08308,S08308,Income Certificate,TPL_1397,Revenue Office,2026-01-20
DOC_S08309,S08309,Income Certificate,TPL_7175,Revenue Office,2026-01-20
DOC_S08310,S08310,Income Certificate,TPL_9601,Revenue Office,2026-01-20
DOC_S08311,S08311,Income Certificate,TPL_2528,Revenue Office,2026-01-20
DOC_S08312,S08312,Income Certificate,TPL_6220,Revenue Office,2026-01-20
DOC_S08313,S08313,Income Certificate,TPL_4084,Revenue Office,2026-01-20
DOC_S08314,S08314,Income Certificate,TPL_2659,Revenue Office,2026-01-20
DOC_S08315,S08315,Income Certificate,TPL_4870,Revenue Office,2026-01-20
DOC_S08316,S08316,Income Certificate,TPL_4548,Revenue Office,2026-01-20
DOC_S08317,S08317,Income Certificate,TPL_2222,Revenue Office,2026-01-20
DOC_S08318,S08318,Income Certificate,TPL_9799,Revenue Office,2026-01-20
DOC_S08319,S08319,Income Certificate,TPL_8172,Revenue Office,2026-01-20
DOC_S08320,S08320,Income Certificate,TPL_5165,Revenue Office,2026-01-20
DOC_S08321,S08321,Income Certificate,TPL_6129,Revenue Office,2026-01-20
DOC_S08322,S08322,Income Certificate,TPL_6051,Revenue Office,2026-01-20
DOC_S08323,S08323,Income Certificate,TPL_2128,Revenue Office,2026-01-20
DOC_S08324,S08324,Income Certificate,TPL_5328,Revenue Office,2026-01-20
DOC_S08325,S08325,Income Certificate,TPL_8710,Revenue Office,2026-01-20
DOC_S08326,S08326,Income Certificate,TPL_2062,Revenue Office,2026-01-20
DOC_S08327,S08327,Income Certificate,TPL_2444,Revenue Office,2026-01-20
DOC_S08328,S08328,Income Certificate,TPL_3484,Revenue Office,2026-01-20
DOC_S08329,S08329,Income Certificate,TPL_3942,Revenue Office,2026-01-20
DOC_S08330,S08330,Income Certificate,TPL_1092,Revenue Office,2026-01-20
DOC_S08331,S08331,Income Certificate,TPL_1903,Revenue Office,2026-01-20
DOC_S08332,S08332,Income Certificate,TPL_7574,Revenue Office,2026-01-20
DOC_S08333,S08333,Income Certificate,TPL_4927,Revenue Office,2026-01-20
DOC_S08334,S08334,Income Certificate,TPL_1196,Revenue Office,2026-01-20
DOC_S08335,S08335,Income Certificate,TPL_6278,Revenue Office,2026-01-20
DOC_S08336,S08336,Income Certificate,TPL_1154,Revenue Office,2026-01-20
DOC_S08337,S08337,Income Certificate,TPL_2915,Revenue Office,2026-01-20
DOC_S08338,S08338,Income Certificate,TPL_5331,Revenue Office,2026-01-20
DOC_S08339,S08339,Income Certificate,TPL_4066,Revenue Office,2026-01-20
DOC_S08340,S08340,Income Certificate,TPL_8966,Revenue Office,2026-01-20
DOC_S08341,S08341,Income Certificate,TPL_2531,Revenue Office,2026-01-20
DOC_S08342,S08342,Income Certificate,TPL_6163,Revenue Office,2026-01-20
DOC_S08343,S08343,Income Certificate,TPL_3172,Revenue Office,2026-01-20
DOC_S08344,S08344,Income Certificate,TPL_4418,Revenue Office,2026-01-20
DOC_S08345,S08345,Income Certificate,TPL_2640,Revenue Office,2026-01-20
DOC_S08346,S08346,Income Certificate,TPL_5930,Revenue Office,2026-01-20
DOC_S08347,S08347,Income Certificate,TPL_3677,Revenue Office,2026-01-20
DOC_S08348,S08348,Income Certificate,TPL_4971,Revenue Office,2026-01-20
DOC_S08349,S08349,Income Certificate,TPL_3222,Revenue Office,2026-01-20
DOC_S08350,S08350,Income Certificate,TPL_5567,Revenue Office,2026-01-20
DOC_S08351,S08351,Income Certificate,TPL_7746,Revenue Office,2026-01-20
DOC_S08352,S08352,Income Certificate,TPL_3120,Revenue Office,2026-01-20
DOC_S08353,S08353,Income Certificate,TPL_9397,Revenue Office,2026-01-20
DOC_S08354,S08354,Income Certificate,TPL_5707,Revenue Office,2026-01-20
DOC_S08355,S08355,Income Certificate,TPL_1299,Revenue Office,2026-01-20
DOC_S08356,S08356,Income Certificate,TPL_4746,Revenue Office,2026-01-20
DOC_S08357,S08357,Income Certificate,TPL_9475,Revenue Office,2026-01-20
DOC_S08358,S08358,Income Certificate,TPL_5543,Revenue Office,2026-01-20
DOC_S08359,S08359,Income Certificate,TPL_2548,Revenue Office,2026-01-20
DOC_S08360,S08360,Income Certificate,TPL_3215,Revenue Office,2026-01-20
DOC_S08361,S08361,Income Certificate,TPL_1150,Revenue Office,2026-01-20
DOC_S08362,S08362,Income Certificate,TPL_8932,Revenue Office,2026-01-20
DOC_S08363,S08363,Income Certificate,TPL_8133,Revenue Office,2026-01-20
DOC_S08364,S08364,Income Certificate,TPL_1018,Revenue Office,2026-01-20
DOC_S08365,S08365,Income Certificate,TPL_4299,Revenue Office,2026-01-20
DOC_S08366,S08366,Income Certificate,TPL_7207,Revenue Office,2026-01-20
DOC_S08367,S08367,Income Certificate,TPL_6100,Revenue Office,2026-01-20
DOC_S08368,S08368,Income Certificate,TPL_1824,Revenue Office,2026-01-20
DOC_S08369,S08369,Income Certificate,TPL_6373,Revenue Office,2026-01-20
DOC_S08370,S08370,Income Certificate,TPL_9926,Revenue Office,2026-01-20
DOC_S08371,S08371,Income Certificate,TPL_8924,Revenue Office,2026-01-20
DOC_S08372,S08372,Income Certificate,TPL_3201,Revenue Office,2026-01-20
DOC_S08373,S08373,Income Certificate,TPL_8435,Revenue Office,2026-01-20
DOC_S08374,S08374,Income Certificate,TPL_6912,Revenue Office,2026-01-20
DOC_S08375,S08375,Income Certificate,TPL_5681,Revenue Office,2026-01-20
DOC_S08376,S08376,Income Certificate,TPL_6025,Revenue Office,2026-01-20
DOC_S08377,S08377,Income Certificate,TPL_9372,Revenue Office,2026-01-20
DOC_S08378,S08378,Income Certificate,TPL_1844,Revenue Office,2026-01-20
DOC_S08379,S08379,Income Certificate,TPL_1950,Revenue Office,2026-01-20
DOC_S08380,S08380,Income Certificate,TPL_4018,Revenue Office,2026-01-20
DOC_S08381,S08381,Income Certificate,TPL_9529,Revenue Office,2026-01-20
DOC_S08382,S08382,Income Certificate,TPL_4086,Revenue Office,2026-01-20
DOC_S08383,S08383,Income Certificate,TPL_8183,Revenue Office,2026-01-20
DOC_S08384,S08384,Income Certificate,TPL_5766,Revenue Office,2026-01-20
DOC_S08385,S08385,Income Certificate,TPL_3521,Revenue Office,2026-01-20
DOC_S08386,S08386,Income Certificate,TPL_5296,Revenue Office,2026-01-20
DOC_S08387,S08387,Income Certificate,TPL_9695,Revenue Office,2026-01-20
DOC_S08388,S08388,Income Certificate,TPL_2360,Revenue Office,2026-01-20
DOC_S08389,S08389,Income Certificate,TPL_5961,Revenue Office,2026-01-20
DOC_S08390,S08390,Income Certificate,TPL_9989,Revenue Office,2026-01-20
DOC_S08391,S08391,Income Certificate,TPL_6406,Revenue Office,2026-01-20
DOC_S08392,S08392,Income Certificate,TPL_7781,Revenue Office,2026-01-20
DOC_S08393,S08393,Income Certificate,TPL_7792,Revenue Office,2026-01-20
DOC_S08394,S08394,Income Certificate,TPL_2399,Revenue Office,2026-01-20
DOC_S08395,S08395,Income Certificate,TPL_4257,Revenue Office,2026-01-20
DOC_S08396,S08396,Income Certificate,TPL_1616,Revenue Office,2026-01-20
DOC_S08397,S08397,Income Certificate,TPL_5110,Revenue Office,2026-01-20
DOC_S08398,S08398,Income Certificate,TPL_5560,Revenue Office,2026-01-20
DOC_S08399,S08399,Income Certificate,TPL_8514,Revenue Office,2026-01-20
DOC_S08400,S08400,Income Certificate,TPL_2142,Revenue Office,2026-01-20
DOC_S08401,S08401,Income Certificate,TPL_9728,Revenue Office,2026-01-20
DOC_S08402,S08402,Income Certificate,TPL_3795,Revenue Office,2026-01-20
DOC_S08403,S08403,Income Certificate,TPL_9723,Revenue Office,2026-01-20
DOC_S08404,S08404,Income Certificate,TPL_4468,Revenue Office,2026-01-20
DOC_S08405,S08405,Income Certificate,TPL_8101,Revenue Office,2026-01-20
DOC_S08406,S08406,Income Certificate,TPL_7179,Revenue Office,2026-01-20
DOC_S08407,S08407,Income Certificate,TPL_5456,Revenue Office,2026-01-20
DOC_S08408,S08408,Income Certificate,TPL_2349,Revenue Office,2026-01-20
DOC_S08409,S08409,Income Certificate,TPL_3575,Revenue Office,2026-01-20
DOC_S08410,S08410,Income Certificate,TPL_7456,Revenue Office,2026-01-20
DOC_S08411,S08411,Income Certificate,TPL_1976,Revenue Office,2026-01-20
DOC_S08412,S08412,Income Certificate,TPL_8997,Revenue Office,2026-01-20
DOC_S08413,S08413,Income Certificate,TPL_5451,Revenue Office,2026-01-20
DOC_S08414,S08414,Income Certificate,TPL_7858,Revenue Office,2026-01-20
DOC_S08415,S08415,Income Certificate,TPL_2931,Revenue Office,2026-01-20
DOC_S08416,S08416,Income Certificate,TPL_6680,Revenue Office,2026-01-20
DOC_S08417,S08417,Income Certificate,TPL_3843,Revenue Office,2026-01-20
DOC_S08418,S08418,Income Certificate,TPL_4260,Revenue Office,2026-01-20
DOC_S08419,S08419,Income Certificate,TPL_9186,Revenue Office,2026-01-20
DOC_S08420,S08420,Income Certificate,TPL_7930,Revenue Office,2026-01-20
DOC_S08421,S08421,Income Certificate,TPL_5226,Revenue Office,2026-01-20
DOC_S08422,S08422,Income Certificate,TPL_9307,Revenue Office,2026-01-20
DOC_S08423,S08423,Income Certificate,TPL_7400,Revenue Office,2026-01-20
DOC_S08424,S08424,Income Certificate,TPL_2790,Revenue Office,2026-01-20
DOC_S08425,S08425,Income Certificate,TPL_1729,Revenue Office,2026-01-20
DOC_S08426,S08426,Income Certificate,TPL_4229,Revenue Office,2026-01-20
DOC_S08427,S08427,Income Certificate,TPL_3631,Revenue Office,2026-01-20
DOC_S08428,S08428,Income Certificate,TPL_7449,Revenue Office,2026-01-20
DOC_S08429,S08429,Income Certificate,TPL_7525,Revenue Office,2026-01-20
DOC_S08430,S08430,Income Certificate,TPL_2561,Revenue Office,2026-01-20
DOC_S08431,S08431,Income Certificate,TPL_6518,Revenue Office,2026-01-20
DOC_S08432,S08432,Income Certificate,TPL_3882,Revenue Office,2026-01-20
DOC_S08433,S08433,Income Certificate,TPL_3787,Revenue Office,2026-01-20
DOC_S08434,S08434,Income Certificate,TPL_2787,Revenue Office,2026-01-20
DOC_S08435,S08435,Income Certificate,TPL_7875,Revenue Office,2026-01-20
DOC_S08436,S08436,Income Certificate,TPL_7503,Revenue Office,2026-01-20
DOC_S08437,S08437,Income Certificate,TPL_6853,Revenue Office,2026-01-20
DOC_S08438,S08438,Income Certificate,TPL_9756,Revenue Office,2026-01-20
DOC_S08439,S08439,Income Certificate,TPL_1367,Revenue Office,2026-01-20
DOC_S08440,S08440,Income Certificate,TPL_3896,Revenue Office,2026-01-20
DOC_S08441,S08441,Income Certificate,TPL_4804,Revenue Office,2026-01-20
DOC_S08442,S08442,Income Certificate,TPL_3691,Revenue Office,2026-01-20
DOC_S08443,S08443,Income Certificate,TPL_2333,Revenue Office,2026-01-20
DOC_S08444,S08444,Income Certificate,TPL_3148,Revenue Office,2026-01-20
DOC_S08445,S08445,Income Certificate,TPL_9590,Revenue Office,2026-01-20
DOC_S08446,S08446,Income Certificate,TPL_8274,Revenue Office,2026-01-20
DOC_S08447,S08447,Income Certificate,TPL_3966,Revenue Office,2026-01-20
DOC_S08448,S08448,Income Certificate,TPL_1100,Revenue Office,2026-01-20
DOC_S08449,S08449,Income Certificate,TPL_1203,Revenue Office,2026-01-20
DOC_S08450,S08450,Income Certificate,TPL_8871,Revenue Office,2026-01-20
DOC_S08451,S08451,Income Certificate,TPL_9011,Revenue Office,2026-01-20
DOC_S08452,S08452,Income Certificate,TPL_4473,Revenue Office,2026-01-20
DOC_S08453,S08453,Income Certificate,TPL_5159,Revenue Office,2026-01-20
DOC_S08454,S08454,Income Certificate,TPL_7462,Revenue Office,2026-01-20
DOC_S08455,S08455,Income Certificate,TPL_4336,Revenue Office,2026-01-20
DOC_S08456,S08456,Income Certificate,TPL_1547,Revenue Office,2026-01-20
DOC_S08457,S08457,Income Certificate,TPL_4101,Revenue Office,2026-01-20
DOC_S08458,S08458,Income Certificate,TPL_9805,Revenue Office,2026-01-20
DOC_S08459,S08459,Income Certificate,TPL_9052,Revenue Office,2026-01-20
DOC_S08460,S08460,Income Certificate,TPL_1402,Revenue Office,2026-01-20
DOC_S08461,S08461,Income Certificate,TPL_5220,Revenue Office,2026-01-20
DOC_S08462,S08462,Income Certificate,TPL_1506,Revenue Office,2026-01-20
DOC_S08463,S08463,Income Certificate,TPL_6138,Revenue Office,2026-01-20
DOC_S08464,S08464,Income Certificate,TPL_6637,Revenue Office,2026-01-20
DOC_S08465,S08465,Income Certificate,TPL_4106,Revenue Office,2026-01-20
DOC_S08466,S08466,Income Certificate,TPL_2147,Revenue Office,2026-01-20
DOC_S08467,S08467,Income Certificate,TPL_5761,Revenue Office,2026-01-20
DOC_S08468,S08468,Income Certificate,TPL_6288,Revenue Office,2026-01-20
DOC_S08469,S08469,Income Certificate,TPL_7392,Revenue Office,2026-01-20
DOC_S08470,S08470,Income Certificate,TPL_2977,Revenue Office,2026-01-20
DOC_S08471,S08471,Income Certificate,TPL_6899,Revenue Office,2026-01-20
DOC_S08472,S08472,Income Certificate,TPL_1252,Revenue Office,2026-01-20
DOC_S08473,S08473,Income Certificate,TPL_1493,Revenue Office,2026-01-20
DOC_S08474,S08474,Income Certificate,TPL_7937,Revenue Office,2026-01-20
DOC_S08475,S08475,Income Certificate,TPL_5256,Revenue Office,2026-01-20
DOC_S08476,S08476,Income Certificate,TPL_7550,Revenue Office,2026-01-20
DOC_S08477,S08477,Income Certificate,TPL_9056,Revenue Office,2026-01-20
DOC_S08478,S08478,Income Certificate,TPL_6263,Revenue Office,2026-01-20
DOC_S08479,S08479,Income Certificate,TPL_9419,Revenue Office,2026-01-20
DOC_S08480,S08480,Income Certificate,TPL_5714,Revenue Office,2026-01-20
DOC_S08481,S08481,Income Certificate,TPL_6557,Revenue Office,2026-01-20
DOC_S08482,S08482,Income Certificate,TPL_5897,Revenue Office,2026-01-20
DOC_S08483,S08483,Income Certificate,TPL_2743,Revenue Office,2026-01-20
DOC_S08484,S08484,Income Certificate,TPL_7009,Revenue Office,2026-01-20
DOC_S08485,S08485,Income Certificate,TPL_5895,Revenue Office,2026-01-20
DOC_S08486,S08486,Income Certificate,TPL_6037,Revenue Office,2026-01-20
DOC_S08487,S08487,Income Certificate,TPL_2670,Revenue Office,2026-01-20
DOC_S08488,S08488,Income Certificate,TPL_6300,Revenue Office,2026-01-20
DOC_S08489,S08489,Income Certificate,TPL_8028,Revenue Office,2026-01-20
DOC_S08490,S08490,Income Certificate,TPL_3441,Revenue Office,2026-01-20
DOC_S08491,S08491,Income Certificate,TPL_1211,Revenue Office,2026-01-20
DOC_S08492,S08492,Income Certificate,TPL_5178,Revenue Office,2026-01-20
DOC_S08493,S08493,Income Certificate,TPL_8918,Revenue Office,2026-01-20
DOC_S08494,S08494,Income Certificate,TPL_1708,Revenue Office,2026-01-20
DOC_S08495,S08495,Income Certificate,TPL_4760,Revenue Office,2026-01-20
DOC_S08496,S08496,Income Certificate,TPL_3103,Revenue Office,2026-01-20
DOC_S08497,S08497,Income Certificate,TPL_6229,Revenue Office,2026-01-20
DOC_S08498,S08498,Income Certificate,TPL_8620,Revenue Office,2026-01-20
DOC_S08499,S08499,Income Certificate,TPL_7002,Revenue Office,2026-01-20
DOC_S08500,S08500,Income Certificate,TPL_1966,Revenue Office,2026-01-20
DOC_S08501,S08501,Income Certificate,TPL_8100,Revenue Office,2026-01-20
DOC_S08502,S08502,Income Certificate,TPL_2472,Revenue Office,2026-01-20
DOC_S08503,S08503,Income Certificate,TPL_1974,Revenue Office,2026-01-20
DOC_S08504,S08504,Income Certificate,TPL_9073,Revenue Office,2026-01-20
DOC_S08505,S08505,Income Certificate,TPL_5565,Revenue Office,2026-01-20
DOC_S08506,S08506,Income Certificate,TPL_9602,Revenue Office,2026-01-20
DOC_S08507,S08507,Income Certificate,TPL_5068,Revenue Office,2026-01-20
DOC_S08508,S08508,Income Certificate,TPL_5784,Revenue Office,2026-01-20
DOC_S08509,S08509,Income Certificate,TPL_9983,Revenue Office,2026-01-20
DOC_S08510,S08510,Income Certificate,TPL_2353,Revenue Office,2026-01-20
DOC_S08511,S08511,Income Certificate,TPL_8603,Revenue Office,2026-01-20
DOC_S08512,S08512,Income Certificate,TPL_8820,Revenue Office,2026-01-20
DOC_S08513,S08513,Income Certificate,TPL_5536,Revenue Office,2026-01-20
DOC_S08514,S08514,Income Certificate,TPL_2593,Revenue Office,2026-01-20
DOC_S08515,S08515,Income Certificate,TPL_3864,Revenue Office,2026-01-20
DOC_S08516,S08516,Income Certificate,TPL_7345,Revenue Office,2026-01-20
DOC_S08517,S08517,Income Certificate,TPL_9220,Revenue Office,2026-01-20
DOC_S08518,S08518,Income Certificate,TPL_6704,Revenue Office,2026-01-20
DOC_S08519,S08519,Income Certificate,TPL_3738,Revenue Office,2026-01-20
DOC_S08520,S08520,Income Certificate,TPL_5589,Revenue Office,2026-01-20
DOC_S08521,S08521,Income Certificate,TPL_2695,Revenue Office,2026-01-20
DOC_S08522,S08522,Income Certificate,TPL_6602,Revenue Office,2026-01-20
DOC_S08523,S08523,Income Certificate,TPL_7428,Revenue Office,2026-01-20
DOC_S08524,S08524,Income Certificate,TPL_5120,Revenue Office,2026-01-20
DOC_S08525,S08525,Income Certificate,TPL_8255,Revenue Office,2026-01-20
DOC_S08526,S08526,Income Certificate,TPL_5734,Revenue Office,2026-01-20
DOC_S08527,S08527,Income Certificate,TPL_7840,Revenue Office,2026-01-20
DOC_S08528,S08528,Income Certificate,TPL_6443,Revenue Office,2026-01-20
DOC_S08529,S08529,Income Certificate,TPL_3227,Revenue Office,2026-01-20
DOC_S08530,S08530,Income Certificate,TPL_2886,Revenue Office,2026-01-20
DOC_S08531,S08531,Income Certificate,TPL_7030,Revenue Office,2026-01-20
DOC_S08532,S08532,Income Certificate,TPL_4171,Revenue Office,2026-01-20
DOC_S08533,S08533,Income Certificate,TPL_7094,Revenue Office,2026-01-20
DOC_S08534,S08534,Income Certificate,TPL_7768,Revenue Office,2026-01-20
DOC_S08535,S08535,Income Certificate,TPL_9182,Revenue Office,2026-01-20
DOC_S08536,S08536,Income Certificate,TPL_1692,Revenue Office,2026-01-20
DOC_S08537,S08537,Income Certificate,TPL_5441,Revenue Office,2026-01-20
DOC_S08538,S08538,Income Certificate,TPL_9165,Revenue Office,2026-01-20
DOC_S08539,S08539,Income Certificate,TPL_1870,Revenue Office,2026-01-20
DOC_S08540,S08540,Income Certificate,TPL_7104,Revenue Office,2026-01-20
DOC_S08541,S08541,Income Certificate,TPL_3952,Revenue Office,2026-01-20
DOC_S08542,S08542,Income Certificate,TPL_7183,Revenue Office,2026-01-20
DOC_S08543,S08543,Income Certificate,TPL_2713,Revenue Office,2026-01-20
DOC_S08544,S08544,Income Certificate,TPL_9830,Revenue Office,2026-01-20
DOC_S08545,S08545,Income Certificate,TPL_2994,Revenue Office,2026-01-20
DOC_S08546,S08546,Income Certificate,TPL_7623,Revenue Office,2026-01-20
DOC_S08547,S08547,Income Certificate,TPL_6506,Revenue Office,2026-01-20
DOC_S08548,S08548,Income Certificate,TPL_4748,Revenue Office,2026-01-20
DOC_S08549,S08549,Income Certificate,TPL_7235,Revenue Office,2026-01-20
DOC_S08550,S08550,Income Certificate,TPL_7966,Revenue Office,2026-01-20
DOC_S08551,S08551,Income Certificate,TPL_7194,Revenue Office,2026-01-20
DOC_S08552,S08552,Income Certificate,TPL_5918,Revenue Office,2026-01-20
DOC_S08553,S08553,Income Certificate,TPL_8708,Revenue Office,2026-01-20
DOC_S08554,S08554,Income Certificate,TPL_9839,Revenue Office,2026-01-20
DOC_S08555,S08555,Income Certificate,TPL_4907,Revenue Office,2026-01-20
DOC_S08556,S08556,Income Certificate,TPL_9934,Revenue Office,2026-01-20
DOC_S08557,S08557,Income Certificate,TPL_9892,Revenue Office,2026-01-20
DOC_S08558,S08558,Income Certificate,TPL_4113,Revenue Office,2026-01-20
DOC_S08559,S08559,Income Certificate,TPL_9640,Revenue Office,2026-01-20
DOC_S08560,S08560,Income Certificate,TPL_1331,Revenue Office,2026-01-20
DOC_S08561,S08561,Income Certificate,TPL_1151,Revenue Office,2026-01-20
DOC_S08562,S08562,Income Certificate,TPL_2019,Revenue Office,2026-01-20
DOC_S08563,S08563,Income Certificate,TPL_1887,Revenue Office,2026-01-20
DOC_S08564,S08564,Income Certificate,TPL_5598,Revenue Office,2026-01-20
DOC_S08565,S08565,Income Certificate,TPL_3413,Revenue Office,2026-01-20
DOC_S08566,S08566,Income Certificate,TPL_6353,Revenue Office,2026-01-20
DOC_S08567,S08567,Income Certificate,TPL_7883,Revenue Office,2026-01-20
DOC_S08568,S08568,Income Certificate,TPL_8439,Revenue Office,2026-01-20
DOC_S08569,S08569,Income Certificate,TPL_9430,Revenue Office,2026-01-20
DOC_S08570,S08570,Income Certificate,TPL_4660,Revenue Office,2026-01-20
DOC_S08571,S08571,Income Certificate,TPL_5231,Revenue Office,2026-01-20
DOC_S08572,S08572,Income Certificate,TPL_1227,Revenue Office,2026-01-20
DOC_S08573,S08573,Income Certificate,TPL_9637,Revenue Office,2026-01-20
DOC_S08574,S08574,Income Certificate,TPL_8330,Revenue Office,2026-01-20
DOC_S08575,S08575,Income Certificate,TPL_6323,Revenue Office,2026-01-20
DOC_S08576,S08576,Income Certificate,TPL_7358,Revenue Office,2026-01-20
DOC_S08577,S08577,Income Certificate,TPL_6193,Revenue Office,2026-01-20
DOC_S08578,S08578,Income Certificate,TPL_7980,Revenue Office,2026-01-20
DOC_S08579,S08579,Income Certificate,TPL_9876,Revenue Office,2026-01-20
DOC_S08580,S08580,Income Certificate,TPL_1555,Revenue Office,2026-01-20
DOC_S08581,S08581,Income Certificate,TPL_1199,Revenue Office,2026-01-20
DOC_S08582,S08582,Income Certificate,TPL_3552,Revenue Office,2026-01-20
DOC_S08583,S08583,Income Certificate,TPL_8012,Revenue Office,2026-01-20
DOC_S08584,S08584,Income Certificate,TPL_7166,Revenue Office,2026-01-20
DOC_S08585,S08585,Income Certificate,TPL_8158,Revenue Office,2026-01-20
DOC_S08586,S08586,Income Certificate,TPL_5342,Revenue Office,2026-01-20
DOC_S08587,S08587,Income Certificate,TPL_5710,Revenue Office,2026-01-20
DOC_S08588,S08588,Income Certificate,TPL_8979,Revenue Office,2026-01-20
DOC_S08589,S08589,Income Certificate,TPL_6129,Revenue Office,2026-01-20
DOC_S08590,S08590,Income Certificate,TPL_1304,Revenue Office,2026-01-20
DOC_S08591,S08591,Income Certificate,TPL_3830,Revenue Office,2026-01-20
DOC_S08592,S08592,Income Certificate,TPL_4923,Revenue Office,2026-01-20
DOC_S08593,S08593,Income Certificate,TPL_9918,Revenue Office,2026-01-20
DOC_S08594,S08594,Income Certificate,TPL_1508,Revenue Office,2026-01-20
DOC_S08595,S08595,Income Certificate,TPL_5019,Revenue Office,2026-01-20
DOC_S08596,S08596,Income Certificate,TPL_5116,Revenue Office,2026-01-20
DOC_S08597,S08597,Income Certificate,TPL_5566,Revenue Office,2026-01-20
DOC_S08598,S08598,Income Certificate,TPL_6953,Revenue Office,2026-01-20
DOC_S08599,S08599,Income Certificate,TPL_1275,Revenue Office,2026-01-20
DOC_S08600,S08600,Income Certificate,TPL_5671,Revenue Office,2026-01-20
DOC_S08601,S08601,Income Certificate,TPL_6619,Revenue Office,2026-01-20
DOC_S08602,S08602,Income Certificate,TPL_2423,Revenue Office,2026-01-20
DOC_S08603,S08603,Income Certificate,TPL_8033,Revenue Office,2026-01-20
DOC_S08604,S08604,Income Certificate,TPL_8278,Revenue Office,2026-01-20
DOC_S08605,S08605,Income Certificate,TPL_8385,Revenue Office,2026-01-20
DOC_S08606,S08606,Income Certificate,TPL_1057,Revenue Office,2026-01-20
DOC_S08607,S08607,Income Certificate,TPL_5043,Revenue Office,2026-01-20
DOC_S08608,S08608,Income Certificate,TPL_1045,Revenue Office,2026-01-20
DOC_S08609,S08609,Income Certificate,TPL_9403,Revenue Office,2026-01-20
DOC_S08610,S08610,Income Certificate,TPL_6604,Revenue Office,2026-01-20
DOC_S08611,S08611,Income Certificate,TPL_9777,Revenue Office,2026-01-20
DOC_S08612,S08612,Income Certificate,TPL_1138,Revenue Office,2026-01-20
DOC_S08613,S08613,Income Certificate,TPL_1380,Revenue Office,2026-01-20
DOC_S08614,S08614,Income Certificate,TPL_1398,Revenue Office,2026-01-20
DOC_S08615,S08615,Income Certificate,TPL_3671,Revenue Office,2026-01-20
DOC_S08616,S08616,Income Certificate,TPL_8092,Revenue Office,2026-01-20
DOC_S08617,S08617,Income Certificate,TPL_6975,Revenue Office,2026-01-20
DOC_S08618,S08618,Income Certificate,TPL_3592,Revenue Office,2026-01-20
DOC_S08619,S08619,Income Certificate,TPL_1477,Revenue Office,2026-01-20
DOC_S08620,S08620,Income Certificate,TPL_9294,Revenue Office,2026-01-20
DOC_S08621,S08621,Income Certificate,TPL_5548,Revenue Office,2026-01-20
DOC_S08622,S08622,Income Certificate,TPL_2973,Revenue Office,2026-01-20
DOC_S08623,S08623,Income Certificate,TPL_4674,Revenue Office,2026-01-20
DOC_S08624,S08624,Income Certificate,TPL_7650,Revenue Office,2026-01-20
DOC_S08625,S08625,Income Certificate,TPL_6243,Revenue Office,2026-01-20
DOC_S08626,S08626,Income Certificate,TPL_5482,Revenue Office,2026-01-20
DOC_S08627,S08627,Income Certificate,TPL_1045,Revenue Office,2026-01-20
DOC_S08628,S08628,Income Certificate,TPL_8837,Revenue Office,2026-01-20
DOC_S08629,S08629,Income Certificate,TPL_5184,Revenue Office,2026-01-20
DOC_S08630,S08630,Income Certificate,TPL_9222,Revenue Office,2026-01-20
DOC_S08631,S08631,Income Certificate,TPL_4293,Revenue Office,2026-01-20
DOC_S08632,S08632,Income Certificate,TPL_3770,Revenue Office,2026-01-20
DOC_S08633,S08633,Income Certificate,TPL_6899,Revenue Office,2026-01-20
DOC_S08634,S08634,Income Certificate,TPL_4216,Revenue Office,2026-01-20
DOC_S08635,S08635,Income Certificate,TPL_9031,Revenue Office,2026-01-20
DOC_S08636,S08636,Income Certificate,TPL_8943,Revenue Office,2026-01-20
DOC_S08637,S08637,Income Certificate,TPL_5642,Revenue Office,2026-01-20
DOC_S08638,S08638,Income Certificate,TPL_5309,Revenue Office,2026-01-20
DOC_S08639,S08639,Income Certificate,TPL_9280,Revenue Office,2026-01-20
DOC_S08640,S08640,Income Certificate,TPL_8903,Revenue Office,2026-01-20
DOC_S08641,S08641,Income Certificate,TPL_2952,Revenue Office,2026-01-20
DOC_S08642,S08642,Income Certificate,TPL_1214,Revenue Office,2026-01-20
DOC_S08643,S08643,Income Certificate,TPL_1858,Revenue Office,2026-01-20
DOC_S08644,S08644,Income Certificate,TPL_3919,Revenue Office,2026-01-20
DOC_S08645,S08645,Income Certificate,TPL_9019,Revenue Office,2026-01-20
DOC_S08646,S08646,Income Certificate,TPL_4942,Revenue Office,2026-01-20
DOC_S08647,S08647,Income Certificate,TPL_5604,Revenue Office,2026-01-20
DOC_S08648,S08648,Income Certificate,TPL_4400,Revenue Office,2026-01-20
DOC_S08649,S08649,Income Certificate,TPL_7030,Revenue Office,2026-01-20
DOC_S08650,S08650,Income Certificate,TPL_9537,Revenue Office,2026-01-20
DOC_S08651,S08651,Income Certificate,TPL_9948,Revenue Office,2026-01-20
DOC_S08652,S08652,Income Certificate,TPL_9062,Revenue Office,2026-01-20
DOC_S08653,S08653,Income Certificate,TPL_3327,Revenue Office,2026-01-20
DOC_S08654,S08654,Income Certificate,TPL_9276,Revenue Office,2026-01-20
DOC_S08655,S08655,Income Certificate,TPL_9999,Revenue Office,2026-01-20
DOC_S08656,S08656,Income Certificate,TPL_8740,Revenue Office,2026-01-20
DOC_S08657,S08657,Income Certificate,TPL_9609,Revenue Office,2026-01-20
DOC_S08658,S08658,Income Certificate,TPL_7657,Revenue Office,2026-01-20
DOC_S08659,S08659,Income Certificate,TPL_2170,Revenue Office,2026-01-20
DOC_S08660,S08660,Income Certificate,TPL_3135,Revenue Office,2026-01-20
DOC_S08661,S08661,Income Certificate,TPL_1453,Revenue Office,2026-01-20
DOC_S08662,S08662,Income Certificate,TPL_4545,Revenue Office,2026-01-20
DOC_S08663,S08663,Income Certificate,TPL_8926,Revenue Office,2026-01-20
DOC_S08664,S08664,Income Certificate,TPL_9809,Revenue Office,2026-01-20
DOC_S08665,S08665,Income Certificate,TPL_3171,Revenue Office,2026-01-20
DOC_S08666,S08666,Income Certificate,TPL_5355,Revenue Office,2026-01-20
DOC_S08667,S08667,Income Certificate,TPL_1685,Revenue Office,2026-01-20
DOC_S08668,S08668,Income Certificate,TPL_8225,Revenue Office,2026-01-20
DOC_S08669,S08669,Income Certificate,TPL_9613,Revenue Office,2026-01-20
DOC_S08670,S08670,Income Certificate,TPL_6868,Revenue Office,2026-01-20
DOC_S08671,S08671,Income Certificate,TPL_1550,Revenue Office,2026-01-20
DOC_S08672,S08672,Income Certificate,TPL_7789,Revenue Office,2026-01-20
DOC_S08673,S08673,Income Certificate,TPL_8946,Revenue Office,2026-01-20
DOC_S08674,S08674,Income Certificate,TPL_3848,Revenue Office,2026-01-20
DOC_S08675,S08675,Income Certificate,TPL_7495,Revenue Office,2026-01-20
DOC_S08676,S08676,Income Certificate,TPL_7741,Revenue Office,2026-01-20
DOC_S08677,S08677,Income Certificate,TPL_7256,Revenue Office,2026-01-20
DOC_S08678,S08678,Income Certificate,TPL_9399,Revenue Office,2026-01-20
DOC_S08679,S08679,Income Certificate,TPL_6004,Revenue Office,2026-01-20
DOC_S08680,S08680,Income Certificate,TPL_4787,Revenue Office,2026-01-20
DOC_S08681,S08681,Income Certificate,TPL_2765,Revenue Office,2026-01-20
DOC_S08682,S08682,Income Certificate,TPL_4863,Revenue Office,2026-01-20
DOC_S08683,S08683,Income Certificate,TPL_1407,Revenue Office,2026-01-20
DOC_S08684,S08684,Income Certificate,TPL_3852,Revenue Office,2026-01-20
DOC_S08685,S08685,Income Certificate,TPL_9893,Revenue Office,2026-01-20
DOC_S08686,S08686,Income Certificate,TPL_5432,Revenue Office,2026-01-20
DOC_S08687,S08687,Income Certificate,TPL_3778,Revenue Office,2026-01-20
DOC_S08688,S08688,Income Certificate,TPL_5395,Revenue Office,2026-01-20
DOC_S08689,S08689,Income Certificate,TPL_3705,Revenue Office,2026-01-20
DOC_S08690,S08690,Income Certificate,TPL_5744,Revenue Office,2026-01-20
DOC_S08691,S08691,Income Certificate,TPL_6638,Revenue Office,2026-01-20
DOC_S08692,S08692,Income Certificate,TPL_3387,Revenue Office,2026-01-20
DOC_S08693,S08693,Income Certificate,TPL_5985,Revenue Office,2026-01-20
DOC_S08694,S08694,Income Certificate,TPL_4822,Revenue Office,2026-01-20
DOC_S08695,S08695,Income Certificate,TPL_4561,Revenue Office,2026-01-20
DOC_S08696,S08696,Income Certificate,TPL_6826,Revenue Office,2026-01-20
DOC_S08697,S08697,Income Certificate,TPL_1202,Revenue Office,2026-01-20
DOC_S08698,S08698,Income Certificate,TPL_8787,Revenue Office,2026-01-20
DOC_S08699,S08699,Income Certificate,TPL_8468,Revenue Office,2026-01-20
DOC_S08700,S08700,Income Certificate,TPL_6142,Revenue Office,2026-01-20
DOC_S08701,S08701,Income Certificate,TPL_1618,Revenue Office,2026-01-20
DOC_S08702,S08702,Income Certificate,TPL_3757,Revenue Office,2026-01-20
DOC_S08703,S08703,Income Certificate,TPL_2721,Revenue Office,2026-01-20
DOC_S08704,S08704,Income Certificate,TPL_3886,Revenue Office,2026-01-20
DOC_S08705,S08705,Income Certificate,TPL_8835,Revenue Office,2026-01-20
DOC_S08706,S08706,Income Certificate,TPL_6890,Revenue Office,2026-01-20
DOC_S08707,S08707,Income Certificate,TPL_7638,Revenue Office,2026-01-20
DOC_S08708,S08708,Income Certificate,TPL_5199,Revenue Office,2026-01-20
DOC_S08709,S08709,Income Certificate,TPL_1651,Revenue Office,2026-01-20
DOC_S08710,S08710,Income Certificate,TPL_1736,Revenue Office,2026-01-20
DOC_S08711,S08711,Income Certificate,TPL_5369,Revenue Office,2026-01-20
DOC_S08712,S08712,Income Certificate,TPL_3015,Revenue Office,2026-01-20
DOC_S08713,S08713,Income Certificate,TPL_4948,Revenue Office,2026-01-20
DOC_S08714,S08714,Income Certificate,TPL_2731,Revenue Office,2026-01-20
DOC_S08715,S08715,Income Certificate,TPL_9549,Revenue Office,2026-01-20
DOC_S08716,S08716,Income Certificate,TPL_7453,Revenue Office,2026-01-20
DOC_S08717,S08717,Income Certificate,TPL_3488,Revenue Office,2026-01-20
DOC_S08718,S08718,Income Certificate,TPL_4872,Revenue Office,2026-01-20
DOC_S08719,S08719,Income Certificate,TPL_2552,Revenue Office,2026-01-20
DOC_S08720,S08720,Income Certificate,TPL_9334,Revenue Office,2026-01-20
DOC_S08721,S08721,Income Certificate,TPL_9530,Revenue Office,2026-01-20
DOC_S08722,S08722,Income Certificate,TPL_6835,Revenue Office,2026-01-20
DOC_S08723,S08723,Income Certificate,TPL_4527,Revenue Office,2026-01-20
DOC_S08724,S08724,Income Certificate,TPL_6471,Revenue Office,2026-01-20
DOC_S08725,S08725,Income Certificate,TPL_2287,Revenue Office,2026-01-20
DOC_S08726,S08726,Income Certificate,TPL_5941,Revenue Office,2026-01-20
DOC_S08727,S08727,Income Certificate,TPL_2684,Revenue Office,2026-01-20
DOC_S08728,S08728,Income Certificate,TPL_6808,Revenue Office,2026-01-20
DOC_S08729,S08729,Income Certificate,TPL_2513,Revenue Office,2026-01-20
DOC_S08730,S08730,Income Certificate,TPL_5842,Revenue Office,2026-01-20
DOC_S08731,S08731,Income Certificate,TPL_2447,Revenue Office,2026-01-20
DOC_S08732,S08732,Income Certificate,TPL_4240,Revenue Office,2026-01-20
DOC_S08733,S08733,Income Certificate,TPL_2068,Revenue Office,2026-01-20
DOC_S08734,S08734,Income Certificate,TPL_6557,Revenue Office,2026-01-20
DOC_S08735,S08735,Income Certificate,TPL_1501,Revenue Office,2026-01-20
DOC_S08736,S08736,Income Certificate,TPL_4627,Revenue Office,2026-01-20
DOC_S08737,S08737,Income Certificate,TPL_3793,Revenue Office,2026-01-20
DOC_S08738,S08738,Income Certificate,TPL_9402,Revenue Office,2026-01-20
DOC_S08739,S08739,Income Certificate,TPL_4244,Revenue Office,2026-01-20
DOC_S08740,S08740,Income Certificate,TPL_2840,Revenue Office,2026-01-20
DOC_S08741,S08741,Income Certificate,TPL_6045,Revenue Office,2026-01-20
DOC_S08742,S08742,Income Certificate,TPL_1353,Revenue Office,2026-01-20
DOC_S08743,S08743,Income Certificate,TPL_2665,Revenue Office,2026-01-20
DOC_S08744,S08744,Income Certificate,TPL_3487,Revenue Office,2026-01-20
DOC_S08745,S08745,Income Certificate,TPL_8398,Revenue Office,2026-01-20
DOC_S08746,S08746,Income Certificate,TPL_5581,Revenue Office,2026-01-20
DOC_S08747,S08747,Income Certificate,TPL_7426,Revenue Office,2026-01-20
DOC_S08748,S08748,Income Certificate,TPL_5056,Revenue Office,2026-01-20
DOC_S08749,S08749,Income Certificate,TPL_3139,Revenue Office,2026-01-20
DOC_S08750,S08750,Income Certificate,TPL_3819,Revenue Office,2026-01-20
DOC_S08751,S08751,Income Certificate,TPL_2922,Revenue Office,2026-01-20
DOC_S08752,S08752,Income Certificate,TPL_7468,Revenue Office,2026-01-20
DOC_S08753,S08753,Income Certificate,TPL_8813,Revenue Office,2026-01-20
DOC_S08754,S08754,Income Certificate,TPL_5617,Revenue Office,2026-01-20
DOC_S08755,S08755,Income Certificate,TPL_5622,Revenue Office,2026-01-20
DOC_S08756,S08756,Income Certificate,TPL_8678,Revenue Office,2026-01-20
DOC_S08757,S08757,Income Certificate,TPL_6786,Revenue Office,2026-01-20
DOC_S08758,S08758,Income Certificate,TPL_3334,Revenue Office,2026-01-20
DOC_S08759,S08759,Income Certificate,TPL_4583,Revenue Office,2026-01-20
DOC_S08760,S08760,Income Certificate,TPL_4216,Revenue Office,2026-01-20
DOC_S08761,S08761,Income Certificate,TPL_5529,Revenue Office,2026-01-20
DOC_S08762,S08762,Income Certificate,TPL_1498,Revenue Office,2026-01-20
DOC_S08763,S08763,Income Certificate,TPL_1304,Revenue Office,2026-01-20
DOC_S08764,S08764,Income Certificate,TPL_6761,Revenue Office,2026-01-20
DOC_S08765,S08765,Income Certificate,TPL_1822,Revenue Office,2026-01-20
DOC_S08766,S08766,Income Certificate,TPL_8988,Revenue Office,2026-01-20
DOC_S08767,S08767,Income Certificate,TPL_9413,Revenue Office,2026-01-20
DOC_S08768,S08768,Income Certificate,TPL_4988,Revenue Office,2026-01-20
DOC_S08769,S08769,Income Certificate,TPL_8813,Revenue Office,2026-01-20
DOC_S08770,S08770,Income Certificate,TPL_4356,Revenue Office,2026-01-20
DOC_S08771,S08771,Income Certificate,TPL_1299,Revenue Office,2026-01-20
DOC_S08772,S08772,Income Certificate,TPL_5829,Revenue Office,2026-01-20
DOC_S08773,S08773,Income Certificate,TPL_8283,Revenue Office,2026-01-20
DOC_S08774,S08774,Income Certificate,TPL_8992,Revenue Office,2026-01-20
DOC_S08775,S08775,Income Certificate,TPL_8472,Revenue Office,2026-01-20
DOC_S08776,S08776,Income Certificate,TPL_4703,Revenue Office,2026-01-20
DOC_S08777,S08777,Income Certificate,TPL_6727,Revenue Office,2026-01-20
DOC_S08778,S08778,Income Certificate,TPL_2399,Revenue Office,2026-01-20
DOC_S08779,S08779,Income Certificate,TPL_1737,Revenue Office,2026-01-20
DOC_S08780,S08780,Income Certificate,TPL_7220,Revenue Office,2026-01-20
DOC_S08781,S08781,Income Certificate,TPL_7077,Revenue Office,2026-01-20
DOC_S08782,S08782,Income Certificate,TPL_9777,Revenue Office,2026-01-20
DOC_S08783,S08783,Income Certificate,TPL_6058,Revenue Office,2026-01-20
DOC_S08784,S08784,Income Certificate,TPL_3530,Revenue Office,2026-01-20
DOC_S08785,S08785,Income Certificate,TPL_9455,Revenue Office,2026-01-20
DOC_S08786,S08786,Income Certificate,TPL_4741,Revenue Office,2026-01-20
DOC_S08787,S08787,Income Certificate,TPL_3701,Revenue Office,2026-01-20
DOC_S08788,S08788,Income Certificate,TPL_6679,Revenue Office,2026-01-20
DOC_S08789,S08789,Income Certificate,TPL_7863,Revenue Office,2026-01-20
DOC_S08790,S08790,Income Certificate,TPL_6049,Revenue Office,2026-01-20
DOC_S08791,S08791,Income Certificate,TPL_4212,Revenue Office,2026-01-20
DOC_S08792,S08792,Income Certificate,TPL_3899,Revenue Office,2026-01-20
DOC_S08793,S08793,Income Certificate,TPL_1929,Revenue Office,2026-01-20
DOC_S08794,S08794,Income Certificate,TPL_3800,Revenue Office,2026-01-20
DOC_S08795,S08795,Income Certificate,TPL_7340,Revenue Office,2026-01-20
DOC_S08796,S08796,Income Certificate,TPL_4248,Revenue Office,2026-01-20
DOC_S08797,S08797,Income Certificate,TPL_3981,Revenue Office,2026-01-20
DOC_S08798,S08798,Income Certificate,TPL_9172,Revenue Office,2026-01-20
DOC_S08799,S08799,Income Certificate,TPL_4402,Revenue Office,2026-01-20
DOC_S08800,S08800,Income Certificate,TPL_4969,Revenue Office,2026-01-20
DOC_S08801,S08801,Income Certificate,TPL_2272,Revenue Office,2026-01-20
DOC_S08802,S08802,Income Certificate,TPL_9939,Revenue Office,2026-01-20
DOC_S08803,S08803,Income Certificate,TPL_5855,Revenue Office,2026-01-20
DOC_S08804,S08804,Income Certificate,TPL_6573,Revenue Office,2026-01-20
DOC_S08805,S08805,Income Certificate,TPL_3201,Revenue Office,2026-01-20
DOC_S08806,S08806,Income Certificate,TPL_1974,Revenue Office,2026-01-20
DOC_S08807,S08807,Income Certificate,TPL_6035,Revenue Office,2026-01-20
DOC_S08808,S08808,Income Certificate,TPL_1955,Revenue Office,2026-01-20
DOC_S08809,S08809,Income Certificate,TPL_9787,Revenue Office,2026-01-20
DOC_S08810,S08810,Income Certificate,TPL_8274,Revenue Office,2026-01-20
DOC_S08811,S08811,Income Certificate,TPL_2317,Revenue Office,2026-01-20
DOC_S08812,S08812,Income Certificate,TPL_3441,Revenue Office,2026-01-20
DOC_S08813,S08813,Income Certificate,TPL_5086,Revenue Office,2026-01-20
DOC_S08814,S08814,Income Certificate,TPL_7155,Revenue Office,2026-01-20
DOC_S08815,S08815,Income Certificate,TPL_8182,Revenue Office,2026-01-20
DOC_S08816,S08816,Income Certificate,TPL_4971,Revenue Office,2026-01-20
DOC_S08817,S08817,Income Certificate,TPL_5884,Revenue Office,2026-01-20
DOC_S08818,S08818,Income Certificate,TPL_4459,Revenue Office,2026-01-20
DOC_S08819,S08819,Income Certificate,TPL_6086,Revenue Office,2026-01-20
DOC_S08820,S08820,Income Certificate,TPL_9607,Revenue Office,2026-01-20
DOC_S08821,S08821,Income Certificate,TPL_3410,Revenue Office,2026-01-20
DOC_S08822,S08822,Income Certificate,TPL_3915,Revenue Office,2026-01-20
DOC_S08823,S08823,Income Certificate,TPL_1961,Revenue Office,2026-01-20
DOC_S08824,S08824,Income Certificate,TPL_1559,Revenue Office,2026-01-20
DOC_S08825,S08825,Income Certificate,TPL_9837,Revenue Office,2026-01-20
DOC_S08826,S08826,Income Certificate,TPL_9437,Revenue Office,2026-01-20
DOC_S08827,S08827,Income Certificate,TPL_3735,Revenue Office,2026-01-20
DOC_S08828,S08828,Income Certificate,TPL_2497,Revenue Office,2026-01-20
DOC_S08829,S08829,Income Certificate,TPL_3168,Revenue Office,2026-01-20
DOC_S08830,S08830,Income Certificate,TPL_3686,Revenue Office,2026-01-20
DOC_S08831,S08831,Income Certificate,TPL_5352,Revenue Office,2026-01-20
DOC_S08832,S08832,Income Certificate,TPL_7075,Revenue Office,2026-01-20
DOC_S08833,S08833,Income Certificate,TPL_6173,Revenue Office,2026-01-20
DOC_S08834,S08834,Income Certificate,TPL_2432,Revenue Office,2026-01-20
DOC_S08835,S08835,Income Certificate,TPL_3614,Revenue Office,2026-01-20
DOC_S08836,S08836,Income Certificate,TPL_6189,Revenue Office,2026-01-20
DOC_S08837,S08837,Income Certificate,TPL_1498,Revenue Office,2026-01-20
DOC_S08838,S08838,Income Certificate,TPL_9876,Revenue Office,2026-01-20
DOC_S08839,S08839,Income Certificate,TPL_6014,Revenue Office,2026-01-20
DOC_S08840,S08840,Income Certificate,TPL_2735,Revenue Office,2026-01-20
DOC_S08841,S08841,Income Certificate,TPL_7714,Revenue Office,2026-01-20
DOC_S08842,S08842,Income Certificate,TPL_9390,Revenue Office,2026-01-20
DOC_S08843,S08843,Income Certificate,TPL_5163,Revenue Office,2026-01-20
DOC_S08844,S08844,Income Certificate,TPL_7766,Revenue Office,2026-01-20
DOC_S08845,S08845,Income Certificate,TPL_2246,Revenue Office,2026-01-20
DOC_S08846,S08846,Income Certificate,TPL_4757,Revenue Office,2026-01-20
DOC_S08847,S08847,Income Certificate,TPL_5538,Revenue Office,2026-01-20
DOC_S08848,S08848,Income Certificate,TPL_6043,Revenue Office,2026-01-20
DOC_S08849,S08849,Income Certificate,TPL_9298,Revenue Office,2026-01-20
DOC_S08850,S08850,Income Certificate,TPL_6852,Revenue Office,2026-01-20
DOC_S08851,S08851,Income Certificate,TPL_1243,Revenue Office,2026-01-20
DOC_S08852,S08852,Income Certificate,TPL_3026,Revenue Office,2026-01-20
DOC_S08853,S08853,Income Certificate,TPL_4944,Revenue Office,2026-01-20
DOC_S08854,S08854,Income Certificate,TPL_3227,Revenue Office,2026-01-20
DOC_S08855,S08855,Income Certificate,TPL_5173,Revenue Office,2026-01-20
DOC_S08856,S08856,Income Certificate,TPL_6455,Revenue Office,2026-01-20
DOC_S08857,S08857,Income Certificate,TPL_3013,Revenue Office,2026-01-20
DOC_S08858,S08858,Income Certificate,TPL_9099,Revenue Office,2026-01-20
DOC_S08859,S08859,Income Certificate,TPL_2206,Revenue Office,2026-01-20
DOC_S08860,S08860,Income Certificate,TPL_9843,Revenue Office,2026-01-20
DOC_S08861,S08861,Income Certificate,TPL_2415,Revenue Office,2026-01-20
DOC_S08862,S08862,Income Certificate,TPL_8062,Revenue Office,2026-01-20
DOC_S08863,S08863,Income Certificate,TPL_2951,Revenue Office,2026-01-20
DOC_S08864,S08864,Income Certificate,TPL_5437,Revenue Office,2026-01-20
DOC_S08865,S08865,Income Certificate,TPL_4905,Revenue Office,2026-01-20
DOC_S08866,S08866,Income Certificate,TPL_2139,Revenue Office,2026-01-20
DOC_S08867,S08867,Income Certificate,TPL_4785,Revenue Office,2026-01-20
DOC_S08868,S08868,Income Certificate,TPL_5445,Revenue Office,2026-01-20
DOC_S08869,S08869,Income Certificate,TPL_2203,Revenue Office,2026-01-20
DOC_S08870,S08870,Income Certificate,TPL_2396,Revenue Office,2026-01-20
DOC_S08871,S08871,Income Certificate,TPL_8944,Revenue Office,2026-01-20
DOC_S08872,S08872,Income Certificate,TPL_6357,Revenue Office,2026-01-20
DOC_S08873,S08873,Income Certificate,TPL_3424,Revenue Office,2026-01-20
DOC_S08874,S08874,Income Certificate,TPL_2153,Revenue Office,2026-01-20
DOC_S08875,S08875,Income Certificate,TPL_9182,Revenue Office,2026-01-20
DOC_S08876,S08876,Income Certificate,TPL_4763,Revenue Office,2026-01-20
DOC_S08877,S08877,Income Certificate,TPL_4550,Revenue Office,2026-01-20
DOC_S08878,S08878,Income Certificate,TPL_6559,Revenue Office,2026-01-20
DOC_S08879,S08879,Income Certificate,TPL_9959,Revenue Office,2026-01-20
DOC_S08880,S08880,Income Certificate,TPL_4158,Revenue Office,2026-01-20
DOC_S08881,S08881,Income Certificate,TPL_8628,Revenue Office,2026-01-20
DOC_S08882,S08882,Income Certificate,TPL_9744,Revenue Office,2026-01-20
DOC_S08883,S08883,Income Certificate,TPL_2726,Revenue Office,2026-01-20
DOC_S08884,S08884,Income Certificate,TPL_4025,Revenue Office,2026-01-20
DOC_S08885,S08885,Income Certificate,TPL_9975,Revenue Office,2026-01-20
DOC_S08886,S08886,Income Certificate,TPL_9677,Revenue Office,2026-01-20
DOC_S08887,S08887,Income Certificate,TPL_5103,Revenue Office,2026-01-20
DOC_S08888,S08888,Income Certificate,TPL_4902,Revenue Office,2026-01-20
DOC_S08889,S08889,Income Certificate,TPL_3796,Revenue Office,2026-01-20
DOC_S08890,S08890,Income Certificate,TPL_2438,Revenue Office,2026-01-20
DOC_S08891,S08891,Income Certificate,TPL_3456,Revenue Office,2026-01-20
DOC_S08892,S08892,Income Certificate,TPL_3802,Revenue Office,2026-01-20
DOC_S08893,S08893,Income Certificate,TPL_6963,Revenue Office,2026-01-20
DOC_S08894,S08894,Income Certificate,TPL_3146,Revenue Office,2026-01-20
DOC_S08895,S08895,Income Certificate,TPL_1555,Revenue Office,2026-01-20
DOC_S08896,S08896,Income Certificate,TPL_3978,Revenue Office,2026-01-20
DOC_S08897,S08897,Income Certificate,TPL_9366,Revenue Office,2026-01-20
DOC_S08898,S08898,Income Certificate,TPL_7498,Revenue Office,2026-01-20
DOC_S08899,S08899,Income Certificate,TPL_6518,Revenue Office,2026-01-20
DOC_S08900,S08900,Income Certificate,TPL_1051,Revenue Office,2026-01-20
DOC_S08901,S08901,Income Certificate,TPL_9339,Revenue Office,2026-01-20
DOC_S08902,S08902,Income Certificate,TPL_5350,Revenue Office,2026-01-20
DOC_S08903,S08903,Income Certificate,TPL_5386,Revenue Office,2026-01-20
DOC_S08904,S08904,Income Certificate,TPL_4148,Revenue Office,2026-01-20
DOC_S08905,S08905,Income Certificate,TPL_3616,Revenue Office,2026-01-20
DOC_S08906,S08906,Income Certificate,TPL_8510,Revenue Office,2026-01-20
DOC_S08907,S08907,Income Certificate,TPL_7995,Revenue Office,2026-01-20
DOC_S08908,S08908,Income Certificate,TPL_3258,Revenue Office,2026-01-20
DOC_S08909,S08909,Income Certificate,TPL_4850,Revenue Office,2026-01-20
DOC_S08910,S08910,Income Certificate,TPL_2558,Revenue Office,2026-01-20
DOC_S08911,S08911,Income Certificate,TPL_2065,Revenue Office,2026-01-20
DOC_S08912,S08912,Income Certificate,TPL_7149,Revenue Office,2026-01-20
DOC_S08913,S08913,Income Certificate,TPL_3645,Revenue Office,2026-01-20
DOC_S08914,S08914,Income Certificate,TPL_4441,Revenue Office,2026-01-20
DOC_S08915,S08915,Income Certificate,TPL_5732,Revenue Office,2026-01-20
DOC_S08916,S08916,Income Certificate,TPL_9196,Revenue Office,2026-01-20
DOC_S08917,S08917,Income Certificate,TPL_5351,Revenue Office,2026-01-20
DOC_S08918,S08918,Income Certificate,TPL_3464,Revenue Office,2026-01-20
DOC_S08919,S08919,Income Certificate,TPL_6972,Revenue Office,2026-01-20
DOC_S08920,S08920,Income Certificate,TPL_8187,Revenue Office,2026-01-20
DOC_S08921,S08921,Income Certificate,TPL_4011,Revenue Office,2026-01-20
DOC_S08922,S08922,Income Certificate,TPL_7281,Revenue Office,2026-01-20
DOC_S08923,S08923,Income Certificate,TPL_6121,Revenue Office,2026-01-20
DOC_S08924,S08924,Income Certificate,TPL_4698,Revenue Office,2026-01-20
DOC_S08925,S08925,Income Certificate,TPL_5733,Revenue Office,2026-01-20
DOC_S08926,S08926,Income Certificate,TPL_1658,Revenue Office,2026-01-20
DOC_S08927,S08927,Income Certificate,TPL_1193,Revenue Office,2026-01-20
DOC_S08928,S08928,Income Certificate,TPL_8185,Revenue Office,2026-01-20
DOC_S08929,S08929,Income Certificate,TPL_2008,Revenue Office,2026-01-20
DOC_S08930,S08930,Income Certificate,TPL_1981,Revenue Office,2026-01-20
DOC_S08931,S08931,Income Certificate,TPL_3360,Revenue Office,2026-01-20
DOC_S08932,S08932,Income Certificate,TPL_8367,Revenue Office,2026-01-20
DOC_S08933,S08933,Income Certificate,TPL_4042,Revenue Office,2026-01-20
DOC_S08934,S08934,Income Certificate,TPL_3222,Revenue Office,2026-01-20
DOC_S08935,S08935,Income Certificate,TPL_8859,Revenue Office,2026-01-20
DOC_S08936,S08936,Income Certificate,TPL_9335,Revenue Office,2026-01-20
DOC_S08937,S08937,Income Certificate,TPL_8725,Revenue Office,2026-01-20
DOC_S08938,S08938,Income Certificate,TPL_5161,Revenue Office,2026-01-20
DOC_S08939,S08939,Income Certificate,TPL_4197,Revenue Office,2026-01-20
DOC_S08940,S08940,Income Certificate,TPL_3241,Revenue Office,2026-01-20
DOC_S08941,S08941,Income Certificate,TPL_2525,Revenue Office,2026-01-20
DOC_S08942,S08942,Income Certificate,TPL_7736,Revenue Office,2026-01-20
DOC_S08943,S08943,Income Certificate,TPL_4732,Revenue Office,2026-01-20
DOC_S08944,S08944,Income Certificate,TPL_2815,Revenue Office,2026-01-20
DOC_S08945,S08945,Income Certificate,TPL_1839,Revenue Office,2026-01-20
DOC_S08946,S08946,Income Certificate,TPL_1004,Revenue Office,2026-01-20
DOC_S08947,S08947,Income Certificate,TPL_6327,Revenue Office,2026-01-20
DOC_S08948,S08948,Income Certificate,TPL_3095,Revenue Office,2026-01-20
DOC_S08949,S08949,Income Certificate,TPL_8389,Revenue Office,2026-01-20
DOC_S08950,S08950,Income Certificate,TPL_6731,Revenue Office,2026-01-20
DOC_S08951,S08951,Income Certificate,TPL_9351,Revenue Office,2026-01-20
DOC_S08952,S08952,Income Certificate,TPL_5898,Revenue Office,2026-01-20
DOC_S08953,S08953,Income Certificate,TPL_7726,Revenue Office,2026-01-20
DOC_S08954,S08954,Income Certificate,TPL_8050,Revenue Office,2026-01-20
DOC_S08955,S08955,Income Certificate,TPL_7069,Revenue Office,2026-01-20
DOC_S08956,S08956,Income Certificate,TPL_7981,Revenue Office,2026-01-20
DOC_S08957,S08957,Income Certificate,TPL_5352,Revenue Office,2026-01-20
DOC_S08958,S08958,Income Certificate,TPL_8657,Revenue Office,2026-01-20
DOC_S08959,S08959,Income Certificate,TPL_3768,Revenue Office,2026-01-20
DOC_S08960,S08960,Income Certificate,TPL_9661,Revenue Office,2026-01-20
DOC_S08961,S08961,Income Certificate,TPL_8147,Revenue Office,2026-01-20
DOC_S08962,S08962,Income Certificate,TPL_6931,Revenue Office,2026-01-20
DOC_S08963,S08963,Income Certificate,TPL_1420,Revenue Office,2026-01-20
DOC_S08964,S08964,Income Certificate,TPL_7038,Revenue Office,2026-01-20
DOC_S08965,S08965,Income Certificate,TPL_1277,Revenue Office,2026-01-20
DOC_S08966,S08966,Income Certificate,TPL_7188,Revenue Office,2026-01-20
DOC_S08967,S08967,Income Certificate,TPL_8657,Revenue Office,2026-01-20
DOC_S08968,S08968,Income Certificate,TPL_6744,Revenue Office,2026-01-20
DOC_S08969,S08969,Income Certificate,TPL_5463,Revenue Office,2026-01-20
DOC_S08970,S08970,Income Certificate,TPL_2475,Revenue Office,2026-01-20
DOC_S08971,S08971,Income Certificate,TPL_2354,Revenue Office,2026-01-20
DOC_S08972,S08972,Income Certificate,TPL_7238,Revenue Office,2026-01-20
DOC_S08973,S08973,Income Certificate,TPL_6609,Revenue Office,2026-01-20
DOC_S08974,S08974,Income Certificate,TPL_7112,Revenue Office,2026-01-20
DOC_S08975,S08975,Income Certificate,TPL_5379,Revenue Office,2026-01-20
DOC_S08976,S08976,Income Certificate,TPL_1337,Revenue Office,2026-01-20
DOC_S08977,S08977,Income Certificate,TPL_2360,Revenue Office,2026-01-20
DOC_S08978,S08978,Income Certificate,TPL_9428,Revenue Office,2026-01-20
DOC_S08979,S08979,Income Certificate,TPL_2290,Revenue Office,2026-01-20
DOC_S08980,S08980,Income Certificate,TPL_3565,Revenue Office,2026-01-20
DOC_S08981,S08981,Income Certificate,TPL_3419,Revenue Office,2026-01-20
DOC_S08982,S08982,Income Certificate,TPL_2730,Revenue Office,2026-01-20
DOC_S08983,S08983,Income Certificate,TPL_3685,Revenue Office,2026-01-20
DOC_S08984,S08984,Income Certificate,TPL_9470,Revenue Office,2026-01-20
DOC_S08985,S08985,Income Certificate,TPL_4793,Revenue Office,2026-01-20
DOC_S08986,S08986,Income Certificate,TPL_2172,Revenue Office,2026-01-20
DOC_S08987,S08987,Income Certificate,TPL_5786,Revenue Office,2026-01-20
DOC_S08988,S08988,Income Certificate,TPL_4541,Revenue Office,2026-01-20
DOC_S08989,S08989,Income Certificate,TPL_1088,Revenue Office,2026-01-20
DOC_S08990,S08990,Income Certificate,TPL_1984,Revenue Office,2026-01-20
DOC_S08991,S08991,Income Certificate,TPL_6377,Revenue Office,2026-01-20
DOC_S08992,S08992,Income Certificate,TPL_8035,Revenue Office,2026-01-20
DOC_S08993,S08993,Income Certificate,TPL_6805,Revenue Office,2026-01-20
DOC_S08994,S08994,Income Certificate,TPL_6698,Revenue Office,2026-01-20
DOC_S08995,S08995,Income Certificate,TPL_5405,Revenue Office,2026-01-20
DOC_S08996,S08996,Income Certificate,TPL_6281,Revenue Office,2026-01-20
DOC_S08997,S08997,Income Certificate,TPL_3925,Revenue Office,2026-01-20
DOC_S08998,S08998,Income Certificate,TPL_2303,Revenue Office,2026-01-20
DOC_S08999,S08999,Income Certificate,TPL_2831,Revenue Office,2026-01-20
DOC_S09000,S09000,Income Certificate,TPL_1928,Revenue Office,2026-01-20
DOC_S09001,S09001,Income Certificate,TPL_3047,Revenue Office,2026-01-20
DOC_S09002,S09002,Income Certificate,TPL_4688,Revenue Office,2026-01-20
DOC_S09003,S09003,Income Certificate,TPL_8763,Revenue Office,2026-01-20
DOC_S09004,S09004,Income Certificate,TPL_6844,Revenue Office,2026-01-20
DOC_S09005,S09005,Income Certificate,TPL_7041,Revenue Office,2026-01-20
DOC_S09006,S09006,Income Certificate,TPL_3026,Revenue Office,2026-01-20
DOC_S09007,S09007,Income Certificate,TPL_9971,Revenue Office,2026-01-20
DOC_S09008,S09008,Income Certificate,TPL_3448,Revenue Office,2026-01-20
DOC_S09009,S09009,Income Certificate,TPL_2316,Revenue Office,2026-01-20
DOC_S09010,S09010,Income Certificate,TPL_5552,Revenue Office,2026-01-20
DOC_S09011,S09011,Income Certificate,TPL_3490,Revenue Office,2026-01-20
DOC_S09012,S09012,Income Certificate,TPL_2713,Revenue Office,2026-01-20
DOC_S09013,S09013,Income Certificate,TPL_7164,Revenue Office,2026-01-20
DOC_S09014,S09014,Income Certificate,TPL_7117,Revenue Office,2026-01-20
DOC_S09015,S09015,Income Certificate,TPL_1979,Revenue Office,2026-01-20
DOC_S09016,S09016,Income Certificate,TPL_5543,Revenue Office,2026-01-20
DOC_S09017,S09017,Income Certificate,TPL_3688,Revenue Office,2026-01-20
DOC_S09018,S09018,Income Certificate,TPL_5612,Revenue Office,2026-01-20
DOC_S09019,S09019,Income Certificate,TPL_1715,Revenue Office,2026-01-20
DOC_S09020,S09020,Income Certificate,TPL_2207,Revenue Office,2026-01-20
DOC_S09021,S09021,Income Certificate,TPL_7111,Revenue Office,2026-01-20
DOC_S09022,S09022,Income Certificate,TPL_3659,Revenue Office,2026-01-20
DOC_S09023,S09023,Income Certificate,TPL_3260,Revenue Office,2026-01-20
DOC_S09024,S09024,Income Certificate,TPL_7445,Revenue Office,2026-01-20
DOC_S09025,S09025,Income Certificate,TPL_1075,Revenue Office,2026-01-20
DOC_S09026,S09026,Income Certificate,TPL_3684,Revenue Office,2026-01-20
DOC_S09027,S09027,Income Certificate,TPL_6413,Revenue Office,2026-01-20
DOC_S09028,S09028,Income Certificate,TPL_8382,Revenue Office,2026-01-20
DOC_S09029,S09029,Income Certificate,TPL_2430,Revenue Office,2026-01-20
DOC_S09030,S09030,Income Certificate,TPL_7570,Revenue Office,2026-01-20
DOC_S09031,S09031,Income Certificate,TPL_4192,Revenue Office,2026-01-20
DOC_S09032,S09032,Income Certificate,TPL_4613,Revenue Office,2026-01-20
DOC_S09033,S09033,Income Certificate,TPL_7648,Revenue Office,2026-01-20
DOC_S09034,S09034,Income Certificate,TPL_3252,Revenue Office,2026-01-20
DOC_S09035,S09035,Income Certificate,TPL_3802,Revenue Office,2026-01-20
DOC_S09036,S09036,Income Certificate,TPL_1694,Revenue Office,2026-01-20
DOC_S09037,S09037,Income Certificate,TPL_2954,Revenue Office,2026-01-20
DOC_S09038,S09038,Income Certificate,TPL_8603,Revenue Office,2026-01-20
DOC_S09039,S09039,Income Certificate,TPL_3076,Revenue Office,2026-01-20
DOC_S09040,S09040,Income Certificate,TPL_9682,Revenue Office,2026-01-20
DOC_S09041,S09041,Income Certificate,TPL_5583,Revenue Office,2026-01-20
DOC_S09042,S09042,Income Certificate,TPL_9113,Revenue Office,2026-01-20
DOC_S09043,S09043,Income Certificate,TPL_9568,Revenue Office,2026-01-20
DOC_S09044,S09044,Income Certificate,TPL_2717,Revenue Office,2026-01-20
DOC_S09045,S09045,Income Certificate,TPL_8238,Revenue Office,2026-01-20
DOC_S09046,S09046,Income Certificate,TPL_1551,Revenue Office,2026-01-20
DOC_S09047,S09047,Income Certificate,TPL_8852,Revenue Office,2026-01-20
DOC_S09048,S09048,Income Certificate,TPL_1760,Revenue Office,2026-01-20
DOC_S09049,S09049,Income Certificate,TPL_9011,Revenue Office,2026-01-20
DOC_S09050,S09050,Income Certificate,TPL_1139,Revenue Office,2026-01-20
DOC_S09051,S09051,Income Certificate,TPL_3579,Revenue Office,2026-01-20
DOC_S09052,S09052,Income Certificate,TPL_1576,Revenue Office,2026-01-20
DOC_S09053,S09053,Income Certificate,TPL_1235,Revenue Office,2026-01-20
DOC_S09054,S09054,Income Certificate,TPL_7967,Revenue Office,2026-01-20
DOC_S09055,S09055,Income Certificate,TPL_1685,Revenue Office,2026-01-20
DOC_S09056,S09056,Income Certificate,TPL_1638,Revenue Office,2026-01-20
DOC_S09057,S09057,Income Certificate,TPL_8154,Revenue Office,2026-01-20
DOC_S09058,S09058,Income Certificate,TPL_3533,Revenue Office,2026-01-20
DOC_S09059,S09059,Income Certificate,TPL_6530,Revenue Office,2026-01-20
DOC_S09060,S09060,Income Certificate,TPL_9345,Revenue Office,2026-01-20
DOC_S09061,S09061,Income Certificate,TPL_9920,Revenue Office,2026-01-20
DOC_S09062,S09062,Income Certificate,TPL_9551,Revenue Office,2026-01-20
DOC_S09063,S09063,Income Certificate,TPL_8353,Revenue Office,2026-01-20
DOC_S09064,S09064,Income Certificate,TPL_7952,Revenue Office,2026-01-20
DOC_S09065,S09065,Income Certificate,TPL_1919,Revenue Office,2026-01-20
DOC_S09066,S09066,Income Certificate,TPL_8786,Revenue Office,2026-01-20
DOC_S09067,S09067,Income Certificate,TPL_6131,Revenue Office,2026-01-20
DOC_S09068,S09068,Income Certificate,TPL_7639,Revenue Office,2026-01-20
DOC_S09069,S09069,Income Certificate,TPL_6410,Revenue Office,2026-01-20
DOC_S09070,S09070,Income Certificate,TPL_6985,Revenue Office,2026-01-20
DOC_S09071,S09071,Income Certificate,TPL_8993,Revenue Office,2026-01-20
DOC_S09072,S09072,Income Certificate,TPL_6539,Revenue Office,2026-01-20
DOC_S09073,S09073,Income Certificate,TPL_9566,Revenue Office,2026-01-20
DOC_S09074,S09074,Income Certificate,TPL_4846,Revenue Office,2026-01-20
DOC_S09075,S09075,Income Certificate,TPL_6740,Revenue Office,2026-01-20
DOC_S09076,S09076,Income Certificate,TPL_4866,Revenue Office,2026-01-20
DOC_S09077,S09077,Income Certificate,TPL_7550,Revenue Office,2026-01-20
DOC_S09078,S09078,Income Certificate,TPL_1207,Revenue Office,2026-01-20
DOC_S09079,S09079,Income Certificate,TPL_5552,Revenue Office,2026-01-20
DOC_S09080,S09080,Income Certificate,TPL_2971,Revenue Office,2026-01-20
DOC_S09081,S09081,Income Certificate,TPL_5911,Revenue Office,2026-01-20
DOC_S09082,S09082,Income Certificate,TPL_8169,Revenue Office,2026-01-20
DOC_S09083,S09083,Income Certificate,TPL_2034,Revenue Office,2026-01-20
DOC_S09084,S09084,Income Certificate,TPL_1777,Revenue Office,2026-01-20
DOC_S09085,S09085,Income Certificate,TPL_7811,Revenue Office,2026-01-20
DOC_S09086,S09086,Income Certificate,TPL_2541,Revenue Office,2026-01-20
DOC_S09087,S09087,Income Certificate,TPL_1119,Revenue Office,2026-01-20
DOC_S09088,S09088,Income Certificate,TPL_3806,Revenue Office,2026-01-20
DOC_S09089,S09089,Income Certificate,TPL_9675,Revenue Office,2026-01-20
DOC_S09090,S09090,Income Certificate,TPL_6355,Revenue Office,2026-01-20
DOC_S09091,S09091,Income Certificate,TPL_1476,Revenue Office,2026-01-20
DOC_S09092,S09092,Income Certificate,TPL_6286,Revenue Office,2026-01-20
DOC_S09093,S09093,Income Certificate,TPL_4325,Revenue Office,2026-01-20
DOC_S09094,S09094,Income Certificate,TPL_2263,Revenue Office,2026-01-20
DOC_S09095,S09095,Income Certificate,TPL_3801,Revenue Office,2026-01-20
DOC_S09096,S09096,Income Certificate,TPL_7780,Revenue Office,2026-01-20
DOC_S09097,S09097,Income Certificate,TPL_7756,Revenue Office,2026-01-20
DOC_S09098,S09098,Income Certificate,TPL_3006,Revenue Office,2026-01-20
DOC_S09099,S09099,Income Certificate,TPL_8658,Revenue Office,2026-01-20
DOC_S09100,S09100,Income Certificate,TPL_4116,Revenue Office,2026-01-20
DOC_S09101,S09101,Income Certificate,TPL_9493,Revenue Office,2026-01-20
DOC_S09102,S09102,Income Certificate,TPL_4559,Revenue Office,2026-01-20
DOC_S09103,S09103,Income Certificate,TPL_2446,Revenue Office,2026-01-20
DOC_S09104,S09104,Income Certificate,TPL_4121,Revenue Office,2026-01-20
DOC_S09105,S09105,Income Certificate,TPL_1787,Revenue Office,2026-01-20
DOC_S09106,S09106,Income Certificate,TPL_5661,Revenue Office,2026-01-20
DOC_S09107,S09107,Income Certificate,TPL_4225,Revenue Office,2026-01-20
DOC_S09108,S09108,Income Certificate,TPL_2847,Revenue Office,2026-01-20
DOC_S09109,S09109,Income Certificate,TPL_1403,Revenue Office,2026-01-20
DOC_S09110,S09110,Income Certificate,TPL_7955,Revenue Office,2026-01-20
DOC_S09111,S09111,Income Certificate,TPL_5818,Revenue Office,2026-01-20
DOC_S09112,S09112,Income Certificate,TPL_6144,Revenue Office,2026-01-20
DOC_S09113,S09113,Income Certificate,TPL_2760,Revenue Office,2026-01-20
DOC_S09114,S09114,Income Certificate,TPL_7819,Revenue Office,2026-01-20
DOC_S09115,S09115,Income Certificate,TPL_2404,Revenue Office,2026-01-20
DOC_S09116,S09116,Income Certificate,TPL_2418,Revenue Office,2026-01-20
DOC_S09117,S09117,Income Certificate,TPL_1243,Revenue Office,2026-01-20
DOC_S09118,S09118,Income Certificate,TPL_2539,Revenue Office,2026-01-20
DOC_S09119,S09119,Income Certificate,TPL_7017,Revenue Office,2026-01-20
DOC_S09120,S09120,Income Certificate,TPL_7298,Revenue Office,2026-01-20
DOC_S09121,S09121,Income Certificate,TPL_3961,Revenue Office,2026-01-20
DOC_S09122,S09122,Income Certificate,TPL_1726,Revenue Office,2026-01-20
DOC_S09123,S09123,Income Certificate,TPL_3167,Revenue Office,2026-01-20
DOC_S09124,S09124,Income Certificate,TPL_9452,Revenue Office,2026-01-20
DOC_S09125,S09125,Income Certificate,TPL_8323,Revenue Office,2026-01-20
DOC_S09126,S09126,Income Certificate,TPL_1675,Revenue Office,2026-01-20
DOC_S09127,S09127,Income Certificate,TPL_3394,Revenue Office,2026-01-20
DOC_S09128,S09128,Income Certificate,TPL_4129,Revenue Office,2026-01-20
DOC_S09129,S09129,Income Certificate,TPL_7673,Revenue Office,2026-01-20
DOC_S09130,S09130,Income Certificate,TPL_7089,Revenue Office,2026-01-20
DOC_S09131,S09131,Income Certificate,TPL_8226,Revenue Office,2026-01-20
DOC_S09132,S09132,Income Certificate,TPL_4971,Revenue Office,2026-01-20
DOC_S09133,S09133,Income Certificate,TPL_2841,Revenue Office,2026-01-20
DOC_S09134,S09134,Income Certificate,TPL_5112,Revenue Office,2026-01-20
DOC_S09135,S09135,Income Certificate,TPL_4227,Revenue Office,2026-01-20
DOC_S09136,S09136,Income Certificate,TPL_2982,Revenue Office,2026-01-20
DOC_S09137,S09137,Income Certificate,TPL_5852,Revenue Office,2026-01-20
DOC_S09138,S09138,Income Certificate,TPL_6786,Revenue Office,2026-01-20
DOC_S09139,S09139,Income Certificate,TPL_7772,Revenue Office,2026-01-20
DOC_S09140,S09140,Income Certificate,TPL_3752,Revenue Office,2026-01-20
DOC_S09141,S09141,Income Certificate,TPL_8076,Revenue Office,2026-01-20
DOC_S09142,S09142,Income Certificate,TPL_7048,Revenue Office,2026-01-20
DOC_S09143,S09143,Income Certificate,TPL_4071,Revenue Office,2026-01-20
DOC_S09144,S09144,Income Certificate,TPL_3131,Revenue Office,2026-01-20
DOC_S09145,S09145,Income Certificate,TPL_1933,Revenue Office,2026-01-20
DOC_S09146,S09146,Income Certificate,TPL_1195,Revenue Office,2026-01-20
DOC_S09147,S09147,Income Certificate,TPL_5556,Revenue Office,2026-01-20
DOC_S09148,S09148,Income Certificate,TPL_1915,Revenue Office,2026-01-20
DOC_S09149,S09149,Income Certificate,TPL_6019,Revenue Office,2026-01-20
DOC_S09150,S09150,Income Certificate,TPL_2438,Revenue Office,2026-01-20
DOC_S09151,S09151,Income Certificate,TPL_9279,Revenue Office,2026-01-20
DOC_S09152,S09152,Income Certificate,TPL_9429,Revenue Office,2026-01-20
DOC_S09153,S09153,Income Certificate,TPL_6031,Revenue Office,2026-01-20
DOC_S09154,S09154,Income Certificate,TPL_4752,Revenue Office,2026-01-20
DOC_S09155,S09155,Income Certificate,TPL_6691,Revenue Office,2026-01-20
DOC_S09156,S09156,Income Certificate,TPL_6551,Revenue Office,2026-01-20
DOC_S09157,S09157,Income Certificate,TPL_1449,Revenue Office,2026-01-20
DOC_S09158,S09158,Income Certificate,TPL_9637,Revenue Office,2026-01-20
DOC_S09159,S09159,Income Certificate,TPL_3582,Revenue Office,2026-01-20
DOC_S09160,S09160,Income Certificate,TPL_4168,Revenue Office,2026-01-20
DOC_S09161,S09161,Income Certificate,TPL_6327,Revenue Office,2026-01-20
DOC_S09162,S09162,Income Certificate,TPL_9421,Revenue Office,2026-01-20
DOC_S09163,S09163,Income Certificate,TPL_4973,Revenue Office,2026-01-20
DOC_S09164,S09164,Income Certificate,TPL_4488,Revenue Office,2026-01-20
DOC_S09165,S09165,Income Certificate,TPL_2134,Revenue Office,2026-01-20
DOC_S09166,S09166,Income Certificate,TPL_8016,Revenue Office,2026-01-20
DOC_S09167,S09167,Income Certificate,TPL_8378,Revenue Office,2026-01-20
DOC_S09168,S09168,Income Certificate,TPL_4111,Revenue Office,2026-01-20
DOC_S09169,S09169,Income Certificate,TPL_6985,Revenue Office,2026-01-20
DOC_S09170,S09170,Income Certificate,TPL_4108,Revenue Office,2026-01-20
DOC_S09171,S09171,Income Certificate,TPL_7853,Revenue Office,2026-01-20
DOC_S09172,S09172,Income Certificate,TPL_9842,Revenue Office,2026-01-20
DOC_S09173,S09173,Income Certificate,TPL_2330,Revenue Office,2026-01-20
DOC_S09174,S09174,Income Certificate,TPL_1993,Revenue Office,2026-01-20
DOC_S09175,S09175,Income Certificate,TPL_5749,Revenue Office,2026-01-20
DOC_S09176,S09176,Income Certificate,TPL_6584,Revenue Office,2026-01-20
DOC_S09177,S09177,Income Certificate,TPL_3482,Revenue Office,2026-01-20
DOC_S09178,S09178,Income Certificate,TPL_5280,Revenue Office,2026-01-20
DOC_S09179,S09179,Income Certificate,TPL_4822,Revenue Office,2026-01-20
DOC_S09180,S09180,Income Certificate,TPL_1820,Revenue Office,2026-01-20
DOC_S09181,S09181,Income Certificate,TPL_4679,Revenue Office,2026-01-20
DOC_S09182,S09182,Income Certificate,TPL_5816,Revenue Office,2026-01-20
DOC_S09183,S09183,Income Certificate,TPL_4507,Revenue Office,2026-01-20
DOC_S09184,S09184,Income Certificate,TPL_6029,Revenue Office,2026-01-20
DOC_S09185,S09185,Income Certificate,TPL_7213,Revenue Office,2026-01-20
DOC_S09186,S09186,Income Certificate,TPL_2970,Revenue Office,2026-01-20
DOC_S09187,S09187,Income Certificate,TPL_4098,Revenue Office,2026-01-20
DOC_S09188,S09188,Income Certificate,TPL_8231,Revenue Office,2026-01-20
DOC_S09189,S09189,Income Certificate,TPL_8957,Revenue Office,2026-01-20
DOC_S09190,S09190,Income Certificate,TPL_9345,Revenue Office,2026-01-20
DOC_S09191,S09191,Income Certificate,TPL_8286,Revenue Office,2026-01-20
DOC_S09192,S09192,Income Certificate,TPL_4550,Revenue Office,2026-01-20
DOC_S09193,S09193,Income Certificate,TPL_7056,Revenue Office,2026-01-20
DOC_S09194,S09194,Income Certificate,TPL_3453,Revenue Office,2026-01-20
DOC_S09195,S09195,Income Certificate,TPL_6024,Revenue Office,2026-01-20
DOC_S09196,S09196,Income Certificate,TPL_2839,Revenue Office,2026-01-20
DOC_S09197,S09197,Income Certificate,TPL_6715,Revenue Office,2026-01-20
DOC_S09198,S09198,Income Certificate,TPL_7601,Revenue Office,2026-01-20
DOC_S09199,S09199,Income Certificate,TPL_4703,Revenue Office,2026-01-20
DOC_S09200,S09200,Income Certificate,TPL_9862,Revenue Office,2026-01-20
DOC_S09201,S09201,Income Certificate,TPL_2978,Revenue Office,2026-01-20
DOC_S09202,S09202,Income Certificate,TPL_7521,Revenue Office,2026-01-20
DOC_S09203,S09203,Income Certificate,TPL_5238,Revenue Office,2026-01-20
DOC_S09204,S09204,Income Certificate,TPL_8463,Revenue Office,2026-01-20
DOC_S09205,S09205,Income Certificate,TPL_1741,Revenue Office,2026-01-20
DOC_S09206,S09206,Income Certificate,TPL_5625,Revenue Office,2026-01-20
DOC_S09207,S09207,Income Certificate,TPL_5968,Revenue Office,2026-01-20
DOC_S09208,S09208,Income Certificate,TPL_7835,Revenue Office,2026-01-20
DOC_S09209,S09209,Income Certificate,TPL_3830,Revenue Office,2026-01-20
DOC_S09210,S09210,Income Certificate,TPL_3375,Revenue Office,2026-01-20
DOC_S09211,S09211,Income Certificate,TPL_2508,Revenue Office,2026-01-20
DOC_S09212,S09212,Income Certificate,TPL_1715,Revenue Office,2026-01-20
DOC_S09213,S09213,Income Certificate,TPL_4030,Revenue Office,2026-01-20
DOC_S09214,S09214,Income Certificate,TPL_5529,Revenue Office,2026-01-20
DOC_S09215,S09215,Income Certificate,TPL_3844,Revenue Office,2026-01-20
DOC_S09216,S09216,Income Certificate,TPL_9525,Revenue Office,2026-01-20
DOC_S09217,S09217,Income Certificate,TPL_3440,Revenue Office,2026-01-20
DOC_S09218,S09218,Income Certificate,TPL_1408,Revenue Office,2026-01-20
DOC_S09219,S09219,Income Certificate,TPL_6768,Revenue Office,2026-01-20
DOC_S09220,S09220,Income Certificate,TPL_5127,Revenue Office,2026-01-20
DOC_S09221,S09221,Income Certificate,TPL_7536,Revenue Office,2026-01-20
DOC_S09222,S09222,Income Certificate,TPL_7028,Revenue Office,2026-01-20
DOC_S09223,S09223,Income Certificate,TPL_8142,Revenue Office,2026-01-20
DOC_S09224,S09224,Income Certificate,TPL_6233,Revenue Office,2026-01-20
DOC_S09225,S09225,Income Certificate,TPL_6248,Revenue Office,2026-01-20
DOC_S09226,S09226,Income Certificate,TPL_9335,Revenue Office,2026-01-20
DOC_S09227,S09227,Income Certificate,TPL_6369,Revenue Office,2026-01-20
DOC_S09228,S09228,Income Certificate,TPL_7747,Revenue Office,2026-01-20
DOC_S09229,S09229,Income Certificate,TPL_1272,Revenue Office,2026-01-20
DOC_S09230,S09230,Income Certificate,TPL_7678,Revenue Office,2026-01-20
DOC_S09231,S09231,Income Certificate,TPL_7885,Revenue Office,2026-01-20
DOC_S09232,S09232,Income Certificate,TPL_3245,Revenue Office,2026-01-20
DOC_S09233,S09233,Income Certificate,TPL_3706,Revenue Office,2026-01-20
DOC_S09234,S09234,Income Certificate,TPL_2376,Revenue Office,2026-01-20
DOC_S09235,S09235,Income Certificate,TPL_7396,Revenue Office,2026-01-20
DOC_S09236,S09236,Income Certificate,TPL_2768,Revenue Office,2026-01-20
DOC_S09237,S09237,Income Certificate,TPL_7409,Revenue Office,2026-01-20
DOC_S09238,S09238,Income Certificate,TPL_8462,Revenue Office,2026-01-20
DOC_S09239,S09239,Income Certificate,TPL_6384,Revenue Office,2026-01-20
DOC_S09240,S09240,Income Certificate,TPL_8936,Revenue Office,2026-01-20
DOC_S09241,S09241,Income Certificate,TPL_2613,Revenue Office,2026-01-20
DOC_S09242,S09242,Income Certificate,TPL_1088,Revenue Office,2026-01-20
DOC_S09243,S09243,Income Certificate,TPL_2376,Revenue Office,2026-01-20
DOC_S09244,S09244,Income Certificate,TPL_2587,Revenue Office,2026-01-20
DOC_S09245,S09245,Income Certificate,TPL_3970,Revenue Office,2026-01-20
DOC_S09246,S09246,Income Certificate,TPL_3148,Revenue Office,2026-01-20
DOC_S09247,S09247,Income Certificate,TPL_2545,Revenue Office,2026-01-20
DOC_S09248,S09248,Income Certificate,TPL_9710,Revenue Office,2026-01-20
DOC_S09249,S09249,Income Certificate,TPL_1538,Revenue Office,2026-01-20
DOC_S09250,S09250,Income Certificate,TPL_1688,Revenue Office,2026-01-20
DOC_S09251,S09251,Income Certificate,TPL_5272,Revenue Office,2026-01-20
DOC_S09252,S09252,Income Certificate,TPL_8073,Revenue Office,2026-01-20
DOC_S09253,S09253,Income Certificate,TPL_3989,Revenue Office,2026-01-20
DOC_S09254,S09254,Income Certificate,TPL_7882,Revenue Office,2026-01-20
DOC_S09255,S09255,Income Certificate,TPL_1129,Revenue Office,2026-01-20
DOC_S09256,S09256,Income Certificate,TPL_7849,Revenue Office,2026-01-20
DOC_S09257,S09257,Income Certificate,TPL_3847,Revenue Office,2026-01-20
DOC_S09258,S09258,Income Certificate,TPL_2553,Revenue Office,2026-01-20
DOC_S09259,S09259,Income Certificate,TPL_7182,Revenue Office,2026-01-20
DOC_S09260,S09260,Income Certificate,TPL_8459,Revenue Office,2026-01-20
DOC_S09261,S09261,Income Certificate,TPL_9020,Revenue Office,2026-01-20
DOC_S09262,S09262,Income Certificate,TPL_4169,Revenue Office,2026-01-20
DOC_S09263,S09263,Income Certificate,TPL_8039,Revenue Office,2026-01-20
DOC_S09264,S09264,Income Certificate,TPL_7105,Revenue Office,2026-01-20
DOC_S09265,S09265,Income Certificate,TPL_1829,Revenue Office,2026-01-20
DOC_S09266,S09266,Income Certificate,TPL_6963,Revenue Office,2026-01-20
DOC_S09267,S09267,Income Certificate,TPL_7731,Revenue Office,2026-01-20
DOC_S09268,S09268,Income Certificate,TPL_7954,Revenue Office,2026-01-20
DOC_S09269,S09269,Income Certificate,TPL_7565,Revenue Office,2026-01-20
DOC_S09270,S09270,Income Certificate,TPL_2395,Revenue Office,2026-01-20
DOC_S09271,S09271,Income Certificate,TPL_2382,Revenue Office,2026-01-20
DOC_S09272,S09272,Income Certificate,TPL_5171,Revenue Office,2026-01-20
DOC_S09273,S09273,Income Certificate,TPL_5633,Revenue Office,2026-01-20
DOC_S09274,S09274,Income Certificate,TPL_1634,Revenue Office,2026-01-20
DOC_S09275,S09275,Income Certificate,TPL_7324,Revenue Office,2026-01-20
DOC_S09276,S09276,Income Certificate,TPL_2429,Revenue Office,2026-01-20
DOC_S09277,S09277,Income Certificate,TPL_2032,Revenue Office,2026-01-20
DOC_S09278,S09278,Income Certificate,TPL_4567,Revenue Office,2026-01-20
DOC_S09279,S09279,Income Certificate,TPL_6782,Revenue Office,2026-01-20
DOC_S09280,S09280,Income Certificate,TPL_1122,Revenue Office,2026-01-20
DOC_S09281,S09281,Income Certificate,TPL_3364,Revenue Office,2026-01-20
DOC_S09282,S09282,Income Certificate,TPL_7642,Revenue Office,2026-01-20
DOC_S09283,S09283,Income Certificate,TPL_7214,Revenue Office,2026-01-20
DOC_S09284,S09284,Income Certificate,TPL_1193,Revenue Office,2026-01-20
DOC_S09285,S09285,Income Certificate,TPL_5196,Revenue Office,2026-01-20
DOC_S09286,S09286,Income Certificate,TPL_4454,Revenue Office,2026-01-20
DOC_S09287,S09287,Income Certificate,TPL_3018,Revenue Office,2026-01-20
DOC_S09288,S09288,Income Certificate,TPL_7103,Revenue Office,2026-01-20
DOC_S09289,S09289,Income Certificate,TPL_7818,Revenue Office,2026-01-20
DOC_S09290,S09290,Income Certificate,TPL_8917,Revenue Office,2026-01-20
DOC_S09291,S09291,Income Certificate,TPL_6435,Revenue Office,2026-01-20
DOC_S09292,S09292,Income Certificate,TPL_5350,Revenue Office,2026-01-20
DOC_S09293,S09293,Income Certificate,TPL_1868,Revenue Office,2026-01-20
DOC_S09294,S09294,Income Certificate,TPL_4265,Revenue Office,2026-01-20
DOC_S09295,S09295,Income Certificate,TPL_5413,Revenue Office,2026-01-20
DOC_S09296,S09296,Income Certificate,TPL_8096,Revenue Office,2026-01-20
DOC_S09297,S09297,Income Certificate,TPL_5431,Revenue Office,2026-01-20
DOC_S09298,S09298,Income Certificate,TPL_4774,Revenue Office,2026-01-20
DOC_S09299,S09299,Income Certificate,TPL_7228,Revenue Office,2026-01-20
DOC_S09300,S09300,Income Certificate,TPL_7395,Revenue Office,2026-01-20
DOC_S09301,S09301,Income Certificate,TPL_8184,Revenue Office,2026-01-20
DOC_S09302,S09302,Income Certificate,TPL_7237,Revenue Office,2026-01-20
DOC_S09303,S09303,Income Certificate,TPL_8620,Revenue Office,2026-01-20
DOC_S09304,S09304,Income Certificate,TPL_3279,Revenue Office,2026-01-20
DOC_S09305,S09305,Income Certificate,TPL_7560,Revenue Office,2026-01-20
DOC_S09306,S09306,Income Certificate,TPL_8455,Revenue Office,2026-01-20
DOC_S09307,S09307,Income Certificate,TPL_3858,Revenue Office,2026-01-20
DOC_S09308,S09308,Income Certificate,TPL_8853,Revenue Office,2026-01-20
DOC_S09309,S09309,Income Certificate,TPL_4229,Revenue Office,2026-01-20
DOC_S09310,S09310,Income Certificate,TPL_3874,Revenue Office,2026-01-20
DOC_S09311,S09311,Income Certificate,TPL_2578,Revenue Office,2026-01-20
DOC_S09312,S09312,Income Certificate,TPL_7362,Revenue Office,2026-01-20
DOC_S09313,S09313,Income Certificate,TPL_6758,Revenue Office,2026-01-20
DOC_S09314,S09314,Income Certificate,TPL_2036,Revenue Office,2026-01-20
DOC_S09315,S09315,Income Certificate,TPL_9939,Revenue Office,2026-01-20
DOC_S09316,S09316,Income Certificate,TPL_1359,Revenue Office,2026-01-20
DOC_S09317,S09317,Income Certificate,TPL_4228,Revenue Office,2026-01-20
DOC_S09318,S09318,Income Certificate,TPL_2385,Revenue Office,2026-01-20
DOC_S09319,S09319,Income Certificate,TPL_8417,Revenue Office,2026-01-20
DOC_S09320,S09320,Income Certificate,TPL_9754,Revenue Office,2026-01-20
DOC_S09321,S09321,Income Certificate,TPL_9746,Revenue Office,2026-01-20
DOC_S09322,S09322,Income Certificate,TPL_2302,Revenue Office,2026-01-20
DOC_S09323,S09323,Income Certificate,TPL_2547,Revenue Office,2026-01-20
DOC_S09324,S09324,Income Certificate,TPL_4470,Revenue Office,2026-01-20
DOC_S09325,S09325,Income Certificate,TPL_1072,Revenue Office,2026-01-20
DOC_S09326,S09326,Income Certificate,TPL_2953,Revenue Office,2026-01-20
DOC_S09327,S09327,Income Certificate,TPL_1873,Revenue Office,2026-01-20
DOC_S09328,S09328,Income Certificate,TPL_4860,Revenue Office,2026-01-20
DOC_S09329,S09329,Income Certificate,TPL_9386,Revenue Office,2026-01-20
DOC_S09330,S09330,Income Certificate,TPL_8113,Revenue Office,2026-01-20
DOC_S09331,S09331,Income Certificate,TPL_8260,Revenue Office,2026-01-20
DOC_S09332,S09332,Income Certificate,TPL_9720,Revenue Office,2026-01-20
DOC_S09333,S09333,Income Certificate,TPL_8368,Revenue Office,2026-01-20
DOC_S09334,S09334,Income Certificate,TPL_6131,Revenue Office,2026-01-20
DOC_S09335,S09335,Income Certificate,TPL_5751,Revenue Office,2026-01-20
DOC_S09336,S09336,Income Certificate,TPL_9035,Revenue Office,2026-01-20
DOC_S09337,S09337,Income Certificate,TPL_1779,Revenue Office,2026-01-20
DOC_S09338,S09338,Income Certificate,TPL_8358,Revenue Office,2026-01-20
DOC_S09339,S09339,Income Certificate,TPL_5976,Revenue Office,2026-01-20
DOC_S09340,S09340,Income Certificate,TPL_5082,Revenue Office,2026-01-20
DOC_S09341,S09341,Income Certificate,TPL_5104,Revenue Office,2026-01-20
DOC_S09342,S09342,Income Certificate,TPL_6835,Revenue Office,2026-01-20
DOC_S09343,S09343,Income Certificate,TPL_7795,Revenue Office,2026-01-20
DOC_S09344,S09344,Income Certificate,TPL_8097,Revenue Office,2026-01-20
DOC_S09345,S09345,Income Certificate,TPL_6614,Revenue Office,2026-01-20
DOC_S09346,S09346,Income Certificate,TPL_9349,Revenue Office,2026-01-20
DOC_S09347,S09347,Income Certificate,TPL_4485,Revenue Office,2026-01-20
DOC_S09348,S09348,Income Certificate,TPL_4847,Revenue Office,2026-01-20
DOC_S09349,S09349,Income Certificate,TPL_5164,Revenue Office,2026-01-20
DOC_S09350,S09350,Income Certificate,TPL_8705,Revenue Office,2026-01-20
DOC_S09351,S09351,Income Certificate,TPL_5291,Revenue Office,2026-01-20
DOC_S09352,S09352,Income Certificate,TPL_9753,Revenue Office,2026-01-20
DOC_S09353,S09353,Income Certificate,TPL_4031,Revenue Office,2026-01-20
DOC_S09354,S09354,Income Certificate,TPL_7430,Revenue Office,2026-01-20
DOC_S09355,S09355,Income Certificate,TPL_3899,Revenue Office,2026-01-20
DOC_S09356,S09356,Income Certificate,TPL_9193,Revenue Office,2026-01-20
DOC_S09357,S09357,Income Certificate,TPL_6222,Revenue Office,2026-01-20
DOC_S09358,S09358,Income Certificate,TPL_1891,Revenue Office,2026-01-20
DOC_S09359,S09359,Income Certificate,TPL_5588,Revenue Office,2026-01-20
DOC_S09360,S09360,Income Certificate,TPL_6559,Revenue Office,2026-01-20
DOC_S09361,S09361,Income Certificate,TPL_2832,Revenue Office,2026-01-20
DOC_S09362,S09362,Income Certificate,TPL_6703,Revenue Office,2026-01-20
DOC_S09363,S09363,Income Certificate,TPL_1019,Revenue Office,2026-01-20
DOC_S09364,S09364,Income Certificate,TPL_5358,Revenue Office,2026-01-20
DOC_S09365,S09365,Income Certificate,TPL_5904,Revenue Office,2026-01-20
DOC_S09366,S09366,Income Certificate,TPL_6673,Revenue Office,2026-01-20
DOC_S09367,S09367,Income Certificate,TPL_8038,Revenue Office,2026-01-20
DOC_S09368,S09368,Income Certificate,TPL_2886,Revenue Office,2026-01-20
DOC_S09369,S09369,Income Certificate,TPL_3543,Revenue Office,2026-01-20
DOC_S09370,S09370,Income Certificate,TPL_5868,Revenue Office,2026-01-20
DOC_S09371,S09371,Income Certificate,TPL_4927,Revenue Office,2026-01-20
DOC_S09372,S09372,Income Certificate,TPL_1143,Revenue Office,2026-01-20
DOC_S09373,S09373,Income Certificate,TPL_4501,Revenue Office,2026-01-20
DOC_S09374,S09374,Income Certificate,TPL_3424,Revenue Office,2026-01-20
DOC_S09375,S09375,Income Certificate,TPL_8505,Revenue Office,2026-01-20
DOC_S09376,S09376,Income Certificate,TPL_4560,Revenue Office,2026-01-20
DOC_S09377,S09377,Income Certificate,TPL_8141,Revenue Office,2026-01-20
DOC_S09378,S09378,Income Certificate,TPL_9411,Revenue Office,2026-01-20
DOC_S09379,S09379,Income Certificate,TPL_1457,Revenue Office,2026-01-20
DOC_S09380,S09380,Income Certificate,TPL_2047,Revenue Office,2026-01-20
DOC_S09381,S09381,Income Certificate,TPL_2422,Revenue Office,2026-01-20
DOC_S09382,S09382,Income Certificate,TPL_9964,Revenue Office,2026-01-20
DOC_S09383,S09383,Income Certificate,TPL_8925,Revenue Office,2026-01-20
DOC_S09384,S09384,Income Certificate,TPL_5410,Revenue Office,2026-01-20
DOC_S09385,S09385,Income Certificate,TPL_7803,Revenue Office,2026-01-20
DOC_S09386,S09386,Income Certificate,TPL_1409,Revenue Office,2026-01-20
DOC_S09387,S09387,Income Certificate,TPL_6657,Revenue Office,2026-01-20
DOC_S09388,S09388,Income Certificate,TPL_8640,Revenue Office,2026-01-20
DOC_S09389,S09389,Income Certificate,TPL_3069,Revenue Office,2026-01-20
DOC_S09390,S09390,Income Certificate,TPL_8569,Revenue Office,2026-01-20
DOC_S09391,S09391,Income Certificate,TPL_9305,Revenue Office,2026-01-20
DOC_S09392,S09392,Income Certificate,TPL_9494,Revenue Office,2026-01-20
DOC_S09393,S09393,Income Certificate,TPL_7680,Revenue Office,2026-01-20
DOC_S09394,S09394,Income Certificate,TPL_3312,Revenue Office,2026-01-20
DOC_S09395,S09395,Income Certificate,TPL_4310,Revenue Office,2026-01-20
DOC_S09396,S09396,Income Certificate,TPL_4677,Revenue Office,2026-01-20
DOC_S09397,S09397,Income Certificate,TPL_7258,Revenue Office,2026-01-20
DOC_S09398,S09398,Income Certificate,TPL_6545,Revenue Office,2026-01-20
DOC_S09399,S09399,Income Certificate,TPL_1899,Revenue Office,2026-01-20
DOC_S09400,S09400,Income Certificate,TPL_7796,Revenue Office,2026-01-20
DOC_S09401,S09401,Income Certificate,TPL_4110,Revenue Office,2026-01-20
DOC_S09402,S09402,Income Certificate,TPL_3929,Revenue Office,2026-01-20
DOC_S09403,S09403,Income Certificate,TPL_8693,Revenue Office,2026-01-20
DOC_S09404,S09404,Income Certificate,TPL_2635,Revenue Office,2026-01-20
DOC_S09405,S09405,Income Certificate,TPL_5624,Revenue Office,2026-01-20
DOC_S09406,S09406,Income Certificate,TPL_3199,Revenue Office,2026-01-20
DOC_S09407,S09407,Income Certificate,TPL_8074,Revenue Office,2026-01-20
DOC_S09408,S09408,Income Certificate,TPL_8739,Revenue Office,2026-01-20
DOC_S09409,S09409,Income Certificate,TPL_2919,Revenue Office,2026-01-20
DOC_S09410,S09410,Income Certificate,TPL_7979,Revenue Office,2026-01-20
DOC_S09411,S09411,Income Certificate,TPL_3420,Revenue Office,2026-01-20
DOC_S09412,S09412,Income Certificate,TPL_7655,Revenue Office,2026-01-20
DOC_S09413,S09413,Income Certificate,TPL_9846,Revenue Office,2026-01-20
DOC_S09414,S09414,Income Certificate,TPL_2915,Revenue Office,2026-01-20
DOC_S09415,S09415,Income Certificate,TPL_2432,Revenue Office,2026-01-20
DOC_S09416,S09416,Income Certificate,TPL_9262,Revenue Office,2026-01-20
DOC_S09417,S09417,Income Certificate,TPL_4533,Revenue Office,2026-01-20
DOC_S09418,S09418,Income Certificate,TPL_8638,Revenue Office,2026-01-20
DOC_S09419,S09419,Income Certificate,TPL_1238,Revenue Office,2026-01-20
DOC_S09420,S09420,Income Certificate,TPL_5400,Revenue Office,2026-01-20
DOC_S09421,S09421,Income Certificate,TPL_4355,Revenue Office,2026-01-20
DOC_S09422,S09422,Income Certificate,TPL_2316,Revenue Office,2026-01-20
DOC_S09423,S09423,Income Certificate,TPL_2841,Revenue Office,2026-01-20
DOC_S09424,S09424,Income Certificate,TPL_4135,Revenue Office,2026-01-20
DOC_S09425,S09425,Income Certificate,TPL_1014,Revenue Office,2026-01-20
DOC_S09426,S09426,Income Certificate,TPL_8244,Revenue Office,2026-01-20
DOC_S09427,S09427,Income Certificate,TPL_2875,Revenue Office,2026-01-20
DOC_S09428,S09428,Income Certificate,TPL_8146,Revenue Office,2026-01-20
DOC_S09429,S09429,Income Certificate,TPL_4961,Revenue Office,2026-01-20
DOC_S09430,S09430,Income Certificate,TPL_5174,Revenue Office,2026-01-20
DOC_S09431,S09431,Income Certificate,TPL_6044,Revenue Office,2026-01-20
DOC_S09432,S09432,Income Certificate,TPL_4241,Revenue Office,2026-01-20
DOC_S09433,S09433,Income Certificate,TPL_3914,Revenue Office,2026-01-20
DOC_S09434,S09434,Income Certificate,TPL_9382,Revenue Office,2026-01-20
DOC_S09435,S09435,Income Certificate,TPL_7451,Revenue Office,2026-01-20
DOC_S09436,S09436,Income Certificate,TPL_2399,Revenue Office,2026-01-20
DOC_S09437,S09437,Income Certificate,TPL_8134,Revenue Office,2026-01-20
DOC_S09438,S09438,Income Certificate,TPL_7353,Revenue Office,2026-01-20
DOC_S09439,S09439,Income Certificate,TPL_9646,Revenue Office,2026-01-20
DOC_S09440,S09440,Income Certificate,TPL_6509,Revenue Office,2026-01-20
DOC_S09441,S09441,Income Certificate,TPL_6026,Revenue Office,2026-01-20
DOC_S09442,S09442,Income Certificate,TPL_9899,Revenue Office,2026-01-20
DOC_S09443,S09443,Income Certificate,TPL_1950,Revenue Office,2026-01-20
DOC_S09444,S09444,Income Certificate,TPL_7358,Revenue Office,2026-01-20
DOC_S09445,S09445,Income Certificate,TPL_9055,Revenue Office,2026-01-20
DOC_S09446,S09446,Income Certificate,TPL_8945,Revenue Office,2026-01-20
DOC_S09447,S09447,Income Certificate,TPL_3448,Revenue Office,2026-01-20
DOC_S09448,S09448,Income Certificate,TPL_6405,Revenue Office,2026-01-20
DOC_S09449,S09449,Income Certificate,TPL_2892,Revenue Office,2026-01-20
DOC_S09450,S09450,Income Certificate,TPL_3717,Revenue Office,2026-01-20
DOC_S09451,S09451,Income Certificate,TPL_4476,Revenue Office,2026-01-20
DOC_S09452,S09452,Income Certificate,TPL_6323,Revenue Office,2026-01-20
DOC_S09453,S09453,Income Certificate,TPL_5586,Revenue Office,2026-01-20
DOC_S09454,S09454,Income Certificate,TPL_2888,Revenue Office,2026-01-20
DOC_S09455,S09455,Income Certificate,TPL_3756,Revenue Office,2026-01-20
DOC_S09456,S09456,Income Certificate,TPL_3928,Revenue Office,2026-01-20
DOC_S09457,S09457,Income Certificate,TPL_5743,Revenue Office,2026-01-20
DOC_S09458,S09458,Income Certificate,TPL_9453,Revenue Office,2026-01-20
DOC_S09459,S09459,Income Certificate,TPL_9565,Revenue Office,2026-01-20
DOC_S09460,S09460,Income Certificate,TPL_4333,Revenue Office,2026-01-20
DOC_S09461,S09461,Income Certificate,TPL_7702,Revenue Office,2026-01-20
DOC_S09462,S09462,Income Certificate,TPL_6029,Revenue Office,2026-01-20
DOC_S09463,S09463,Income Certificate,TPL_1444,Revenue Office,2026-01-20
DOC_S09464,S09464,Income Certificate,TPL_9023,Revenue Office,2026-01-20
DOC_S09465,S09465,Income Certificate,TPL_6311,Revenue Office,2026-01-20
DOC_S09466,S09466,Income Certificate,TPL_8559,Revenue Office,2026-01-20
DOC_S09467,S09467,Income Certificate,TPL_5898,Revenue Office,2026-01-20
DOC_S09468,S09468,Income Certificate,TPL_4733,Revenue Office,2026-01-20
DOC_S09469,S09469,Income Certificate,TPL_6437,Revenue Office,2026-01-20
DOC_S09470,S09470,Income Certificate,TPL_6140,Revenue Office,2026-01-20
DOC_S09471,S09471,Income Certificate,TPL_6495,Revenue Office,2026-01-20
DOC_S09472,S09472,Income Certificate,TPL_2363,Revenue Office,2026-01-20
DOC_S09473,S09473,Income Certificate,TPL_5306,Revenue Office,2026-01-20
DOC_S09474,S09474,Income Certificate,TPL_8049,Revenue Office,2026-01-20
DOC_S09475,S09475,Income Certificate,TPL_6603,Revenue Office,2026-01-20
DOC_S09476,S09476,Income Certificate,TPL_7813,Revenue Office,2026-01-20
DOC_S09477,S09477,Income Certificate,TPL_5503,Revenue Office,2026-01-20
DOC_S09478,S09478,Income Certificate,TPL_9228,Revenue Office,2026-01-20
DOC_S09479,S09479,Income Certificate,TPL_5520,Revenue Office,2026-01-20
DOC_S09480,S09480,Income Certificate,TPL_6054,Revenue Office,2026-01-20
DOC_S09481,S09481,Income Certificate,TPL_7496,Revenue Office,2026-01-20
DOC_S09482,S09482,Income Certificate,TPL_8808,Revenue Office,2026-01-20
DOC_S09483,S09483,Income Certificate,TPL_9443,Revenue Office,2026-01-20
DOC_S09484,S09484,Income Certificate,TPL_4719,Revenue Office,2026-01-20
DOC_S09485,S09485,Income Certificate,TPL_2136,Revenue Office,2026-01-20
DOC_S09486,S09486,Income Certificate,TPL_7547,Revenue Office,2026-01-20
DOC_S09487,S09487,Income Certificate,TPL_8135,Revenue Office,2026-01-20
DOC_S09488,S09488,Income Certificate,TPL_2667,Revenue Office,2026-01-20
DOC_S09489,S09489,Income Certificate,TPL_6061,Revenue Office,2026-01-20
DOC_S09490,S09490,Income Certificate,TPL_1968,Revenue Office,2026-01-20
DOC_S09491,S09491,Income Certificate,TPL_2151,Revenue Office,2026-01-20
DOC_S09492,S09492,Income Certificate,TPL_6376,Revenue Office,2026-01-20
DOC_S09493,S09493,Income Certificate,TPL_1150,Revenue Office,2026-01-20
DOC_S09494,S09494,Income Certificate,TPL_5881,Revenue Office,2026-01-20
DOC_S09495,S09495,Income Certificate,TPL_2753,Revenue Office,2026-01-20
DOC_S09496,S09496,Income Certificate,TPL_7791,Revenue Office,2026-01-20
DOC_S09497,S09497,Income Certificate,TPL_2284,Revenue Office,2026-01-20
DOC_S09498,S09498,Income Certificate,TPL_9388,Revenue Office,2026-01-20
DOC_S09499,S09499,Income Certificate,TPL_3774,Revenue Office,2026-01-20
DOC_S09500,S09500,Income Certificate,TPL_8274,Revenue Office,2026-01-20
DOC_S09501,S09501,Income Certificate,TPL_1935,Revenue Office,2026-01-20
DOC_S09502,S09502,Income Certificate,TPL_8190,Revenue Office,2026-01-20
DOC_S09503,S09503,Income Certificate,TPL_9401,Revenue Office,2026-01-20
DOC_S09504,S09504,Income Certificate,TPL_3812,Revenue Office,2026-01-20
DOC_S09505,S09505,Income Certificate,TPL_9817,Revenue Office,2026-01-20
DOC_S09506,S09506,Income Certificate,TPL_3420,Revenue Office,2026-01-20
DOC_S09507,S09507,Income Certificate,TPL_4137,Revenue Office,2026-01-20
DOC_S09508,S09508,Income Certificate,TPL_4365,Revenue Office,2026-01-20
DOC_S09509,S09509,Income Certificate,TPL_4828,Revenue Office,2026-01-20
DOC_S09510,S09510,Income Certificate,TPL_4173,Revenue Office,2026-01-20
DOC_S09511,S09511,Income Certificate,TPL_3887,Revenue Office,2026-01-20
DOC_S09512,S09512,Income Certificate,TPL_5233,Revenue Office,2026-01-20
DOC_S09513,S09513,Income Certificate,TPL_9358,Revenue Office,2026-01-20
DOC_S09514,S09514,Income Certificate,TPL_9159,Revenue Office,2026-01-20
DOC_S09515,S09515,Income Certificate,TPL_7544,Revenue Office,2026-01-20
DOC_S09516,S09516,Income Certificate,TPL_9172,Revenue Office,2026-01-20
DOC_S09517,S09517,Income Certificate,TPL_8913,Revenue Office,2026-01-20
DOC_S09518,S09518,Income Certificate,TPL_1824,Revenue Office,2026-01-20
DOC_S09519,S09519,Income Certificate,TPL_4292,Revenue Office,2026-01-20
DOC_S09520,S09520,Income Certificate,TPL_7219,Revenue Office,2026-01-20
DOC_S09521,S09521,Income Certificate,TPL_1991,Revenue Office,2026-01-20
DOC_S09522,S09522,Income Certificate,TPL_1426,Revenue Office,2026-01-20
DOC_S09523,S09523,Income Certificate,TPL_4435,Revenue Office,2026-01-20
DOC_S09524,S09524,Income Certificate,TPL_5846,Revenue Office,2026-01-20
DOC_S09525,S09525,Income Certificate,TPL_5153,Revenue Office,2026-01-20
DOC_S09526,S09526,Income Certificate,TPL_1948,Revenue Office,2026-01-20
DOC_S09527,S09527,Income Certificate,TPL_2636,Revenue Office,2026-01-20
DOC_S09528,S09528,Income Certificate,TPL_7462,Revenue Office,2026-01-20
DOC_S09529,S09529,Income Certificate,TPL_3774,Revenue Office,2026-01-20
DOC_S09530,S09530,Income Certificate,TPL_2547,Revenue Office,2026-01-20
DOC_S09531,S09531,Income Certificate,TPL_5217,Revenue Office,2026-01-20
DOC_S09532,S09532,Income Certificate,TPL_9965,Revenue Office,2026-01-20
DOC_S09533,S09533,Income Certificate,TPL_3327,Revenue Office,2026-01-20
DOC_S09534,S09534,Income Certificate,TPL_1098,Revenue Office,2026-01-20
DOC_S09535,S09535,Income Certificate,TPL_4102,Revenue Office,2026-01-20
DOC_S09536,S09536,Income Certificate,TPL_2434,Revenue Office,2026-01-20
DOC_S09537,S09537,Income Certificate,TPL_1517,Revenue Office,2026-01-20
DOC_S09538,S09538,Income Certificate,TPL_7594,Revenue Office,2026-01-20
DOC_S09539,S09539,Income Certificate,TPL_3449,Revenue Office,2026-01-20
DOC_S09540,S09540,Income Certificate,TPL_8114,Revenue Office,2026-01-20
DOC_S09541,S09541,Income Certificate,TPL_9568,Revenue Office,2026-01-20
DOC_S09542,S09542,Income Certificate,TPL_3721,Revenue Office,2026-01-20
DOC_S09543,S09543,Income Certificate,TPL_3770,Revenue Office,2026-01-20
DOC_S09544,S09544,Income Certificate,TPL_3414,Revenue Office,2026-01-20
DOC_S09545,S09545,Income Certificate,TPL_1207,Revenue Office,2026-01-20
DOC_S09546,S09546,Income Certificate,TPL_9665,Revenue Office,2026-01-20
DOC_S09547,S09547,Income Certificate,TPL_7511,Revenue Office,2026-01-20
DOC_S09548,S09548,Income Certificate,TPL_8892,Revenue Office,2026-01-20
DOC_S09549,S09549,Income Certificate,TPL_3222,Revenue Office,2026-01-20
DOC_S09550,S09550,Income Certificate,TPL_9762,Revenue Office,2026-01-20
DOC_S09551,S09551,Income Certificate,TPL_1390,Revenue Office,2026-01-20
DOC_S09552,S09552,Income Certificate,TPL_8190,Revenue Office,2026-01-20
DOC_S09553,S09553,Income Certificate,TPL_2387,Revenue Office,2026-01-20
DOC_S09554,S09554,Income Certificate,TPL_3973,Revenue Office,2026-01-20
DOC_S09555,S09555,Income Certificate,TPL_6722,Revenue Office,2026-01-20
DOC_S09556,S09556,Income Certificate,TPL_5442,Revenue Office,2026-01-20
DOC_S09557,S09557,Income Certificate,TPL_3348,Revenue Office,2026-01-20
DOC_S09558,S09558,Income Certificate,TPL_7328,Revenue Office,2026-01-20
DOC_S09559,S09559,Income Certificate,TPL_2291,Revenue Office,2026-01-20
DOC_S09560,S09560,Income Certificate,TPL_1424,Revenue Office,2026-01-20
DOC_S09561,S09561,Income Certificate,TPL_6816,Revenue Office,2026-01-20
DOC_S09562,S09562,Income Certificate,TPL_6473,Revenue Office,2026-01-20
DOC_S09563,S09563,Income Certificate,TPL_9936,Revenue Office,2026-01-20
DOC_S09564,S09564,Income Certificate,TPL_2894,Revenue Office,2026-01-20
DOC_S09565,S09565,Income Certificate,TPL_6887,Revenue Office,2026-01-20
DOC_S09566,S09566,Income Certificate,TPL_1845,Revenue Office,2026-01-20
DOC_S09567,S09567,Income Certificate,TPL_5100,Revenue Office,2026-01-20
DOC_S09568,S09568,Income Certificate,TPL_9903,Revenue Office,2026-01-20
DOC_S09569,S09569,Income Certificate,TPL_1098,Revenue Office,2026-01-20
DOC_S09570,S09570,Income Certificate,TPL_9884,Revenue Office,2026-01-20
DOC_S09571,S09571,Income Certificate,TPL_2125,Revenue Office,2026-01-20
DOC_S09572,S09572,Income Certificate,TPL_2852,Revenue Office,2026-01-20
DOC_S09573,S09573,Income Certificate,TPL_8378,Revenue Office,2026-01-20
DOC_S09574,S09574,Income Certificate,TPL_4073,Revenue Office,2026-01-20
DOC_S09575,S09575,Income Certificate,TPL_9838,Revenue Office,2026-01-20
DOC_S09576,S09576,Income Certificate,TPL_7989,Revenue Office,2026-01-20
DOC_S09577,S09577,Income Certificate,TPL_6737,Revenue Office,2026-01-20
DOC_S09578,S09578,Income Certificate,TPL_3268,Revenue Office,2026-01-20
DOC_S09579,S09579,Income Certificate,TPL_1988,Revenue Office,2026-01-20
DOC_S09580,S09580,Income Certificate,TPL_1595,Revenue Office,2026-01-20
DOC_S09581,S09581,Income Certificate,TPL_3297,Revenue Office,2026-01-20
DOC_S09582,S09582,Income Certificate,TPL_6312,Revenue Office,2026-01-20
DOC_S09583,S09583,Income Certificate,TPL_7418,Revenue Office,2026-01-20
DOC_S09584,S09584,Income Certificate,TPL_9753,Revenue Office,2026-01-20
DOC_S09585,S09585,Income Certificate,TPL_8289,Revenue Office,2026-01-20
DOC_S09586,S09586,Income Certificate,TPL_5139,Revenue Office,2026-01-20
DOC_S09587,S09587,Income Certificate,TPL_7276,Revenue Office,2026-01-20
DOC_S09588,S09588,Income Certificate,TPL_4343,Revenue Office,2026-01-20
DOC_S09589,S09589,Income Certificate,TPL_6766,Revenue Office,2026-01-20
DOC_S09590,S09590,Income Certificate,TPL_6502,Revenue Office,2026-01-20
DOC_S09591,S09591,Income Certificate,TPL_6856,Revenue Office,2026-01-20
DOC_S09592,S09592,Income Certificate,TPL_4025,Revenue Office,2026-01-20
DOC_S09593,S09593,Income Certificate,TPL_8816,Revenue Office,2026-01-20
DOC_S09594,S09594,Income Certificate,TPL_2257,Revenue Office,2026-01-20
DOC_S09595,S09595,Income Certificate,TPL_1428,Revenue Office,2026-01-20
DOC_S09596,S09596,Income Certificate,TPL_9708,Revenue Office,2026-01-20
DOC_S09597,S09597,Income Certificate,TPL_6200,Revenue Office,2026-01-20
DOC_S09598,S09598,Income Certificate,TPL_9204,Revenue Office,2026-01-20
DOC_S09599,S09599,Income Certificate,TPL_3566,Revenue Office,2026-01-20
DOC_S09600,S09600,Income Certificate,TPL_2957,Revenue Office,2026-01-20
DOC_S09601,S09601,Income Certificate,TPL_2456,Revenue Office,2026-01-20
DOC_S09602,S09602,Income Certificate,TPL_9891,Revenue Office,2026-01-20
DOC_S09603,S09603,Income Certificate,TPL_3382,Revenue Office,2026-01-20
DOC_S09604,S09604,Income Certificate,TPL_3867,Revenue Office,2026-01-20
DOC_S09605,S09605,Income Certificate,TPL_1396,Revenue Office,2026-01-20
DOC_S09606,S09606,Income Certificate,TPL_4707,Revenue Office,2026-01-20
DOC_S09607,S09607,Income Certificate,TPL_8641,Revenue Office,2026-01-20
DOC_S09608,S09608,Income Certificate,TPL_7270,Revenue Office,2026-01-20
DOC_S09609,S09609,Income Certificate,TPL_7409,Revenue Office,2026-01-20
DOC_S09610,S09610,Income Certificate,TPL_3101,Revenue Office,2026-01-20
DOC_S09611,S09611,Income Certificate,TPL_5152,Revenue Office,2026-01-20
DOC_S09612,S09612,Income Certificate,TPL_3979,Revenue Office,2026-01-20
DOC_S09613,S09613,Income Certificate,TPL_6450,Revenue Office,2026-01-20
DOC_S09614,S09614,Income Certificate,TPL_7974,Revenue Office,2026-01-20
DOC_S09615,S09615,Income Certificate,TPL_5368,Revenue Office,2026-01-20
DOC_S09616,S09616,Income Certificate,TPL_8869,Revenue Office,2026-01-20
DOC_S09617,S09617,Income Certificate,TPL_5099,Revenue Office,2026-01-20
DOC_S09618,S09618,Income Certificate,TPL_2831,Revenue Office,2026-01-20
DOC_S09619,S09619,Income Certificate,TPL_9512,Revenue Office,2026-01-20
DOC_S09620,S09620,Income Certificate,TPL_7701,Revenue Office,2026-01-20
DOC_S09621,S09621,Income Certificate,TPL_2365,Revenue Office,2026-01-20
DOC_S09622,S09622,Income Certificate,TPL_5910,Revenue Office,2026-01-20
DOC_S09623,S09623,Income Certificate,TPL_9931,Revenue Office,2026-01-20
DOC_S09624,S09624,Income Certificate,TPL_9375,Revenue Office,2026-01-20
DOC_S09625,S09625,Income Certificate,TPL_2177,Revenue Office,2026-01-20
DOC_S09626,S09626,Income Certificate,TPL_8031,Revenue Office,2026-01-20
DOC_S09627,S09627,Income Certificate,TPL_6744,Revenue Office,2026-01-20
DOC_S09628,S09628,Income Certificate,TPL_9727,Revenue Office,2026-01-20
DOC_S09629,S09629,Income Certificate,TPL_8843,Revenue Office,2026-01-20
DOC_S09630,S09630,Income Certificate,TPL_8240,Revenue Office,2026-01-20
DOC_S09631,S09631,Income Certificate,TPL_2647,Revenue Office,2026-01-20
DOC_S09632,S09632,Income Certificate,TPL_3883,Revenue Office,2026-01-20
DOC_S09633,S09633,Income Certificate,TPL_3502,Revenue Office,2026-01-20
DOC_S09634,S09634,Income Certificate,TPL_6008,Revenue Office,2026-01-20
DOC_S09635,S09635,Income Certificate,TPL_8304,Revenue Office,2026-01-20
DOC_S09636,S09636,Income Certificate,TPL_2679,Revenue Office,2026-01-20
DOC_S09637,S09637,Income Certificate,TPL_1690,Revenue Office,2026-01-20
DOC_S09638,S09638,Income Certificate,TPL_2781,Revenue Office,2026-01-20
DOC_S09639,S09639,Income Certificate,TPL_3990,Revenue Office,2026-01-20
DOC_S09640,S09640,Income Certificate,TPL_7874,Revenue Office,2026-01-20
DOC_S09641,S09641,Income Certificate,TPL_2424,Revenue Office,2026-01-20
DOC_S09642,S09642,Income Certificate,TPL_9665,Revenue Office,2026-01-20
DOC_S09643,S09643,Income Certificate,TPL_8325,Revenue Office,2026-01-20
DOC_S09644,S09644,Income Certificate,TPL_5805,Revenue Office,2026-01-20
DOC_S09645,S09645,Income Certificate,TPL_7744,Revenue Office,2026-01-20
DOC_S09646,S09646,Income Certificate,TPL_4800,Revenue Office,2026-01-20
DOC_S09647,S09647,Income Certificate,TPL_5303,Revenue Office,2026-01-20
DOC_S09648,S09648,Income Certificate,TPL_6457,Revenue Office,2026-01-20
DOC_S09649,S09649,Income Certificate,TPL_6238,Revenue Office,2026-01-20
DOC_S09650,S09650,Income Certificate,TPL_5969,Revenue Office,2026-01-20
DOC_S09651,S09651,Income Certificate,TPL_9426,Revenue Office,2026-01-20
DOC_S09652,S09652,Income Certificate,TPL_9196,Revenue Office,2026-01-20
DOC_S09653,S09653,Income Certificate,TPL_2778,Revenue Office,2026-01-20
DOC_S09654,S09654,Income Certificate,TPL_4713,Revenue Office,2026-01-20
DOC_S09655,S09655,Income Certificate,TPL_5642,Revenue Office,2026-01-20
DOC_S09656,S09656,Income Certificate,TPL_5246,Revenue Office,2026-01-20
DOC_S09657,S09657,Income Certificate,TPL_5428,Revenue Office,2026-01-20
DOC_S09658,S09658,Income Certificate,TPL_2670,Revenue Office,2026-01-20
DOC_S09659,S09659,Income Certificate,TPL_8422,Revenue Office,2026-01-20
DOC_S09660,S09660,Income Certificate,TPL_8499,Revenue Office,2026-01-20
DOC_S09661,S09661,Income Certificate,TPL_7407,Revenue Office,2026-01-20
DOC_S09662,S09662,Income Certificate,TPL_9282,Revenue Office,2026-01-20
DOC_S09663,S09663,Income Certificate,TPL_9557,Revenue Office,2026-01-20
DOC_S09664,S09664,Income Certificate,TPL_6101,Revenue Office,2026-01-20
DOC_S09665,S09665,Income Certificate,TPL_1481,Revenue Office,2026-01-20
DOC_S09666,S09666,Income Certificate,TPL_3122,Revenue Office,2026-01-20
DOC_S09667,S09667,Income Certificate,TPL_2176,Revenue Office,2026-01-20
DOC_S09668,S09668,Income Certificate,TPL_9474,Revenue Office,2026-01-20
DOC_S09669,S09669,Income Certificate,TPL_7644,Revenue Office,2026-01-20
DOC_S09670,S09670,Income Certificate,TPL_2088,Revenue Office,2026-01-20
DOC_S09671,S09671,Income Certificate,TPL_4591,Revenue Office,2026-01-20
DOC_S09672,S09672,Income Certificate,TPL_9145,Revenue Office,2026-01-20
DOC_S09673,S09673,Income Certificate,TPL_9409,Revenue Office,2026-01-20
DOC_S09674,S09674,Income Certificate,TPL_2687,Revenue Office,2026-01-20
DOC_S09675,S09675,Income Certificate,TPL_1403,Revenue Office,2026-01-20
DOC_S09676,S09676,Income Certificate,TPL_6640,Revenue Office,2026-01-20
DOC_S09677,S09677,Income Certificate,TPL_5786,Revenue Office,2026-01-20
DOC_S09678,S09678,Income Certificate,TPL_9423,Revenue Office,2026-01-20
DOC_S09679,S09679,Income Certificate,TPL_6855,Revenue Office,2026-01-20
DOC_S09680,S09680,Income Certificate,TPL_7389,Revenue Office,2026-01-20
DOC_S09681,S09681,Income Certificate,TPL_9057,Revenue Office,2026-01-20
DOC_S09682,S09682,Income Certificate,TPL_7696,Revenue Office,2026-01-20
DOC_S09683,S09683,Income Certificate,TPL_7647,Revenue Office,2026-01-20
DOC_S09684,S09684,Income Certificate,TPL_9292,Revenue Office,2026-01-20
DOC_S09685,S09685,Income Certificate,TPL_9971,Revenue Office,2026-01-20
DOC_S09686,S09686,Income Certificate,TPL_2869,Revenue Office,2026-01-20
DOC_S09687,S09687,Income Certificate,TPL_2575,Revenue Office,2026-01-20
DOC_S09688,S09688,Income Certificate,TPL_1263,Revenue Office,2026-01-20
DOC_S09689,S09689,Income Certificate,TPL_6230,Revenue Office,2026-01-20
DOC_S09690,S09690,Income Certificate,TPL_7490,Revenue Office,2026-01-20
DOC_S09691,S09691,Income Certificate,TPL_8511,Revenue Office,2026-01-20
DOC_S09692,S09692,Income Certificate,TPL_2247,Revenue Office,2026-01-20
DOC_S09693,S09693,Income Certificate,TPL_6433,Revenue Office,2026-01-20
DOC_S09694,S09694,Income Certificate,TPL_6583,Revenue Office,2026-01-20
DOC_S09695,S09695,Income Certificate,TPL_4371,Revenue Office,2026-01-20
DOC_S09696,S09696,Income Certificate,TPL_7218,Revenue Office,2026-01-20
DOC_S09697,S09697,Income Certificate,TPL_2084,Revenue Office,2026-01-20
DOC_S09698,S09698,Income Certificate,TPL_7975,Revenue Office,2026-01-20
DOC_S09699,S09699,Income Certificate,TPL_5413,Revenue Office,2026-01-20
DOC_S09700,S09700,Income Certificate,TPL_9684,Revenue Office,2026-01-20
DOC_S09701,S09701,Income Certificate,TPL_1393,Revenue Office,2026-01-20
DOC_S09702,S09702,Income Certificate,TPL_3050,Revenue Office,2026-01-20
DOC_S09703,S09703,Income Certificate,TPL_9138,Revenue Office,2026-01-20
DOC_S09704,S09704,Income Certificate,TPL_7200,Revenue Office,2026-01-20
DOC_S09705,S09705,Income Certificate,TPL_9688,Revenue Office,2026-01-20
DOC_S09706,S09706,Income Certificate,TPL_6872,Revenue Office,2026-01-20
DOC_S09707,S09707,Income Certificate,TPL_9686,Revenue Office,2026-01-20
DOC_S09708,S09708,Income Certificate,TPL_2101,Revenue Office,2026-01-20
DOC_S09709,S09709,Income Certificate,TPL_4206,Revenue Office,2026-01-20
DOC_S09710,S09710,Income Certificate,TPL_3303,Revenue Office,2026-01-20
DOC_S09711,S09711,Income Certificate,TPL_8289,Revenue Office,2026-01-20
DOC_S09712,S09712,Income Certificate,TPL_3195,Revenue Office,2026-01-20
DOC_S09713,S09713,Income Certificate,TPL_1380,Revenue Office,2026-01-20
DOC_S09714,S09714,Income Certificate,TPL_4400,Revenue Office,2026-01-20
DOC_S09715,S09715,Income Certificate,TPL_6426,Revenue Office,2026-01-20
DOC_S09716,S09716,Income Certificate,TPL_1956,Revenue Office,2026-01-20
DOC_S09717,S09717,Income Certificate,TPL_1156,Revenue Office,2026-01-20
DOC_S09718,S09718,Income Certificate,TPL_2360,Revenue Office,2026-01-20
DOC_S09719,S09719,Income Certificate,TPL_3757,Revenue Office,2026-01-20
DOC_S09720,S09720,Income Certificate,TPL_2208,Revenue Office,2026-01-20
DOC_S09721,S09721,Income Certificate,TPL_3192,Revenue Office,2026-01-20
DOC_S09722,S09722,Income Certificate,TPL_5413,Revenue Office,2026-01-20
DOC_S09723,S09723,Income Certificate,TPL_3305,Revenue Office,2026-01-20
DOC_S09724,S09724,Income Certificate,TPL_3218,Revenue Office,2026-01-20
DOC_S09725,S09725,Income Certificate,TPL_6604,Revenue Office,2026-01-20
DOC_S09726,S09726,Income Certificate,TPL_2612,Revenue Office,2026-01-20
DOC_S09727,S09727,Income Certificate,TPL_6979,Revenue Office,2026-01-20
DOC_S09728,S09728,Income Certificate,TPL_5834,Revenue Office,2026-01-20
DOC_S09729,S09729,Income Certificate,TPL_1687,Revenue Office,2026-01-20
DOC_S09730,S09730,Income Certificate,TPL_5822,Revenue Office,2026-01-20
DOC_S09731,S09731,Income Certificate,TPL_5921,Revenue Office,2026-01-20
DOC_S09732,S09732,Income Certificate,TPL_8483,Revenue Office,2026-01-20
DOC_S09733,S09733,Income Certificate,TPL_5613,Revenue Office,2026-01-20
DOC_S09734,S09734,Income Certificate,TPL_5442,Revenue Office,2026-01-20
DOC_S09735,S09735,Income Certificate,TPL_6096,Revenue Office,2026-01-20
DOC_S09736,S09736,Income Certificate,TPL_7406,Revenue Office,2026-01-20
DOC_S09737,S09737,Income Certificate,TPL_3604,Revenue Office,2026-01-20
DOC_S09738,S09738,Income Certificate,TPL_9723,Revenue Office,2026-01-20
DOC_S09739,S09739,Income Certificate,TPL_6085,Revenue Office,2026-01-20
DOC_S09740,S09740,Income Certificate,TPL_2714,Revenue Office,2026-01-20
DOC_S09741,S09741,Income Certificate,TPL_9125,Revenue Office,2026-01-20
DOC_S09742,S09742,Income Certificate,TPL_4968,Revenue Office,2026-01-20
DOC_S09743,S09743,Income Certificate,TPL_5578,Revenue Office,2026-01-20
DOC_S09744,S09744,Income Certificate,TPL_3312,Revenue Office,2026-01-20
DOC_S09745,S09745,Income Certificate,TPL_2789,Revenue Office,2026-01-20
DOC_S09746,S09746,Income Certificate,TPL_7563,Revenue Office,2026-01-20
DOC_S09747,S09747,Income Certificate,TPL_2267,Revenue Office,2026-01-20
DOC_S09748,S09748,Income Certificate,TPL_2452,Revenue Office,2026-01-20
DOC_S09749,S09749,Income Certificate,TPL_3004,Revenue Office,2026-01-20
DOC_S09750,S09750,Income Certificate,TPL_4418,Revenue Office,2026-01-20
DOC_S09751,S09751,Income Certificate,TPL_9075,Revenue Office,2026-01-20
DOC_S09752,S09752,Income Certificate,TPL_8718,Revenue Office,2026-01-20
DOC_S09753,S09753,Income Certificate,TPL_8680,Revenue Office,2026-01-20
DOC_S09754,S09754,Income Certificate,TPL_3636,Revenue Office,2026-01-20
DOC_S09755,S09755,Income Certificate,TPL_4936,Revenue Office,2026-01-20
DOC_S09756,S09756,Income Certificate,TPL_7909,Revenue Office,2026-01-20
DOC_S09757,S09757,Income Certificate,TPL_6999,Revenue Office,2026-01-20
DOC_S09758,S09758,Income Certificate,TPL_1840,Revenue Office,2026-01-20
DOC_S09759,S09759,Income Certificate,TPL_8939,Revenue Office,2026-01-20
DOC_S09760,S09760,Income Certificate,TPL_4765,Revenue Office,2026-01-20
DOC_S09761,S09761,Income Certificate,TPL_7924,Revenue Office,2026-01-20
DOC_S09762,S09762,Income Certificate,TPL_7842,Revenue Office,2026-01-20
DOC_S09763,S09763,Income Certificate,TPL_9443,Revenue Office,2026-01-20
DOC_S09764,S09764,Income Certificate,TPL_7610,Revenue Office,2026-01-20
DOC_S09765,S09765,Income Certificate,TPL_2877,Revenue Office,2026-01-20
DOC_S09766,S09766,Income Certificate,TPL_1322,Revenue Office,2026-01-20
DOC_S09767,S09767,Income Certificate,TPL_8483,Revenue Office,2026-01-20
DOC_S09768,S09768,Income Certificate,TPL_4562,Revenue Office,2026-01-20
DOC_S09769,S09769,Income Certificate,TPL_2566,Revenue Office,2026-01-20
DOC_S09770,S09770,Income Certificate,TPL_4237,Revenue Office,2026-01-20
DOC_S09771,S09771,Income Certificate,TPL_5071,Revenue Office,2026-01-20
DOC_S09772,S09772,Income Certificate,TPL_9775,Revenue Office,2026-01-20
DOC_S09773,S09773,Income Certificate,TPL_7949,Revenue Office,2026-01-20
DOC_S09774,S09774,Income Certificate,TPL_9494,Revenue Office,2026-01-20
DOC_S09775,S09775,Income Certificate,TPL_2024,Revenue Office,2026-01-20
DOC_S09776,S09776,Income Certificate,TPL_8600,Revenue Office,2026-01-20
DOC_S09777,S09777,Income Certificate,TPL_9079,Revenue Office,2026-01-20
DOC_S09778,S09778,Income Certificate,TPL_6606,Revenue Office,2026-01-20
DOC_S09779,S09779,Income Certificate,TPL_5998,Revenue Office,2026-01-20
DOC_S09780,S09780,Income Certificate,TPL_6964,Revenue Office,2026-01-20
DOC_S09781,S09781,Income Certificate,TPL_2737,Revenue Office,2026-01-20
DOC_S09782,S09782,Income Certificate,TPL_9201,Revenue Office,2026-01-20
DOC_S09783,S09783,Income Certificate,TPL_3014,Revenue Office,2026-01-20
DOC_S09784,S09784,Income Certificate,TPL_9031,Revenue Office,2026-01-20
DOC_S09785,S09785,Income Certificate,TPL_2809,Revenue Office,2026-01-20
DOC_S09786,S09786,Income Certificate,TPL_1347,Revenue Office,2026-01-20
DOC_S09787,S09787,Income Certificate,TPL_5902,Revenue Office,2026-01-20
DOC_S09788,S09788,Income Certificate,TPL_9199,Revenue Office,2026-01-20
DOC_S09789,S09789,Income Certificate,TPL_9265,Revenue Office,2026-01-20
DOC_S09790,S09790,Income Certificate,TPL_1122,Revenue Office,2026-01-20
DOC_S09791,S09791,Income Certificate,TPL_8015,Revenue Office,2026-01-20
DOC_S09792,S09792,Income Certificate,TPL_5051,Revenue Office,2026-01-20
DOC_S09793,S09793,Income Certificate,TPL_7979,Revenue Office,2026-01-20
DOC_S09794,S09794,Income Certificate,TPL_8410,Revenue Office,2026-01-20
DOC_S09795,S09795,Income Certificate,TPL_6222,Revenue Office,2026-01-20
DOC_S09796,S09796,Income Certificate,TPL_7431,Revenue Office,2026-01-20
DOC_S09797,S09797,Income Certificate,TPL_1888,Revenue Office,2026-01-20
DOC_S09798,S09798,Income Certificate,TPL_5255,Revenue Office,2026-01-20
DOC_S09799,S09799,Income Certificate,TPL_8119,Revenue Office,2026-01-20
DOC_S09800,S09800,Income Certificate,TPL_6967,Revenue Office,2026-01-20
DOC_S09801,S09801,Income Certificate,TPL_4025,Revenue Office,2026-01-20
DOC_S09802,S09802,Income Certificate,TPL_3217,Revenue Office,2026-01-20
DOC_S09803,S09803,Income Certificate,TPL_6621,Revenue Office,2026-01-20
DOC_S09804,S09804,Income Certificate,TPL_6093,Revenue Office,2026-01-20
DOC_S09805,S09805,Income Certificate,TPL_3526,Revenue Office,2026-01-20
DOC_S09806,S09806,Income Certificate,TPL_9701,Revenue Office,2026-01-20
DOC_S09807,S09807,Income Certificate,TPL_3152,Revenue Office,2026-01-20
DOC_S09808,S09808,Income Certificate,TPL_9039,Revenue Office,2026-01-20
DOC_S09809,S09809,Income Certificate,TPL_9152,Revenue Office,2026-01-20
DOC_S09810,S09810,Income Certificate,TPL_1596,Revenue Office,2026-01-20
DOC_S09811,S09811,Income Certificate,TPL_5137,Revenue Office,2026-01-20
DOC_S09812,S09812,Income Certificate,TPL_3956,Revenue Office,2026-01-20
DOC_S09813,S09813,Income Certificate,TPL_5755,Revenue Office,2026-01-20
DOC_S09814,S09814,Income Certificate,TPL_1165,Revenue Office,2026-01-20
DOC_S09815,S09815,Income Certificate,TPL_7401,Revenue Office,2026-01-20
DOC_S09816,S09816,Income Certificate,TPL_3244,Revenue Office,2026-01-20
DOC_S09817,S09817,Income Certificate,TPL_1506,Revenue Office,2026-01-20
DOC_S09818,S09818,Income Certificate,TPL_6050,Revenue Office,2026-01-20
DOC_S09819,S09819,Income Certificate,TPL_6345,Revenue Office,2026-01-20
DOC_S09820,S09820,Income Certificate,TPL_6840,Revenue Office,2026-01-20
DOC_S09821,S09821,Income Certificate,TPL_1120,Revenue Office,2026-01-20
DOC_S09822,S09822,Income Certificate,TPL_8181,Revenue Office,2026-01-20
DOC_S09823,S09823,Income Certificate,TPL_8815,Revenue Office,2026-01-20
DOC_S09824,S09824,Income Certificate,TPL_7396,Revenue Office,2026-01-20
DOC_S09825,S09825,Income Certificate,TPL_1148,Revenue Office,2026-01-20
DOC_S09826,S09826,Income Certificate,TPL_3358,Revenue Office,2026-01-20
DOC_S09827,S09827,Income Certificate,TPL_5018,Revenue Office,2026-01-20
DOC_S09828,S09828,Income Certificate,TPL_6934,Revenue Office,2026-01-20
DOC_S09829,S09829,Income Certificate,TPL_9408,Revenue Office,2026-01-20
DOC_S09830,S09830,Income Certificate,TPL_5981,Revenue Office,2026-01-20
DOC_S09831,S09831,Income Certificate,TPL_6255,Revenue Office,2026-01-20
DOC_S09832,S09832,Income Certificate,TPL_5517,Revenue Office,2026-01-20
DOC_S09833,S09833,Income Certificate,TPL_7236,Revenue Office,2026-01-20
DOC_S09834,S09834,Income Certificate,TPL_5480,Revenue Office,2026-01-20
DOC_S09835,S09835,Income Certificate,TPL_1120,Revenue Office,2026-01-20
DOC_S09836,S09836,Income Certificate,TPL_6931,Revenue Office,2026-01-20
DOC_S09837,S09837,Income Certificate,TPL_2148,Revenue Office,2026-01-20
DOC_S09838,S09838,Income Certificate,TPL_4987,Revenue Office,2026-01-20
DOC_S09839,S09839,Income Certificate,TPL_7865,Revenue Office,2026-01-20
DOC_S09840,S09840,Income Certificate,TPL_8383,Revenue Office,2026-01-20
DOC_S09841,S09841,Income Certificate,TPL_6828,Revenue Office,2026-01-20
DOC_S09842,S09842,Income Certificate,TPL_3495,Revenue Office,2026-01-20
DOC_S09843,S09843,Income Certificate,TPL_8077,Revenue Office,2026-01-20
DOC_S09844,S09844,Income Certificate,TPL_8920,Revenue Office,2026-01-20
DOC_S09845,S09845,Income Certificate,TPL_4480,Revenue Office,2026-01-20
DOC_S09846,S09846,Income Certificate,TPL_6677,Revenue Office,2026-01-20
DOC_S09847,S09847,Income Certificate,TPL_8263,Revenue Office,2026-01-20
DOC_S09848,S09848,Income Certificate,TPL_9783,Revenue Office,2026-01-20
DOC_S09849,S09849,Income Certificate,TPL_6001,Revenue Office,2026-01-20
DOC_S09850,S09850,Income Certificate,TPL_8738,Revenue Office,2026-01-20
DOC_S09851,S09851,Income Certificate,TPL_8453,Revenue Office,2026-01-20
DOC_S09852,S09852,Income Certificate,TPL_7214,Revenue Office,2026-01-20
DOC_S09853,S09853,Income Certificate,TPL_3217,Revenue Office,2026-01-20
DOC_S09854,S09854,Income Certificate,TPL_3227,Revenue Office,2026-01-20
DOC_S09855,S09855,Income Certificate,TPL_2508,Revenue Office,2026-01-20
DOC_S09856,S09856,Income Certificate,TPL_5220,Revenue Office,2026-01-20
DOC_S09857,S09857,Income Certificate,TPL_5700,Revenue Office,2026-01-20
DOC_S09858,S09858,Income Certificate,TPL_9250,Revenue Office,2026-01-20
DOC_S09859,S09859,Income Certificate,TPL_4526,Revenue Office,2026-01-20
DOC_S09860,S09860,Income Certificate,TPL_1779,Revenue Office,2026-01-20
DOC_S09861,S09861,Income Certificate,TPL_2642,Revenue Office,2026-01-20
DOC_S09862,S09862,Income Certificate,TPL_2303,Revenue Office,2026-01-20
DOC_S09863,S09863,Income Certificate,TPL_2994,Revenue Office,2026-01-20
DOC_S09864,S09864,Income Certificate,TPL_6313,Revenue Office,2026-01-20
DOC_S09865,S09865,Income Certificate,TPL_5121,Revenue Office,2026-01-20
DOC_S09866,S09866,Income Certificate,TPL_4326,Revenue Office,2026-01-20
DOC_S09867,S09867,Income Certificate,TPL_6662,Revenue Office,2026-01-20
DOC_S09868,S09868,Income Certificate,TPL_8845,Revenue Office,2026-01-20
DOC_S09869,S09869,Income Certificate,TPL_8107,Revenue Office,2026-01-20
DOC_S09870,S09870,Income Certificate,TPL_8874,Revenue Office,2026-01-20
DOC_S09871,S09871,Income Certificate,TPL_4973,Revenue Office,2026-01-20
DOC_S09872,S09872,Income Certificate,TPL_1435,Revenue Office,2026-01-20
DOC_S09873,S09873,Income Certificate,TPL_5563,Revenue Office,2026-01-20
DOC_S09874,S09874,Income Certificate,TPL_7444,Revenue Office,2026-01-20
DOC_S09875,S09875,Income Certificate,TPL_5149,Revenue Office,2026-01-20
DOC_S09876,S09876,Income Certificate,TPL_7867,Revenue Office,2026-01-20
DOC_S09877,S09877,Income Certificate,TPL_8344,Revenue Office,2026-01-20
DOC_S09878,S09878,Income Certificate,TPL_1058,Revenue Office,2026-01-20
DOC_S09879,S09879,Income Certificate,TPL_9059,Revenue Office,2026-01-20
DOC_S09880,S09880,Income Certificate,TPL_6703,Revenue Office,2026-01-20
DOC_S09881,S09881,Income Certificate,TPL_8290,Revenue Office,2026-01-20
DOC_S09882,S09882,Income Certificate,TPL_3542,Revenue Office,2026-01-20
DOC_S09883,S09883,Income Certificate,TPL_3406,Revenue Office,2026-01-20
DOC_S09884,S09884,Income Certificate,TPL_6188,Revenue Office,2026-01-20
DOC_S09885,S09885,Income Certificate,TPL_9005,Revenue Office,2026-01-20
DOC_S09886,S09886,Income Certificate,TPL_6855,Revenue Office,2026-01-20
DOC_S09887,S09887,Income Certificate,TPL_6563,Revenue Office,2026-01-20
DOC_S09888,S09888,Income Certificate,TPL_4540,Revenue Office,2026-01-20
DOC_S09889,S09889,Income Certificate,TPL_3094,Revenue Office,2026-01-20
DOC_S09890,S09890,Income Certificate,TPL_8522,Revenue Office,2026-01-20
DOC_S09891,S09891,Income Certificate,TPL_7879,Revenue Office,2026-01-20
DOC_S09892,S09892,Income Certificate,TPL_9767,Revenue Office,2026-01-20
DOC_S09893,S09893,Income Certificate,TPL_3948,Revenue Office,2026-01-20
DOC_S09894,S09894,Income Certificate,TPL_9944,Revenue Office,2026-01-20
DOC_S09895,S09895,Income Certificate,TPL_4750,Revenue Office,2026-01-20
DOC_S09896,S09896,Income Certificate,TPL_4360,Revenue Office,2026-01-20
DOC_S09897,S09897,Income Certificate,TPL_5057,Revenue Office,2026-01-20
DOC_S09898,S09898,Income Certificate,TPL_7522,Revenue Office,2026-01-20
DOC_S09899,S09899,Income Certificate,TPL_8270,Revenue Office,2026-01-20
DOC_S09900,S09900,Income Certificate,TPL_6523,Revenue Office,2026-01-20
DOC_S09901,S09901,Income Certificate,TPL_7488,Revenue Office,2026-01-20
DOC_S09902,S09902,Income Certificate,TPL_8906,Revenue Office,2026-01-20
DOC_S09903,S09903,Income Certificate,TPL_3043,Revenue Office,2026-01-20
DOC_S09904,S09904,Income Certificate,TPL_3673,Revenue Office,2026-01-20
DOC_S09905,S09905,Income Certificate,TPL_6230,Revenue Office,2026-01-20
DOC_S09906,S09906,Income Certificate,TPL_2798,Revenue Office,2026-01-20
DOC_S09907,S09907,Income Certificate,TPL_3273,Revenue Office,2026-01-20
DOC_S09908,S09908,Income Certificate,TPL_7261,Revenue Office,2026-01-20
DOC_S09909,S09909,Income Certificate,TPL_7382,Revenue Office,2026-01-20
DOC_S09910,S09910,Income Certificate,TPL_5965,Revenue Office,2026-01-20
DOC_S09911,S09911,Income Certificate,TPL_3761,Revenue Office,2026-01-20
DOC_S09912,S09912,Income Certificate,TPL_7985,Revenue Office,2026-01-20
DOC_S09913,S09913,Income Certificate,TPL_5072,Revenue Office,2026-01-20
DOC_S09914,S09914,Income Certificate,TPL_3424,Revenue Office,2026-01-20
DOC_S09915,S09915,Income Certificate,TPL_1113,Revenue Office,2026-01-20
DOC_S09916,S09916,Income Certificate,TPL_9119,Revenue Office,2026-01-20
DOC_S09917,S09917,Income Certificate,TPL_6984,Revenue Office,2026-01-20
DOC_S09918,S09918,Income Certificate,TPL_2398,Revenue Office,2026-01-20
DOC_S09919,S09919,Income Certificate,TPL_1689,Revenue Office,2026-01-20
DOC_S09920,S09920,Income Certificate,TPL_7131,Revenue Office,2026-01-20
DOC_S09921,S09921,Income Certificate,TPL_8751,Revenue Office,2026-01-20
DOC_S09922,S09922,Income Certificate,TPL_2888,Revenue Office,2026-01-20
DOC_S09923,S09923,Income Certificate,TPL_5991,Revenue Office,2026-01-20
DOC_S09924,S09924,Income Certificate,TPL_3709,Revenue Office,2026-01-20
DOC_S09925,S09925,Income Certificate,TPL_6700,Revenue Office,2026-01-20
DOC_S09926,S09926,Income Certificate,TPL_8838,Revenue Office,2026-01-20
DOC_S09927,S09927,Income Certificate,TPL_8602,Revenue Office,2026-01-20
DOC_S09928,S09928,Income Certificate,TPL_8987,Revenue Office,2026-01-20
DOC_S09929,S09929,Income Certificate,TPL_9258,Revenue Office,2026-01-20
DOC_S09930,S09930,Income Certificate,TPL_8148,Revenue Office,2026-01-20
DOC_S09931,S09931,Income Certificate,TPL_2139,Revenue Office,2026-01-20
DOC_S09932,S09932,Income Certificate,TPL_8698,Revenue Office,2026-01-20
DOC_S09933,S09933,Income Certificate,TPL_7269,Revenue Office,2026-01-20
DOC_S09934,S09934,Income Certificate,TPL_4823,Revenue Office,2026-01-20
DOC_S09935,S09935,Income Certificate,TPL_3031,Revenue Office,2026-01-20
DOC_S09936,S09936,Income Certificate,TPL_4782,Revenue Office,2026-01-20
DOC_S09937,S09937,Income Certificate,TPL_4524,Revenue Office,2026-01-20
DOC_S09938,S09938,Income Certificate,TPL_2840,Revenue Office,2026-01-20
DOC_S09939,S09939,Income Certificate,TPL_8905,Revenue Office,2026-01-20
DOC_S09940,S09940,Income Certificate,TPL_7315,Revenue Office,2026-01-20
DOC_S09941,S09941,Income Certificate,TPL_5309,Revenue Office,2026-01-20
DOC_S09942,S09942,Income Certificate,TPL_9819,Revenue Office,2026-01-20
DOC_S09943,S09943,Income Certificate,TPL_2564,Revenue Office,2026-01-20
DOC_S09944,S09944,Income Certificate,TPL_1426,Revenue Office,2026-01-20
DOC_S09945,S09945,Income Certificate,TPL_7718,Revenue Office,2026-01-20
DOC_S09946,S09946,Income Certificate,TPL_3826,Revenue Office,2026-01-20
DOC_S09947,S09947,Income Certificate,TPL_7356,Revenue Office,2026-01-20
DOC_S09948,S09948,Income Certificate,TPL_9018,Revenue Office,2026-01-20
DOC_S09949,S09949,Income Certificate,TPL_8877,Revenue Office,2026-01-20
DOC_S09950,S09950,Income Certificate,TPL_8372,Revenue Office,2026-01-20
DOC_S09951,S09951,Income Certificate,TPL_9053,Revenue Office,2026-01-20
DOC_S09952,S09952,Income Certificate,TPL_7153,Revenue Office,2026-01-20
DOC_S09953,S09953,Income Certificate,TPL_2250,Revenue Office,2026-01-20
DOC_S09954,S09954,Income Certificate,TPL_5859,Revenue Office,2026-01-20
DOC_S09955,S09955,Income Certificate,TPL_7262,Revenue Office,2026-01-20
DOC_S09956,S09956,Income Certificate,TPL_1013,Revenue Office,2026-01-20
DOC_S09957,S09957,Income Certificate,TPL_8950,Revenue Office,2026-01-20
DOC_S09958,S09958,Income Certificate,TPL_3824,Revenue Office,2026-01-20
DOC_S09959,S09959,Income Certificate,TPL_5276,Revenue Office,2026-01-20
DOC_S09960,S09960,Income Certificate,TPL_3875,Revenue Office,2026-01-20
DOC_S09961,S09961,Income Certificate,TPL_6754,Revenue Office,2026-01-20
DOC_S09962,S09962,Income Certificate,TPL_8981,Revenue Office,2026-01-20
DOC_S09963,S09963,Income Certificate,TPL_7869,Revenue Office,2026-01-20
DOC_S09964,S09964,Income Certificate,TPL_1119,Revenue Office,2026-01-20
DOC_S09965,S09965,Income Certificate,TPL_7766,Revenue Office,2026-01-20
DOC_S09966,S09966,Income Certificate,TPL_2322,Revenue Office,2026-01-20
DOC_S09967,S09967,Income Certificate,TPL_1944,Revenue Office,2026-01-20
DOC_S09968,S09968,Income Certificate,TPL_8757,Revenue Office,2026-01-20
DOC_S09969,S09969,Income Certificate,TPL_4640,Revenue Office,2026-01-20
DOC_S09970,S09970,Income Certificate,TPL_9862,Revenue Office,2026-01-20
DOC_S09971,S09971,Income Certificate,TPL_6338,Revenue Office,2026-01-20
DOC_S09972,S09972,Income Certificate,TPL_2199,Revenue Office,2026-01-20
DOC_S09973,S09973,Income Certificate,TPL_6066,Revenue Office,2026-01-20
DOC_S09974,S09974,Income Certificate,TPL_5206,Revenue Office,2026-01-20
DOC_S09975,S09975,Income Certificate,TPL_2769,Revenue Office,2026-01-20
DOC_S09976,S09976,Income Certificate,TPL_4240,Revenue Office,2026-01-20
DOC_S09977,S09977,Income Certificate,TPL_2191,Revenue Office,2026-01-20
DOC_S09978,S09978,Income Certificate,TPL_4704,Revenue Office,2026-01-20
DOC_S09979,S09979,Income Certificate,TPL_9190,Revenue Office,2026-01-20
DOC_S09980,S09980,Income Certificate,TPL_7834,Revenue Office,2026-01-20
DOC_S09981,S09981,Income Certificate,TPL_5851,Revenue Office,2026-01-20
DOC_S09982,S09982,Income Certificate,TPL_3397,Revenue Office,2026-01-20
DOC_S09983,S09983,Income Certificate,TPL_4983,Revenue Office,2026-01-20
DOC_S09984,S09984,Income Certificate,TPL_3539,Revenue Office,2026-01-20
DOC_S09985,S09985,Income Certificate,TPL_3501,Revenue Office,2026-01-20
DOC_S09986,S09986,Income Certificate,TPL_2735,Revenue Office,2026-01-20
DOC_S09987,S09987,Income Certificate,TPL_4105,Revenue Office,2026-01-20
DOC_S09988,S09988,Income Certificate,TPL_6869,Revenue Office,2026-01-20
DOC_S09989,S09989,Income Certificate,TPL_4440,Revenue Office,2026-01-20
DOC_S09990,S09990,Income Certificate,TPL_2532,Revenue Office,2026-01-20
DOC_S09991,S09991,Income Certificate,TPL_1145,Revenue Office,2026-01-20
DOC_S09992,S09992,Income Certificate,TPL_3421,Revenue Office,2026-01-20
DOC_S09993,S09993,Income Certificate,TPL_4172,Revenue Office,2026-01-20
DOC_S09994,S09994,Income Certificate,TPL_3076,Revenue Office,2026-01-20
DOC_S09995,S09995,Income Certificate,TPL_9116,Revenue Office,2026-01-20
DOC_S09996,S09996,Income Certificate,TPL_5808,Revenue Office,2026-01-20
DOC_S09997,S09997,Income Certificate,TPL_5363,Revenue Office,2026-01-20
DOC_S09998,S09998,Income Certificate,TPL_3836,Revenue Office,2026-01-20
DOC_S09999,S09999,Income Certificate,TPL_3733,Revenue Office,2026-01-20
DOC_S10000,S10000,Income Certificate,TPL_5401,Revenue Office,2026-01-20
