student_id,name,name_normalized,institution_id,course,year,dob,guardian_id,address_id
S003,Aarav Sharma,aarav sharma,INST-012,Diploma Mech Engg,2nd Year,2004-05-12,G_S003,ADDR_S003
S006,Pooja V. Reddy,pooja v. reddy,INST-031,B.Tech CSE,2nd Year,2004-05-12,G_S006,ADDR_S006
S007,Karthik Naidu,karthik naidu,INST-031,B.Tech ECE,2nd Year,2004-05-12,G_S007,ADDR_S007
S008,Tanvi R. Deshmukh,tanvi r. deshmukh,INST-047,Diploma Civil,2nd Year,2004-05-12,G_S008,ADDR_S008
S107001,Aryan Maharaj,aryan maharaj,INST-024,Vocational Tech,1st Year,2005-08-20,G_S107001,ADDR_S107001
S107002,Udant Dewan,udant dewan,INST-024,Vocational Tech,2st Year,2005-08-20,G_S107002,ADDR_S107002
S107003,Gagan Sami,gagan sami,INST-024,Vocational Tech,3st Year,2005-08-20,G_S107003,ADDR_S107003
S107004,Ayushman Chander,ayushman chander,INST-024,Vocational Tech,1st Year,2005-08-20,G_S107004,ADDR_S107004
S107005,Viraj Tiwari,viraj tiwari,INST-024,Vocational Tech,2st Year,2005-08-20,G_S107005,ADDR_S107005
S107006,Rushil Saini,rushil saini,INST-024,Vocational Tech,3st Year,2005-08-20,G_S107006,ADDR_S107006
S107007,Saumya Mall,saumya mall,INST-024,Vocational Tech,1st Year,2005-08-20,G_S107007,ADDR_S107007
S107008,Nathaniel Sami,nathaniel sami,INST-024,Vocational Tech,2st Year,2005-08-20,G_S107008,ADDR_S107008
S107009,Arunima Dugal,arunima dugal,INST-024,Vocational Tech,3st Year,2005-08-20,G_S107009,ADDR_S107009
S107010,Gayathri Chaudry,gayathri chaudry,INST-024,Vocational Tech,1st Year,2005-08-20,G_S107010,ADDR_S107010
S107011,Lajita Chatterjee,lajita chatterjee,INST-024,Vocational Tech,2st Year,2005-08-20,G_S107011,ADDR_S107011
S107012,Hemangini Lalla,hemangini lalla,INST-024,Vocational Tech,3st Year,2005-08-20,G_S107012,ADDR_S107012
S107013,Tripti Yadav,tripti yadav,INST-024,Vocational Tech,1st Year,2005-08-20,G_S107013,ADDR_S107013
S107014,Kritika Brar,kritika brar,INST-024,Vocational Tech,2st Year,2005-08-20,G_S107014,ADDR_S107014
S107015,Janaki Handa,janaki handa,INST-024,Vocational Tech,3st Year,2005-08-20,G_S107015,ADDR_S107015
S107016,Chakradev Kari,chakradev kari,INST-024,Vocational Tech,1st Year,2005-08-20,G_S107016,ADDR_S107016
S107017,Fariq Kaul,fariq kaul,INST-024,Vocational Tech,2st Year,2005-08-20,G_S107017,ADDR_S107017
S107018,Lajita Mall,lajita mall,INST-024,Vocational Tech,3st Year,2005-08-20,G_S107018,ADDR_S107018
S107019,Janya Gaba,janya gaba,INST-024,Vocational Tech,1st Year,2005-08-20,G_S107019,ADDR_S107019
S107020,Isha Kadakia,isha kadakia,INST-024,Vocational Tech,2st Year,2005-08-20,G_S107020,ADDR_S107020
S107021,Ekbal Garg,ekbal garg,INST-024,Vocational Tech,3st Year,2005-08-20,G_S107021,ADDR_S107021
S107022,Nihal Shere,nihal shere,INST-024,Vocational Tech,1st Year,2005-08-20,G_S107022,ADDR_S107022
S107023,Anamika Kanda,anamika kanda,INST-024,Vocational Tech,2st Year,2005-08-20,G_S107023,ADDR_S107023
S107024,Daksh Karnik,daksh karnik,INST-024,Vocational Tech,3st Year,2005-08-20,G_S107024,ADDR_S107024
S107025,Diya Rattan,diya rattan,INST-024,Vocational Tech,1st Year,2005-08-20,G_S107025,ADDR_S107025
S107026,Dominic Kakar,dominic kakar,INST-024,Vocational Tech,2st Year,2005-08-20,G_S107026,ADDR_S107026
S107027,Simon Tata,simon tata,INST-024,Vocational Tech,3st Year,2005-08-20,G_S107027,ADDR_S107027
S107028,Tara Dhar,tara dhar,INST-024,Vocational Tech,1st Year,2005-08-20,G_S107028,ADDR_S107028
S107029,Liam Koshy,liam koshy,INST-024,Vocational Tech,2st Year,2005-08-20,G_S107029,ADDR_S107029
S107030,Priya Rastogi,priya rastogi,INST-024,Vocational Tech,3st Year,2005-08-20,G_S107030,ADDR_S107030
S107031,Theodore Devi,theodore devi,INST-024,Vocational Tech,1st Year,2005-08-20,G_S107031,ADDR_S107031
S107032,Gavin Batta,gavin batta,INST-024,Vocational Tech,2st Year,2005-08-20,G_S107032,ADDR_S107032
S107033,Michael Dutta,michael dutta,INST-024,Vocational Tech,3st Year,2005-08-20,G_S107033,ADDR_S107033
S107034,Devansh Rajan,devansh rajan,INST-024,Vocational Tech,1st Year,2005-08-20,G_S107034,ADDR_S107034
S107035,Upadhriti Wadhwa,upadhriti wadhwa,INST-024,Vocational Tech,2st Year,2005-08-20,G_S107035,ADDR_S107035
S107036,Advay Contractor,advay contractor,INST-024,Vocational Tech,3st Year,2005-08-20,G_S107036,ADDR_S107036
S107037,Harini Choudhury,harini choudhury,INST-024,Vocational Tech,1st Year,2005-08-20,G_S107037,ADDR_S107037
S107038,Radhika Dugar,radhika dugar,INST-024,Vocational Tech,2st Year,2005-08-20,G_S107038,ADDR_S107038
S107039,Aarush Lall,aarush lall,INST-024,Vocational Tech,3st Year,2005-08-20,G_S107039,ADDR_S107039
S107040,Yashica Cherian,yashica cherian,INST-024,Vocational Tech,1st Year,2005-08-20,G_S107040,ADDR_S107040
S107041,Yashica Issac,yashica issac,INST-024,Vocational Tech,2st Year,2005-08-20,G_S107041,ADDR_S107041
S107042,Kashvi Edwin,kashvi edwin,INST-024,Vocational Tech,3st Year,2005-08-20,G_S107042,ADDR_S107042
S107043,Ekiya Suresh,ekiya suresh,INST-024,Vocational Tech,1st Year,2005-08-20,G_S107043,ADDR_S107043
S107044,Isaac Patil,isaac patil,INST-024,Vocational Tech,2st Year,2005-08-20,G_S107044,ADDR_S107044
S107045,Wriddhish Bhardwaj,wriddhish bhardwaj,INST-024,Vocational Tech,3st Year,2005-08-20,G_S107045,ADDR_S107045
S107046,Farhan Chada,farhan chada,INST-024,Vocational Tech,1st Year,2005-08-20,G_S107046,ADDR_S107046
S107047,Ekapad Walia,ekapad walia,INST-024,Vocational Tech,2st Year,2005-08-20,G_S107047,ADDR_S107047
S107048,Kabir Soman,kabir soman,INST-024,Vocational Tech,3st Year,2005-08-20,G_S107048,ADDR_S107048
S107049,Alka Wable,alka wable,INST-024,Vocational Tech,1st Year,2005-08-20,G_S107049,ADDR_S107049
S107050,Siddharth Zacharia,siddharth zacharia,INST-024,Vocational Tech,2st Year,2005-08-20,G_S107050,ADDR_S107050
S107051,Devika Rastogi,devika rastogi,INST-024,Vocational Tech,3st Year,2005-08-20,G_S107051,ADDR_S107051
S107052,Raksha Varughese,raksha varughese,INST-024,Vocational Tech,1st Year,2005-08-20,G_S107052,ADDR_S107052
S107053,Jai Kota,jai kota,INST-024,Vocational Tech,2st Year,2005-08-20,G_S107053,ADDR_S107053
S107054,Devansh Nigam,devansh nigam,INST-024,Vocational Tech,3st Year,2005-08-20,G_S107054,ADDR_S107054
S107055,Victor Kannan,victor kannan,INST-024,Vocational Tech,1st Year,2005-08-20,G_S107055,ADDR_S107055
S107056,Ekavir Bhargava,ekavir bhargava,INST-024,Vocational Tech,2st Year,2005-08-20,G_S107056,ADDR_S107056
S107057,Ekansh Balay,ekansh balay,INST-024,Vocational Tech,3st Year,2005-08-20,G_S107057,ADDR_S107057
S107058,Ekavir Varkey,ekavir varkey,INST-024,Vocational Tech,1st Year,2005-08-20,G_S107058,ADDR_S107058
S107059,Arya Sunder,arya sunder,INST-024,Vocational Tech,2st Year,2005-08-20,G_S107059,ADDR_S107059
S107060,Kevin Solanki,kevin solanki,INST-024,Vocational Tech,3st Year,2005-08-20,G_S107060,ADDR_S107060
S107061,Urvashi Ray,urvashi ray,INST-024,Vocational Tech,1st Year,2005-08-20,G_S107061,ADDR_S107061
S107062,Girindra Chatterjee,girindra chatterjee,INST-024,Vocational Tech,2st Year,2005-08-20,G_S107062,ADDR_S107062
S111001,Irya Sampath,irya sampath,INST-031,Vocational Tech,1st Year,2005-08-20,G_S111001,ADDR_S111001
S111002,Unni Bhagat,unni bhagat,INST-031,Vocational Tech,2st Year,2005-08-20,G_S111002,ADDR_S111002
S111003,Darsh Rau,darsh rau,INST-031,Vocational Tech,3st Year,2005-08-20,G_S111003,ADDR_S111003
S111004,Ikbal Kothari,ikbal kothari,INST-031,Vocational Tech,1st Year,2005-08-20,G_S111004,ADDR_S111004
S111005,Ranveer Yadav,ranveer yadav,INST-031,Vocational Tech,2st Year,2005-08-20,G_S111005,ADDR_S111005
S111006,Logan Sami,logan sami,INST-031,Vocational Tech,3st Year,2005-08-20,G_S111006,ADDR_S111006
S111007,Arya Shere,arya shere,INST-031,Vocational Tech,1st Year,2005-08-20,G_S111007,ADDR_S111007
S111008,Faqid Savant,faqid savant,INST-031,Vocational Tech,2st Year,2005-08-20,G_S111008,ADDR_S111008
S111009,Chandresh Zachariah,chandresh zachariah,INST-031,Vocational Tech,3st Year,2005-08-20,G_S111009,ADDR_S111009
S111010,Girik Khalsa,girik khalsa,INST-031,Vocational Tech,1st Year,2005-08-20,G_S111010,ADDR_S111010
S111011,Niharika Sunder,niharika sunder,INST-031,Vocational Tech,2st Year,2005-08-20,G_S111011,ADDR_S111011
S111012,Tanay Rattan,tanay rattan,INST-031,Vocational Tech,3st Year,2005-08-20,G_S111012,ADDR_S111012
S111013,Nitesh Raghavan,nitesh raghavan,INST-031,Vocational Tech,1st Year,2005-08-20,G_S111013,ADDR_S111013
S111014,Madhavi Lanka,madhavi lanka,INST-031,Vocational Tech,2st Year,2005-08-20,G_S111014,ADDR_S111014
S111015,Bhavika Sampath,bhavika sampath,INST-031,Vocational Tech,3st Year,2005-08-20,G_S111015,ADDR_S111015
S111016,Mohammed Gupta,mohammed gupta,INST-031,Vocational Tech,1st Year,2005-08-20,G_S111016,ADDR_S111016
S111017,Teerth Bhardwaj,teerth bhardwaj,INST-031,Vocational Tech,2st Year,2005-08-20,G_S111017,ADDR_S111017
S111018,Dipta Bhandari,dipta bhandari,INST-031,Vocational Tech,3st Year,2005-08-20,G_S111018,ADDR_S111018
S115001,Vansha Thakkar,vansha thakkar,INST-012,Vocational Tech,1st Year,2005-08-20,G_S115001,ADDR_S115001
S115002,Dakshesh Trivedi,dakshesh trivedi,INST-012,Vocational Tech,2st Year,2005-08-20,G_S115002,ADDR_S115002
S115003,Quincy Biswas,quincy biswas,INST-012,Vocational Tech,3st Year,2005-08-20,G_S115003,ADDR_S115003
S115004,Wahab Raval,wahab raval,INST-012,Vocational Tech,1st Year,2005-08-20,G_S115004,ADDR_S115004
S115005,Yatin Baral,yatin baral,INST-012,Vocational Tech,2st Year,2005-08-20,G_S115005,ADDR_S115005
S115006,Oni Virk,oni virk,INST-012,Vocational Tech,3st Year,2005-08-20,G_S115006,ADDR_S115006
S115007,Advika Jayaraman,advika jayaraman,INST-012,Vocational Tech,1st Year,2005-08-20,G_S115007,ADDR_S115007
S115008,William Lanka,william lanka,INST-012,Vocational Tech,2st Year,2005-08-20,G_S115008,ADDR_S115008
S115009,Karan Mital,karan mital,INST-012,Vocational Tech,3st Year,2005-08-20,G_S115009,ADDR_S115009
S118001,Diya Bora,diya bora,INST-005,Vocational Tech,1st Year,2005-08-20,G_S118001,ADDR_S118001
S118002,Tara Chaudhry,tara chaudhry,INST-005,Vocational Tech,2st Year,2005-08-20,G_S118002,ADDR_S118002
S118003,Tanay Toor,tanay toor,INST-005,Vocational Tech,3st Year,2005-08-20,G_S118003,ADDR_S118003
S118004,Kevin Palla,kevin palla,INST-005,Vocational Tech,1st Year,2005-08-20,G_S118004,ADDR_S118004
S118005,Yash Pingle,yash pingle,INST-005,Vocational Tech,2st Year,2005-08-20,G_S118005,ADDR_S118005
S118006,Nakul Sarma,nakul sarma,INST-005,Vocational Tech,3st Year,2005-08-20,G_S118006,ADDR_S118006
S118007,Abhiram Mistry,abhiram mistry,INST-005,Vocational Tech,1st Year,2005-08-20,G_S118007,ADDR_S118007
S118008,Krish Lalla,krish lalla,INST-005,Vocational Tech,2st Year,2005-08-20,G_S118008,ADDR_S118008
S118009,Hredhaan Dugal,hredhaan dugal,INST-005,Vocational Tech,3st Year,2005-08-20,G_S118009,ADDR_S118009
S118010,Baghyawati Kade,baghyawati kade,INST-005,Vocational Tech,1st Year,2005-08-20,G_S118010,ADDR_S118010
S118011,Samar Lalla,samar lalla,INST-005,Vocational Tech,2st Year,2005-08-20,G_S118011,ADDR_S118011
S118012,Zayan Behl,zayan behl,INST-005,Vocational Tech,3st Year,2005-08-20,G_S118012,ADDR_S118012
S118013,Pallavi Malhotra,pallavi malhotra,INST-005,Vocational Tech,1st Year,2005-08-20,G_S118013,ADDR_S118013
S118014,Aarush Nath,aarush nath,INST-005,Vocational Tech,2st Year,2005-08-20,G_S118014,ADDR_S118014
S118015,Adweta Edwin,adweta edwin,INST-005,Vocational Tech,3st Year,2005-08-20,G_S118015,ADDR_S118015
S118016,Prisha Andra,prisha andra,INST-005,Vocational Tech,1st Year,2005-08-20,G_S118016,ADDR_S118016
S118017,Faqid Dixit,faqid dixit,INST-005,Vocational Tech,2st Year,2005-08-20,G_S118017,ADDR_S118017
S118018,Kala Divan,kala divan,INST-005,Vocational Tech,3st Year,2005-08-20,G_S118018,ADDR_S118018
S118019,Joshua Barman,joshua barman,INST-005,Vocational Tech,1st Year,2005-08-20,G_S118019,ADDR_S118019
S118020,Janya Baral,janya baral,INST-005,Vocational Tech,2st Year,2005-08-20,G_S118020,ADDR_S118020
S118021,Shivansh Krish,shivansh krish,INST-005,Vocational Tech,3st Year,2005-08-20,G_S118021,ADDR_S118021
S118022,Irya Ray,irya ray,INST-005,Vocational Tech,1st Year,2005-08-20,G_S118022,ADDR_S118022
S118023,Warjas Gaba,warjas gaba,INST-005,Vocational Tech,2st Year,2005-08-20,G_S118023,ADDR_S118023
S118024,Nitara Bakshi,nitara bakshi,INST-005,Vocational Tech,3st Year,2005-08-20,G_S118024,ADDR_S118024
S118025,Gaurangi Sabharwal,gaurangi sabharwal,INST-005,Vocational Tech,1st Year,2005-08-20,G_S118025,ADDR_S118025
S118026,Amara Dutta,amara dutta,INST-005,Vocational Tech,2st Year,2005-08-20,G_S118026,ADDR_S118026
S118027,Lavanya Barad,lavanya barad,INST-005,Vocational Tech,3st Year,2005-08-20,G_S118027,ADDR_S118027
S118028,Tristan Iyengar,tristan iyengar,INST-005,Vocational Tech,1st Year,2005-08-20,G_S118028,ADDR_S118028
S118029,Inaya Mody,inaya mody,INST-005,Vocational Tech,2st Year,2005-08-20,G_S118029,ADDR_S118029
S118030,Udant Bajwa,udant bajwa,INST-005,Vocational Tech,3st Year,2005-08-20,G_S118030,ADDR_S118030
S118031,Mohini Narasimhan,mohini narasimhan,INST-005,Vocational Tech,1st Year,2005-08-20,G_S118031,ADDR_S118031
S122001,Ekaraj Mallick,ekaraj mallick,INST-029,Vocational Tech,1st Year,2005-08-20,G_S122001,ADDR_S122001
S122002,Yashodhara Ratta,yashodhara ratta,INST-029,Vocational Tech,2st Year,2005-08-20,G_S122002,ADDR_S122002
S122003,Ayaan D’Alia,ayaan d’alia,INST-029,Vocational Tech,3st Year,2005-08-20,G_S122003,ADDR_S122003
S122004,Pranav Lanka,pranav lanka,INST-029,Vocational Tech,1st Year,2005-08-20,G_S122004,ADDR_S122004
S122005,Ikbal Saraf,ikbal saraf,INST-029,Vocational Tech,2st Year,2005-08-20,G_S122005,ADDR_S122005
S122006,Dipta Sarin,dipta sarin,INST-029,Vocational Tech,3st Year,2005-08-20,G_S122006,ADDR_S122006
S122007,Lekha Gupta,lekha gupta,INST-029,Vocational Tech,1st Year,2005-08-20,G_S122007,ADDR_S122007
S122008,Chaitanya Sarin,chaitanya sarin,INST-029,Vocational Tech,2st Year,2005-08-20,G_S122008,ADDR_S122008
S122009,Zinal Yohannan,zinal yohannan,INST-029,Vocational Tech,3st Year,2005-08-20,G_S122009,ADDR_S122009
S122010,Januja Sankar,januja sankar,INST-029,Vocational Tech,1st Year,2005-08-20,G_S122010,ADDR_S122010
S122011,Ganga Murthy,ganga murthy,INST-029,Vocational Tech,2st Year,2005-08-20,G_S122011,ADDR_S122011
S122012,Charita Tripathi,charita tripathi,INST-029,Vocational Tech,3st Year,2005-08-20,G_S122012,ADDR_S122012
S122013,Nilima Narain,nilima narain,INST-029,Vocational Tech,1st Year,2005-08-20,G_S122013,ADDR_S122013
S122014,Chakrika Datta,chakrika datta,INST-029,Vocational Tech,2st Year,2005-08-20,G_S122014,ADDR_S122014
S126001,Osha Raghavan,osha raghavan,INST-047,Vocational Tech,1st Year,2005-08-20,G_S126001,ADDR_S126001
S126002,Charvi Ravi,charvi ravi,INST-047,Vocational Tech,2st Year,2005-08-20,G_S126002,ADDR_S126002
S126003,Daksha Mangat,daksha mangat,INST-047,Vocational Tech,3st Year,2005-08-20,G_S126003,ADDR_S126003
S126004,Qushi Nagy,qushi nagy,INST-047,Vocational Tech,1st Year,2005-08-20,G_S126004,ADDR_S126004
S126005,Riya Sathe,riya sathe,INST-047,Vocational Tech,2st Year,2005-08-20,G_S126005,ADDR_S126005
S126006,Yasti Solanki,yasti solanki,INST-047,Vocational Tech,3st Year,2005-08-20,G_S126006,ADDR_S126006
S126007,Frado Mander,frado mander,INST-047,Vocational Tech,1st Year,2005-08-20,G_S126007,ADDR_S126007
S126008,Girik Keer,girik keer,INST-047,Vocational Tech,2st Year,2005-08-20,G_S126008,ADDR_S126008
S126009,Umang Issac,umang issac,INST-047,Vocational Tech,3st Year,2005-08-20,G_S126009,ADDR_S126009
S126010,Aryan Batra,aryan batra,INST-047,Vocational Tech,1st Year,2005-08-20,G_S126010,ADDR_S126010
S126011,Vaishnavi Bora,vaishnavi bora,INST-047,Vocational Tech,2st Year,2005-08-20,G_S126011,ADDR_S126011
S126012,Oeshi Hayer,oeshi hayer,INST-047,Vocational Tech,3st Year,2005-08-20,G_S126012,ADDR_S126012
S126013,Warda Ratta,warda ratta,INST-047,Vocational Tech,1st Year,2005-08-20,G_S126013,ADDR_S126013
S126014,Manbir Ahluwalia,manbir ahluwalia,INST-047,Vocational Tech,2st Year,2005-08-20,G_S126014,ADDR_S126014
S126015,Pavani Kanda,pavani kanda,INST-047,Vocational Tech,3st Year,2005-08-20,G_S126015,ADDR_S126015
S126016,Zarna Shetty,zarna shetty,INST-047,Vocational Tech,1st Year,2005-08-20,G_S126016,ADDR_S126016
S126017,Zaid Dara,zaid dara,INST-047,Vocational Tech,2st Year,2005-08-20,G_S126017,ADDR_S126017
S126018,Kiaan Shetty,kiaan shetty,INST-047,Vocational Tech,3st Year,2005-08-20,G_S126018,ADDR_S126018
S126019,Saanvi Thaman,saanvi thaman,INST-047,Vocational Tech,1st Year,2005-08-20,G_S126019,ADDR_S126019
S126020,Sanaya Dutt,sanaya dutt,INST-047,Vocational Tech,2st Year,2005-08-20,G_S126020,ADDR_S126020
S126021,Shivani Lad,shivani lad,INST-047,Vocational Tech,3st Year,2005-08-20,G_S126021,ADDR_S126021
S126022,Aradhana Verma,aradhana verma,INST-047,Vocational Tech,1st Year,2005-08-20,G_S126022,ADDR_S126022
S131001,William Maharaj,william maharaj,INST-018,Vocational Tech,1st Year,2005-08-20,G_S131001,ADDR_S131001
S131002,Faras Mangal,faras mangal,INST-018,Vocational Tech,2st Year,2005-08-20,G_S131002,ADDR_S131002
S131003,Anita Nayak,anita nayak,INST-018,Vocational Tech,3st Year,2005-08-20,G_S131003,ADDR_S131003
S131004,Faris Devi,faris devi,INST-018,Vocational Tech,1st Year,2005-08-20,G_S131004,ADDR_S131004
S131005,Vihaan Rajagopal,vihaan rajagopal,INST-018,Vocational Tech,2st Year,2005-08-20,G_S131005,ADDR_S131005
S131006,Tanish Bhatt,tanish bhatt,INST-018,Vocational Tech,3st Year,2005-08-20,G_S131006,ADDR_S131006
S131007,Nikita Narayanan,nikita narayanan,INST-018,Vocational Tech,1st Year,2005-08-20,G_S131007,ADDR_S131007
S131008,Ojasvi Bhatia,ojasvi bhatia,INST-018,Vocational Tech,2st Year,2005-08-20,G_S131008,ADDR_S131008
S131009,Osha Ramachandran,osha ramachandran,INST-018,Vocational Tech,3st Year,2005-08-20,G_S131009,ADDR_S131009
S131010,Lajita Sood,lajita sood,INST-018,Vocational Tech,1st Year,2005-08-20,G_S131010,ADDR_S131010
S131011,Indira Misra,indira misra,INST-018,Vocational Tech,2st Year,2005-08-20,G_S131011,ADDR_S131011
S131012,Oni Yohannan,oni yohannan,INST-018,Vocational Tech,3st Year,2005-08-20,G_S131012,ADDR_S131012
S131013,Vinaya Kanda,vinaya kanda,INST-018,Vocational Tech,1st Year,2005-08-20,G_S131013,ADDR_S131013
S131014,Rajata Sunder,rajata sunder,INST-018,Vocational Tech,2st Year,2005-08-20,G_S131014,ADDR_S131014
S131015,Lopa Nayar,lopa nayar,INST-018,Vocational Tech,3st Year,2005-08-20,G_S131015,ADDR_S131015
S131016,Noah Sibal,noah sibal,INST-018,Vocational Tech,1st Year,2005-08-20,G_S131016,ADDR_S131016
S135001,Avi Ramesh,avi ramesh,INST-012,Vocational Tech,1st Year,2005-08-20,G_S135001,ADDR_S135001
S135002,Fiyaz Sangha,fiyaz sangha,INST-012,Vocational Tech,2st Year,2005-08-20,G_S135002,ADDR_S135002
S135003,Triya Gopal,triya gopal,INST-012,Vocational Tech,3st Year,2005-08-20,G_S135003,ADDR_S135003
S135004,Abha Raghavan,abha raghavan,INST-012,Vocational Tech,1st Year,2005-08-20,G_S135004,ADDR_S135004
S135005,Siddharth Sha,siddharth sha,INST-012,Vocational Tech,2st Year,2005-08-20,G_S135005,ADDR_S135005
S135006,Geetika Raghavan,geetika raghavan,INST-012,Vocational Tech,3st Year,2005-08-20,G_S135006,ADDR_S135006
S135007,Oviya Krishnan,oviya krishnan,INST-012,Vocational Tech,1st Year,2005-08-20,G_S135007,ADDR_S135007
S135008,Upma Bahl,upma bahl,INST-012,Vocational Tech,2st Year,2005-08-20,G_S135008,ADDR_S135008
S135009,Inaya Kapur,inaya kapur,INST-012,Vocational Tech,3st Year,2005-08-20,G_S135009,ADDR_S135009
S135010,Banjeet Balasubramanian,banjeet balasubramanian,INST-012,Vocational Tech,1st Year,2005-08-20,G_S135010,ADDR_S135010
S135011,Ryan Bahri,ryan bahri,INST-012,Vocational Tech,2st Year,2005-08-20,G_S135011,ADDR_S135011
S135012,William Date,william date,INST-012,Vocational Tech,3st Year,2005-08-20,G_S135012,ADDR_S135012
S140001,Ishwar Kamdar,ishwar kamdar,INST-042,Vocational Tech,1st Year,2005-08-20,G_S140001,ADDR_S140001
S140002,Aahana Pillay,aahana pillay,INST-042,Vocational Tech,2st Year,2005-08-20,G_S140002,ADDR_S140002
S140003,Ishwar Gade,ishwar gade,INST-042,Vocational Tech,3st Year,2005-08-20,G_S140003,ADDR_S140003
S140004,Hritik Bal,hritik bal,INST-042,Vocational Tech,1st Year,2005-08-20,G_S140004,ADDR_S140004
S140005,Keya Ranganathan,keya ranganathan,INST-042,Vocational Tech,2st Year,2005-08-20,G_S140005,ADDR_S140005
S140006,Faqid Kibe,faqid kibe,INST-042,Vocational Tech,3st Year,2005-08-20,G_S140006,ADDR_S140006
S140007,Charvi Dara,charvi dara,INST-042,Vocational Tech,1st Year,2005-08-20,G_S140007,ADDR_S140007
S140008,Idika Walia,idika walia,INST-042,Vocational Tech,2st Year,2005-08-20,G_S140008,ADDR_S140008
S140009,Kamala Biswas,kamala biswas,INST-042,Vocational Tech,3st Year,2005-08-20,G_S140009,ADDR_S140009
S140010,Advik Salvi,advik salvi,INST-042,Vocational Tech,1st Year,2005-08-20,G_S140010,ADDR_S140010
S140011,Hitesh Sant,hitesh sant,INST-042,Vocational Tech,2st Year,2005-08-20,G_S140011,ADDR_S140011
S140012,Tripti Dua,tripti dua,INST-042,Vocational Tech,3st Year,2005-08-20,G_S140012,ADDR_S140012
S140013,Patrick Vig,patrick vig,INST-042,Vocational Tech,1st Year,2005-08-20,G_S140013,ADDR_S140013
S140014,Veda Shroff,veda shroff,INST-042,Vocational Tech,2st Year,2005-08-20,G_S140014,ADDR_S140014
S140015,Amrita Naidu,amrita naidu,INST-042,Vocational Tech,3st Year,2005-08-20,G_S140015,ADDR_S140015
S140016,Gabriel Mallick,gabriel mallick,INST-042,Vocational Tech,1st Year,2005-08-20,G_S140016,ADDR_S140016
S140017,Yagnesh Shetty,yagnesh shetty,INST-042,Vocational Tech,2st Year,2005-08-20,G_S140017,ADDR_S140017
S140018,Gayathri Balakrishnan,gayathri balakrishnan,INST-042,Vocational Tech,3st Year,2005-08-20,G_S140018,ADDR_S140018
S140019,Ekta Gopal,ekta gopal,INST-042,Vocational Tech,1st Year,2005-08-20,G_S140019,ADDR_S140019
S140020,Simon Pant,simon pant,INST-042,Vocational Tech,2st Year,2005-08-20,G_S140020,ADDR_S140020
S144001,Harini Mammen,harini mammen,INST-055,Vocational Tech,1st Year,2005-08-20,G_S144001,ADDR_S144001
S144002,Advaith Varughese,advaith varughese,INST-055,Vocational Tech,2st Year,2005-08-20,G_S144002,ADDR_S144002
S144003,Frederick Khurana,frederick khurana,INST-055,Vocational Tech,3st Year,2005-08-20,G_S144003,ADDR_S144003
S144004,Vrinda Khosla,vrinda khosla,INST-055,Vocational Tech,1st Year,2005-08-20,G_S144004,ADDR_S144004
S144005,Vritti Sem,vritti sem,INST-055,Vocational Tech,2st Year,2005-08-20,G_S144005,ADDR_S144005
S144006,Girik Menon,girik menon,INST-055,Vocational Tech,3st Year,2005-08-20,G_S144006,ADDR_S144006
S144007,Nidhi Kohli,nidhi kohli,INST-055,Vocational Tech,1st Year,2005-08-20,G_S144007,ADDR_S144007
S144008,Jyoti Solanki,jyoti solanki,INST-055,Vocational Tech,2st Year,2005-08-20,G_S144008,ADDR_S144008
S144009,Pavani Narayanan,pavani narayanan,INST-055,Vocational Tech,3st Year,2005-08-20,G_S144009,ADDR_S144009
S144010,Sudiksha Madan,sudiksha madan,INST-055,Vocational Tech,1st Year,2005-08-20,G_S144010,ADDR_S144010
S144011,Zayan Kashyap,zayan kashyap,INST-055,Vocational Tech,2st Year,2005-08-20,G_S144011,ADDR_S144011
S144012,Reyansh Mutti,reyansh mutti,INST-055,Vocational Tech,3st Year,2005-08-20,G_S144012,ADDR_S144012
S144013,Qasim Handa,qasim handa,INST-055,Vocational Tech,1st Year,2005-08-20,G_S144013,ADDR_S144013
S144014,Veda Malhotra,veda malhotra,INST-055,Vocational Tech,2st Year,2005-08-20,G_S144014,ADDR_S144014
S144015,Harish Hari,harish hari,INST-055,Vocational Tech,3st Year,2005-08-20,G_S144015,ADDR_S144015
S144016,Utkarsh Patel,utkarsh patel,INST-055,Vocational Tech,1st Year,2005-08-20,G_S144016,ADDR_S144016
S144017,Chasmum Atwal,chasmum atwal,INST-055,Vocational Tech,2st Year,2005-08-20,G_S144017,ADDR_S144017
S149001,Anusha Bath,anusha bath,INST-033,Vocational Tech,1st Year,2005-08-20,G_S149001,ADDR_S149001
S149002,Brinda Date,brinda date,INST-033,Vocational Tech,2st Year,2005-08-20,G_S149002,ADDR_S149002
S149003,Harshil Arora,harshil arora,INST-033,Vocational Tech,3st Year,2005-08-20,G_S149003,ADDR_S149003
S149004,Upasna Srinivas,upasna srinivas,INST-033,Vocational Tech,1st Year,2005-08-20,G_S149004,ADDR_S149004
S149005,Harini Gour,harini gour,INST-033,Vocational Tech,2st Year,2005-08-20,G_S149005,ADDR_S149005
S149006,Zayyan Sridhar,zayyan sridhar,INST-033,Vocational Tech,3st Year,2005-08-20,G_S149006,ADDR_S149006
S149007,Dhruv Rattan,dhruv rattan,INST-033,Vocational Tech,1st Year,2005-08-20,G_S149007,ADDR_S149007
S149008,Ethan Bera,ethan bera,INST-033,Vocational Tech,2st Year,2005-08-20,G_S149008,ADDR_S149008
S149009,Manthan Modi,manthan modi,INST-033,Vocational Tech,3st Year,2005-08-20,G_S149009,ADDR_S149009
S149010,Yuvraj Dani,yuvraj dani,INST-033,Vocational Tech,1st Year,2005-08-20,G_S149010,ADDR_S149010
S149011,Upkaar Virk,upkaar virk,INST-033,Vocational Tech,2st Year,2005-08-20,G_S149011,ADDR_S149011
S149012,Shravya Savant,shravya savant,INST-033,Vocational Tech,3st Year,2005-08-20,G_S149012,ADDR_S149012
S149013,Pushti Mody,pushti mody,INST-033,Vocational Tech,1st Year,2005-08-20,G_S149013,ADDR_S149013
S149014,Hardik Johal,hardik johal,INST-033,Vocational Tech,2st Year,2005-08-20,G_S149014,ADDR_S149014
S149015,Aishani Bumb,aishani bumb,INST-033,Vocational Tech,3st Year,2005-08-20,G_S149015,ADDR_S149015
S_DEC_0001,Aarnav Ghose,sibling,INST-001,General Arts,1st Year,2006-03-12,G_DEC_0,ADDR_DEC_0
S_DEC_0002,Nilima Ghose,sibling,INST-001,Science Stream,2nd Year,2004-11-20,G_DEC_0,ADDR_DEC_0
S_DEC_0003,Bhavya Manne,sibling,INST-002,General Arts,1st Year,2006-03-12,G_DEC_1,ADDR_DEC_1
S_DEC_0004,Barkha Manne,sibling,INST-002,Science Stream,2nd Year,2004-11-20,G_DEC_1,ADDR_DEC_1
S_DEC_0005,Rudra Kaur,sibling,INST-003,General Arts,1st Year,2006-03-12,G_DEC_2,ADDR_DEC_2
S_DEC_0006,Pavani Kaur,sibling,INST-003,Science Stream,2nd Year,2004-11-20,G_DEC_2,ADDR_DEC_2
S_DEC_0007,Ekbal Dixit,sibling,INST-004,General Arts,1st Year,2006-03-12,G_DEC_3,ADDR_DEC_3
S_DEC_0008,Darpan Dixit,sibling,INST-004,Science Stream,2nd Year,2004-11-20,G_DEC_3,ADDR_DEC_3
S_DEC_0009,Upadhriti Mani,sibling,INST-005,General Arts,1st Year,2006-03-12,G_DEC_4,ADDR_DEC_4
S_DEC_0010,Daksha Mani,sibling,INST-005,Science Stream,2nd Year,2004-11-20,G_DEC_4,ADDR_DEC_4
S_DEC_0011,Faris Tella,sibling,INST-006,General Arts,1st Year,2006-03-12,G_DEC_5,ADDR_DEC_5
S_DEC_0012,Balveer Tella,sibling,INST-006,Science Stream,2nd Year,2004-11-20,G_DEC_5,ADDR_DEC_5
S_DEC_0013,Veer Krishna,sibling,INST-007,General Arts,1st Year,2006-03-12,G_DEC_6,ADDR_DEC_6
S_DEC_0014,Ansh Krishna,sibling,INST-007,Science Stream,2nd Year,2004-11-20,G_DEC_6,ADDR_DEC_6
S_DEC_0015,Riya Gill,sibling,INST-008,General Arts,1st Year,2006-03-12,G_DEC_7,ADDR_DEC_7
S_DEC_0016,Arunima Gill,sibling,INST-008,Science Stream,2nd Year,2004-11-20,G_DEC_7,ADDR_DEC_7
S_DEC_0017,Ijaya Swamy,sibling,INST-009,General Arts,1st Year,2006-03-12,G_DEC_8,ADDR_DEC_8
S_DEC_0018,Nilima Swamy,sibling,INST-009,Science Stream,2nd Year,2004-11-20,G_DEC_8,ADDR_DEC_8
S_DEC_0019,Nisha Cheema,sibling,INST-010,General Arts,1st Year,2006-03-12,G_DEC_9,ADDR_DEC_9
S_DEC_0020,Warhi Cheema,sibling,INST-010,Science Stream,2nd Year,2004-11-20,G_DEC_9,ADDR_DEC_9
S_DEC_0021,Divya Bansal,sibling,INST-011,General Arts,1st Year,2006-03-12,G_DEC_10,ADDR_DEC_10
S_DEC_0022,Zayyan Bansal,sibling,INST-011,Science Stream,2nd Year,2004-11-20,G_DEC_10,ADDR_DEC_10
S_DEC_0023,Turvi Raval,sibling,INST-012,General Arts,1st Year,2006-03-12,G_DEC_11,ADDR_DEC_11
S_DEC_0024,Odika Raval,sibling,INST-012,Science Stream,2nd Year,2004-11-20,G_DEC_11,ADDR_DEC_11
S_DEC_0025,Riya Vasa,sibling,INST-013,General Arts,1st Year,2006-03-12,G_DEC_12,ADDR_DEC_12
S_DEC_0026,Charan Vasa,sibling,INST-013,Science Stream,2nd Year,2004-11-20,G_DEC_12,ADDR_DEC_12
S_DEC_0027,Vedhika Deep,sibling,INST-014,General Arts,1st Year,2006-03-12,G_DEC_13,ADDR_DEC_13
S_DEC_0028,Jairaj Deep,sibling,INST-014,Science Stream,2nd Year,2004-11-20,G_DEC_13,ADDR_DEC_13
S_DEC_0029,Akshay Dutt,sibling,INST-015,General Arts,1st Year,2006-03-12,G_DEC_14,ADDR_DEC_14
S_DEC_0030,Nikita Dutt,sibling,INST-015,Science Stream,2nd Year,2004-11-20,G_DEC_14,ADDR_DEC_14
S_DEC_0031,Mitesh Comar,sibling,INST-016,General Arts,1st Year,2006-03-12,G_DEC_15,ADDR_DEC_15
S_DEC_0032,Wishi Comar,sibling,INST-016,Science Stream,2nd Year,2004-11-20,G_DEC_15,ADDR_DEC_15
S_DEC_0033,Yagnesh Sagar,sibling,INST-017,General Arts,1st Year,2006-03-12,G_DEC_16,ADDR_DEC_16
S_DEC_0034,Tanmayi Sagar,sibling,INST-017,Science Stream,2nd Year,2004-11-20,G_DEC_16,ADDR_DEC_16
S_DEC_0035,Anya Halder,sibling,INST-018,General Arts,1st Year,2006-03-12,G_DEC_17,ADDR_DEC_17
S_DEC_0036,Oeshi Halder,sibling,INST-018,Science Stream,2nd Year,2004-11-20,G_DEC_17,ADDR_DEC_17
S_DEC_0037,Chanchal Loke,sibling,INST-019,General Arts,1st Year,2006-03-12,G_DEC_18,ADDR_DEC_18
S_DEC_0038,Vrishti Loke,sibling,INST-019,Science Stream,2nd Year,2004-11-20,G_DEC_18,ADDR_DEC_18
S_DEC_0039,Gaurangi Yohannan,sibling,INST-020,General Arts,1st Year,2006-03-12,G_DEC_19,ADDR_DEC_19
S_DEC_0040,Krishna Yohannan,sibling,INST-020,Science Stream,2nd Year,2004-11-20,G_DEC_19,ADDR_DEC_19
S_DEC_0041,Leela Gulati,sibling,INST-021,General Arts,1st Year,2006-03-12,G_DEC_20,ADDR_DEC_20
S_DEC_0042,Vivaan Gulati,sibling,INST-021,Science Stream,2nd Year,2004-11-20,G_DEC_20,ADDR_DEC_20
S_DEC_0043,Libni Nadkarni,sibling,INST-022,General Arts,1st Year,2006-03-12,G_DEC_21,ADDR_DEC_21
S_DEC_0044,Max Nadkarni,sibling,INST-022,Science Stream,2nd Year,2004-11-20,G_DEC_21,ADDR_DEC_21
S_DEC_0045,Ria Date,sibling,INST-023,General Arts,1st Year,2006-03-12,G_DEC_22,ADDR_DEC_22
S_DEC_0046,Harish Date,sibling,INST-023,Science Stream,2nd Year,2004-11-20,G_DEC_22,ADDR_DEC_22
S_DEC_0047,Falan Dhawan,sibling,INST-024,General Arts,1st Year,2006-03-12,G_DEC_23,ADDR_DEC_23
S_DEC_0048,Upasna Dhawan,sibling,INST-024,Science Stream,2nd Year,2004-11-20,G_DEC_23,ADDR_DEC_23
S_DEC_0049,Lajita Rao,sibling,INST-025,General Arts,1st Year,2006-03-12,G_DEC_24,ADDR_DEC_24
S_DEC_0050,Edhitha Rao,sibling,INST-025,Science Stream,2nd Year,2004-11-20,G_DEC_24,ADDR_DEC_24
S_DEC_0051,Utkarsh Biswas,sibling,INST-026,General Arts,1st Year,2006-03-12,G_DEC_25,ADDR_DEC_25
S_DEC_0052,Gautam Biswas,sibling,INST-026,Science Stream,2nd Year,2004-11-20,G_DEC_25,ADDR_DEC_25
S_DEC_0053,Chandani Chaudhry,sibling,INST-027,General Arts,1st Year,2006-03-12,G_DEC_26,ADDR_DEC_26
S_DEC_0054,Ayush Chaudhry,sibling,INST-027,Science Stream,2nd Year,2004-11-20,G_DEC_26,ADDR_DEC_26
S_DEC_0055,Kavya Bhalla,sibling,INST-028,General Arts,1st Year,2006-03-12,G_DEC_27,ADDR_DEC_27
S_DEC_0056,Raagini Bhalla,sibling,INST-028,Science Stream,2nd Year,2004-11-20,G_DEC_27,ADDR_DEC_27
S_DEC_0057,Pranit Wali,sibling,INST-029,General Arts,1st Year,2006-03-12,G_DEC_28,ADDR_DEC_28
S_DEC_0058,Onkar Wali,sibling,INST-029,Science Stream,2nd Year,2004-11-20,G_DEC_28,ADDR_DEC_28
S_DEC_0059,Luke Raja,sibling,INST-030,General Arts,1st Year,2006-03-12,G_DEC_29,ADDR_DEC_29
S_DEC_0060,Vincent Raja,sibling,INST-030,Science Stream,2nd Year,2004-11-20,G_DEC_29,ADDR_DEC_29
S_DEC_0061,Udyati Sharaf,sibling,INST-031,General Arts,1st Year,2006-03-12,G_DEC_30,ADDR_DEC_30
S_DEC_0062,Bhavna Sharaf,sibling,INST-031,Science Stream,2nd Year,2004-11-20,G_DEC_30,ADDR_DEC_30
S_DEC_0063,Chandani Sathe,sibling,INST-032,General Arts,1st Year,2006-03-12,G_DEC_31,ADDR_DEC_31
S_DEC_0064,Panini Sathe,sibling,INST-032,Science Stream,2nd Year,2004-11-20,G_DEC_31,ADDR_DEC_31
S_DEC_0065,Vasudha Mittal,sibling,INST-033,General Arts,1st Year,2006-03-12,G_DEC_32,ADDR_DEC_32
S_DEC_0066,Hredhaan Mittal,sibling,INST-033,Science Stream,2nd Year,2004-11-20,G_DEC_32,ADDR_DEC_32
S_DEC_0067,Anthony Parmer,sibling,INST-034,General Arts,1st Year,2006-03-12,G_DEC_33,ADDR_DEC_33
S_DEC_0068,Meghana Parmer,sibling,INST-034,Science Stream,2nd Year,2004-11-20,G_DEC_33,ADDR_DEC_33
S_DEC_0069,Victor Bawa,sibling,INST-035,General Arts,1st Year,2006-03-12,G_DEC_34,ADDR_DEC_34
S_DEC_0070,Indira Bawa,sibling,INST-035,Science Stream,2nd Year,2004-11-20,G_DEC_34,ADDR_DEC_34
S_DEC_0071,Balveer Krishna,sibling,INST-036,General Arts,1st Year,2006-03-12,G_DEC_35,ADDR_DEC_35
S_DEC_0072,Dayamai Krishna,sibling,INST-036,Science Stream,2nd Year,2004-11-20,G_DEC_35,ADDR_DEC_35
S_DEC_0073,Chakrika Patla,sibling,INST-037,General Arts,1st Year,2006-03-12,G_DEC_36,ADDR_DEC_36
S_DEC_0074,Eta Patla,sibling,INST-037,Science Stream,2nd Year,2004-11-20,G_DEC_36,ADDR_DEC_36
S_DEC_0075,Jasmit Iyer,sibling,INST-038,General Arts,1st Year,2006-03-12,G_DEC_37,ADDR_DEC_37
S_DEC_0076,Yachana Iyer,sibling,INST-038,Science Stream,2nd Year,2004-11-20,G_DEC_37,ADDR_DEC_37
S_DEC_0077,Hamsini Kurian,sibling,INST-039,General Arts,1st Year,2006-03-12,G_DEC_38,ADDR_DEC_38
S_DEC_0078,Ishwar Kurian,sibling,INST-039,Science Stream,2nd Year,2004-11-20,G_DEC_38,ADDR_DEC_38
S_DEC_0079,Jasmit Dhaliwal,sibling,INST-040,General Arts,1st Year,2006-03-12,G_DEC_39,ADDR_DEC_39
S_DEC_0080,Gautam Dhaliwal,sibling,INST-040,Science Stream,2nd Year,2004-11-20,G_DEC_39,ADDR_DEC_39
S_DEC_0081,Jyoti Lalla,sibling,INST-001,General Arts,1st Year,2006-03-12,G_DEC_40,ADDR_DEC_40
S_DEC_0082,Adweta Lalla,sibling,INST-001,Science Stream,2nd Year,2004-11-20,G_DEC_40,ADDR_DEC_40
S_DEC_0083,Aryan Chokshi,sibling,INST-002,General Arts,1st Year,2006-03-12,G_DEC_41,ADDR_DEC_41
S_DEC_0084,Falak Chokshi,sibling,INST-002,Science Stream,2nd Year,2004-11-20,G_DEC_41,ADDR_DEC_41
S_DEC_0085,Jackson Shetty,sibling,INST-003,General Arts,1st Year,2006-03-12,G_DEC_42,ADDR_DEC_42
S_DEC_0086,Logan Shetty,sibling,INST-003,Science Stream,2nd Year,2004-11-20,G_DEC_42,ADDR_DEC_42
S_DEC_0087,Gunbir Modi,sibling,INST-004,General Arts,1st Year,2006-03-12,G_DEC_43,ADDR_DEC_43
S_DEC_0088,Wahab Modi,sibling,INST-004,Science Stream,2nd Year,2004-11-20,G_DEC_43,ADDR_DEC_43
S_DEC_0089,Oni Setty,sibling,INST-005,General Arts,1st Year,2006-03-12,G_DEC_44,ADDR_DEC_44
S_DEC_0090,Mohammed Setty,sibling,INST-005,Science Stream,2nd Year,2004-11-20,G_DEC_44,ADDR_DEC_44
S_DEC_0091,Bachittar Suri,sibling,INST-006,General Arts,1st Year,2006-03-12,G_DEC_45,ADDR_DEC_45
S_DEC_0092,Kamala Suri,sibling,INST-006,Science Stream,2nd Year,2004-11-20,G_DEC_45,ADDR_DEC_45
S_DEC_0093,Hardik Saxena,sibling,INST-007,General Arts,1st Year,2006-03-12,G_DEC_46,ADDR_DEC_46
S_DEC_0094,Jhalak Saxena,sibling,INST-007,Science Stream,2nd Year,2004-11-20,G_DEC_46,ADDR_DEC_46
S_DEC_0095,Jason Rao,sibling,INST-008,General Arts,1st Year,2006-03-12,G_DEC_47,ADDR_DEC_47
S_DEC_0096,Suhani Rao,sibling,INST-008,Science Stream,2nd Year,2004-11-20,G_DEC_47,ADDR_DEC_47
S_DEC_0097,Yagnesh Bail,sibling,INST-009,General Arts,1st Year,2006-03-12,G_DEC_48,ADDR_DEC_48
S_DEC_0098,Jeremiah Bail,sibling,INST-009,Science Stream,2nd Year,2004-11-20,G_DEC_48,ADDR_DEC_48
S_DEC_0099,Falguni Johal,sibling,INST-010,General Arts,1st Year,2006-03-12,G_DEC_49,ADDR_DEC_49
S_DEC_0100,Manbir Johal,sibling,INST-010,Science Stream,2nd Year,2004-11-20,G_DEC_49,ADDR_DEC_49
S_DEC_0101,Zashil Dhillon,sibling,INST-011,General Arts,1st Year,2006-03-12,G_DEC_50,ADDR_DEC_50
S_DEC_0102,Owen Dhillon,sibling,INST-011,Science Stream,2nd Year,2004-11-20,G_DEC_50,ADDR_DEC_50
S_DEC_0103,Wazir Deep,sibling,INST-012,General Arts,1st Year,2006-03-12,G_DEC_51,ADDR_DEC_51
S_DEC_0104,Ekiya Deep,sibling,INST-012,Science Stream,2nd Year,2004-11-20,G_DEC_51,ADDR_DEC_51
S_DEC_0105,Oviya Lanka,sibling,INST-013,General Arts,1st Year,2006-03-12,G_DEC_52,ADDR_DEC_52
S_DEC_0106,Ishaan Lanka,sibling,INST-013,Science Stream,2nd Year,2004-11-20,G_DEC_52,ADDR_DEC_52
S_DEC_0107,Ikbal Sen,sibling,INST-014,General Arts,1st Year,2006-03-12,G_DEC_53,ADDR_DEC_53
S_DEC_0108,Siya Sen,sibling,INST-014,Science Stream,2nd Year,2004-11-20,G_DEC_53,ADDR_DEC_53
S_DEC_0109,Azaan Verma,sibling,INST-015,General Arts,1st Year,2006-03-12,G_DEC_54,ADDR_DEC_54
S_DEC_0110,Darsh Verma,sibling,INST-015,Science Stream,2nd Year,2004-11-20,G_DEC_54,ADDR_DEC_54
S_DEC_0111,Sachi Sandhu,sibling,INST-016,General Arts,1st Year,2006-03-12,G_DEC_55,ADDR_DEC_55
S_DEC_0112,Ethan Sandhu,sibling,INST-016,Science Stream,2nd Year,2004-11-20,G_DEC_55,ADDR_DEC_55
S_DEC_0113,Anvi Divan,sibling,INST-017,General Arts,1st Year,2006-03-12,G_DEC_56,ADDR_DEC_56
S_DEC_0114,Ekta Divan,sibling,INST-017,Science Stream,2nd Year,2004-11-20,G_DEC_56,ADDR_DEC_56
S_DEC_0115,Ishwar Setty,sibling,INST-018,General Arts,1st Year,2006-03-12,G_DEC_57,ADDR_DEC_57
S_DEC_0116,Tanveer Setty,sibling,INST-018,Science Stream,2nd Year,2004-11-20,G_DEC_57,ADDR_DEC_57
S_DEC_0117,Sudiksha Kari,sibling,INST-019,General Arts,1st Year,2006-03-12,G_DEC_58,ADDR_DEC_58
S_DEC_0118,Mohini Kari,sibling,INST-019,Science Stream,2nd Year,2004-11-20,G_DEC_58,ADDR_DEC_58
S_DEC_0119,Aadhya Munshi,sibling,INST-020,General Arts,1st Year,2006-03-12,G_DEC_59,ADDR_DEC_59
S_DEC_0120,Kavya Munshi,sibling,INST-020,Science Stream,2nd Year,2004-11-20,G_DEC_59,ADDR_DEC_59
S_DEC_0121,Girik Bhavsar,sibling,INST-021,General Arts,1st Year,2006-03-12,G_DEC_60,ADDR_DEC_60
S_DEC_0122,Rachana Bhavsar,sibling,INST-021,Science Stream,2nd Year,2004-11-20,G_DEC_60,ADDR_DEC_60
S_DEC_0123,Forum De,sibling,INST-022,General Arts,1st Year,2006-03-12,G_DEC_61,ADDR_DEC_61
S_DEC_0124,Jason De,sibling,INST-022,Science Stream,2nd Year,2004-11-20,G_DEC_61,ADDR_DEC_61
S_DEC_0125,Devika Sampath,sibling,INST-023,General Arts,1st Year,2006-03-12,G_DEC_62,ADDR_DEC_62
S_DEC_0126,Indira Sampath,sibling,INST-023,Science Stream,2nd Year,2004-11-20,G_DEC_62,ADDR_DEC_62
S_DEC_0127,Udarsh Kala,sibling,INST-024,General Arts,1st Year,2006-03-12,G_DEC_63,ADDR_DEC_63
S_DEC_0128,Hritik Kala,sibling,INST-024,Science Stream,2nd Year,2004-11-20,G_DEC_63,ADDR_DEC_63
S_DEC_0129,Upkaar Contractor,sibling,INST-025,General Arts,1st Year,2006-03-12,G_DEC_64,ADDR_DEC_64
S_DEC_0130,Pushti Contractor,sibling,INST-025,Science Stream,2nd Year,2004-11-20,G_DEC_64,ADDR_DEC_64
S_DEC_0131,Dayamai Balakrishnan,sibling,INST-026,General Arts,1st Year,2006-03-12,G_DEC_65,ADDR_DEC_65
S_DEC_0132,Harinakshi Balakrishnan,sibling,INST-026,Science Stream,2nd Year,2004-11-20,G_DEC_65,ADDR_DEC_65
S_DEC_0133,Nandini Golla,sibling,INST-027,General Arts,1st Year,2006-03-12,G_DEC_66,ADDR_DEC_66
S_DEC_0134,Ekaraj Golla,sibling,INST-027,Science Stream,2nd Year,2004-11-20,G_DEC_66,ADDR_DEC_66
S_DEC_0135,Oni Chand,sibling,INST-028,General Arts,1st Year,2006-03-12,G_DEC_67,ADDR_DEC_67
S_DEC_0136,Sudiksha Chand,sibling,INST-028,Science Stream,2nd Year,2004-11-20,G_DEC_67,ADDR_DEC_67
S_DEC_0137,Frado Pingle,sibling,INST-029,General Arts,1st Year,2006-03-12,G_DEC_68,ADDR_DEC_68
S_DEC_0138,Charles Pingle,sibling,INST-029,Science Stream,2nd Year,2004-11-20,G_DEC_68,ADDR_DEC_68
S_DEC_0139,Saanvi Bawa,sibling,INST-030,General Arts,1st Year,2006-03-12,G_DEC_69,ADDR_DEC_69
S_DEC_0140,Panini Bawa,sibling,INST-030,Science Stream,2nd Year,2004-11-20,G_DEC_69,ADDR_DEC_69
S_DEC_0141,Yauvani Sachdeva,sibling,INST-031,General Arts,1st Year,2006-03-12,G_DEC_70,ADDR_DEC_70
S_DEC_0142,Ishaan Sachdeva,sibling,INST-031,Science Stream,2nd Year,2004-11-20,G_DEC_70,ADDR_DEC_70
S_DEC_0143,Vidhi Choudhry,sibling,INST-032,General Arts,1st Year,2006-03-12,G_DEC_71,ADDR_DEC_71
S_DEC_0144,Darika Choudhry,sibling,INST-032,Science Stream,2nd Year,2004-11-20,G_DEC_71,ADDR_DEC_71
S_DEC_0145,Samarth Rana,sibling,INST-033,General Arts,1st Year,2006-03-12,G_DEC_72,ADDR_DEC_72
S_DEC_0146,Charvi Rana,sibling,INST-033,Science Stream,2nd Year,2004-11-20,G_DEC_72,ADDR_DEC_72
S_DEC_0147,Jagdish Kumer,sibling,INST-034,General Arts,1st Year,2006-03-12,G_DEC_73,ADDR_DEC_73
S_DEC_0148,Abhimanyu Kumer,sibling,INST-034,Science Stream,2nd Year,2004-11-20,G_DEC_73,ADDR_DEC_73
S_DEC_0149,Victor Gill,sibling,INST-035,General Arts,1st Year,2006-03-12,G_DEC_74,ADDR_DEC_74
S_DEC_0150,Xiti Gill,sibling,INST-035,Science Stream,2nd Year,2004-11-20,G_DEC_74,ADDR_DEC_74
S_DEC_0151,Anirudh Ranganathan,sibling,INST-036,General Arts,1st Year,2006-03-12,G_DEC_75,ADDR_DEC_75
S_DEC_0152,Tripti Ranganathan,sibling,INST-036,Science Stream,2nd Year,2004-11-20,G_DEC_75,ADDR_DEC_75
S_DEC_0153,Bimala Sanghvi,sibling,INST-037,General Arts,1st Year,2006-03-12,G_DEC_76,ADDR_DEC_76
S_DEC_0154,Ishwar Sanghvi,sibling,INST-037,Science Stream,2nd Year,2004-11-20,G_DEC_76,ADDR_DEC_76
S_DEC_0155,Triveni Nair,sibling,INST-038,General Arts,1st Year,2006-03-12,G_DEC_77,ADDR_DEC_77
S_DEC_0156,Janaki Nair,sibling,INST-038,Science Stream,2nd Year,2004-11-20,G_DEC_77,ADDR_DEC_77
S_DEC_0157,Nandini Cherian,sibling,INST-039,General Arts,1st Year,2006-03-12,G_DEC_78,ADDR_DEC_78
S_DEC_0158,Farhan Cherian,sibling,INST-039,Science Stream,2nd Year,2004-11-20,G_DEC_78,ADDR_DEC_78
S_DEC_0159,Om Nori,sibling,INST-040,General Arts,1st Year,2006-03-12,G_DEC_79,ADDR_DEC_79
S_DEC_0160,Faraj Nori,sibling,INST-040,Science Stream,2nd Year,2004-11-20,G_DEC_79,ADDR_DEC_79
S_DEC_0161,Warinder Palla,sibling,INST-001,General Arts,1st Year,2006-03-12,G_DEC_80,ADDR_DEC_80
S_DEC_0162,Harshil Palla,sibling,INST-001,Science Stream,2nd Year,2004-11-20,G_DEC_80,ADDR_DEC_80
S_DEC_0163,Michael Hora,sibling,INST-002,General Arts,1st Year,2006-03-12,G_DEC_81,ADDR_DEC_81
S_DEC_0164,Faqid Hora,sibling,INST-002,Science Stream,2nd Year,2004-11-20,G_DEC_81,ADDR_DEC_81
S_DEC_0165,Ekantika Shetty,sibling,INST-003,General Arts,1st Year,2006-03-12,G_DEC_82,ADDR_DEC_82
S_DEC_0166,Diya Shetty,sibling,INST-003,Science Stream,2nd Year,2004-11-20,G_DEC_82,ADDR_DEC_82
S_DEC_0167,Chavvi Bir,sibling,INST-004,General Arts,1st Year,2006-03-12,G_DEC_83,ADDR_DEC_83
S_DEC_0168,Anvi Bir,sibling,INST-004,Science Stream,2nd Year,2004-11-20,G_DEC_83,ADDR_DEC_83
S_DEC_0169,Triya Tripathi,sibling,INST-005,General Arts,1st Year,2006-03-12,G_DEC_84,ADDR_DEC_84
S_DEC_0170,Siya Tripathi,sibling,INST-005,Science Stream,2nd Year,2004-11-20,G_DEC_84,ADDR_DEC_84
S_DEC_0171,Gautam Pillay,sibling,INST-006,General Arts,1st Year,2006-03-12,G_DEC_85,ADDR_DEC_85
S_DEC_0172,Yashica Pillay,sibling,INST-006,Science Stream,2nd Year,2004-11-20,G_DEC_85,ADDR_DEC_85
S_DEC_0173,Raghav Barman,sibling,INST-007,General Arts,1st Year,2006-03-12,G_DEC_86,ADDR_DEC_86
S_DEC_0174,Ekanta Barman,sibling,INST-007,Science Stream,2nd Year,2004-11-20,G_DEC_86,ADDR_DEC_86
S_DEC_0175,Harshil Dora,sibling,INST-008,General Arts,1st Year,2006-03-12,G_DEC_87,ADDR_DEC_87
S_DEC_0176,Hemal Dora,sibling,INST-008,Science Stream,2nd Year,2004-11-20,G_DEC_87,ADDR_DEC_87
S_DEC_0177,Raksha Gera,sibling,INST-009,General Arts,1st Year,2006-03-12,G_DEC_88,ADDR_DEC_88
S_DEC_0178,Reva Gera,sibling,INST-009,Science Stream,2nd Year,2004-11-20,G_DEC_88,ADDR_DEC_88
S_DEC_0179,Nilima Pradhan,sibling,INST-010,General Arts,1st Year,2006-03-12,G_DEC_89,ADDR_DEC_89
S_DEC_0180,Hamsini Pradhan,sibling,INST-010,Science Stream,2nd Year,2004-11-20,G_DEC_89,ADDR_DEC_89
S_DEC_0181,Libni Bhatti,sibling,INST-011,General Arts,1st Year,2006-03-12,G_DEC_90,ADDR_DEC_90
S_DEC_0182,Bhanumati Bhatti,sibling,INST-011,Science Stream,2nd Year,2004-11-20,G_DEC_90,ADDR_DEC_90
S_DEC_0183,Lohit Nath,sibling,INST-012,General Arts,1st Year,2006-03-12,G_DEC_91,ADDR_DEC_91
S_DEC_0184,Inaya Nath,sibling,INST-012,Science Stream,2nd Year,2004-11-20,G_DEC_91,ADDR_DEC_91
S_DEC_0185,Krisha Dayal,sibling,INST-013,General Arts,1st Year,2006-03-12,G_DEC_92,ADDR_DEC_92
S_DEC_0186,Falguni Dayal,sibling,INST-013,Science Stream,2nd Year,2004-11-20,G_DEC_92,ADDR_DEC_92
S_DEC_0187,Janani Sampath,sibling,INST-014,General Arts,1st Year,2006-03-12,G_DEC_93,ADDR_DEC_93
S_DEC_0188,Dayamai Sampath,sibling,INST-014,Science Stream,2nd Year,2004-11-20,G_DEC_93,ADDR_DEC_93
S_DEC_0189,Upkaar Om,sibling,INST-015,General Arts,1st Year,2006-03-12,G_DEC_94,ADDR_DEC_94
S_DEC_0190,Laksh Om,sibling,INST-015,Science Stream,2nd Year,2004-11-20,G_DEC_94,ADDR_DEC_94
S_DEC_0191,Baljiwan Merchant,sibling,INST-016,General Arts,1st Year,2006-03-12,G_DEC_95,ADDR_DEC_95
S_DEC_0192,Gayathri Merchant,sibling,INST-016,Science Stream,2nd Year,2004-11-20,G_DEC_95,ADDR_DEC_95
S_DEC_0193,Noah Dube,sibling,INST-017,General Arts,1st Year,2006-03-12,G_DEC_96,ADDR_DEC_96
S_DEC_0194,Raksha Dube,sibling,INST-017,Science Stream,2nd Year,2004-11-20,G_DEC_96,ADDR_DEC_96
S_DEC_0195,Bhavani Patla,sibling,INST-018,General Arts,1st Year,2006-03-12,G_DEC_97,ADDR_DEC_97
S_DEC_0196,Saumya Patla,sibling,INST-018,Science Stream,2nd Year,2004-11-20,G_DEC_97,ADDR_DEC_97
S_DEC_0197,Jhalak More,sibling,INST-019,General Arts,1st Year,2006-03-12,G_DEC_98,ADDR_DEC_98
S_DEC_0198,Ridhi More,sibling,INST-019,Science Stream,2nd Year,2004-11-20,G_DEC_98,ADDR_DEC_98
S_DEC_0199,Ryan Raja,sibling,INST-020,General Arts,1st Year,2006-03-12,G_DEC_99,ADDR_DEC_99
S_DEC_0200,Lakshit Raja,sibling,INST-020,Science Stream,2nd Year,2004-11-20,G_DEC_99,ADDR_DEC_99
S_DEC_0201,Harshil Srivastava,sibling,INST-021,General Arts,1st Year,2006-03-12,G_DEC_100,ADDR_DEC_100
S_DEC_0202,Zaitra Srivastava,sibling,INST-021,Science Stream,2nd Year,2004-11-20,G_DEC_100,ADDR_DEC_100
S_DEC_0203,Shivani Chacko,sibling,INST-022,General Arts,1st Year,2006-03-12,G_DEC_101,ADDR_DEC_101
S_DEC_0204,Yochana Chacko,sibling,INST-022,Science Stream,2nd Year,2004-11-20,G_DEC_101,ADDR_DEC_101
S_DEC_0205,Ikshita Chand,sibling,INST-023,General Arts,1st Year,2006-03-12,G_DEC_102,ADDR_DEC_102
S_DEC_0206,Avi Chand,sibling,INST-023,Science Stream,2nd Year,2004-11-20,G_DEC_102,ADDR_DEC_102
S_DEC_0207,Libni Randhawa,sibling,INST-024,General Arts,1st Year,2006-03-12,G_DEC_103,ADDR_DEC_103
S_DEC_0208,Finn Randhawa,sibling,INST-024,Science Stream,2nd Year,2004-11-20,G_DEC_103,ADDR_DEC_103
S_DEC_0209,Gautami Bala,sibling,INST-025,General Arts,1st Year,2006-03-12,G_DEC_104,ADDR_DEC_104
S_DEC_0210,Madhav Bala,sibling,INST-025,Science Stream,2nd Year,2004-11-20,G_DEC_104,ADDR_DEC_104
S_DEC_0211,Upasna Mangat,sibling,INST-026,General Arts,1st Year,2006-03-12,G_DEC_105,ADDR_DEC_105
S_DEC_0212,Saumya Mangat,sibling,INST-026,Science Stream,2nd Year,2004-11-20,G_DEC_105,ADDR_DEC_105
S_DEC_0213,Mason Bahl,sibling,INST-027,General Arts,1st Year,2006-03-12,G_DEC_106,ADDR_DEC_106
S_DEC_0214,Pallavi Bahl,sibling,INST-027,Science Stream,2nd Year,2004-11-20,G_DEC_106,ADDR_DEC_106
S_DEC_0215,Champak Khanna,sibling,INST-028,General Arts,1st Year,2006-03-12,G_DEC_107,ADDR_DEC_107
S_DEC_0216,William Khanna,sibling,INST-028,Science Stream,2nd Year,2004-11-20,G_DEC_107,ADDR_DEC_107
S_DEC_0217,Amol Bhatnagar,sibling,INST-029,General Arts,1st Year,2006-03-12,G_DEC_108,ADDR_DEC_108
S_DEC_0218,Yutika Bhatnagar,sibling,INST-029,Science Stream,2nd Year,2004-11-20,G_DEC_108,ADDR_DEC_108
S_DEC_0219,Ira Manne,sibling,INST-030,General Arts,1st Year,2006-03-12,G_DEC_109,ADDR_DEC_109
S_DEC_0220,Wridesh Manne,sibling,INST-030,Science Stream,2nd Year,2004-11-20,G_DEC_109,ADDR_DEC_109
S_DEC_0221,Yashica Chada,sibling,INST-031,General Arts,1st Year,2006-03-12,G_DEC_110,ADDR_DEC_110
S_DEC_0222,Yashica Chada,sibling,INST-031,Science Stream,2nd Year,2004-11-20,G_DEC_110,ADDR_DEC_110
S_DEC_0223,Kashvi Singhal,sibling,INST-032,General Arts,1st Year,2006-03-12,G_DEC_111,ADDR_DEC_111
S_DEC_0224,Zehaan Singhal,sibling,INST-032,Science Stream,2nd Year,2004-11-20,G_DEC_111,ADDR_DEC_111
S_DEC_0225,Hemang Bir,sibling,INST-033,General Arts,1st Year,2006-03-12,G_DEC_112,ADDR_DEC_112
S_DEC_0226,Gaurangi Bir,sibling,INST-033,Science Stream,2nd Year,2004-11-20,G_DEC_112,ADDR_DEC_112
S_DEC_0227,Ucchal Pandey,sibling,INST-034,General Arts,1st Year,2006-03-12,G_DEC_113,ADDR_DEC_113
S_DEC_0228,Varenya Pandey,sibling,INST-034,Science Stream,2nd Year,2004-11-20,G_DEC_113,ADDR_DEC_113
S_DEC_0229,Chaaya Bhatnagar,sibling,INST-035,General Arts,1st Year,2006-03-12,G_DEC_114,ADDR_DEC_114
S_DEC_0230,Saksham Bhatnagar,sibling,INST-035,Science Stream,2nd Year,2004-11-20,G_DEC_114,ADDR_DEC_114
S_DEC_0231,Yutika Barman,sibling,INST-036,General Arts,1st Year,2006-03-12,G_DEC_115,ADDR_DEC_115
S_DEC_0232,Mitali Barman,sibling,INST-036,Science Stream,2nd Year,2004-11-20,G_DEC_115,ADDR_DEC_115
S_DEC_0233,Ishanvi Bansal,sibling,INST-037,General Arts,1st Year,2006-03-12,G_DEC_116,ADDR_DEC_116
S_DEC_0234,Champak Bansal,sibling,INST-037,Science Stream,2nd Year,2004-11-20,G_DEC_116,ADDR_DEC_116
S_DEC_0235,Mugdha Dash,sibling,INST-038,General Arts,1st Year,2006-03-12,G_DEC_117,ADDR_DEC_117
S_DEC_0236,Ria Dash,sibling,INST-038,Science Stream,2nd Year,2004-11-20,G_DEC_117,ADDR_DEC_117
S_DEC_0237,Jhalak Grover,sibling,INST-039,General Arts,1st Year,2006-03-12,G_DEC_118,ADDR_DEC_118
S_DEC_0238,Zilmil Grover,sibling,INST-039,Science Stream,2nd Year,2004-11-20,G_DEC_118,ADDR_DEC_118
S_DEC_0239,Pranit Samra,sibling,INST-040,General Arts,1st Year,2006-03-12,G_DEC_119,ADDR_DEC_119
S_DEC_0240,Chaaya Samra,sibling,INST-040,Science Stream,2nd Year,2004-11-20,G_DEC_119,ADDR_DEC_119
S_DEC_0241,Damini Buch,sibling,INST-001,General Arts,1st Year,2006-03-12,G_DEC_120,ADDR_DEC_120
S_DEC_0242,Sanaya Buch,sibling,INST-001,Science Stream,2nd Year,2004-11-20,G_DEC_120,ADDR_DEC_120
S_DEC_0243,Brijesh Sawhney,sibling,INST-002,General Arts,1st Year,2006-03-12,G_DEC_121,ADDR_DEC_121
S_DEC_0244,Ira Sawhney,sibling,INST-002,Science Stream,2nd Year,2004-11-20,G_DEC_121,ADDR_DEC_121
S_DEC_0245,Januja Bhandari,sibling,INST-003,General Arts,1st Year,2006-03-12,G_DEC_122,ADDR_DEC_122
S_DEC_0246,Yochana Bhandari,sibling,INST-003,Science Stream,2nd Year,2004-11-20,G_DEC_122,ADDR_DEC_122
S_DEC_0247,Jonathan Dhar,sibling,INST-004,General Arts,1st Year,2006-03-12,G_DEC_123,ADDR_DEC_123
S_DEC_0248,Ekalinga Dhar,sibling,INST-004,Science Stream,2nd Year,2004-11-20,G_DEC_123,ADDR_DEC_123
S_DEC_0249,Bachittar Pathak,sibling,INST-005,General Arts,1st Year,2006-03-12,G_DEC_124,ADDR_DEC_124
S_DEC_0250,Mitesh Pathak,sibling,INST-005,Science Stream,2nd Year,2004-11-20,G_DEC_124,ADDR_DEC_124
S_DEC_0251,Laksh Prabhu,sibling,INST-006,General Arts,1st Year,2006-03-12,G_DEC_125,ADDR_DEC_125
S_DEC_0252,Jeevika Prabhu,sibling,INST-006,Science Stream,2nd Year,2004-11-20,G_DEC_125,ADDR_DEC_125
S_DEC_0253,Atharv Mallick,sibling,INST-007,General Arts,1st Year,2006-03-12,G_DEC_126,ADDR_DEC_126
S_DEC_0254,Quincy Mallick,sibling,INST-007,Science Stream,2nd Year,2004-11-20,G_DEC_126,ADDR_DEC_126
S_DEC_0255,Sanaya Dalal,sibling,INST-008,General Arts,1st Year,2006-03-12,G_DEC_127,ADDR_DEC_127
S_DEC_0256,Tanish Dalal,sibling,INST-008,Science Stream,2nd Year,2004-11-20,G_DEC_127,ADDR_DEC_127
S_DEC_0257,Ethan Iyengar,sibling,INST-009,General Arts,1st Year,2006-03-12,G_DEC_128,ADDR_DEC_128
S_DEC_0258,Siya Iyengar,sibling,INST-009,Science Stream,2nd Year,2004-11-20,G_DEC_128,ADDR_DEC_128
S_DEC_0259,Dhruv Chahal,sibling,INST-010,General Arts,1st Year,2006-03-12,G_DEC_129,ADDR_DEC_129
S_DEC_0260,Bina Chahal,sibling,INST-010,Science Stream,2nd Year,2004-11-20,G_DEC_129,ADDR_DEC_129
S_DEC_0261,Udarsh Ghosh,sibling,INST-011,General Arts,1st Year,2006-03-12,G_DEC_130,ADDR_DEC_130
S_DEC_0262,Jairaj Ghosh,sibling,INST-011,Science Stream,2nd Year,2004-11-20,G_DEC_130,ADDR_DEC_130
S_DEC_0263,Jalsa Khalsa,sibling,INST-012,General Arts,1st Year,2006-03-12,G_DEC_131,ADDR_DEC_131
S_DEC_0264,Jyoti Khalsa,sibling,INST-012,Science Stream,2nd Year,2004-11-20,G_DEC_131,ADDR_DEC_131
S_DEC_0265,Mitali Chadha,sibling,INST-013,General Arts,1st Year,2006-03-12,G_DEC_132,ADDR_DEC_132
S_DEC_0266,Varenya Chadha,sibling,INST-013,Science Stream,2nd Year,2004-11-20,G_DEC_132,ADDR_DEC_132
S_DEC_0267,Ethan Borah,sibling,INST-014,General Arts,1st Year,2006-03-12,G_DEC_133,ADDR_DEC_133
S_DEC_0268,Shivani Borah,sibling,INST-014,Science Stream,2nd Year,2004-11-20,G_DEC_133,ADDR_DEC_133
S_DEC_0269,Rachita Dave,sibling,INST-015,General Arts,1st Year,2006-03-12,G_DEC_134,ADDR_DEC_134
S_DEC_0270,Yadavi Dave,sibling,INST-015,Science Stream,2nd Year,2004-11-20,G_DEC_134,ADDR_DEC_134
S_DEC_0271,Nitesh Vasa,sibling,INST-016,General Arts,1st Year,2006-03-12,G_DEC_135,ADDR_DEC_135
S_DEC_0272,Neel Vasa,sibling,INST-016,Science Stream,2nd Year,2004-11-20,G_DEC_135,ADDR_DEC_135
S_DEC_0273,Zashil Pal,sibling,INST-017,General Arts,1st Year,2006-03-12,G_DEC_136,ADDR_DEC_136
S_DEC_0274,Ronith Pal,sibling,INST-017,Science Stream,2nd Year,2004-11-20,G_DEC_136,ADDR_DEC_136
S_DEC_0275,Om Mitter,sibling,INST-018,General Arts,1st Year,2006-03-12,G_DEC_137,ADDR_DEC_137
S_DEC_0276,Mitesh Mitter,sibling,INST-018,Science Stream,2nd Year,2004-11-20,G_DEC_137,ADDR_DEC_137
S_DEC_0277,Chakradev Barman,sibling,INST-019,General Arts,1st Year,2006-03-12,G_DEC_138,ADDR_DEC_138
S_DEC_0278,Alka Barman,sibling,INST-019,Science Stream,2nd Year,2004-11-20,G_DEC_138,ADDR_DEC_138
S_DEC_0279,Bimala Balasubramanian,sibling,INST-020,General Arts,1st Year,2006-03-12,G_DEC_139,ADDR_DEC_139
S_DEC_0280,Chasmum Balasubramanian,sibling,INST-020,Science Stream,2nd Year,2004-11-20,G_DEC_139,ADDR_DEC_139
S_DEC_0281,Elijah Ravi,sibling,INST-021,General Arts,1st Year,2006-03-12,G_DEC_140,ADDR_DEC_140
S_DEC_0282,Darpan Ravi,sibling,INST-021,Science Stream,2nd Year,2004-11-20,G_DEC_140,ADDR_DEC_140
S_DEC_0283,Samar Sagar,sibling,INST-022,General Arts,1st Year,2006-03-12,G_DEC_141,ADDR_DEC_141
S_DEC_0284,Harini Sagar,sibling,INST-022,Science Stream,2nd Year,2004-11-20,G_DEC_141,ADDR_DEC_141
S_DEC_0285,Kalpit Nagar,sibling,INST-023,General Arts,1st Year,2006-03-12,G_DEC_142,ADDR_DEC_142
S_DEC_0286,Kamala Nagar,sibling,INST-023,Science Stream,2nd Year,2004-11-20,G_DEC_142,ADDR_DEC_142
S_DEC_0287,Amara Khurana,sibling,INST-024,General Arts,1st Year,2006-03-12,G_DEC_143,ADDR_DEC_143
S_DEC_0288,Shivani Khurana,sibling,INST-024,Science Stream,2nd Year,2004-11-20,G_DEC_143,ADDR_DEC_143
S_DEC_0289,Leena Chatterjee,sibling,INST-025,General Arts,1st Year,2006-03-12,G_DEC_144,ADDR_DEC_144
S_DEC_0290,Omya Chatterjee,sibling,INST-025,Science Stream,2nd Year,2004-11-20,G_DEC_144,ADDR_DEC_144
S_DEC_0291,Nathaniel Narang,sibling,INST-026,General Arts,1st Year,2006-03-12,G_DEC_145,ADDR_DEC_145
S_DEC_0292,Wishi Narang,sibling,INST-026,Science Stream,2nd Year,2004-11-20,G_DEC_145,ADDR_DEC_145
S_DEC_0293,Gautam Morar,sibling,INST-027,General Arts,1st Year,2006-03-12,G_DEC_146,ADDR_DEC_146
S_DEC_0294,Maya Morar,sibling,INST-027,Science Stream,2nd Year,2004-11-20,G_DEC_146,ADDR_DEC_146
S_DEC_0295,Chandresh Kale,sibling,INST-028,General Arts,1st Year,2006-03-12,G_DEC_147,ADDR_DEC_147
S_DEC_0296,Baghyawati Kale,sibling,INST-028,Science Stream,2nd Year,2004-11-20,G_DEC_147,ADDR_DEC_147
S_DEC_0297,Raagini Mangal,sibling,INST-029,General Arts,1st Year,2006-03-12,G_DEC_148,ADDR_DEC_148
S_DEC_0298,Krish Mangal,sibling,INST-029,Science Stream,2nd Year,2004-11-20,G_DEC_148,ADDR_DEC_148
S_DEC_0299,Nandini Rau,sibling,INST-030,General Arts,1st Year,2006-03-12,G_DEC_149,ADDR_DEC_149
S_DEC_0300,Charan Rau,sibling,INST-030,Science Stream,2nd Year,2004-11-20,G_DEC_149,ADDR_DEC_149
S_DEC_0301,Yamini Mani,sibling,INST-031,General Arts,1st Year,2006-03-12,G_DEC_150,ADDR_DEC_150
S_DEC_0302,Shravya Mani,sibling,INST-031,Science Stream,2nd Year,2004-11-20,G_DEC_150,ADDR_DEC_150
S_DEC_0303,Kashvi Dave,sibling,INST-032,General Arts,1st Year,2006-03-12,G_DEC_151,ADDR_DEC_151
S_DEC_0304,Harinakshi Dave,sibling,INST-032,Science Stream,2nd Year,2004-11-20,G_DEC_151,ADDR_DEC_151
S_DEC_0305,Banjeet Issac,sibling,INST-033,General Arts,1st Year,2006-03-12,G_DEC_152,ADDR_DEC_152
S_DEC_0306,Chakradev Issac,sibling,INST-033,Science Stream,2nd Year,2004-11-20,G_DEC_152,ADDR_DEC_152
S_DEC_0307,Tanmayi Nath,sibling,INST-034,General Arts,1st Year,2006-03-12,G_DEC_153,ADDR_DEC_153
S_DEC_0308,Manthan Nath,sibling,INST-034,Science Stream,2nd Year,2004-11-20,G_DEC_153,ADDR_DEC_153
S_DEC_0309,Chandani Nagar,sibling,INST-035,General Arts,1st Year,2006-03-12,G_DEC_154,ADDR_DEC_154
S_DEC_0310,Gayathri Nagar,sibling,INST-035,Science Stream,2nd Year,2004-11-20,G_DEC_154,ADDR_DEC_154
S_DEC_0311,Garima Soman,sibling,INST-036,General Arts,1st Year,2006-03-12,G_DEC_155,ADDR_DEC_155
S_DEC_0312,Imaran Soman,sibling,INST-036,Science Stream,2nd Year,2004-11-20,G_DEC_155,ADDR_DEC_155
S_DEC_0313,Vedant Bala,sibling,INST-037,General Arts,1st Year,2006-03-12,G_DEC_156,ADDR_DEC_156
S_DEC_0314,Charan Bala,sibling,INST-037,Science Stream,2nd Year,2004-11-20,G_DEC_156,ADDR_DEC_156
S_DEC_0315,Xavier Viswanathan,sibling,INST-038,General Arts,1st Year,2006-03-12,G_DEC_157,ADDR_DEC_157
S_DEC_0316,Azad Viswanathan,sibling,INST-038,Science Stream,2nd Year,2004-11-20,G_DEC_157,ADDR_DEC_157
S_DEC_0317,Omya Bahl,sibling,INST-039,General Arts,1st Year,2006-03-12,G_DEC_158,ADDR_DEC_158
S_DEC_0318,Max Bahl,sibling,INST-039,Science Stream,2nd Year,2004-11-20,G_DEC_158,ADDR_DEC_158
S_DEC_0319,Lakshit Roy,sibling,INST-040,General Arts,1st Year,2006-03-12,G_DEC_159,ADDR_DEC_159
S_DEC_0320,Zilmil Roy,sibling,INST-040,Science Stream,2nd Year,2004-11-20,G_DEC_159,ADDR_DEC_159
S_DEC_0321,Oscar Sridhar,sibling,INST-001,General Arts,1st Year,2006-03-12,G_DEC_160,ADDR_DEC_160
S_DEC_0322,Tripti Sridhar,sibling,INST-001,Science Stream,2nd Year,2004-11-20,G_DEC_160,ADDR_DEC_160
S_DEC_0323,Yatin Lalla,sibling,INST-002,General Arts,1st Year,2006-03-12,G_DEC_161,ADDR_DEC_161
S_DEC_0324,Arya Lalla,sibling,INST-002,Science Stream,2nd Year,2004-11-20,G_DEC_161,ADDR_DEC_161
S_DEC_0325,Vrinda Mishra,sibling,INST-003,General Arts,1st Year,2006-03-12,G_DEC_162,ADDR_DEC_162
S_DEC_0326,Edhitha Mishra,sibling,INST-003,Science Stream,2nd Year,2004-11-20,G_DEC_162,ADDR_DEC_162
S_DEC_0327,Ladli Mahal,sibling,INST-004,General Arts,1st Year,2006-03-12,G_DEC_163,ADDR_DEC_163
S_DEC_0328,Megha Mahal,sibling,INST-004,Science Stream,2nd Year,2004-11-20,G_DEC_163,ADDR_DEC_163
S_DEC_0329,Farhan Mannan,sibling,INST-005,General Arts,1st Year,2006-03-12,G_DEC_164,ADDR_DEC_164
S_DEC_0330,Hiral Mannan,sibling,INST-005,Science Stream,2nd Year,2004-11-20,G_DEC_164,ADDR_DEC_164
S_DEC_0331,Anika Srinivas,sibling,INST-006,General Arts,1st Year,2006-03-12,G_DEC_165,ADDR_DEC_165
S_DEC_0332,Anita Srinivas,sibling,INST-006,Science Stream,2nd Year,2004-11-20,G_DEC_165,ADDR_DEC_165
S_DEC_0333,Upkaar Khatri,sibling,INST-007,General Arts,1st Year,2006-03-12,G_DEC_166,ADDR_DEC_166
S_DEC_0334,Viraj Khatri,sibling,INST-007,Science Stream,2nd Year,2004-11-20,G_DEC_166,ADDR_DEC_166
S_DEC_0335,Harish Sachdev,sibling,INST-008,General Arts,1st Year,2006-03-12,G_DEC_167,ADDR_DEC_167
S_DEC_0336,Laksh Sachdev,sibling,INST-008,Science Stream,2nd Year,2004-11-20,G_DEC_167,ADDR_DEC_167
S_DEC_0337,Ryan Ray,sibling,INST-009,General Arts,1st Year,2006-03-12,G_DEC_168,ADDR_DEC_168
S_DEC_0338,Bhavna Ray,sibling,INST-009,Science Stream,2nd Year,2004-11-20,G_DEC_168,ADDR_DEC_168
S_DEC_0339,Vincent Bhargava,sibling,INST-010,General Arts,1st Year,2006-03-12,G_DEC_169,ADDR_DEC_169
S_DEC_0340,Baljiwan Bhargava,sibling,INST-010,Science Stream,2nd Year,2004-11-20,G_DEC_169,ADDR_DEC_169
S_DEC_0341,Warhi Goda,sibling,INST-011,General Arts,1st Year,2006-03-12,G_DEC_170,ADDR_DEC_170
S_DEC_0342,Quincy Goda,sibling,INST-011,Science Stream,2nd Year,2004-11-20,G_DEC_170,ADDR_DEC_170
S_DEC_0343,Hredhaan Andra,sibling,INST-012,General Arts,1st Year,2006-03-12,G_DEC_171,ADDR_DEC_171
S_DEC_0344,Gautami Andra,sibling,INST-012,Science Stream,2nd Year,2004-11-20,G_DEC_171,ADDR_DEC_171
S_DEC_0345,Yamini Viswanathan,sibling,INST-013,General Arts,1st Year,2006-03-12,G_DEC_172,ADDR_DEC_172
S_DEC_0346,Upadhriti Viswanathan,sibling,INST-013,Science Stream,2nd Year,2004-11-20,G_DEC_172,ADDR_DEC_172
S_DEC_0347,Tara Chowdhury,sibling,INST-014,General Arts,1st Year,2006-03-12,G_DEC_173,ADDR_DEC_173
S_DEC_0348,Aarini Chowdhury,sibling,INST-014,Science Stream,2nd Year,2004-11-20,G_DEC_173,ADDR_DEC_173
S_DEC_0349,Reyansh Nazareth,sibling,INST-015,General Arts,1st Year,2006-03-12,G_DEC_174,ADDR_DEC_174
S_DEC_0350,Parth Nazareth,sibling,INST-015,Science Stream,2nd Year,2004-11-20,G_DEC_174,ADDR_DEC_174
S_DEC_0351,Nandini Varma,sibling,INST-016,General Arts,1st Year,2006-03-12,G_DEC_175,ADDR_DEC_175
S_DEC_0352,Girish Varma,sibling,INST-016,Science Stream,2nd Year,2004-11-20,G_DEC_175,ADDR_DEC_175
S_DEC_0353,Abeer Sood,sibling,INST-017,General Arts,1st Year,2006-03-12,G_DEC_176,ADDR_DEC_176
S_DEC_0354,Advika Sood,sibling,INST-017,Science Stream,2nd Year,2004-11-20,G_DEC_176,ADDR_DEC_176
S_DEC_0355,Chasmum Sekhon,sibling,INST-018,General Arts,1st Year,2006-03-12,G_DEC_177,ADDR_DEC_177
S_DEC_0356,Advay Sekhon,sibling,INST-018,Science Stream,2nd Year,2004-11-20,G_DEC_177,ADDR_DEC_177
S_DEC_0357,Udyati Keer,sibling,INST-019,General Arts,1st Year,2006-03-12,G_DEC_178,ADDR_DEC_178
S_DEC_0358,Damyanti Keer,sibling,INST-019,Science Stream,2nd Year,2004-11-20,G_DEC_178,ADDR_DEC_178
S_DEC_0359,Chakrika Thakkar,sibling,INST-020,General Arts,1st Year,2006-03-12,G_DEC_179,ADDR_DEC_179
S_DEC_0360,Jhalak Thakkar,sibling,INST-020,Science Stream,2nd Year,2004-11-20,G_DEC_179,ADDR_DEC_179
S_DEC_0361,Suhani Deol,sibling,INST-021,General Arts,1st Year,2006-03-12,G_DEC_180,ADDR_DEC_180
S_DEC_0362,Kashvi Deol,sibling,INST-021,Science Stream,2nd Year,2004-11-20,G_DEC_180,ADDR_DEC_180
S_DEC_0363,Finn Yogi,sibling,INST-022,General Arts,1st Year,2006-03-12,G_DEC_181,ADDR_DEC_181
S_DEC_0364,Sanya Yogi,sibling,INST-022,Science Stream,2nd Year,2004-11-20,G_DEC_181,ADDR_DEC_181
S_DEC_0365,Yashasvi Choudhury,sibling,INST-023,General Arts,1st Year,2006-03-12,G_DEC_182,ADDR_DEC_182
S_DEC_0366,Samaksh Choudhury,sibling,INST-023,Science Stream,2nd Year,2004-11-20,G_DEC_182,ADDR_DEC_182
S_DEC_0367,Samesh Narang,sibling,INST-024,General Arts,1st Year,2006-03-12,G_DEC_183,ADDR_DEC_183
S_DEC_0368,Vrinda Narang,sibling,INST-024,Science Stream,2nd Year,2004-11-20,G_DEC_183,ADDR_DEC_183
S_DEC_0369,Yochana Bhakta,sibling,INST-025,General Arts,1st Year,2006-03-12,G_DEC_184,ADDR_DEC_184
S_DEC_0370,Ojasvi Bhakta,sibling,INST-025,Science Stream,2nd Year,2004-11-20,G_DEC_184,ADDR_DEC_184
S_DEC_0371,Meghana Shere,sibling,INST-026,General Arts,1st Year,2006-03-12,G_DEC_185,ADDR_DEC_185
S_DEC_0372,Aachal Shere,sibling,INST-026,Science Stream,2nd Year,2004-11-20,G_DEC_185,ADDR_DEC_185
S_DEC_0373,Hemangini Bora,sibling,INST-027,General Arts,1st Year,2006-03-12,G_DEC_186,ADDR_DEC_186
S_DEC_0374,Devansh Bora,sibling,INST-027,Science Stream,2nd Year,2004-11-20,G_DEC_186,ADDR_DEC_186
S_DEC_0375,Nilima Sodhi,sibling,INST-028,General Arts,1st Year,2006-03-12,G_DEC_187,ADDR_DEC_187
S_DEC_0376,Pranit Sodhi,sibling,INST-028,Science Stream,2nd Year,2004-11-20,G_DEC_187,ADDR_DEC_187
S_DEC_0377,Krishna Prasad,sibling,INST-029,General Arts,1st Year,2006-03-12,G_DEC_188,ADDR_DEC_188
S_DEC_0378,Keya Prasad,sibling,INST-029,Science Stream,2nd Year,2004-11-20,G_DEC_188,ADDR_DEC_188
S_DEC_0379,Maya Pall,sibling,INST-030,General Arts,1st Year,2006-03-12,G_DEC_189,ADDR_DEC_189
S_DEC_0380,Joshua Pall,sibling,INST-030,Science Stream,2nd Year,2004-11-20,G_DEC_189,ADDR_DEC_189
S_DEC_0381,Panini Bajaj,sibling,INST-031,General Arts,1st Year,2006-03-12,G_DEC_190,ADDR_DEC_190
S_DEC_0382,Ladli Bajaj,sibling,INST-031,Science Stream,2nd Year,2004-11-20,G_DEC_190,ADDR_DEC_190
S_DEC_0383,Anya Sharma,sibling,INST-032,General Arts,1st Year,2006-03-12,G_DEC_191,ADDR_DEC_191
S_DEC_0384,Ranbir Sharma,sibling,INST-032,Science Stream,2nd Year,2004-11-20,G_DEC_191,ADDR_DEC_191
S_DEC_0385,Samuel Saini,sibling,INST-033,General Arts,1st Year,2006-03-12,G_DEC_192,ADDR_DEC_192
S_DEC_0386,Ekalinga Saini,sibling,INST-033,Science Stream,2nd Year,2004-11-20,G_DEC_192,ADDR_DEC_192
S_DEC_0387,Chaitanya Sekhon,sibling,INST-034,General Arts,1st Year,2006-03-12,G_DEC_193,ADDR_DEC_193
S_DEC_0388,Neelima Sekhon,sibling,INST-034,Science Stream,2nd Year,2004-11-20,G_DEC_193,ADDR_DEC_193
S_DEC_0389,Logan Zacharia,sibling,INST-035,General Arts,1st Year,2006-03-12,G_DEC_194,ADDR_DEC_194
S_DEC_0390,Yahvi Zacharia,sibling,INST-035,Science Stream,2nd Year,2004-11-20,G_DEC_194,ADDR_DEC_194
S_DEC_0391,Chasmum Nagar,sibling,INST-036,General Arts,1st Year,2006-03-12,G_DEC_195,ADDR_DEC_195
S_DEC_0392,Luke Nagar,sibling,INST-036,Science Stream,2nd Year,2004-11-20,G_DEC_195,ADDR_DEC_195
S_DEC_0393,Parth Mital,sibling,INST-037,General Arts,1st Year,2006-03-12,G_DEC_196,ADDR_DEC_196
S_DEC_0394,Prisha Mital,sibling,INST-037,Science Stream,2nd Year,2004-11-20,G_DEC_196,ADDR_DEC_196
S_DEC_0395,Eiravati Padmanabhan,sibling,INST-038,General Arts,1st Year,2006-03-12,G_DEC_197,ADDR_DEC_197
S_DEC_0396,Omaja Padmanabhan,sibling,INST-038,Science Stream,2nd Year,2004-11-20,G_DEC_197,ADDR_DEC_197
S_DEC_0397,Urvashi Mital,sibling,INST-039,General Arts,1st Year,2006-03-12,G_DEC_198,ADDR_DEC_198
S_DEC_0398,Wridesh Mital,sibling,INST-039,Science Stream,2nd Year,2004-11-20,G_DEC_198,ADDR_DEC_198
S_DEC_0399,Nitara Dhawan,sibling,INST-040,General Arts,1st Year,2006-03-12,G_DEC_199,ADDR_DEC_199
S_DEC_0400,Omaja Dhawan,sibling,INST-040,Science Stream,2nd Year,2004-11-20,G_DEC_199,ADDR_DEC_199
S_DEC_0401,Ganga Kibe,sibling,INST-001,General Arts,1st Year,2006-03-12,G_DEC_200,ADDR_DEC_200
S_DEC_0402,Farhan Kibe,sibling,INST-001,Science Stream,2nd Year,2004-11-20,G_DEC_200,ADDR_DEC_200
S_DEC_0403,Amrita Chanda,sibling,INST-002,General Arts,1st Year,2006-03-12,G_DEC_201,ADDR_DEC_201
S_DEC_0404,Krishna Chanda,sibling,INST-002,Science Stream,2nd Year,2004-11-20,G_DEC_201,ADDR_DEC_201
S_DEC_0405,Sathvik Guha,sibling,INST-003,General Arts,1st Year,2006-03-12,G_DEC_202,ADDR_DEC_202
S_DEC_0406,Gaurangi Guha,sibling,INST-003,Science Stream,2nd Year,2004-11-20,G_DEC_202,ADDR_DEC_202
S_DEC_0407,Varenya Kakar,sibling,INST-004,General Arts,1st Year,2006-03-12,G_DEC_203,ADDR_DEC_203
S_DEC_0408,Xavier Kakar,sibling,INST-004,Science Stream,2nd Year,2004-11-20,G_DEC_203,ADDR_DEC_203
S_DEC_0409,Lajita Khatri,sibling,INST-005,General Arts,1st Year,2006-03-12,G_DEC_204,ADDR_DEC_204
S_DEC_0410,Unnati Khatri,sibling,INST-005,Science Stream,2nd Year,2004-11-20,G_DEC_204,ADDR_DEC_204
S_DEC_0411,Widisha Lal,sibling,INST-006,General Arts,1st Year,2006-03-12,G_DEC_205,ADDR_DEC_205
S_DEC_0412,Unnati Lal,sibling,INST-006,Science Stream,2nd Year,2004-11-20,G_DEC_205,ADDR_DEC_205
S_DEC_0413,Dhriti Nagarajan,sibling,INST-007,General Arts,1st Year,2006-03-12,G_DEC_206,ADDR_DEC_206
S_DEC_0414,Odika Nagarajan,sibling,INST-007,Science Stream,2nd Year,2004-11-20,G_DEC_206,ADDR_DEC_206
S_DEC_0415,Omisha Dhingra,sibling,INST-008,General Arts,1st Year,2006-03-12,G_DEC_207,ADDR_DEC_207
S_DEC_0416,Chakrika Dhingra,sibling,INST-008,Science Stream,2nd Year,2004-11-20,G_DEC_207,ADDR_DEC_207
S_DEC_0417,Yatan Narayan,sibling,INST-009,General Arts,1st Year,2006-03-12,G_DEC_208,ADDR_DEC_208
S_DEC_0418,Xalak Narayan,sibling,INST-009,Science Stream,2nd Year,2004-11-20,G_DEC_208,ADDR_DEC_208
S_DEC_0419,Om Suresh,sibling,INST-010,General Arts,1st Year,2006-03-12,G_DEC_209,ADDR_DEC_209
S_DEC_0420,Indira Suresh,sibling,INST-010,Science Stream,2nd Year,2004-11-20,G_DEC_209,ADDR_DEC_209
S_DEC_0421,Daniel Suresh,sibling,INST-011,General Arts,1st Year,2006-03-12,G_DEC_210,ADDR_DEC_210
S_DEC_0422,Bahadurjit Suresh,sibling,INST-011,Science Stream,2nd Year,2004-11-20,G_DEC_210,ADDR_DEC_210
S_DEC_0423,Vihaan Ahuja,sibling,INST-012,General Arts,1st Year,2006-03-12,G_DEC_211,ADDR_DEC_211
S_DEC_0424,Ekansh Ahuja,sibling,INST-012,Science Stream,2nd Year,2004-11-20,G_DEC_211,ADDR_DEC_211
S_DEC_0425,Darpan Kamdar,sibling,INST-013,General Arts,1st Year,2006-03-12,G_DEC_212,ADDR_DEC_212
S_DEC_0426,Vasudha Kamdar,sibling,INST-013,Science Stream,2nd Year,2004-11-20,G_DEC_212,ADDR_DEC_212
S_DEC_0427,Anay Ahuja,sibling,INST-014,General Arts,1st Year,2006-03-12,G_DEC_213,ADDR_DEC_213
S_DEC_0428,Anvi Ahuja,sibling,INST-014,Science Stream,2nd Year,2004-11-20,G_DEC_213,ADDR_DEC_213
S_DEC_0429,Hredhaan Thakkar,sibling,INST-015,General Arts,1st Year,2006-03-12,G_DEC_214,ADDR_DEC_214
S_DEC_0430,Gopal Thakkar,sibling,INST-015,Science Stream,2nd Year,2004-11-20,G_DEC_214,ADDR_DEC_214
S_DEC_0431,Amara Handa,sibling,INST-016,General Arts,1st Year,2006-03-12,G_DEC_215,ADDR_DEC_215
S_DEC_0432,Mekhala Handa,sibling,INST-016,Science Stream,2nd Year,2004-11-20,G_DEC_215,ADDR_DEC_215
S_DEC_0433,Yagnesh Ravi,sibling,INST-017,General Arts,1st Year,2006-03-12,G_DEC_216,ADDR_DEC_216
S_DEC_0434,Upkaar Ravi,sibling,INST-017,Science Stream,2nd Year,2004-11-20,G_DEC_216,ADDR_DEC_216
S_DEC_0435,Ladli Balay,sibling,INST-018,General Arts,1st Year,2006-03-12,G_DEC_217,ADDR_DEC_217
S_DEC_0436,Krishna Balay,sibling,INST-018,Science Stream,2nd Year,2004-11-20,G_DEC_217,ADDR_DEC_217
S_DEC_0437,Xalak Andra,sibling,INST-019,General Arts,1st Year,2006-03-12,G_DEC_218,ADDR_DEC_218
S_DEC_0438,Radha Andra,sibling,INST-019,Science Stream,2nd Year,2004-11-20,G_DEC_218,ADDR_DEC_218
S_DEC_0439,Siddharth Wable,sibling,INST-020,General Arts,1st Year,2006-03-12,G_DEC_219,ADDR_DEC_219
S_DEC_0440,Vaishnavi Wable,sibling,INST-020,Science Stream,2nd Year,2004-11-20,G_DEC_219,ADDR_DEC_219
S_DEC_0441,Bachittar Borde,sibling,INST-021,General Arts,1st Year,2006-03-12,G_DEC_220,ADDR_DEC_220
S_DEC_0442,Praneel Borde,sibling,INST-021,Science Stream,2nd Year,2004-11-20,G_DEC_220,ADDR_DEC_220
S_DEC_0443,Faraj Johal,sibling,INST-022,General Arts,1st Year,2006-03-12,G_DEC_221,ADDR_DEC_221
S_DEC_0444,Chandani Johal,sibling,INST-022,Science Stream,2nd Year,2004-11-20,G_DEC_221,ADDR_DEC_221
S_DEC_0445,Logan Ramachandran,sibling,INST-023,General Arts,1st Year,2006-03-12,G_DEC_222,ADDR_DEC_222
S_DEC_0446,Farhan Ramachandran,sibling,INST-023,Science Stream,2nd Year,2004-11-20,G_DEC_222,ADDR_DEC_222
S_DEC_0447,Faqid Chaudhari,sibling,INST-024,General Arts,1st Year,2006-03-12,G_DEC_223,ADDR_DEC_223
S_DEC_0448,Harini Chaudhari,sibling,INST-024,Science Stream,2nd Year,2004-11-20,G_DEC_223,ADDR_DEC_223
S_DEC_0449,Vritti Balan,sibling,INST-025,General Arts,1st Year,2006-03-12,G_DEC_224,ADDR_DEC_224
S_DEC_0450,Vedant Balan,sibling,INST-025,Science Stream,2nd Year,2004-11-20,G_DEC_224,ADDR_DEC_224
S_DEC_0451,Lajita Sankaran,sibling,INST-026,General Arts,1st Year,2006-03-12,G_DEC_225,ADDR_DEC_225
S_DEC_0452,Frederick Sankaran,sibling,INST-026,Science Stream,2nd Year,2004-11-20,G_DEC_225,ADDR_DEC_225
S_DEC_0453,Mitesh Borah,sibling,INST-027,General Arts,1st Year,2006-03-12,G_DEC_226,ADDR_DEC_226
S_DEC_0454,Lajita Borah,sibling,INST-027,Science Stream,2nd Year,2004-11-20,G_DEC_226,ADDR_DEC_226
S_DEC_0455,Gavin Nadig,sibling,INST-028,General Arts,1st Year,2006-03-12,G_DEC_227,ADDR_DEC_227
S_DEC_0456,Abdul Nadig,sibling,INST-028,Science Stream,2nd Year,2004-11-20,G_DEC_227,ADDR_DEC_227
S_DEC_0457,Kevin Parsa,sibling,INST-029,General Arts,1st Year,2006-03-12,G_DEC_228,ADDR_DEC_228
S_DEC_0458,Gagan Parsa,sibling,INST-029,Science Stream,2nd Year,2004-11-20,G_DEC_228,ADDR_DEC_228
S_DEC_0459,Atharv Sen,sibling,INST-030,General Arts,1st Year,2006-03-12,G_DEC_229,ADDR_DEC_229
S_DEC_0460,Gaurav Sen,sibling,INST-030,Science Stream,2nd Year,2004-11-20,G_DEC_229,ADDR_DEC_229
S_DEC_0461,Bishakha Nair,sibling,INST-031,General Arts,1st Year,2006-03-12,G_DEC_230,ADDR_DEC_230
S_DEC_0462,Odika Nair,sibling,INST-031,Science Stream,2nd Year,2004-11-20,G_DEC_230,ADDR_DEC_230
S_DEC_0463,Omkaar Kibe,sibling,INST-032,General Arts,1st Year,2006-03-12,G_DEC_231,ADDR_DEC_231
S_DEC_0464,Liam Kibe,sibling,INST-032,Science Stream,2nd Year,2004-11-20,G_DEC_231,ADDR_DEC_231
S_DEC_0465,Dev Loyal,sibling,INST-033,General Arts,1st Year,2006-03-12,G_DEC_232,ADDR_DEC_232
S_DEC_0466,Oliver Loyal,sibling,INST-033,Science Stream,2nd Year,2004-11-20,G_DEC_232,ADDR_DEC_232
S_DEC_0467,Faraj Sama,sibling,INST-034,General Arts,1st Year,2006-03-12,G_DEC_233,ADDR_DEC_233
S_DEC_0468,Jalsa Sama,sibling,INST-034,Science Stream,2nd Year,2004-11-20,G_DEC_233,ADDR_DEC_233
S_DEC_0469,Hredhaan Tandon,sibling,INST-035,General Arts,1st Year,2006-03-12,G_DEC_234,ADDR_DEC_234
S_DEC_0470,Krishna Tandon,sibling,INST-035,Science Stream,2nd Year,2004-11-20,G_DEC_234,ADDR_DEC_234
S_DEC_0471,Lajita Randhawa,sibling,INST-036,General Arts,1st Year,2006-03-12,G_DEC_235,ADDR_DEC_235
S_DEC_0472,Forum Randhawa,sibling,INST-036,Science Stream,2nd Year,2004-11-20,G_DEC_235,ADDR_DEC_235
S_DEC_0473,Ekani Sani,sibling,INST-037,General Arts,1st Year,2006-03-12,G_DEC_236,ADDR_DEC_236
S_DEC_0474,Sai Sani,sibling,INST-037,Science Stream,2nd Year,2004-11-20,G_DEC_236,ADDR_DEC_236
S_DEC_0475,Bishakha Goel,sibling,INST-038,General Arts,1st Year,2006-03-12,G_DEC_237,ADDR_DEC_237
S_DEC_0476,Vritti Goel,sibling,INST-038,Science Stream,2nd Year,2004-11-20,G_DEC_237,ADDR_DEC_237
S_DEC_0477,Janya Puri,sibling,INST-039,General Arts,1st Year,2006-03-12,G_DEC_238,ADDR_DEC_238
S_DEC_0478,Ishaan Puri,sibling,INST-039,Science Stream,2nd Year,2004-11-20,G_DEC_238,ADDR_DEC_238
S_DEC_0479,Raksha Bala,sibling,INST-040,General Arts,1st Year,2006-03-12,G_DEC_239,ADDR_DEC_239
S_DEC_0480,Bishakha Bala,sibling,INST-040,Science Stream,2nd Year,2004-11-20,G_DEC_239,ADDR_DEC_239
S_DEC_0481,Wyatt Tata,sibling,INST-001,General Arts,1st Year,2006-03-12,G_DEC_240,ADDR_DEC_240
S_DEC_0482,Zayyan Tata,sibling,INST-001,Science Stream,2nd Year,2004-11-20,G_DEC_240,ADDR_DEC_240
S_DEC_0483,Varenya Purohit,sibling,INST-002,General Arts,1st Year,2006-03-12,G_DEC_241,ADDR_DEC_241
S_DEC_0484,Nandini Purohit,sibling,INST-002,Science Stream,2nd Year,2004-11-20,G_DEC_241,ADDR_DEC_241
S_DEC_0485,Yuvraj Parsa,sibling,INST-003,General Arts,1st Year,2006-03-12,G_DEC_242,ADDR_DEC_242
S_DEC_0486,Isha Parsa,sibling,INST-003,Science Stream,2nd Year,2004-11-20,G_DEC_242,ADDR_DEC_242
S_DEC_0487,Hitesh Ratta,sibling,INST-004,General Arts,1st Year,2006-03-12,G_DEC_243,ADDR_DEC_243
S_DEC_0488,Advaith Ratta,sibling,INST-004,Science Stream,2nd Year,2004-11-20,G_DEC_243,ADDR_DEC_243
S_DEC_0489,Kavya Kapadia,sibling,INST-005,General Arts,1st Year,2006-03-12,G_DEC_244,ADDR_DEC_244
S_DEC_0490,Mahika Kapadia,sibling,INST-005,Science Stream,2nd Year,2004-11-20,G_DEC_244,ADDR_DEC_244
S_DEC_0491,Vasudha Dora,sibling,INST-006,General Arts,1st Year,2006-03-12,G_DEC_245,ADDR_DEC_245
S_DEC_0492,Henry Dora,sibling,INST-006,Science Stream,2nd Year,2004-11-20,G_DEC_245,ADDR_DEC_245
S_DEC_0493,Ijaya Chada,sibling,INST-007,General Arts,1st Year,2006-03-12,G_DEC_246,ADDR_DEC_246
S_DEC_0494,Devika Chada,sibling,INST-007,Science Stream,2nd Year,2004-11-20,G_DEC_246,ADDR_DEC_246
S_DEC_0495,Vamakshi Jhaveri,sibling,INST-008,General Arts,1st Year,2006-03-12,G_DEC_247,ADDR_DEC_247
S_DEC_0496,Gunbir Jhaveri,sibling,INST-008,Science Stream,2nd Year,2004-11-20,G_DEC_247,ADDR_DEC_247
S_DEC_0497,Chaitanya Nagar,sibling,INST-009,General Arts,1st Year,2006-03-12,G_DEC_248,ADDR_DEC_248
S_DEC_0498,Ishwar Nagar,sibling,INST-009,Science Stream,2nd Year,2004-11-20,G_DEC_248,ADDR_DEC_248
S_DEC_0499,Zaitra Chopra,sibling,INST-010,General Arts,1st Year,2006-03-12,G_DEC_249,ADDR_DEC_249
S_DEC_0500,Owen Chopra,sibling,INST-010,Science Stream,2nd Year,2004-11-20,G_DEC_249,ADDR_DEC_249
S_DEC_0501,Nidhi Sandhu,sibling,INST-011,General Arts,1st Year,2006-03-12,G_DEC_250,ADDR_DEC_250
S_DEC_0502,Qarin Sandhu,sibling,INST-011,Science Stream,2nd Year,2004-11-20,G_DEC_250,ADDR_DEC_250
S_DEC_0503,Rudra Randhawa,sibling,INST-012,General Arts,1st Year,2006-03-12,G_DEC_251,ADDR_DEC_251
S_DEC_0504,Shivani Randhawa,sibling,INST-012,Science Stream,2nd Year,2004-11-20,G_DEC_251,ADDR_DEC_251
S_DEC_0505,Arya Agrawal,sibling,INST-013,General Arts,1st Year,2006-03-12,G_DEC_252,ADDR_DEC_252
S_DEC_0506,Dev Agrawal,sibling,INST-013,Science Stream,2nd Year,2004-11-20,G_DEC_252,ADDR_DEC_252
S_DEC_0507,Tanvi Pau,sibling,INST-014,General Arts,1st Year,2006-03-12,G_DEC_253,ADDR_DEC_253
S_DEC_0508,Ishaan Pau,sibling,INST-014,Science Stream,2nd Year,2004-11-20,G_DEC_253,ADDR_DEC_253
S_DEC_0509,Lipika Wable,sibling,INST-015,General Arts,1st Year,2006-03-12,G_DEC_254,ADDR_DEC_254
S_DEC_0510,Manya Wable,sibling,INST-015,Science Stream,2nd Year,2004-11-20,G_DEC_254,ADDR_DEC_254
S_DEC_0511,Orinder Pandey,sibling,INST-016,General Arts,1st Year,2006-03-12,G_DEC_255,ADDR_DEC_255
S_DEC_0512,Chameli Pandey,sibling,INST-016,Science Stream,2nd Year,2004-11-20,G_DEC_255,ADDR_DEC_255
S_DEC_0513,Dalaja Munshi,sibling,INST-017,General Arts,1st Year,2006-03-12,G_DEC_256,ADDR_DEC_256
S_DEC_0514,Jackson Munshi,sibling,INST-017,Science Stream,2nd Year,2004-11-20,G_DEC_256,ADDR_DEC_256
S_DEC_0515,Lakshit Dhaliwal,sibling,INST-018,General Arts,1st Year,2006-03-12,G_DEC_257,ADDR_DEC_257
S_DEC_0516,Leela Dhaliwal,sibling,INST-018,Science Stream,2nd Year,2004-11-20,G_DEC_257,ADDR_DEC_257
S_DEC_0517,Ojas Sur,sibling,INST-019,General Arts,1st Year,2006-03-12,G_DEC_258,ADDR_DEC_258
S_DEC_0518,Vrishti Sur,sibling,INST-019,Science Stream,2nd Year,2004-11-20,G_DEC_258,ADDR_DEC_258
S_DEC_0519,Chatresh Grover,sibling,INST-020,General Arts,1st Year,2006-03-12,G_DEC_259,ADDR_DEC_259
S_DEC_0520,Jagrati Grover,sibling,INST-020,Science Stream,2nd Year,2004-11-20,G_DEC_259,ADDR_DEC_259
S_DEC_0521,Yashasvi Deshpande,sibling,INST-021,General Arts,1st Year,2006-03-12,G_DEC_260,ADDR_DEC_260
S_DEC_0522,Warda Deshpande,sibling,INST-021,Science Stream,2nd Year,2004-11-20,G_DEC_260,ADDR_DEC_260
S_DEC_0523,Oliver Sagar,sibling,INST-022,General Arts,1st Year,2006-03-12,G_DEC_261,ADDR_DEC_261
S_DEC_0524,Fitan Sagar,sibling,INST-022,Science Stream,2nd Year,2004-11-20,G_DEC_261,ADDR_DEC_261
S_DEC_0525,Umang Master,sibling,INST-023,General Arts,1st Year,2006-03-12,G_DEC_262,ADDR_DEC_262
S_DEC_0526,Bhavya Master,sibling,INST-023,Science Stream,2nd Year,2004-11-20,G_DEC_262,ADDR_DEC_262
S_DEC_0527,Ishaan Tandon,sibling,INST-024,General Arts,1st Year,2006-03-12,G_DEC_263,ADDR_DEC_263
S_DEC_0528,Amrita Tandon,sibling,INST-024,Science Stream,2nd Year,2004-11-20,G_DEC_263,ADDR_DEC_263
S_DEC_0529,Harsh Sastry,sibling,INST-025,General Arts,1st Year,2006-03-12,G_DEC_264,ADDR_DEC_264
S_DEC_0530,Yug Sastry,sibling,INST-025,Science Stream,2nd Year,2004-11-20,G_DEC_264,ADDR_DEC_264
S_DEC_0531,Gagan Sengupta,sibling,INST-026,General Arts,1st Year,2006-03-12,G_DEC_265,ADDR_DEC_265
S_DEC_0532,Reva Sengupta,sibling,INST-026,Science Stream,2nd Year,2004-11-20,G_DEC_265,ADDR_DEC_265
S_DEC_0533,Priya Kadakia,sibling,INST-027,General Arts,1st Year,2006-03-12,G_DEC_266,ADDR_DEC_266
S_DEC_0534,Noah Kadakia,sibling,INST-027,Science Stream,2nd Year,2004-11-20,G_DEC_266,ADDR_DEC_266
S_DEC_0535,Indali Jhaveri,sibling,INST-028,General Arts,1st Year,2006-03-12,G_DEC_267,ADDR_DEC_267
S_DEC_0536,Avni Jhaveri,sibling,INST-028,Science Stream,2nd Year,2004-11-20,G_DEC_267,ADDR_DEC_267
S_DEC_0537,Amara Master,sibling,INST-029,General Arts,1st Year,2006-03-12,G_DEC_268,ADDR_DEC_268
S_DEC_0538,Yoshita Master,sibling,INST-029,Science Stream,2nd Year,2004-11-20,G_DEC_268,ADDR_DEC_268
S_DEC_0539,Jonathan Sabharwal,sibling,INST-030,General Arts,1st Year,2006-03-12,G_DEC_269,ADDR_DEC_269
S_DEC_0540,Kevin Sabharwal,sibling,INST-030,Science Stream,2nd Year,2004-11-20,G_DEC_269,ADDR_DEC_269
S_DEC_0541,Vrishti Nagy,sibling,INST-031,General Arts,1st Year,2006-03-12,G_DEC_270,ADDR_DEC_270
S_DEC_0542,Lucky Nagy,sibling,INST-031,Science Stream,2nd Year,2004-11-20,G_DEC_270,ADDR_DEC_270
S_DEC_0543,Girik Prashad,sibling,INST-032,General Arts,1st Year,2006-03-12,G_DEC_271,ADDR_DEC_271
S_DEC_0544,Neha Prashad,sibling,INST-032,Science Stream,2nd Year,2004-11-20,G_DEC_271,ADDR_DEC_271
S_DEC_0545,Aarnav Sha,sibling,INST-033,General Arts,1st Year,2006-03-12,G_DEC_272,ADDR_DEC_272
S_DEC_0546,Girik Sha,sibling,INST-033,Science Stream,2nd Year,2004-11-20,G_DEC_272,ADDR_DEC_272
S_DEC_0547,Pushti Bhatnagar,sibling,INST-034,General Arts,1st Year,2006-03-12,G_DEC_273,ADDR_DEC_273
S_DEC_0548,Siddharth Bhatnagar,sibling,INST-034,Science Stream,2nd Year,2004-11-20,G_DEC_273,ADDR_DEC_273
S_DEC_0549,Kalpit Naidu,sibling,INST-035,General Arts,1st Year,2006-03-12,G_DEC_274,ADDR_DEC_274
S_DEC_0550,Vedhika Naidu,sibling,INST-035,Science Stream,2nd Year,2004-11-20,G_DEC_274,ADDR_DEC_274
S_DEC_0551,Amol Batra,sibling,INST-036,General Arts,1st Year,2006-03-12,G_DEC_275,ADDR_DEC_275
S_DEC_0552,Jeet Batra,sibling,INST-036,Science Stream,2nd Year,2004-11-20,G_DEC_275,ADDR_DEC_275
S_DEC_0553,Samaksh Shan,sibling,INST-037,General Arts,1st Year,2006-03-12,G_DEC_276,ADDR_DEC_276
S_DEC_0554,Kevin Shan,sibling,INST-037,Science Stream,2nd Year,2004-11-20,G_DEC_276,ADDR_DEC_276
S_DEC_0555,Zashil Mahal,sibling,INST-038,General Arts,1st Year,2006-03-12,G_DEC_277,ADDR_DEC_277
S_DEC_0556,Fitan Mahal,sibling,INST-038,Science Stream,2nd Year,2004-11-20,G_DEC_277,ADDR_DEC_277
S_DEC_0557,Vivaan Ben,sibling,INST-039,General Arts,1st Year,2006-03-12,G_DEC_278,ADDR_DEC_278
S_DEC_0558,Pushti Ben,sibling,INST-039,Science Stream,2nd Year,2004-11-20,G_DEC_278,ADDR_DEC_278
S_DEC_0559,Faras Agarwal,sibling,INST-040,General Arts,1st Year,2006-03-12,G_DEC_279,ADDR_DEC_279
S_DEC_0560,Kevin Agarwal,sibling,INST-040,Science Stream,2nd Year,2004-11-20,G_DEC_279,ADDR_DEC_279
S_DEC_0561,Jai Andra,sibling,INST-001,General Arts,1st Year,2006-03-12,G_DEC_280,ADDR_DEC_280
S_DEC_0562,Pahal Andra,sibling,INST-001,Science Stream,2nd Year,2004-11-20,G_DEC_280,ADDR_DEC_280
S_DEC_0563,Gaurav Bobal,sibling,INST-002,General Arts,1st Year,2006-03-12,G_DEC_281,ADDR_DEC_281
S_DEC_0564,Harsh Bobal,sibling,INST-002,Science Stream,2nd Year,2004-11-20,G_DEC_281,ADDR_DEC_281
S_DEC_0565,Lavanya Pillai,sibling,INST-003,General Arts,1st Year,2006-03-12,G_DEC_282,ADDR_DEC_282
S_DEC_0566,Kiaan Pillai,sibling,INST-003,Science Stream,2nd Year,2004-11-20,G_DEC_282,ADDR_DEC_282
S_DEC_0567,Nitesh Wali,sibling,INST-004,General Arts,1st Year,2006-03-12,G_DEC_283,ADDR_DEC_283
S_DEC_0568,Ria Wali,sibling,INST-004,Science Stream,2nd Year,2004-11-20,G_DEC_283,ADDR_DEC_283
S_DEC_0569,Saanvi Doshi,sibling,INST-005,General Arts,1st Year,2006-03-12,G_DEC_284,ADDR_DEC_284
S_DEC_0570,Teerth Doshi,sibling,INST-005,Science Stream,2nd Year,2004-11-20,G_DEC_284,ADDR_DEC_284
S_DEC_0571,Leena Dey,sibling,INST-006,General Arts,1st Year,2006-03-12,G_DEC_285,ADDR_DEC_285
S_DEC_0572,Indali Dey,sibling,INST-006,Science Stream,2nd Year,2004-11-20,G_DEC_285,ADDR_DEC_285
S_DEC_0573,Frado Dey,sibling,INST-007,General Arts,1st Year,2006-03-12,G_DEC_286,ADDR_DEC_286
S_DEC_0574,Yuvraj Dey,sibling,INST-007,Science Stream,2nd Year,2004-11-20,G_DEC_286,ADDR_DEC_286
S_DEC_0575,Yashodhara Mitra,sibling,INST-008,General Arts,1st Year,2006-03-12,G_DEC_287,ADDR_DEC_287
S_DEC_0576,Ranbir Mitra,sibling,INST-008,Science Stream,2nd Year,2004-11-20,G_DEC_287,ADDR_DEC_287
S_DEC_0577,Libni Bhagat,sibling,INST-009,General Arts,1st Year,2006-03-12,G_DEC_288,ADDR_DEC_288
S_DEC_0578,Isaiah Bhagat,sibling,INST-009,Science Stream,2nd Year,2004-11-20,G_DEC_288,ADDR_DEC_288
S_DEC_0579,Edhitha Bobal,sibling,INST-010,General Arts,1st Year,2006-03-12,G_DEC_289,ADDR_DEC_289
S_DEC_0580,Kevin Bobal,sibling,INST-010,Science Stream,2nd Year,2004-11-20,G_DEC_289,ADDR_DEC_289
S_DEC_0581,Elijah Pau,sibling,INST-011,General Arts,1st Year,2006-03-12,G_DEC_290,ADDR_DEC_290
S_DEC_0582,Anay Pau,sibling,INST-011,Science Stream,2nd Year,2004-11-20,G_DEC_290,ADDR_DEC_290
S_DEC_0583,Darpan Lala,sibling,INST-012,General Arts,1st Year,2006-03-12,G_DEC_291,ADDR_DEC_291
S_DEC_0584,Mitali Lala,sibling,INST-012,Science Stream,2nd Year,2004-11-20,G_DEC_291,ADDR_DEC_291
S_DEC_0585,Fitan Sagar,sibling,INST-013,General Arts,1st Year,2006-03-12,G_DEC_292,ADDR_DEC_292
S_DEC_0586,Michael Sagar,sibling,INST-013,Science Stream,2nd Year,2004-11-20,G_DEC_292,ADDR_DEC_292
S_DEC_0587,Samar Mukherjee,sibling,INST-014,General Arts,1st Year,2006-03-12,G_DEC_293,ADDR_DEC_293
S_DEC_0588,Nachiket Mukherjee,sibling,INST-014,Science Stream,2nd Year,2004-11-20,G_DEC_293,ADDR_DEC_293
S_DEC_0589,William Bhatti,sibling,INST-015,General Arts,1st Year,2006-03-12,G_DEC_294,ADDR_DEC_294
S_DEC_0590,Dalbir Bhatti,sibling,INST-015,Science Stream,2nd Year,2004-11-20,G_DEC_294,ADDR_DEC_294
S_DEC_0591,Christopher Saraf,sibling,INST-016,General Arts,1st Year,2006-03-12,G_DEC_295,ADDR_DEC_295
S_DEC_0592,Dayamai Saraf,sibling,INST-016,Science Stream,2nd Year,2004-11-20,G_DEC_295,ADDR_DEC_295
S_DEC_0593,Nihal Arora,sibling,INST-017,General Arts,1st Year,2006-03-12,G_DEC_296,ADDR_DEC_296
S_DEC_0594,Watika Arora,sibling,INST-017,Science Stream,2nd Year,2004-11-20,G_DEC_296,ADDR_DEC_296
S_DEC_0595,Amruta Ganesan,sibling,INST-018,General Arts,1st Year,2006-03-12,G_DEC_297,ADDR_DEC_297
S_DEC_0596,Jacob Ganesan,sibling,INST-018,Science Stream,2nd Year,2004-11-20,G_DEC_297,ADDR_DEC_297
S_DEC_0597,Devansh Sanghvi,sibling,INST-019,General Arts,1st Year,2006-03-12,G_DEC_298,ADDR_DEC_298
S_DEC_0598,Adya Sanghvi,sibling,INST-019,Science Stream,2nd Year,2004-11-20,G_DEC_298,ADDR_DEC_298
S_DEC_0599,Xalak Shah,sibling,INST-020,General Arts,1st Year,2006-03-12,G_DEC_299,ADDR_DEC_299
S_DEC_0600,Ojas Shah,sibling,INST-020,Science Stream,2nd Year,2004-11-20,G_DEC_299,ADDR_DEC_299
S_DEC_0601,Jack Kumer,sibling,INST-021,General Arts,1st Year,2006-03-12,G_DEC_300,ADDR_DEC_300
S_DEC_0602,Vedant Kumer,sibling,INST-021,Science Stream,2nd Year,2004-11-20,G_DEC_300,ADDR_DEC_300
S_DEC_0603,Urmi Arora,sibling,INST-022,General Arts,1st Year,2006-03-12,G_DEC_301,ADDR_DEC_301
S_DEC_0604,Januja Arora,sibling,INST-022,Science Stream,2nd Year,2004-11-20,G_DEC_301,ADDR_DEC_301
S_DEC_0605,Oni Gola,sibling,INST-023,General Arts,1st Year,2006-03-12,G_DEC_302,ADDR_DEC_302
S_DEC_0606,Udarsh Gola,sibling,INST-023,Science Stream,2nd Year,2004-11-20,G_DEC_302,ADDR_DEC_302
S_DEC_0607,Faras Saha,sibling,INST-024,General Arts,1st Year,2006-03-12,G_DEC_303,ADDR_DEC_303
S_DEC_0608,Kashish Saha,sibling,INST-024,Science Stream,2nd Year,2004-11-20,G_DEC_303,ADDR_DEC_303
S_DEC_0609,Zaitra Ben,sibling,INST-025,General Arts,1st Year,2006-03-12,G_DEC_304,ADDR_DEC_304
S_DEC_0610,Chakradhar Ben,sibling,INST-025,Science Stream,2nd Year,2004-11-20,G_DEC_304,ADDR_DEC_304
S_DEC_0611,Falak Shroff,sibling,INST-026,General Arts,1st Year,2006-03-12,G_DEC_305,ADDR_DEC_305
S_DEC_0612,Gabriel Shroff,sibling,INST-026,Science Stream,2nd Year,2004-11-20,G_DEC_305,ADDR_DEC_305
S_DEC_0613,Daksha Pillay,sibling,INST-027,General Arts,1st Year,2006-03-12,G_DEC_306,ADDR_DEC_306
S_DEC_0614,Xavier Pillay,sibling,INST-027,Science Stream,2nd Year,2004-11-20,G_DEC_306,ADDR_DEC_306
S_DEC_0615,Yatan Tak,sibling,INST-028,General Arts,1st Year,2006-03-12,G_DEC_307,ADDR_DEC_307
S_DEC_0616,Matthew Tak,sibling,INST-028,Science Stream,2nd Year,2004-11-20,G_DEC_307,ADDR_DEC_307
S_DEC_0617,Hiral Bajwa,sibling,INST-029,General Arts,1st Year,2006-03-12,G_DEC_308,ADDR_DEC_308
S_DEC_0618,Aditya Bajwa,sibling,INST-029,Science Stream,2nd Year,2004-11-20,G_DEC_308,ADDR_DEC_308
S_DEC_0619,Samesh Puri,sibling,INST-030,General Arts,1st Year,2006-03-12,G_DEC_309,ADDR_DEC_309
S_DEC_0620,Wazir Puri,sibling,INST-030,Science Stream,2nd Year,2004-11-20,G_DEC_309,ADDR_DEC_309
S_DEC_0621,Girik Bhasin,sibling,INST-031,General Arts,1st Year,2006-03-12,G_DEC_310,ADDR_DEC_310
S_DEC_0622,Caleb Bhasin,sibling,INST-031,Science Stream,2nd Year,2004-11-20,G_DEC_310,ADDR_DEC_310
S_DEC_0623,Girish Pradhan,sibling,INST-032,General Arts,1st Year,2006-03-12,G_DEC_311,ADDR_DEC_311
S_DEC_0624,Yashasvi Pradhan,sibling,INST-032,Science Stream,2nd Year,2004-11-20,G_DEC_311,ADDR_DEC_311
S_DEC_0625,Kalpit Borde,sibling,INST-033,General Arts,1st Year,2006-03-12,G_DEC_312,ADDR_DEC_312
S_DEC_0626,Warjas Borde,sibling,INST-033,Science Stream,2nd Year,2004-11-20,G_DEC_312,ADDR_DEC_312
S_DEC_0627,Eesha Murty,sibling,INST-034,General Arts,1st Year,2006-03-12,G_DEC_313,ADDR_DEC_313
S_DEC_0628,Sneha Murty,sibling,INST-034,Science Stream,2nd Year,2004-11-20,G_DEC_313,ADDR_DEC_313
S_DEC_0629,Ikbal Borde,sibling,INST-035,General Arts,1st Year,2006-03-12,G_DEC_314,ADDR_DEC_314
S_DEC_0630,Nachiket Borde,sibling,INST-035,Science Stream,2nd Year,2004-11-20,G_DEC_314,ADDR_DEC_314
S_DEC_0631,Niharika Sengupta,sibling,INST-036,General Arts,1st Year,2006-03-12,G_DEC_315,ADDR_DEC_315
S_DEC_0632,Jai Sengupta,sibling,INST-036,Science Stream,2nd Year,2004-11-20,G_DEC_315,ADDR_DEC_315
S_DEC_0633,Alka Seth,sibling,INST-037,General Arts,1st Year,2006-03-12,G_DEC_316,ADDR_DEC_316
S_DEC_0634,Jagdish Seth,sibling,INST-037,Science Stream,2nd Year,2004-11-20,G_DEC_316,ADDR_DEC_316
S_DEC_0635,Falak Modi,sibling,INST-038,General Arts,1st Year,2006-03-12,G_DEC_317,ADDR_DEC_317
S_DEC_0636,Manbir Modi,sibling,INST-038,Science Stream,2nd Year,2004-11-20,G_DEC_317,ADDR_DEC_317
S_DEC_0637,Chandran Parekh,sibling,INST-039,General Arts,1st Year,2006-03-12,G_DEC_318,ADDR_DEC_318
S_DEC_0638,Chandani Parekh,sibling,INST-039,Science Stream,2nd Year,2004-11-20,G_DEC_318,ADDR_DEC_318
S_DEC_0639,Zaid Balasubramanian,sibling,INST-040,General Arts,1st Year,2006-03-12,G_DEC_319,ADDR_DEC_319
S_DEC_0640,Girindra Balasubramanian,sibling,INST-040,Science Stream,2nd Year,2004-11-20,G_DEC_319,ADDR_DEC_319
S_DEC_0641,David Dey,sibling,INST-001,General Arts,1st Year,2006-03-12,G_DEC_320,ADDR_DEC_320
S_DEC_0642,Tristan Dey,sibling,INST-001,Science Stream,2nd Year,2004-11-20,G_DEC_320,ADDR_DEC_320
S_DEC_0643,Aashi Rattan,sibling,INST-002,General Arts,1st Year,2006-03-12,G_DEC_321,ADDR_DEC_321
S_DEC_0644,Falan Rattan,sibling,INST-002,Science Stream,2nd Year,2004-11-20,G_DEC_321,ADDR_DEC_321
S_DEC_0645,George Hora,sibling,INST-003,General Arts,1st Year,2006-03-12,G_DEC_322,ADDR_DEC_322
S_DEC_0646,Garima Hora,sibling,INST-003,Science Stream,2nd Year,2004-11-20,G_DEC_322,ADDR_DEC_322
S_DEC_0647,Rachita Shenoy,sibling,INST-004,General Arts,1st Year,2006-03-12,G_DEC_323,ADDR_DEC_323
S_DEC_0648,Megha Shenoy,sibling,INST-004,Science Stream,2nd Year,2004-11-20,G_DEC_323,ADDR_DEC_323
S_DEC_0649,Irya Raja,sibling,INST-005,General Arts,1st Year,2006-03-12,G_DEC_324,ADDR_DEC_324
S_DEC_0650,Tanish Raja,sibling,INST-005,Science Stream,2nd Year,2004-11-20,G_DEC_324,ADDR_DEC_324
S_DEC_0651,Bakhshi Mammen,sibling,INST-006,General Arts,1st Year,2006-03-12,G_DEC_325,ADDR_DEC_325
S_DEC_0652,Yatan Mammen,sibling,INST-006,Science Stream,2nd Year,2004-11-20,G_DEC_325,ADDR_DEC_325
S_DEC_0653,Gagan Sabharwal,sibling,INST-007,General Arts,1st Year,2006-03-12,G_DEC_326,ADDR_DEC_326
S_DEC_0654,Ati Sabharwal,sibling,INST-007,Science Stream,2nd Year,2004-11-20,G_DEC_326,ADDR_DEC_326
S_DEC_0655,Zaid Saini,sibling,INST-008,General Arts,1st Year,2006-03-12,G_DEC_327,ADDR_DEC_327
S_DEC_0656,Anirudh Saini,sibling,INST-008,Science Stream,2nd Year,2004-11-20,G_DEC_327,ADDR_DEC_327
S_DEC_0657,Yadavi Srinivasan,sibling,INST-009,General Arts,1st Year,2006-03-12,G_DEC_328,ADDR_DEC_328
S_DEC_0658,Ekanta Srinivasan,sibling,INST-009,Science Stream,2nd Year,2004-11-20,G_DEC_328,ADDR_DEC_328
S_DEC_0659,Theodore Gole,sibling,INST-010,General Arts,1st Year,2006-03-12,G_DEC_329,ADDR_DEC_329
S_DEC_0660,Ayushman Gole,sibling,INST-010,Science Stream,2nd Year,2004-11-20,G_DEC_329,ADDR_DEC_329
S_DEC_0661,Viraj Sodhi,sibling,INST-011,General Arts,1st Year,2006-03-12,G_DEC_330,ADDR_DEC_330
S_DEC_0662,Nathaniel Sodhi,sibling,INST-011,Science Stream,2nd Year,2004-11-20,G_DEC_330,ADDR_DEC_330
S_DEC_0663,Daksh Khosla,sibling,INST-012,General Arts,1st Year,2006-03-12,G_DEC_331,ADDR_DEC_331
S_DEC_0664,Theodore Khosla,sibling,INST-012,Science Stream,2nd Year,2004-11-20,G_DEC_331,ADDR_DEC_331
S_DEC_0665,Eesha Ghose,sibling,INST-013,General Arts,1st Year,2006-03-12,G_DEC_332,ADDR_DEC_332
S_DEC_0666,Jagrati Ghose,sibling,INST-013,Science Stream,2nd Year,2004-11-20,G_DEC_332,ADDR_DEC_332
S_DEC_0667,Dayamai Dhar,sibling,INST-014,General Arts,1st Year,2006-03-12,G_DEC_333,ADDR_DEC_333
S_DEC_0668,Parth Dhar,sibling,INST-014,Science Stream,2nd Year,2004-11-20,G_DEC_333,ADDR_DEC_333
S_DEC_0669,Theodore Chana,sibling,INST-015,General Arts,1st Year,2006-03-12,G_DEC_334,ADDR_DEC_334
S_DEC_0670,Anmol Chana,sibling,INST-015,Science Stream,2nd Year,2004-11-20,G_DEC_334,ADDR_DEC_334
S_DEC_0671,Harini Narula,sibling,INST-016,General Arts,1st Year,2006-03-12,G_DEC_335,ADDR_DEC_335
S_DEC_0672,Peter Narula,sibling,INST-016,Science Stream,2nd Year,2004-11-20,G_DEC_335,ADDR_DEC_335
S_DEC_0673,Lucky Bains,sibling,INST-017,General Arts,1st Year,2006-03-12,G_DEC_336,ADDR_DEC_336
S_DEC_0674,Indrajit Bains,sibling,INST-017,Science Stream,2nd Year,2004-11-20,G_DEC_336,ADDR_DEC_336
S_DEC_0675,Harrison Prakash,sibling,INST-018,General Arts,1st Year,2006-03-12,G_DEC_337,ADDR_DEC_337
S_DEC_0676,Gayathri Prakash,sibling,INST-018,Science Stream,2nd Year,2004-11-20,G_DEC_337,ADDR_DEC_337
S_DEC_0677,Vidhi Deshpande,sibling,INST-019,General Arts,1st Year,2006-03-12,G_DEC_338,ADDR_DEC_338
S_DEC_0678,Edhitha Deshpande,sibling,INST-019,Science Stream,2nd Year,2004-11-20,G_DEC_338,ADDR_DEC_338
S_DEC_0679,Damyanti Kapoor,sibling,INST-020,General Arts,1st Year,2006-03-12,G_DEC_339,ADDR_DEC_339
S_DEC_0680,Chaitaly Kapoor,sibling,INST-020,Science Stream,2nd Year,2004-11-20,G_DEC_339,ADDR_DEC_339
S_DEC_0681,Bachittar Agarwal,sibling,INST-021,General Arts,1st Year,2006-03-12,G_DEC_340,ADDR_DEC_340
S_DEC_0682,Qabil Agarwal,sibling,INST-021,Science Stream,2nd Year,2004-11-20,G_DEC_340,ADDR_DEC_340
S_DEC_0683,Garima Chawla,sibling,INST-022,General Arts,1st Year,2006-03-12,G_DEC_341,ADDR_DEC_341
S_DEC_0684,Faras Chawla,sibling,INST-022,Science Stream,2nd Year,2004-11-20,G_DEC_341,ADDR_DEC_341
S_DEC_0685,Gautami Nagarajan,sibling,INST-023,General Arts,1st Year,2006-03-12,G_DEC_342,ADDR_DEC_342
S_DEC_0686,Sanya Nagarajan,sibling,INST-023,Science Stream,2nd Year,2004-11-20,G_DEC_342,ADDR_DEC_342
S_DEC_0687,Inaya Kadakia,sibling,INST-024,General Arts,1st Year,2006-03-12,G_DEC_343,ADDR_DEC_343
S_DEC_0688,Aahana Kadakia,sibling,INST-024,Science Stream,2nd Year,2004-11-20,G_DEC_343,ADDR_DEC_343
S_DEC_0689,Oni Bava,sibling,INST-025,General Arts,1st Year,2006-03-12,G_DEC_344,ADDR_DEC_344
S_DEC_0690,Ojas Bava,sibling,INST-025,Science Stream,2nd Year,2004-11-20,G_DEC_344,ADDR_DEC_344
S_DEC_0691,Keya Radhakrishnan,sibling,INST-026,General Arts,1st Year,2006-03-12,G_DEC_345,ADDR_DEC_345
S_DEC_0692,Harrison Radhakrishnan,sibling,INST-026,Science Stream,2nd Year,2004-11-20,G_DEC_345,ADDR_DEC_345
S_DEC_0693,Bahadurjit Gaba,sibling,INST-027,General Arts,1st Year,2006-03-12,G_DEC_346,ADDR_DEC_346
S_DEC_0694,Chaitaly Gaba,sibling,INST-027,Science Stream,2nd Year,2004-11-20,G_DEC_346,ADDR_DEC_346
S_DEC_0695,Hema Lal,sibling,INST-028,General Arts,1st Year,2006-03-12,G_DEC_347,ADDR_DEC_347
S_DEC_0696,Onkar Lal,sibling,INST-028,Science Stream,2nd Year,2004-11-20,G_DEC_347,ADDR_DEC_347
S_DEC_0697,Vasudha Borde,sibling,INST-029,General Arts,1st Year,2006-03-12,G_DEC_348,ADDR_DEC_348
S_DEC_0698,Azaan Borde,sibling,INST-029,Science Stream,2nd Year,2004-11-20,G_DEC_348,ADDR_DEC_348
S_DEC_0699,Harrison Saraf,sibling,INST-030,General Arts,1st Year,2006-03-12,G_DEC_349,ADDR_DEC_349
S_DEC_0700,Garima Saraf,sibling,INST-030,Science Stream,2nd Year,2004-11-20,G_DEC_349,ADDR_DEC_349
S_DEC_0701,Chameli Rout,sibling,INST-031,General Arts,1st Year,2006-03-12,G_DEC_350,ADDR_DEC_350
S_DEC_0702,Wazir Rout,sibling,INST-031,Science Stream,2nd Year,2004-11-20,G_DEC_350,ADDR_DEC_350
S_DEC_0703,Chatura Ramaswamy,sibling,INST-032,General Arts,1st Year,2006-03-12,G_DEC_351,ADDR_DEC_351
S_DEC_0704,Jalsa Ramaswamy,sibling,INST-032,Science Stream,2nd Year,2004-11-20,G_DEC_351,ADDR_DEC_351
S_DEC_0705,Varsha Chahal,sibling,INST-033,General Arts,1st Year,2006-03-12,G_DEC_352,ADDR_DEC_352
S_DEC_0706,Ryan Chahal,sibling,INST-033,Science Stream,2nd Year,2004-11-20,G_DEC_352,ADDR_DEC_352
S_DEC_0707,Finn Jhaveri,sibling,INST-034,General Arts,1st Year,2006-03-12,G_DEC_353,ADDR_DEC_353
S_DEC_0708,Urvashi Jhaveri,sibling,INST-034,Science Stream,2nd Year,2004-11-20,G_DEC_353,ADDR_DEC_353
S_DEC_0709,Alka Rao,sibling,INST-035,General Arts,1st Year,2006-03-12,G_DEC_354,ADDR_DEC_354
S_DEC_0710,Gavin Rao,sibling,INST-035,Science Stream,2nd Year,2004-11-20,G_DEC_354,ADDR_DEC_354
S_DEC_0711,Rachit Prabhakar,sibling,INST-036,General Arts,1st Year,2006-03-12,G_DEC_355,ADDR_DEC_355
S_DEC_0712,Sanaya Prabhakar,sibling,INST-036,Science Stream,2nd Year,2004-11-20,G_DEC_355,ADDR_DEC_355
S_DEC_0713,Upkaar Sarraf,sibling,INST-037,General Arts,1st Year,2006-03-12,G_DEC_356,ADDR_DEC_356
S_DEC_0714,Amruta Sarraf,sibling,INST-037,Science Stream,2nd Year,2004-11-20,G_DEC_356,ADDR_DEC_356
S_DEC_0715,Odika Chatterjee,sibling,INST-038,General Arts,1st Year,2006-03-12,G_DEC_357,ADDR_DEC_357
S_DEC_0716,Utkarsh Chatterjee,sibling,INST-038,Science Stream,2nd Year,2004-11-20,G_DEC_357,ADDR_DEC_357
S_DEC_0717,Vaishnavi Virk,sibling,INST-039,General Arts,1st Year,2006-03-12,G_DEC_358,ADDR_DEC_358
S_DEC_0718,Warinder Virk,sibling,INST-039,Science Stream,2nd Year,2004-11-20,G_DEC_358,ADDR_DEC_358
S_DEC_0719,Yadavi Brar,sibling,INST-040,General Arts,1st Year,2006-03-12,G_DEC_359,ADDR_DEC_359
S_DEC_0720,Zansi Brar,sibling,INST-040,Science Stream,2nd Year,2004-11-20,G_DEC_359,ADDR_DEC_359
S_DEC_0721,Siddharth Sen,sibling,INST-001,General Arts,1st Year,2006-03-12,G_DEC_360,ADDR_DEC_360
S_DEC_0722,Reyansh Sen,sibling,INST-001,Science Stream,2nd Year,2004-11-20,G_DEC_360,ADDR_DEC_360
S_DEC_0723,Saksham Sampath,sibling,INST-002,General Arts,1st Year,2006-03-12,G_DEC_361,ADDR_DEC_361
S_DEC_0724,Manbir Sampath,sibling,INST-002,Science Stream,2nd Year,2004-11-20,G_DEC_361,ADDR_DEC_361
S_DEC_0725,Mekhala Bhavsar,sibling,INST-003,General Arts,1st Year,2006-03-12,G_DEC_362,ADDR_DEC_362
S_DEC_0726,Eshana Bhavsar,sibling,INST-003,Science Stream,2nd Year,2004-11-20,G_DEC_362,ADDR_DEC_362
S_DEC_0727,Oeshi Arora,sibling,INST-004,General Arts,1st Year,2006-03-12,G_DEC_363,ADDR_DEC_363
S_DEC_0728,Mason Arora,sibling,INST-004,Science Stream,2nd Year,2004-11-20,G_DEC_363,ADDR_DEC_363
S_DEC_0729,Hemangini Cherian,sibling,INST-005,General Arts,1st Year,2006-03-12,G_DEC_364,ADDR_DEC_364
S_DEC_0730,Nirja Cherian,sibling,INST-005,Science Stream,2nd Year,2004-11-20,G_DEC_364,ADDR_DEC_364
S_DEC_0731,Orinder Sunder,sibling,INST-006,General Arts,1st Year,2006-03-12,G_DEC_365,ADDR_DEC_365
S_DEC_0732,Anya Sunder,sibling,INST-006,Science Stream,2nd Year,2004-11-20,G_DEC_365,ADDR_DEC_365
S_DEC_0733,Garima Ratti,sibling,INST-007,General Arts,1st Year,2006-03-12,G_DEC_366,ADDR_DEC_366
S_DEC_0734,Wazir Ratti,sibling,INST-007,Science Stream,2nd Year,2004-11-20,G_DEC_366,ADDR_DEC_366
S_DEC_0735,Geetika Luthra,sibling,INST-008,General Arts,1st Year,2006-03-12,G_DEC_367,ADDR_DEC_367
S_DEC_0736,Chavvi Luthra,sibling,INST-008,Science Stream,2nd Year,2004-11-20,G_DEC_367,ADDR_DEC_367
S_DEC_0737,Krish Swamy,sibling,INST-009,General Arts,1st Year,2006-03-12,G_DEC_368,ADDR_DEC_368
S_DEC_0738,Charita Swamy,sibling,INST-009,Science Stream,2nd Year,2004-11-20,G_DEC_368,ADDR_DEC_368
S_DEC_0739,Gaurav Luthra,sibling,INST-010,General Arts,1st Year,2006-03-12,G_DEC_369,ADDR_DEC_369
S_DEC_0740,Raghav Luthra,sibling,INST-010,Science Stream,2nd Year,2004-11-20,G_DEC_369,ADDR_DEC_369
S_DEC_0741,Kashvi Ray,sibling,INST-011,General Arts,1st Year,2006-03-12,G_DEC_370,ADDR_DEC_370
S_DEC_0742,Daksh Ray,sibling,INST-011,Science Stream,2nd Year,2004-11-20,G_DEC_370,ADDR_DEC_370
S_DEC_0743,Ayush Mukhopadhyay,sibling,INST-012,General Arts,1st Year,2006-03-12,G_DEC_371,ADDR_DEC_371
S_DEC_0744,Oscar Mukhopadhyay,sibling,INST-012,Science Stream,2nd Year,2004-11-20,G_DEC_371,ADDR_DEC_371
S_DEC_0745,Tanmayi Bhardwaj,sibling,INST-013,General Arts,1st Year,2006-03-12,G_DEC_372,ADDR_DEC_372
S_DEC_0746,Chandresh Bhardwaj,sibling,INST-013,Science Stream,2nd Year,2004-11-20,G_DEC_372,ADDR_DEC_372
S_DEC_0747,Yashasvi Mahal,sibling,INST-014,General Arts,1st Year,2006-03-12,G_DEC_373,ADDR_DEC_373
S_DEC_0748,Mekhala Mahal,sibling,INST-014,Science Stream,2nd Year,2004-11-20,G_DEC_373,ADDR_DEC_373
S_DEC_0749,Sanaya Khurana,sibling,INST-015,General Arts,1st Year,2006-03-12,G_DEC_374,ADDR_DEC_374
S_DEC_0750,Peter Khurana,sibling,INST-015,Science Stream,2nd Year,2004-11-20,G_DEC_374,ADDR_DEC_374
S_DEC_0751,Gautam Padmanabhan,sibling,INST-016,General Arts,1st Year,2006-03-12,G_DEC_375,ADDR_DEC_375
S_DEC_0752,Bhavani Padmanabhan,sibling,INST-016,Science Stream,2nd Year,2004-11-20,G_DEC_375,ADDR_DEC_375
S_DEC_0753,Tanish Bawa,sibling,INST-017,General Arts,1st Year,2006-03-12,G_DEC_376,ADDR_DEC_376
S_DEC_0754,Timothy Bawa,sibling,INST-017,Science Stream,2nd Year,2004-11-20,G_DEC_376,ADDR_DEC_376
S_DEC_0755,Anmol Luthra,sibling,INST-018,General Arts,1st Year,2006-03-12,G_DEC_377,ADDR_DEC_377
S_DEC_0756,Aditya Luthra,sibling,INST-018,Science Stream,2nd Year,2004-11-20,G_DEC_377,ADDR_DEC_377
S_DEC_0757,Zayyan Ghose,sibling,INST-019,General Arts,1st Year,2006-03-12,G_DEC_378,ADDR_DEC_378
S_DEC_0758,Dalaja Ghose,sibling,INST-019,Science Stream,2nd Year,2004-11-20,G_DEC_378,ADDR_DEC_378
S_DEC_0759,Zayyan Puri,sibling,INST-020,General Arts,1st Year,2006-03-12,G_DEC_379,ADDR_DEC_379
S_DEC_0760,Tejas Puri,sibling,INST-020,Science Stream,2nd Year,2004-11-20,G_DEC_379,ADDR_DEC_379
S_DEC_0761,Harsh Verma,sibling,INST-021,General Arts,1st Year,2006-03-12,G_DEC_380,ADDR_DEC_380
S_DEC_0762,Abhimanyu Verma,sibling,INST-021,Science Stream,2nd Year,2004-11-20,G_DEC_380,ADDR_DEC_380
S_DEC_0763,Devansh Misra,sibling,INST-022,General Arts,1st Year,2006-03-12,G_DEC_381,ADDR_DEC_381
S_DEC_0764,Gayathri Misra,sibling,INST-022,Science Stream,2nd Year,2004-11-20,G_DEC_381,ADDR_DEC_381
S_DEC_0765,Raghav Malhotra,sibling,INST-023,General Arts,1st Year,2006-03-12,G_DEC_382,ADDR_DEC_382
S_DEC_0766,Mason Malhotra,sibling,INST-023,Science Stream,2nd Year,2004-11-20,G_DEC_382,ADDR_DEC_382
S_DEC_0767,Atharv Raval,sibling,INST-024,General Arts,1st Year,2006-03-12,G_DEC_383,ADDR_DEC_383
S_DEC_0768,Widisha Raval,sibling,INST-024,Science Stream,2nd Year,2004-11-20,G_DEC_383,ADDR_DEC_383
S_DEC_0769,Balendra Sahota,sibling,INST-025,General Arts,1st Year,2006-03-12,G_DEC_384,ADDR_DEC_384
S_DEC_0770,Ranveer Sahota,sibling,INST-025,Science Stream,2nd Year,2004-11-20,G_DEC_384,ADDR_DEC_384
S_DEC_0771,Yashica Warrior,sibling,INST-026,General Arts,1st Year,2006-03-12,G_DEC_385,ADDR_DEC_385
S_DEC_0772,Charita Warrior,sibling,INST-026,Science Stream,2nd Year,2004-11-20,G_DEC_385,ADDR_DEC_385
S_DEC_0773,Kabir Memon,sibling,INST-027,General Arts,1st Year,2006-03-12,G_DEC_386,ADDR_DEC_386
S_DEC_0774,Aarna Memon,sibling,INST-027,Science Stream,2nd Year,2004-11-20,G_DEC_386,ADDR_DEC_386
S_DEC_0775,Udant Chakraborty,sibling,INST-028,General Arts,1st Year,2006-03-12,G_DEC_387,ADDR_DEC_387
S_DEC_0776,Damyanti Chakraborty,sibling,INST-028,Science Stream,2nd Year,2004-11-20,G_DEC_387,ADDR_DEC_387
S_DEC_0777,Chaitaly Prabhu,sibling,INST-029,General Arts,1st Year,2006-03-12,G_DEC_388,ADDR_DEC_388
S_DEC_0778,Ubika Prabhu,sibling,INST-029,Science Stream,2nd Year,2004-11-20,G_DEC_388,ADDR_DEC_388
S_DEC_0779,Robert Bera,sibling,INST-030,General Arts,1st Year,2006-03-12,G_DEC_389,ADDR_DEC_389
S_DEC_0780,Xiti Bera,sibling,INST-030,Science Stream,2nd Year,2004-11-20,G_DEC_389,ADDR_DEC_389
S_DEC_0781,Chatura Wagle,sibling,INST-031,General Arts,1st Year,2006-03-12,G_DEC_390,ADDR_DEC_390
S_DEC_0782,Matthew Wagle,sibling,INST-031,Science Stream,2nd Year,2004-11-20,G_DEC_390,ADDR_DEC_390
S_DEC_0783,Tanvi Oommen,sibling,INST-032,General Arts,1st Year,2006-03-12,G_DEC_391,ADDR_DEC_391
S_DEC_0784,Luke Oommen,sibling,INST-032,Science Stream,2nd Year,2004-11-20,G_DEC_391,ADDR_DEC_391
S_DEC_0785,Peter Buch,sibling,INST-033,General Arts,1st Year,2006-03-12,G_DEC_392,ADDR_DEC_392
S_DEC_0786,Dhriti Buch,sibling,INST-033,Science Stream,2nd Year,2004-11-20,G_DEC_392,ADDR_DEC_392
S_DEC_0787,Om Seth,sibling,INST-034,General Arts,1st Year,2006-03-12,G_DEC_393,ADDR_DEC_393
S_DEC_0788,Nathan Seth,sibling,INST-034,Science Stream,2nd Year,2004-11-20,G_DEC_393,ADDR_DEC_393
S_DEC_0789,Netra Dayal,sibling,INST-035,General Arts,1st Year,2006-03-12,G_DEC_394,ADDR_DEC_394
S_DEC_0790,Pushti Dayal,sibling,INST-035,Science Stream,2nd Year,2004-11-20,G_DEC_394,ADDR_DEC_394
S_DEC_0791,Ryan Agrawal,sibling,INST-036,General Arts,1st Year,2006-03-12,G_DEC_395,ADDR_DEC_395
S_DEC_0792,Kashvi Agrawal,sibling,INST-036,Science Stream,2nd Year,2004-11-20,G_DEC_395,ADDR_DEC_395
S_DEC_0793,Aayush Wali,sibling,INST-037,General Arts,1st Year,2006-03-12,G_DEC_396,ADDR_DEC_396
S_DEC_0794,Yuvraj Wali,sibling,INST-037,Science Stream,2nd Year,2004-11-20,G_DEC_396,ADDR_DEC_396
S_DEC_0795,Leela Muni,sibling,INST-038,General Arts,1st Year,2006-03-12,G_DEC_397,ADDR_DEC_397
S_DEC_0796,Yahvi Muni,sibling,INST-038,Science Stream,2nd Year,2004-11-20,G_DEC_397,ADDR_DEC_397
S_DEC_0797,Bina Bhattacharyya,sibling,INST-039,General Arts,1st Year,2006-03-12,G_DEC_398,ADDR_DEC_398
S_DEC_0798,Tamanna Bhattacharyya,sibling,INST-039,Science Stream,2nd Year,2004-11-20,G_DEC_398,ADDR_DEC_398
S_DEC_0799,Jagrati Desai,sibling,INST-040,General Arts,1st Year,2006-03-12,G_DEC_399,ADDR_DEC_399
S_DEC_0800,Raghav Desai,sibling,INST-040,Science Stream,2nd Year,2004-11-20,G_DEC_399,ADDR_DEC_399
S_DEC_0801,Karan Bahl,sibling,INST-001,General Arts,1st Year,2006-03-12,G_DEC_400,ADDR_DEC_400
S_DEC_0802,Siddharth Bahl,sibling,INST-001,Science Stream,2nd Year,2004-11-20,G_DEC_400,ADDR_DEC_400
S_DEC_0803,Baljiwan Gara,sibling,INST-002,General Arts,1st Year,2006-03-12,G_DEC_401,ADDR_DEC_401
S_DEC_0804,Keya Gara,sibling,INST-002,Science Stream,2nd Year,2004-11-20,G_DEC_401,ADDR_DEC_401
S_DEC_0805,Chanakya Bava,sibling,INST-003,General Arts,1st Year,2006-03-12,G_DEC_402,ADDR_DEC_402
S_DEC_0806,Jack Bava,sibling,INST-003,Science Stream,2nd Year,2004-11-20,G_DEC_402,ADDR_DEC_402
S_DEC_0807,Zayyan Rai,sibling,INST-004,General Arts,1st Year,2006-03-12,G_DEC_403,ADDR_DEC_403
S_DEC_0808,Urvi Rai,sibling,INST-004,Science Stream,2nd Year,2004-11-20,G_DEC_403,ADDR_DEC_403
S_DEC_0809,Harrison Andra,sibling,INST-005,General Arts,1st Year,2006-03-12,G_DEC_404,ADDR_DEC_404
S_DEC_0810,Zinal Andra,sibling,INST-005,Science Stream,2nd Year,2004-11-20,G_DEC_404,ADDR_DEC_404
S_DEC_0811,Jacob Sahota,sibling,INST-006,General Arts,1st Year,2006-03-12,G_DEC_405,ADDR_DEC_405
S_DEC_0812,Barkha Sahota,sibling,INST-006,Science Stream,2nd Year,2004-11-20,G_DEC_405,ADDR_DEC_405
S_DEC_0813,Ryan Tank,sibling,INST-007,General Arts,1st Year,2006-03-12,G_DEC_406,ADDR_DEC_406
S_DEC_0814,Adya Tank,sibling,INST-007,Science Stream,2nd Year,2004-11-20,G_DEC_406,ADDR_DEC_406
S_DEC_0815,Balveer Rout,sibling,INST-008,General Arts,1st Year,2006-03-12,G_DEC_407,ADDR_DEC_407
S_DEC_0816,Watika Rout,sibling,INST-008,Science Stream,2nd Year,2004-11-20,G_DEC_407,ADDR_DEC_407
S_DEC_0817,Agastya Narayanan,sibling,INST-009,General Arts,1st Year,2006-03-12,G_DEC_408,ADDR_DEC_408
S_DEC_0818,Gaurav Narayanan,sibling,INST-009,Science Stream,2nd Year,2004-11-20,G_DEC_408,ADDR_DEC_408
S_DEC_0819,Falan Dixit,sibling,INST-010,General Arts,1st Year,2006-03-12,G_DEC_409,ADDR_DEC_409
S_DEC_0820,Harrison Dixit,sibling,INST-010,Science Stream,2nd Year,2004-11-20,G_DEC_409,ADDR_DEC_409
S01061,Vihaan Shan,vihaan shan,INST-045,Undergraduate,2th Year,2006-12-07,G_S01061,ADDR_S01061
S01062,Aishani Shetty,aishani shetty,INST-048,Undergraduate,2th Year,2007-04-18,G_S01062,ADDR_S01062
S01063,Harish Ghosh,harish ghosh,INST-012,Undergraduate,3th Year,2007-08-07,G_S01063,ADDR_S01063
S01064,Bina Parsa,bina parsa,INST-020,Undergraduate,2th Year,2008-12-16,G_S01064,ADDR_S01064
S01065,Pooja D’Alia,pooja d’alia,INST-060,Undergraduate,4th Year,2006-06-25,G_S01065,ADDR_S01065
S01066,Chakradev Andra,chakradev andra,INST-046,Undergraduate,4th Year,2008-05-24,G_S01066,ADDR_S01066
S01067,Onkar Narasimhan,onkar narasimhan,INST-018,Undergraduate,2th Year,2004-01-22,G_S01067,ADDR_S01067
S01068,Raksha Loyal,raksha loyal,INST-004,Undergraduate,3th Year,2008-08-04,G_S01068,ADDR_S01068
S01069,Kashish Oommen,kashish oommen,INST-060,Undergraduate,3th Year,2005-11-02,G_S01069,ADDR_S01069
S01070,Ishaan Rattan,ishaan rattan,INST-047,Undergraduate,4th Year,2004-01-27,G_S01070,ADDR_S01070
S01071,Tanmayi Magar,tanmayi magar,INST-056,Undergraduate,1th Year,2005-05-15,G_S01071,ADDR_S01071
S01072,Vanya Sama,vanya sama,INST-009,Undergraduate,3th Year,2004-02-11,G_S01072,ADDR_S01072
S01073,Isaiah Deo,isaiah deo,INST-001,Undergraduate,2th Year,2004-10-28,G_S01073,ADDR_S01073
S01074,Nathaniel Chawla,nathaniel chawla,INST-006,Undergraduate,1th Year,2004-03-16,G_S01074,ADDR_S01074
S01075,Vasudha Sarma,vasudha sarma,INST-016,Undergraduate,1th Year,2005-11-12,G_S01075,ADDR_S01075
S01076,Ladli Parmer,ladli parmer,INST-030,Undergraduate,4th Year,2008-09-23,G_S01076,ADDR_S01076
S01077,Kalpit Subramanian,kalpit subramanian,INST-019,Undergraduate,4th Year,2004-08-24,G_S01077,ADDR_S01077
S01078,Isaiah Sabharwal,isaiah sabharwal,INST-059,Undergraduate,2th Year,2004-11-25,G_S01078,ADDR_S01078
S01079,Chakradhar Bhatnagar,chakradhar bhatnagar,INST-046,Undergraduate,2th Year,2007-09-05,G_S01079,ADDR_S01079
S01080,Dipta Arora,dipta arora,INST-044,Undergraduate,4th Year,2003-09-15,G_S01080,ADDR_S01080
S01081,Hamsini Venkataraman,hamsini venkataraman,INST-030,Undergraduate,3th Year,2008-01-13,G_S01081,ADDR_S01081
S01082,Rachita Kothari,rachita kothari,INST-003,Undergraduate,1th Year,2007-01-03,G_S01082,ADDR_S01082
S01083,Hiral Rajan,hiral rajan,INST-050,Undergraduate,4th Year,2005-07-15,G_S01083,ADDR_S01083
S01084,Chatura Apte,chatura apte,INST-043,Undergraduate,3th Year,2003-03-18,G_S01084,ADDR_S01084
S01085,Yashasvi Singh,yashasvi singh,INST-015,Undergraduate,4th Year,2007-07-27,G_S01085,ADDR_S01085
S01086,Noah Borde,noah borde,INST-018,Undergraduate,1th Year,2003-11-14,G_S01086,ADDR_S01086
S01087,Ekani Khosla,ekani khosla,INST-007,Undergraduate,1th Year,2004-12-02,G_S01087,ADDR_S01087
S01088,Arunima Bedi,arunima bedi,INST-049,Undergraduate,3th Year,2004-12-19,G_S01088,ADDR_S01088
S01089,Kritika Rau,kritika rau,INST-057,Undergraduate,3th Year,2005-01-18,G_S01089,ADDR_S01089
S01090,Farhan Sharaf,farhan sharaf,INST-004,Undergraduate,4th Year,2007-06-23,G_S01090,ADDR_S01090
S01091,Sara Chakrabarti,sara chakrabarti,INST-012,Undergraduate,2th Year,2006-01-18,G_S01091,ADDR_S01091
S01092,Sanya Mutti,sanya mutti,INST-016,Undergraduate,3th Year,2008-02-15,G_S01092,ADDR_S01092
S01093,Widisha Badami,widisha badami,INST-054,Undergraduate,1th Year,2003-04-26,G_S01093,ADDR_S01093
S01094,Netra Sachar,netra sachar,INST-056,Undergraduate,1th Year,2004-04-24,G_S01094,ADDR_S01094
S01095,Aadi Chand,aadi chand,INST-046,Undergraduate,3th Year,2006-08-18,G_S01095,ADDR_S01095
S01096,Yashoda Jhaveri,yashoda jhaveri,INST-033,Undergraduate,1th Year,2008-08-25,G_S01096,ADDR_S01096
S01097,Harita Patla,harita patla,INST-003,Undergraduate,3th Year,2007-10-19,G_S01097,ADDR_S01097
S01098,Udant Sha,udant sha,INST-022,Undergraduate,2th Year,2006-09-21,G_S01098,ADDR_S01098
S01099,Urvashi Patla,urvashi patla,INST-032,Undergraduate,2th Year,2004-12-18,G_S01099,ADDR_S01099
S01100,Ishaan Chatterjee,ishaan chatterjee,INST-004,Undergraduate,1th Year,2008-01-25,G_S01100,ADDR_S01100
S01101,Aarnav Om,aarnav om,INST-015,Undergraduate,4th Year,2005-01-20,G_S01101,ADDR_S01101
S01102,Bishakha  Vig,bishakha vig,INST-001,Undergraduate,3th Year,2007-05-01,G_S01102,ADDR_S01102
S01103,Hitesh Bath,hitesh bath,INST-007,Undergraduate,3th Year,2005-05-26,G_S01103,ADDR_S01103
S01104,Waida Dey,waida dey,INST-030,Undergraduate,2th Year,2005-11-27,G_S01104,ADDR_S01104
S01105,Hredhaan Kumar,hredhaan kumar,INST-025,Undergraduate,2th Year,2003-08-28,G_S01105,ADDR_S01105
S01106,Raghav Dara,raghav dara,INST-059,Undergraduate,2th Year,2008-10-16,G_S01106,ADDR_S01106
S01107,Tanveer Shankar,tanveer shankar,INST-018,Undergraduate,3th Year,2003-04-19,G_S01107,ADDR_S01107
S01108,Hamsini Chokshi,hamsini chokshi,INST-037,Undergraduate,4th Year,2008-09-11,G_S01108,ADDR_S01108
S01109,Chakradhar Dasgupta,chakradhar dasgupta,INST-023,Undergraduate,3th Year,2007-10-20,G_S01109,ADDR_S01109
S01110,Tanvi Thaman,tanvi thaman,INST-051,Undergraduate,2th Year,2005-09-13,G_S01110,ADDR_S01110
S01111,Wishi Agrawal,wishi agrawal,INST-040,Undergraduate,3th Year,2004-07-23,G_S01111,ADDR_S01111
S01112,Rachita Subramanian,rachita subramanian,INST-007,Undergraduate,3th Year,2006-06-25,G_S01112,ADDR_S01112
S01113,Oscar Dave,oscar dave,INST-028,Undergraduate,1th Year,2003-06-18,G_S01113,ADDR_S01113
S01114,LILA NAGY,lila nagy,INST-050,Undergraduate,2th Year,2007-09-06,G_S01114,ADDR_S01114
S01115,Omya Kothari,omya kothari,INST-018,Undergraduate,4th Year,2005-08-26,G_S01115,ADDR_S01115
S01116,Mitali Oza,mitali oza,INST-047,Undergraduate,2th Year,2006-02-05,G_S01116,ADDR_S01116
S01117,Sneha Deol,sneha deol,INST-040,Undergraduate,4th Year,2008-10-05,G_S01117,ADDR_S01117
S01118,Nitara Vala,nitara vala,INST-012,Undergraduate,3th Year,2008-12-21,G_S01118,ADDR_S01118
S01119,Dipta Kalla,dipta kalla,INST-018,Undergraduate,2th Year,2008-09-01,G_S01119,ADDR_S01119
S01120,Shaurya Mannan,shaurya mannan,INST-019,Undergraduate,4th Year,2008-08-05,G_S01120,ADDR_S01120
S01121,Kevin Gokhale,kevin gokhale,INST-046,Undergraduate,4th Year,2007-07-18,G_S01121,ADDR_S01121
S01122,Jack Pandey,jack pandey,INST-024,Undergraduate,1th Year,2003-04-22,G_S01122,ADDR_S01122
S01123,Omisha Walla,omisha walla,INST-003,Undergraduate,3th Year,2006-02-01,G_S01123,ADDR_S01123
S01124,Pahal Arya,pahal arya,INST-034,Undergraduate,2th Year,2006-06-13,G_S01124,ADDR_S01124
S01125,Aryan Raj,aryan raj,INST-002,Undergraduate,1th Year,2008-03-12,G_S01125,ADDR_S01125
S01126,Chatresh Bhalla,chatresh bhalla,INST-034,Undergraduate,4th Year,2003-08-24,G_S01126,ADDR_S01126
S01127,Amara Dyal,amara dyal,INST-003,Undergraduate,2th Year,2008-04-17,G_S01127,ADDR_S01127
S01128,Zashil Dhingra,zashil dhingra,INST-028,Undergraduate,4th Year,2008-03-06,G_S01128,ADDR_S01128
S01129,Chakrika  Jani,chakrika jani,INST-013,Undergraduate,2th Year,2004-05-25,G_S01129,ADDR_S01129
S01130,Jagrati Sethi,jagrati sethi,INST-035,Undergraduate,3th Year,2004-08-04,G_S01130,ADDR_S01130
S01131,Udarsh Ramachandran,udarsh ramachandran,INST-021,Undergraduate,3th Year,2005-08-20,G_S01131,ADDR_S01131
S01132,Yasti Mani,yasti mani,INST-021,Undergraduate,3th Year,2003-03-12,G_S01132,ADDR_S01132
S01133,Lakshmi Ram,lakshmi ram,INST-009,Undergraduate,2th Year,2007-03-16,G_S01133,ADDR_S01133
S01134,Dhriti Bhagat,dhriti bhagat,INST-029,Undergraduate,3th Year,2003-08-05,G_S01134,ADDR_S01134
S01135,Zayan Jain,zayan jain,INST-027,Undergraduate,2th Year,2003-10-01,G_S01135,ADDR_S01135
S01136,Umang Pillai,umang pillai,INST-015,Undergraduate,2th Year,2006-10-24,G_S01136,ADDR_S01136
S01137,Rishi Menon,rishi menon,INST-008,Undergraduate,1th Year,2008-08-18,G_S01137,ADDR_S01137
S01138,Peter Borde,peter borde,INST-042,Undergraduate,1th Year,2006-05-12,G_S01138,ADDR_S01138
S01139,Oscar Varkey,oscar varkey,INST-016,Undergraduate,4th Year,2004-10-05,G_S01139,ADDR_S01139
S01140,Krishna Baria,krishna baria,INST-035,Undergraduate,2th Year,2005-12-10,G_S01140,ADDR_S01140
S01141,Arya Lalla,arya lalla,INST-033,Undergraduate,1th Year,2005-11-05,G_S01141,ADDR_S01141
S01142,Naveen Kumer,naveen kumer,INST-054,Undergraduate,4th Year,2006-03-19,G_S01142,ADDR_S01142
S01143,Ganga Shukla,ganga shukla,INST-005,Undergraduate,3th Year,2006-08-11,G_S01143,ADDR_S01143
S01144,Balveer Dube,balveer dube,INST-045,Undergraduate,1th Year,2007-07-07,G_S01144,ADDR_S01144
S01145,Charan Mitra,charan mitra,INST-054,Undergraduate,4th Year,2005-11-25,G_S01145,ADDR_S01145
S01146,Ishita Bora,ishita bora,INST-054,Undergraduate,1th Year,2004-08-15,G_S01146,ADDR_S01146
S01147,Thomas Gour,thomas gour,INST-059,Undergraduate,1th Year,2008-06-09,G_S01147,ADDR_S01147
S01148,Yashasvi Dutta,yashasvi dutta,INST-041,Undergraduate,2th Year,2006-11-03,G_S01148,ADDR_S01148
S01149,Netra Chanda,netra chanda,INST-005,Undergraduate,1th Year,2003-12-11,G_S01149,ADDR_S01149
S01150,Timothy Kala,timothy kala,INST-015,Undergraduate,1th Year,2003-06-12,G_S01150,ADDR_S01150
S01151,Garima Patel,garima patel,INST-049,Undergraduate,1th Year,2007-11-06,G_S01151,ADDR_S01151
S01152,Tejas Wali,tejas wali,INST-010,Undergraduate,4th Year,2004-02-04,G_S01152,ADDR_S01152
S01153,Aditya Contractor,aditya contractor,INST-028,Undergraduate,1th Year,2004-09-20,G_S01153,ADDR_S01153
S01154,Sanaya Khosla,sanaya khosla,INST-043,Undergraduate,2th Year,2008-07-10,G_S01154,ADDR_S01154
S01155,Balveer Nagi,balveer nagi,INST-008,Undergraduate,1th Year,2005-06-05,G_S01155,ADDR_S01155
S01156,Ishaan Raju,ishaan raju,INST-044,Undergraduate,4th Year,2003-01-19,G_S01156,ADDR_S01156
S01157,Barkha Bakshi,barkha bakshi,INST-060,Undergraduate,4th Year,2006-12-13,G_S01157,ADDR_S01157
S01158,Yoshita Trivedi,yoshita trivedi,INST-018,Undergraduate,1th Year,2007-04-26,G_S01158,ADDR_S01158
S01159,Vidhi Bassi,vidhi bassi,INST-041,Undergraduate,2th Year,2003-04-03,G_S01159,ADDR_S01159
S01160,Reyansh Nagi,reyansh nagi,INST-004,Undergraduate,2th Year,2003-01-23,G_S01160,ADDR_S01160
S01161,Gopal Ganesh,gopal ganesh,INST-023,Undergraduate,2th Year,2005-03-24,G_S01161,ADDR_S01161
S01162,Dominic Kade,dominic kade,INST-002,Undergraduate,4th Year,2005-09-03,G_S01162,ADDR_S01162
S01163,Panini Chawla,panini chawla,INST-033,Undergraduate,3th Year,2004-05-25,G_S01163,ADDR_S01163
S01164,Radhika Bora,radhika bora,INST-033,Undergraduate,1th Year,2004-01-16,G_S01164,ADDR_S01164
S01165,Arjun Sharaf,arjun sharaf,INST-055,Undergraduate,4th Year,2004-06-08,G_S01165,ADDR_S01165
S01166,Baljiwan Chahal,baljiwan chahal,INST-037,Undergraduate,1th Year,2004-04-26,G_S01166,ADDR_S01166
S01167,Chatura Gokhale,chatura gokhale,INST-030,Undergraduate,4th Year,2003-06-07,G_S01167,ADDR_S01167
S01168,Ekavir Kari,ekavir kari,INST-016,Undergraduate,4th Year,2004-12-18,G_S01168,ADDR_S01168
S01169,NIKITA RAMA,nikita rama,INST-015,Undergraduate,3th Year,2003-11-13,G_S01169,ADDR_S01169
S01170,Nidhi Sant,nidhi sant,INST-016,Undergraduate,1th Year,2004-12-09,G_S01170,ADDR_S01170
S01171,Anay Ramachandran,anay ramachandran,INST-034,Undergraduate,1th Year,2007-02-17,G_S01171,ADDR_S01171
S01172,Abeer Bhatnagar,abeer bhatnagar,INST-004,Undergraduate,2th Year,2004-05-09,G_S01172,ADDR_S01172
S01173,Elijah Parmar,elijah parmar,INST-018,Undergraduate,1th Year,2004-02-06,G_S01173,ADDR_S01173
S01174,Bimala Mitra,bimala mitra,INST-035,Undergraduate,2th Year,2006-05-15,G_S01174,ADDR_S01174
S01175,Baghyawati Sarma,baghyawati sarma,INST-044,Undergraduate,2th Year,2005-03-03,G_S01175,ADDR_S01175
S01176,Megha Balasubramanian,megha balasubramanian,INST-004,Undergraduate,2th Year,2003-07-28,G_S01176,ADDR_S01176
S01177,Naksh Walla,naksh walla,INST-007,Undergraduate,2th Year,2004-04-27,G_S01177,ADDR_S01177
S01178,Laban Raman,laban raman,INST-017,Undergraduate,1th Year,2004-11-15,G_S01178,ADDR_S01178
S01179,Maanas Misra,maanas misra,INST-030,Undergraduate,4th Year,2006-01-13,G_S01179,ADDR_S01179
S01180,Advay Dhaliwal,advay dhaliwal,INST-012,Undergraduate,4th Year,2004-01-20,G_S01180,ADDR_S01180
S01181,Benjamin Ahluwalia,benjamin ahluwalia,INST-057,Undergraduate,2th Year,2006-04-21,G_S01181,ADDR_S01181
S01182,Frederick Mody,frederick mody,INST-052,Undergraduate,1th Year,2006-12-12,G_S01182,ADDR_S01182
S01183,Hemangini Kakar,hemangini kakar,INST-037,Undergraduate,3th Year,2007-04-01,G_S01183,ADDR_S01183
S01184,Yauvani Dhar,yauvani dhar,INST-031,Undergraduate,2th Year,2004-02-08,G_S01184,ADDR_S01184
S01185,Qarin Kant,qarin kant,INST-051,Undergraduate,4th Year,2005-03-06,G_S01185,ADDR_S01185
S01186,Rishi Contractor,rishi contractor,INST-045,Undergraduate,1th Year,2008-12-12,G_S01186,ADDR_S01186
S01187,Chatura Shenoy,chatura shenoy,INST-013,Undergraduate,1th Year,2003-04-20,G_S01187,ADDR_S01187
S01188,Bina Bhavsar,bina bhavsar,INST-022,Undergraduate,2th Year,2005-12-06,G_S01188,ADDR_S01188
S01189,Guneet  Hora,guneet hora,INST-059,Undergraduate,1th Year,2005-12-22,G_S01189,ADDR_S01189
S01190,Ganga Parikh,ganga parikh,INST-021,Undergraduate,4th Year,2008-08-21,G_S01190,ADDR_S01190
S01191,Wahab Chaudhry,wahab chaudhry,INST-038,Undergraduate,2th Year,2004-12-01,G_S01191,ADDR_S01191
S01192,Ekaraj Hari,ekaraj hari,INST-050,Undergraduate,2th Year,2007-06-26,G_S01192,ADDR_S01192
S01193,Vedika Seshadri,vedika seshadri,INST-010,Undergraduate,2th Year,2008-02-27,G_S01193,ADDR_S01193
S01194,DAMINI DUA,damini dua,INST-045,Undergraduate,3th Year,2003-12-01,G_S01194,ADDR_S01194
S01195,Diya Sangha,diya sangha,INST-011,Undergraduate,4th Year,2003-08-26,G_S01195,ADDR_S01195
S01196,Aayush Munshi,aayush munshi,INST-052,Undergraduate,1th Year,2005-05-04,G_S01196,ADDR_S01196
S01197,Timothy Sarin,timothy sarin,INST-011,Undergraduate,3th Year,2007-10-16,G_S01197,ADDR_S01197
S01198,Jagvi Desai,jagvi desai,INST-028,Undergraduate,1th Year,2005-04-07,G_S01198,ADDR_S01198
S01199,Varsha Shere,varsha shere,INST-019,Undergraduate,4th Year,2004-01-12,G_S01199,ADDR_S01199
S01200,Jagrati Mody,jagrati mody,INST-043,Undergraduate,2th Year,2003-01-07,G_S01200,ADDR_S01200
S01201,Ikbal Gill,ikbal gill,INST-008,Undergraduate,3th Year,2003-11-18,G_S01201,ADDR_S01201
S01202,Avni Dey,avni dey,INST-024,Undergraduate,1th Year,2005-08-15,G_S01202,ADDR_S01202
S01203,Adya Bose,adya bose,INST-010,Undergraduate,4th Year,2007-04-18,G_S01203,ADDR_S01203
S01204,Anirudh Tripathi,anirudh tripathi,INST-035,Undergraduate,2th Year,2006-05-03,G_S01204,ADDR_S01204
S01205,Nidhi Kala,nidhi kala,INST-034,Undergraduate,4th Year,2004-03-07,G_S01205,ADDR_S01205
S01206,Abha Zacharia,abha zacharia,INST-006,Undergraduate,2th Year,2007-05-11,G_S01206,ADDR_S01206
S01207,Manthan Pau,manthan pau,INST-026,Undergraduate,1th Year,2008-10-19,G_S01207,ADDR_S01207
S01208,Udant Mannan,udant mannan,INST-010,Undergraduate,1th Year,2003-10-25,G_S01208,ADDR_S01208
S01209,Ucchal Thaker,ucchal thaker,INST-057,Undergraduate,4th Year,2003-03-09,G_S01209,ADDR_S01209
S01210,Mekhala Patla,mekhala patla,INST-057,Undergraduate,2th Year,2003-12-16,G_S01210,ADDR_S01210
S01211,William Gandhi,william gandhi,INST-051,Undergraduate,1th Year,2004-03-10,G_S01211,ADDR_S01211
S01212,Sanaya Dutta,sanaya dutta,INST-027,Undergraduate,1th Year,2004-08-07,G_S01212,ADDR_S01212
S01213,Madhav Sule,madhav sule,INST-056,Undergraduate,1th Year,2005-12-17,G_S01213,ADDR_S01213
S01214,Banjeet Kanda,banjeet kanda,INST-002,Undergraduate,2th Year,2003-04-02,G_S01214,ADDR_S01214
S01215,Vincent Bhatnagar,vincent bhatnagar,INST-018,Undergraduate,1th Year,2008-01-08,G_S01215,ADDR_S01215
S01216,Kala Kaur,kala kaur,INST-056,Undergraduate,3th Year,2005-03-27,G_S01216,ADDR_S01216
S01217,SAMUEL VASA,samuel vasa,INST-055,Undergraduate,2th Year,2008-04-09,G_S01217,ADDR_S01217
S01218,Lipika  Singh,lipika singh,INST-050,Undergraduate,2th Year,2008-03-20,G_S01218,ADDR_S01218
S01219,Chakradhar Baral,chakradhar baral,INST-020,Undergraduate,4th Year,2005-04-15,G_S01219,ADDR_S01219
S01220,Harshil Verma,harshil verma,INST-001,Undergraduate,3th Year,2007-11-20,G_S01220,ADDR_S01220
S01221,Adya Ghosh,adya ghosh,INST-031,Undergraduate,3th Year,2005-11-23,G_S01221,ADDR_S01221
S01222,Kritika Pau,kritika pau,INST-016,Undergraduate,4th Year,2008-06-22,G_S01222,ADDR_S01222
S01223,Zansi Krishnamurthy,zansi krishnamurthy,INST-017,Undergraduate,2th Year,2005-12-23,G_S01223,ADDR_S01223
S01224,Udant Varty,udant varty,INST-043,Undergraduate,3th Year,2004-11-18,G_S01224,ADDR_S01224
S01225,Ira Pai,ira pai,INST-048,Undergraduate,3th Year,2008-02-08,G_S01225,ADDR_S01225
S01226,Vasatika Ahuja,vasatika ahuja,INST-057,Undergraduate,3th Year,2007-05-15,G_S01226,ADDR_S01226
S01227,Ria Gandhi,ria gandhi,INST-041,Undergraduate,2th Year,2007-02-28,G_S01227,ADDR_S01227
S01228,Faraj Varkey,faraj varkey,INST-004,Undergraduate,2th Year,2005-07-19,G_S01228,ADDR_S01228
S01229,Siddharth Doctor,siddharth doctor,INST-012,Undergraduate,3th Year,2008-01-01,G_S01229,ADDR_S01229
S01230,Nakul Pathak,nakul pathak,INST-011,Undergraduate,2th Year,2006-02-05,G_S01230,ADDR_S01230
S01231,Victor Sachdeva,victor sachdeva,INST-031,Undergraduate,3th Year,2003-06-25,G_S01231,ADDR_S01231
S01232,Ishaan Subramaniam,ishaan subramaniam,INST-041,Undergraduate,3th Year,2005-03-04,G_S01232,ADDR_S01232
S01233,Varenya Kade,varenya kade,INST-053,Undergraduate,3th Year,2006-11-05,G_S01233,ADDR_S01233
S01234,Nirja Bains,nirja bains,INST-011,Undergraduate,2th Year,2004-12-05,G_S01234,ADDR_S01234
S01235,Caleb Datta,caleb datta,INST-024,Undergraduate,1th Year,2007-01-22,G_S01235,ADDR_S01235
S01236,Krish Vala,krish vala,INST-027,Undergraduate,1th Year,2007-05-16,G_S01236,ADDR_S01236
S01237,Manan Bhalla,manan bhalla,INST-041,Undergraduate,3th Year,2007-10-23,G_S01237,ADDR_S01237
S01238,Aarna Gole,aarna gole,INST-040,Undergraduate,1th Year,2003-08-07,G_S01238,ADDR_S01238
S01239,Anirudh Mander,anirudh mander,INST-023,Undergraduate,2th Year,2008-08-11,G_S01239,ADDR_S01239
S01240,Tarak Sen,tarak sen,INST-059,Undergraduate,4th Year,2004-02-25,G_S01240,ADDR_S01240
S01241,Vasatika Garde,vasatika garde,INST-042,Undergraduate,4th Year,2003-02-27,G_S01241,ADDR_S01241
S01242,Nirja Dhar,nirja dhar,INST-044,Undergraduate,1th Year,2003-01-01,G_S01242,ADDR_S01242
S01243,Yasti Lalla,yasti lalla,INST-058,Undergraduate,1th Year,2005-06-06,G_S01243,ADDR_S01243
S01244,Hema Setty,hema setty,INST-018,Undergraduate,4th Year,2006-11-26,G_S01244,ADDR_S01244
S01245,Victor Radhakrishnan,victor radhakrishnan,INST-004,Undergraduate,4th Year,2004-10-13,G_S01245,ADDR_S01245
S01246,Kevin Chopra,kevin chopra,INST-032,Undergraduate,4th Year,2003-02-09,G_S01246,ADDR_S01246
S01247,Samaksh Virk,samaksh virk,INST-037,Undergraduate,1th Year,2006-11-24,G_S01247,ADDR_S01247
S01248,Mason Char,mason char,INST-042,Undergraduate,1th Year,2003-11-06,G_S01248,ADDR_S01248
S01249,Vamakshi Barad,vamakshi barad,INST-005,Undergraduate,1th Year,2007-04-18,G_S01249,ADDR_S01249
S01250,Girik Subramaniam,girik subramaniam,INST-006,Undergraduate,4th Year,2003-08-15,G_S01250,ADDR_S01250
S01251,Aarav Sankar,aarav sankar,INST-002,Undergraduate,1th Year,2003-10-20,G_S01251,ADDR_S01251
S01252,Kamala Bassi,kamala bassi,INST-030,Undergraduate,1th Year,2004-08-11,G_S01252,ADDR_S01252
S01253,Veer Subramaniam,veer subramaniam,INST-008,Undergraduate,3th Year,2008-05-18,G_S01253,ADDR_S01253
S01254,Inaya Chaudhari,inaya chaudhari,INST-011,Undergraduate,4th Year,2003-05-20,G_S01254,ADDR_S01254
S01255,Krish Kumar,krish kumar,INST-026,Undergraduate,3th Year,2003-07-02,G_S01255,ADDR_S01255
S01256,Viraj Chacko,viraj chacko,INST-029,Undergraduate,2th Year,2006-01-17,G_S01256,ADDR_S01256
S01257,Nilima Kurian,nilima kurian,INST-031,Undergraduate,2th Year,2008-03-04,G_S01257,ADDR_S01257
S01258,Abdul Amble,abdul amble,INST-027,Undergraduate,2th Year,2005-07-11,G_S01258,ADDR_S01258
S01259,Zinal Amble,zinal amble,INST-009,Undergraduate,3th Year,2008-09-28,G_S01259,ADDR_S01259
S01260,Samesh Mutti,samesh mutti,INST-040,Undergraduate,3th Year,2008-03-23,G_S01260,ADDR_S01260
S01261,Janaki Chhabra,janaki chhabra,INST-041,Undergraduate,4th Year,2007-10-22,G_S01261,ADDR_S01261
S01262,Pooja Kulkarni,pooja kulkarni,INST-055,Undergraduate,1th Year,2007-02-01,G_S01262,ADDR_S01262
S01263,Pallavi Pau,pallavi pau,INST-013,Undergraduate,3th Year,2004-01-23,G_S01263,ADDR_S01263
S01264,Mekhala Jani,mekhala jani,INST-003,Undergraduate,4th Year,2003-10-28,G_S01264,ADDR_S01264
S01265,Vasudha Gola,vasudha gola,INST-036,Undergraduate,3th Year,2008-11-02,G_S01265,ADDR_S01265
S01266,Veda Kulkarni,veda kulkarni,INST-044,Undergraduate,1th Year,2003-12-09,G_S01266,ADDR_S01266
S01267,Hemangini Rao,hemangini rao,INST-046,Undergraduate,2th Year,2008-04-10,G_S01267,ADDR_S01267
S01268,Jagat Karpe,jagat karpe,INST-012,Undergraduate,4th Year,2003-07-09,G_S01268,ADDR_S01268
S01269,Neel Chaudhry,neel chaudhry,INST-055,Undergraduate,1th Year,2004-06-20,G_S01269,ADDR_S01269
S01270,Yashoda Rattan,yashoda rattan,INST-036,Undergraduate,3th Year,2007-04-06,G_S01270,ADDR_S01270
S01271,Charles Dyal,charles dyal,INST-035,Undergraduate,3th Year,2005-06-10,G_S01271,ADDR_S01271
S01272,Abdul Chand,abdul chand,INST-053,Undergraduate,3th Year,2006-04-21,G_S01272,ADDR_S01272
S01273,Urishilla Saran,urishilla saran,INST-051,Undergraduate,1th Year,2007-06-17,G_S01273,ADDR_S01273
S01274,Devansh Lall,devansh lall,INST-058,Undergraduate,1th Year,2003-03-25,G_S01274,ADDR_S01274
S01275,Kamala Buch,kamala buch,INST-014,Undergraduate,2th Year,2007-12-24,G_S01275,ADDR_S01275
S01276,Leena  Rattan,leena rattan,INST-003,Undergraduate,1th Year,2004-05-18,G_S01276,ADDR_S01276
S01277,Dakshesh Gill,dakshesh gill,INST-027,Undergraduate,1th Year,2006-11-04,G_S01277,ADDR_S01277
S01278,Reva Anne,reva anne,INST-038,Undergraduate,1th Year,2005-09-04,G_S01278,ADDR_S01278
S01279,Zarna Mangal,zarna mangal,INST-060,Undergraduate,4th Year,2004-09-08,G_S01279,ADDR_S01279
S01280,Bahadurjit Uppal,bahadurjit uppal,INST-041,Undergraduate,3th Year,2003-09-28,G_S01280,ADDR_S01280
S01281,Omkaar Banik,omkaar banik,INST-037,Undergraduate,3th Year,2004-12-24,G_S01281,ADDR_S01281
S01282,William Acharya,william acharya,INST-042,Undergraduate,2th Year,2004-04-20,G_S01282,ADDR_S01282
S01283,Gabriel Majumdar,gabriel majumdar,INST-043,Undergraduate,4th Year,2008-09-03,G_S01283,ADDR_S01283
S01284,Ira Rana,ira rana,INST-047,Undergraduate,3th Year,2005-03-22,G_S01284,ADDR_S01284
S01285,Sai Vasa,sai vasa,INST-005,Undergraduate,3th Year,2008-10-05,G_S01285,ADDR_S01285
S01286,Ekapad Chana,ekapad chana,INST-028,Undergraduate,3th Year,2004-04-23,G_S01286,ADDR_S01286
S01287,Ijaya Palan,ijaya palan,INST-009,Undergraduate,3th Year,2006-09-04,G_S01287,ADDR_S01287
S01288,Upkaar Hayer,upkaar hayer,INST-009,Undergraduate,3th Year,2008-11-03,G_S01288,ADDR_S01288
S01289,Netra Agrawal,netra agrawal,INST-041,Undergraduate,2th Year,2003-09-09,G_S01289,ADDR_S01289
S01290,Parth Ray,parth ray,INST-010,Undergraduate,2th Year,2007-12-28,G_S01290,ADDR_S01290
S01291,Elijah Thakur,elijah thakur,INST-006,Undergraduate,2th Year,2007-03-15,G_S01291,ADDR_S01291
S01292,Harini Dada,harini dada,INST-031,Undergraduate,2th Year,2006-04-03,G_S01292,ADDR_S01292
S01293,Zashil Savant,zashil savant,INST-014,Undergraduate,4th Year,2003-01-21,G_S01293,ADDR_S01293
S01294,Veda Kohli,veda kohli,INST-018,Undergraduate,2th Year,2006-11-13,G_S01294,ADDR_S01294
S01295,Tara Sharma,tara sharma,INST-025,Undergraduate,4th Year,2006-10-01,G_S01295,ADDR_S01295
S01296,Vasatika Dada,vasatika dada,INST-005,Undergraduate,3th Year,2004-03-06,G_S01296,ADDR_S01296
S01297,Ekansh Raja,ekansh raja,INST-027,Undergraduate,4th Year,2004-10-06,G_S01297,ADDR_S01297
S01298,Victor Mutti,victor mutti,INST-009,Undergraduate,2th Year,2004-11-17,G_S01298,ADDR_S01298
S01299,Ira Varty,ira varty,INST-017,Undergraduate,1th Year,2008-12-22,G_S01299,ADDR_S01299
S01300,Adya Kothari,adya kothari,INST-031,Undergraduate,2th Year,2006-10-05,G_S01300,ADDR_S01300
S01301,Girik Rastogi,girik rastogi,INST-047,Undergraduate,2th Year,2006-07-05,G_S01301,ADDR_S01301
S01302,Faqid Gokhale,faqid gokhale,INST-059,Undergraduate,4th Year,2004-10-04,G_S01302,ADDR_S01302
S01303,Dipta Pandya,dipta pandya,INST-035,Undergraduate,2th Year,2007-09-27,G_S01303,ADDR_S01303
S01304,Amruta Goswami,amruta goswami,INST-056,Undergraduate,4th Year,2004-08-26,G_S01304,ADDR_S01304
S01305,Wishi Iyengar,wishi iyengar,INST-017,Undergraduate,3th Year,2007-09-14,G_S01305,ADDR_S01305
S01306,Wyatt Lanka,wyatt lanka,INST-051,Undergraduate,1th Year,2007-01-13,G_S01306,ADDR_S01306
S01307,Veer Jain,veer jain,INST-010,Undergraduate,4th Year,2007-06-20,G_S01307,ADDR_S01307
S01308,Ishani Dugal,ishani dugal,INST-051,Undergraduate,2th Year,2005-09-18,G_S01308,ADDR_S01308
S01309,Jagdish Brar,jagdish brar,INST-050,Undergraduate,1th Year,2008-04-15,G_S01309,ADDR_S01309
S01310,Abeer Basak,abeer basak,INST-026,Undergraduate,1th Year,2004-07-21,G_S01310,ADDR_S01310
S01311,Kamya Murty,kamya murty,INST-039,Undergraduate,1th Year,2007-01-24,G_S01311,ADDR_S01311
S01312,Anvi Swaminathan,anvi swaminathan,INST-039,Undergraduate,2th Year,2008-08-15,G_S01312,ADDR_S01312
S01313,Yasti Mammen,yasti mammen,INST-003,Undergraduate,2th Year,2008-01-12,G_S01313,ADDR_S01313
S01314,Tristan Dave,tristan dave,INST-018,Undergraduate,4th Year,2006-10-07,G_S01314,ADDR_S01314
S01315,Pallavi Sridhar,pallavi sridhar,INST-036,Undergraduate,3th Year,2005-05-08,G_S01315,ADDR_S01315
S01316,Yadavi Palan,yadavi palan,INST-037,Undergraduate,2th Year,2006-09-04,G_S01316,ADDR_S01316
S01317,Owen Shankar,owen shankar,INST-008,Undergraduate,3th Year,2008-08-13,G_S01317,ADDR_S01317
S01318,Zarna Sharma,zarna sharma,INST-050,Undergraduate,4th Year,2007-01-16,G_S01318,ADDR_S01318
S01319,Abhiram Arora,abhiram arora,INST-051,Undergraduate,4th Year,2005-09-18,G_S01319,ADDR_S01319
S01320,Ladli Chaudhuri,ladli chaudhuri,INST-026,Undergraduate,2th Year,2006-06-12,G_S01320,ADDR_S01320
S01321,Janaki Lad,janaki lad,INST-048,Undergraduate,2th Year,2005-04-08,G_S01321,ADDR_S01321
S01322,Adya Khalsa,adya khalsa,INST-007,Undergraduate,4th Year,2007-01-25,G_S01322,ADDR_S01322
S01323,Urishilla Oza,urishilla oza,INST-021,Undergraduate,3th Year,2006-03-25,G_S01323,ADDR_S01323
S01324,Qarin Tara,qarin tara,INST-037,Undergraduate,4th Year,2006-09-02,G_S01324,ADDR_S01324
S01325,Shivansh Saini,shivansh saini,INST-050,Undergraduate,4th Year,2005-12-01,G_S01325,ADDR_S01325
S01326,Janya Rattan,janya rattan,INST-021,Undergraduate,3th Year,2004-09-09,G_S01326,ADDR_S01326
S01327,Shravya Gole,shravya gole,INST-022,Undergraduate,3th Year,2005-07-09,G_S01327,ADDR_S01327
S01328,Veer Chaudhry,veer chaudhry,INST-044,Undergraduate,1th Year,2008-05-26,G_S01328,ADDR_S01328
S01329,Warinder Sankaran,warinder sankaran,INST-013,Undergraduate,1th Year,2004-07-16,G_S01329,ADDR_S01329
S01330,Rohan Dhingra,rohan dhingra,INST-051,Undergraduate,3th Year,2007-10-02,G_S01330,ADDR_S01330
S01331,Urvashi Andra,urvashi andra,INST-053,Undergraduate,3th Year,2005-06-12,G_S01331,ADDR_S01331
S01332,Oviya Tata,oviya tata,INST-027,Undergraduate,2th Year,2007-10-21,G_S01332,ADDR_S01332
S01333,Zansi Walla,zansi walla,INST-044,Undergraduate,4th Year,2007-05-15,G_S01333,ADDR_S01333
S01334,Vidhi Mital,vidhi mital,INST-060,Undergraduate,4th Year,2003-02-06,G_S01334,ADDR_S01334
S01335,Champak Rao,champak rao,INST-019,Undergraduate,3th Year,2008-10-17,G_S01335,ADDR_S01335
S01336,Nihal Bhasin,nihal bhasin,INST-002,Undergraduate,2th Year,2008-05-24,G_S01336,ADDR_S01336
S01337,Aachal Soni,aachal soni,INST-007,Undergraduate,1th Year,2003-07-17,G_S01337,ADDR_S01337
S01338,Shivani Natt,shivani natt,INST-006,Undergraduate,2th Year,2004-12-10,G_S01338,ADDR_S01338
S01339,Jalsa Parsa,jalsa parsa,INST-011,Undergraduate,4th Year,2006-09-09,G_S01339,ADDR_S01339
S01340,Hemangini Bahri,hemangini bahri,INST-045,Undergraduate,4th Year,2008-12-21,G_S01340,ADDR_S01340
S01341,Jairaj Panchal,jairaj panchal,INST-041,Undergraduate,2th Year,2003-08-10,G_S01341,ADDR_S01341
S01342,Owen Mane,owen mane,INST-001,Undergraduate,2th Year,2005-05-16,G_S01342,ADDR_S01342
S01343,Ekta Uppal,ekta uppal,INST-031,Undergraduate,2th Year,2003-09-12,G_S01343,ADDR_S01343
S01344,Sanya Brar,sanya brar,INST-011,Undergraduate,4th Year,2004-05-03,G_S01344,ADDR_S01344
S01345,Bhavini Sheth,bhavini sheth,INST-059,Undergraduate,3th Year,2006-04-28,G_S01345,ADDR_S01345
S01346,Oliver Nazareth,oliver nazareth,INST-041,Undergraduate,4th Year,2005-12-20,G_S01346,ADDR_S01346
S01347,NIDHI BORA,nidhi bora,INST-035,Undergraduate,2th Year,2008-08-24,G_S01347,ADDR_S01347
S01348,Neel Oza,neel oza,INST-032,Undergraduate,4th Year,2005-08-12,G_S01348,ADDR_S01348
S01349,Dipta Nadig,dipta nadig,INST-049,Undergraduate,4th Year,2004-04-27,G_S01349,ADDR_S01349
S01350,Amara Rana,amara rana,INST-050,Undergraduate,4th Year,2004-12-02,G_S01350,ADDR_S01350
S01351,Sai Patil,sai patil,INST-014,Undergraduate,2th Year,2008-12-02,G_S01351,ADDR_S01351
S01352,Odika Ganesh,odika ganesh,INST-031,Undergraduate,3th Year,2003-11-07,G_S01352,ADDR_S01352
S01353,Arin Dass,arin dass,INST-011,Undergraduate,1th Year,2003-10-26,G_S01353,ADDR_S01353
S01354,Zayan Buch,zayan buch,INST-006,Undergraduate,4th Year,2003-11-20,G_S01354,ADDR_S01354
S01355,Ojas Ranganathan,ojas ranganathan,INST-010,Undergraduate,3th Year,2007-11-25,G_S01355,ADDR_S01355
S01356,GIRISH BHATT,girish bhatt,INST-047,Undergraduate,1th Year,2006-12-15,G_S01356,ADDR_S01356
S01357,Chatura Bal,chatura bal,INST-013,Undergraduate,4th Year,2005-10-28,G_S01357,ADDR_S01357
S01358,Fiyaz Chawla,fiyaz chawla,INST-029,Undergraduate,3th Year,2007-06-15,G_S01358,ADDR_S01358
S01359,Nachiket Chad,nachiket chad,INST-057,Undergraduate,2th Year,2005-12-03,G_S01359,ADDR_S01359
S01360,Dayamai Karnik,dayamai karnik,INST-032,Undergraduate,3th Year,2005-07-21,G_S01360,ADDR_S01360
S01361,Bhanumati Savant,bhanumati savant,INST-005,Undergraduate,2th Year,2003-08-07,G_S01361,ADDR_S01361
S01362,Karan Vyas,karan vyas,INST-034,Undergraduate,3th Year,2003-06-08,G_S01362,ADDR_S01362
S01363,Ayush Banerjee,ayush banerjee,INST-014,Undergraduate,1th Year,2005-09-24,G_S01363,ADDR_S01363
S01364,Eshana Soni,eshana soni,INST-018,Undergraduate,1th Year,2005-02-07,G_S01364,ADDR_S01364
S01365,Anita Saxena,anita saxena,INST-015,Undergraduate,2th Year,2007-11-06,G_S01365,ADDR_S01365
S01366,Peter Shan,peter shan,INST-050,Undergraduate,4th Year,2008-11-14,G_S01366,ADDR_S01366
S01367,Dayita Palan,dayita palan,INST-036,Undergraduate,4th Year,2005-06-18,G_S01367,ADDR_S01367
S01368,Utkarsh Chakraborty,utkarsh chakraborty,INST-028,Undergraduate,2th Year,2007-09-07,G_S01368,ADDR_S01368
S01369,Darika Pau,darika pau,INST-029,Undergraduate,3th Year,2007-01-17,G_S01369,ADDR_S01369
S01370,Abha Dugal,abha dugal,INST-015,Undergraduate,3th Year,2003-12-27,G_S01370,ADDR_S01370
S01371,Advaith Acharya,advaith acharya,INST-060,Undergraduate,2th Year,2004-05-12,G_S01371,ADDR_S01371
S01372,Hemangini Mangat,hemangini mangat,INST-052,Undergraduate,4th Year,2007-04-24,G_S01372,ADDR_S01372
S01373,Abhiram Swamy,abhiram swamy,INST-053,Undergraduate,3th Year,2003-12-26,G_S01373,ADDR_S01373
S01374,Chandani Andra,chandani andra,INST-059,Undergraduate,4th Year,2006-02-28,G_S01374,ADDR_S01374
S01375,Brinda Kashyap,brinda kashyap,INST-041,Undergraduate,2th Year,2005-09-23,G_S01375,ADDR_S01375
S01376,Kashvi Gulati,kashvi gulati,INST-026,Undergraduate,1th Year,2004-07-10,G_S01376,ADDR_S01376
S01377,Rajeshri Rana,rajeshri rana,INST-006,Undergraduate,3th Year,2003-07-17,G_S01377,ADDR_S01377
S01378,Nihal Ramakrishnan,nihal ramakrishnan,INST-013,Undergraduate,2th Year,2007-10-24,G_S01378,ADDR_S01378
S01379,Thomas Lall,thomas lall,INST-050,Undergraduate,1th Year,2008-07-14,G_S01379,ADDR_S01379
S01380,Pahal Khatri,pahal khatri,INST-039,Undergraduate,3th Year,2004-06-20,G_S01380,ADDR_S01380
S01381,Bhavani Wali,bhavani wali,INST-053,Undergraduate,1th Year,2003-12-02,G_S01381,ADDR_S01381
S01382,Nitara  Guha,nitara guha,INST-008,Undergraduate,4th Year,2003-06-07,G_S01382,ADDR_S01382
S01383,Qabil Deshpande,qabil deshpande,INST-034,Undergraduate,1th Year,2006-10-22,G_S01383,ADDR_S01383
S01384,Indrajit Shah,indrajit shah,INST-019,Undergraduate,3th Year,2003-08-21,G_S01384,ADDR_S01384
S01385,Anita Swamy,anita swamy,INST-043,Undergraduate,4th Year,2004-07-17,G_S01385,ADDR_S01385
S01386,Ekani Bahl,ekani bahl,INST-039,Undergraduate,2th Year,2004-09-15,G_S01386,ADDR_S01386
S01387,Chandran Warrior,chandran warrior,INST-034,Undergraduate,1th Year,2005-11-12,G_S01387,ADDR_S01387
S01388,Quincy Chaudry,quincy chaudry,INST-033,Undergraduate,1th Year,2008-05-13,G_S01388,ADDR_S01388
S01389,Amruta Dass,amruta dass,INST-022,Undergraduate,2th Year,2006-04-19,G_S01389,ADDR_S01389
S01390,Abhiram Kaul,abhiram kaul,INST-022,Undergraduate,2th Year,2004-11-05,G_S01390,ADDR_S01390
S01391,Matthew Aurora,matthew aurora,INST-020,Undergraduate,2th Year,2008-10-06,G_S01391,ADDR_S01391
S01392,Teerth Oommen,teerth oommen,INST-008,Undergraduate,2th Year,2008-01-25,G_S01392,ADDR_S01392
S01393,Devika Tara,devika tara,INST-048,Undergraduate,2th Year,2003-10-20,G_S01393,ADDR_S01393
S01394,Ubika Balay,ubika balay,INST-015,Undergraduate,1th Year,2008-08-05,G_S01394,ADDR_S01394
S01395,Faris Dhingra,faris dhingra,INST-025,Undergraduate,1th Year,2006-01-09,G_S01395,ADDR_S01395
S01396,Amaira Ramanathan,amaira ramanathan,INST-005,Undergraduate,4th Year,2008-06-28,G_S01396,ADDR_S01396
S01397,Upma Golla,upma golla,INST-003,Undergraduate,4th Year,2007-12-19,G_S01397,ADDR_S01397
S01398,Zashil Raj,zashil raj,INST-046,Undergraduate,1th Year,2006-08-27,G_S01398,ADDR_S01398
S01399,Jairaj Kothari,jairaj kothari,INST-048,Undergraduate,1th Year,2004-05-15,G_S01399,ADDR_S01399
S01400,Saanvi Kota,saanvi kota,INST-028,Undergraduate,1th Year,2008-09-05,G_S01400,ADDR_S01400
S01401,Rushil Sharma,rushil sharma,INST-008,Undergraduate,2th Year,2006-07-11,G_S01401,ADDR_S01401
S01402,Sathvik Solanki,sathvik solanki,INST-058,Undergraduate,1th Year,2005-06-23,G_S01402,ADDR_S01402
S01403,Devika Naidu,devika naidu,INST-046,Undergraduate,4th Year,2008-09-20,G_S01403,ADDR_S01403
S01404,Brijesh Verma,brijesh verma,INST-011,Undergraduate,2th Year,2004-03-06,G_S01404,ADDR_S01404
S01405,Zehaan Srivastava,zehaan srivastava,INST-047,Undergraduate,2th Year,2003-10-25,G_S01405,ADDR_S01405
S01406,Rushil Patel,rushil patel,INST-032,Undergraduate,1th Year,2007-08-08,G_S01406,ADDR_S01406
S01407,Tejas Chowdhury,tejas chowdhury,INST-029,Undergraduate,3th Year,2007-11-18,G_S01407,ADDR_S01407
S01408,Radha Nair,radha nair,INST-042,Undergraduate,2th Year,2003-11-19,G_S01408,ADDR_S01408
S01409,Oliver Majumdar,oliver majumdar,INST-004,Undergraduate,3th Year,2007-11-23,G_S01409,ADDR_S01409
S01410,Meghana Kibe,meghana kibe,INST-006,Undergraduate,3th Year,2006-02-25,G_S01410,ADDR_S01410
S01411,Brijesh Soman,brijesh soman,INST-009,Undergraduate,4th Year,2007-04-23,G_S01411,ADDR_S01411
S01412,Kamya Chakraborty,kamya chakraborty,INST-041,Undergraduate,4th Year,2008-12-20,G_S01412,ADDR_S01412
S01413,Nakul Tata,nakul tata,INST-021,Undergraduate,2th Year,2007-10-16,G_S01413,ADDR_S01413
S01414,Hamsini Bhasin,hamsini bhasin,INST-057,Undergraduate,3th Year,2004-01-04,G_S01414,ADDR_S01414
S01415,Ishani Dube,ishani dube,INST-014,Undergraduate,3th Year,2007-11-07,G_S01415,ADDR_S01415
S01416,Jeremiah Sura,jeremiah sura,INST-005,Undergraduate,3th Year,2003-02-22,G_S01416,ADDR_S01416
S01417,Edhitha Palan,edhitha palan,INST-040,Undergraduate,3th Year,2008-08-16,G_S01417,ADDR_S01417
S01418,Reyansh Bail,reyansh bail,INST-030,Undergraduate,4th Year,2006-12-02,G_S01418,ADDR_S01418
S01419,Ishita Desai,ishita desai,INST-044,Undergraduate,3th Year,2005-02-05,G_S01419,ADDR_S01419
S01420,Balveer Sundaram,balveer sundaram,INST-041,Undergraduate,2th Year,2007-10-13,G_S01420,ADDR_S01420
S01421,Chaitaly Suri,chaitaly suri,INST-021,Undergraduate,3th Year,2006-05-07,G_S01421,ADDR_S01421
S01422,Rachit Pall,rachit pall,INST-051,Undergraduate,2th Year,2003-08-17,G_S01422,ADDR_S01422
S01423,Upadhriti Maharaj,upadhriti maharaj,INST-022,Undergraduate,3th Year,2004-02-27,G_S01423,ADDR_S01423
S01424,Ekapad Wali,ekapad wali,INST-030,Undergraduate,1th Year,2003-05-02,G_S01424,ADDR_S01424
S01425,Shivani Merchant,shivani merchant,INST-003,Undergraduate,1th Year,2007-05-21,G_S01425,ADDR_S01425
S01426,Jeevika Setty,jeevika setty,INST-018,Undergraduate,4th Year,2008-02-09,G_S01426,ADDR_S01426
S01427,Yashawini Raghavan,yashawini raghavan,INST-040,Undergraduate,3th Year,2005-03-23,G_S01427,ADDR_S01427
S01428,Anirudh Patla,anirudh patla,INST-020,Undergraduate,4th Year,2003-03-01,G_S01428,ADDR_S01428
S01429,Ekani Bhatnagar,ekani bhatnagar,INST-006,Undergraduate,4th Year,2007-06-10,G_S01429,ADDR_S01429
S01430,Ranveer Viswanathan,ranveer viswanathan,INST-060,Undergraduate,2th Year,2003-12-15,G_S01430,ADDR_S01430
S01431,Mitesh Mandal,mitesh mandal,INST-046,Undergraduate,3th Year,2005-07-06,G_S01431,ADDR_S01431
S01432,Nimrat Nagy,nimrat nagy,INST-002,Undergraduate,1th Year,2005-08-15,G_S01432,ADDR_S01432
S01433,Gopal Virk,gopal virk,INST-009,Undergraduate,1th Year,2005-09-21,G_S01433,ADDR_S01433
S01434,Caleb Dayal,caleb dayal,INST-038,Undergraduate,2th Year,2007-03-16,G_S01434,ADDR_S01434
S01435,Azad Jaggi,azad jaggi,INST-045,Undergraduate,3th Year,2007-12-08,G_S01435,ADDR_S01435
S01436,Vedika Handa,vedika handa,INST-039,Undergraduate,1th Year,2006-03-10,G_S01436,ADDR_S01436
S01437,Azad Rama,azad rama,INST-039,Undergraduate,1th Year,2004-03-19,G_S01437,ADDR_S01437
S01438,Aahana Bawa,aahana bawa,INST-029,Undergraduate,4th Year,2007-10-15,G_S01438,ADDR_S01438
S01439,Timothy Bobal,timothy bobal,INST-051,Undergraduate,3th Year,2003-10-01,G_S01439,ADDR_S01439
S01440,Sathvik Swamy,sathvik swamy,INST-055,Undergraduate,3th Year,2007-01-01,G_S01440,ADDR_S01440
S01441,Upadhriti Bhat,upadhriti bhat,INST-019,Undergraduate,3th Year,2008-07-13,G_S01441,ADDR_S01441
S01442,Ojasvi Pillay,ojasvi pillay,INST-012,Undergraduate,2th Year,2007-07-27,G_S01442,ADDR_S01442
S01443,Amaira Wadhwa,amaira wadhwa,INST-056,Undergraduate,2th Year,2008-08-22,G_S01443,ADDR_S01443
S01444,Ekavir Modi,ekavir modi,INST-052,Undergraduate,4th Year,2007-03-15,G_S01444,ADDR_S01444
S01445,Tarak Venkataraman,tarak venkataraman,INST-015,Undergraduate,2th Year,2008-09-09,G_S01445,ADDR_S01445
S01446,Harrison Kashyap,harrison kashyap,INST-003,Undergraduate,3th Year,2003-10-16,G_S01446,ADDR_S01446
S01447,Ranveer Hans,ranveer hans,INST-034,Undergraduate,1th Year,2004-08-21,G_S01447,ADDR_S01447
S01448,Praneel Sagar,praneel sagar,INST-020,Undergraduate,3th Year,2007-01-16,G_S01448,ADDR_S01448
S01449,Ishita Shanker,ishita shanker,INST-022,Undergraduate,3th Year,2004-01-23,G_S01449,ADDR_S01449
S01450,Hemang Ganesan,hemang ganesan,INST-031,Undergraduate,1th Year,2008-05-26,G_S01450,ADDR_S01450
S01451,Neelima Thaman,neelima thaman,INST-009,Undergraduate,2th Year,2007-05-09,G_S01451,ADDR_S01451
S01452,Nakul Walla,nakul walla,INST-039,Undergraduate,2th Year,2008-08-12,G_S01452,ADDR_S01452
S01453,Indira Murty,indira murty,INST-052,Undergraduate,2th Year,2007-03-27,G_S01453,ADDR_S01453
S01454,Kamya Sachar,kamya sachar,INST-029,Undergraduate,3th Year,2003-11-09,G_S01454,ADDR_S01454
S01455,Ekiya Khosla,ekiya khosla,INST-031,Undergraduate,2th Year,2006-11-23,G_S01455,ADDR_S01455
S01456,Keya Kumar,keya kumar,INST-056,Undergraduate,3th Year,2006-07-22,G_S01456,ADDR_S01456
S01457,Sneha Sem,sneha sem,INST-035,Undergraduate,3th Year,2005-05-09,G_S01457,ADDR_S01457
S01458,Aadi Banerjee,aadi banerjee,INST-026,Undergraduate,2th Year,2008-11-19,G_S01458,ADDR_S01458
S01459,Amol Vasa,amol vasa,INST-045,Undergraduate,1th Year,2003-07-04,G_S01459,ADDR_S01459
S01460,Chasmum Ahuja,chasmum ahuja,INST-047,Undergraduate,2th Year,2003-01-20,G_S01460,ADDR_S01460
S01461,Tristan Kala,tristan kala,INST-041,Undergraduate,2th Year,2006-11-25,G_S01461,ADDR_S01461
S01462,Anthony Majumdar,anthony majumdar,INST-030,Undergraduate,4th Year,2005-07-23,G_S01462,ADDR_S01462
S01463,Girindra Barad,girindra barad,INST-018,Undergraduate,3th Year,2005-03-15,G_S01463,ADDR_S01463
S01464,Ishani Dugal,ishani dugal,INST-012,Undergraduate,2th Year,2007-07-07,G_S01464,ADDR_S01464
S01465,Alka Peri,alka peri,INST-007,Undergraduate,4th Year,2003-08-05,G_S01465,ADDR_S01465
S01466,Viraj Kunda,viraj kunda,INST-045,Undergraduate,1th Year,2007-12-25,G_S01466,ADDR_S01466
S01467,George Ratta,george ratta,INST-047,Undergraduate,4th Year,2003-10-18,G_S01467,ADDR_S01467
S01468,Faras Nair,faras nair,INST-041,Undergraduate,3th Year,2003-08-25,G_S01468,ADDR_S01468
S01469,Oscar Sura,oscar sura,INST-025,Undergraduate,3th Year,2006-02-21,G_S01469,ADDR_S01469
S01470,Charita Barad,charita barad,INST-002,Undergraduate,4th Year,2006-02-26,G_S01470,ADDR_S01470
S01471,Farhan Bhalla,farhan bhalla,INST-054,Undergraduate,1th Year,2005-12-02,G_S01471,ADDR_S01471
S01472,Ijaya Saraf,ijaya saraf,INST-043,Undergraduate,2th Year,2008-10-08,G_S01472,ADDR_S01472
S01473,Jai Karan,jai karan,INST-032,Undergraduate,2th Year,2008-11-05,G_S01473,ADDR_S01473
S01474,Lavanya Bhagat,lavanya bhagat,INST-053,Undergraduate,2th Year,2007-02-27,G_S01474,ADDR_S01474
S01475,Benjamin Nagar,benjamin nagar,INST-040,Undergraduate,4th Year,2005-02-22,G_S01475,ADDR_S01475
S01476,Eta Thakkar,eta thakkar,INST-051,Undergraduate,1th Year,2007-03-11,G_S01476,ADDR_S01476
S01477,Michael Bedi,michael bedi,INST-027,Undergraduate,2th Year,2007-01-05,G_S01477,ADDR_S01477
S01478,SANAYA THAMAN,sanaya thaman,INST-001,Undergraduate,1th Year,2008-11-19,G_S01478,ADDR_S01478
S01479,Tristan Sankaran,tristan sankaran,INST-014,Undergraduate,2th Year,2004-10-23,G_S01479,ADDR_S01479
S01480,Meera Divan,meera divan,INST-006,Undergraduate,4th Year,2003-09-08,G_S01480,ADDR_S01480
S01481,Gayathri Butala,gayathri butala,INST-040,Undergraduate,2th Year,2006-11-22,G_S01481,ADDR_S01481
S01482,Chandran Rastogi,chandran rastogi,INST-051,Undergraduate,4th Year,2006-03-06,G_S01482,ADDR_S01482
S01483,Frederick Rastogi,frederick rastogi,INST-019,Undergraduate,4th Year,2003-02-24,G_S01483,ADDR_S01483
S01484,Kalpit Deshmukh,kalpit deshmukh,INST-002,Undergraduate,1th Year,2003-04-24,G_S01484,ADDR_S01484
S01485,Rudra Sura,rudra sura,INST-048,Undergraduate,1th Year,2004-12-14,G_S01485,ADDR_S01485
S01486,Rohan Viswanathan,rohan viswanathan,INST-005,Undergraduate,4th Year,2003-07-05,G_S01486,ADDR_S01486
S01487,Xavier Bora,xavier bora,INST-009,Undergraduate,2th Year,2005-03-02,G_S01487,ADDR_S01487
S01488,Qushi Naik,qushi naik,INST-008,Undergraduate,4th Year,2004-06-08,G_S01488,ADDR_S01488
S01489,Isaiah Sachdev,isaiah sachdev,INST-036,Undergraduate,2th Year,2007-08-27,G_S01489,ADDR_S01489
S01490,Jasmit Pall,jasmit pall,INST-048,Undergraduate,3th Year,2006-10-08,G_S01490,ADDR_S01490
S01491,Ekani Padmanabhan,ekani padmanabhan,INST-003,Undergraduate,1th Year,2006-09-13,G_S01491,ADDR_S01491
S01492,Dalaja Gara,dalaja gara,INST-006,Undergraduate,1th Year,2008-12-14,G_S01492,ADDR_S01492
S01493,Riya Dhingra,riya dhingra,INST-016,Undergraduate,4th Year,2007-12-19,G_S01493,ADDR_S01493
S01494,Chaitanya Kaur,chaitanya kaur,INST-056,Undergraduate,3th Year,2008-08-23,G_S01494,ADDR_S01494
S01495,Kashvi Dugal,kashvi dugal,INST-045,Undergraduate,3th Year,2008-10-18,G_S01495,ADDR_S01495
S01496,Isaiah Bhagat,isaiah bhagat,INST-022,Undergraduate,3th Year,2003-02-13,G_S01496,ADDR_S01496
S01497,Manbir Mani,manbir mani,INST-012,Undergraduate,2th Year,2004-06-08,G_S01497,ADDR_S01497
S01498,Hemal Choudhry,hemal choudhry,INST-049,Undergraduate,2th Year,2008-04-11,G_S01498,ADDR_S01498
S01499,Shivani Sinha,shivani sinha,INST-018,Undergraduate,1th Year,2006-12-18,G_S01499,ADDR_S01499
S01500,Garima Kadakia,garima kadakia,INST-052,Undergraduate,4th Year,2003-02-13,G_S01500,ADDR_S01500
S01501,Samar Virk,samar virk,INST-018,Undergraduate,1th Year,2005-07-22,G_S01501,ADDR_S01501
S01502,Vasudha Dhaliwal,vasudha dhaliwal,INST-029,Undergraduate,2th Year,2003-01-28,G_S01502,ADDR_S01502
S01503,Krisha Vyas,krisha vyas,INST-022,Undergraduate,4th Year,2006-05-19,G_S01503,ADDR_S01503
S01504,Aadhya Garde,aadhya garde,INST-015,Undergraduate,3th Year,2003-03-12,G_S01504,ADDR_S01504
S01505,Bhanumati Iyer,bhanumati iyer,INST-011,Undergraduate,2th Year,2004-04-04,G_S01505,ADDR_S01505
S01506,Chatresh Shroff,chatresh shroff,INST-024,Undergraduate,1th Year,2008-06-12,G_S01506,ADDR_S01506
S01507,Ekalinga Rama,ekalinga rama,INST-011,Undergraduate,4th Year,2004-08-11,G_S01507,ADDR_S01507
S01508,Jagvi Chokshi,jagvi chokshi,INST-022,Undergraduate,3th Year,2007-11-05,G_S01508,ADDR_S01508
S01509,Brinda Raju,brinda raju,INST-008,Undergraduate,1th Year,2005-01-13,G_S01509,ADDR_S01509
S01510,Lajita Trivedi,lajita trivedi,INST-021,Undergraduate,2th Year,2007-09-08,G_S01510,ADDR_S01510
S01511,Diya Sundaram,diya sundaram,INST-055,Undergraduate,4th Year,2004-08-11,G_S01511,ADDR_S01511
S01512,Quincy Issac,quincy issac,INST-024,Undergraduate,4th Year,2005-07-12,G_S01512,ADDR_S01512
S01513,Anthony Baral,anthony baral,INST-029,Undergraduate,4th Year,2006-05-06,G_S01513,ADDR_S01513
S01514,Dalaja Nath,dalaja nath,INST-038,Undergraduate,2th Year,2004-05-16,G_S01514,ADDR_S01514
S01515,Maya Dugar,maya dugar,INST-038,Undergraduate,4th Year,2004-09-15,G_S01515,ADDR_S01515
S01516,Idika Pandey,idika pandey,INST-054,Undergraduate,4th Year,2003-05-27,G_S01516,ADDR_S01516
S01517,Chasmum Keer,chasmum keer,INST-030,Undergraduate,3th Year,2008-11-16,G_S01517,ADDR_S01517
S01518,David Kurian,david kurian,INST-059,Undergraduate,1th Year,2005-08-03,G_S01518,ADDR_S01518
S01519,Ayushman Mammen,ayushman mammen,INST-056,Undergraduate,1th Year,2005-09-24,G_S01519,ADDR_S01519
S01520,Max Om,max om,INST-004,Undergraduate,4th Year,2008-03-12,G_S01520,ADDR_S01520
S01521,Laksh Chahal,laksh chahal,INST-041,Undergraduate,1th Year,2007-04-25,G_S01521,ADDR_S01521
S01522,Utkarsh Sahni,utkarsh sahni,INST-011,Undergraduate,3th Year,2008-05-09,G_S01522,ADDR_S01522
S01523,Michael Sandhu,michael sandhu,INST-023,Undergraduate,4th Year,2006-06-06,G_S01523,ADDR_S01523
S01524,Forum Sen,forum sen,INST-054,Undergraduate,1th Year,2006-08-03,G_S01524,ADDR_S01524
S01525,Samuel Devi,samuel devi,INST-020,Undergraduate,3th Year,2004-12-10,G_S01525,ADDR_S01525
S01526,Lakshit More,lakshit more,INST-045,Undergraduate,2th Year,2005-03-07,G_S01526,ADDR_S01526
S01527,Qushi Dhillon,qushi dhillon,INST-051,Undergraduate,4th Year,2003-04-04,G_S01527,ADDR_S01527
S01528,Eesha Bir,eesha bir,INST-059,Undergraduate,1th Year,2005-11-01,G_S01528,ADDR_S01528
S01529,Qarin Nadkarni,qarin nadkarni,INST-014,Undergraduate,1th Year,2003-03-28,G_S01529,ADDR_S01529
S01530,Ayushman Nagar,ayushman nagar,INST-055,Undergraduate,2th Year,2007-10-03,G_S01530,ADDR_S01530
S01531,Nisha Mitter,nisha mitter,INST-046,Undergraduate,1th Year,2008-02-07,G_S01531,ADDR_S01531
S01532,Anusha Doshi,anusha doshi,INST-012,Undergraduate,1th Year,2004-06-13,G_S01532,ADDR_S01532
S01533,Hredhaan Deep,hredhaan deep,INST-008,Undergraduate,4th Year,2005-12-10,G_S01533,ADDR_S01533
S01534,Atharv Loke,atharv loke,INST-008,Undergraduate,4th Year,2007-12-10,G_S01534,ADDR_S01534
S01535,Vincent Kashyap,vincent kashyap,INST-019,Undergraduate,4th Year,2008-06-06,G_S01535,ADDR_S01535
S01536,Jagrati Buch,jagrati buch,INST-034,Undergraduate,2th Year,2006-07-23,G_S01536,ADDR_S01536
S01537,Krish Thakkar,krish thakkar,INST-013,Undergraduate,1th Year,2004-07-24,G_S01537,ADDR_S01537
S01538,Kashvi Gour,kashvi gour,INST-052,Undergraduate,4th Year,2008-10-13,G_S01538,ADDR_S01538
S01539,Vyanjana Som,vyanjana som,INST-030,Undergraduate,2th Year,2003-02-24,G_S01539,ADDR_S01539
S01540,Nihal Hans,nihal hans,INST-012,Undergraduate,3th Year,2004-05-20,G_S01540,ADDR_S01540
S01541,Bachittar Rege,bachittar rege,INST-034,Undergraduate,4th Year,2006-09-09,G_S01541,ADDR_S01541
S01542,Anamika Sachar,anamika sachar,INST-049,Undergraduate,1th Year,2006-08-11,G_S01542,ADDR_S01542
S01543,Samaksh Jayaraman,samaksh jayaraman,INST-012,Undergraduate,2th Year,2006-07-05,G_S01543,ADDR_S01543
S01544,Peter Sarna,peter sarna,INST-037,Undergraduate,4th Year,2006-09-28,G_S01544,ADDR_S01544
S01545,Ekta Shankar,ekta shankar,INST-032,Undergraduate,3th Year,2005-01-01,G_S01545,ADDR_S01545
S01546,Prisha Ravel,prisha ravel,INST-023,Undergraduate,3th Year,2006-02-14,G_S01546,ADDR_S01546
S01547,Lajita Munshi,lajita munshi,INST-043,Undergraduate,1th Year,2008-02-28,G_S01547,ADDR_S01547
S01548,Balvan Verma,balvan verma,INST-035,Undergraduate,4th Year,2008-07-19,G_S01548,ADDR_S01548
S01549,SIYA SHAN,siya shan,INST-002,Undergraduate,1th Year,2006-02-23,G_S01549,ADDR_S01549
S01550,Yatan Venkataraman,yatan venkataraman,INST-052,Undergraduate,3th Year,2005-07-07,G_S01550,ADDR_S01550
S01551,Balveer Ram,balveer ram,INST-017,Undergraduate,2th Year,2007-12-03,G_S01551,ADDR_S01551
S01552,Ranveer Manne,ranveer manne,INST-037,Undergraduate,4th Year,2004-06-26,G_S01552,ADDR_S01552
S01553,Mitali Modi,mitali modi,INST-028,Undergraduate,4th Year,2008-09-06,G_S01553,ADDR_S01553
S01554,Triya Ganesan,triya ganesan,INST-037,Undergraduate,4th Year,2005-11-18,G_S01554,ADDR_S01554
S01555,Chaitaly Bhagat,chaitaly bhagat,INST-024,Undergraduate,3th Year,2006-07-11,G_S01555,ADDR_S01555
S01556,Ubika Seth,ubika seth,INST-019,Undergraduate,2th Year,2006-04-04,G_S01556,ADDR_S01556
S01557,Xiti Chowdhury,xiti chowdhury,INST-053,Undergraduate,4th Year,2008-01-07,G_S01557,ADDR_S01557
S01558,Krishna  Ramaswamy,krishna ramaswamy,INST-018,Undergraduate,1th Year,2008-08-26,G_S01558,ADDR_S01558
S01559,Ekiya Seshadri,ekiya seshadri,INST-020,Undergraduate,1th Year,2006-12-27,G_S01559,ADDR_S01559
S01560,Praneel Setty,praneel setty,INST-033,Undergraduate,3th Year,2006-02-08,G_S01560,ADDR_S01560
S01561,Suhani Chana,suhani chana,INST-048,Undergraduate,2th Year,2004-02-06,G_S01561,ADDR_S01561
S01562,Ekiya Gade,ekiya gade,INST-056,Undergraduate,4th Year,2007-06-23,G_S01562,ADDR_S01562
S01563,Gavin Comar,gavin comar,INST-031,Undergraduate,3th Year,2006-12-12,G_S01563,ADDR_S01563
S01564,Janani Chada,janani chada,INST-043,Undergraduate,2th Year,2005-09-13,G_S01564,ADDR_S01564
S01565,Yasti Dutta,yasti dutta,INST-016,Undergraduate,3th Year,2005-02-27,G_S01565,ADDR_S01565
S01566,Lajita Bassi,lajita bassi,INST-057,Undergraduate,3th Year,2008-07-26,G_S01566,ADDR_S01566
S01567,Gautami Doctor,gautami doctor,INST-032,Undergraduate,4th Year,2003-03-23,G_S01567,ADDR_S01567
S01568,Maanav Gola,maanav gola,INST-039,Undergraduate,3th Year,2006-12-01,G_S01568,ADDR_S01568
S01569,Oni Morar,oni morar,INST-051,Undergraduate,3th Year,2007-02-04,G_S01569,ADDR_S01569
S01570,Sanaya Mani,sanaya mani,INST-050,Undergraduate,4th Year,2005-08-16,G_S01570,ADDR_S01570
S01571,Jacob Deep,jacob deep,INST-053,Undergraduate,3th Year,2004-07-13,G_S01571,ADDR_S01571
S01572,AARUSH KULKARNI,aarush kulkarni,INST-036,Undergraduate,2th Year,2003-08-07,G_S01572,ADDR_S01572
S01573,Tara Tank,tara tank,INST-028,Undergraduate,2th Year,2007-02-01,G_S01573,ADDR_S01573
S01574,Abdul Tak,abdul tak,INST-060,Undergraduate,4th Year,2003-04-23,G_S01574,ADDR_S01574
S01575,Teerth Soni,teerth soni,INST-032,Undergraduate,2th Year,2005-12-22,G_S01575,ADDR_S01575
S01576,Nimrat Sathe,nimrat sathe,INST-010,Undergraduate,3th Year,2004-10-15,G_S01576,ADDR_S01576
S01577,Abeer Konda,abeer konda,INST-031,Undergraduate,2th Year,2008-07-23,G_S01577,ADDR_S01577
S01578,Sarthak Bawa,sarthak bawa,INST-004,Undergraduate,2th Year,2006-06-20,G_S01578,ADDR_S01578
S01579,Manbir Bhakta,manbir bhakta,INST-025,Undergraduate,1th Year,2007-03-09,G_S01579,ADDR_S01579
S01580,Balhaar Dhillon,balhaar dhillon,INST-057,Undergraduate,1th Year,2005-12-17,G_S01580,ADDR_S01580
S01581,Chanchal Narula,chanchal narula,INST-003,Undergraduate,3th Year,2006-05-09,G_S01581,ADDR_S01581
S01582,Chandran Chopra,chandran chopra,INST-058,Undergraduate,4th Year,2004-09-28,G_S01582,ADDR_S01582
S01583,Pranav Edwin,pranav edwin,INST-004,Undergraduate,4th Year,2006-02-16,G_S01583,ADDR_S01583
S01584,Peter Shah,peter shah,INST-036,Undergraduate,4th Year,2003-12-28,G_S01584,ADDR_S01584
S01585,Balendra Chander,balendra chander,INST-056,Undergraduate,3th Year,2007-11-19,G_S01585,ADDR_S01585
S01586,Ekantika Pillay,ekantika pillay,INST-037,Undergraduate,1th Year,2004-08-22,G_S01586,ADDR_S01586
S01587,Ekansh Sane,ekansh sane,INST-044,Undergraduate,3th Year,2004-01-03,G_S01587,ADDR_S01587
S01588,Brinda Sinha,brinda sinha,INST-018,Undergraduate,1th Year,2005-01-21,G_S01588,ADDR_S01588
S01589,Jairaj Maharaj,jairaj maharaj,INST-047,Undergraduate,3th Year,2005-01-24,G_S01589,ADDR_S01589
S01590,Odika Vohra,odika vohra,INST-017,Undergraduate,4th Year,2003-01-28,G_S01590,ADDR_S01590
S01591,Shaurya Bhardwaj,shaurya bhardwaj,INST-019,Undergraduate,3th Year,2008-10-05,G_S01591,ADDR_S01591
S01592,Gagan Sule,gagan sule,INST-032,Undergraduate,4th Year,2005-10-20,G_S01592,ADDR_S01592
S01593,Prisha Nadig,prisha nadig,INST-040,Undergraduate,3th Year,2006-11-08,G_S01593,ADDR_S01593
S01594,Irya Dayal,irya dayal,INST-042,Undergraduate,3th Year,2006-07-03,G_S01594,ADDR_S01594
S01595,Zinal Tank,zinal tank,INST-009,Undergraduate,1th Year,2007-02-02,G_S01595,ADDR_S01595
S01596,Pranit Kaul,pranit kaul,INST-007,Undergraduate,3th Year,2005-05-19,G_S01596,ADDR_S01596
S01597,Rishi Agarwal,rishi agarwal,INST-043,Undergraduate,1th Year,2003-07-23,G_S01597,ADDR_S01597
S01598,Arjun Shroff,arjun shroff,INST-029,Undergraduate,3th Year,2005-03-07,G_S01598,ADDR_S01598
S01599,Sarthak Sachdeva,sarthak sachdeva,INST-007,Undergraduate,1th Year,2004-11-16,G_S01599,ADDR_S01599
S01600,Chakradev Nath,chakradev nath,INST-053,Undergraduate,4th Year,2005-02-05,G_S01600,ADDR_S01600
S01601,Simon Apte,simon apte,INST-002,Undergraduate,2th Year,2008-04-14,G_S01601,ADDR_S01601
S01602,Baghyawati Kumar,baghyawati kumar,INST-050,Undergraduate,4th Year,2006-01-04,G_S01602,ADDR_S01602
S01603,Darika Mital,darika mital,INST-031,Undergraduate,3th Year,2007-07-02,G_S01603,ADDR_S01603
S01604,Abeer Comar,abeer comar,INST-046,Undergraduate,4th Year,2008-10-20,G_S01604,ADDR_S01604
S01605,Harita Randhawa,harita randhawa,INST-026,Undergraduate,4th Year,2004-12-02,G_S01605,ADDR_S01605
S01606,Parth Hari,parth hari,INST-036,Undergraduate,4th Year,2006-02-16,G_S01606,ADDR_S01606
S01607,HAMSINI SRINIVAS,hamsini srinivas,INST-013,Undergraduate,3th Year,2007-12-22,G_S01607,ADDR_S01607
S01608,Balendra Deshpande,balendra deshpande,INST-025,Undergraduate,3th Year,2006-03-20,G_S01608,ADDR_S01608
S01609,Nachiket Sharma,nachiket sharma,INST-009,Undergraduate,4th Year,2006-05-08,G_S01609,ADDR_S01609
S01610,Turvi Sachdev,turvi sachdev,INST-023,Undergraduate,2th Year,2004-09-02,G_S01610,ADDR_S01610
S01611,Chandani Mutti,chandani mutti,INST-040,Undergraduate,3th Year,2005-01-25,G_S01611,ADDR_S01611
S01612,Sathvik Narula,sathvik narula,INST-056,Undergraduate,1th Year,2008-01-15,G_S01612,ADDR_S01612
S01613,Dominic Dixit,dominic dixit,INST-051,Undergraduate,1th Year,2007-02-06,G_S01613,ADDR_S01613
S01614,Azaan Nori,azaan nori,INST-011,Undergraduate,4th Year,2007-08-24,G_S01614,ADDR_S01614
S01615,Noah Ramachandran,noah ramachandran,INST-022,Undergraduate,1th Year,2004-08-11,G_S01615,ADDR_S01615
S01616,Jackson Morar,jackson morar,INST-024,Undergraduate,2th Year,2004-09-14,G_S01616,ADDR_S01616
S01617,Azad Magar,azad magar,INST-027,Undergraduate,3th Year,2003-08-05,G_S01617,ADDR_S01617
S01618,Gabriel Taneja,gabriel taneja,INST-006,Undergraduate,4th Year,2004-07-02,G_S01618,ADDR_S01618
S01619,Kamya Seth,kamya seth,INST-004,Undergraduate,3th Year,2008-12-11,G_S01619,ADDR_S01619
S01620,Tarak Vohra,tarak vohra,INST-058,Undergraduate,2th Year,2008-07-15,G_S01620,ADDR_S01620
S01621,Parth Choudhury,parth choudhury,INST-040,Undergraduate,4th Year,2004-05-03,G_S01621,ADDR_S01621
S01622,Baljiwan Jaggi,baljiwan jaggi,INST-047,Undergraduate,3th Year,2004-02-17,G_S01622,ADDR_S01622
S01623,Sachi Toor,sachi toor,INST-041,Undergraduate,3th Year,2004-05-24,G_S01623,ADDR_S01623
S01624,Vasudha Tella,vasudha tella,INST-054,Undergraduate,3th Year,2003-01-25,G_S01624,ADDR_S01624
S01625,Ranveer Oak,ranveer oak,INST-048,Undergraduate,2th Year,2005-05-10,G_S01625,ADDR_S01625
S01626,Dayita Narang,dayita narang,INST-007,Undergraduate,2th Year,2005-08-04,G_S01626,ADDR_S01626
S01627,Guneet Varty,guneet varty,INST-004,Undergraduate,1th Year,2005-11-17,G_S01627,ADDR_S01627
S01628,Samesh Bansal,samesh bansal,INST-056,Undergraduate,4th Year,2008-07-15,G_S01628,ADDR_S01628
S01629,Lila Vig,lila vig,INST-010,Undergraduate,1th Year,2008-04-15,G_S01629,ADDR_S01629
S01630,Aayush Mukhopadhyay,aayush mukhopadhyay,INST-024,Undergraduate,4th Year,2003-02-12,G_S01630,ADDR_S01630
S01631,Gagan Nath,gagan nath,INST-024,Undergraduate,1th Year,2004-03-26,G_S01631,ADDR_S01631
S01632,Chakradhar Chauhan,chakradhar chauhan,INST-020,Undergraduate,2th Year,2008-08-01,G_S01632,ADDR_S01632
S01633,Arin Muni,arin muni,INST-003,Undergraduate,3th Year,2006-08-27,G_S01633,ADDR_S01633
S01634,Ekani Iyer,ekani iyer,INST-030,Undergraduate,4th Year,2004-12-11,G_S01634,ADDR_S01634
S01635,Bhavini Malhotra,bhavini malhotra,INST-026,Undergraduate,3th Year,2008-02-28,G_S01635,ADDR_S01635
S01636,Ridhi Dalal,ridhi dalal,INST-008,Undergraduate,2th Year,2007-09-19,G_S01636,ADDR_S01636
S01637,Manthan Dugar,manthan dugar,INST-031,Undergraduate,2th Year,2003-05-26,G_S01637,ADDR_S01637
S01638,Ishwar Aurora,ishwar aurora,INST-035,Undergraduate,4th Year,2007-01-16,G_S01638,ADDR_S01638
S01639,Samuel Palla,samuel palla,INST-027,Undergraduate,1th Year,2003-02-18,G_S01639,ADDR_S01639
S01640,Anika Dhaliwal,anika dhaliwal,INST-050,Undergraduate,3th Year,2006-11-06,G_S01640,ADDR_S01640
S01641,YASH GARG,yash garg,INST-025,Undergraduate,3th Year,2006-02-02,G_S01641,ADDR_S01641
S01642,Deepa Nigam,deepa nigam,INST-049,Undergraduate,1th Year,2005-01-11,G_S01642,ADDR_S01642
S01643,Chandresh De,chandresh de,INST-002,Undergraduate,3th Year,2007-10-22,G_S01643,ADDR_S01643
S01644,Urishilla Bedi,urishilla bedi,INST-027,Undergraduate,2th Year,2004-06-18,G_S01644,ADDR_S01644
S01645,Leela Bhagat,leela bhagat,INST-059,Undergraduate,3th Year,2008-03-01,G_S01645,ADDR_S01645
S01646,Pooja Ramanathan,pooja ramanathan,INST-054,Undergraduate,2th Year,2007-09-10,G_S01646,ADDR_S01646
S01647,Sanaya Parekh,sanaya parekh,INST-020,Undergraduate,3th Year,2006-04-20,G_S01647,ADDR_S01647
S01648,Gaurangi Hora,gaurangi hora,INST-049,Undergraduate,2th Year,2008-06-11,G_S01648,ADDR_S01648
S01649,Udyati  Deep,udyati deep,INST-042,Undergraduate,2th Year,2006-09-23,G_S01649,ADDR_S01649
S01650,Upadhriti Chatterjee,upadhriti chatterjee,INST-057,Undergraduate,1th Year,2008-08-22,G_S01650,ADDR_S01650
S01651,Dayita Shroff,dayita shroff,INST-023,Undergraduate,1th Year,2003-08-12,G_S01651,ADDR_S01651
S01652,Vincent Kapur,vincent kapur,INST-002,Undergraduate,3th Year,2004-02-27,G_S01652,ADDR_S01652
S01653,Aarna Patla,aarna patla,INST-032,Undergraduate,2th Year,2003-04-27,G_S01653,ADDR_S01653
S01654,Qadim Narayanan,qadim narayanan,INST-037,Undergraduate,2th Year,2007-04-22,G_S01654,ADDR_S01654
S01655,Sudiksha Sura,sudiksha sura,INST-009,Undergraduate,2th Year,2007-12-26,G_S01655,ADDR_S01655
S01656,Dhruv Soman,dhruv soman,INST-045,Undergraduate,3th Year,2008-09-15,G_S01656,ADDR_S01656
S01657,Indali Srinivas,indali srinivas,INST-021,Undergraduate,4th Year,2006-06-17,G_S01657,ADDR_S01657
S01658,Onkar Mandal,onkar mandal,INST-059,Undergraduate,4th Year,2005-01-13,G_S01658,ADDR_S01658
S01659,Joshua Trivedi,joshua trivedi,INST-052,Undergraduate,4th Year,2003-04-07,G_S01659,ADDR_S01659
S01660,Nidra Chhabra,nidra chhabra,INST-041,Undergraduate,4th Year,2006-01-19,G_S01660,ADDR_S01660
S01661,Ekavir Mittal,ekavir mittal,INST-016,Undergraduate,2th Year,2003-10-20,G_S01661,ADDR_S01661
S01662,Nandini Sachdev,nandini sachdev,INST-006,Undergraduate,4th Year,2005-12-03,G_S01662,ADDR_S01662
S01663,Yagnesh Dutt,yagnesh dutt,INST-040,Undergraduate,1th Year,2005-07-13,G_S01663,ADDR_S01663
S01664,Leena Bhatti,leena bhatti,INST-051,Undergraduate,4th Year,2006-08-26,G_S01664,ADDR_S01664
S01665,Sathvik Sankar,sathvik sankar,INST-044,Undergraduate,1th Year,2003-01-20,G_S01665,ADDR_S01665
S01666,Hema Keer,hema keer,INST-009,Undergraduate,3th Year,2006-08-24,G_S01666,ADDR_S01666
S01667,Faras Sur,faras sur,INST-052,Undergraduate,3th Year,2005-10-18,G_S01667,ADDR_S01667
S01668,Ubika Nanda,ubika nanda,INST-022,Undergraduate,1th Year,2007-10-22,G_S01668,ADDR_S01668
S01669,Sai Goda,sai goda,INST-053,Undergraduate,2th Year,2008-04-26,G_S01669,ADDR_S01669
S01670,Nidra Boase,nidra boase,INST-045,Undergraduate,3th Year,2007-10-11,G_S01670,ADDR_S01670
S01671,Ladli Narang,ladli narang,INST-007,Undergraduate,2th Year,2003-11-08,G_S01671,ADDR_S01671
S01672,Darsh Chana,darsh chana,INST-016,Undergraduate,3th Year,2008-07-07,G_S01672,ADDR_S01672
S01673,Liam Acharya,liam acharya,INST-005,Undergraduate,4th Year,2004-11-19,G_S01673,ADDR_S01673
S01674,Manthan Sethi,manthan sethi,INST-013,Undergraduate,2th Year,2004-05-24,G_S01674,ADDR_S01674
S01675,Madhavi Sekhon,madhavi sekhon,INST-002,Undergraduate,2th Year,2006-11-26,G_S01675,ADDR_S01675
S01676,Samesh Nadig,samesh nadig,INST-016,Undergraduate,3th Year,2008-03-17,G_S01676,ADDR_S01676
S01677,Daksha Saran,daksha saran,INST-057,Undergraduate,3th Year,2005-10-14,G_S01677,ADDR_S01677
S01678,Gaurav Anand,gaurav anand,INST-038,Undergraduate,3th Year,2004-06-08,G_S01678,ADDR_S01678
S01679,Joshua Menon,joshua menon,INST-038,Undergraduate,1th Year,2004-09-13,G_S01679,ADDR_S01679
S01680,Kala Bera,kala bera,INST-030,Undergraduate,3th Year,2007-12-16,G_S01680,ADDR_S01680
S01681,Jagrati Choudhary,jagrati choudhary,INST-026,Undergraduate,4th Year,2004-07-07,G_S01681,ADDR_S01681
S01682,Azaan Keer,azaan keer,INST-060,Undergraduate,1th Year,2004-02-10,G_S01682,ADDR_S01682
S01683,Meera Nadkarni,meera nadkarni,INST-003,Undergraduate,4th Year,2006-07-12,G_S01683,ADDR_S01683
S01684,Nidra Raj,nidra raj,INST-012,Undergraduate,3th Year,2008-02-12,G_S01684,ADDR_S01684
S01685,Siddharth Ghose,siddharth ghose,INST-042,Undergraduate,1th Year,2003-06-02,G_S01685,ADDR_S01685
S01686,Liam Guha,liam guha,INST-022,Undergraduate,3th Year,2004-12-20,G_S01686,ADDR_S01686
S01687,JAGVI SAHNI,jagvi sahni,INST-053,Undergraduate,1th Year,2006-11-17,G_S01687,ADDR_S01687
S01688,Bhavya Dass,bhavya dass,INST-047,Undergraduate,2th Year,2007-10-26,G_S01688,ADDR_S01688
S01689,Advay Bora,advay bora,INST-006,Undergraduate,4th Year,2004-08-15,G_S01689,ADDR_S01689
S01690,Maanas Sur,maanas sur,INST-037,Undergraduate,1th Year,2006-11-27,G_S01690,ADDR_S01690
S01691,Laban Chad,laban chad,INST-044,Undergraduate,3th Year,2007-01-19,G_S01691,ADDR_S01691
S01692,Ojasvi Shah,ojasvi shah,INST-022,Undergraduate,4th Year,2006-04-13,G_S01692,ADDR_S01692
S01693,Pranit Sha,pranit sha,INST-007,Undergraduate,1th Year,2004-02-22,G_S01693,ADDR_S01693
S01694,Shivani Rajagopalan,shivani rajagopalan,INST-039,Undergraduate,2th Year,2004-02-13,G_S01694,ADDR_S01694
S01695,Upkaar Grewal,upkaar grewal,INST-034,Undergraduate,2th Year,2005-07-13,G_S01695,ADDR_S01695
S01696,Abhimanyu Tara,abhimanyu tara,INST-031,Undergraduate,2th Year,2004-04-10,G_S01696,ADDR_S01696
S01697,Yachana Luthra,yachana luthra,INST-020,Undergraduate,3th Year,2004-01-05,G_S01697,ADDR_S01697
S01698,Jeevika Bandi,jeevika bandi,INST-016,Undergraduate,4th Year,2006-08-19,G_S01698,ADDR_S01698
S01699,Vasudha Pillay,vasudha pillay,INST-059,Undergraduate,3th Year,2006-10-27,G_S01699,ADDR_S01699
S01700,Vasatika Buch,vasatika buch,INST-040,Undergraduate,4th Year,2008-03-23,G_S01700,ADDR_S01700
S01701,Ati Shroff,ati shroff,INST-003,Undergraduate,3th Year,2008-02-23,G_S01701,ADDR_S01701
S01702,Gaurang Korpal,gaurang korpal,INST-049,Undergraduate,3th Year,2003-02-17,G_S01702,ADDR_S01702
S01703,Faras Zacharia,faras zacharia,INST-017,Undergraduate,4th Year,2006-06-24,G_S01703,ADDR_S01703
S01704,Chatresh Oza,chatresh oza,INST-017,Undergraduate,2th Year,2005-11-24,G_S01704,ADDR_S01704
S01705,Upasna Setty,upasna setty,INST-036,Undergraduate,3th Year,2004-03-27,G_S01705,ADDR_S01705
S01706,Garima Sama,garima sama,INST-035,Undergraduate,1th Year,2008-01-22,G_S01706,ADDR_S01706
S01707,Chaitaly Mann,chaitaly mann,INST-014,Undergraduate,1th Year,2008-09-21,G_S01707,ADDR_S01707
S01708,Balendra Modi,balendra modi,INST-039,Undergraduate,4th Year,2004-04-12,G_S01708,ADDR_S01708
S01709,DARSH SOLANKI,darsh solanki,INST-001,Undergraduate,2th Year,2003-11-06,G_S01709,ADDR_S01709
S01710,Charan Manne,charan manne,INST-007,Undergraduate,2th Year,2007-04-18,G_S01710,ADDR_S01710
S01711,Bhavini Sundaram,bhavini sundaram,INST-007,Undergraduate,3th Year,2003-07-07,G_S01711,ADDR_S01711
S01712,Jonathan Tiwari,jonathan tiwari,INST-018,Undergraduate,1th Year,2003-04-14,G_S01712,ADDR_S01712
S01713,Arunima Krishnan,arunima krishnan,INST-051,Undergraduate,3th Year,2008-12-13,G_S01713,ADDR_S01713
S01714,Avni Maharaj,avni maharaj,INST-049,Undergraduate,4th Year,2003-06-01,G_S01714,ADDR_S01714
S01715,Akshay Choudhury,akshay choudhury,INST-041,Undergraduate,2th Year,2003-10-25,G_S01715,ADDR_S01715
S01716,Matthew Sekhon,matthew sekhon,INST-049,Undergraduate,1th Year,2003-03-12,G_S01716,ADDR_S01716
S01717,Parth Lal,parth lal,INST-014,Undergraduate,3th Year,2004-05-11,G_S01717,ADDR_S01717
S01718,Vedhika Golla,vedhika golla,INST-019,Undergraduate,3th Year,2005-04-07,G_S01718,ADDR_S01718
S01719,Hemal Chad,hemal chad,INST-045,Undergraduate,2th Year,2006-11-01,G_S01719,ADDR_S01719
S01720,Mitesh Tandon,mitesh tandon,INST-004,Undergraduate,2th Year,2003-03-19,G_S01720,ADDR_S01720
S01721,Leela Khanna,leela khanna,INST-028,Undergraduate,4th Year,2004-10-08,G_S01721,ADDR_S01721
S01722,Oliver Kade,oliver kade,INST-013,Undergraduate,4th Year,2003-06-13,G_S01722,ADDR_S01722
S01723,Chatura Lalla,chatura lalla,INST-033,Undergraduate,4th Year,2003-07-14,G_S01723,ADDR_S01723
S01724,Charles Ganesh,charles ganesh,INST-010,Undergraduate,2th Year,2005-07-15,G_S01724,ADDR_S01724
S01725,Mohini Soni,mohini soni,INST-039,Undergraduate,2th Year,2004-04-01,G_S01725,ADDR_S01725
S01726,Vamakshi Walia,vamakshi walia,INST-060,Undergraduate,3th Year,2006-08-10,G_S01726,ADDR_S01726
S01727,Ladli Ramakrishnan,ladli ramakrishnan,INST-003,Undergraduate,4th Year,2005-12-12,G_S01727,ADDR_S01727
S01728,Adweta Dhillon,adweta dhillon,INST-042,Undergraduate,2th Year,2004-08-02,G_S01728,ADDR_S01728
S01729,Advik Mani,advik mani,INST-030,Undergraduate,2th Year,2003-02-25,G_S01729,ADDR_S01729
S01730,Lavanya Mutti,lavanya mutti,INST-058,Undergraduate,2th Year,2006-03-27,G_S01730,ADDR_S01730
S01731,Gunbir Wali,gunbir wali,INST-035,Undergraduate,1th Year,2003-11-19,G_S01731,ADDR_S01731
S01732,Rachana Mahajan,rachana mahajan,INST-014,Undergraduate,3th Year,2003-03-27,G_S01732,ADDR_S01732
S01733,Anamika Loke,anamika loke,INST-045,Undergraduate,4th Year,2004-03-12,G_S01733,ADDR_S01733
S01734,Aadhya Raman,aadhya raman,INST-033,Undergraduate,2th Year,2004-04-02,G_S01734,ADDR_S01734
S01735,Wyatt Hayer,wyatt hayer,INST-056,Undergraduate,2th Year,2003-05-03,G_S01735,ADDR_S01735
S01736,Pranit Munshi,pranit munshi,INST-002,Undergraduate,4th Year,2006-11-25,G_S01736,ADDR_S01736
S01737,Abhiram Bir,abhiram bir,INST-001,Undergraduate,1th Year,2006-10-17,G_S01737,ADDR_S01737
S01738,Nisha Chaudhari,nisha chaudhari,INST-022,Undergraduate,3th Year,2005-11-11,G_S01738,ADDR_S01738
S01739,Sanaya Panchal,sanaya panchal,INST-025,Undergraduate,1th Year,2003-08-28,G_S01739,ADDR_S01739
S01740,BHANUMATI KRISHNAMURTHY,bhanumati krishnamurthy,INST-034,Undergraduate,2th Year,2005-08-20,G_S01740,ADDR_S01740
S01741,Bahadurjit Bajwa,bahadurjit bajwa,INST-013,Undergraduate,3th Year,2003-11-12,G_S01741,ADDR_S01741
S01742,Dakshesh Kalla,dakshesh kalla,INST-032,Undergraduate,1th Year,2005-07-16,G_S01742,ADDR_S01742
S01743,Jagdish Chadha,jagdish chadha,INST-013,Undergraduate,1th Year,2004-08-26,G_S01743,ADDR_S01743
S01744,Keya Goyal,keya goyal,INST-030,Undergraduate,1th Year,2006-11-18,G_S01744,ADDR_S01744
S01745,Qarin Kulkarni,qarin kulkarni,INST-043,Undergraduate,2th Year,2005-07-25,G_S01745,ADDR_S01745
S01746,Unni Borra,unni borra,INST-058,Undergraduate,2th Year,2007-11-24,G_S01746,ADDR_S01746
S01747,Aradhana Sane,aradhana sane,INST-060,Undergraduate,3th Year,2006-12-24,G_S01747,ADDR_S01747
S01748,Aarini Edwin,aarini edwin,INST-015,Undergraduate,3th Year,2003-02-03,G_S01748,ADDR_S01748
S01749,Aradhana Bhatia,aradhana bhatia,INST-008,Undergraduate,1th Year,2005-01-19,G_S01749,ADDR_S01749
S01750,Lipika Natarajan,lipika natarajan,INST-021,Undergraduate,2th Year,2007-11-20,G_S01750,ADDR_S01750
S01751,Aarna Lanka,aarna lanka,INST-035,Undergraduate,2th Year,2006-11-15,G_S01751,ADDR_S01751
S01752,Ridhi Boase,ridhi boase,INST-055,Undergraduate,3th Year,2005-09-23,G_S01752,ADDR_S01752
S01753,Sai Ramaswamy,sai ramaswamy,INST-014,Undergraduate,3th Year,2004-12-07,G_S01753,ADDR_S01753
S01754,Vyanjana Chopra,vyanjana chopra,INST-050,Undergraduate,4th Year,2008-07-10,G_S01754,ADDR_S01754
S01755,Raagini Kamdar,raagini kamdar,INST-022,Undergraduate,4th Year,2006-02-17,G_S01755,ADDR_S01755
S01756,Riya Lad,riya lad,INST-013,Undergraduate,1th Year,2004-06-25,G_S01756,ADDR_S01756
S01757,Bakhshi Bora,bakhshi bora,INST-046,Undergraduate,4th Year,2008-08-10,G_S01757,ADDR_S01757
S01758,Zashil Sehgal,zashil sehgal,INST-048,Undergraduate,1th Year,2005-12-28,G_S01758,ADDR_S01758
S01759,Widisha Dixit,widisha dixit,INST-028,Undergraduate,2th Year,2003-02-17,G_S01759,ADDR_S01759
S01760,Baljiwan Ramakrishnan,baljiwan ramakrishnan,INST-041,Undergraduate,1th Year,2003-04-13,G_S01760,ADDR_S01760
S01761,Max Narayan,max narayan,INST-025,Undergraduate,4th Year,2005-11-21,G_S01761,ADDR_S01761
S01762,Aarush Varma,aarush varma,INST-006,Undergraduate,2th Year,2003-10-19,G_S01762,ADDR_S01762
S01763,Vanya Sarin,vanya sarin,INST-012,Undergraduate,3th Year,2007-03-04,G_S01763,ADDR_S01763
S01764,Ekaraj Zachariah,ekaraj zachariah,INST-053,Undergraduate,4th Year,2003-09-27,G_S01764,ADDR_S01764
S01765,Aarush Rajagopalan,aarush rajagopalan,INST-058,Undergraduate,1th Year,2007-08-26,G_S01765,ADDR_S01765
S01766,Jairaj Wason,jairaj wason,INST-014,Undergraduate,3th Year,2003-02-04,G_S01766,ADDR_S01766
S01767,Gauri Mitter,gauri mitter,INST-011,Undergraduate,3th Year,2003-09-26,G_S01767,ADDR_S01767
S01768,Christopher Chana,christopher chana,INST-032,Undergraduate,3th Year,2007-09-17,G_S01768,ADDR_S01768
S01769,Harini Buch,harini buch,INST-013,Undergraduate,2th Year,2007-06-09,G_S01769,ADDR_S01769
S01770,Bimala Jain,bimala jain,INST-017,Undergraduate,2th Year,2006-08-03,G_S01770,ADDR_S01770
S01771,Balveer Rajagopalan,balveer rajagopalan,INST-005,Undergraduate,3th Year,2007-11-21,G_S01771,ADDR_S01771
S01772,Chandani Ramakrishnan,chandani ramakrishnan,INST-010,Undergraduate,4th Year,2006-01-20,G_S01772,ADDR_S01772
S01773,Jagrati Sur,jagrati sur,INST-008,Undergraduate,3th Year,2005-05-05,G_S01773,ADDR_S01773
S01774,RAKSHA GUPTA,raksha gupta,INST-015,Undergraduate,1th Year,2004-09-24,G_S01774,ADDR_S01774
S01775,Balendra Hans,balendra hans,INST-023,Undergraduate,1th Year,2003-03-11,G_S01775,ADDR_S01775
S01776,William Suresh,william suresh,INST-048,Undergraduate,4th Year,2006-10-05,G_S01776,ADDR_S01776
S01777,Dev Zachariah,dev zachariah,INST-043,Undergraduate,1th Year,2008-11-12,G_S01777,ADDR_S01777
S01778,Xalak Walla,xalak walla,INST-012,Undergraduate,4th Year,2007-05-09,G_S01778,ADDR_S01778
S01779,Amol Bansal,amol bansal,INST-055,Undergraduate,1th Year,2008-02-03,G_S01779,ADDR_S01779
S01780,Daksh Nazareth,daksh nazareth,INST-006,Undergraduate,4th Year,2003-07-22,G_S01780,ADDR_S01780
S01781,Nidra Dani,nidra dani,INST-044,Undergraduate,2th Year,2008-01-23,G_S01781,ADDR_S01781
S01782,Tara Yadav,tara yadav,INST-048,Undergraduate,1th Year,2007-08-06,G_S01782,ADDR_S01782
S01783,Viraj Bora,viraj bora,INST-024,Undergraduate,4th Year,2006-03-12,G_S01783,ADDR_S01783
S01784,Lohit Suresh,lohit suresh,INST-055,Undergraduate,3th Year,2006-05-09,G_S01784,ADDR_S01784
S01785,Urishilla Bath,urishilla bath,INST-020,Undergraduate,4th Year,2003-06-01,G_S01785,ADDR_S01785
S01786,Kalpit Atwal,kalpit atwal,INST-007,Undergraduate,2th Year,2006-06-01,G_S01786,ADDR_S01786
S01787,Chandresh Mohanty,chandresh mohanty,INST-034,Undergraduate,1th Year,2004-11-09,G_S01787,ADDR_S01787
S01788,Tanmayi Garde,tanmayi garde,INST-024,Undergraduate,3th Year,2003-08-22,G_S01788,ADDR_S01788
S01789,Hitesh Comar,hitesh comar,INST-028,Undergraduate,1th Year,2004-05-02,G_S01789,ADDR_S01789
S01790,Thomas Bhatnagar,thomas bhatnagar,INST-058,Undergraduate,2th Year,2006-11-09,G_S01790,ADDR_S01790
S01791,Pooja Nazareth,pooja nazareth,INST-052,Undergraduate,4th Year,2004-02-04,G_S01791,ADDR_S01791
S01792,Ekta Dara,ekta dara,INST-001,Undergraduate,3th Year,2006-10-24,G_S01792,ADDR_S01792
S01793,Ekanta Kala,ekanta kala,INST-032,Undergraduate,2th Year,2004-05-25,G_S01793,ADDR_S01793
S01794,Oscar Nayak,oscar nayak,INST-028,Undergraduate,1th Year,2008-12-17,G_S01794,ADDR_S01794
S01795,Jai Mahal,jai mahal,INST-038,Undergraduate,3th Year,2004-03-14,G_S01795,ADDR_S01795
S01796,Ojasvi Ganguly,ojasvi ganguly,INST-025,Undergraduate,3th Year,2008-11-08,G_S01796,ADDR_S01796
S01797,Nitesh Sarna,nitesh sarna,INST-033,Undergraduate,3th Year,2005-06-23,G_S01797,ADDR_S01797
S01798,Banjeet Deol,banjeet deol,INST-012,Undergraduate,1th Year,2008-12-11,G_S01798,ADDR_S01798
S01799,Krisha Dugar,krisha dugar,INST-039,Undergraduate,3th Year,2005-05-04,G_S01799,ADDR_S01799
S01800,Vidhi Buch,vidhi buch,INST-048,Undergraduate,3th Year,2004-11-09,G_S01800,ADDR_S01800
S01801,Abhimanyu Gola,abhimanyu gola,INST-007,Undergraduate,2th Year,2004-12-15,G_S01801,ADDR_S01801
S01802,Bhanumati Saha,bhanumati saha,INST-020,Undergraduate,2th Year,2007-12-05,G_S01802,ADDR_S01802
S01803,Jonathan Jhaveri,jonathan jhaveri,INST-046,Undergraduate,3th Year,2005-08-21,G_S01803,ADDR_S01803
S01804,Anika Virk,anika virk,INST-027,Undergraduate,1th Year,2004-10-09,G_S01804,ADDR_S01804
S01805,Nisha Khare,nisha khare,INST-037,Undergraduate,4th Year,2006-11-18,G_S01805,ADDR_S01805
S01806,Baljiwan Gole,baljiwan gole,INST-033,Undergraduate,4th Year,2006-10-09,G_S01806,ADDR_S01806
S01807,Gaurang Mitra,gaurang mitra,INST-014,Undergraduate,4th Year,2007-12-24,G_S01807,ADDR_S01807
S01808,Omya Agrawal,omya agrawal,INST-019,Undergraduate,1th Year,2004-04-02,G_S01808,ADDR_S01808
S01809,Rehaan Dalal,rehaan dalal,INST-010,Undergraduate,1th Year,2008-04-27,G_S01809,ADDR_S01809
S01810,JANAKI ZACHARIA,janaki zacharia,INST-039,Undergraduate,1th Year,2008-09-09,G_S01810,ADDR_S01810
S01811,Ucchal Joshi,ucchal joshi,INST-019,Undergraduate,3th Year,2004-12-09,G_S01811,ADDR_S01811
S01812,Chatresh Hari,chatresh hari,INST-056,Undergraduate,4th Year,2008-05-28,G_S01812,ADDR_S01812
S01813,Manthan Som,manthan som,INST-015,Undergraduate,4th Year,2004-08-08,G_S01813,ADDR_S01813
S01814,Patrick Dutta,patrick dutta,INST-031,Undergraduate,2th Year,2006-03-27,G_S01814,ADDR_S01814
S01815,Chatura Patla,chatura patla,INST-012,Undergraduate,4th Year,2008-10-07,G_S01815,ADDR_S01815
S01816,Shaurya Saran,shaurya saran,INST-030,Undergraduate,2th Year,2008-01-20,G_S01816,ADDR_S01816
S01817,Gaurika  Setty,gaurika setty,INST-049,Undergraduate,2th Year,2008-10-01,G_S01817,ADDR_S01817
S01818,Hemang Ben,hemang ben,INST-022,Undergraduate,2th Year,2006-10-15,G_S01818,ADDR_S01818
S01819,Nakul Balakrishnan,nakul balakrishnan,INST-016,Undergraduate,1th Year,2003-01-04,G_S01819,ADDR_S01819
S01820,Yutika D’Alia,yutika d’alia,INST-054,Undergraduate,1th Year,2004-01-08,G_S01820,ADDR_S01820
S01821,Wahab Saxena,wahab saxena,INST-019,Undergraduate,1th Year,2006-03-04,G_S01821,ADDR_S01821
S01822,Oni Issac,oni issac,INST-040,Undergraduate,3th Year,2003-01-20,G_S01822,ADDR_S01822
S01823,Victor Choudhary,victor choudhary,INST-039,Undergraduate,3th Year,2007-05-12,G_S01823,ADDR_S01823
S01824,Vedant Chaudhari,vedant chaudhari,INST-060,Undergraduate,1th Year,2003-03-25,G_S01824,ADDR_S01824
S01825,Nitara Iyengar,nitara iyengar,INST-029,Undergraduate,3th Year,2004-02-11,G_S01825,ADDR_S01825
S01826,Thomas Borah,thomas borah,INST-032,Undergraduate,4th Year,2007-11-11,G_S01826,ADDR_S01826
S01827,Vedhika Bhagat,vedhika bhagat,INST-032,Undergraduate,2th Year,2006-02-19,G_S01827,ADDR_S01827
S01828,Maanav Kalita,maanav kalita,INST-045,Undergraduate,1th Year,2004-06-01,G_S01828,ADDR_S01828
S01829,Pranav Ram,pranav ram,INST-009,Undergraduate,2th Year,2005-08-05,G_S01829,ADDR_S01829
S01830,Laban Shankar,laban shankar,INST-004,Undergraduate,2th Year,2006-12-01,G_S01830,ADDR_S01830
S01831,Jagrati Madan,jagrati madan,INST-007,Undergraduate,1th Year,2004-06-05,G_S01831,ADDR_S01831
S01832,Gautami  Datta,gautami datta,INST-027,Undergraduate,2th Year,2006-12-05,G_S01832,ADDR_S01832
S01833,Darpan Mand,darpan mand,INST-022,Undergraduate,1th Year,2004-01-21,G_S01833,ADDR_S01833
S01834,Indrajit Shroff,indrajit shroff,INST-026,Undergraduate,4th Year,2007-12-27,G_S01834,ADDR_S01834
S01835,Omya Garg,omya garg,INST-015,Undergraduate,4th Year,2004-12-07,G_S01835,ADDR_S01835
S01836,Thomas Merchant,thomas merchant,INST-053,Undergraduate,1th Year,2008-08-16,G_S01836,ADDR_S01836
S01837,Onkar Karpe,onkar karpe,INST-052,Undergraduate,1th Year,2003-06-20,G_S01837,ADDR_S01837
S01838,Nisha Vig,nisha vig,INST-011,Undergraduate,1th Year,2004-10-01,G_S01838,ADDR_S01838
S01839,Tarak Solanki,tarak solanki,INST-041,Undergraduate,1th Year,2007-08-02,G_S01839,ADDR_S01839
S01840,Arya Atwal,arya atwal,INST-001,Undergraduate,3th Year,2006-09-07,G_S01840,ADDR_S01840
S01841,Yatin Kota,yatin kota,INST-045,Undergraduate,1th Year,2007-03-01,G_S01841,ADDR_S01841
S01842,Radha Kapadia,radha kapadia,INST-010,Undergraduate,1th Year,2008-04-07,G_S01842,ADDR_S01842
S01843,Abdul Sahni,abdul sahni,INST-033,Undergraduate,3th Year,2006-03-11,G_S01843,ADDR_S01843
S01844,Banjeet Singhal,banjeet singhal,INST-046,Undergraduate,2th Year,2007-10-03,G_S01844,ADDR_S01844
S01845,Pavani Wali,pavani wali,INST-001,Undergraduate,1th Year,2006-02-15,G_S01845,ADDR_S01845
S01846,Varenya Chaudhari,varenya chaudhari,INST-018,Undergraduate,3th Year,2003-02-06,G_S01846,ADDR_S01846
S01847,Warhi Khosla,warhi khosla,INST-017,Undergraduate,4th Year,2003-06-28,G_S01847,ADDR_S01847
S01848,Advik Ray,advik ray,INST-059,Undergraduate,3th Year,2007-10-11,G_S01848,ADDR_S01848
S01849,Kevin Parmer,kevin parmer,INST-017,Undergraduate,2th Year,2008-09-01,G_S01849,ADDR_S01849
S01850,William Chana,william chana,INST-037,Undergraduate,1th Year,2004-07-28,G_S01850,ADDR_S01850
S01851,Varsha Mody,varsha mody,INST-042,Undergraduate,2th Year,2008-02-13,G_S01851,ADDR_S01851
S01852,Tripti Bajwa,tripti bajwa,INST-005,Undergraduate,4th Year,2004-12-24,G_S01852,ADDR_S01852
S01853,Ubika Devi,ubika devi,INST-035,Undergraduate,3th Year,2007-01-20,G_S01853,ADDR_S01853
S01854,Qasim Prabhakar,qasim prabhakar,INST-031,Undergraduate,2th Year,2003-11-14,G_S01854,ADDR_S01854
S01855,Aarav Bobal,aarav bobal,INST-005,Undergraduate,4th Year,2006-09-07,G_S01855,ADDR_S01855
S01856,Gaurangi Wali,gaurangi wali,INST-006,Undergraduate,3th Year,2004-04-12,G_S01856,ADDR_S01856
S01857,Chaman Sandhu,chaman sandhu,INST-051,Undergraduate,4th Year,2003-09-26,G_S01857,ADDR_S01857
S01858,Sarthak Buch,sarthak buch,INST-038,Undergraduate,3th Year,2008-12-24,G_S01858,ADDR_S01858
S01859,Christopher Varma,christopher varma,INST-030,Undergraduate,4th Year,2005-09-24,G_S01859,ADDR_S01859
S01860,Charan Choudhry,charan choudhry,INST-041,Undergraduate,1th Year,2004-12-07,G_S01860,ADDR_S01860
S01861,Jasmit Shroff,jasmit shroff,INST-014,Undergraduate,1th Year,2005-06-01,G_S01861,ADDR_S01861
S01862,Jasmit Peri,jasmit peri,INST-008,Undergraduate,4th Year,2006-07-12,G_S01862,ADDR_S01862
S01863,Ekalinga Jayaraman,ekalinga jayaraman,INST-049,Undergraduate,3th Year,2004-09-20,G_S01863,ADDR_S01863
S01864,Gaurika Khare,gaurika khare,INST-055,Undergraduate,3th Year,2008-10-28,G_S01864,ADDR_S01864
S01865,Vanya Kadakia,vanya kadakia,INST-002,Undergraduate,1th Year,2008-08-17,G_S01865,ADDR_S01865
S01866,Ekani Pandit,ekani pandit,INST-014,Undergraduate,4th Year,2007-07-04,G_S01866,ADDR_S01866
S01867,Yahvi Sampath,yahvi sampath,INST-051,Undergraduate,4th Year,2003-06-26,G_S01867,ADDR_S01867
S01868,Chatura Bhatnagar,chatura bhatnagar,INST-043,Undergraduate,4th Year,2008-04-01,G_S01868,ADDR_S01868
S01869,HEMANI SETHI,hemani sethi,INST-024,Undergraduate,2th Year,2007-07-08,G_S01869,ADDR_S01869
S01870,Yachana Vyas,yachana vyas,INST-026,Undergraduate,4th Year,2004-11-13,G_S01870,ADDR_S01870
S01871,Upma Wali,upma wali,INST-028,Undergraduate,1th Year,2008-10-26,G_S01871,ADDR_S01871
S01872,Siya Pillai,siya pillai,INST-014,Undergraduate,1th Year,2006-01-21,G_S01872,ADDR_S01872
S01873,Raghav Shankar,raghav shankar,INST-006,Undergraduate,4th Year,2008-11-25,G_S01873,ADDR_S01873
S01874,Faris Raman,faris raman,INST-015,Undergraduate,2th Year,2008-07-25,G_S01874,ADDR_S01874
S01875,Bhavya Bose,bhavya bose,INST-010,Undergraduate,1th Year,2006-10-04,G_S01875,ADDR_S01875
S01876,Nitesh Majumdar,nitesh majumdar,INST-012,Undergraduate,4th Year,2005-04-13,G_S01876,ADDR_S01876
S01877,Manbir Taneja,manbir taneja,INST-032,Undergraduate,4th Year,2004-03-10,G_S01877,ADDR_S01877
S01878,Samarth Verma,samarth verma,INST-022,Undergraduate,1th Year,2004-09-24,G_S01878,ADDR_S01878
S01879,Chaaya Saha,chaaya saha,INST-035,Undergraduate,3th Year,2003-04-01,G_S01879,ADDR_S01879
S01880,Urvi Palan,urvi palan,INST-045,Undergraduate,3th Year,2006-04-03,G_S01880,ADDR_S01880
S01881,Sachi Bail,sachi bail,INST-052,Undergraduate,3th Year,2004-04-22,G_S01881,ADDR_S01881
S01882,Ranbir Bhatnagar,ranbir bhatnagar,INST-051,Undergraduate,2th Year,2004-12-16,G_S01882,ADDR_S01882
S01883,Vincent Venkatesh,vincent venkatesh,INST-018,Undergraduate,2th Year,2007-06-12,G_S01883,ADDR_S01883
S01884,Nisha Oza,nisha oza,INST-003,Undergraduate,4th Year,2005-10-27,G_S01884,ADDR_S01884
S01885,Vedika Wagle,vedika wagle,INST-008,Undergraduate,3th Year,2004-02-07,G_S01885,ADDR_S01885
S01886,Tanvi Modi,tanvi modi,INST-021,Undergraduate,3th Year,2008-01-23,G_S01886,ADDR_S01886
S01887,Damini Garg,damini garg,INST-021,Undergraduate,2th Year,2007-04-04,G_S01887,ADDR_S01887
S01888,Utkarsh Sule,utkarsh sule,INST-042,Undergraduate,4th Year,2005-06-07,G_S01888,ADDR_S01888
S01889,Bhavya Batta,bhavya batta,INST-018,Undergraduate,3th Year,2007-07-08,G_S01889,ADDR_S01889
S01890,Ira  Mane,ira mane,INST-037,Undergraduate,3th Year,2004-07-02,G_S01890,ADDR_S01890
S01891,Ojas Dyal,ojas dyal,INST-002,Undergraduate,3th Year,2005-06-25,G_S01891,ADDR_S01891
S01892,Qabil Gill,qabil gill,INST-021,Undergraduate,1th Year,2006-05-23,G_S01892,ADDR_S01892
S01893,Neel Khanna,neel khanna,INST-040,Undergraduate,2th Year,2003-06-28,G_S01893,ADDR_S01893
S01894,Benjamin Nadig,benjamin nadig,INST-047,Undergraduate,1th Year,2008-01-09,G_S01894,ADDR_S01894
S01895,Ridhi Lad,ridhi lad,INST-020,Undergraduate,4th Year,2005-12-06,G_S01895,ADDR_S01895
S01896,Qarin Jha,qarin jha,INST-021,Undergraduate,4th Year,2008-08-22,G_S01896,ADDR_S01896
S01897,Edhitha Padmanabhan,edhitha padmanabhan,INST-031,Undergraduate,4th Year,2004-02-09,G_S01897,ADDR_S01897
S01898,Kashish Sen,kashish sen,INST-054,Undergraduate,2th Year,2008-02-03,G_S01898,ADDR_S01898
S01899,CHARVI DARA,charvi dara,INST-053,Undergraduate,3th Year,2005-12-15,G_S01899,ADDR_S01899
S01900,Nidhi Tata,nidhi tata,INST-009,Undergraduate,4th Year,2006-10-17,G_S01900,ADDR_S01900
S01901,Tara Nagarajan,tara nagarajan,INST-028,Undergraduate,1th Year,2004-08-04,G_S01901,ADDR_S01901
S01902,Aayush Tripathi,aayush tripathi,INST-012,Undergraduate,4th Year,2008-09-15,G_S01902,ADDR_S01902
S01903,Chakrika Som,chakrika som,INST-006,Undergraduate,4th Year,2007-06-02,G_S01903,ADDR_S01903
S01904,Manan Sathe,manan sathe,INST-042,Undergraduate,4th Year,2004-05-07,G_S01904,ADDR_S01904
S01905,Isaiah Srinivas,isaiah srinivas,INST-032,Undergraduate,2th Year,2003-04-04,G_S01905,ADDR_S01905
S01906,Liam Dada,liam dada,INST-035,Undergraduate,2th Year,2007-12-23,G_S01906,ADDR_S01906
S01907,Aryan Ratti,aryan ratti,INST-047,Undergraduate,3th Year,2008-05-23,G_S01907,ADDR_S01907
S01908,Sanaya Parikh,sanaya parikh,INST-033,Undergraduate,3th Year,2008-04-06,G_S01908,ADDR_S01908
S01909,Eta Bhakta,eta bhakta,INST-058,Undergraduate,4th Year,2005-01-06,G_S01909,ADDR_S01909
S01910,Tristan Mall,tristan mall,INST-055,Undergraduate,3th Year,2006-10-01,G_S01910,ADDR_S01910
S01911,Arin Chacko,arin chacko,INST-053,Undergraduate,2th Year,2007-09-06,G_S01911,ADDR_S01911
S01912,Gagan Vala,gagan vala,INST-048,Undergraduate,4th Year,2008-06-18,G_S01912,ADDR_S01912
S01913,Robert Swaminathan,robert swaminathan,INST-001,Undergraduate,4th Year,2003-05-22,G_S01913,ADDR_S01913
S01914,Yasti Bhalla,yasti bhalla,INST-055,Undergraduate,2th Year,2005-08-01,G_S01914,ADDR_S01914
S01915,Mitali Divan,mitali divan,INST-048,Undergraduate,1th Year,2005-11-22,G_S01915,ADDR_S01915
S01916,Kala Raju,kala raju,INST-059,Undergraduate,4th Year,2007-07-09,G_S01916,ADDR_S01916
S01917,Advik Mane,advik mane,INST-045,Undergraduate,4th Year,2007-06-10,G_S01917,ADDR_S01917
S01918,Indali Morar,indali morar,INST-010,Undergraduate,2th Year,2007-05-20,G_S01918,ADDR_S01918
S01919,Gagan Kale,gagan kale,INST-005,Undergraduate,1th Year,2003-08-10,G_S01919,ADDR_S01919
S01920,Ojasvi Savant,ojasvi savant,INST-001,Undergraduate,2th Year,2005-05-26,G_S01920,ADDR_S01920
S01921,Nihal Samra,nihal samra,INST-046,Undergraduate,1th Year,2005-04-02,G_S01921,ADDR_S01921
S01922,Liam Chadha,liam chadha,INST-041,Undergraduate,4th Year,2003-05-10,G_S01922,ADDR_S01922
S01923,Sarthak Mitter,sarthak mitter,INST-044,Undergraduate,2th Year,2005-03-14,G_S01923,ADDR_S01923
S01924,Gautami Bhatti,gautami bhatti,INST-020,Undergraduate,4th Year,2007-03-13,G_S01924,ADDR_S01924
S01925,Gaurang Ahuja,gaurang ahuja,INST-029,Undergraduate,4th Year,2005-07-15,G_S01925,ADDR_S01925
S01926,Anjali  Sachdeva,anjali sachdeva,INST-050,Undergraduate,2th Year,2007-05-26,G_S01926,ADDR_S01926
S01927,Turvi Devan,turvi devan,INST-040,Undergraduate,4th Year,2004-07-22,G_S01927,ADDR_S01927
S01928,Quincy Raj,quincy raj,INST-004,Undergraduate,3th Year,2008-02-11,G_S01928,ADDR_S01928
S01929,Vritti Basak,vritti basak,INST-056,Undergraduate,1th Year,2008-04-17,G_S01929,ADDR_S01929
S01930,Daksha Tak,daksha tak,INST-058,Undergraduate,3th Year,2008-01-26,G_S01930,ADDR_S01930
S01931,Udarsh Bala,udarsh bala,INST-010,Undergraduate,2th Year,2003-08-01,G_S01931,ADDR_S01931
S01932,Mitesh Lala,mitesh lala,INST-060,Undergraduate,4th Year,2006-03-27,G_S01932,ADDR_S01932
S01933,Urmi Dash,urmi dash,INST-044,Undergraduate,2th Year,2008-01-06,G_S01933,ADDR_S01933
S01934,Omisha Gola,omisha gola,INST-045,Undergraduate,4th Year,2006-05-10,G_S01934,ADDR_S01934
S01935,Yash Balakrishnan,yash balakrishnan,INST-018,Undergraduate,4th Year,2006-03-01,G_S01935,ADDR_S01935
S01936,Aradhana Tailor,aradhana tailor,INST-001,Undergraduate,1th Year,2008-11-22,G_S01936,ADDR_S01936
S01937,Janaki Srivastava,janaki srivastava,INST-023,Undergraduate,1th Year,2004-06-17,G_S01937,ADDR_S01937
S01938,Aarna Soni,aarna soni,INST-034,Undergraduate,1th Year,2004-11-05,G_S01938,ADDR_S01938
S01939,Kashvi Vala,kashvi vala,INST-055,Undergraduate,4th Year,2003-11-16,G_S01939,ADDR_S01939
S01940,Aashi Gaba,aashi gaba,INST-060,Undergraduate,3th Year,2004-12-11,G_S01940,ADDR_S01940
S01941,Madhav Nagarajan,madhav nagarajan,INST-054,Undergraduate,2th Year,2004-02-22,G_S01941,ADDR_S01941
S01942,Krishna Parikh,krishna parikh,INST-015,Undergraduate,2th Year,2008-07-25,G_S01942,ADDR_S01942
S01943,Chatresh Mahajan,chatresh mahajan,INST-008,Undergraduate,3th Year,2007-11-27,G_S01943,ADDR_S01943
S01944,Oni Parekh,oni parekh,INST-029,Undergraduate,2th Year,2004-05-16,G_S01944,ADDR_S01944
S01945,Bimala Manne,bimala manne,INST-011,Undergraduate,1th Year,2007-01-21,G_S01945,ADDR_S01945
S01946,Yoshita Hari,yoshita hari,INST-009,Undergraduate,4th Year,2007-09-28,G_S01946,ADDR_S01946
S01947,Girindra Ganesh,girindra ganesh,INST-059,Undergraduate,4th Year,2007-06-12,G_S01947,ADDR_S01947
S01948,Diya Mitra,diya mitra,INST-029,Undergraduate,4th Year,2003-10-03,G_S01948,ADDR_S01948
S01949,Janani Char,janani char,INST-032,Undergraduate,2th Year,2005-05-13,G_S01949,ADDR_S01949
S01950,Maanas Arya,maanas arya,INST-011,Undergraduate,2th Year,2007-10-17,G_S01950,ADDR_S01950
S01951,Zarna Manda,zarna manda,INST-058,Undergraduate,1th Year,2003-06-14,G_S01951,ADDR_S01951
S01952,Vedhika Sabharwal,vedhika sabharwal,INST-004,Undergraduate,3th Year,2008-01-08,G_S01952,ADDR_S01952
S01953,Nicholas Chaudry,nicholas chaudry,INST-005,Undergraduate,4th Year,2004-05-24,G_S01953,ADDR_S01953
S01954,Mohammed Thakur,mohammed thakur,INST-015,Undergraduate,4th Year,2005-04-01,G_S01954,ADDR_S01954
S01955,Raghav Vora,raghav vora,INST-056,Undergraduate,4th Year,2003-07-25,G_S01955,ADDR_S01955
S01956,Omisha Sharma,omisha sharma,INST-036,Undergraduate,4th Year,2003-10-12,G_S01956,ADDR_S01956
S01957,Jackson Deep,jackson deep,INST-004,Undergraduate,4th Year,2008-09-19,G_S01957,ADDR_S01957
S01958,Varsha Pall,varsha pall,INST-005,Undergraduate,4th Year,2004-05-02,G_S01958,ADDR_S01958
S01959,Janani Dewan,janani dewan,INST-009,Undergraduate,1th Year,2003-05-18,G_S01959,ADDR_S01959
S01960,Hema Gera,hema gera,INST-055,Undergraduate,3th Year,2005-09-10,G_S01960,ADDR_S01960
S01961,Ayush Dani,ayush dani,INST-021,Undergraduate,4th Year,2005-02-07,G_S01961,ADDR_S01961
S01962,Kabir Dhar,kabir dhar,INST-048,Undergraduate,1th Year,2005-12-27,G_S01962,ADDR_S01962
S01963,Damyanti Dass,damyanti dass,INST-045,Undergraduate,1th Year,2006-01-09,G_S01963,ADDR_S01963
S01964,Kalpit Brar,kalpit brar,INST-006,Undergraduate,4th Year,2006-01-28,G_S01964,ADDR_S01964
S01965,Isaac Brahmbhatt,isaac brahmbhatt,INST-014,Undergraduate,3th Year,2003-09-25,G_S01965,ADDR_S01965
S01966,Veda Sankar,veda sankar,INST-059,Undergraduate,2th Year,2003-06-24,G_S01966,ADDR_S01966
S01967,Ronith Chokshi,ronith chokshi,INST-060,Undergraduate,3th Year,2007-08-14,G_S01967,ADDR_S01967
S01968,Yochana Bhargava,yochana bhargava,INST-030,Undergraduate,1th Year,2005-11-09,G_S01968,ADDR_S01968
S01969,Jagat Kulkarni,jagat kulkarni,INST-037,Undergraduate,3th Year,2008-10-01,G_S01969,ADDR_S01969
S01970,Dominic Mitra,dominic mitra,INST-055,Undergraduate,4th Year,2003-08-01,G_S01970,ADDR_S01970
S01971,Gopal Dasgupta,gopal dasgupta,INST-055,Undergraduate,3th Year,2007-09-11,G_S01971,ADDR_S01971
S01972,Ryan Goyal,ryan goyal,INST-050,Undergraduate,4th Year,2004-04-21,G_S01972,ADDR_S01972
S01973,Ayush Chana,ayush chana,INST-042,Undergraduate,3th Year,2003-09-23,G_S01973,ADDR_S01973
S01974,Arunima Pall,arunima pall,INST-002,Undergraduate,1th Year,2007-04-12,G_S01974,ADDR_S01974
S01975,Naveen Tella,naveen tella,INST-033,Undergraduate,4th Year,2003-11-14,G_S01975,ADDR_S01975
S01976,Yashasvi Bir,yashasvi bir,INST-051,Undergraduate,4th Year,2008-06-16,G_S01976,ADDR_S01976
S01977,Akshay Wadhwa,akshay wadhwa,INST-019,Undergraduate,2th Year,2005-09-23,G_S01977,ADDR_S01977
S01978,Rehaan Manda,rehaan manda,INST-025,Undergraduate,2th Year,2006-11-03,G_S01978,ADDR_S01978
S01979,Aayush Chaudhary,aayush chaudhary,INST-037,Undergraduate,1th Year,2007-08-22,G_S01979,ADDR_S01979
S01980,Yamini Soman,yamini soman,INST-013,Undergraduate,2th Year,2005-04-26,G_S01980,ADDR_S01980
S01981,Qasim Sarraf,qasim sarraf,INST-048,Undergraduate,3th Year,2003-06-18,G_S01981,ADDR_S01981
S01982,Pratyush Pant,pratyush pant,INST-039,Undergraduate,4th Year,2004-10-27,G_S01982,ADDR_S01982
S01983,Panini Kala,panini kala,INST-027,Undergraduate,3th Year,2005-06-04,G_S01983,ADDR_S01983
S01984,Nikita Chowdhury,nikita chowdhury,INST-010,Undergraduate,2th Year,2004-08-01,G_S01984,ADDR_S01984
S01985,Jatin Shukla,jatin shukla,INST-036,Undergraduate,4th Year,2003-12-06,G_S01985,ADDR_S01985
S01986,Zinal Deshpande,zinal deshpande,INST-059,Undergraduate,3th Year,2004-07-23,G_S01986,ADDR_S01986
S01987,Jalsa Mani,jalsa mani,INST-058,Undergraduate,1th Year,2003-12-12,G_S01987,ADDR_S01987
S01988,Fitan Narang,fitan narang,INST-028,Undergraduate,4th Year,2008-03-24,G_S01988,ADDR_S01988
S01989,Jack Rajan,jack rajan,INST-058,Undergraduate,4th Year,2006-06-15,G_S01989,ADDR_S01989
S01990,Tanmayi Muni,tanmayi muni,INST-007,Undergraduate,4th Year,2005-01-19,G_S01990,ADDR_S01990
S01991,Upkaar Reddy,upkaar reddy,INST-028,Undergraduate,2th Year,2003-12-24,G_S01991,ADDR_S01991
S01992,Priya Gulati,priya gulati,INST-057,Undergraduate,1th Year,2005-05-06,G_S01992,ADDR_S01992
S01993,Vamakshi Pillai,vamakshi pillai,INST-015,Undergraduate,1th Year,2004-11-09,G_S01993,ADDR_S01993
S01994,Agastya Swamy,agastya swamy,INST-033,Undergraduate,1th Year,2007-09-26,G_S01994,ADDR_S01994
S01995,Meghana Sarma,meghana sarma,INST-002,Undergraduate,4th Year,2008-08-17,G_S01995,ADDR_S01995
S01996,Jagdish Dhar,jagdish dhar,INST-046,Undergraduate,4th Year,2006-05-03,G_S01996,ADDR_S01996
S01997,Nandini Chaudry,nandini chaudry,INST-052,Undergraduate,3th Year,2004-09-11,G_S01997,ADDR_S01997
S01998,Dhruv Patla,dhruv patla,INST-005,Undergraduate,4th Year,2003-12-26,G_S01998,ADDR_S01998
S01999,Hamsini Iyer,hamsini iyer,INST-043,Undergraduate,2th Year,2007-07-28,G_S01999,ADDR_S01999
S02000,Jason Kaul,jason kaul,INST-032,Undergraduate,4th Year,2005-03-07,G_S02000,ADDR_S02000
S02001,Xalak Mallick,xalak mallick,INST-048,Undergraduate,2th Year,2008-03-02,G_S02001,ADDR_S02001
S02002,Mugdha Parekh,mugdha parekh,INST-016,Undergraduate,2th Year,2005-04-10,G_S02002,ADDR_S02002
S02003,Nidhi Sundaram,nidhi sundaram,INST-026,Undergraduate,2th Year,2003-05-14,G_S02003,ADDR_S02003
S02004,Manan Sha,manan sha,INST-028,Undergraduate,4th Year,2005-11-04,G_S02004,ADDR_S02004
S02005,Jason Krishna,jason krishna,INST-031,Undergraduate,3th Year,2005-09-07,G_S02005,ADDR_S02005
S02006,Widisha Kashyap,widisha kashyap,INST-021,Undergraduate,3th Year,2006-07-26,G_S02006,ADDR_S02006
S02007,Ayushman Chaudhary,ayushman chaudhary,INST-004,Undergraduate,1th Year,2005-08-14,G_S02007,ADDR_S02007
S02008,Ekansh Tara,ekansh tara,INST-050,Undergraduate,3th Year,2004-10-18,G_S02008,ADDR_S02008
S02009,Praneel Raja,praneel raja,INST-046,Undergraduate,1th Year,2008-01-17,G_S02009,ADDR_S02009
S02010,Michael Mitter,michael mitter,INST-011,Undergraduate,2th Year,2005-03-12,G_S02010,ADDR_S02010
S02011,Faraj Venkatesh,faraj venkatesh,INST-016,Undergraduate,1th Year,2007-07-26,G_S02011,ADDR_S02011
S02012,Unnati Jaggi,unnati jaggi,INST-002,Undergraduate,2th Year,2003-05-24,G_S02012,ADDR_S02012
S02013,Widisha Swaminathan,widisha swaminathan,INST-048,Undergraduate,4th Year,2003-01-24,G_S02013,ADDR_S02013
S02014,Hemal Zachariah,hemal zachariah,INST-038,Undergraduate,3th Year,2005-07-17,G_S02014,ADDR_S02014
S02015,Azad Sani,azad sani,INST-013,Undergraduate,4th Year,2005-07-03,G_S02015,ADDR_S02015
S02016,Leela Sengupta,leela sengupta,INST-059,Undergraduate,2th Year,2006-01-16,G_S02016,ADDR_S02016
S02017,Krisha Savant,krisha savant,INST-046,Undergraduate,4th Year,2004-08-12,G_S02017,ADDR_S02017
S02018,Balendra Bali,balendra bali,INST-022,Undergraduate,1th Year,2003-09-06,G_S02018,ADDR_S02018
S02019,Chavvi Gala,chavvi gala,INST-026,Undergraduate,2th Year,2003-08-09,G_S02019,ADDR_S02019
S02020,Raagini Desai,raagini desai,INST-003,Undergraduate,4th Year,2003-05-23,G_S02020,ADDR_S02020
S02021,Lopa Sura,lopa sura,INST-021,Undergraduate,1th Year,2003-07-23,G_S02021,ADDR_S02021
S02022,Vritti Zacharia,vritti zacharia,INST-011,Undergraduate,1th Year,2004-04-15,G_S02022,ADDR_S02022
S02023,Vamakshi Dugar,vamakshi dugar,INST-032,Undergraduate,4th Year,2006-01-10,G_S02023,ADDR_S02023
S02024,Mahika Lall,mahika lall,INST-057,Undergraduate,3th Year,2007-06-19,G_S02024,ADDR_S02024
S02025,Krishna Pandit,krishna pandit,INST-044,Undergraduate,3th Year,2006-08-07,G_S02025,ADDR_S02025
S02026,Ekani Bhat,ekani bhat,INST-054,Undergraduate,3th Year,2006-03-05,G_S02026,ADDR_S02026
S02027,Chakradev Dave,chakradev dave,INST-013,Undergraduate,1th Year,2003-10-15,G_S02027,ADDR_S02027
S02028,Ikshita Bala,ikshita bala,INST-036,Undergraduate,1th Year,2004-05-10,G_S02028,ADDR_S02028
S02029,Lajita Chatterjee,lajita chatterjee,INST-050,Undergraduate,2th Year,2003-10-05,G_S02029,ADDR_S02029
S02030,Hemani Parikh,hemani parikh,INST-037,Undergraduate,4th Year,2005-10-25,G_S02030,ADDR_S02030
S02031,Indali Bhalla,indali bhalla,INST-051,Undergraduate,2th Year,2004-03-16,G_S02031,ADDR_S02031
S02032,Yug Keer,yug keer,INST-004,Undergraduate,4th Year,2006-11-16,G_S02032,ADDR_S02032
S02033,Frado Bhatti,frado bhatti,INST-016,Undergraduate,4th Year,2005-05-27,G_S02033,ADDR_S02033
S02034,Ishwar Nazareth,ishwar nazareth,INST-039,Undergraduate,3th Year,2008-03-27,G_S02034,ADDR_S02034
S02035,Anmol Yohannan,anmol yohannan,INST-051,Undergraduate,3th Year,2004-01-28,G_S02035,ADDR_S02035
S02036,Baljiwan Sharma,baljiwan sharma,INST-014,Undergraduate,2th Year,2006-06-06,G_S02036,ADDR_S02036
S02037,Yutika Sama,yutika sama,INST-034,Undergraduate,3th Year,2005-09-01,G_S02037,ADDR_S02037
S02038,Anmol Singh,anmol singh,INST-042,Undergraduate,1th Year,2008-12-09,G_S02038,ADDR_S02038
S02039,Edhitha Purohit,edhitha purohit,INST-060,Undergraduate,2th Year,2006-12-28,G_S02039,ADDR_S02039
S02040,Ekantika Chaudhari,ekantika chaudhari,INST-002,Undergraduate,2th Year,2008-12-06,G_S02040,ADDR_S02040
S02041,Harish Jha,harish jha,INST-055,Undergraduate,3th Year,2003-09-09,G_S02041,ADDR_S02041
S02042,Watika Thakkar,watika thakkar,INST-055,Undergraduate,2th Year,2007-12-12,G_S02042,ADDR_S02042
S02043,Ojas Mistry,ojas mistry,INST-043,Undergraduate,2th Year,2008-05-03,G_S02043,ADDR_S02043
S02044,Rajata Jaggi,rajata jaggi,INST-013,Undergraduate,2th Year,2008-12-27,G_S02044,ADDR_S02044
S02045,Faqid Wason,faqid wason,INST-023,Undergraduate,1th Year,2007-08-03,G_S02045,ADDR_S02045
S02046,Bhavna Lanka,bhavna lanka,INST-012,Undergraduate,1th Year,2004-01-07,G_S02046,ADDR_S02046
S02047,Chameli Ratti,chameli ratti,INST-047,Undergraduate,2th Year,2005-01-13,G_S02047,ADDR_S02047
S02048,George Chandran,george chandran,INST-037,Undergraduate,2th Year,2004-05-07,G_S02048,ADDR_S02048
S02049,Anjali Bhavsar,anjali bhavsar,INST-017,Undergraduate,4th Year,2008-11-27,G_S02049,ADDR_S02049
S02050,Prisha Kadakia,prisha kadakia,INST-037,Undergraduate,4th Year,2005-11-26,G_S02050,ADDR_S02050
S02051,Faraj Mittal,faraj mittal,INST-033,Undergraduate,2th Year,2005-04-15,G_S02051,ADDR_S02051
S02052,Rachita Zacharia,rachita zacharia,INST-041,Undergraduate,2th Year,2006-10-11,G_S02052,ADDR_S02052
S02053,Ryan Sachdeva,ryan sachdeva,INST-058,Undergraduate,1th Year,2004-07-16,G_S02053,ADDR_S02053
S02054,Zayan Varma,zayan varma,INST-023,Undergraduate,4th Year,2007-03-25,G_S02054,ADDR_S02054
S02055,Pranit Bahl,pranit bahl,INST-045,Undergraduate,3th Year,2008-06-20,G_S02055,ADDR_S02055
S02056,Xalak Kala,xalak kala,INST-060,Undergraduate,1th Year,2006-07-25,G_S02056,ADDR_S02056
S02057,Amrita Walia,amrita walia,INST-011,Undergraduate,2th Year,2007-03-05,G_S02057,ADDR_S02057
S02058,Darpan Vig,darpan vig,INST-020,Undergraduate,3th Year,2006-07-06,G_S02058,ADDR_S02058
S02059,Janya Shere,janya shere,INST-012,Undergraduate,2th Year,2006-02-24,G_S02059,ADDR_S02059
S02060,WRIDESH DORA,wridesh dora,INST-007,Undergraduate,4th Year,2008-04-16,G_S02060,ADDR_S02060
S02061,Radhika Roy,radhika roy,INST-049,Undergraduate,4th Year,2005-05-27,G_S02061,ADDR_S02061
S02062,Devansh Jani,devansh jani,INST-032,Undergraduate,2th Year,2007-03-25,G_S02062,ADDR_S02062
S02063,Amara Mangat,amara mangat,INST-053,Undergraduate,2th Year,2004-08-07,G_S02063,ADDR_S02063
S02064,Aahana Keer,aahana keer,INST-022,Undergraduate,2th Year,2006-03-10,G_S02064,ADDR_S02064
S02065,William Comar,william comar,INST-027,Undergraduate,1th Year,2006-02-12,G_S02065,ADDR_S02065
S02066,Rehaan Bala,rehaan bala,INST-001,Undergraduate,2th Year,2007-09-13,G_S02066,ADDR_S02066
S02067,Dayita Shetty,dayita shetty,INST-043,Undergraduate,3th Year,2008-11-04,G_S02067,ADDR_S02067
S02068,Rajata Sami,rajata sami,INST-031,Undergraduate,3th Year,2003-03-14,G_S02068,ADDR_S02068
S02069,Saksham Dutta,saksham dutta,INST-022,Undergraduate,4th Year,2006-01-15,G_S02069,ADDR_S02069
S02070,Laban Balakrishnan,laban balakrishnan,INST-030,Undergraduate,3th Year,2005-07-11,G_S02070,ADDR_S02070
S02071,Arunima Goda,arunima goda,INST-012,Undergraduate,3th Year,2008-01-20,G_S02071,ADDR_S02071
S02072,Vedika Bahri,vedika bahri,INST-026,Undergraduate,1th Year,2007-02-05,G_S02072,ADDR_S02072
S02073,Fiyaz Murthy,fiyaz murthy,INST-018,Undergraduate,4th Year,2003-02-11,G_S02073,ADDR_S02073
S02074,Devansh Ray,devansh ray,INST-047,Undergraduate,1th Year,2005-11-24,G_S02074,ADDR_S02074
S02075,Gautam  Ranganathan,gautam ranganathan,INST-017,Undergraduate,2th Year,2007-05-10,G_S02075,ADDR_S02075
S02076,Warinder Choudhury,warinder choudhury,INST-004,Undergraduate,4th Year,2004-07-09,G_S02076,ADDR_S02076
S02077,Zayan Taneja,zayan taneja,INST-003,Undergraduate,3th Year,2003-07-07,G_S02077,ADDR_S02077
S02078,Wazir Das,wazir das,INST-030,Undergraduate,3th Year,2003-04-08,G_S02078,ADDR_S02078
S02079,Forum Ramakrishnan,forum ramakrishnan,INST-019,Undergraduate,3th Year,2007-07-16,G_S02079,ADDR_S02079
S02080,Pallavi Kamdar,pallavi kamdar,INST-021,Undergraduate,4th Year,2004-08-28,G_S02080,ADDR_S02080
S02081,Hredhaan Gill,hredhaan gill,INST-011,Undergraduate,1th Year,2008-08-18,G_S02081,ADDR_S02081
S02082,Anvi Sarraf,anvi sarraf,INST-034,Undergraduate,3th Year,2005-08-22,G_S02082,ADDR_S02082
S02083,Aachal Bhalla,aachal bhalla,INST-011,Undergraduate,1th Year,2005-09-24,G_S02083,ADDR_S02083
S02084,Kavya Chowdhury,kavya chowdhury,INST-009,Undergraduate,1th Year,2003-07-07,G_S02084,ADDR_S02084
S02085,Pallavi Soman,pallavi soman,INST-011,Undergraduate,4th Year,2007-05-11,G_S02085,ADDR_S02085
S02086,Arunima Dhillon,arunima dhillon,INST-044,Undergraduate,4th Year,2004-07-16,G_S02086,ADDR_S02086
S02087,Vaishnavi Pillai,vaishnavi pillai,INST-029,Undergraduate,1th Year,2007-06-25,G_S02087,ADDR_S02087
S02088,Ansh Banerjee,ansh banerjee,INST-042,Undergraduate,4th Year,2004-11-01,G_S02088,ADDR_S02088
S02089,Wriddhish Kulkarni,wriddhish kulkarni,INST-033,Undergraduate,3th Year,2007-04-06,G_S02089,ADDR_S02089
S02090,Dayamai  Patil,dayamai patil,INST-051,Undergraduate,2th Year,2004-08-12,G_S02090,ADDR_S02090
S02091,Warjas Savant,warjas savant,INST-046,Undergraduate,2th Year,2007-08-15,G_S02091,ADDR_S02091
S02092,Abhiram Ramaswamy,abhiram ramaswamy,INST-030,Undergraduate,1th Year,2007-06-28,G_S02092,ADDR_S02092
S02093,Charvi Chana,charvi chana,INST-005,Undergraduate,4th Year,2006-02-26,G_S02093,ADDR_S02093
S02094,Chameli Kade,chameli kade,INST-050,Undergraduate,1th Year,2006-08-27,G_S02094,ADDR_S02094
S02095,Reva Nadig,reva nadig,INST-054,Undergraduate,4th Year,2006-02-04,G_S02095,ADDR_S02095
S02096,Bahadurjit Mahal,bahadurjit mahal,INST-024,Undergraduate,3th Year,2004-04-26,G_S02096,ADDR_S02096
S02097,Vyanjana Sinha,vyanjana sinha,INST-042,Undergraduate,2th Year,2005-06-10,G_S02097,ADDR_S02097
S02098,Gaurangi Sami,gaurangi sami,INST-037,Undergraduate,1th Year,2004-03-17,G_S02098,ADDR_S02098
S02099,Naveen Lal,naveen lal,INST-037,Undergraduate,2th Year,2007-11-10,G_S02099,ADDR_S02099
S02100,Indira Salvi,indira salvi,INST-052,Undergraduate,3th Year,2006-05-21,G_S02100,ADDR_S02100
S02101,Sudiksha Bala,sudiksha bala,INST-010,Undergraduate,4th Year,2006-10-06,G_S02101,ADDR_S02101
S02102,Qarin Sawhney,qarin sawhney,INST-033,Undergraduate,3th Year,2006-08-21,G_S02102,ADDR_S02102
S02103,Aarush Rattan,aarush rattan,INST-058,Undergraduate,2th Year,2005-04-08,G_S02103,ADDR_S02103
S02104,Dalaja Murthy,dalaja murthy,INST-023,Undergraduate,1th Year,2008-09-08,G_S02104,ADDR_S02104
S02105,Indrajit Dugar,indrajit dugar,INST-026,Undergraduate,1th Year,2003-08-19,G_S02105,ADDR_S02105
S02106,Zaitra De,zaitra de,INST-048,Undergraduate,2th Year,2004-12-23,G_S02106,ADDR_S02106
S02107,Ekaja Seth,ekaja seth,INST-018,Undergraduate,1th Year,2004-09-10,G_S02107,ADDR_S02107
S02108,Kiaan Lad,kiaan lad,INST-049,Undergraduate,4th Year,2003-09-26,G_S02108,ADDR_S02108
S02109,Falak Manda,falak manda,INST-008,Undergraduate,2th Year,2007-08-10,G_S02109,ADDR_S02109
S02110,Frado Sachdeva,frado sachdeva,INST-008,Undergraduate,2th Year,2007-11-20,G_S02110,ADDR_S02110
S02111,Qabil Ramaswamy,qabil ramaswamy,INST-027,Undergraduate,4th Year,2007-05-21,G_S02111,ADDR_S02111
S02112,Udarsh Bail,udarsh bail,INST-018,Undergraduate,3th Year,2008-08-04,G_S02112,ADDR_S02112
S02113,Veer  Chakraborty,veer chakraborty,INST-033,Undergraduate,4th Year,2008-05-04,G_S02113,ADDR_S02113
S02114,Rushil Lala,rushil lala,INST-013,Undergraduate,2th Year,2004-05-17,G_S02114,ADDR_S02114
S02115,Chandran Rattan,chandran rattan,INST-044,Undergraduate,2th Year,2005-03-07,G_S02115,ADDR_S02115
S02116,Abha Dixit,abha dixit,INST-040,Undergraduate,4th Year,2008-10-26,G_S02116,ADDR_S02116
S02117,Jhalak Garde,jhalak garde,INST-031,Undergraduate,3th Year,2008-06-15,G_S02117,ADDR_S02117
S02118,Akshay Vora,akshay vora,INST-001,Undergraduate,4th Year,2005-11-26,G_S02118,ADDR_S02118
S02119,Sudiksha  Talwar,sudiksha talwar,INST-014,Undergraduate,4th Year,2006-06-18,G_S02119,ADDR_S02119
S02120,Udarsh Jani,udarsh jani,INST-029,Undergraduate,1th Year,2004-03-11,G_S02120,ADDR_S02120
S02121,Amaira Mani,amaira mani,INST-003,Undergraduate,2th Year,2005-10-19,G_S02121,ADDR_S02121
S02122,Lavanya De,lavanya de,INST-022,Undergraduate,3th Year,2006-05-04,G_S02122,ADDR_S02122
S02123,Samuel Kale,samuel kale,INST-050,Undergraduate,3th Year,2007-04-18,G_S02123,ADDR_S02123
S02124,Ranbir Sahota,ranbir sahota,INST-035,Undergraduate,3th Year,2008-01-05,G_S02124,ADDR_S02124
S02125,Nilima Dhingra,nilima dhingra,INST-024,Undergraduate,4th Year,2004-08-12,G_S02125,ADDR_S02125
S02126,Bina Lala,bina lala,INST-048,Undergraduate,1th Year,2008-07-14,G_S02126,ADDR_S02126
S02127,Shravya Kothari,shravya kothari,INST-004,Undergraduate,3th Year,2007-08-10,G_S02127,ADDR_S02127
S02128,Tara Chada,tara chada,INST-037,Undergraduate,1th Year,2007-03-26,G_S02128,ADDR_S02128
S02129,Upasna Deol,upasna deol,INST-013,Undergraduate,4th Year,2006-12-05,G_S02129,ADDR_S02129
S02130,Mitali Kala,mitali kala,INST-022,Undergraduate,4th Year,2003-07-19,G_S02130,ADDR_S02130
S02131,PALLAVI KUNDA,pallavi kunda,INST-028,Undergraduate,3th Year,2007-08-21,G_S02131,ADDR_S02131
S02132,Girish Bhargava,girish bhargava,INST-046,Undergraduate,2th Year,2004-04-10,G_S02132,ADDR_S02132
S02133,Gaurangi Keer,gaurangi keer,INST-055,Undergraduate,3th Year,2005-04-22,G_S02133,ADDR_S02133
S02134,Irya Bath,irya bath,INST-018,Undergraduate,3th Year,2003-03-15,G_S02134,ADDR_S02134
S02135,Zehaan Thaman,zehaan thaman,INST-048,Undergraduate,2th Year,2004-07-19,G_S02135,ADDR_S02135
S02136,Chasmum Rana,chasmum rana,INST-038,Undergraduate,2th Year,2004-02-16,G_S02136,ADDR_S02136
S02137,Kevin Barman,kevin barman,INST-014,Undergraduate,1th Year,2006-01-01,G_S02137,ADDR_S02137
S02138,Abha Gara,abha gara,INST-007,Undergraduate,3th Year,2003-07-28,G_S02138,ADDR_S02138
S02139,Harinakshi Sidhu,harinakshi sidhu,INST-006,Undergraduate,3th Year,2003-03-28,G_S02139,ADDR_S02139
S02140,Gaurav Nadig,gaurav nadig,INST-010,Undergraduate,4th Year,2003-01-20,G_S02140,ADDR_S02140
S02141,Lucky Lad,lucky lad,INST-053,Undergraduate,2th Year,2008-11-06,G_S02141,ADDR_S02141
S02142,DHRITI BASU,dhriti basu,INST-026,Undergraduate,3th Year,2007-06-01,G_S02142,ADDR_S02142
S02143,XALAK MAND,xalak mand,INST-048,Undergraduate,2th Year,2004-02-01,G_S02143,ADDR_S02143
S02144,Qushi Mandal,qushi mandal,INST-005,Undergraduate,4th Year,2006-09-15,G_S02144,ADDR_S02144
S02145,Aishani Varughese,aishani varughese,INST-058,Undergraduate,1th Year,2006-08-24,G_S02145,ADDR_S02145
S02146,Rajata Gala,rajata gala,INST-033,Undergraduate,2th Year,2004-11-03,G_S02146,ADDR_S02146
S02147,Vyanjana Dora,vyanjana dora,INST-007,Undergraduate,3th Year,2005-12-15,G_S02147,ADDR_S02147
S02148,Chatresh Gulati,chatresh gulati,INST-057,Undergraduate,2th Year,2005-07-12,G_S02148,ADDR_S02148
S02149,Chatura Karpe,chatura karpe,INST-052,Undergraduate,1th Year,2004-11-02,G_S02149,ADDR_S02149
S02150,Balendra Singhal,balendra singhal,INST-037,Undergraduate,3th Year,2004-11-28,G_S02150,ADDR_S02150
S02151,Nihal Sibal,nihal sibal,INST-030,Undergraduate,3th Year,2008-09-11,G_S02151,ADDR_S02151
S02152,Jack Talwar,jack talwar,INST-056,Undergraduate,4th Year,2008-02-22,G_S02152,ADDR_S02152
S02153,Riya Parikh,riya parikh,INST-024,Undergraduate,1th Year,2004-08-27,G_S02153,ADDR_S02153
S02154,Tanvi Tailor,tanvi tailor,INST-023,Undergraduate,4th Year,2007-02-28,G_S02154,ADDR_S02154
S02155,Manbir Dasgupta,manbir dasgupta,INST-057,Undergraduate,1th Year,2004-12-24,G_S02155,ADDR_S02155
S02156,Girik Jani,girik jani,INST-034,Undergraduate,3th Year,2007-04-23,G_S02156,ADDR_S02156
S02157,Pranit Ganguly,pranit ganguly,INST-007,Undergraduate,2th Year,2007-10-14,G_S02157,ADDR_S02157
S02158,Simon Agrawal,simon agrawal,INST-026,Undergraduate,4th Year,2006-08-11,G_S02158,ADDR_S02158
S02159,Omaja Bose,omaja bose,INST-046,Undergraduate,1th Year,2003-07-05,G_S02159,ADDR_S02159
S02160,Wishi Chandra,wishi chandra,INST-052,Undergraduate,2th Year,2008-07-13,G_S02160,ADDR_S02160
S02161,Atharv Mane,atharv mane,INST-005,Undergraduate,1th Year,2008-12-19,G_S02161,ADDR_S02161
S02162,Meera Prakash,meera prakash,INST-044,Undergraduate,3th Year,2003-11-04,G_S02162,ADDR_S02162
S02163,Ekiya Dube,ekiya dube,INST-041,Undergraduate,1th Year,2007-12-20,G_S02163,ADDR_S02163
S02164,Finn Sharma,finn sharma,INST-049,Undergraduate,1th Year,2006-05-04,G_S02164,ADDR_S02164
S02165,Sudiksha Luthra,sudiksha luthra,INST-057,Undergraduate,1th Year,2008-10-20,G_S02165,ADDR_S02165
S02166,Forum Bassi,forum bassi,INST-028,Undergraduate,1th Year,2005-12-24,G_S02166,ADDR_S02166
S02167,Ekta Dayal,ekta dayal,INST-043,Undergraduate,4th Year,2004-10-16,G_S02167,ADDR_S02167
S02168,Chanakya Mandal,chanakya mandal,INST-007,Undergraduate,4th Year,2007-09-28,G_S02168,ADDR_S02168
S02169,Christopher Bobal,christopher bobal,INST-038,Undergraduate,2th Year,2005-10-22,G_S02169,ADDR_S02169
S02170,George Rastogi,george rastogi,INST-051,Undergraduate,4th Year,2007-09-02,G_S02170,ADDR_S02170
S02171,Pranav Khatri,pranav khatri,INST-012,Undergraduate,4th Year,2003-12-15,G_S02171,ADDR_S02171
S02172,Gaurav Bail,gaurav bail,INST-016,Undergraduate,1th Year,2005-08-23,G_S02172,ADDR_S02172
S02173,Nicholas Rama,nicholas rama,INST-050,Undergraduate,3th Year,2004-08-28,G_S02173,ADDR_S02173
S02174,Bhavani Dube,bhavani dube,INST-048,Undergraduate,3th Year,2003-12-03,G_S02174,ADDR_S02174
S02175,Chanchal Swaminathan,chanchal swaminathan,INST-041,Undergraduate,4th Year,2005-06-26,G_S02175,ADDR_S02175
S02176,Dayita Deep,dayita deep,INST-021,Undergraduate,2th Year,2007-05-17,G_S02176,ADDR_S02176
S02177,Gopal Pillai,gopal pillai,INST-040,Undergraduate,4th Year,2005-03-23,G_S02177,ADDR_S02177
S02178,Vrishti Sehgal,vrishti sehgal,INST-059,Undergraduate,3th Year,2007-10-03,G_S02178,ADDR_S02178
S02179,Vamakshi Loyal,vamakshi loyal,INST-016,Undergraduate,4th Year,2004-12-08,G_S02179,ADDR_S02179
S02180,Gautam Sami,gautam sami,INST-014,Undergraduate,3th Year,2004-01-28,G_S02180,ADDR_S02180
S02181,Quincy Saraf,quincy saraf,INST-036,Undergraduate,4th Year,2008-10-13,G_S02181,ADDR_S02181
S02182,Girik Baria,girik baria,INST-017,Undergraduate,3th Year,2004-06-18,G_S02182,ADDR_S02182
S02183,Ubika Kapur,ubika kapur,INST-053,Undergraduate,4th Year,2007-06-04,G_S02183,ADDR_S02183
S02184,Warhi Vyas,warhi vyas,INST-042,Undergraduate,2th Year,2006-05-19,G_S02184,ADDR_S02184
S02185,Bina Sidhu,bina sidhu,INST-032,Undergraduate,1th Year,2007-08-18,G_S02185,ADDR_S02185
S02186,Fariq Sridhar,fariq sridhar,INST-046,Undergraduate,3th Year,2003-12-09,G_S02186,ADDR_S02186
S02187,Manthan Datta,manthan datta,INST-032,Undergraduate,2th Year,2008-08-10,G_S02187,ADDR_S02187
S02188,Yuvraj Virk,yuvraj virk,INST-052,Undergraduate,2th Year,2007-11-19,G_S02188,ADDR_S02188
S02189,Chakrika Batta,chakrika batta,INST-023,Undergraduate,1th Year,2007-07-24,G_S02189,ADDR_S02189
S02190,Chakradev Varghese,chakradev varghese,INST-050,Undergraduate,2th Year,2003-11-16,G_S02190,ADDR_S02190
S02191,Yashvi Sandal,yashvi sandal,INST-026,Undergraduate,4th Year,2006-12-16,G_S02191,ADDR_S02191
S02192,Girindra Shetty,girindra shetty,INST-023,Undergraduate,4th Year,2005-08-03,G_S02192,ADDR_S02192
S02193,Isha Kumar,isha kumar,INST-023,Undergraduate,3th Year,2003-10-02,G_S02193,ADDR_S02193
S02194,Yahvi Babu,yahvi babu,INST-034,Undergraduate,3th Year,2006-05-01,G_S02194,ADDR_S02194
S02195,Turvi Gola,turvi gola,INST-040,Undergraduate,1th Year,2008-03-20,G_S02195,ADDR_S02195
S02196,Maya Bath,maya bath,INST-046,Undergraduate,2th Year,2006-01-20,G_S02196,ADDR_S02196
S02197,Omaja Mishra,omaja mishra,INST-020,Undergraduate,2th Year,2003-08-07,G_S02197,ADDR_S02197
S02198,Suhani Sengupta,suhani sengupta,INST-060,Undergraduate,4th Year,2006-02-22,G_S02198,ADDR_S02198
S02199,Harita Grover,harita grover,INST-010,Undergraduate,4th Year,2003-06-02,G_S02199,ADDR_S02199
S02200,Qasim Brar,qasim brar,INST-006,Undergraduate,4th Year,2007-11-07,G_S02200,ADDR_S02200
S02201,Hitesh Saraf,hitesh saraf,INST-013,Undergraduate,4th Year,2003-08-01,G_S02201,ADDR_S02201
S02202,Abdul Rana,abdul rana,INST-040,Undergraduate,4th Year,2005-11-23,G_S02202,ADDR_S02202
S02203,Agastya Garg,agastya garg,INST-006,Undergraduate,2th Year,2008-06-24,G_S02203,ADDR_S02203
S02204,Triveni Ravel,triveni ravel,INST-020,Undergraduate,3th Year,2007-01-27,G_S02204,ADDR_S02204
S02205,Chavvi Patel,chavvi patel,INST-012,Undergraduate,1th Year,2006-03-08,G_S02205,ADDR_S02205
S02206,Chasmum Chahal,chasmum chahal,INST-032,Undergraduate,1th Year,2003-07-07,G_S02206,ADDR_S02206
S02207,KRISHNA ATWAL,krishna atwal,INST-053,Undergraduate,2th Year,2005-07-02,G_S02207,ADDR_S02207
S02208,Isaac Babu,isaac babu,INST-017,Undergraduate,3th Year,2004-11-24,G_S02208,ADDR_S02208
S02209,Avi Kadakia,avi kadakia,INST-027,Undergraduate,4th Year,2005-10-01,G_S02209,ADDR_S02209
S02210,Maanav Khurana,maanav khurana,INST-029,Undergraduate,2th Year,2003-11-04,G_S02210,ADDR_S02210
S02211,Rayaan Chadha,rayaan chadha,INST-035,Undergraduate,4th Year,2005-09-10,G_S02211,ADDR_S02211
S02212,Ubika Divan,ubika divan,INST-008,Undergraduate,2th Year,2003-09-28,G_S02212,ADDR_S02212
S02213,Pahal Bains,pahal bains,INST-003,Undergraduate,4th Year,2004-02-25,G_S02213,ADDR_S02213
S02214,Ojas Dua,ojas dua,INST-024,Undergraduate,2th Year,2006-10-25,G_S02214,ADDR_S02214
S02215,Vedhika Sinha,vedhika sinha,INST-047,Undergraduate,3th Year,2005-03-12,G_S02215,ADDR_S02215
S02216,Shivani Kibe,shivani kibe,INST-010,Undergraduate,1th Year,2004-03-21,G_S02216,ADDR_S02216
S02217,CHAITALY RAMANATHAN,chaitaly ramanathan,INST-054,Undergraduate,2th Year,2007-06-02,G_S02217,ADDR_S02217
S02218,Gauri Anand,gauri anand,INST-002,Undergraduate,2th Year,2008-06-12,G_S02218,ADDR_S02218
S02219,Rachana Sagar,rachana sagar,INST-001,Undergraduate,1th Year,2004-11-02,G_S02219,ADDR_S02219
S02220,Bina  Bansal,bina bansal,INST-031,Undergraduate,4th Year,2005-11-20,G_S02220,ADDR_S02220
S02221,Mugdha Sunder,mugdha sunder,INST-040,Undergraduate,4th Year,2004-08-18,G_S02221,ADDR_S02221
S02222,Vincent Bhat,vincent bhat,INST-041,Undergraduate,3th Year,2004-06-24,G_S02222,ADDR_S02222
S02223,Pahal Mutti,pahal mutti,INST-030,Undergraduate,4th Year,2004-11-12,G_S02223,ADDR_S02223
S02224,Amrita Sahni,amrita sahni,INST-030,Undergraduate,4th Year,2006-06-11,G_S02224,ADDR_S02224
S02225,Jackson Talwar,jackson talwar,INST-014,Undergraduate,3th Year,2006-09-28,G_S02225,ADDR_S02225
S02226,Saumya Sarin,saumya sarin,INST-010,Undergraduate,4th Year,2005-10-14,G_S02226,ADDR_S02226
S02227,Neel Mani,neel mani,INST-057,Undergraduate,2th Year,2006-01-23,G_S02227,ADDR_S02227
S02228,Upasna Padmanabhan,upasna padmanabhan,INST-048,Undergraduate,2th Year,2008-07-19,G_S02228,ADDR_S02228
S02229,Vincent Tripathi,vincent tripathi,INST-030,Undergraduate,3th Year,2007-10-17,G_S02229,ADDR_S02229
S02230,Harinakshi Sidhu,harinakshi sidhu,INST-006,Undergraduate,1th Year,2005-02-11,G_S02230,ADDR_S02230
S02231,Chaaya Ramakrishnan,chaaya ramakrishnan,INST-020,Undergraduate,4th Year,2006-06-23,G_S02231,ADDR_S02231
S02232,Jagvi Sodhi,jagvi sodhi,INST-036,Undergraduate,2th Year,2006-02-18,G_S02232,ADDR_S02232
S02233,Sarthak Mandal,sarthak mandal,INST-041,Undergraduate,2th Year,2003-11-05,G_S02233,ADDR_S02233
S02234,Vasudha Dayal,vasudha dayal,INST-025,Undergraduate,4th Year,2004-01-19,G_S02234,ADDR_S02234
S02235,Ryan Dugar,ryan dugar,INST-012,Undergraduate,3th Year,2005-02-12,G_S02235,ADDR_S02235
S02236,Harrison Sagar,harrison sagar,INST-044,Undergraduate,1th Year,2008-04-21,G_S02236,ADDR_S02236
S02237,Chavvi Keer,chavvi keer,INST-052,Undergraduate,2th Year,2005-05-07,G_S02237,ADDR_S02237
S02238,Champak Badami,champak badami,INST-002,Undergraduate,2th Year,2003-11-08,G_S02238,ADDR_S02238
S02239,Advika Parikh,advika parikh,INST-028,Undergraduate,4th Year,2008-02-11,G_S02239,ADDR_S02239
S02240,Owen Thakur,owen thakur,INST-060,Undergraduate,1th Year,2005-07-07,G_S02240,ADDR_S02240
S02241,Devansh Nazareth,devansh nazareth,INST-045,Undergraduate,4th Year,2006-12-11,G_S02241,ADDR_S02241
S02242,Ishaan Karan,ishaan karan,INST-032,Undergraduate,1th Year,2006-11-03,G_S02242,ADDR_S02242
S02243,Udarsh Sur,udarsh sur,INST-002,Undergraduate,2th Year,2005-02-05,G_S02243,ADDR_S02243
S02244,Harini Pant,harini pant,INST-001,Undergraduate,3th Year,2007-02-05,G_S02244,ADDR_S02244
S02245,Amara Dora,amara dora,INST-004,Undergraduate,2th Year,2003-12-03,G_S02245,ADDR_S02245
S02246,Chandresh Sarma,chandresh sarma,INST-046,Undergraduate,3th Year,2008-09-07,G_S02246,ADDR_S02246
S02247,Indrajit Cherian,indrajit cherian,INST-012,Undergraduate,4th Year,2004-09-01,G_S02247,ADDR_S02247
S02248,Benjamin Tripathi,benjamin tripathi,INST-057,Undergraduate,2th Year,2008-02-23,G_S02248,ADDR_S02248
S02249,Oliver Dalal,oliver dalal,INST-021,Undergraduate,3th Year,2007-07-17,G_S02249,ADDR_S02249
S02250,Janaki Dugar,janaki dugar,INST-053,Undergraduate,2th Year,2007-01-21,G_S02250,ADDR_S02250
S02251,Riya Toor,riya toor,INST-005,Undergraduate,1th Year,2007-07-03,G_S02251,ADDR_S02251
S02252,Hardik Dube,hardik dube,INST-050,Undergraduate,1th Year,2007-05-24,G_S02252,ADDR_S02252
S02253,Gaurika Devi,gaurika devi,INST-052,Undergraduate,3th Year,2007-12-07,G_S02253,ADDR_S02253
S02254,Saksham Sarna,saksham sarna,INST-023,Undergraduate,4th Year,2005-07-15,G_S02254,ADDR_S02254
S02255,Abeer Korpal,abeer korpal,INST-049,Undergraduate,3th Year,2006-11-05,G_S02255,ADDR_S02255
S02256,Harita Mangat,harita mangat,INST-053,Undergraduate,2th Year,2004-02-01,G_S02256,ADDR_S02256
S02257,Frederick Lata,frederick lata,INST-013,Undergraduate,3th Year,2004-04-16,G_S02257,ADDR_S02257
S02258,Oeshi Patel,oeshi patel,INST-011,Undergraduate,1th Year,2005-02-03,G_S02258,ADDR_S02258
S02259,Max Wagle,max wagle,INST-034,Undergraduate,3th Year,2008-03-11,G_S02259,ADDR_S02259
S02260,Vedant Devi,vedant devi,INST-039,Undergraduate,3th Year,2005-12-12,G_S02260,ADDR_S02260
S02261,Odika Rout,odika rout,INST-031,Undergraduate,2th Year,2005-12-08,G_S02261,ADDR_S02261
S02262,Zaitra Pathak,zaitra pathak,INST-037,Undergraduate,2th Year,2004-06-26,G_S02262,ADDR_S02262
S02263,Saanvi Dhingra,saanvi dhingra,INST-040,Undergraduate,4th Year,2003-06-17,G_S02263,ADDR_S02263
S02264,Zansi Boase,zansi boase,INST-006,Undergraduate,4th Year,2007-12-09,G_S02264,ADDR_S02264
S02265,Hamsini Murty,hamsini murty,INST-051,Undergraduate,1th Year,2006-04-08,G_S02265,ADDR_S02265
S02266,Nitesh Saraf,nitesh saraf,INST-040,Undergraduate,2th Year,2005-06-16,G_S02266,ADDR_S02266
S02267,Maya Bansal,maya bansal,INST-042,Undergraduate,3th Year,2008-01-24,G_S02267,ADDR_S02267
S02268,Dalbir Venkatesh,dalbir venkatesh,INST-051,Undergraduate,1th Year,2005-05-07,G_S02268,ADDR_S02268
S02269,Oni  Ratti,oni ratti,INST-027,Undergraduate,4th Year,2008-07-18,G_S02269,ADDR_S02269
S02270,Dipta Padmanabhan,dipta padmanabhan,INST-018,Undergraduate,2th Year,2008-10-15,G_S02270,ADDR_S02270
S02271,Ati Wable,ati wable,INST-002,Undergraduate,3th Year,2004-06-27,G_S02271,ADDR_S02271
S02272,Netra Sehgal,netra sehgal,INST-042,Undergraduate,2th Year,2005-10-27,G_S02272,ADDR_S02272
S02273,Riya Pai,riya pai,INST-049,Undergraduate,2th Year,2006-02-03,G_S02273,ADDR_S02273
S02274,Rudra Mitra,rudra mitra,INST-046,Undergraduate,3th Year,2005-06-03,G_S02274,ADDR_S02274
S02275,Balhaar Yogi,balhaar yogi,INST-035,Undergraduate,2th Year,2007-02-27,G_S02275,ADDR_S02275
S02276,Madhavi Date,madhavi date,INST-059,Undergraduate,2th Year,2003-11-22,G_S02276,ADDR_S02276
S02277,Tanay Chander,tanay chander,INST-045,Undergraduate,2th Year,2004-03-17,G_S02277,ADDR_S02277
S02278,Harini Dutta,harini dutta,INST-043,Undergraduate,3th Year,2006-01-22,G_S02278,ADDR_S02278
S02279,Ayaan Zacharia,ayaan zacharia,INST-038,Undergraduate,3th Year,2008-02-19,G_S02279,ADDR_S02279
S02280,Wyatt Modi,wyatt modi,INST-010,Undergraduate,3th Year,2005-09-12,G_S02280,ADDR_S02280
S02281,Yashasvi Choudhry,yashasvi choudhry,INST-049,Undergraduate,4th Year,2003-11-10,G_S02281,ADDR_S02281
S02282,Kashish Lad,kashish lad,INST-042,Undergraduate,4th Year,2004-03-04,G_S02282,ADDR_S02282
S02283,Jatin Batta,jatin batta,INST-056,Undergraduate,3th Year,2008-11-07,G_S02283,ADDR_S02283
S02284,Saumya Misra,saumya misra,INST-042,Undergraduate,3th Year,2004-09-01,G_S02284,ADDR_S02284
S02285,Sudiksha Nori,sudiksha nori,INST-056,Undergraduate,3th Year,2006-07-20,G_S02285,ADDR_S02285
S02286,Vivaan Palla,vivaan palla,INST-039,Undergraduate,2th Year,2003-10-04,G_S02286,ADDR_S02286
S02287,Bhavani Dey,bhavani dey,INST-055,Undergraduate,4th Year,2006-12-19,G_S02287,ADDR_S02287
S02288,Zinal Kota,zinal kota,INST-042,Undergraduate,3th Year,2003-05-14,G_S02288,ADDR_S02288
S02289,Falak Varty,falak varty,INST-058,Undergraduate,2th Year,2003-11-24,G_S02289,ADDR_S02289
S02290,JALSA SHA,jalsa sha,INST-016,Undergraduate,3th Year,2005-01-23,G_S02290,ADDR_S02290
S02291,Manan Sandal,manan sandal,INST-010,Undergraduate,1th Year,2006-07-27,G_S02291,ADDR_S02291
S02292,Finn Chanda,finn chanda,INST-037,Undergraduate,1th Year,2005-12-10,G_S02292,ADDR_S02292
S02293,PAVANI DE,pavani de,INST-056,Undergraduate,1th Year,2007-07-18,G_S02293,ADDR_S02293
S02294,Tanish Sehgal,tanish sehgal,INST-048,Undergraduate,3th Year,2003-10-12,G_S02294,ADDR_S02294
S02295,Kala Vora,kala vora,INST-043,Undergraduate,3th Year,2006-03-19,G_S02295,ADDR_S02295
S02296,Zilmil Rana,zilmil rana,INST-050,Undergraduate,4th Year,2008-09-14,G_S02296,ADDR_S02296
S02297,Wishi Sampath,wishi sampath,INST-057,Undergraduate,4th Year,2007-11-06,G_S02297,ADDR_S02297
S02298,Vrishti Saha,vrishti saha,INST-041,Undergraduate,3th Year,2007-11-27,G_S02298,ADDR_S02298
S02299,Maanas Tiwari,maanas tiwari,INST-051,Undergraduate,4th Year,2003-09-18,G_S02299,ADDR_S02299
S02300,Vedhika Shankar,vedhika shankar,INST-017,Undergraduate,2th Year,2008-04-22,G_S02300,ADDR_S02300
S02301,Yochana Wadhwa,yochana wadhwa,INST-047,Undergraduate,4th Year,2004-10-12,G_S02301,ADDR_S02301
S02302,Simon Shah,simon shah,INST-042,Undergraduate,2th Year,2008-01-26,G_S02302,ADDR_S02302
S02303,Bachittar Dugar,bachittar dugar,INST-005,Undergraduate,2th Year,2007-11-04,G_S02303,ADDR_S02303
S02304,JAGAT REGE,jagat rege,INST-014,Undergraduate,1th Year,2003-05-15,G_S02304,ADDR_S02304
S02305,Jai Pingle,jai pingle,INST-001,Undergraduate,3th Year,2006-10-19,G_S02305,ADDR_S02305
S02306,Banjeet Virk,banjeet virk,INST-003,Undergraduate,3th Year,2003-05-23,G_S02306,ADDR_S02306
S02307,Jacob Prabhu,jacob prabhu,INST-028,Undergraduate,4th Year,2003-07-02,G_S02307,ADDR_S02307
S02308,Kavya Mitter,kavya mitter,INST-035,Undergraduate,2th Year,2008-12-21,G_S02308,ADDR_S02308
S02309,Vedika Bala,vedika bala,INST-016,Undergraduate,4th Year,2004-10-14,G_S02309,ADDR_S02309
S02310,Lucky Sama,lucky sama,INST-044,Undergraduate,4th Year,2003-09-06,G_S02310,ADDR_S02310
S02311,Dalaja Mander,dalaja mander,INST-035,Undergraduate,4th Year,2004-08-10,G_S02311,ADDR_S02311
S02312,Qadim Suresh,qadim suresh,INST-028,Undergraduate,2th Year,2003-04-16,G_S02312,ADDR_S02312
S02313,Jason Palla,jason palla,INST-048,Undergraduate,2th Year,2005-11-19,G_S02313,ADDR_S02313
S02314,Chaitanya Sahni,chaitanya sahni,INST-059,Undergraduate,2th Year,2004-03-24,G_S02314,ADDR_S02314
S02315,Dayita Sethi,dayita sethi,INST-045,Undergraduate,3th Year,2008-09-04,G_S02315,ADDR_S02315
S02316,Krishna Soman,krishna soman,INST-036,Undergraduate,1th Year,2003-05-22,G_S02316,ADDR_S02316
S02317,Lakshit Thaman,lakshit thaman,INST-016,Undergraduate,2th Year,2008-04-15,G_S02317,ADDR_S02317
S02318,Shivani Sen,shivani sen,INST-031,Undergraduate,2th Year,2007-07-04,G_S02318,ADDR_S02318
S02319,Eshana Chakraborty,eshana chakraborty,INST-009,Undergraduate,1th Year,2003-09-22,G_S02319,ADDR_S02319
S02320,Lila  Kaul,lila kaul,INST-009,Undergraduate,4th Year,2004-04-22,G_S02320,ADDR_S02320
S02321,Harinakshi Zachariah,harinakshi zachariah,INST-012,Undergraduate,1th Year,2004-11-05,G_S02321,ADDR_S02321
S02322,Saanvi Mall,saanvi mall,INST-005,Undergraduate,2th Year,2008-07-27,G_S02322,ADDR_S02322
S02323,Noah Bakshi,noah bakshi,INST-027,Undergraduate,4th Year,2003-04-22,G_S02323,ADDR_S02323
S02324,Jatin Chada,jatin chada,INST-056,Undergraduate,2th Year,2006-10-26,G_S02324,ADDR_S02324
S02325,Chatresh Vig,chatresh vig,INST-034,Undergraduate,1th Year,2006-02-18,G_S02325,ADDR_S02325
S02326,Vamakshi Thakkar,vamakshi thakkar,INST-026,Undergraduate,3th Year,2005-09-20,G_S02326,ADDR_S02326
S02327,Jai Wali,jai wali,INST-025,Undergraduate,2th Year,2006-06-03,G_S02327,ADDR_S02327
S02328,Anirudh Maharaj,anirudh maharaj,INST-040,Undergraduate,3th Year,2005-05-20,G_S02328,ADDR_S02328
S02329,Yatan Sawhney,yatan sawhney,INST-021,Undergraduate,2th Year,2005-09-22,G_S02329,ADDR_S02329
S02330,Ekani Ratti,ekani ratti,INST-043,Undergraduate,2th Year,2008-05-07,G_S02330,ADDR_S02330
S02331,Vyanjana Bajaj,vyanjana bajaj,INST-014,Undergraduate,3th Year,2008-04-07,G_S02331,ADDR_S02331
S02332,Rajeshri Gole,rajeshri gole,INST-052,Undergraduate,2th Year,2006-08-23,G_S02332,ADDR_S02332
S02333,Arjun Wable,arjun wable,INST-010,Undergraduate,4th Year,2003-02-07,G_S02333,ADDR_S02333
S02334,Lavanya Kurian,lavanya kurian,INST-036,Undergraduate,3th Year,2007-10-14,G_S02334,ADDR_S02334
S02335,Ishwar Chaudhary,ishwar chaudhary,INST-041,Undergraduate,3th Year,2003-03-06,G_S02335,ADDR_S02335
S02336,Bhavika Dhawan,bhavika dhawan,INST-005,Undergraduate,3th Year,2004-02-24,G_S02336,ADDR_S02336
S02337,Aadhya Chakraborty,aadhya chakraborty,INST-043,Undergraduate,3th Year,2005-07-08,G_S02337,ADDR_S02337
S02338,Damyanti Reddy,damyanti reddy,INST-023,Undergraduate,1th Year,2007-10-11,G_S02338,ADDR_S02338
S02339,Daniel Nanda,daniel nanda,INST-040,Undergraduate,3th Year,2006-02-04,G_S02339,ADDR_S02339
S02340,Avi Bhardwaj,avi bhardwaj,INST-040,Undergraduate,2th Year,2005-02-01,G_S02340,ADDR_S02340
S02341,Madhavi Chaudhary,madhavi chaudhary,INST-039,Undergraduate,1th Year,2006-12-15,G_S02341,ADDR_S02341
S02342,Lucky Sachar,lucky sachar,INST-049,Undergraduate,3th Year,2004-11-16,G_S02342,ADDR_S02342
S02343,Aarna Prashad,aarna prashad,INST-032,Undergraduate,2th Year,2005-03-23,G_S02343,ADDR_S02343
S02344,Charles Jain,charles jain,INST-014,Undergraduate,3th Year,2006-05-08,G_S02344,ADDR_S02344
S02345,Warjas Tailor,warjas tailor,INST-057,Undergraduate,2th Year,2008-12-03,G_S02345,ADDR_S02345
S02346,Ishwar Luthra,ishwar luthra,INST-024,Undergraduate,4th Year,2006-12-15,G_S02346,ADDR_S02346
S02347,Eesha Shetty,eesha shetty,INST-015,Undergraduate,2th Year,2004-04-28,G_S02347,ADDR_S02347
S02348,Dominic Sule,dominic sule,INST-055,Undergraduate,3th Year,2003-04-03,G_S02348,ADDR_S02348
S02349,Nikita Kaur,nikita kaur,INST-034,Undergraduate,3th Year,2004-04-14,G_S02349,ADDR_S02349
S02350,Amruta Chaudhuri,amruta chaudhuri,INST-056,Undergraduate,1th Year,2007-11-26,G_S02350,ADDR_S02350
S02351,Jeremiah Modi,jeremiah modi,INST-028,Undergraduate,1th Year,2003-02-09,G_S02351,ADDR_S02351
S02352,Sanaya Chacko,sanaya chacko,INST-036,Undergraduate,2th Year,2004-09-06,G_S02352,ADDR_S02352
S02353,Lucky Prakash,lucky prakash,INST-050,Undergraduate,1th Year,2006-03-06,G_S02353,ADDR_S02353
S02354,Yatan Yogi,yatan yogi,INST-016,Undergraduate,3th Year,2007-05-15,G_S02354,ADDR_S02354
S02355,Siya Barman,siya barman,INST-046,Undergraduate,1th Year,2006-03-01,G_S02355,ADDR_S02355
S02356,Ucchal Mann,ucchal mann,INST-044,Undergraduate,4th Year,2007-08-21,G_S02356,ADDR_S02356
S02357,Aadi Bhasin,aadi bhasin,INST-034,Undergraduate,1th Year,2004-02-20,G_S02357,ADDR_S02357
S02358,Anjali Krishna,anjali krishna,INST-027,Undergraduate,3th Year,2005-01-11,G_S02358,ADDR_S02358
S02359,Indali Kala,indali kala,INST-050,Undergraduate,2th Year,2008-05-13,G_S02359,ADDR_S02359
S02360,Chakradev Edwin,chakradev edwin,INST-058,Undergraduate,4th Year,2006-08-23,G_S02360,ADDR_S02360
S02361,Charita Chakraborty,charita chakraborty,INST-027,Undergraduate,1th Year,2005-06-02,G_S02361,ADDR_S02361
S02362,Jason Dey,jason dey,INST-056,Undergraduate,3th Year,2005-09-18,G_S02362,ADDR_S02362
S02363,Rachana Kade,rachana kade,INST-022,Undergraduate,1th Year,2004-12-23,G_S02363,ADDR_S02363
S02364,HEMA LAL,hema lal,INST-034,Undergraduate,4th Year,2006-06-26,G_S02364,ADDR_S02364
S02365,Anjali Korpal,anjali korpal,INST-019,Undergraduate,4th Year,2006-07-25,G_S02365,ADDR_S02365
S02366,Harita Kade,harita kade,INST-037,Undergraduate,2th Year,2006-06-22,G_S02366,ADDR_S02366
S02367,Falguni Babu,falguni babu,INST-049,Undergraduate,2th Year,2003-01-10,G_S02367,ADDR_S02367
S02368,Aarnav Soni,aarnav soni,INST-013,Undergraduate,2th Year,2006-09-19,G_S02368,ADDR_S02368
S02369,Aditya Ghose,aditya ghose,INST-011,Undergraduate,2th Year,2006-03-22,G_S02369,ADDR_S02369
S02370,Vrinda Ramaswamy,vrinda ramaswamy,INST-052,Undergraduate,3th Year,2006-05-19,G_S02370,ADDR_S02370
S02371,Faras Yohannan,faras yohannan,INST-021,Undergraduate,3th Year,2007-04-08,G_S02371,ADDR_S02371
S02372,Sai Dasgupta,sai dasgupta,INST-022,Undergraduate,4th Year,2008-07-02,G_S02372,ADDR_S02372
S02373,Krisha Parmar,krisha parmar,INST-017,Undergraduate,2th Year,2004-08-05,G_S02373,ADDR_S02373
S02374,Peter Anand,peter anand,INST-048,Undergraduate,3th Year,2005-02-08,G_S02374,ADDR_S02374
S02375,Turvi Prabhakar,turvi prabhakar,INST-060,Undergraduate,4th Year,2006-01-11,G_S02375,ADDR_S02375
S02376,Sai Andra,sai andra,INST-057,Undergraduate,2th Year,2006-07-28,G_S02376,ADDR_S02376
S02377,Anmol Mand,anmol mand,INST-011,Undergraduate,1th Year,2003-02-03,G_S02377,ADDR_S02377
S02378,Rehaan Chana,rehaan chana,INST-032,Undergraduate,2th Year,2003-01-16,G_S02378,ADDR_S02378
S02379,Timothy Kaur,timothy kaur,INST-054,Undergraduate,3th Year,2008-10-03,G_S02379,ADDR_S02379
S02380,Janani Bansal,janani bansal,INST-003,Undergraduate,1th Year,2007-01-27,G_S02380,ADDR_S02380
S02381,Waida Kadakia,waida kadakia,INST-053,Undergraduate,1th Year,2007-05-05,G_S02381,ADDR_S02381
S02382,Rohan Randhawa,rohan randhawa,INST-050,Undergraduate,4th Year,2007-04-23,G_S02382,ADDR_S02382
S02383,Arunima Tella,arunima tella,INST-043,Undergraduate,3th Year,2005-11-23,G_S02383,ADDR_S02383
S02384,Onkar Hari,onkar hari,INST-055,Undergraduate,3th Year,2004-04-15,G_S02384,ADDR_S02384
S02385,Dhruv Dave,dhruv dave,INST-038,Undergraduate,2th Year,2008-02-10,G_S02385,ADDR_S02385
S02386,Joshua Lad,joshua lad,INST-028,Undergraduate,3th Year,2008-04-16,G_S02386,ADDR_S02386
S02387,Anusha Handa,anusha handa,INST-013,Undergraduate,3th Year,2006-03-27,G_S02387,ADDR_S02387
S02388,Zayyan Setty,zayyan setty,INST-056,Undergraduate,2th Year,2005-12-23,G_S02388,ADDR_S02388
S02389,Prisha  Ben,prisha ben,INST-017,Undergraduate,2th Year,2003-03-08,G_S02389,ADDR_S02389
S02390,Rachana Ray,rachana ray,INST-047,Undergraduate,1th Year,2003-11-12,G_S02390,ADDR_S02390
S02391,Jairaj Vasa,jairaj vasa,INST-007,Undergraduate,2th Year,2004-06-22,G_S02391,ADDR_S02391
S02392,Warhi Pathak,warhi pathak,INST-057,Undergraduate,2th Year,2006-12-26,G_S02392,ADDR_S02392
S02393,Udarsh Batta,udarsh batta,INST-049,Undergraduate,1th Year,2006-07-15,G_S02393,ADDR_S02393
S02394,Osha Walia,osha walia,INST-054,Undergraduate,4th Year,2005-05-21,G_S02394,ADDR_S02394
S02395,Diya Ahluwalia,diya ahluwalia,INST-038,Undergraduate,1th Year,2004-08-08,G_S02395,ADDR_S02395
S02396,Robert Natt,robert natt,INST-005,Undergraduate,4th Year,2003-09-28,G_S02396,ADDR_S02396
S02397,Aryan Kara,aryan kara,INST-038,Undergraduate,1th Year,2004-07-18,G_S02397,ADDR_S02397
S02398,Falan Krish,falan krish,INST-013,Undergraduate,4th Year,2003-06-21,G_S02398,ADDR_S02398
S02399,Nitesh Narayan,nitesh narayan,INST-060,Undergraduate,4th Year,2004-07-07,G_S02399,ADDR_S02399
S02400,Dev Chatterjee,dev chatterjee,INST-060,Undergraduate,1th Year,2003-03-28,G_S02400,ADDR_S02400
S02401,Varsha Sankaran,varsha sankaran,INST-050,Undergraduate,3th Year,2003-09-25,G_S02401,ADDR_S02401
S02402,Gaurika Krishna,gaurika krishna,INST-031,Undergraduate,1th Year,2005-02-12,G_S02402,ADDR_S02402
S02403,Hritik Solanki,hritik solanki,INST-017,Undergraduate,1th Year,2003-03-05,G_S02403,ADDR_S02403
S02404,Harini Bhagat,harini bhagat,INST-035,Undergraduate,3th Year,2003-06-28,G_S02404,ADDR_S02404
S02405,Zinal Khalsa,zinal khalsa,INST-050,Undergraduate,4th Year,2007-12-23,G_S02405,ADDR_S02405
S02406,Reva Chandran,reva chandran,INST-030,Undergraduate,3th Year,2004-01-02,G_S02406,ADDR_S02406
S02407,Jeet Chada,jeet chada,INST-002,Undergraduate,1th Year,2005-08-03,G_S02407,ADDR_S02407
S02408,Bahadurjit Purohit,bahadurjit purohit,INST-008,Undergraduate,4th Year,2006-09-18,G_S02408,ADDR_S02408
S02409,Dhruv Datta,dhruv datta,INST-003,Undergraduate,3th Year,2003-02-02,G_S02409,ADDR_S02409
S02410,Riya Bhakta,riya bhakta,INST-010,Undergraduate,4th Year,2003-09-12,G_S02410,ADDR_S02410
S02411,Rachana Bhatti,rachana bhatti,INST-027,Undergraduate,1th Year,2004-09-20,G_S02411,ADDR_S02411
S02412,Daksh Ben,daksh ben,INST-017,Undergraduate,1th Year,2004-10-07,G_S02412,ADDR_S02412
S02413,Lakshmi Ratti,lakshmi ratti,INST-020,Undergraduate,3th Year,2007-11-10,G_S02413,ADDR_S02413
S02414,Nirja Kaul,nirja kaul,INST-057,Undergraduate,3th Year,2005-12-02,G_S02414,ADDR_S02414
S02415,Sudiksha Rajagopalan,sudiksha rajagopalan,INST-038,Undergraduate,3th Year,2006-09-04,G_S02415,ADDR_S02415
S02416,Priya Chaudhuri,priya chaudhuri,INST-011,Undergraduate,1th Year,2008-01-16,G_S02416,ADDR_S02416
S02417,Atharv Setty,atharv setty,INST-053,Undergraduate,3th Year,2007-12-25,G_S02417,ADDR_S02417
S02418,Reyansh Chokshi,reyansh chokshi,INST-004,Undergraduate,4th Year,2004-09-10,G_S02418,ADDR_S02418
S02419,Advik Bir,advik bir,INST-027,Undergraduate,1th Year,2008-07-09,G_S02419,ADDR_S02419
S02420,Jonathan Upadhyay,jonathan upadhyay,INST-026,Undergraduate,3th Year,2008-03-19,G_S02420,ADDR_S02420
S02421,Isha Sama,isha sama,INST-016,Undergraduate,1th Year,2008-02-22,G_S02421,ADDR_S02421
S02422,Sai Grewal,sai grewal,INST-008,Undergraduate,2th Year,2008-02-27,G_S02422,ADDR_S02422
S02423,Laksh Basu,laksh basu,INST-014,Undergraduate,1th Year,2005-06-14,G_S02423,ADDR_S02423
S02424,Joshua Muni,joshua muni,INST-013,Undergraduate,4th Year,2005-04-28,G_S02424,ADDR_S02424
S02425,Yochana Parmar,yochana parmar,INST-018,Undergraduate,2th Year,2003-01-24,G_S02425,ADDR_S02425
S02426,Madhav Din,madhav din,INST-008,Undergraduate,3th Year,2005-03-14,G_S02426,ADDR_S02426
S02427,Dayamai Oza,dayamai oza,INST-034,Undergraduate,2th Year,2006-04-23,G_S02427,ADDR_S02427
S02428,Jyoti Anand,jyoti anand,INST-031,Undergraduate,2th Year,2003-04-21,G_S02428,ADDR_S02428
S02429,Dakshesh Khanna,dakshesh khanna,INST-036,Undergraduate,3th Year,2007-05-23,G_S02429,ADDR_S02429
S02430,Pahal Padmanabhan,pahal padmanabhan,INST-048,Undergraduate,1th Year,2007-02-08,G_S02430,ADDR_S02430
S02431,Sai Jaggi,sai jaggi,INST-043,Undergraduate,2th Year,2008-08-17,G_S02431,ADDR_S02431
S02432,Harita Gulati,harita gulati,INST-045,Undergraduate,3th Year,2003-08-07,G_S02432,ADDR_S02432
S02433,Unni Narula,unni narula,INST-028,Undergraduate,4th Year,2008-10-19,G_S02433,ADDR_S02433
S02434,Chandani Sahota,chandani sahota,INST-040,Undergraduate,3th Year,2003-06-12,G_S02434,ADDR_S02434
S02435,Nicholas Cheema,nicholas cheema,INST-015,Undergraduate,1th Year,2007-03-08,G_S02435,ADDR_S02435
S02436,Brijesh Tandon,brijesh tandon,INST-035,Undergraduate,4th Year,2008-03-08,G_S02436,ADDR_S02436
S02437,Aarush Kapoor,aarush kapoor,INST-017,Undergraduate,4th Year,2004-02-11,G_S02437,ADDR_S02437
S02438,Unnati Kala,unnati kala,INST-051,Undergraduate,2th Year,2003-08-23,G_S02438,ADDR_S02438
S02439,Vasana Narula,vasana narula,INST-045,Undergraduate,4th Year,2005-02-03,G_S02439,ADDR_S02439
S02440,Samesh Ratta,samesh ratta,INST-018,Undergraduate,3th Year,2005-08-18,G_S02440,ADDR_S02440
S02441,Abeer Patil,abeer patil,INST-037,Undergraduate,2th Year,2004-12-02,G_S02441,ADDR_S02441
S02442,Ethan Parmar,ethan parmar,INST-019,Undergraduate,4th Year,2004-10-05,G_S02442,ADDR_S02442
S02443,Ishwar Dhar,ishwar dhar,INST-049,Undergraduate,1th Year,2004-08-13,G_S02443,ADDR_S02443
S02444,Ria Hayer,ria hayer,INST-012,Undergraduate,1th Year,2004-04-03,G_S02444,ADDR_S02444
S02445,Caleb Balan,caleb balan,INST-045,Undergraduate,3th Year,2006-03-27,G_S02445,ADDR_S02445
S02446,Rudra Mander,rudra mander,INST-028,Undergraduate,4th Year,2005-06-09,G_S02446,ADDR_S02446
S02447,Theodore Lala,theodore lala,INST-019,Undergraduate,1th Year,2008-03-02,G_S02447,ADDR_S02447
S02448,Harinakshi Korpal,harinakshi korpal,INST-026,Undergraduate,2th Year,2003-09-06,G_S02448,ADDR_S02448
S02449,Rohan Bains,rohan bains,INST-004,Undergraduate,2th Year,2007-09-03,G_S02449,ADDR_S02449
S02450,Adweta Chaudhuri,adweta chaudhuri,INST-017,Undergraduate,2th Year,2004-01-14,G_S02450,ADDR_S02450
S02451,Laksh Raghavan,laksh raghavan,INST-015,Undergraduate,4th Year,2008-11-18,G_S02451,ADDR_S02451
S02452,Hamsini Kade,hamsini kade,INST-018,Undergraduate,1th Year,2003-01-25,G_S02452,ADDR_S02452
S02453,Tanmayi Khatri,tanmayi khatri,INST-011,Undergraduate,1th Year,2006-09-21,G_S02453,ADDR_S02453
S02454,Kashish Garg,kashish garg,INST-023,Undergraduate,1th Year,2007-11-10,G_S02454,ADDR_S02454
S02455,Dhruv Dani,dhruv dani,INST-035,Undergraduate,3th Year,2006-09-25,G_S02455,ADDR_S02455
S02456,Kalpit Gupta,kalpit gupta,INST-019,Undergraduate,1th Year,2005-07-16,G_S02456,ADDR_S02456
S02457,Kritika Prasad,kritika prasad,INST-003,Undergraduate,4th Year,2005-11-11,G_S02457,ADDR_S02457
S02458,Pushti Konda,pushti konda,INST-010,Undergraduate,1th Year,2004-07-05,G_S02458,ADDR_S02458
S02459,Ranbir Wason,ranbir wason,INST-024,Undergraduate,4th Year,2008-01-18,G_S02459,ADDR_S02459
S02460,Manthan Narang,manthan narang,INST-016,Undergraduate,4th Year,2007-06-26,G_S02460,ADDR_S02460
S02461,Chatresh Mammen,chatresh mammen,INST-004,Undergraduate,3th Year,2007-02-18,G_S02461,ADDR_S02461
S02462,Yashoda Suresh,yashoda suresh,INST-047,Undergraduate,2th Year,2007-08-16,G_S02462,ADDR_S02462
S02463,Finn Singhal,finn singhal,INST-046,Undergraduate,2th Year,2004-11-03,G_S02463,ADDR_S02463
S02464,Oliver Trivedi,oliver trivedi,INST-034,Undergraduate,3th Year,2006-05-06,G_S02464,ADDR_S02464
S02465,Yashodhara Prasad,yashodhara prasad,INST-009,Undergraduate,2th Year,2003-05-25,G_S02465,ADDR_S02465
S02466,Zilmil Shetty,zilmil shetty,INST-053,Undergraduate,4th Year,2004-06-25,G_S02466,ADDR_S02466
S02467,Ekanta Prakash,ekanta prakash,INST-051,Undergraduate,2th Year,2005-04-28,G_S02467,ADDR_S02467
S02468,Warda Som,warda som,INST-020,Undergraduate,3th Year,2005-09-19,G_S02468,ADDR_S02468
S02469,Nandini Bansal,nandini bansal,INST-047,Undergraduate,2th Year,2005-06-24,G_S02469,ADDR_S02469
S02470,Theodore Jain,theodore jain,INST-022,Undergraduate,1th Year,2005-04-07,G_S02470,ADDR_S02470
S02471,Wahab Randhawa,wahab randhawa,INST-034,Undergraduate,4th Year,2008-04-26,G_S02471,ADDR_S02471
S02472,Damini Sandal,damini sandal,INST-039,Undergraduate,4th Year,2008-02-18,G_S02472,ADDR_S02472
S02473,Naksh Prasad,naksh prasad,INST-041,Undergraduate,3th Year,2004-01-14,G_S02473,ADDR_S02473
S02474,Frado Desai,frado desai,INST-040,Undergraduate,3th Year,2006-02-15,G_S02474,ADDR_S02474
S02475,Chakrika Saxena,chakrika saxena,INST-047,Undergraduate,2th Year,2003-01-19,G_S02475,ADDR_S02475
S02476,Victor Barman,victor barman,INST-009,Undergraduate,1th Year,2004-12-13,G_S02476,ADDR_S02476
S02477,Yauvani Nayar,yauvani nayar,INST-019,Undergraduate,1th Year,2007-11-07,G_S02477,ADDR_S02477
S02478,Shravya Sibal,shravya sibal,INST-004,Undergraduate,1th Year,2003-09-21,G_S02478,ADDR_S02478
S02479,Nilima Pillai,nilima pillai,INST-015,Undergraduate,2th Year,2006-04-06,G_S02479,ADDR_S02479
S02480,Edhitha Mahajan,edhitha mahajan,INST-033,Undergraduate,2th Year,2006-05-11,G_S02480,ADDR_S02480
S02481,Aryan Gola,aryan gola,INST-060,Undergraduate,2th Year,2007-09-14,G_S02481,ADDR_S02481
S02482,Vivaan Lanka,vivaan lanka,INST-022,Undergraduate,4th Year,2006-07-26,G_S02482,ADDR_S02482
S02483,Jagrati Butala,jagrati butala,INST-009,Undergraduate,2th Year,2003-09-07,G_S02483,ADDR_S02483
S02484,Yachana Varghese,yachana varghese,INST-006,Undergraduate,2th Year,2008-08-03,G_S02484,ADDR_S02484
S02485,Aradhana Kari,aradhana kari,INST-050,Undergraduate,4th Year,2007-09-06,G_S02485,ADDR_S02485
S02486,Jagat Bora,jagat bora,INST-055,Undergraduate,2th Year,2007-04-17,G_S02486,ADDR_S02486
S02487,Balvan Iyer,balvan iyer,INST-020,Undergraduate,2th Year,2005-05-08,G_S02487,ADDR_S02487
S02488,Ronith Narayan,ronith narayan,INST-003,Undergraduate,3th Year,2007-12-04,G_S02488,ADDR_S02488
S02489,Chasmum Maharaj,chasmum maharaj,INST-045,Undergraduate,1th Year,2005-05-19,G_S02489,ADDR_S02489
S02490,Lakshit Lal,lakshit lal,INST-038,Undergraduate,4th Year,2007-10-26,G_S02490,ADDR_S02490
S02491,Chandani Manda,chandani manda,INST-034,Undergraduate,4th Year,2008-10-08,G_S02491,ADDR_S02491
S02492,Netra Ravi,netra ravi,INST-050,Undergraduate,2th Year,2004-04-04,G_S02492,ADDR_S02492
S02493,Urmi Vala,urmi vala,INST-050,Undergraduate,4th Year,2007-12-01,G_S02493,ADDR_S02493
S02494,Mitali Kari,mitali kari,INST-008,Undergraduate,4th Year,2003-11-15,G_S02494,ADDR_S02494
S02495,Shaurya Som,shaurya som,INST-047,Undergraduate,3th Year,2008-04-17,G_S02495,ADDR_S02495
S02496,Zaitra Sidhu,zaitra sidhu,INST-019,Undergraduate,4th Year,2008-02-05,G_S02496,ADDR_S02496
S02497,Harini Chada,harini chada,INST-055,Undergraduate,2th Year,2006-11-09,G_S02497,ADDR_S02497
S02498,Raghav Sanghvi,raghav sanghvi,INST-023,Undergraduate,1th Year,2004-01-18,G_S02498,ADDR_S02498
S02499,Shaurya Sarna,shaurya sarna,INST-044,Undergraduate,3th Year,2003-05-27,G_S02499,ADDR_S02499
S02500,Ayushman Prasad,ayushman prasad,INST-016,Undergraduate,3th Year,2007-05-21,G_S02500,ADDR_S02500
S02501,Kabir Mody,kabir mody,INST-011,Undergraduate,4th Year,2007-07-13,G_S02501,ADDR_S02501
S02502,Xalak Pant,xalak pant,INST-049,Undergraduate,2th Year,2003-02-22,G_S02502,ADDR_S02502
S02503,Umang Saini,umang saini,INST-005,Undergraduate,1th Year,2005-11-20,G_S02503,ADDR_S02503
S02504,Netra Yogi,netra yogi,INST-050,Undergraduate,2th Year,2007-08-21,G_S02504,ADDR_S02504
S02505,Eshana Bajaj,eshana bajaj,INST-015,Undergraduate,4th Year,2007-05-13,G_S02505,ADDR_S02505
S02506,Liam Dube,liam dube,INST-047,Undergraduate,4th Year,2008-03-20,G_S02506,ADDR_S02506
S02507,Mahika Raj,mahika raj,INST-006,Undergraduate,1th Year,2004-10-23,G_S02507,ADDR_S02507
S02508,Mahika  Bhatt,mahika bhatt,INST-044,Undergraduate,1th Year,2004-04-07,G_S02508,ADDR_S02508
S02509,Raghav Soman,raghav soman,INST-060,Undergraduate,3th Year,2006-02-15,G_S02509,ADDR_S02509
S02510,Falguni  Seth,falguni seth,INST-058,Undergraduate,1th Year,2003-10-06,G_S02510,ADDR_S02510
S02511,Girik Garg,girik garg,INST-028,Undergraduate,2th Year,2006-08-18,G_S02511,ADDR_S02511
S02512,Peter Balay,peter balay,INST-014,Undergraduate,3th Year,2005-05-19,G_S02512,ADDR_S02512
S02513,Avi Grover,avi grover,INST-056,Undergraduate,1th Year,2006-05-10,G_S02513,ADDR_S02513
S02514,Ekaraj Raju,ekaraj raju,INST-017,Undergraduate,4th Year,2007-02-05,G_S02514,ADDR_S02514
S02515,Samesh Kaul,samesh kaul,INST-012,Undergraduate,4th Year,2007-09-27,G_S02515,ADDR_S02515
S02516,Ekaraj Sha,ekaraj sha,INST-060,Undergraduate,3th Year,2008-08-26,G_S02516,ADDR_S02516
S02517,Jyoti Vasa,jyoti vasa,INST-056,Undergraduate,2th Year,2007-11-11,G_S02517,ADDR_S02517
S02518,Onveer Narain,onveer narain,INST-049,Undergraduate,1th Year,2006-12-19,G_S02518,ADDR_S02518
S02519,Mahika Dugar,mahika dugar,INST-008,Undergraduate,2th Year,2006-09-25,G_S02519,ADDR_S02519
S02520,Kai Yadav,kai yadav,INST-025,Undergraduate,1th Year,2008-03-06,G_S02520,ADDR_S02520
S02521,Vanya Biswas,vanya biswas,INST-006,Undergraduate,3th Year,2007-08-04,G_S02521,ADDR_S02521
S02522,Samuel De,samuel de,INST-047,Undergraduate,2th Year,2003-10-05,G_S02522,ADDR_S02522
S02523,Dayita Sankaran,dayita sankaran,INST-049,Undergraduate,3th Year,2004-07-20,G_S02523,ADDR_S02523
S02524,Nathan Mukherjee,nathan mukherjee,INST-056,Undergraduate,2th Year,2003-06-26,G_S02524,ADDR_S02524
S02525,Yadavi Shanker,yadavi shanker,INST-047,Undergraduate,2th Year,2005-10-11,G_S02525,ADDR_S02525
S02526,Saksham Amble,saksham amble,INST-019,Undergraduate,4th Year,2003-12-21,G_S02526,ADDR_S02526
S02527,Sanaya Bhatt,sanaya bhatt,INST-016,Undergraduate,2th Year,2003-10-15,G_S02527,ADDR_S02527
S02528,Yatin Vora,yatin vora,INST-005,Undergraduate,4th Year,2006-09-05,G_S02528,ADDR_S02528
S02529,Vritti Sharma,vritti sharma,INST-046,Undergraduate,2th Year,2006-12-02,G_S02529,ADDR_S02529
S02530,Balveer Chand,balveer chand,INST-001,Undergraduate,2th Year,2008-11-26,G_S02530,ADDR_S02530
S02531,Tanmayi Palan,tanmayi palan,INST-057,Undergraduate,4th Year,2006-12-20,G_S02531,ADDR_S02531
S02532,Mahika Gill,mahika gill,INST-008,Undergraduate,2th Year,2008-06-28,G_S02532,ADDR_S02532
S02533,Zaid Gola,zaid gola,INST-034,Undergraduate,3th Year,2007-05-06,G_S02533,ADDR_S02533
S02534,Tanvi Rajagopalan,tanvi rajagopalan,INST-048,Undergraduate,3th Year,2006-04-28,G_S02534,ADDR_S02534
S02535,Girish Ramaswamy,girish ramaswamy,INST-060,Undergraduate,3th Year,2003-11-22,G_S02535,ADDR_S02535
S02536,Wriddhish Dugar,wriddhish dugar,INST-022,Undergraduate,3th Year,2006-03-19,G_S02536,ADDR_S02536
S02537,Bishakha Bhavsar,bishakha bhavsar,INST-015,Undergraduate,1th Year,2004-09-04,G_S02537,ADDR_S02537
S02538,Wakeeta Sabharwal,wakeeta sabharwal,INST-042,Undergraduate,3th Year,2006-09-11,G_S02538,ADDR_S02538
S02539,Jyoti Bose,jyoti bose,INST-019,Undergraduate,1th Year,2008-09-27,G_S02539,ADDR_S02539
S02540,Yamini Nanda,yamini nanda,INST-039,Undergraduate,1th Year,2004-09-27,G_S02540,ADDR_S02540
S02541,Shravya Gala,shravya gala,INST-003,Undergraduate,1th Year,2005-05-15,G_S02541,ADDR_S02541
S02542,Sarthak Toor,sarthak toor,INST-014,Undergraduate,2th Year,2006-08-24,G_S02542,ADDR_S02542
S02543,Turvi Bala,turvi bala,INST-029,Undergraduate,2th Year,2008-11-26,G_S02543,ADDR_S02543
S02544,Triya Raj,triya raj,INST-023,Undergraduate,4th Year,2007-09-04,G_S02544,ADDR_S02544
S02545,Mohini Hayer,mohini hayer,INST-004,Undergraduate,1th Year,2005-06-05,G_S02545,ADDR_S02545
S02546,Baljiwan Anne,baljiwan anne,INST-050,Undergraduate,2th Year,2004-06-18,G_S02546,ADDR_S02546
S02547,Ishwar Deshpande,ishwar deshpande,INST-021,Undergraduate,4th Year,2005-05-28,G_S02547,ADDR_S02547
S02548,Ucchal Sundaram,ucchal sundaram,INST-033,Undergraduate,3th Year,2007-11-11,G_S02548,ADDR_S02548
S02549,Ekansh Butala,ekansh butala,INST-051,Undergraduate,2th Year,2007-03-10,G_S02549,ADDR_S02549
S02550,Raksha Dey,raksha dey,INST-028,Undergraduate,2th Year,2003-01-02,G_S02550,ADDR_S02550
S02551,Arya Edwin,arya edwin,INST-038,Undergraduate,1th Year,2005-06-03,G_S02551,ADDR_S02551
S02552,Andrew Chaudhry,andrew chaudhry,INST-003,Undergraduate,4th Year,2007-12-06,G_S02552,ADDR_S02552
S02553,Chaitaly Dash,chaitaly dash,INST-055,Undergraduate,4th Year,2004-08-28,G_S02553,ADDR_S02553
S02554,Om Brahmbhatt,om brahmbhatt,INST-041,Undergraduate,3th Year,2008-07-05,G_S02554,ADDR_S02554
S02555,Anjali Dube,anjali dube,INST-033,Undergraduate,2th Year,2004-12-18,G_S02555,ADDR_S02555
S02556,Ishita Gokhale,ishita gokhale,INST-009,Undergraduate,2th Year,2008-01-21,G_S02556,ADDR_S02556
S02557,Bakhshi Walia,bakhshi walia,INST-001,Undergraduate,2th Year,2004-12-18,G_S02557,ADDR_S02557
S02558,Riya Batta,riya batta,INST-050,Undergraduate,1th Year,2008-08-06,G_S02558,ADDR_S02558
S02559,Madhavi Morar,madhavi morar,INST-021,Undergraduate,3th Year,2006-03-13,G_S02559,ADDR_S02559
S02560,Charles Agrawal,charles agrawal,INST-040,Undergraduate,4th Year,2006-11-18,G_S02560,ADDR_S02560
S02561,Krishna Jaggi,krishna jaggi,INST-056,Undergraduate,4th Year,2004-02-15,G_S02561,ADDR_S02561
S02562,Kavya Khare,kavya khare,INST-046,Undergraduate,2th Year,2003-06-06,G_S02562,ADDR_S02562
S02563,Gavin Babu,gavin babu,INST-057,Undergraduate,3th Year,2008-10-03,G_S02563,ADDR_S02563
S02564,Ayaan Atwal,ayaan atwal,INST-010,Undergraduate,3th Year,2008-06-23,G_S02564,ADDR_S02564
S02565,Rehaan Bhatnagar,rehaan bhatnagar,INST-036,Undergraduate,4th Year,2008-12-16,G_S02565,ADDR_S02565
S02566,Gopal Ganesh,gopal ganesh,INST-002,Undergraduate,3th Year,2005-10-26,G_S02566,ADDR_S02566
S02567,Chaitanya Sagar,chaitanya sagar,INST-029,Undergraduate,1th Year,2004-10-06,G_S02567,ADDR_S02567
S02568,Eta Naidu,eta naidu,INST-016,Undergraduate,4th Year,2008-02-07,G_S02568,ADDR_S02568
S02569,Sarthak Rana,sarthak rana,INST-036,Undergraduate,1th Year,2004-06-13,G_S02569,ADDR_S02569
S02570,Jai Kata,jai kata,INST-003,Undergraduate,4th Year,2007-11-15,G_S02570,ADDR_S02570
S02571,Hitesh Parikh,hitesh parikh,INST-029,Undergraduate,3th Year,2008-09-12,G_S02571,ADDR_S02571
S02572,Oscar Aurora,oscar aurora,INST-004,Undergraduate,1th Year,2005-05-08,G_S02572,ADDR_S02572
S02573,Diya Arora,diya arora,INST-005,Undergraduate,1th Year,2003-03-21,G_S02573,ADDR_S02573
S02574,Simon Shanker,simon shanker,INST-006,Undergraduate,4th Year,2005-11-28,G_S02574,ADDR_S02574
S02575,Dominic Mallick,dominic mallick,INST-053,Undergraduate,1th Year,2004-11-19,G_S02575,ADDR_S02575
S02576,Caleb Bhavsar,caleb bhavsar,INST-004,Undergraduate,2th Year,2003-04-06,G_S02576,ADDR_S02576
S02577,Nirja Mitra,nirja mitra,INST-043,Undergraduate,1th Year,2003-02-13,G_S02577,ADDR_S02577
S02578,Harsh Yadav,harsh yadav,INST-003,Undergraduate,1th Year,2006-03-24,G_S02578,ADDR_S02578
S02579,Zayan Chandran,zayan chandran,INST-013,Undergraduate,2th Year,2006-07-11,G_S02579,ADDR_S02579
S02580,Lipika Deol,lipika deol,INST-030,Undergraduate,1th Year,2004-05-06,G_S02580,ADDR_S02580
S02581,Parth  Nadkarni,parth nadkarni,INST-026,Undergraduate,3th Year,2004-03-20,G_S02581,ADDR_S02581
S02582,Ekansh  Nayak,ekansh nayak,INST-013,Undergraduate,4th Year,2003-12-24,G_S02582,ADDR_S02582
S02583,Saumya Raja,saumya raja,INST-037,Undergraduate,4th Year,2003-02-08,G_S02583,ADDR_S02583
S02584,Yahvi Arya,yahvi arya,INST-013,Undergraduate,3th Year,2007-06-13,G_S02584,ADDR_S02584
S02585,Ansh Dash,ansh dash,INST-017,Undergraduate,2th Year,2006-01-14,G_S02585,ADDR_S02585
S02586,Warjas Sangha,warjas sangha,INST-036,Undergraduate,1th Year,2004-10-20,G_S02586,ADDR_S02586
S02587,Fariq Bhasin,fariq bhasin,INST-056,Undergraduate,3th Year,2007-11-04,G_S02587,ADDR_S02587
S02588,Kavya Tara,kavya tara,INST-011,Undergraduate,3th Year,2003-04-02,G_S02588,ADDR_S02588
S02589,Saksham Doshi,saksham doshi,INST-026,Undergraduate,3th Year,2006-05-20,G_S02589,ADDR_S02589
S02590,Samarth Barad,samarth barad,INST-050,Undergraduate,3th Year,2006-03-08,G_S02590,ADDR_S02590
S02591,Sachi Narasimhan,sachi narasimhan,INST-052,Undergraduate,1th Year,2003-09-04,G_S02591,ADDR_S02591
S02592,Arunima Nadkarni,arunima nadkarni,INST-048,Undergraduate,2th Year,2003-08-13,G_S02592,ADDR_S02592
S02593,Oeshi Mani,oeshi mani,INST-034,Undergraduate,3th Year,2006-02-05,G_S02593,ADDR_S02593
S02594,Veer Narula,veer narula,INST-030,Undergraduate,1th Year,2006-08-04,G_S02594,ADDR_S02594
S02595,Xavier Jha,xavier jha,INST-022,Undergraduate,3th Year,2007-05-16,G_S02595,ADDR_S02595
S02596,Yuvraj Kapadia,yuvraj kapadia,INST-046,Undergraduate,1th Year,2007-07-06,G_S02596,ADDR_S02596
S02597,Ekanta Goswami,ekanta goswami,INST-029,Undergraduate,1th Year,2004-02-18,G_S02597,ADDR_S02597
S02598,Abeer Bhattacharyya,abeer bhattacharyya,INST-052,Undergraduate,4th Year,2004-08-09,G_S02598,ADDR_S02598
S02599,Ekaraj Hans,ekaraj hans,INST-006,Undergraduate,2th Year,2008-08-01,G_S02599,ADDR_S02599
S02600,Lohit Jayaraman,lohit jayaraman,INST-028,Undergraduate,3th Year,2008-10-01,G_S02600,ADDR_S02600
S02601,Gavin Ghose,gavin ghose,INST-032,Undergraduate,3th Year,2007-04-18,G_S02601,ADDR_S02601
S02602,Warinder Tripathi,warinder tripathi,INST-037,Undergraduate,1th Year,2005-04-22,G_S02602,ADDR_S02602
S02603,Pooja Sibal,pooja sibal,INST-003,Undergraduate,3th Year,2008-10-27,G_S02603,ADDR_S02603
S02604,Nitesh Hora,nitesh hora,INST-041,Undergraduate,1th Year,2004-08-19,G_S02604,ADDR_S02604
S02605,Panini Goda,panini goda,INST-036,Undergraduate,2th Year,2004-08-10,G_S02605,ADDR_S02605
S02606,Chavvi Mangal,chavvi mangal,INST-016,Undergraduate,2th Year,2005-07-06,G_S02606,ADDR_S02606
S02607,Saksham Magar,saksham magar,INST-059,Undergraduate,1th Year,2008-05-06,G_S02607,ADDR_S02607
S02608,Fariq Parsa,fariq parsa,INST-004,Undergraduate,2th Year,2003-02-14,G_S02608,ADDR_S02608
S02609,Krishna Ganesh,krishna ganesh,INST-043,Undergraduate,1th Year,2004-06-22,G_S02609,ADDR_S02609
S02610,Ridhi Sami,ridhi sami,INST-057,Undergraduate,2th Year,2003-02-15,G_S02610,ADDR_S02610
S02611,Nachiket Subramaniam,nachiket subramaniam,INST-038,Undergraduate,1th Year,2007-07-09,G_S02611,ADDR_S02611
S02612,Lakshmi Sane,lakshmi sane,INST-008,Undergraduate,2th Year,2007-08-17,G_S02612,ADDR_S02612
S02613,Charita Yogi,charita yogi,INST-004,Undergraduate,3th Year,2006-11-03,G_S02613,ADDR_S02613
S02614,Parth Kurian,parth kurian,INST-020,Undergraduate,1th Year,2008-11-03,G_S02614,ADDR_S02614
S02615,Ubika Mohan,ubika mohan,INST-044,Undergraduate,4th Year,2007-09-05,G_S02615,ADDR_S02615
S02616,Bhanumati Prashad,bhanumati prashad,INST-004,Undergraduate,3th Year,2004-12-04,G_S02616,ADDR_S02616
S02617,Ekbal Nath,ekbal nath,INST-028,Undergraduate,2th Year,2006-05-22,G_S02617,ADDR_S02617
S02618,Upasna Hayre,upasna hayre,INST-050,Undergraduate,4th Year,2004-05-21,G_S02618,ADDR_S02618
S02619,Ranveer Agrawal,ranveer agrawal,INST-025,Undergraduate,4th Year,2003-05-15,G_S02619,ADDR_S02619
S02620,Xiti Prasad,xiti prasad,INST-001,Undergraduate,3th Year,2003-07-05,G_S02620,ADDR_S02620
S02621,Nidhi Sagar,nidhi sagar,INST-027,Undergraduate,2th Year,2005-09-13,G_S02621,ADDR_S02621
S02622,Kashvi Rajagopalan,kashvi rajagopalan,INST-057,Undergraduate,3th Year,2006-08-05,G_S02622,ADDR_S02622
S02623,Darika Bobal,darika bobal,INST-005,Undergraduate,3th Year,2003-04-27,G_S02623,ADDR_S02623
S02624,Balvan Dash,balvan dash,INST-049,Undergraduate,2th Year,2004-12-14,G_S02624,ADDR_S02624
S02625,Nicholas Hari,nicholas hari,INST-027,Undergraduate,3th Year,2005-09-17,G_S02625,ADDR_S02625
S02626,Aadhya Pall,aadhya pall,INST-045,Undergraduate,3th Year,2005-05-16,G_S02626,ADDR_S02626
S02627,Jyoti Bhardwaj,jyoti bhardwaj,INST-028,Undergraduate,3th Year,2005-01-26,G_S02627,ADDR_S02627
S02628,Panini Koshy,panini koshy,INST-031,Undergraduate,1th Year,2007-03-23,G_S02628,ADDR_S02628
S02629,Vanya Banerjee,vanya banerjee,INST-035,Undergraduate,4th Year,2007-03-04,G_S02629,ADDR_S02629
S02630,Ayaan Divan,ayaan divan,INST-034,Undergraduate,2th Year,2005-10-06,G_S02630,ADDR_S02630
S02631,Tamanna Din,tamanna din,INST-040,Undergraduate,4th Year,2008-10-18,G_S02631,ADDR_S02631
S02632,Yug Edwin,yug edwin,INST-020,Undergraduate,3th Year,2007-05-11,G_S02632,ADDR_S02632
S02633,Jackson Chanda,jackson chanda,INST-047,Undergraduate,4th Year,2005-04-23,G_S02633,ADDR_S02633
S02634,Mitali Buch,mitali buch,INST-005,Undergraduate,4th Year,2008-12-02,G_S02634,ADDR_S02634
S02635,Pallavi Gandhi,pallavi gandhi,INST-021,Undergraduate,1th Year,2007-10-09,G_S02635,ADDR_S02635
S02636,Zayyan Mittal,zayyan mittal,INST-001,Undergraduate,3th Year,2004-05-17,G_S02636,ADDR_S02636
S02637,Darika Sabharwal,darika sabharwal,INST-025,Undergraduate,4th Year,2006-08-14,G_S02637,ADDR_S02637
S02638,Ikbal Padmanabhan,ikbal padmanabhan,INST-001,Undergraduate,4th Year,2005-08-25,G_S02638,ADDR_S02638
S02639,Amruta Kadakia,amruta kadakia,INST-037,Undergraduate,2th Year,2004-09-26,G_S02639,ADDR_S02639
S02640,Darika Ahuja,darika ahuja,INST-055,Undergraduate,4th Year,2006-03-28,G_S02640,ADDR_S02640
S02641,Vyanjana Agarwal,vyanjana agarwal,INST-019,Undergraduate,3th Year,2004-01-01,G_S02641,ADDR_S02641
S02642,Ekaraj Sahni,ekaraj sahni,INST-010,Undergraduate,4th Year,2006-08-23,G_S02642,ADDR_S02642
S02643,Bhavya Sankar,bhavya sankar,INST-049,Undergraduate,1th Year,2004-05-23,G_S02643,ADDR_S02643
S02644,Patrick Prasad,patrick prasad,INST-055,Undergraduate,3th Year,2007-09-21,G_S02644,ADDR_S02644
S02645,Krish Hora,krish hora,INST-035,Undergraduate,4th Year,2008-08-18,G_S02645,ADDR_S02645
S02646,Qabil Thakkar,qabil thakkar,INST-039,Undergraduate,1th Year,2005-08-05,G_S02646,ADDR_S02646
S02647,Shravya Kala,shravya kala,INST-041,Undergraduate,1th Year,2004-09-09,G_S02647,ADDR_S02647
S02648,Sai Bhargava,sai bhargava,INST-023,Undergraduate,4th Year,2007-01-15,G_S02648,ADDR_S02648
S02649,Rehaan Lad,rehaan lad,INST-017,Undergraduate,2th Year,2007-06-09,G_S02649,ADDR_S02649
S02650,Ridhi Chopra,ridhi chopra,INST-028,Undergraduate,3th Year,2005-11-15,G_S02650,ADDR_S02650
S02651,Fariq Memon,fariq memon,INST-005,Undergraduate,4th Year,2005-09-20,G_S02651,ADDR_S02651
S02652,Krishna Dash,krishna dash,INST-050,Undergraduate,2th Year,2004-11-10,G_S02652,ADDR_S02652
S02653,Devansh Oommen,devansh oommen,INST-013,Undergraduate,1th Year,2006-06-23,G_S02653,ADDR_S02653
S02654,Wahab Sridhar,wahab sridhar,INST-005,Undergraduate,4th Year,2004-01-09,G_S02654,ADDR_S02654
S02655,Harrison Andra,harrison andra,INST-051,Undergraduate,2th Year,2005-10-08,G_S02655,ADDR_S02655
S02656,Amaira  Amble,amaira amble,INST-056,Undergraduate,1th Year,2008-07-15,G_S02656,ADDR_S02656
S02657,Gunbir Kakar,gunbir kakar,INST-005,Undergraduate,3th Year,2008-06-09,G_S02657,ADDR_S02657
S02658,Keya Venkatesh,keya venkatesh,INST-014,Undergraduate,1th Year,2006-10-20,G_S02658,ADDR_S02658
S02659,Vedika  Solanki,vedika solanki,INST-049,Undergraduate,4th Year,2007-09-22,G_S02659,ADDR_S02659
S02660,Pushti Nayar,pushti nayar,INST-037,Undergraduate,2th Year,2008-10-02,G_S02660,ADDR_S02660
S02661,Hemal Murty,hemal murty,INST-009,Undergraduate,2th Year,2005-07-08,G_S02661,ADDR_S02661
S02662,Jalsa Rastogi,jalsa rastogi,INST-025,Undergraduate,3th Year,2004-04-27,G_S02662,ADDR_S02662
S02663,Dakshesh Parekh,dakshesh parekh,INST-016,Undergraduate,4th Year,2003-07-27,G_S02663,ADDR_S02663
S02664,Harish Aggarwal,harish aggarwal,INST-034,Undergraduate,2th Year,2004-03-04,G_S02664,ADDR_S02664
S02665,Neelima Dewan,neelima dewan,INST-012,Undergraduate,4th Year,2006-07-04,G_S02665,ADDR_S02665
S02666,Jason Wali,jason wali,INST-039,Undergraduate,4th Year,2008-07-04,G_S02666,ADDR_S02666
S02667,Yuvraj Pillay,yuvraj pillay,INST-013,Undergraduate,2th Year,2007-05-11,G_S02667,ADDR_S02667
S02668,Vaishnavi Varma,vaishnavi varma,INST-049,Undergraduate,4th Year,2005-07-26,G_S02668,ADDR_S02668
S02669,Raghav Aggarwal,raghav aggarwal,INST-056,Undergraduate,1th Year,2003-04-24,G_S02669,ADDR_S02669
S02670,Anay Parsa,anay parsa,INST-026,Undergraduate,3th Year,2005-06-24,G_S02670,ADDR_S02670
S02671,Eshana Sawhney,eshana sawhney,INST-022,Undergraduate,4th Year,2006-05-03,G_S02671,ADDR_S02671
S02672,Vedhika Ratta,vedhika ratta,INST-020,Undergraduate,1th Year,2008-04-10,G_S02672,ADDR_S02672
S02673,Ijaya Sangha,ijaya sangha,INST-026,Undergraduate,4th Year,2003-09-20,G_S02673,ADDR_S02673
S02674,Harish Rajan,harish rajan,INST-036,Undergraduate,2th Year,2006-09-24,G_S02674,ADDR_S02674
S02675,Robert Dhar,robert dhar,INST-039,Undergraduate,4th Year,2007-09-17,G_S02675,ADDR_S02675
S02676,Joshua Tank,joshua tank,INST-044,Undergraduate,1th Year,2005-01-12,G_S02676,ADDR_S02676
S02677,Charvi Sibal,charvi sibal,INST-055,Undergraduate,2th Year,2004-01-03,G_S02677,ADDR_S02677
S02678,Sanaya D’Alia,sanaya d’alia,INST-041,Undergraduate,2th Year,2006-01-10,G_S02678,ADDR_S02678
S02679,Wridesh Kohli,wridesh kohli,INST-058,Undergraduate,4th Year,2005-06-17,G_S02679,ADDR_S02679
S02680,Onkar Chakraborty,onkar chakraborty,INST-019,Undergraduate,2th Year,2006-05-13,G_S02680,ADDR_S02680
S02681,Radhika Balakrishnan,radhika balakrishnan,INST-052,Undergraduate,4th Year,2004-07-09,G_S02681,ADDR_S02681
S02682,Eta Rajagopal,eta rajagopal,INST-031,Undergraduate,1th Year,2006-01-26,G_S02682,ADDR_S02682
S02683,Thomas Kurian,thomas kurian,INST-009,Undergraduate,3th Year,2006-01-11,G_S02683,ADDR_S02683
S02684,Jatin  Deshpande,jatin deshpande,INST-009,Undergraduate,1th Year,2008-10-01,G_S02684,ADDR_S02684
S02685,Gautam Natarajan,gautam natarajan,INST-015,Undergraduate,2th Year,2004-03-09,G_S02685,ADDR_S02685
S02686,Dhruv Oza,dhruv oza,INST-059,Undergraduate,3th Year,2008-05-01,G_S02686,ADDR_S02686
S02687,Lakshmi Sarkar,lakshmi sarkar,INST-059,Undergraduate,4th Year,2004-02-05,G_S02687,ADDR_S02687
S02688,Udant Lad,udant lad,INST-035,Undergraduate,4th Year,2003-01-26,G_S02688,ADDR_S02688
S02689,Bina Chahal,bina chahal,INST-037,Undergraduate,4th Year,2003-11-03,G_S02689,ADDR_S02689
S02690,Gaurav Oak,gaurav oak,INST-057,Undergraduate,3th Year,2004-08-02,G_S02690,ADDR_S02690
S02691,Jack Pillai,jack pillai,INST-005,Undergraduate,4th Year,2005-12-27,G_S02691,ADDR_S02691
S02692,Dhriti Rai,dhriti rai,INST-020,Undergraduate,3th Year,2008-05-08,G_S02692,ADDR_S02692
S02693,Deepa Bhatia,deepa bhatia,INST-038,Undergraduate,3th Year,2004-10-09,G_S02693,ADDR_S02693
S02694,Lipika Sampath,lipika sampath,INST-047,Undergraduate,2th Year,2006-04-26,G_S02694,ADDR_S02694
S02695,Janya Date,janya date,INST-050,Undergraduate,3th Year,2007-11-20,G_S02695,ADDR_S02695
S02696,Hredhaan Rana,hredhaan rana,INST-058,Undergraduate,3th Year,2006-05-17,G_S02696,ADDR_S02696
S02697,Triveni Mutti,triveni mutti,INST-010,Undergraduate,4th Year,2003-12-14,G_S02697,ADDR_S02697
S02698,Chaman Kanda,chaman kanda,INST-046,Undergraduate,2th Year,2007-05-06,G_S02698,ADDR_S02698
S02699,Tamanna Din,tamanna din,INST-052,Undergraduate,3th Year,2005-01-15,G_S02699,ADDR_S02699
S02700,Madhav Banerjee,madhav banerjee,INST-026,Undergraduate,3th Year,2005-02-12,G_S02700,ADDR_S02700
S02701,Dayamai Thakkar,dayamai thakkar,INST-047,Undergraduate,3th Year,2003-01-16,G_S02701,ADDR_S02701
S02702,Anusha Sridhar,anusha sridhar,INST-007,Undergraduate,4th Year,2007-07-04,G_S02702,ADDR_S02702
S02703,Warda Manne,warda manne,INST-046,Undergraduate,2th Year,2004-11-01,G_S02703,ADDR_S02703
S02704,Daniel Nath,daniel nath,INST-059,Undergraduate,1th Year,2008-03-01,G_S02704,ADDR_S02704
S02705,Shivansh Kar,shivansh kar,INST-058,Undergraduate,1th Year,2003-03-28,G_S02705,ADDR_S02705
S02706,Praneel Sura,praneel sura,INST-022,Undergraduate,2th Year,2005-11-22,G_S02706,ADDR_S02706
S02707,Chandani Dutta,chandani dutta,INST-057,Undergraduate,4th Year,2003-08-23,G_S02707,ADDR_S02707
S02708,Manya Nazareth,manya nazareth,INST-004,Undergraduate,3th Year,2008-01-08,G_S02708,ADDR_S02708
S02709,URVASHI PALL,urvashi pall,INST-044,Undergraduate,1th Year,2004-12-19,G_S02709,ADDR_S02709
S02710,Mahika Bora,mahika bora,INST-003,Undergraduate,1th Year,2007-10-23,G_S02710,ADDR_S02710
S02711,Barkha Hayer,barkha hayer,INST-041,Undergraduate,3th Year,2007-10-06,G_S02711,ADDR_S02711
S02712,Gunbir Deep,gunbir deep,INST-049,Undergraduate,3th Year,2004-01-12,G_S02712,ADDR_S02712
S02713,Chatura Modi,chatura modi,INST-032,Undergraduate,4th Year,2007-07-27,G_S02713,ADDR_S02713
S02714,Nihal Devan,nihal devan,INST-046,Undergraduate,3th Year,2003-12-08,G_S02714,ADDR_S02714
S02715,Vasudha Manne,vasudha manne,INST-009,Undergraduate,3th Year,2007-12-12,G_S02715,ADDR_S02715
S02716,Shaurya Kamdar,shaurya kamdar,INST-030,Undergraduate,2th Year,2005-06-01,G_S02716,ADDR_S02716
S02717,Aditya Pathak,aditya pathak,INST-005,Undergraduate,2th Year,2006-03-10,G_S02717,ADDR_S02717
S02718,Manbir Puri,manbir puri,INST-038,Undergraduate,2th Year,2008-10-23,G_S02718,ADDR_S02718
S02719,Om Bhalla,om bhalla,INST-055,Undergraduate,1th Year,2008-07-27,G_S02719,ADDR_S02719
S02720,Ishani  Som,ishani som,INST-035,Undergraduate,3th Year,2004-01-05,G_S02720,ADDR_S02720
S02721,Charles Dalal,charles dalal,INST-029,Undergraduate,3th Year,2008-06-15,G_S02721,ADDR_S02721
S02722,Radha Dixit,radha dixit,INST-055,Undergraduate,1th Year,2004-10-24,G_S02722,ADDR_S02722
S02723,Yash Bandi,yash bandi,INST-003,Undergraduate,2th Year,2003-12-05,G_S02723,ADDR_S02723
S02724,Wridesh Ranganathan,wridesh ranganathan,INST-005,Undergraduate,4th Year,2003-12-20,G_S02724,ADDR_S02724
S02725,Chasmum Gera,chasmum gera,INST-052,Undergraduate,1th Year,2004-04-14,G_S02725,ADDR_S02725
S02726,Gaurav Sheth,gaurav sheth,INST-039,Undergraduate,3th Year,2007-02-17,G_S02726,ADDR_S02726
S02727,Anvi Saxena,anvi saxena,INST-037,Undergraduate,4th Year,2004-09-12,G_S02727,ADDR_S02727
S02728,Advay Dar,advay dar,INST-057,Undergraduate,4th Year,2008-08-06,G_S02728,ADDR_S02728
S02729,Fitan Dara,fitan dara,INST-003,Undergraduate,4th Year,2007-12-20,G_S02729,ADDR_S02729
S02730,Yashodhara Kar,yashodhara kar,INST-039,Undergraduate,4th Year,2004-09-09,G_S02730,ADDR_S02730
S02731,Varsha Mahal,varsha mahal,INST-033,Undergraduate,1th Year,2003-03-18,G_S02731,ADDR_S02731
S02732,Pratyush Rajagopalan,pratyush rajagopalan,INST-060,Undergraduate,2th Year,2003-05-03,G_S02732,ADDR_S02732
S02733,Radha Misra,radha misra,INST-042,Undergraduate,1th Year,2003-07-12,G_S02733,ADDR_S02733
S02734,Hardik Nanda,hardik nanda,INST-048,Undergraduate,1th Year,2008-04-02,G_S02734,ADDR_S02734
S02735,Qasim Ravi,qasim ravi,INST-009,Undergraduate,1th Year,2004-06-23,G_S02735,ADDR_S02735
S02736,Meera Yadav,meera yadav,INST-027,Undergraduate,4th Year,2005-07-07,G_S02736,ADDR_S02736
S02737,Devansh Venkataraman,devansh venkataraman,INST-039,Undergraduate,3th Year,2006-10-04,G_S02737,ADDR_S02737
S02738,Sarthak Dalal,sarthak dalal,INST-005,Undergraduate,2th Year,2007-02-14,G_S02738,ADDR_S02738
S02739,Pranit Ahluwalia,pranit ahluwalia,INST-039,Undergraduate,2th Year,2003-01-09,G_S02739,ADDR_S02739
S02740,Dipta Das,dipta das,INST-025,Undergraduate,2th Year,2007-02-26,G_S02740,ADDR_S02740
S02741,Kabir Jhaveri,kabir jhaveri,INST-033,Undergraduate,4th Year,2006-08-25,G_S02741,ADDR_S02741
S02742,Gagan Kunda,gagan kunda,INST-060,Undergraduate,4th Year,2005-06-02,G_S02742,ADDR_S02742
S02743,Frado Dash,frado dash,INST-051,Undergraduate,4th Year,2004-11-10,G_S02743,ADDR_S02743
S02744,Januja Garg,januja garg,INST-023,Undergraduate,4th Year,2004-08-07,G_S02744,ADDR_S02744
S02745,Aadi Kothari,aadi kothari,INST-057,Undergraduate,2th Year,2006-11-05,G_S02745,ADDR_S02745
S02746,Chakradhar Venkataraman,chakradhar venkataraman,INST-010,Undergraduate,1th Year,2007-12-16,G_S02746,ADDR_S02746
S02747,Sai Dey,sai dey,INST-047,Undergraduate,4th Year,2005-04-07,G_S02747,ADDR_S02747
S02748,Dhriti Virk,dhriti virk,INST-047,Undergraduate,2th Year,2005-11-02,G_S02748,ADDR_S02748
S02749,Yashvi Kadakia,yashvi kadakia,INST-017,Undergraduate,2th Year,2003-02-23,G_S02749,ADDR_S02749
S02750,Chaitanya Khalsa,chaitanya khalsa,INST-024,Undergraduate,4th Year,2008-07-23,G_S02750,ADDR_S02750
S02751,Raghav Dhar,raghav dhar,INST-030,Undergraduate,3th Year,2008-11-11,G_S02751,ADDR_S02751
S02752,Tanveer Desai,tanveer desai,INST-037,Undergraduate,3th Year,2006-07-24,G_S02752,ADDR_S02752
S02753,Jagrati Mall,jagrati mall,INST-005,Undergraduate,2th Year,2005-05-12,G_S02753,ADDR_S02753
S02754,Pahal Borde,pahal borde,INST-060,Undergraduate,1th Year,2005-03-25,G_S02754,ADDR_S02754
S02755,Abha Raj,abha raj,INST-024,Undergraduate,2th Year,2003-04-01,G_S02755,ADDR_S02755
S02756,Mugdha Shan,mugdha shan,INST-050,Undergraduate,3th Year,2004-07-04,G_S02756,ADDR_S02756
S02757,Aachal Sandal,aachal sandal,INST-017,Undergraduate,4th Year,2003-05-25,G_S02757,ADDR_S02757
S02758,Samar Bobal,samar bobal,INST-004,Undergraduate,4th Year,2004-11-25,G_S02758,ADDR_S02758
S02759,Reyansh Pradhan,reyansh pradhan,INST-044,Undergraduate,1th Year,2006-09-27,G_S02759,ADDR_S02759
S02760,Oni Dube,oni dube,INST-006,Undergraduate,4th Year,2003-09-09,G_S02760,ADDR_S02760
S02761,Radha Raghavan,radha raghavan,INST-043,Undergraduate,4th Year,2005-05-28,G_S02761,ADDR_S02761
S02762,Yug Brahmbhatt,yug brahmbhatt,INST-013,Undergraduate,1th Year,2008-09-14,G_S02762,ADDR_S02762
S02763,Jeet Wali,jeet wali,INST-030,Undergraduate,3th Year,2006-04-07,G_S02763,ADDR_S02763
S02764,Niharika Bhatti,niharika bhatti,INST-004,Undergraduate,3th Year,2004-08-18,G_S02764,ADDR_S02764
S02765,Gaurav Patil,gaurav patil,INST-034,Undergraduate,2th Year,2008-03-03,G_S02765,ADDR_S02765
S02766,Anjali Dhingra,anjali dhingra,INST-055,Undergraduate,4th Year,2003-10-10,G_S02766,ADDR_S02766
S02767,Anusha Anne,anusha anne,INST-014,Undergraduate,4th Year,2004-01-07,G_S02767,ADDR_S02767
S02768,Krishna Kapadia,krishna kapadia,INST-023,Undergraduate,4th Year,2004-12-01,G_S02768,ADDR_S02768
S02769,Henry Dasgupta,henry dasgupta,INST-023,Undergraduate,2th Year,2004-03-06,G_S02769,ADDR_S02769
S02770,Damini Suri,damini suri,INST-013,Undergraduate,2th Year,2003-05-12,G_S02770,ADDR_S02770
S02771,Ikshita Manda,ikshita manda,INST-015,Undergraduate,3th Year,2003-08-13,G_S02771,ADDR_S02771
S02772,Hardik Bava,hardik bava,INST-012,Undergraduate,4th Year,2003-09-26,G_S02772,ADDR_S02772
S02773,Eesha Ramachandran,eesha ramachandran,INST-001,Undergraduate,2th Year,2007-11-18,G_S02773,ADDR_S02773
S02774,Hemani Wali,hemani wali,INST-032,Undergraduate,3th Year,2007-05-25,G_S02774,ADDR_S02774
S02775,Vansha Datta,vansha datta,INST-049,Undergraduate,2th Year,2004-03-23,G_S02775,ADDR_S02775
S02776,Aditya Varghese,aditya varghese,INST-019,Undergraduate,3th Year,2007-11-28,G_S02776,ADDR_S02776
S02777,Jonathan Dhar,jonathan dhar,INST-043,Undergraduate,1th Year,2006-03-27,G_S02777,ADDR_S02777
S02778,Amara Bera,amara bera,INST-004,Undergraduate,4th Year,2004-02-28,G_S02778,ADDR_S02778
S02779,Zaid Sahota,zaid sahota,INST-026,Undergraduate,4th Year,2008-06-08,G_S02779,ADDR_S02779
S02780,Qadim Sarna,qadim sarna,INST-021,Undergraduate,1th Year,2004-07-06,G_S02780,ADDR_S02780
S02781,Upadhriti Thakkar,upadhriti thakkar,INST-043,Undergraduate,3th Year,2006-02-11,G_S02781,ADDR_S02781
S02782,Anya Sangha,anya sangha,INST-021,Undergraduate,1th Year,2004-11-22,G_S02782,ADDR_S02782
S02783,Dalaja Chahal,dalaja chahal,INST-047,Undergraduate,3th Year,2005-07-09,G_S02783,ADDR_S02783
S02784,Niharika Munshi,niharika munshi,INST-025,Undergraduate,3th Year,2006-09-16,G_S02784,ADDR_S02784
S02785,Fariq Bose,fariq bose,INST-001,Undergraduate,1th Year,2003-10-28,G_S02785,ADDR_S02785
S02786,Girik Gandhi,girik gandhi,INST-043,Undergraduate,3th Year,2003-04-19,G_S02786,ADDR_S02786
S02787,Frado Mangal,frado mangal,INST-037,Undergraduate,4th Year,2004-02-06,G_S02787,ADDR_S02787
S02788,Advaith Samra,advaith samra,INST-052,Undergraduate,2th Year,2004-08-21,G_S02788,ADDR_S02788
S02789,Varsha Tank,varsha tank,INST-045,Undergraduate,4th Year,2005-04-27,G_S02789,ADDR_S02789
S02790,Nidra Atwal,nidra atwal,INST-039,Undergraduate,4th Year,2005-05-07,G_S02790,ADDR_S02790
S02791,Abhimanyu Sandal,abhimanyu sandal,INST-008,Undergraduate,3th Year,2003-06-16,G_S02791,ADDR_S02791
S02792,Yash Wable,yash wable,INST-030,Undergraduate,1th Year,2008-01-01,G_S02792,ADDR_S02792
S02793,Saumya Ganguly,saumya ganguly,INST-020,Undergraduate,3th Year,2007-08-19,G_S02793,ADDR_S02793
S02794,Parth Borde,parth borde,INST-013,Undergraduate,4th Year,2008-01-09,G_S02794,ADDR_S02794
S02795,Kiaan Varkey,kiaan varkey,INST-023,Undergraduate,4th Year,2005-10-14,G_S02795,ADDR_S02795
S02796,Charan Sami,charan sami,INST-008,Undergraduate,3th Year,2004-10-23,G_S02796,ADDR_S02796
S02797,Ladli Garde,ladli garde,INST-045,Undergraduate,3th Year,2005-02-06,G_S02797,ADDR_S02797
S02798,Isaiah Nigam,isaiah nigam,INST-014,Undergraduate,2th Year,2003-06-20,G_S02798,ADDR_S02798
S02799,Jacob Mannan,jacob mannan,INST-023,Undergraduate,3th Year,2005-05-24,G_S02799,ADDR_S02799
S02800,Vasudha Memon,vasudha memon,INST-051,Undergraduate,1th Year,2006-10-20,G_S02800,ADDR_S02800
S02801,Tanay Agate,tanay agate,INST-055,Undergraduate,3th Year,2006-05-01,G_S02801,ADDR_S02801
S02802,Teerth Mody,teerth mody,INST-004,Undergraduate,4th Year,2004-10-24,G_S02802,ADDR_S02802
S02803,Ubika Sura,ubika sura,INST-057,Undergraduate,2th Year,2004-02-01,G_S02803,ADDR_S02803
S02804,Ishani Ahuja,ishani ahuja,INST-045,Undergraduate,4th Year,2003-08-11,G_S02804,ADDR_S02804
S02805,Falguni Misra,falguni misra,INST-041,Undergraduate,2th Year,2004-01-08,G_S02805,ADDR_S02805
S02806,Hredhaan Ahluwalia,hredhaan ahluwalia,INST-028,Undergraduate,1th Year,2004-12-20,G_S02806,ADDR_S02806
S02807,Quincy Ratti,quincy ratti,INST-010,Undergraduate,4th Year,2005-07-28,G_S02807,ADDR_S02807
S02808,Aditya Chaudhuri,aditya chaudhuri,INST-038,Undergraduate,4th Year,2003-09-14,G_S02808,ADDR_S02808
S02809,Vyanjana Hora,vyanjana hora,INST-017,Undergraduate,3th Year,2006-07-08,G_S02809,ADDR_S02809
S02810,Yoshita Dube,yoshita dube,INST-036,Undergraduate,2th Year,2005-03-07,G_S02810,ADDR_S02810
S02811,Jatin Sura,jatin sura,INST-048,Undergraduate,4th Year,2005-03-09,G_S02811,ADDR_S02811
S02812,NACHIKET KRISHNA,nachiket krishna,INST-029,Undergraduate,4th Year,2007-01-02,G_S02812,ADDR_S02812
S02813,Upma Rana,upma rana,INST-018,Undergraduate,1th Year,2008-11-16,G_S02813,ADDR_S02813
S02814,Chandani Patla,chandani patla,INST-013,Undergraduate,2th Year,2005-01-05,G_S02814,ADDR_S02814
S02815,Qabil Yadav,qabil yadav,INST-011,Undergraduate,4th Year,2006-06-06,G_S02815,ADDR_S02815
S02816,Ikbal Sarna,ikbal sarna,INST-009,Undergraduate,2th Year,2003-03-01,G_S02816,ADDR_S02816
S02817,Neel Dey,neel dey,INST-007,Undergraduate,2th Year,2004-05-14,G_S02817,ADDR_S02817
S02818,Radha Ahluwalia,radha ahluwalia,INST-008,Undergraduate,4th Year,2005-01-15,G_S02818,ADDR_S02818
S02819,Rushil Choudhry,rushil choudhry,INST-023,Undergraduate,3th Year,2008-06-07,G_S02819,ADDR_S02819
S02820,Bhavani Baria,bhavani baria,INST-048,Undergraduate,3th Year,2006-03-08,G_S02820,ADDR_S02820
S02821,Megha Sama,megha sama,INST-051,Undergraduate,1th Year,2007-12-26,G_S02821,ADDR_S02821
S02822,Azad Dyal,azad dyal,INST-011,Undergraduate,1th Year,2005-01-15,G_S02822,ADDR_S02822
S02823,Varenya Lata,varenya lata,INST-035,Undergraduate,4th Year,2008-11-23,G_S02823,ADDR_S02823
S02824,Oviya Suresh,oviya suresh,INST-040,Undergraduate,3th Year,2003-07-12,G_S02824,ADDR_S02824
S02825,Joshua Nair,joshua nair,INST-059,Undergraduate,2th Year,2005-09-28,G_S02825,ADDR_S02825
S02826,Yachana Ramachandran,yachana ramachandran,INST-003,Undergraduate,3th Year,2006-07-25,G_S02826,ADDR_S02826
S02827,Imaran Chokshi,imaran chokshi,INST-047,Undergraduate,2th Year,2006-10-25,G_S02827,ADDR_S02827
S02828,Jonathan Dugal,jonathan dugal,INST-006,Undergraduate,4th Year,2007-01-08,G_S02828,ADDR_S02828
S02829,Xiti Arya,xiti arya,INST-048,Undergraduate,4th Year,2003-08-10,G_S02829,ADDR_S02829
S02830,Charles Oommen,charles oommen,INST-023,Undergraduate,3th Year,2008-06-06,G_S02830,ADDR_S02830
S02831,Abhiram Saraf,abhiram saraf,INST-012,Undergraduate,3th Year,2004-04-18,G_S02831,ADDR_S02831
S02832,Bimala  Manda,bimala manda,INST-010,Undergraduate,4th Year,2004-07-22,G_S02832,ADDR_S02832
S02833,Fitan Sanghvi,fitan sanghvi,INST-013,Undergraduate,2th Year,2004-05-10,G_S02833,ADDR_S02833
S02834,Michael Vaidya,michael vaidya,INST-054,Undergraduate,3th Year,2003-05-15,G_S02834,ADDR_S02834
S02835,Zaid Mand,zaid mand,INST-040,Undergraduate,3th Year,2004-11-15,G_S02835,ADDR_S02835
S02836,Adya Kota,adya kota,INST-041,Undergraduate,3th Year,2006-04-09,G_S02836,ADDR_S02836
S02837,Rushil Som,rushil som,INST-051,Undergraduate,1th Year,2006-02-13,G_S02837,ADDR_S02837
S02838,Yadavi Golla,yadavi golla,INST-039,Undergraduate,3th Year,2007-12-06,G_S02838,ADDR_S02838
S02839,Manthan Karnik,manthan karnik,INST-021,Undergraduate,3th Year,2008-12-19,G_S02839,ADDR_S02839
S02840,Kevin Rattan,kevin rattan,INST-043,Undergraduate,4th Year,2004-10-24,G_S02840,ADDR_S02840
S02841,Anusha Handa,anusha handa,INST-005,Undergraduate,3th Year,2003-04-07,G_S02841,ADDR_S02841
S02842,Pooja Badami,pooja badami,INST-049,Undergraduate,3th Year,2007-09-28,G_S02842,ADDR_S02842
S02843,Gavin Behl,gavin behl,INST-006,Undergraduate,2th Year,2003-06-24,G_S02843,ADDR_S02843
S02844,Nikita Vohra,nikita vohra,INST-035,Undergraduate,4th Year,2007-08-13,G_S02844,ADDR_S02844
S02845,Vihaan Kapadia,vihaan kapadia,INST-008,Undergraduate,4th Year,2005-05-25,G_S02845,ADDR_S02845
S02846,Pooja Srinivas,pooja srinivas,INST-012,Undergraduate,4th Year,2006-11-17,G_S02846,ADDR_S02846
S02847,Yashvi Sane,yashvi sane,INST-050,Undergraduate,3th Year,2008-02-20,G_S02847,ADDR_S02847
S02848,Daksha Choudhary,daksha choudhary,INST-012,Undergraduate,2th Year,2008-07-26,G_S02848,ADDR_S02848
S02849,Januja Mand,januja mand,INST-002,Undergraduate,3th Year,2007-04-26,G_S02849,ADDR_S02849
S02850,Omya Koshy,omya koshy,INST-059,Undergraduate,1th Year,2003-08-28,G_S02850,ADDR_S02850
S02851,Champak Gopal,champak gopal,INST-027,Undergraduate,1th Year,2008-03-17,G_S02851,ADDR_S02851
S02852,Aadi Ben,aadi ben,INST-002,Undergraduate,4th Year,2006-07-01,G_S02852,ADDR_S02852
S02853,Simon  Mangal,simon mangal,INST-048,Undergraduate,2th Year,2003-01-11,G_S02853,ADDR_S02853
S02854,Ati Chaudhuri,ati chaudhuri,INST-018,Undergraduate,2th Year,2007-12-01,G_S02854,ADDR_S02854
S02855,Qasim Krishnan,qasim krishnan,INST-054,Undergraduate,1th Year,2003-08-13,G_S02855,ADDR_S02855
S02856,Januja Natt,januja natt,INST-049,Undergraduate,2th Year,2004-09-07,G_S02856,ADDR_S02856
S02857,Isaac Chatterjee,isaac chatterjee,INST-031,Undergraduate,1th Year,2008-09-26,G_S02857,ADDR_S02857
S02858,Kalpit Narula,kalpit narula,INST-007,Undergraduate,3th Year,2003-01-03,G_S02858,ADDR_S02858
S02859,Janaki Wadhwa,janaki wadhwa,INST-013,Undergraduate,2th Year,2005-03-15,G_S02859,ADDR_S02859
S02860,Wazir Majumdar,wazir majumdar,INST-046,Undergraduate,4th Year,2006-07-04,G_S02860,ADDR_S02860
S02861,Leena Chahal,leena chahal,INST-011,Undergraduate,1th Year,2008-05-08,G_S02861,ADDR_S02861
S02862,Kalpit Dara,kalpit dara,INST-027,Undergraduate,1th Year,2005-10-14,G_S02862,ADDR_S02862
S02863,Rayaan Hans,rayaan hans,INST-023,Undergraduate,2th Year,2008-07-13,G_S02863,ADDR_S02863
S02864,Hardik Borde,hardik borde,INST-011,Undergraduate,1th Year,2004-06-15,G_S02864,ADDR_S02864
S02865,Charvi Som,charvi som,INST-058,Undergraduate,4th Year,2008-11-01,G_S02865,ADDR_S02865
S02866,Mitesh Bassi,mitesh bassi,INST-039,Undergraduate,3th Year,2008-08-05,G_S02866,ADDR_S02866
S02867,Rehaan Sahota,rehaan sahota,INST-029,Undergraduate,1th Year,2007-10-15,G_S02867,ADDR_S02867
S02868,Idika Pau,idika pau,INST-044,Undergraduate,3th Year,2006-05-03,G_S02868,ADDR_S02868
S02869,Jacob Sarin,jacob sarin,INST-052,Undergraduate,2th Year,2005-08-17,G_S02869,ADDR_S02869
S02870,Vasudha Saini,vasudha saini,INST-038,Undergraduate,1th Year,2006-05-25,G_S02870,ADDR_S02870
S02871,Ojas Mahal,ojas mahal,INST-021,Undergraduate,4th Year,2003-06-06,G_S02871,ADDR_S02871
S02872,Bimala Bath,bimala bath,INST-030,Undergraduate,4th Year,2005-09-20,G_S02872,ADDR_S02872
S02873,Ranveer Rao,ranveer rao,INST-035,Undergraduate,1th Year,2007-09-19,G_S02873,ADDR_S02873
S02874,Yochana Borde,yochana borde,INST-020,Undergraduate,2th Year,2007-10-24,G_S02874,ADDR_S02874
S02875,Raksha Upadhyay,raksha upadhyay,INST-027,Undergraduate,3th Year,2003-01-01,G_S02875,ADDR_S02875
S02876,Madhavi Rattan,madhavi rattan,INST-049,Undergraduate,3th Year,2008-04-01,G_S02876,ADDR_S02876
S02877,Samuel Gour,samuel gour,INST-017,Undergraduate,3th Year,2006-08-19,G_S02877,ADDR_S02877
S02878,Nathaniel Kamdar,nathaniel kamdar,INST-059,Undergraduate,1th Year,2007-08-06,G_S02878,ADDR_S02878
S02879,Yochana Shah,yochana shah,INST-049,Undergraduate,1th Year,2004-05-10,G_S02879,ADDR_S02879
S02880,Chavvi Kannan,chavvi kannan,INST-003,Undergraduate,3th Year,2008-06-14,G_S02880,ADDR_S02880
S02881,Amrita Dani,amrita dani,INST-003,Undergraduate,3th Year,2005-10-20,G_S02881,ADDR_S02881
S02882,Udarsh Bath,udarsh bath,INST-028,Undergraduate,2th Year,2003-10-01,G_S02882,ADDR_S02882
S02883,Bishakha Baral,bishakha baral,INST-042,Undergraduate,3th Year,2006-07-10,G_S02883,ADDR_S02883
S02884,Arunima Deol,arunima deol,INST-015,Undergraduate,3th Year,2004-02-28,G_S02884,ADDR_S02884
S02885,Charan Kothari,charan kothari,INST-001,Undergraduate,3th Year,2008-06-07,G_S02885,ADDR_S02885
S02886,JACK AGARWAL,jack agarwal,INST-009,Undergraduate,1th Year,2008-08-08,G_S02886,ADDR_S02886
S02887,Jyoti Nair,jyoti nair,INST-028,Undergraduate,3th Year,2007-06-23,G_S02887,ADDR_S02887
S02888,Aishani Deol,aishani deol,INST-038,Undergraduate,3th Year,2004-12-28,G_S02888,ADDR_S02888
S02889,Chaitaly Nair,chaitaly nair,INST-033,Undergraduate,1th Year,2003-06-02,G_S02889,ADDR_S02889
S02890,Advaith Parekh,advaith parekh,INST-006,Undergraduate,4th Year,2005-05-16,G_S02890,ADDR_S02890
S02891,Ati Goda,ati goda,INST-010,Undergraduate,3th Year,2003-08-04,G_S02891,ADDR_S02891
S02892,Amol Yogi,amol yogi,INST-037,Undergraduate,3th Year,2005-10-07,G_S02892,ADDR_S02892
S02893,Lavanya Kurian,lavanya kurian,INST-035,Undergraduate,4th Year,2003-02-23,G_S02893,ADDR_S02893
S02894,Riya Kannan,riya kannan,INST-012,Undergraduate,4th Year,2007-09-06,G_S02894,ADDR_S02894
S02895,Amruta Jani,amruta jani,INST-031,Undergraduate,4th Year,2004-06-22,G_S02895,ADDR_S02895
S02896,Nachiket Sehgal,nachiket sehgal,INST-045,Undergraduate,3th Year,2008-04-11,G_S02896,ADDR_S02896
S02897,Radha Pillay,radha pillay,INST-051,Undergraduate,3th Year,2006-11-16,G_S02897,ADDR_S02897
S02898,Varenya Chander,varenya chander,INST-032,Undergraduate,4th Year,2006-12-13,G_S02898,ADDR_S02898
S02899,Pratyush Sharaf,pratyush sharaf,INST-005,Undergraduate,3th Year,2006-11-26,G_S02899,ADDR_S02899
S02900,Patrick Gulati,patrick gulati,INST-038,Undergraduate,1th Year,2008-01-04,G_S02900,ADDR_S02900
S02901,Pranit Manda,pranit manda,INST-037,Undergraduate,3th Year,2004-02-23,G_S02901,ADDR_S02901
S02902,Dayita Gaba,dayita gaba,INST-019,Undergraduate,3th Year,2006-05-24,G_S02902,ADDR_S02902
S02903,Meera Guha,meera guha,INST-058,Undergraduate,2th Year,2007-06-27,G_S02903,ADDR_S02903
S02904,Luke Bora,luke bora,INST-037,Undergraduate,2th Year,2007-12-04,G_S02904,ADDR_S02904
S02905,Yatan Sha,yatan sha,INST-005,Undergraduate,1th Year,2004-05-17,G_S02905,ADDR_S02905
S02906,Harish Vyas,harish vyas,INST-030,Undergraduate,3th Year,2005-06-26,G_S02906,ADDR_S02906
S02907,Advik Chaudhry,advik chaudhry,INST-049,Undergraduate,1th Year,2003-03-24,G_S02907,ADDR_S02907
S02908,Leena Bail,leena bail,INST-022,Undergraduate,1th Year,2003-10-08,G_S02908,ADDR_S02908
S02909,Agastya Bassi,agastya bassi,INST-059,Undergraduate,2th Year,2003-08-15,G_S02909,ADDR_S02909
S02910,Yuvraj Chacko,yuvraj chacko,INST-036,Undergraduate,2th Year,2004-06-03,G_S02910,ADDR_S02910
S02911,Luke Arya,luke arya,INST-002,Undergraduate,3th Year,2004-03-22,G_S02911,ADDR_S02911
S02912,Hitesh Nigam,hitesh nigam,INST-016,Undergraduate,1th Year,2004-09-05,G_S02912,ADDR_S02912
S02913,Samaksh Dewan,samaksh dewan,INST-042,Undergraduate,1th Year,2007-01-23,G_S02913,ADDR_S02913
S02914,Sachi Gade,sachi gade,INST-055,Undergraduate,1th Year,2003-05-11,G_S02914,ADDR_S02914
S02915,Garima Srinivas,garima srinivas,INST-030,Undergraduate,4th Year,2004-07-25,G_S02915,ADDR_S02915
S02916,Yagnesh Bhalla,yagnesh bhalla,INST-045,Undergraduate,4th Year,2007-04-07,G_S02916,ADDR_S02916
S02917,Jatin Bail,jatin bail,INST-041,Undergraduate,4th Year,2003-06-21,G_S02917,ADDR_S02917
S02918,Harshil Minhas,harshil minhas,INST-022,Undergraduate,4th Year,2004-10-16,G_S02918,ADDR_S02918
S02919,Yasti Sagar,yasti sagar,INST-057,Undergraduate,1th Year,2008-03-27,G_S02919,ADDR_S02919
S02920,Aarav Kapur,aarav kapur,INST-030,Undergraduate,2th Year,2007-10-14,G_S02920,ADDR_S02920
S02921,Utkarsh Sane,utkarsh sane,INST-016,Undergraduate,3th Year,2005-02-27,G_S02921,ADDR_S02921
S02922,Manan Pandit,manan pandit,INST-007,Undergraduate,4th Year,2005-11-07,G_S02922,ADDR_S02922
S02923,Upkaar Rajagopalan,upkaar rajagopalan,INST-017,Undergraduate,2th Year,2008-09-18,G_S02923,ADDR_S02923
S02924,Vyanjana Gara,vyanjana gara,INST-001,Undergraduate,4th Year,2006-04-14,G_S02924,ADDR_S02924
S02925,Udarsh Chaudry,udarsh chaudry,INST-017,Undergraduate,2th Year,2007-06-26,G_S02925,ADDR_S02925
S02926,Ishanvi Bose,ishanvi bose,INST-003,Undergraduate,4th Year,2005-12-25,G_S02926,ADDR_S02926
S02927,Jagat Patel,jagat patel,INST-035,Undergraduate,3th Year,2005-06-04,G_S02927,ADDR_S02927
S02928,Caleb Dora,caleb dora,INST-058,Undergraduate,4th Year,2003-08-09,G_S02928,ADDR_S02928
S02929,Priya Wali,priya wali,INST-036,Undergraduate,3th Year,2008-01-07,G_S02929,ADDR_S02929
S02930,Pratyush Sandal,pratyush sandal,INST-058,Undergraduate,4th Year,2004-09-16,G_S02930,ADDR_S02930
S02931,Charvi Mangat,charvi mangat,INST-015,Undergraduate,1th Year,2005-02-08,G_S02931,ADDR_S02931
S02932,Hemang Madan,hemang madan,INST-008,Undergraduate,4th Year,2003-03-18,G_S02932,ADDR_S02932
S02933,Jyoti Lanka,jyoti lanka,INST-051,Undergraduate,2th Year,2004-02-20,G_S02933,ADDR_S02933
S02934,Aarnav Dixit,aarnav dixit,INST-001,Undergraduate,3th Year,2003-01-02,G_S02934,ADDR_S02934
S02935,Ekaja Divan,ekaja divan,INST-014,Undergraduate,1th Year,2003-10-16,G_S02935,ADDR_S02935
S02936,Sanya Sridhar,sanya sridhar,INST-060,Undergraduate,3th Year,2007-08-01,G_S02936,ADDR_S02936
S02937,Isaiah Sane,isaiah sane,INST-025,Undergraduate,2th Year,2004-06-03,G_S02937,ADDR_S02937
S02938,Maanav Chana,maanav chana,INST-001,Undergraduate,2th Year,2004-07-04,G_S02938,ADDR_S02938
S02939,Joshua Gopal,joshua gopal,INST-020,Undergraduate,2th Year,2003-08-01,G_S02939,ADDR_S02939
S02940,Ira Nagar,ira nagar,INST-042,Undergraduate,2th Year,2003-01-20,G_S02940,ADDR_S02940
S02941,Panini Srivastava,panini srivastava,INST-027,Undergraduate,1th Year,2003-06-15,G_S02941,ADDR_S02941
S02942,Gauri Devi,gauri devi,INST-032,Undergraduate,3th Year,2007-01-01,G_S02942,ADDR_S02942
S02943,Leela Sahota,leela sahota,INST-049,Undergraduate,1th Year,2004-09-27,G_S02943,ADDR_S02943
S02944,Waida Walia,waida walia,INST-031,Undergraduate,4th Year,2006-03-06,G_S02944,ADDR_S02944
S02945,Leena Chacko,leena chacko,INST-060,Undergraduate,1th Year,2007-03-18,G_S02945,ADDR_S02945
S02946,Theodore Chahal,theodore chahal,INST-030,Undergraduate,2th Year,2006-01-05,G_S02946,ADDR_S02946
S02947,Janaki Agate,janaki agate,INST-051,Undergraduate,4th Year,2003-03-11,G_S02947,ADDR_S02947
S02948,Anay Patil,anay patil,INST-010,Undergraduate,3th Year,2005-12-27,G_S02948,ADDR_S02948
S02949,Kiaan Choudhary,kiaan choudhary,INST-002,Undergraduate,3th Year,2005-02-08,G_S02949,ADDR_S02949
S02950,Ikshita Patel,ikshita patel,INST-030,Undergraduate,3th Year,2008-09-01,G_S02950,ADDR_S02950
S02951,Chaitaly Sharma,chaitaly sharma,INST-053,Undergraduate,1th Year,2004-02-04,G_S02951,ADDR_S02951
S02952,Oviya Kibe,oviya kibe,INST-035,Undergraduate,1th Year,2004-07-18,G_S02952,ADDR_S02952
S02953,Udarsh Bhalla,udarsh bhalla,INST-052,Undergraduate,4th Year,2007-11-14,G_S02953,ADDR_S02953
S02954,Jacob Dhar,jacob dhar,INST-004,Undergraduate,3th Year,2005-08-09,G_S02954,ADDR_S02954
S02955,Atharv Samra,atharv samra,INST-043,Undergraduate,1th Year,2006-05-20,G_S02955,ADDR_S02955
S02956,Chatura Cherian,chatura cherian,INST-020,Undergraduate,4th Year,2007-12-24,G_S02956,ADDR_S02956
S02957,Vansha Dugar,vansha dugar,INST-047,Undergraduate,3th Year,2007-05-17,G_S02957,ADDR_S02957
S02958,Manan Pau,manan pau,INST-003,Undergraduate,1th Year,2004-10-17,G_S02958,ADDR_S02958
S02959,Farhan Konda,farhan konda,INST-010,Undergraduate,4th Year,2008-12-05,G_S02959,ADDR_S02959
S02960,ADVIK SAHA,advik saha,INST-014,Undergraduate,1th Year,2003-09-17,G_S02960,ADDR_S02960
S02961,Qabil Singhal,qabil singhal,INST-026,Undergraduate,1th Year,2007-09-19,G_S02961,ADDR_S02961
S02962,Chandani Singhal,chandani singhal,INST-008,Undergraduate,1th Year,2003-10-28,G_S02962,ADDR_S02962
S02963,Geetika Sawhney,geetika sawhney,INST-009,Undergraduate,4th Year,2008-12-20,G_S02963,ADDR_S02963
S02964,Bhavini Choudhry,bhavini choudhry,INST-047,Undergraduate,1th Year,2007-07-16,G_S02964,ADDR_S02964
S02965,Darpan Balay,darpan balay,INST-002,Undergraduate,3th Year,2008-04-08,G_S02965,ADDR_S02965
S02966,Yahvi Dyal,yahvi dyal,INST-016,Undergraduate,1th Year,2007-02-11,G_S02966,ADDR_S02966
S02967,Meghana Sampath,meghana sampath,INST-022,Undergraduate,3th Year,2004-01-07,G_S02967,ADDR_S02967
S02968,Aarna Thaker,aarna thaker,INST-014,Undergraduate,2th Year,2005-07-14,G_S02968,ADDR_S02968
S02969,Utkarsh Sampath,utkarsh sampath,INST-037,Undergraduate,3th Year,2006-07-15,G_S02969,ADDR_S02969
S02970,Anita Chanda,anita chanda,INST-009,Undergraduate,1th Year,2004-12-25,G_S02970,ADDR_S02970
S02971,Jeremiah Kakar,jeremiah kakar,INST-009,Undergraduate,3th Year,2003-03-13,G_S02971,ADDR_S02971
S02972,Daksh Kanda,daksh kanda,INST-057,Undergraduate,3th Year,2008-06-05,G_S02972,ADDR_S02972
S02973,Qarin Brahmbhatt,qarin brahmbhatt,INST-013,Undergraduate,3th Year,2006-01-01,G_S02973,ADDR_S02973
S02974,Vansha Munshi,vansha munshi,INST-050,Undergraduate,3th Year,2003-09-04,G_S02974,ADDR_S02974
S02975,Lajita Gala,lajita gala,INST-051,Undergraduate,4th Year,2003-01-02,G_S02975,ADDR_S02975
S02976,Kamya Samra,kamya samra,INST-028,Undergraduate,1th Year,2003-03-18,G_S02976,ADDR_S02976
S02977,Anamika Chopra,anamika chopra,INST-002,Undergraduate,2th Year,2004-10-24,G_S02977,ADDR_S02977
S02978,Faras Patil,faras patil,INST-002,Undergraduate,3th Year,2003-08-24,G_S02978,ADDR_S02978
S02979,Ayaan Khatri,ayaan khatri,INST-053,Undergraduate,2th Year,2004-08-14,G_S02979,ADDR_S02979
S02980,Nicholas Chhabra,nicholas chhabra,INST-002,Undergraduate,1th Year,2005-04-01,G_S02980,ADDR_S02980
S02981,Siddharth Apte,siddharth apte,INST-020,Undergraduate,4th Year,2003-08-14,G_S02981,ADDR_S02981
S02982,Raghav Jaggi,raghav jaggi,INST-049,Undergraduate,2th Year,2006-11-06,G_S02982,ADDR_S02982
S02983,Wridesh Luthra,wridesh luthra,INST-055,Undergraduate,4th Year,2004-03-09,G_S02983,ADDR_S02983
S02984,Chaitanya Sule,chaitanya sule,INST-029,Undergraduate,3th Year,2007-05-16,G_S02984,ADDR_S02984
S02985,Chanakya Murty,chanakya murty,INST-041,Undergraduate,3th Year,2007-10-16,G_S02985,ADDR_S02985
S02986,Dayamai Anand,dayamai anand,INST-056,Undergraduate,2th Year,2005-01-10,G_S02986,ADDR_S02986
S02987,Barkha Rao,barkha rao,INST-008,Undergraduate,3th Year,2007-12-25,G_S02987,ADDR_S02987
S02988,Divya Raman,divya raman,INST-051,Undergraduate,4th Year,2008-12-09,G_S02988,ADDR_S02988
S02989,Kai Chatterjee,kai chatterjee,INST-046,Undergraduate,1th Year,2007-03-15,G_S02989,ADDR_S02989
S02990,Nikita Thakur,nikita thakur,INST-015,Undergraduate,3th Year,2007-09-26,G_S02990,ADDR_S02990
S02991,Yadavi Doctor,yadavi doctor,INST-038,Undergraduate,3th Year,2003-06-28,G_S02991,ADDR_S02991
S02992,Lavanya Sood,lavanya sood,INST-011,Undergraduate,2th Year,2008-12-09,G_S02992,ADDR_S02992
S02993,Bina Edwin,bina edwin,INST-008,Undergraduate,4th Year,2003-04-16,G_S02993,ADDR_S02993
S02994,Ubika Brar,ubika brar,INST-004,Undergraduate,1th Year,2008-04-04,G_S02994,ADDR_S02994
S02995,Vincent Kale,vincent kale,INST-052,Undergraduate,4th Year,2003-04-04,G_S02995,ADDR_S02995
S02996,Naveen Thaker,naveen thaker,INST-030,Undergraduate,1th Year,2008-02-21,G_S02996,ADDR_S02996
S02997,Sara Deep,sara deep,INST-023,Undergraduate,3th Year,2003-10-21,G_S02997,ADDR_S02997
S02998,Bina Parsa,bina parsa,INST-024,Undergraduate,1th Year,2003-04-15,G_S02998,ADDR_S02998
S02999,Balveer Ram,balveer ram,INST-046,Undergraduate,4th Year,2007-12-01,G_S02999,ADDR_S02999
S03000,Sathvik Borde,sathvik borde,INST-004,Undergraduate,1th Year,2006-02-14,G_S03000,ADDR_S03000
S03001,Widisha Chatterjee,widisha chatterjee,INST-040,Undergraduate,4th Year,2005-08-16,G_S03001,ADDR_S03001
S03002,Luke More,luke more,INST-022,Undergraduate,4th Year,2006-09-28,G_S03002,ADDR_S03002
S03003,Wishi Chandra,wishi chandra,INST-036,Undergraduate,3th Year,2006-09-02,G_S03003,ADDR_S03003
S03004,Dipta Gara,dipta gara,INST-019,Undergraduate,2th Year,2004-07-06,G_S03004,ADDR_S03004
S03005,Neel Bir,neel bir,INST-051,Undergraduate,3th Year,2006-05-13,G_S03005,ADDR_S03005
S03006,Januja Pandit,januja pandit,INST-029,Undergraduate,4th Year,2007-12-04,G_S03006,ADDR_S03006
S03007,Ekavir Gola,ekavir gola,INST-057,Undergraduate,4th Year,2005-03-13,G_S03007,ADDR_S03007
S03008,Aarna Solanki,aarna solanki,INST-014,Undergraduate,1th Year,2008-09-25,G_S03008,ADDR_S03008
S03009,Riya Dey,riya dey,INST-045,Undergraduate,2th Year,2005-09-28,G_S03009,ADDR_S03009
S03010,Vinaya Baral,vinaya baral,INST-001,Undergraduate,4th Year,2007-02-27,G_S03010,ADDR_S03010
S03011,Bhavini Rattan,bhavini rattan,INST-007,Undergraduate,3th Year,2008-09-13,G_S03011,ADDR_S03011
S03012,Kai Sastry,kai sastry,INST-016,Undergraduate,3th Year,2004-05-18,G_S03012,ADDR_S03012
S03013,Yauvani Murthy,yauvani murthy,INST-053,Undergraduate,4th Year,2005-03-16,G_S03013,ADDR_S03013
S03014,Fiyaz Sachdev,fiyaz sachdev,INST-008,Undergraduate,2th Year,2007-06-11,G_S03014,ADDR_S03014
S03015,Adya Basak,adya basak,INST-005,Undergraduate,2th Year,2004-10-12,G_S03015,ADDR_S03015
S03016,Yash Anand,yash anand,INST-022,Undergraduate,2th Year,2006-11-02,G_S03016,ADDR_S03016
S03017,Henry Mannan,henry mannan,INST-025,Undergraduate,3th Year,2005-07-25,G_S03017,ADDR_S03017
S03018,Nathan Rastogi,nathan rastogi,INST-005,Undergraduate,1th Year,2006-04-02,G_S03018,ADDR_S03018
S03019,Udant Rama,udant rama,INST-052,Undergraduate,2th Year,2006-11-24,G_S03019,ADDR_S03019
S03020,Girik Palla,girik palla,INST-020,Undergraduate,1th Year,2004-08-10,G_S03020,ADDR_S03020
S03021,Upadhriti Warrior,upadhriti warrior,INST-046,Undergraduate,2th Year,2005-05-25,G_S03021,ADDR_S03021
S03022,Ikbal Chada,ikbal chada,INST-010,Undergraduate,3th Year,2003-08-14,G_S03022,ADDR_S03022
S03023,Hritik  Ranganathan,hritik ranganathan,INST-025,Undergraduate,2th Year,2005-04-24,G_S03023,ADDR_S03023
S03024,Ryan Ratti,ryan ratti,INST-009,Undergraduate,2th Year,2004-09-14,G_S03024,ADDR_S03024
S03025,Dhruv Nadig,dhruv nadig,INST-027,Undergraduate,4th Year,2007-11-08,G_S03025,ADDR_S03025
S03026,Vedika Kala,vedika kala,INST-050,Undergraduate,1th Year,2005-01-22,G_S03026,ADDR_S03026
S03027,Ishwar Mallick,ishwar mallick,INST-027,Undergraduate,4th Year,2006-05-25,G_S03027,ADDR_S03027
S03028,Balvan Dugal,balvan dugal,INST-048,Undergraduate,4th Year,2003-12-16,G_S03028,ADDR_S03028
S03029,Madhav Kala,madhav kala,INST-023,Undergraduate,1th Year,2004-09-09,G_S03029,ADDR_S03029
S03030,Azad Rai,azad rai,INST-026,Undergraduate,2th Year,2004-01-23,G_S03030,ADDR_S03030
S03031,Janaki Sani,janaki sani,INST-007,Undergraduate,4th Year,2006-10-04,G_S03031,ADDR_S03031
S03032,Tanay Bhagat,tanay bhagat,INST-050,Undergraduate,3th Year,2003-05-09,G_S03032,ADDR_S03032
S03033,Arin Sampath,arin sampath,INST-015,Undergraduate,4th Year,2007-01-07,G_S03033,ADDR_S03033
S03034,Zayyan Goda,zayyan goda,INST-048,Undergraduate,1th Year,2003-05-06,G_S03034,ADDR_S03034
S03035,Lucky Biswas,lucky biswas,INST-005,Undergraduate,4th Year,2006-01-07,G_S03035,ADDR_S03035
S03036,Nidhi Bumb,nidhi bumb,INST-050,Undergraduate,1th Year,2003-05-19,G_S03036,ADDR_S03036
S03037,Siya Saini,siya saini,INST-030,Undergraduate,2th Year,2003-08-06,G_S03037,ADDR_S03037
S03038,Aashi Gour,aashi gour,INST-016,Undergraduate,2th Year,2007-01-24,G_S03038,ADDR_S03038
S03039,George Sangha,george sangha,INST-057,Undergraduate,3th Year,2003-12-20,G_S03039,ADDR_S03039
S03040,Chameli Gala,chameli gala,INST-011,Undergraduate,1th Year,2004-10-04,G_S03040,ADDR_S03040
S03041,Ikshita Saini,ikshita saini,INST-020,Undergraduate,4th Year,2008-07-15,G_S03041,ADDR_S03041
S03042,Vaishnavi Wason,vaishnavi wason,INST-011,Undergraduate,3th Year,2005-04-19,G_S03042,ADDR_S03042
S03043,Rajeshri  Pant,rajeshri pant,INST-033,Undergraduate,4th Year,2005-07-28,G_S03043,ADDR_S03043
S03044,Advaith Issac,advaith issac,INST-001,Undergraduate,2th Year,2007-01-06,G_S03044,ADDR_S03044
S03045,Maanav Naik,maanav naik,INST-020,Undergraduate,1th Year,2007-04-06,G_S03045,ADDR_S03045
S03046,Akshay Dora,akshay dora,INST-012,Undergraduate,2th Year,2005-02-02,G_S03046,ADDR_S03046
S03047,Manbir Tata,manbir tata,INST-004,Undergraduate,3th Year,2005-12-22,G_S03047,ADDR_S03047
S03048,Ishaan Ray,ishaan ray,INST-053,Undergraduate,3th Year,2008-04-20,G_S03048,ADDR_S03048
S03049,Aarush Seshadri,aarush seshadri,INST-019,Undergraduate,2th Year,2003-09-01,G_S03049,ADDR_S03049
S03050,Shivani Chatterjee,shivani chatterjee,INST-015,Undergraduate,3th Year,2005-02-06,G_S03050,ADDR_S03050
S03051,Tejas Guha,tejas guha,INST-026,Undergraduate,2th Year,2003-02-05,G_S03051,ADDR_S03051
S03052,Ojas Purohit,ojas purohit,INST-031,Undergraduate,3th Year,2005-03-03,G_S03052,ADDR_S03052
S03053,Ijaya Kadakia,ijaya kadakia,INST-056,Undergraduate,3th Year,2007-02-19,G_S03053,ADDR_S03053
S03054,Akshay Prabhakar,akshay prabhakar,INST-045,Undergraduate,4th Year,2005-04-24,G_S03054,ADDR_S03054
S03055,Amol Mittal,amol mittal,INST-018,Undergraduate,4th Year,2005-07-04,G_S03055,ADDR_S03055
S03056,Yadavi Dash,yadavi dash,INST-052,Undergraduate,1th Year,2007-10-06,G_S03056,ADDR_S03056
S03057,Tamanna Sachdev,tamanna sachdev,INST-009,Undergraduate,1th Year,2005-12-08,G_S03057,ADDR_S03057
S03058,INDIRA PANDEY,indira pandey,INST-014,Undergraduate,1th Year,2005-04-22,G_S03058,ADDR_S03058
S03059,Gautami Comar,gautami comar,INST-038,Undergraduate,2th Year,2005-12-24,G_S03059,ADDR_S03059
S03060,Tara Sangha,tara sangha,INST-033,Undergraduate,3th Year,2008-11-11,G_S03060,ADDR_S03060
S03061,Peter Gaba,peter gaba,INST-048,Undergraduate,1th Year,2006-08-21,G_S03061,ADDR_S03061
S03062,Lakshmi Mane,lakshmi mane,INST-057,Undergraduate,2th Year,2007-10-18,G_S03062,ADDR_S03062
S03063,Bhanumati Chaudhary,bhanumati chaudhary,INST-040,Undergraduate,3th Year,2006-05-02,G_S03063,ADDR_S03063
S03064,Hemang Chakraborty,hemang chakraborty,INST-023,Undergraduate,2th Year,2008-09-06,G_S03064,ADDR_S03064
S03065,Nisha Chawla,nisha chawla,INST-031,Undergraduate,3th Year,2006-08-05,G_S03065,ADDR_S03065
S03066,Harish Sawhney,harish sawhney,INST-060,Undergraduate,3th Year,2008-06-03,G_S03066,ADDR_S03066
S03067,Bimala Salvi,bimala salvi,INST-012,Undergraduate,2th Year,2005-12-26,G_S03067,ADDR_S03067
S03068,Udant Sha,udant sha,INST-020,Undergraduate,4th Year,2004-10-25,G_S03068,ADDR_S03068
S03069,Ishwar Hayre,ishwar hayre,INST-011,Undergraduate,2th Year,2007-01-26,G_S03069,ADDR_S03069
S03070,Jeet Panchal,jeet panchal,INST-045,Undergraduate,2th Year,2006-07-01,G_S03070,ADDR_S03070
S03071,Nitara Randhawa,nitara randhawa,INST-024,Undergraduate,3th Year,2008-01-01,G_S03071,ADDR_S03071
S03072,Kavya Kapur,kavya kapur,INST-049,Undergraduate,2th Year,2004-06-25,G_S03072,ADDR_S03072
S03073,Amrita Lalla,amrita lalla,INST-020,Undergraduate,4th Year,2003-12-02,G_S03073,ADDR_S03073
S03074,Oeshi Khurana,oeshi khurana,INST-032,Undergraduate,4th Year,2005-07-04,G_S03074,ADDR_S03074
S03075,Oeshi Bali,oeshi bali,INST-056,Undergraduate,3th Year,2003-01-19,G_S03075,ADDR_S03075
S03076,Atharv Dube,atharv dube,INST-018,Undergraduate,4th Year,2006-11-05,G_S03076,ADDR_S03076
S03077,Zilmil Nadkarni,zilmil nadkarni,INST-057,Undergraduate,3th Year,2005-12-03,G_S03077,ADDR_S03077
S03078,Onkar Sani,onkar sani,INST-046,Undergraduate,3th Year,2005-05-04,G_S03078,ADDR_S03078
S03079,Mahika Hans,mahika hans,INST-043,Undergraduate,1th Year,2006-12-07,G_S03079,ADDR_S03079
S03080,Charan Sanghvi,charan sanghvi,INST-003,Undergraduate,1th Year,2006-06-28,G_S03080,ADDR_S03080
S03081,Madhavi Ghose,madhavi ghose,INST-002,Undergraduate,2th Year,2004-05-23,G_S03081,ADDR_S03081
S03082,Eesha Varughese,eesha varughese,INST-015,Undergraduate,3th Year,2005-02-25,G_S03082,ADDR_S03082
S03083,Rajeshri Kashyap,rajeshri kashyap,INST-028,Undergraduate,3th Year,2006-10-25,G_S03083,ADDR_S03083
S03084,Jonathan Thaman,jonathan thaman,INST-050,Undergraduate,2th Year,2006-03-14,G_S03084,ADDR_S03084
S03085,Manya Lad,manya lad,INST-030,Undergraduate,3th Year,2003-11-01,G_S03085,ADDR_S03085
S03086,Ekantika Jani,ekantika jani,INST-022,Undergraduate,3th Year,2004-02-13,G_S03086,ADDR_S03086
S03087,Girik Bal,girik bal,INST-038,Undergraduate,2th Year,2006-09-03,G_S03087,ADDR_S03087
S03088,Advay Dua,advay dua,INST-055,Undergraduate,1th Year,2005-04-15,G_S03088,ADDR_S03088
S03089,Farhan Raja,farhan raja,INST-030,Undergraduate,4th Year,2008-06-14,G_S03089,ADDR_S03089
S03090,Kalpit Setty,kalpit setty,INST-057,Undergraduate,2th Year,2006-09-26,G_S03090,ADDR_S03090
S03091,Rachit Khatri,rachit khatri,INST-057,Undergraduate,1th Year,2003-03-15,G_S03091,ADDR_S03091
S03092,Chameli  Hari,chameli hari,INST-022,Undergraduate,4th Year,2008-09-13,G_S03092,ADDR_S03092
S03093,Kritika Lad,kritika lad,INST-049,Undergraduate,2th Year,2006-05-14,G_S03093,ADDR_S03093
S03094,Anvi Butala,anvi butala,INST-026,Undergraduate,4th Year,2008-04-01,G_S03094,ADDR_S03094
S03095,Arin Chauhan,arin chauhan,INST-009,Undergraduate,4th Year,2007-11-09,G_S03095,ADDR_S03095
S03096,Tripti Das,tripti das,INST-042,Undergraduate,3th Year,2004-09-25,G_S03096,ADDR_S03096
S03097,Lucky Mandal,lucky mandal,INST-014,Undergraduate,2th Year,2008-09-23,G_S03097,ADDR_S03097
S03098,Pranit Chander,pranit chander,INST-002,Undergraduate,3th Year,2003-11-21,G_S03098,ADDR_S03098
S03099,Warda Pathak,warda pathak,INST-008,Undergraduate,4th Year,2008-02-18,G_S03099,ADDR_S03099
S03100,Mahika Chaudhuri,mahika chaudhuri,INST-014,Undergraduate,1th Year,2003-07-25,G_S03100,ADDR_S03100
S03101,Anthony Sachdev,anthony sachdev,INST-052,Undergraduate,1th Year,2008-10-27,G_S03101,ADDR_S03101
S03102,Vidhi Bose,vidhi bose,INST-010,Undergraduate,3th Year,2004-04-15,G_S03102,ADDR_S03102
S03103,Oni Prashad,oni prashad,INST-053,Undergraduate,3th Year,2004-01-07,G_S03103,ADDR_S03103
S03104,Shravya Dyal,shravya dyal,INST-043,Undergraduate,2th Year,2005-05-22,G_S03104,ADDR_S03104
S03105,Chanchal Anne,chanchal anne,INST-050,Undergraduate,4th Year,2007-03-03,G_S03105,ADDR_S03105
S03106,Azad Dalal,azad dalal,INST-001,Undergraduate,2th Year,2005-04-18,G_S03106,ADDR_S03106
S03107,Idika Sule,idika sule,INST-016,Undergraduate,1th Year,2006-12-18,G_S03107,ADDR_S03107
S03108,Nathan Vig,nathan vig,INST-060,Undergraduate,4th Year,2008-05-22,G_S03108,ADDR_S03108
S03109,Jairaj Hans,jairaj hans,INST-034,Undergraduate,1th Year,2006-11-28,G_S03109,ADDR_S03109
S03110,Arin Vasa,arin vasa,INST-042,Undergraduate,3th Year,2003-04-15,G_S03110,ADDR_S03110
S03111,Tarak Patla,tarak patla,INST-060,Undergraduate,1th Year,2006-01-07,G_S03111,ADDR_S03111
S03112,Teerth Balan,teerth balan,INST-041,Undergraduate,2th Year,2006-03-17,G_S03112,ADDR_S03112
S03113,Lakshit Kannan,lakshit kannan,INST-050,Undergraduate,1th Year,2008-01-15,G_S03113,ADDR_S03113
S03114,Jonathan Loyal,jonathan loyal,INST-022,Undergraduate,4th Year,2008-05-03,G_S03114,ADDR_S03114
S03115,Vasatika  Iyengar,vasatika iyengar,INST-044,Undergraduate,1th Year,2004-08-13,G_S03115,ADDR_S03115
S03116,Ijaya Menon,ijaya menon,INST-034,Undergraduate,1th Year,2004-10-04,G_S03116,ADDR_S03116
S03117,Warhi Sarin,warhi sarin,INST-027,Undergraduate,3th Year,2004-06-26,G_S03117,ADDR_S03117
S03118,Reyansh Krishna,reyansh krishna,INST-022,Undergraduate,4th Year,2003-02-06,G_S03118,ADDR_S03118
S03119,Rudra Mand,rudra mand,INST-043,Undergraduate,1th Year,2004-04-15,G_S03119,ADDR_S03119
S03120,Harshil Muni,harshil muni,INST-059,Undergraduate,4th Year,2006-12-02,G_S03120,ADDR_S03120
S03121,Samesh  Sura,samesh sura,INST-019,Undergraduate,3th Year,2003-06-12,G_S03121,ADDR_S03121
S03122,Sanaya Sampath,sanaya sampath,INST-006,Undergraduate,4th Year,2005-05-22,G_S03122,ADDR_S03122
S03123,Eiravati Chokshi,eiravati chokshi,INST-018,Undergraduate,4th Year,2006-04-17,G_S03123,ADDR_S03123
S03124,Pushti Iyengar,pushti iyengar,INST-013,Undergraduate,4th Year,2003-07-13,G_S03124,ADDR_S03124
S03125,Kashvi Bhatt,kashvi bhatt,INST-005,Undergraduate,4th Year,2008-03-05,G_S03125,ADDR_S03125
S03126,Oliver Bandi,oliver bandi,INST-025,Undergraduate,4th Year,2007-10-05,G_S03126,ADDR_S03126
S03127,Nimrat Memon,nimrat memon,INST-030,Undergraduate,4th Year,2007-10-20,G_S03127,ADDR_S03127
S03128,Mitali Balan,mitali balan,INST-021,Undergraduate,4th Year,2006-09-17,G_S03128,ADDR_S03128
S03129,Pranit Naidu,pranit naidu,INST-024,Undergraduate,2th Year,2003-09-28,G_S03129,ADDR_S03129
S03130,Quincy Parmar,quincy parmar,INST-039,Undergraduate,2th Year,2007-02-05,G_S03130,ADDR_S03130
S03131,Elijah  Kale,elijah kale,INST-019,Undergraduate,4th Year,2006-03-27,G_S03131,ADDR_S03131
S03132,Kamya Dhillon,kamya dhillon,INST-043,Undergraduate,1th Year,2005-12-19,G_S03132,ADDR_S03132
S03133,Jason Andra,jason andra,INST-014,Undergraduate,4th Year,2004-01-19,G_S03133,ADDR_S03133
S03134,Advay Narasimhan,advay narasimhan,INST-054,Undergraduate,2th Year,2008-11-23,G_S03134,ADDR_S03134
S03135,Udyati Nagy,udyati nagy,INST-046,Undergraduate,2th Year,2003-10-16,G_S03135,ADDR_S03135
S03136,Dominic Rajan,dominic rajan,INST-017,Undergraduate,4th Year,2004-10-27,G_S03136,ADDR_S03136
S03137,Simon Vyas,simon vyas,INST-055,Undergraduate,1th Year,2006-11-12,G_S03137,ADDR_S03137
S03138,Harshil Mall,harshil mall,INST-027,Undergraduate,4th Year,2007-06-16,G_S03138,ADDR_S03138
S03139,Oviya Saran,oviya saran,INST-051,Undergraduate,3th Year,2004-02-22,G_S03139,ADDR_S03139
S03140,Ekaja Hora,ekaja hora,INST-007,Undergraduate,4th Year,2006-08-07,G_S03140,ADDR_S03140
S03141,Chandran Tak,chandran tak,INST-023,Undergraduate,2th Year,2003-03-23,G_S03141,ADDR_S03141
S03142,Chakradhar Maharaj,chakradhar maharaj,INST-034,Undergraduate,2th Year,2006-01-07,G_S03142,ADDR_S03142
S03143,Jagdish Dash,jagdish dash,INST-020,Undergraduate,1th Year,2005-08-14,G_S03143,ADDR_S03143
S03144,Onveer Narain,onveer narain,INST-009,Undergraduate,1th Year,2003-12-27,G_S03144,ADDR_S03144
S03145,Warjas Bail,warjas bail,INST-049,Undergraduate,3th Year,2003-08-23,G_S03145,ADDR_S03145
S03146,Andrew Agrawal,andrew agrawal,INST-006,Undergraduate,4th Year,2004-05-02,G_S03146,ADDR_S03146
S03147,Bhavani Deep,bhavani deep,INST-023,Undergraduate,1th Year,2005-08-09,G_S03147,ADDR_S03147
S03148,Balhaar Walla,balhaar walla,INST-043,Undergraduate,1th Year,2008-08-27,G_S03148,ADDR_S03148
S03149,Geetika Babu,geetika babu,INST-038,Undergraduate,3th Year,2005-05-04,G_S03149,ADDR_S03149
S03150,Upma Chandran,upma chandran,INST-016,Undergraduate,2th Year,2004-02-26,G_S03150,ADDR_S03150
S03151,Charvi Maharaj,charvi maharaj,INST-026,Undergraduate,2th Year,2007-06-27,G_S03151,ADDR_S03151
S03152,Hiral Ratta,hiral ratta,INST-018,Undergraduate,4th Year,2007-09-01,G_S03152,ADDR_S03152
S03153,Dhriti Tak,dhriti tak,INST-045,Undergraduate,4th Year,2008-10-07,G_S03153,ADDR_S03153
S03154,Maya Misra,maya misra,INST-027,Undergraduate,1th Year,2004-10-15,G_S03154,ADDR_S03154
S03155,Wakeeta Dara,wakeeta dara,INST-033,Undergraduate,1th Year,2007-12-20,G_S03155,ADDR_S03155
S03156,Harshil Balakrishnan,harshil balakrishnan,INST-044,Undergraduate,1th Year,2007-12-27,G_S03156,ADDR_S03156
S03157,Champak Anne,champak anne,INST-044,Undergraduate,3th Year,2007-05-18,G_S03157,ADDR_S03157
S03158,Henry Naidu,henry naidu,INST-052,Undergraduate,2th Year,2008-02-04,G_S03158,ADDR_S03158
S03159,Upkaar Garde,upkaar garde,INST-030,Undergraduate,4th Year,2008-01-16,G_S03159,ADDR_S03159
S03160,Rayaan Pillay,rayaan pillay,INST-019,Undergraduate,1th Year,2007-11-22,G_S03160,ADDR_S03160
S03161,Charles Lad,charles lad,INST-049,Undergraduate,3th Year,2008-04-19,G_S03161,ADDR_S03161
S03162,Indrajit Bava,indrajit bava,INST-027,Undergraduate,2th Year,2004-06-23,G_S03162,ADDR_S03162
S03163,Falan Lalla,falan lalla,INST-001,Undergraduate,3th Year,2003-03-12,G_S03163,ADDR_S03163
S03164,Ladli  Madan,ladli madan,INST-034,Undergraduate,3th Year,2003-07-08,G_S03164,ADDR_S03164
S03165,Lakshit Sharma,lakshit sharma,INST-054,Undergraduate,1th Year,2008-11-14,G_S03165,ADDR_S03165
S03166,Jonathan Nagar,jonathan nagar,INST-001,Undergraduate,1th Year,2007-02-06,G_S03166,ADDR_S03166
S03167,Odika Sekhon,odika sekhon,INST-009,Undergraduate,2th Year,2006-06-19,G_S03167,ADDR_S03167
S03168,Wridesh Sridhar,wridesh sridhar,INST-037,Undergraduate,1th Year,2003-10-23,G_S03168,ADDR_S03168
S03169,Avni Nagy,avni nagy,INST-030,Undergraduate,3th Year,2005-05-21,G_S03169,ADDR_S03169
S03170,Upkaar Chanda,upkaar chanda,INST-048,Undergraduate,3th Year,2008-05-11,G_S03170,ADDR_S03170
S03171,Chaman Butala,chaman butala,INST-002,Undergraduate,3th Year,2008-06-17,G_S03171,ADDR_S03171
S03172,Xavier Jha,xavier jha,INST-026,Undergraduate,2th Year,2007-11-12,G_S03172,ADDR_S03172
S03173,Falan Talwar,falan talwar,INST-004,Undergraduate,4th Year,2003-07-27,G_S03173,ADDR_S03173
S03174,Simon Arya,simon arya,INST-029,Undergraduate,4th Year,2008-03-25,G_S03174,ADDR_S03174
S03175,Upadhriti Rajan,upadhriti rajan,INST-023,Undergraduate,3th Year,2004-11-01,G_S03175,ADDR_S03175
S03176,Vinaya Cheema,vinaya cheema,INST-041,Undergraduate,4th Year,2003-06-14,G_S03176,ADDR_S03176
S03177,Sathvik Wable,sathvik wable,INST-004,Undergraduate,2th Year,2004-10-11,G_S03177,ADDR_S03177
S03178,Devika Setty,devika setty,INST-025,Undergraduate,3th Year,2004-02-22,G_S03178,ADDR_S03178
S03179,Yamini Cherian,yamini cherian,INST-021,Undergraduate,4th Year,2006-12-10,G_S03179,ADDR_S03179
S03180,Theodore Patla,theodore patla,INST-025,Undergraduate,2th Year,2004-06-23,G_S03180,ADDR_S03180
S03181,Sneha Varghese,sneha varghese,INST-001,Undergraduate,2th Year,2008-12-16,G_S03181,ADDR_S03181
S03182,Mugdha Guha,mugdha guha,INST-016,Undergraduate,1th Year,2007-03-06,G_S03182,ADDR_S03182
S03183,Arunima Sampath,arunima sampath,INST-014,Undergraduate,4th Year,2004-11-05,G_S03183,ADDR_S03183
S03184,Damyanti Chaudry,damyanti chaudry,INST-003,Undergraduate,2th Year,2005-04-25,G_S03184,ADDR_S03184
S03185,Triya Chhabra,triya chhabra,INST-056,Undergraduate,4th Year,2004-10-23,G_S03185,ADDR_S03185
S03186,Wridesh Babu,wridesh babu,INST-042,Undergraduate,2th Year,2004-11-06,G_S03186,ADDR_S03186
S03187,Rachit Loke,rachit loke,INST-001,Undergraduate,2th Year,2007-05-10,G_S03187,ADDR_S03187
S03188,Vamakshi Wali,vamakshi wali,INST-005,Undergraduate,2th Year,2007-01-26,G_S03188,ADDR_S03188
S03189,Indira Lanka,indira lanka,INST-056,Undergraduate,2th Year,2006-01-15,G_S03189,ADDR_S03189
S03190,Frado Pandya,frado pandya,INST-015,Undergraduate,1th Year,2008-07-26,G_S03190,ADDR_S03190
S03191,Simon Dora,simon dora,INST-012,Undergraduate,2th Year,2006-08-15,G_S03191,ADDR_S03191
S03192,Yadavi Sankar,yadavi sankar,INST-027,Undergraduate,1th Year,2006-07-10,G_S03192,ADDR_S03192
S03193,Chatresh Sastry,chatresh sastry,INST-029,Undergraduate,4th Year,2003-06-20,G_S03193,ADDR_S03193
S03194,Kala Chaudhari,kala chaudhari,INST-009,Undergraduate,1th Year,2008-08-26,G_S03194,ADDR_S03194
S03195,Lavanya Sami,lavanya sami,INST-032,Undergraduate,4th Year,2005-09-06,G_S03195,ADDR_S03195
S03196,Chaitaly Gulati,chaitaly gulati,INST-037,Undergraduate,4th Year,2004-01-27,G_S03196,ADDR_S03196
S03197,Patrick Majumdar,patrick majumdar,INST-033,Undergraduate,3th Year,2006-12-03,G_S03197,ADDR_S03197
S03198,Zilmil Sant,zilmil sant,INST-039,Undergraduate,2th Year,2003-09-07,G_S03198,ADDR_S03198
S03199,Chandresh Kothari,chandresh kothari,INST-054,Undergraduate,1th Year,2005-10-23,G_S03199,ADDR_S03199
S03200,Theodore Contractor,theodore contractor,INST-040,Undergraduate,3th Year,2003-05-20,G_S03200,ADDR_S03200
S03201,Balendra Lata,balendra lata,INST-050,Undergraduate,2th Year,2007-05-13,G_S03201,ADDR_S03201
S03202,Dominic Wali,dominic wali,INST-036,Undergraduate,1th Year,2008-02-11,G_S03202,ADDR_S03202
S03203,Anya Kara,anya kara,INST-002,Undergraduate,4th Year,2008-12-06,G_S03203,ADDR_S03203
S03204,Manya Ramaswamy,manya ramaswamy,INST-020,Undergraduate,2th Year,2008-03-11,G_S03204,ADDR_S03204
S03205,Thomas Loyal,thomas loyal,INST-005,Undergraduate,2th Year,2006-09-21,G_S03205,ADDR_S03205
S03206,Samesh Garg,samesh garg,INST-035,Undergraduate,4th Year,2007-01-13,G_S03206,ADDR_S03206
S03207,Idika Mani,idika mani,INST-017,Undergraduate,3th Year,2006-01-25,G_S03207,ADDR_S03207
S03208,Aarush Chandra,aarush chandra,INST-029,Undergraduate,4th Year,2004-11-18,G_S03208,ADDR_S03208
S03209,Yahvi Sood,yahvi sood,INST-026,Undergraduate,2th Year,2006-02-13,G_S03209,ADDR_S03209
S03210,William Garde,william garde,INST-021,Undergraduate,4th Year,2008-09-14,G_S03210,ADDR_S03210
S03211,Ekaraj Ganesan,ekaraj ganesan,INST-034,Undergraduate,4th Year,2005-02-06,G_S03211,ADDR_S03211
S03212,Gaurangi Shah,gaurangi shah,INST-001,Undergraduate,4th Year,2005-09-26,G_S03212,ADDR_S03212
S03213,Agastya Som,agastya som,INST-004,Undergraduate,3th Year,2003-03-06,G_S03213,ADDR_S03213
S03214,Gaurika Bail,gaurika bail,INST-050,Undergraduate,4th Year,2005-01-05,G_S03214,ADDR_S03214
S03215,Aishani Bose,aishani bose,INST-059,Undergraduate,2th Year,2005-08-28,G_S03215,ADDR_S03215
S03216,ADITYA PANDEY,aditya pandey,INST-013,Undergraduate,3th Year,2005-03-07,G_S03216,ADDR_S03216
S03217,Aarav Suresh,aarav suresh,INST-052,Undergraduate,2th Year,2003-10-25,G_S03217,ADDR_S03217
S03218,Urmi Choudhary,urmi choudhary,INST-043,Undergraduate,4th Year,2008-02-27,G_S03218,ADDR_S03218
S03219,Anay Mannan,anay mannan,INST-059,Undergraduate,3th Year,2004-09-09,G_S03219,ADDR_S03219
S03220,Yahvi Ganesh,yahvi ganesh,INST-018,Undergraduate,3th Year,2005-01-15,G_S03220,ADDR_S03220
S03221,Girindra Chaudhry,girindra chaudhry,INST-032,Undergraduate,3th Year,2006-11-21,G_S03221,ADDR_S03221
S03222,Gautami Sethi,gautami sethi,INST-057,Undergraduate,1th Year,2004-11-14,G_S03222,ADDR_S03222
S03223,Indali Kurian,indali kurian,INST-042,Undergraduate,2th Year,2005-09-09,G_S03223,ADDR_S03223
S03224,Zehaan Patla,zehaan patla,INST-010,Undergraduate,1th Year,2007-12-15,G_S03224,ADDR_S03224
S03225,Agastya Pandit,agastya pandit,INST-030,Undergraduate,3th Year,2003-09-14,G_S03225,ADDR_S03225
S03226,Gauri Vasa,gauri vasa,INST-013,Undergraduate,2th Year,2007-06-26,G_S03226,ADDR_S03226
S03227,Isaiah Madan,isaiah madan,INST-018,Undergraduate,2th Year,2004-07-01,G_S03227,ADDR_S03227
S03228,Manbir Roy,manbir roy,INST-049,Undergraduate,4th Year,2006-08-10,G_S03228,ADDR_S03228
S03229,Lucky Parikh,lucky parikh,INST-029,Undergraduate,2th Year,2008-11-22,G_S03229,ADDR_S03229
S03230,Azaan Konda,azaan konda,INST-034,Undergraduate,2th Year,2005-03-13,G_S03230,ADDR_S03230
S03231,Jagvi Jhaveri,jagvi jhaveri,INST-036,Undergraduate,2th Year,2004-08-24,G_S03231,ADDR_S03231
S03232,Rishi Purohit,rishi purohit,INST-040,Undergraduate,1th Year,2004-03-08,G_S03232,ADDR_S03232
S03233,Anusha Sengupta,anusha sengupta,INST-053,Undergraduate,4th Year,2003-11-18,G_S03233,ADDR_S03233
S03234,Alka Palla,alka palla,INST-046,Undergraduate,4th Year,2006-08-11,G_S03234,ADDR_S03234
S03235,Mahika Sahni,mahika sahni,INST-053,Undergraduate,4th Year,2008-04-15,G_S03235,ADDR_S03235
S03236,Dayamai Halder,dayamai halder,INST-021,Undergraduate,1th Year,2007-10-10,G_S03236,ADDR_S03236
S03237,Zinal Oza,zinal oza,INST-053,Undergraduate,4th Year,2006-04-17,G_S03237,ADDR_S03237
S03238,Rachita Sha,rachita sha,INST-026,Undergraduate,2th Year,2007-07-22,G_S03238,ADDR_S03238
S03239,Bhavya Choudhary,bhavya choudhary,INST-051,Undergraduate,1th Year,2007-09-04,G_S03239,ADDR_S03239
S03240,Wishi Din,wishi din,INST-025,Undergraduate,2th Year,2003-11-27,G_S03240,ADDR_S03240
S03241,Mason Virk,mason virk,INST-049,Undergraduate,2th Year,2004-08-25,G_S03241,ADDR_S03241
S03242,Nicholas Mitter,nicholas mitter,INST-039,Undergraduate,3th Year,2008-09-22,G_S03242,ADDR_S03242
S03243,Bhavya Bhattacharyya,bhavya bhattacharyya,INST-016,Undergraduate,4th Year,2007-12-28,G_S03243,ADDR_S03243
S03244,Alexander Setty,alexander setty,INST-029,Undergraduate,4th Year,2006-04-24,G_S03244,ADDR_S03244
S03245,Teerth Mandal,teerth mandal,INST-022,Undergraduate,3th Year,2006-11-02,G_S03245,ADDR_S03245
S03246,Chatresh Suresh,chatresh suresh,INST-040,Undergraduate,2th Year,2007-05-23,G_S03246,ADDR_S03246
S03247,Abdul Sani,abdul sani,INST-024,Undergraduate,3th Year,2003-05-16,G_S03247,ADDR_S03247
S03248,Aadi Bedi,aadi bedi,INST-060,Undergraduate,3th Year,2003-04-13,G_S03248,ADDR_S03248
S03249,Lakshit Palla,lakshit palla,INST-049,Undergraduate,1th Year,2008-01-19,G_S03249,ADDR_S03249
S03250,Yadavi Dubey,yadavi dubey,INST-035,Undergraduate,2th Year,2008-05-26,G_S03250,ADDR_S03250
S03251,Anika Dhar,anika dhar,INST-017,Undergraduate,1th Year,2004-07-24,G_S03251,ADDR_S03251
S03252,Rachana Buch,rachana buch,INST-014,Undergraduate,3th Year,2006-04-25,G_S03252,ADDR_S03252
S03253,Theodore Balay,theodore balay,INST-023,Undergraduate,2th Year,2007-12-22,G_S03253,ADDR_S03253
S03254,Isha Kothari,isha kothari,INST-026,Undergraduate,2th Year,2008-01-05,G_S03254,ADDR_S03254
S03255,Pahal Rastogi,pahal rastogi,INST-059,Undergraduate,2th Year,2004-05-03,G_S03255,ADDR_S03255
S03256,Advika Mittal,advika mittal,INST-041,Undergraduate,2th Year,2007-07-26,G_S03256,ADDR_S03256
S03257,Oscar Sarin,oscar sarin,INST-020,Undergraduate,3th Year,2006-03-24,G_S03257,ADDR_S03257
S03258,Liam Iyengar,liam iyengar,INST-042,Undergraduate,4th Year,2005-12-20,G_S03258,ADDR_S03258
S03259,Krishna Saha,krishna saha,INST-022,Undergraduate,1th Year,2006-10-18,G_S03259,ADDR_S03259
S03260,Charvi Mody,charvi mody,INST-049,Undergraduate,3th Year,2008-08-13,G_S03260,ADDR_S03260
S03261,Chameli Shenoy,chameli shenoy,INST-014,Undergraduate,2th Year,2007-12-28,G_S03261,ADDR_S03261
S03262,Keya Sarkar,keya sarkar,INST-041,Undergraduate,1th Year,2004-07-28,G_S03262,ADDR_S03262
S03263,Lakshit Vyas,lakshit vyas,INST-042,Undergraduate,2th Year,2006-07-15,G_S03263,ADDR_S03263
S03264,Dhriti Thakur,dhriti thakur,INST-027,Undergraduate,1th Year,2004-06-24,G_S03264,ADDR_S03264
S03265,Upadhriti Pandya,upadhriti pandya,INST-059,Undergraduate,2th Year,2008-12-08,G_S03265,ADDR_S03265
S03266,Unnati Salvi,unnati salvi,INST-058,Undergraduate,4th Year,2006-09-08,G_S03266,ADDR_S03266
S03267,Triya Bala,triya bala,INST-002,Undergraduate,3th Year,2004-11-10,G_S03267,ADDR_S03267
S03268,Oviya Chakrabarti,oviya chakrabarti,INST-002,Undergraduate,2th Year,2004-06-03,G_S03268,ADDR_S03268
S03269,Chasmum Kibe,chasmum kibe,INST-028,Undergraduate,1th Year,2003-09-13,G_S03269,ADDR_S03269
S03270,Joshua Memon,joshua memon,INST-005,Undergraduate,3th Year,2008-11-13,G_S03270,ADDR_S03270
S03271,Maya Dass,maya dass,INST-011,Undergraduate,3th Year,2003-05-20,G_S03271,ADDR_S03271
S03272,Abeer Shere,abeer shere,INST-051,Undergraduate,1th Year,2004-12-26,G_S03272,ADDR_S03272
S03273,Chatura Chad,chatura chad,INST-014,Undergraduate,4th Year,2006-03-06,G_S03273,ADDR_S03273
S03274,Anamika Chhabra,anamika chhabra,INST-020,Undergraduate,2th Year,2004-02-09,G_S03274,ADDR_S03274
S03275,Gunbir Mannan,gunbir mannan,INST-045,Undergraduate,2th Year,2004-06-03,G_S03275,ADDR_S03275
S03276,Garima Bhat,garima bhat,INST-030,Undergraduate,3th Year,2004-02-05,G_S03276,ADDR_S03276
S03277,YASTI BERA,yasti bera,INST-016,Undergraduate,2th Year,2003-12-17,G_S03277,ADDR_S03277
S03278,Zaitra Dhawan,zaitra dhawan,INST-047,Undergraduate,2th Year,2003-05-07,G_S03278,ADDR_S03278
S03279,Laban Kapoor,laban kapoor,INST-005,Undergraduate,2th Year,2008-02-26,G_S03279,ADDR_S03279
S03280,Charvi Mukhopadhyay,charvi mukhopadhyay,INST-030,Undergraduate,4th Year,2008-09-11,G_S03280,ADDR_S03280
S03281,Vedhika Iyer,vedhika iyer,INST-030,Undergraduate,1th Year,2004-07-27,G_S03281,ADDR_S03281
S03282,Ekalinga Acharya,ekalinga acharya,INST-017,Undergraduate,2th Year,2003-07-02,G_S03282,ADDR_S03282
S03283,Jai Venkatesh,jai venkatesh,INST-033,Undergraduate,3th Year,2008-01-22,G_S03283,ADDR_S03283
S03284,Yug Jayaraman,yug jayaraman,INST-007,Undergraduate,2th Year,2003-07-14,G_S03284,ADDR_S03284
S03285,Urvi Bakshi,urvi bakshi,INST-017,Undergraduate,1th Year,2006-07-08,G_S03285,ADDR_S03285
S03286,Mahika Bhakta,mahika bhakta,INST-055,Undergraduate,1th Year,2003-06-08,G_S03286,ADDR_S03286
S03287,Charita Ravel,charita ravel,INST-004,Undergraduate,1th Year,2003-02-25,G_S03287,ADDR_S03287
S03288,Qarin Keer,qarin keer,INST-015,Undergraduate,2th Year,2004-11-06,G_S03288,ADDR_S03288
S03289,Reva Dasgupta,reva dasgupta,INST-008,Undergraduate,3th Year,2006-11-10,G_S03289,ADDR_S03289
S03290,Madhav Bains,madhav bains,INST-033,Undergraduate,3th Year,2007-08-14,G_S03290,ADDR_S03290
S03291,Lucky Khosla,lucky khosla,INST-033,Undergraduate,1th Year,2008-10-12,G_S03291,ADDR_S03291
S03292,Yasti Iyer,yasti iyer,INST-031,Undergraduate,3th Year,2004-10-16,G_S03292,ADDR_S03292
S03293,Varsha Mann,varsha mann,INST-006,Undergraduate,3th Year,2005-10-28,G_S03293,ADDR_S03293
S03294,Harish Tailor,harish tailor,INST-025,Undergraduate,2th Year,2008-09-02,G_S03294,ADDR_S03294
S03295,Anvi Raman,anvi raman,INST-018,Undergraduate,4th Year,2007-12-12,G_S03295,ADDR_S03295
S03296,Hredhaan Shetty,hredhaan shetty,INST-018,Undergraduate,3th Year,2008-04-11,G_S03296,ADDR_S03296
S03297,Pavani Divan,pavani divan,INST-041,Undergraduate,2th Year,2005-04-23,G_S03297,ADDR_S03297
S03298,Bhanumati Shankar,bhanumati shankar,INST-010,Undergraduate,3th Year,2006-02-06,G_S03298,ADDR_S03298
S03299,Lopa Apte,lopa apte,INST-048,Undergraduate,3th Year,2006-09-11,G_S03299,ADDR_S03299
S03300,Bahadurjit Saxena,bahadurjit saxena,INST-002,Undergraduate,1th Year,2006-12-18,G_S03300,ADDR_S03300
S03301,Isha Dewan,isha dewan,INST-016,Undergraduate,1th Year,2006-02-12,G_S03301,ADDR_S03301
S03302,Tara Malhotra,tara malhotra,INST-026,Undergraduate,2th Year,2008-08-03,G_S03302,ADDR_S03302
S03303,Nathan Parmar,nathan parmar,INST-014,Undergraduate,2th Year,2003-02-09,G_S03303,ADDR_S03303
S03304,Ikshita Vohra,ikshita vohra,INST-058,Undergraduate,2th Year,2006-12-09,G_S03304,ADDR_S03304
S03305,Yochana Bhatnagar,yochana bhatnagar,INST-019,Undergraduate,4th Year,2006-03-11,G_S03305,ADDR_S03305
S03306,Max Pandey,max pandey,INST-054,Undergraduate,3th Year,2005-07-07,G_S03306,ADDR_S03306
S03307,Tripti Dey,tripti dey,INST-060,Undergraduate,1th Year,2004-07-27,G_S03307,ADDR_S03307
S03308,Chavvi Ramesh,chavvi ramesh,INST-006,Undergraduate,4th Year,2008-07-23,G_S03308,ADDR_S03308
S03309,Veda Puri,veda puri,INST-027,Undergraduate,2th Year,2004-06-08,G_S03309,ADDR_S03309
S03310,Pranit Tripathi,pranit tripathi,INST-025,Undergraduate,3th Year,2007-01-04,G_S03310,ADDR_S03310
S03311,Kai Naik,kai naik,INST-003,Undergraduate,2th Year,2006-11-14,G_S03311,ADDR_S03311
S03312,Netra Bir,netra bir,INST-007,Undergraduate,3th Year,2003-12-02,G_S03312,ADDR_S03312
S03313,Ayushman Dutt,ayushman dutt,INST-003,Undergraduate,1th Year,2006-01-10,G_S03313,ADDR_S03313
S03314,Gopal Cherian,gopal cherian,INST-042,Undergraduate,2th Year,2007-09-27,G_S03314,ADDR_S03314
S03315,Vamakshi Naik,vamakshi naik,INST-035,Undergraduate,1th Year,2004-05-05,G_S03315,ADDR_S03315
S03316,Warjas Cheema,warjas cheema,INST-048,Undergraduate,3th Year,2004-01-07,G_S03316,ADDR_S03316
S03317,Leena Salvi,leena salvi,INST-045,Undergraduate,1th Year,2004-09-13,G_S03317,ADDR_S03317
S03318,David Krishna,david krishna,INST-007,Undergraduate,4th Year,2003-04-05,G_S03318,ADDR_S03318
S03319,Baljiwan Bora,baljiwan bora,INST-053,Undergraduate,1th Year,2004-09-18,G_S03319,ADDR_S03319
S03320,Kavya Balan,kavya balan,INST-054,Undergraduate,3th Year,2005-03-16,G_S03320,ADDR_S03320
S03321,Ekani Chokshi,ekani chokshi,INST-031,Undergraduate,2th Year,2007-02-08,G_S03321,ADDR_S03321
S03322,Krishna Deol,krishna deol,INST-032,Undergraduate,1th Year,2008-07-04,G_S03322,ADDR_S03322
S03323,Rohan Krishnan,rohan krishnan,INST-042,Undergraduate,1th Year,2008-04-03,G_S03323,ADDR_S03323
S03324,Raksha Mangal,raksha mangal,INST-039,Undergraduate,2th Year,2006-02-14,G_S03324,ADDR_S03324
S03325,Saksham Edwin,saksham edwin,INST-021,Undergraduate,1th Year,2003-03-21,G_S03325,ADDR_S03325
S03326,Rehaan Chadha,rehaan chadha,INST-005,Undergraduate,3th Year,2007-09-12,G_S03326,ADDR_S03326
S03327,Gopal Jani,gopal jani,INST-039,Undergraduate,3th Year,2006-08-12,G_S03327,ADDR_S03327
S03328,Logan Ahluwalia,logan ahluwalia,INST-050,Undergraduate,2th Year,2004-08-21,G_S03328,ADDR_S03328
S03329,Nikita Bora,nikita bora,INST-026,Undergraduate,1th Year,2005-07-28,G_S03329,ADDR_S03329
S03330,Qasim Wable,qasim wable,INST-006,Undergraduate,3th Year,2003-04-01,G_S03330,ADDR_S03330
S03331,Ranveer Johal,ranveer johal,INST-027,Undergraduate,4th Year,2003-01-01,G_S03331,ADDR_S03331
S03332,Xiti Pandey,xiti pandey,INST-004,Undergraduate,1th Year,2006-03-18,G_S03332,ADDR_S03332
S03333,Lakshit Bhavsar,lakshit bhavsar,INST-013,Undergraduate,2th Year,2004-04-05,G_S03333,ADDR_S03333
S03334,Prisha Puri,prisha puri,INST-010,Undergraduate,3th Year,2006-06-28,G_S03334,ADDR_S03334
S03335,Farhan Datta,farhan datta,INST-039,Undergraduate,1th Year,2003-12-25,G_S03335,ADDR_S03335
S03336,Harrison Dalal,harrison dalal,INST-008,Undergraduate,1th Year,2008-02-08,G_S03336,ADDR_S03336
S03337,Vihaan Behl,vihaan behl,INST-050,Undergraduate,2th Year,2003-07-10,G_S03337,ADDR_S03337
S03338,Arin Kapur,arin kapur,INST-003,Undergraduate,4th Year,2007-04-01,G_S03338,ADDR_S03338
S03339,Zayan Ramakrishnan,zayan ramakrishnan,INST-002,Undergraduate,3th Year,2004-05-03,G_S03339,ADDR_S03339
S03340,Ekansh Dugar,ekansh dugar,INST-033,Undergraduate,3th Year,2005-08-18,G_S03340,ADDR_S03340
S03341,Falan Warrior,falan warrior,INST-041,Undergraduate,2th Year,2003-07-08,G_S03341,ADDR_S03341
S03342,Zarna Tella,zarna tella,INST-015,Undergraduate,1th Year,2008-03-04,G_S03342,ADDR_S03342
S03343,Mohini Bhandari,mohini bhandari,INST-058,Undergraduate,1th Year,2005-06-18,G_S03343,ADDR_S03343
S03344,Urishilla Lall,urishilla lall,INST-038,Undergraduate,1th Year,2007-05-06,G_S03344,ADDR_S03344
S03345,Bachittar Nigam,bachittar nigam,INST-028,Undergraduate,2th Year,2007-10-26,G_S03345,ADDR_S03345
S03346,Advika Iyer,advika iyer,INST-047,Undergraduate,3th Year,2006-08-08,G_S03346,ADDR_S03346
S03347,Daniel Dewan,daniel dewan,INST-058,Undergraduate,4th Year,2003-04-14,G_S03347,ADDR_S03347
S03348,Forum Bhatia,forum bhatia,INST-015,Undergraduate,3th Year,2004-08-24,G_S03348,ADDR_S03348
S03349,Wakeeta Bora,wakeeta bora,INST-020,Undergraduate,3th Year,2003-09-10,G_S03349,ADDR_S03349
S03350,Hiral Bobal,hiral bobal,INST-058,Undergraduate,2th Year,2005-09-01,G_S03350,ADDR_S03350
S03351,Faris Srinivas,faris srinivas,INST-046,Undergraduate,2th Year,2006-10-04,G_S03351,ADDR_S03351
S03352,Anika Barman,anika barman,INST-019,Undergraduate,4th Year,2004-08-19,G_S03352,ADDR_S03352
S03353,Balendra Taneja,balendra taneja,INST-011,Undergraduate,2th Year,2004-11-05,G_S03353,ADDR_S03353
S03354,Inaya Sankar,inaya sankar,INST-060,Undergraduate,1th Year,2005-11-18,G_S03354,ADDR_S03354
S03355,Chavvi Kari,chavvi kari,INST-018,Undergraduate,4th Year,2004-12-20,G_S03355,ADDR_S03355
S03356,Christopher Bal,christopher bal,INST-019,Undergraduate,2th Year,2004-01-10,G_S03356,ADDR_S03356
S03357,Ladli Badami,ladli badami,INST-050,Undergraduate,2th Year,2006-07-20,G_S03357,ADDR_S03357
S03358,Charles Ram,charles ram,INST-009,Undergraduate,1th Year,2004-02-27,G_S03358,ADDR_S03358
S03359,Jeremiah Sani,jeremiah sani,INST-020,Undergraduate,2th Year,2004-01-14,G_S03359,ADDR_S03359
S03360,Lakshit D’Alia,lakshit d’alia,INST-016,Undergraduate,3th Year,2007-04-16,G_S03360,ADDR_S03360
S03361,Jacob Pillai,jacob pillai,INST-001,Undergraduate,3th Year,2006-02-13,G_S03361,ADDR_S03361
S03362,Rishi Oza,rishi oza,INST-046,Undergraduate,4th Year,2003-09-24,G_S03362,ADDR_S03362
S03363,DALBIR KHANNA,dalbir khanna,INST-040,Undergraduate,3th Year,2008-04-05,G_S03363,ADDR_S03363
S03364,George Anne,george anne,INST-030,Undergraduate,1th Year,2005-06-13,G_S03364,ADDR_S03364
S03365,Nitara Yadav,nitara yadav,INST-029,Undergraduate,3th Year,2004-11-20,G_S03365,ADDR_S03365
S03366,Alexander Krish,alexander krish,INST-028,Undergraduate,4th Year,2005-01-12,G_S03366,ADDR_S03366
S03367,Faraj Bhandari,faraj bhandari,INST-002,Undergraduate,3th Year,2006-09-02,G_S03367,ADDR_S03367
S03368,Reva Gole,reva gole,INST-016,Undergraduate,1th Year,2006-08-21,G_S03368,ADDR_S03368
S03369,Caleb Murthy,caleb murthy,INST-053,Undergraduate,2th Year,2004-04-22,G_S03369,ADDR_S03369
S03370,Yash Master,yash master,INST-010,Undergraduate,4th Year,2008-09-24,G_S03370,ADDR_S03370
S03371,Mitali Srinivas,mitali srinivas,INST-059,Undergraduate,3th Year,2004-01-02,G_S03371,ADDR_S03371
S03372,Faraj Bose,faraj bose,INST-050,Undergraduate,2th Year,2004-12-23,G_S03372,ADDR_S03372
S03373,Samesh Talwar,samesh talwar,INST-023,Undergraduate,4th Year,2007-04-05,G_S03373,ADDR_S03373
S03374,Thomas Sawhney,thomas sawhney,INST-007,Undergraduate,2th Year,2008-08-14,G_S03374,ADDR_S03374
S03375,Jeevika Master,jeevika master,INST-022,Undergraduate,1th Year,2005-11-28,G_S03375,ADDR_S03375
S03376,Amara Nagar,amara nagar,INST-028,Undergraduate,2th Year,2006-08-28,G_S03376,ADDR_S03376
S03377,Chatura Pal,chatura pal,INST-010,Undergraduate,2th Year,2004-08-27,G_S03377,ADDR_S03377
S03378,Vedika Mammen,vedika mammen,INST-025,Undergraduate,4th Year,2005-09-15,G_S03378,ADDR_S03378
S03379,Samar Devan,samar devan,INST-018,Undergraduate,1th Year,2005-07-21,G_S03379,ADDR_S03379
S03380,Dalaja Kade,dalaja kade,INST-038,Undergraduate,4th Year,2005-07-18,G_S03380,ADDR_S03380
S03381,Kashish Dhar,kashish dhar,INST-004,Undergraduate,4th Year,2004-10-08,G_S03381,ADDR_S03381
S03382,Wahab Sarraf,wahab sarraf,INST-038,Undergraduate,3th Year,2004-02-05,G_S03382,ADDR_S03382
S03383,Ishaan Bail,ishaan bail,INST-051,Undergraduate,2th Year,2005-08-15,G_S03383,ADDR_S03383
S03384,Bahadurjit Madan,bahadurjit madan,INST-032,Undergraduate,2th Year,2005-02-28,G_S03384,ADDR_S03384
S03385,Leena Mital,leena mital,INST-014,Undergraduate,3th Year,2006-09-22,G_S03385,ADDR_S03385
S03386,Darpan Mallick,darpan mallick,INST-047,Undergraduate,1th Year,2007-12-23,G_S03386,ADDR_S03386
S03387,Warhi Bahl,warhi bahl,INST-026,Undergraduate,4th Year,2004-07-21,G_S03387,ADDR_S03387
S03388,Leena Sawhney,leena sawhney,INST-001,Undergraduate,2th Year,2004-01-27,G_S03388,ADDR_S03388
S03389,Udarsh Jha,udarsh jha,INST-018,Undergraduate,2th Year,2004-04-14,G_S03389,ADDR_S03389
S03390,Qarin  Sankar,qarin sankar,INST-011,Undergraduate,4th Year,2006-12-24,G_S03390,ADDR_S03390
S03391,Dalaja Balay,dalaja balay,INST-055,Undergraduate,4th Year,2007-03-01,G_S03391,ADDR_S03391
S03392,Atharv Nayar,atharv nayar,INST-046,Undergraduate,2th Year,2004-05-20,G_S03392,ADDR_S03392
S03393,Tarak Bala,tarak bala,INST-053,Undergraduate,4th Year,2003-08-12,G_S03393,ADDR_S03393
S03394,Radha Sane,radha sane,INST-014,Undergraduate,1th Year,2005-05-21,G_S03394,ADDR_S03394
S03395,Ikbal Rama,ikbal rama,INST-016,Undergraduate,3th Year,2003-11-07,G_S03395,ADDR_S03395
S03396,Ubika Samra,ubika samra,INST-007,Undergraduate,2th Year,2006-05-15,G_S03396,ADDR_S03396
S03397,Nicholas Raj,nicholas raj,INST-003,Undergraduate,3th Year,2006-05-15,G_S03397,ADDR_S03397
S03398,Wazir Deo,wazir deo,INST-003,Undergraduate,1th Year,2004-08-26,G_S03398,ADDR_S03398
S03399,Avni Mahal,avni mahal,INST-042,Undergraduate,1th Year,2005-09-13,G_S03399,ADDR_S03399
S03400,Zaid Merchant,zaid merchant,INST-037,Undergraduate,4th Year,2006-06-19,G_S03400,ADDR_S03400
S03401,Megha Barad,megha barad,INST-011,Undergraduate,3th Year,2003-06-18,G_S03401,ADDR_S03401
S03402,Janaki Luthra,janaki luthra,INST-042,Undergraduate,3th Year,2006-06-15,G_S03402,ADDR_S03402
S03403,Advik Dash,advik dash,INST-024,Undergraduate,2th Year,2005-03-13,G_S03403,ADDR_S03403
S03404,Ekani Lalla,ekani lalla,INST-050,Undergraduate,1th Year,2003-11-11,G_S03404,ADDR_S03404
S03405,Sachi Shere,sachi shere,INST-032,Undergraduate,2th Year,2003-03-26,G_S03405,ADDR_S03405
S03406,Ria Andra,ria andra,INST-053,Undergraduate,4th Year,2006-07-19,G_S03406,ADDR_S03406
S03407,Balhaar Parmer,balhaar parmer,INST-041,Undergraduate,3th Year,2004-09-12,G_S03407,ADDR_S03407
S03408,Tejas Rege,tejas rege,INST-001,Undergraduate,2th Year,2003-09-19,G_S03408,ADDR_S03408
S03409,Fariq Malhotra,fariq malhotra,INST-054,Undergraduate,2th Year,2006-08-16,G_S03409,ADDR_S03409
S03410,Devansh Sastry,devansh sastry,INST-033,Undergraduate,3th Year,2004-12-24,G_S03410,ADDR_S03410
S03411,Aarna Majumdar,aarna majumdar,INST-050,Undergraduate,2th Year,2003-01-27,G_S03411,ADDR_S03411
S03412,Warda Datta,warda datta,INST-044,Undergraduate,2th Year,2008-01-12,G_S03412,ADDR_S03412
S03413,Owen Din,owen din,INST-007,Undergraduate,1th Year,2008-10-19,G_S03413,ADDR_S03413
S03414,Viraj Contractor,viraj contractor,INST-046,Undergraduate,3th Year,2006-07-25,G_S03414,ADDR_S03414
S03415,Qarin Toor,qarin toor,INST-040,Undergraduate,3th Year,2003-01-20,G_S03415,ADDR_S03415
S03416,Edhitha Barman,edhitha barman,INST-053,Undergraduate,4th Year,2008-12-12,G_S03416,ADDR_S03416
S03417,Darsh Lad,darsh lad,INST-012,Undergraduate,3th Year,2004-10-23,G_S03417,ADDR_S03417
S03418,Amol Pandit,amol pandit,INST-019,Undergraduate,2th Year,2006-01-25,G_S03418,ADDR_S03418
S03419,Wahab Palla,wahab palla,INST-038,Undergraduate,1th Year,2003-02-13,G_S03419,ADDR_S03419
S03420,Faras Tripathi,faras tripathi,INST-003,Undergraduate,3th Year,2007-10-23,G_S03420,ADDR_S03420
S03421,Isaiah Vaidya,isaiah vaidya,INST-039,Undergraduate,2th Year,2005-05-17,G_S03421,ADDR_S03421
S03422,Warjas Jani,warjas jani,INST-006,Undergraduate,1th Year,2005-10-13,G_S03422,ADDR_S03422
S03423,Kamya Sagar,kamya sagar,INST-025,Undergraduate,4th Year,2005-11-27,G_S03423,ADDR_S03423
S03424,Pooja Mandal,pooja mandal,INST-006,Undergraduate,2th Year,2008-07-14,G_S03424,ADDR_S03424
S03425,Aryan Narain,aryan narain,INST-026,Undergraduate,2th Year,2008-08-22,G_S03425,ADDR_S03425
S03426,Gautami Reddy,gautami reddy,INST-003,Undergraduate,4th Year,2008-01-03,G_S03426,ADDR_S03426
S03427,Upma Menon,upma menon,INST-038,Undergraduate,2th Year,2006-02-13,G_S03427,ADDR_S03427
S03428,Naveen Pillay,naveen pillay,INST-021,Undergraduate,2th Year,2006-10-23,G_S03428,ADDR_S03428
S03429,Bina Doctor,bina doctor,INST-004,Undergraduate,2th Year,2003-09-15,G_S03429,ADDR_S03429
S03430,Hitesh Kakar,hitesh kakar,INST-020,Undergraduate,2th Year,2007-11-08,G_S03430,ADDR_S03430
S03431,Yasti Trivedi,yasti trivedi,INST-057,Undergraduate,2th Year,2003-05-23,G_S03431,ADDR_S03431
S03432,Tanveer Radhakrishnan,tanveer radhakrishnan,INST-016,Undergraduate,2th Year,2007-11-01,G_S03432,ADDR_S03432
S03433,Mason Raj,mason raj,INST-044,Undergraduate,3th Year,2006-12-09,G_S03433,ADDR_S03433
S03434,Faras Kapur,faras kapur,INST-059,Undergraduate,1th Year,2003-06-22,G_S03434,ADDR_S03434
S03435,Jairaj  Wable,jairaj wable,INST-032,Undergraduate,2th Year,2003-09-19,G_S03435,ADDR_S03435
S03436,Urmi Vohra,urmi vohra,INST-039,Undergraduate,4th Year,2008-06-21,G_S03436,ADDR_S03436
S03437,Edhitha Luthra,edhitha luthra,INST-028,Undergraduate,4th Year,2006-03-22,G_S03437,ADDR_S03437
S03438,Chaaya Kohli,chaaya kohli,INST-016,Undergraduate,3th Year,2003-02-24,G_S03438,ADDR_S03438
S03439,Xavier Pathak,xavier pathak,INST-026,Undergraduate,4th Year,2006-09-27,G_S03439,ADDR_S03439
S03440,Tamanna Murty,tamanna murty,INST-045,Undergraduate,4th Year,2003-07-27,G_S03440,ADDR_S03440
S03441,Wridesh Saxena,wridesh saxena,INST-042,Undergraduate,1th Year,2006-05-19,G_S03441,ADDR_S03441
S03442,Janaki Buch,janaki buch,INST-007,Undergraduate,3th Year,2007-08-16,G_S03442,ADDR_S03442
S03443,Yashasvi Bose,yashasvi bose,INST-039,Undergraduate,2th Year,2007-06-24,G_S03443,ADDR_S03443
S03444,VEDA KARPE,veda karpe,INST-046,Undergraduate,4th Year,2003-07-11,G_S03444,ADDR_S03444
S03445,Omya Karpe,omya karpe,INST-053,Undergraduate,4th Year,2005-02-18,G_S03445,ADDR_S03445
S03446,Yash Reddy,yash reddy,INST-054,Undergraduate,4th Year,2003-01-28,G_S03446,ADDR_S03446
S03447,Abha  Mangat,abha mangat,INST-017,Undergraduate,4th Year,2007-08-12,G_S03447,ADDR_S03447
S03448,Dipta Dalal,dipta dalal,INST-042,Undergraduate,2th Year,2007-04-01,G_S03448,ADDR_S03448
S03449,Nilima Sama,nilima sama,INST-001,Undergraduate,1th Year,2006-05-06,G_S03449,ADDR_S03449
S03450,Warda Hora,warda hora,INST-012,Undergraduate,2th Year,2006-10-07,G_S03450,ADDR_S03450
S03451,Sudiksha Aurora,sudiksha aurora,INST-057,Undergraduate,2th Year,2003-03-26,G_S03451,ADDR_S03451
S03452,Jai Sahota,jai sahota,INST-028,Undergraduate,4th Year,2005-04-16,G_S03452,ADDR_S03452
S03453,Upma Chaudhuri,upma chaudhuri,INST-021,Undergraduate,3th Year,2005-07-22,G_S03453,ADDR_S03453
S03454,Bahadurjit Sankar,bahadurjit sankar,INST-059,Undergraduate,1th Year,2008-07-18,G_S03454,ADDR_S03454
S03455,Ojas Bora,ojas bora,INST-017,Undergraduate,3th Year,2006-11-14,G_S03455,ADDR_S03455
S03456,Yutika Wagle,yutika wagle,INST-027,Undergraduate,2th Year,2008-12-28,G_S03456,ADDR_S03456
S03457,Pahal Pandya,pahal pandya,INST-036,Undergraduate,4th Year,2008-03-28,G_S03457,ADDR_S03457
S03458,Neelima Khurana,neelima khurana,INST-026,Undergraduate,3th Year,2004-03-01,G_S03458,ADDR_S03458
S03459,Jagat Nayar,jagat nayar,INST-031,Undergraduate,2th Year,2004-11-14,G_S03459,ADDR_S03459
S03460,Hritik Bath,hritik bath,INST-047,Undergraduate,3th Year,2007-01-12,G_S03460,ADDR_S03460
S03461,Isha Sen,isha sen,INST-024,Undergraduate,4th Year,2004-12-27,G_S03461,ADDR_S03461
S03462,Shivani Sarin,shivani sarin,INST-012,Undergraduate,2th Year,2007-01-23,G_S03462,ADDR_S03462
S03463,Vansha Desai,vansha desai,INST-032,Undergraduate,3th Year,2008-11-22,G_S03463,ADDR_S03463
S03464,Yashodhara Chacko,yashodhara chacko,INST-009,Undergraduate,3th Year,2003-06-02,G_S03464,ADDR_S03464
S03465,Abhimanyu Pingle,abhimanyu pingle,INST-022,Undergraduate,3th Year,2004-06-08,G_S03465,ADDR_S03465
S03466,Ladli Nagi,ladli nagi,INST-050,Undergraduate,2th Year,2006-10-28,G_S03466,ADDR_S03466
S03467,Patrick Trivedi,patrick trivedi,INST-047,Undergraduate,1th Year,2005-03-13,G_S03467,ADDR_S03467
S03468,Gunbir Kata,gunbir kata,INST-010,Undergraduate,4th Year,2004-11-12,G_S03468,ADDR_S03468
S03469,Wakeeta Om,wakeeta om,INST-015,Undergraduate,3th Year,2005-06-03,G_S03469,ADDR_S03469
S03470,Zarna Vohra,zarna vohra,INST-053,Undergraduate,2th Year,2005-02-03,G_S03470,ADDR_S03470
S03471,Bhavika Naidu,bhavika naidu,INST-021,Undergraduate,4th Year,2004-08-06,G_S03471,ADDR_S03471
S03472,Eiravati Gokhale,eiravati gokhale,INST-016,Undergraduate,4th Year,2003-03-28,G_S03472,ADDR_S03472
S03473,Benjamin Kade,benjamin kade,INST-028,Undergraduate,2th Year,2006-01-17,G_S03473,ADDR_S03473
S03474,Zilmil Mall,zilmil mall,INST-051,Undergraduate,2th Year,2003-10-20,G_S03474,ADDR_S03474
S03475,Hardik Palan,hardik palan,INST-054,Undergraduate,3th Year,2003-07-24,G_S03475,ADDR_S03475
S03476,Noah Dani,noah dani,INST-046,Undergraduate,2th Year,2004-11-23,G_S03476,ADDR_S03476
S03477,Anusha Sur,anusha sur,INST-052,Undergraduate,3th Year,2004-09-18,G_S03477,ADDR_S03477
S03478,Udarsh Gara,udarsh gara,INST-055,Undergraduate,3th Year,2008-03-02,G_S03478,ADDR_S03478
S03479,Aashi Cherian,aashi cherian,INST-024,Undergraduate,2th Year,2003-04-09,G_S03479,ADDR_S03479
S03480,Arya Dhaliwal,arya dhaliwal,INST-029,Undergraduate,2th Year,2007-10-03,G_S03480,ADDR_S03480
S03481,Samuel Trivedi,samuel trivedi,INST-048,Undergraduate,2th Year,2008-05-08,G_S03481,ADDR_S03481
S03482,Ayaan Baral,ayaan baral,INST-006,Undergraduate,2th Year,2008-10-16,G_S03482,ADDR_S03482
S03483,Abeer Suresh,abeer suresh,INST-027,Undergraduate,4th Year,2007-03-13,G_S03483,ADDR_S03483
S03484,Kala Jani,kala jani,INST-011,Undergraduate,4th Year,2004-11-20,G_S03484,ADDR_S03484
S03485,Pooja Saxena,pooja saxena,INST-053,Undergraduate,2th Year,2006-10-03,G_S03485,ADDR_S03485
S03486,Sudiksha Merchant,sudiksha merchant,INST-030,Undergraduate,4th Year,2003-01-12,G_S03486,ADDR_S03486
S03487,Jagdish Saxena,jagdish saxena,INST-032,Undergraduate,1th Year,2005-04-02,G_S03487,ADDR_S03487
S03488,Wakeeta Lall,wakeeta lall,INST-052,Undergraduate,2th Year,2008-07-24,G_S03488,ADDR_S03488
S03489,Laksh Mallick,laksh mallick,INST-003,Undergraduate,1th Year,2004-10-11,G_S03489,ADDR_S03489
S03490,Irya Brar,irya brar,INST-004,Undergraduate,1th Year,2005-01-20,G_S03490,ADDR_S03490
S03491,Falan Narain,falan narain,INST-045,Undergraduate,2th Year,2004-07-18,G_S03491,ADDR_S03491
S03492,Yashica Nayak,yashica nayak,INST-016,Undergraduate,2th Year,2006-03-03,G_S03492,ADDR_S03492
S03493,Sudiksha Varghese,sudiksha varghese,INST-018,Undergraduate,2th Year,2003-02-08,G_S03493,ADDR_S03493
S03494,Divya Barad,divya barad,INST-016,Undergraduate,2th Year,2008-12-03,G_S03494,ADDR_S03494
S03495,Harish Verma,harish verma,INST-050,Undergraduate,1th Year,2008-12-16,G_S03495,ADDR_S03495
S03496,Ranveer Banik,ranveer banik,INST-033,Undergraduate,3th Year,2008-08-14,G_S03496,ADDR_S03496
S03497,Yatan Devan,yatan devan,INST-023,Undergraduate,1th Year,2006-01-15,G_S03497,ADDR_S03497
S03498,Thomas Hayre,thomas hayre,INST-024,Undergraduate,3th Year,2003-03-07,G_S03498,ADDR_S03498
S03499,Upma Doshi,upma doshi,INST-049,Undergraduate,3th Year,2008-05-12,G_S03499,ADDR_S03499
S03500,Rachit Taneja,rachit taneja,INST-010,Undergraduate,3th Year,2005-07-27,G_S03500,ADDR_S03500
S03501,Karan Issac,karan issac,INST-006,Undergraduate,1th Year,2008-11-17,G_S03501,ADDR_S03501
S03502,Zaitra Kala,zaitra kala,INST-016,Undergraduate,4th Year,2003-03-24,G_S03502,ADDR_S03502
S03503,Radha Bhavsar,radha bhavsar,INST-002,Undergraduate,2th Year,2007-09-16,G_S03503,ADDR_S03503
S03504,Sathvik Gokhale,sathvik gokhale,INST-009,Undergraduate,3th Year,2008-07-03,G_S03504,ADDR_S03504
S03505,Omya Lall,omya lall,INST-012,Undergraduate,3th Year,2008-02-03,G_S03505,ADDR_S03505
S03506,Wahab Palla,wahab palla,INST-012,Undergraduate,2th Year,2005-09-08,G_S03506,ADDR_S03506
S03507,Pranit Mital,pranit mital,INST-014,Undergraduate,4th Year,2005-07-18,G_S03507,ADDR_S03507
S03508,Brinda Sundaram,brinda sundaram,INST-060,Undergraduate,4th Year,2007-09-25,G_S03508,ADDR_S03508
S03509,Manya Parikh,manya parikh,INST-015,Undergraduate,4th Year,2008-04-23,G_S03509,ADDR_S03509
S03510,Chakrika Char,chakrika char,INST-010,Undergraduate,2th Year,2006-01-13,G_S03510,ADDR_S03510
S03511,Isaiah Mani,isaiah mani,INST-059,Undergraduate,2th Year,2007-02-03,G_S03511,ADDR_S03511
S03512,Sanya Nanda,sanya nanda,INST-011,Undergraduate,1th Year,2007-04-01,G_S03512,ADDR_S03512
S03513,Pavani D’Alia,pavani d’alia,INST-038,Undergraduate,3th Year,2008-08-17,G_S03513,ADDR_S03513
S03514,Ucchal Nagar,ucchal nagar,INST-031,Undergraduate,4th Year,2007-10-02,G_S03514,ADDR_S03514
S03515,Idika Rao,idika rao,INST-008,Undergraduate,3th Year,2006-06-17,G_S03515,ADDR_S03515
S03516,Veda Suresh,veda suresh,INST-058,Undergraduate,1th Year,2006-04-21,G_S03516,ADDR_S03516
S03517,Wahab Balakrishnan,wahab balakrishnan,INST-027,Undergraduate,3th Year,2005-08-27,G_S03517,ADDR_S03517
S03518,Amrita Tripathi,amrita tripathi,INST-020,Undergraduate,2th Year,2006-09-17,G_S03518,ADDR_S03518
S03519,Nilima Bhat,nilima bhat,INST-045,Undergraduate,4th Year,2007-03-23,G_S03519,ADDR_S03519
S03520,Advika Nadkarni,advika nadkarni,INST-001,Undergraduate,4th Year,2006-06-07,G_S03520,ADDR_S03520
S03521,Mahika Sathe,mahika sathe,INST-052,Undergraduate,2th Year,2003-08-20,G_S03521,ADDR_S03521
S03522,Mohini Lad,mohini lad,INST-049,Undergraduate,1th Year,2004-08-22,G_S03522,ADDR_S03522
S03523,Amrita Sunder,amrita sunder,INST-050,Undergraduate,2th Year,2008-10-19,G_S03523,ADDR_S03523
S03524,Harinakshi Bath,harinakshi bath,INST-018,Undergraduate,2th Year,2004-06-25,G_S03524,ADDR_S03524
S03525,Sara Rout,sara rout,INST-005,Undergraduate,1th Year,2008-12-27,G_S03525,ADDR_S03525
S03526,Ojas Wason,ojas wason,INST-058,Undergraduate,2th Year,2008-04-13,G_S03526,ADDR_S03526
S03527,Imaran Narayan,imaran narayan,INST-037,Undergraduate,2th Year,2008-09-09,G_S03527,ADDR_S03527
S03528,Anmol Bail,anmol bail,INST-014,Undergraduate,2th Year,2003-08-20,G_S03528,ADDR_S03528
S03529,Gautam Nath,gautam nath,INST-040,Undergraduate,3th Year,2005-10-18,G_S03529,ADDR_S03529
S03530,Dev Bawa,dev bawa,INST-003,Undergraduate,2th Year,2008-02-15,G_S03530,ADDR_S03530
S03531,Janaki Wason,janaki wason,INST-049,Undergraduate,2th Year,2004-10-16,G_S03531,ADDR_S03531
S03532,Naksh  Wason,naksh wason,INST-008,Undergraduate,2th Year,2008-05-01,G_S03532,ADDR_S03532
S03533,Veer Mannan,veer mannan,INST-011,Undergraduate,2th Year,2003-07-22,G_S03533,ADDR_S03533
S03534,Kashvi Narula,kashvi narula,INST-020,Undergraduate,1th Year,2008-05-10,G_S03534,ADDR_S03534
S03535,Tanveer Kothari,tanveer kothari,INST-036,Undergraduate,2th Year,2008-05-08,G_S03535,ADDR_S03535
S03536,Balendra Bahri,balendra bahri,INST-020,Undergraduate,3th Year,2008-02-04,G_S03536,ADDR_S03536
S03537,Yachana Rao,yachana rao,INST-022,Undergraduate,3th Year,2003-05-16,G_S03537,ADDR_S03537
S03538,Brijesh Dugar,brijesh dugar,INST-005,Undergraduate,1th Year,2005-05-27,G_S03538,ADDR_S03538
S03539,Charvi Bajwa,charvi bajwa,INST-006,Undergraduate,4th Year,2003-11-27,G_S03539,ADDR_S03539
S03540,Yug Bandi,yug bandi,INST-021,Undergraduate,3th Year,2004-12-19,G_S03540,ADDR_S03540
S03541,Jatin Purohit,jatin purohit,INST-012,Undergraduate,4th Year,2007-03-25,G_S03541,ADDR_S03541
S03542,Karan Madan,karan madan,INST-035,Undergraduate,3th Year,2003-02-21,G_S03542,ADDR_S03542
S03543,Faraj Borah,faraj borah,INST-051,Undergraduate,2th Year,2005-01-13,G_S03543,ADDR_S03543
S03544,Anmol Aurora,anmol aurora,INST-018,Undergraduate,2th Year,2005-11-17,G_S03544,ADDR_S03544
S03545,Girish Raman,girish raman,INST-031,Undergraduate,4th Year,2006-10-09,G_S03545,ADDR_S03545
S03546,Devika Naik,devika naik,INST-052,Undergraduate,3th Year,2004-05-08,G_S03546,ADDR_S03546
S03547,Yauvani Bajaj,yauvani bajaj,INST-040,Undergraduate,3th Year,2004-06-27,G_S03547,ADDR_S03547
S03548,Anusha Shanker,anusha shanker,INST-049,Undergraduate,3th Year,2007-05-16,G_S03548,ADDR_S03548
S03549,Harish Lalla,harish lalla,INST-052,Undergraduate,2th Year,2005-10-04,G_S03549,ADDR_S03549
S03550,Krisha Manne,krisha manne,INST-017,Undergraduate,2th Year,2003-01-25,G_S03550,ADDR_S03550
S03551,Girik Kapadia,girik kapadia,INST-036,Undergraduate,3th Year,2008-12-20,G_S03551,ADDR_S03551
S03552,Arya Subramanian,arya subramanian,INST-028,Undergraduate,3th Year,2006-01-14,G_S03552,ADDR_S03552
S03553,Yashawini Konda,yashawini konda,INST-055,Undergraduate,1th Year,2003-05-20,G_S03553,ADDR_S03553
S03554,Anay  Taneja,anay taneja,INST-052,Undergraduate,4th Year,2003-06-13,G_S03554,ADDR_S03554
S03555,Kashish Chokshi,kashish chokshi,INST-021,Undergraduate,4th Year,2003-11-04,G_S03555,ADDR_S03555
S03556,Udarsh Bakshi,udarsh bakshi,INST-057,Undergraduate,3th Year,2008-04-12,G_S03556,ADDR_S03556
S03557,Vincent Sekhon,vincent sekhon,INST-057,Undergraduate,3th Year,2006-07-28,G_S03557,ADDR_S03557
S03558,Vansha Chopra,vansha chopra,INST-020,Undergraduate,3th Year,2004-09-14,G_S03558,ADDR_S03558
S03559,Gaurangi Dhawan,gaurangi dhawan,INST-058,Undergraduate,2th Year,2005-01-28,G_S03559,ADDR_S03559
S03560,Girish Gara,girish gara,INST-046,Undergraduate,2th Year,2006-05-17,G_S03560,ADDR_S03560
S03561,Vrishti Krish,vrishti krish,INST-016,Undergraduate,4th Year,2007-01-22,G_S03561,ADDR_S03561
S03562,Lohit Rau,lohit rau,INST-015,Undergraduate,1th Year,2003-02-28,G_S03562,ADDR_S03562
S03563,Viraj Bhargava,viraj bhargava,INST-039,Undergraduate,2th Year,2003-05-21,G_S03563,ADDR_S03563
S03564,Zayyan Sabharwal,zayyan sabharwal,INST-058,Undergraduate,3th Year,2007-07-25,G_S03564,ADDR_S03564
S03565,Geetika Dora,geetika dora,INST-027,Undergraduate,2th Year,2005-05-22,G_S03565,ADDR_S03565
S03566,Ekanta Ray,ekanta ray,INST-050,Undergraduate,2th Year,2004-02-18,G_S03566,ADDR_S03566
S03567,Amrita Kadakia,amrita kadakia,INST-029,Undergraduate,1th Year,2006-04-27,G_S03567,ADDR_S03567
S03568,Xalak Munshi,xalak munshi,INST-023,Undergraduate,4th Year,2004-11-14,G_S03568,ADDR_S03568
S03569,Ekanta Shenoy,ekanta shenoy,INST-029,Undergraduate,4th Year,2006-05-26,G_S03569,ADDR_S03569
S03570,Yoshita Bumb,yoshita bumb,INST-042,Undergraduate,3th Year,2004-10-12,G_S03570,ADDR_S03570
S03571,Pavani Brahmbhatt,pavani brahmbhatt,INST-057,Undergraduate,4th Year,2006-07-18,G_S03571,ADDR_S03571
S03572,Joshua Arya,joshua arya,INST-010,Undergraduate,4th Year,2006-06-03,G_S03572,ADDR_S03572
S03573,Zinal Dara,zinal dara,INST-006,Undergraduate,2th Year,2003-10-19,G_S03573,ADDR_S03573
S03574,Rudra Sarma,rudra sarma,INST-018,Undergraduate,4th Year,2005-07-12,G_S03574,ADDR_S03574
S03575,Balvan Samra,balvan samra,INST-047,Undergraduate,3th Year,2008-11-14,G_S03575,ADDR_S03575
S03576,Onkar Vohra,onkar vohra,INST-059,Undergraduate,2th Year,2006-07-02,G_S03576,ADDR_S03576
S03577,Logan Sahota,logan sahota,INST-002,Undergraduate,2th Year,2005-10-25,G_S03577,ADDR_S03577
S03578,Aditya Minhas,aditya minhas,INST-039,Undergraduate,4th Year,2005-02-03,G_S03578,ADDR_S03578
S03579,Radhika Menon,radhika menon,INST-048,Undergraduate,1th Year,2005-12-10,G_S03579,ADDR_S03579
S03580,Ekantika Prabhu,ekantika prabhu,INST-033,Undergraduate,4th Year,2008-01-09,G_S03580,ADDR_S03580
S03581,Lohit Mannan,lohit mannan,INST-042,Undergraduate,1th Year,2008-06-23,G_S03581,ADDR_S03581
S03582,Kamya Venkataraman,kamya venkataraman,INST-039,Undergraduate,1th Year,2007-11-20,G_S03582,ADDR_S03582
S03583,Urmi Shere,urmi shere,INST-045,Undergraduate,2th Year,2006-07-10,G_S03583,ADDR_S03583
S03584,Ganga Deshmukh,ganga deshmukh,INST-044,Undergraduate,4th Year,2004-03-03,G_S03584,ADDR_S03584
S03585,Urvi Anne,urvi anne,INST-057,Undergraduate,4th Year,2005-08-28,G_S03585,ADDR_S03585
S03586,Omaja Gola,omaja gola,INST-047,Undergraduate,2th Year,2005-08-10,G_S03586,ADDR_S03586
S03587,UPMA BHAVSAR,upma bhavsar,INST-017,Undergraduate,2th Year,2008-04-26,G_S03587,ADDR_S03587
S03588,Devika Guha,devika guha,INST-006,Undergraduate,4th Year,2006-05-28,G_S03588,ADDR_S03588
S03589,Girindra Yogi,girindra yogi,INST-014,Undergraduate,2th Year,2003-03-12,G_S03589,ADDR_S03589
S03590,Ganga Chandra,ganga chandra,INST-027,Undergraduate,1th Year,2005-04-20,G_S03590,ADDR_S03590
S03591,Upadhriti Dugar,upadhriti dugar,INST-045,Undergraduate,1th Year,2007-09-10,G_S03591,ADDR_S03591
S03592,Inaya Kara,inaya kara,INST-052,Undergraduate,1th Year,2006-08-12,G_S03592,ADDR_S03592
S03593,Akshay Hans,akshay hans,INST-055,Undergraduate,1th Year,2007-12-25,G_S03593,ADDR_S03593
S03594,Bhavani Sandhu,bhavani sandhu,INST-005,Undergraduate,2th Year,2005-03-23,G_S03594,ADDR_S03594
S03595,Jhalak Rau,jhalak rau,INST-007,Undergraduate,2th Year,2003-10-24,G_S03595,ADDR_S03595
S03596,Samaksh Brahmbhatt,samaksh brahmbhatt,INST-021,Undergraduate,2th Year,2005-02-03,G_S03596,ADDR_S03596
S03597,Harshil Kalita,harshil kalita,INST-006,Undergraduate,1th Year,2003-06-08,G_S03597,ADDR_S03597
S03598,Pranav Lall,pranav lall,INST-019,Undergraduate,4th Year,2007-02-22,G_S03598,ADDR_S03598
S03599,Jonathan Vig,jonathan vig,INST-036,Undergraduate,4th Year,2008-12-14,G_S03599,ADDR_S03599
S03600,Ganga Malhotra,ganga malhotra,INST-020,Undergraduate,2th Year,2007-10-04,G_S03600,ADDR_S03600
S03601,Shaurya Ganguly,shaurya ganguly,INST-004,Undergraduate,1th Year,2003-07-04,G_S03601,ADDR_S03601
S03602,Vincent Kalita,vincent kalita,INST-006,Undergraduate,2th Year,2004-11-09,G_S03602,ADDR_S03602
S03603,Manan Dhar,manan dhar,INST-027,Undergraduate,4th Year,2005-11-13,G_S03603,ADDR_S03603
S03604,Vaishnavi Acharya,vaishnavi acharya,INST-002,Undergraduate,3th Year,2006-10-26,G_S03604,ADDR_S03604
S03605,Faras  Ben,faras ben,INST-009,Undergraduate,4th Year,2003-12-07,G_S03605,ADDR_S03605
S03606,Yasti Sarraf,yasti sarraf,INST-042,Undergraduate,3th Year,2007-06-20,G_S03606,ADDR_S03606
S03607,Urmi Narain,urmi narain,INST-036,Undergraduate,1th Year,2005-06-06,G_S03607,ADDR_S03607
S03608,Xiti Dalal,xiti dalal,INST-033,Undergraduate,2th Year,2008-09-13,G_S03608,ADDR_S03608
S03609,Maya Purohit,maya purohit,INST-002,Undergraduate,1th Year,2006-06-28,G_S03609,ADDR_S03609
S03610,Urvi Pant,urvi pant,INST-052,Undergraduate,3th Year,2003-12-19,G_S03610,ADDR_S03610
S03611,Edhitha Wali,edhitha wali,INST-047,Undergraduate,3th Year,2004-01-04,G_S03611,ADDR_S03611
S03612,Tanish Ganesan,tanish ganesan,INST-023,Undergraduate,2th Year,2004-09-18,G_S03612,ADDR_S03612
S03613,Luke Sarkar,luke sarkar,INST-029,Undergraduate,2th Year,2003-04-13,G_S03613,ADDR_S03613
S03614,Vrishti Krishna,vrishti krishna,INST-057,Undergraduate,1th Year,2003-02-26,G_S03614,ADDR_S03614
S03615,RADHIKA PALL,radhika pall,INST-054,Undergraduate,1th Year,2004-09-01,G_S03615,ADDR_S03615
S03616,Aryan Pau,aryan pau,INST-047,Undergraduate,3th Year,2008-04-18,G_S03616,ADDR_S03616
S03617,Hiral Samra,hiral samra,INST-038,Undergraduate,1th Year,2005-04-10,G_S03617,ADDR_S03617
S03618,Rayaan Raja,rayaan raja,INST-057,Undergraduate,4th Year,2006-04-21,G_S03618,ADDR_S03618
S03619,Praneel Anne,praneel anne,INST-009,Undergraduate,4th Year,2008-09-24,G_S03619,ADDR_S03619
S03620,Riya Patel,riya patel,INST-043,Undergraduate,2th Year,2005-11-22,G_S03620,ADDR_S03620
S03621,Abdul Mukherjee,abdul mukherjee,INST-011,Undergraduate,2th Year,2004-04-12,G_S03621,ADDR_S03621
S03622,Girindra Pillay,girindra pillay,INST-033,Undergraduate,3th Year,2008-07-16,G_S03622,ADDR_S03622
S03623,Yadavi Arya,yadavi arya,INST-040,Undergraduate,4th Year,2005-12-09,G_S03623,ADDR_S03623
S03624,Bahadurjit Maharaj,bahadurjit maharaj,INST-006,Undergraduate,2th Year,2003-08-11,G_S03624,ADDR_S03624
S03625,Mitali Bassi,mitali bassi,INST-045,Undergraduate,3th Year,2003-11-03,G_S03625,ADDR_S03625
S03626,Anusha Bhandari,anusha bhandari,INST-057,Undergraduate,4th Year,2005-02-27,G_S03626,ADDR_S03626
S03627,Urishilla Sha,urishilla sha,INST-022,Undergraduate,3th Year,2003-06-25,G_S03627,ADDR_S03627
S03628,Oscar Solanki,oscar solanki,INST-040,Undergraduate,4th Year,2004-12-01,G_S03628,ADDR_S03628
S03629,Balvan Pingle,balvan pingle,INST-033,Undergraduate,2th Year,2003-02-25,G_S03629,ADDR_S03629
S03630,Michael Goel,michael goel,INST-010,Undergraduate,2th Year,2004-09-09,G_S03630,ADDR_S03630
S03631,Fitan Saini,fitan saini,INST-039,Undergraduate,3th Year,2006-11-23,G_S03631,ADDR_S03631
S03632,Daksh Sawhney,daksh sawhney,INST-018,Undergraduate,2th Year,2004-05-18,G_S03632,ADDR_S03632
S03633,Dipta Chatterjee,dipta chatterjee,INST-029,Undergraduate,4th Year,2008-08-04,G_S03633,ADDR_S03633
S03634,Rishi Badal,rishi badal,INST-057,Undergraduate,2th Year,2007-03-13,G_S03634,ADDR_S03634
S03635,Edhitha Gara,edhitha gara,INST-060,Undergraduate,1th Year,2008-06-24,G_S03635,ADDR_S03635
S03636,Zaitra Atwal,zaitra atwal,INST-005,Undergraduate,2th Year,2008-09-27,G_S03636,ADDR_S03636
S03637,Omaja Bhat,omaja bhat,INST-060,Undergraduate,2th Year,2003-06-11,G_S03637,ADDR_S03637
S03638,Reyansh Thaker,reyansh thaker,INST-044,Undergraduate,3th Year,2005-09-05,G_S03638,ADDR_S03638
S03639,Amara Chacko,amara chacko,INST-017,Undergraduate,3th Year,2005-12-13,G_S03639,ADDR_S03639
S03640,Sachi Basu,sachi basu,INST-054,Undergraduate,1th Year,2007-09-03,G_S03640,ADDR_S03640
S03641,Rushil Tiwari,rushil tiwari,INST-010,Undergraduate,3th Year,2007-03-11,G_S03641,ADDR_S03641
S03642,Oscar Aggarwal,oscar aggarwal,INST-040,Undergraduate,2th Year,2007-11-11,G_S03642,ADDR_S03642
S03643,Anusha Panchal,anusha panchal,INST-029,Undergraduate,1th Year,2006-01-12,G_S03643,ADDR_S03643
S03644,Harita Shukla,harita shukla,INST-046,Undergraduate,3th Year,2004-07-18,G_S03644,ADDR_S03644
S03645,Ubika Chakrabarti,ubika chakrabarti,INST-027,Undergraduate,3th Year,2007-01-16,G_S03645,ADDR_S03645
S03646,Gautam Gopal,gautam gopal,INST-023,Undergraduate,4th Year,2006-02-02,G_S03646,ADDR_S03646
S03647,Quincy Nadkarni,quincy nadkarni,INST-022,Undergraduate,3th Year,2007-05-08,G_S03647,ADDR_S03647
S03648,Omkaar Anne,omkaar anne,INST-031,Undergraduate,3th Year,2005-08-17,G_S03648,ADDR_S03648
S03649,Kavya Sharma,kavya sharma,INST-022,Undergraduate,3th Year,2003-07-18,G_S03649,ADDR_S03649
S03650,Yatin Morar,yatin morar,INST-043,Undergraduate,2th Year,2004-09-12,G_S03650,ADDR_S03650
S03651,Kevin Mukherjee,kevin mukherjee,INST-044,Undergraduate,3th Year,2006-06-17,G_S03651,ADDR_S03651
S03652,Ladli Mangat,ladli mangat,INST-051,Undergraduate,3th Year,2008-11-04,G_S03652,ADDR_S03652
S03653,Arya Dey,arya dey,INST-014,Undergraduate,1th Year,2005-07-26,G_S03653,ADDR_S03653
S03654,Odika Kara,odika kara,INST-032,Undergraduate,2th Year,2005-02-18,G_S03654,ADDR_S03654
S03655,Anjali Iyengar,anjali iyengar,INST-034,Undergraduate,4th Year,2003-02-15,G_S03655,ADDR_S03655
S03656,Chakrika Lad,chakrika lad,INST-005,Undergraduate,1th Year,2008-01-25,G_S03656,ADDR_S03656
S03657,Aishani Chanda,aishani chanda,INST-030,Undergraduate,4th Year,2007-07-23,G_S03657,ADDR_S03657
S03658,Isha Patla,isha patla,INST-044,Undergraduate,2th Year,2003-12-26,G_S03658,ADDR_S03658
S03659,Shivani Garde,shivani garde,INST-050,Undergraduate,3th Year,2004-07-16,G_S03659,ADDR_S03659
S03660,Lekha Dugal,lekha dugal,INST-039,Undergraduate,4th Year,2003-08-05,G_S03660,ADDR_S03660
S03661,Radha Palan,radha palan,INST-050,Undergraduate,1th Year,2004-10-01,G_S03661,ADDR_S03661
S03662,Sarthak Oommen,sarthak oommen,INST-030,Undergraduate,4th Year,2008-05-20,G_S03662,ADDR_S03662
S03663,Gautam Varghese,gautam varghese,INST-060,Undergraduate,4th Year,2006-02-23,G_S03663,ADDR_S03663
S03664,Aarna Kamdar,aarna kamdar,INST-050,Undergraduate,1th Year,2006-11-24,G_S03664,ADDR_S03664
S03665,Advika Balay,advika balay,INST-036,Undergraduate,3th Year,2004-11-14,G_S03665,ADDR_S03665
S03666,Zansi Grewal,zansi grewal,INST-052,Undergraduate,4th Year,2006-10-04,G_S03666,ADDR_S03666
S03667,Logan Sibal,logan sibal,INST-051,Undergraduate,3th Year,2004-07-03,G_S03667,ADDR_S03667
S03668,Kashish Purohit,kashish purohit,INST-035,Undergraduate,2th Year,2005-10-28,G_S03668,ADDR_S03668
S03669,Ekantika Cheema,ekantika cheema,INST-017,Undergraduate,2th Year,2005-11-27,G_S03669,ADDR_S03669
S03670,Abhiram Dutt,abhiram dutt,INST-008,Undergraduate,3th Year,2003-04-13,G_S03670,ADDR_S03670
S03671,Vaishnavi Natt,vaishnavi natt,INST-002,Undergraduate,1th Year,2008-10-07,G_S03671,ADDR_S03671
S03672,Harish Grover,harish grover,INST-007,Undergraduate,3th Year,2006-02-09,G_S03672,ADDR_S03672
S03673,DAMINI GABA,damini gaba,INST-043,Undergraduate,1th Year,2003-02-06,G_S03673,ADDR_S03673
S03674,Quincy Bains,quincy bains,INST-025,Undergraduate,1th Year,2007-08-25,G_S03674,ADDR_S03674
S03675,Tanmayi Saran,tanmayi saran,INST-003,Undergraduate,4th Year,2006-02-18,G_S03675,ADDR_S03675
S03676,Urvashi Kohli,urvashi kohli,INST-039,Undergraduate,4th Year,2006-11-16,G_S03676,ADDR_S03676
S03677,Kashvi Nazareth,kashvi nazareth,INST-007,Undergraduate,4th Year,2007-01-22,G_S03677,ADDR_S03677
S03678,Nandini Mital,nandini mital,INST-037,Undergraduate,2th Year,2008-03-13,G_S03678,ADDR_S03678
S03679,Vivaan Tripathi,vivaan tripathi,INST-028,Undergraduate,4th Year,2003-06-23,G_S03679,ADDR_S03679
S03680,Oviya Sandhu,oviya sandhu,INST-059,Undergraduate,1th Year,2007-12-23,G_S03680,ADDR_S03680
S03681,Nandini Balakrishnan,nandini balakrishnan,INST-009,Undergraduate,4th Year,2008-01-04,G_S03681,ADDR_S03681
S03682,Yauvani Ganesan,yauvani ganesan,INST-007,Undergraduate,2th Year,2007-07-15,G_S03682,ADDR_S03682
S03683,Rushil Dewan,rushil dewan,INST-022,Undergraduate,2th Year,2005-03-13,G_S03683,ADDR_S03683
S03684,Gauri Bhagat,gauri bhagat,INST-037,Undergraduate,4th Year,2005-05-17,G_S03684,ADDR_S03684
S03685,Dayamai Dhaliwal,dayamai dhaliwal,INST-024,Undergraduate,2th Year,2008-10-21,G_S03685,ADDR_S03685
S03686,Tara Randhawa,tara randhawa,INST-016,Undergraduate,1th Year,2006-05-11,G_S03686,ADDR_S03686
S03687,Triveni Acharya,triveni acharya,INST-046,Undergraduate,1th Year,2005-01-26,G_S03687,ADDR_S03687
S03688,Sai Gera,sai gera,INST-016,Undergraduate,3th Year,2005-09-21,G_S03688,ADDR_S03688
S03689,Damyanti Buch,damyanti buch,INST-022,Undergraduate,1th Year,2006-12-01,G_S03689,ADDR_S03689
S03690,Warinder Jani,warinder jani,INST-029,Undergraduate,3th Year,2003-03-09,G_S03690,ADDR_S03690
S03691,Gautam Konda,gautam konda,INST-026,Undergraduate,3th Year,2004-04-15,G_S03691,ADDR_S03691
S03692,Kavya Ahluwalia,kavya ahluwalia,INST-036,Undergraduate,4th Year,2006-08-28,G_S03692,ADDR_S03692
S03693,NATHANIEL PADMANABHAN,nathaniel padmanabhan,INST-020,Undergraduate,4th Year,2008-11-22,G_S03693,ADDR_S03693
S03694,Urishilla Ramesh,urishilla ramesh,INST-031,Undergraduate,2th Year,2004-03-09,G_S03694,ADDR_S03694
S03695,Urmi Puri,urmi puri,INST-049,Undergraduate,1th Year,2003-05-18,G_S03695,ADDR_S03695
S03696,Xavier Char,xavier char,INST-045,Undergraduate,2th Year,2003-09-03,G_S03696,ADDR_S03696
S03697,Kabir Nadkarni,kabir nadkarni,INST-055,Undergraduate,3th Year,2007-12-10,G_S03697,ADDR_S03697
S03698,Mugdha Narain,mugdha narain,INST-007,Undergraduate,4th Year,2007-08-13,G_S03698,ADDR_S03698
S03699,Panini Ramesh,panini ramesh,INST-048,Undergraduate,4th Year,2004-03-13,G_S03699,ADDR_S03699
S03700,Idika Suresh,idika suresh,INST-022,Undergraduate,1th Year,2004-10-01,G_S03700,ADDR_S03700
S03701,Tristan Gokhale,tristan gokhale,INST-025,Undergraduate,4th Year,2006-12-19,G_S03701,ADDR_S03701
S03702,Jyoti Pathak,jyoti pathak,INST-034,Undergraduate,4th Year,2003-10-25,G_S03702,ADDR_S03702
S03703,Yachana Agarwal,yachana agarwal,INST-024,Undergraduate,4th Year,2004-07-08,G_S03703,ADDR_S03703
S03704,Faras Karpe,faras karpe,INST-052,Undergraduate,1th Year,2003-08-25,G_S03704,ADDR_S03704
S03705,Xalak Guha,xalak guha,INST-039,Undergraduate,4th Year,2007-11-06,G_S03705,ADDR_S03705
S03706,Siddharth Mittal,siddharth mittal,INST-044,Undergraduate,2th Year,2004-10-19,G_S03706,ADDR_S03706
S03707,Girik Nori,girik nori,INST-051,Undergraduate,4th Year,2007-05-23,G_S03707,ADDR_S03707
S03708,Pranit Sandal,pranit sandal,INST-042,Undergraduate,3th Year,2006-09-13,G_S03708,ADDR_S03708
S03709,Bhavani Mukhopadhyay,bhavani mukhopadhyay,INST-033,Undergraduate,1th Year,2006-05-09,G_S03709,ADDR_S03709
S03710,Vasana Banerjee,vasana banerjee,INST-031,Undergraduate,1th Year,2003-10-21,G_S03710,ADDR_S03710
S03711,Oviya Gola,oviya gola,INST-024,Undergraduate,1th Year,2005-04-15,G_S03711,ADDR_S03711
S03712,Mitali Varughese,mitali varughese,INST-052,Undergraduate,4th Year,2007-09-21,G_S03712,ADDR_S03712
S03713,UDYATI BUTALA,udyati butala,INST-015,Undergraduate,1th Year,2006-01-03,G_S03713,ADDR_S03713
S03714,Harrison Ravel,harrison ravel,INST-060,Undergraduate,2th Year,2007-08-19,G_S03714,ADDR_S03714
S03715,Naveen Nagar,naveen nagar,INST-034,Undergraduate,3th Year,2004-05-19,G_S03715,ADDR_S03715
S03716,Yashica Rajagopalan,yashica rajagopalan,INST-008,Undergraduate,4th Year,2005-05-04,G_S03716,ADDR_S03716
S03717,Advay Sunder,advay sunder,INST-012,Undergraduate,1th Year,2005-02-23,G_S03717,ADDR_S03717
S03718,Pahal Bhagat,pahal bhagat,INST-022,Undergraduate,1th Year,2004-11-06,G_S03718,ADDR_S03718
S03719,Pavani Kuruvilla,pavani kuruvilla,INST-024,Undergraduate,2th Year,2008-12-03,G_S03719,ADDR_S03719
S03720,Shravya Thakkar,shravya thakkar,INST-056,Undergraduate,1th Year,2003-06-06,G_S03720,ADDR_S03720
S03721,Urvashi Nayak,urvashi nayak,INST-011,Undergraduate,4th Year,2007-06-10,G_S03721,ADDR_S03721
S03722,Isaac  Gola,isaac gola,INST-033,Undergraduate,2th Year,2008-09-07,G_S03722,ADDR_S03722
S03723,Leela Buch,leela buch,INST-051,Undergraduate,2th Year,2004-03-13,G_S03723,ADDR_S03723
S03724,Abhimanyu Nazareth,abhimanyu nazareth,INST-035,Undergraduate,1th Year,2007-11-15,G_S03724,ADDR_S03724
S03725,Rudra Varma,rudra varma,INST-007,Undergraduate,4th Year,2008-03-01,G_S03725,ADDR_S03725
S03726,Radhika Bava,radhika bava,INST-009,Undergraduate,2th Year,2007-12-24,G_S03726,ADDR_S03726
S03727,Baghyawati Baral,baghyawati baral,INST-010,Undergraduate,2th Year,2006-10-11,G_S03727,ADDR_S03727
S03728,Vrishti Sharma,vrishti sharma,INST-041,Undergraduate,1th Year,2003-07-27,G_S03728,ADDR_S03728
S03729,Chandresh Pingle,chandresh pingle,INST-011,Undergraduate,4th Year,2005-12-28,G_S03729,ADDR_S03729
S03730,Pavani Nazareth,pavani nazareth,INST-052,Undergraduate,2th Year,2007-07-06,G_S03730,ADDR_S03730
S03731,Arjun Loke,arjun loke,INST-034,Undergraduate,4th Year,2008-08-08,G_S03731,ADDR_S03731
S03732,Chaaya Parikh,chaaya parikh,INST-057,Undergraduate,2th Year,2008-05-07,G_S03732,ADDR_S03732
S03733,Anay Sekhon,anay sekhon,INST-030,Undergraduate,3th Year,2006-02-11,G_S03733,ADDR_S03733
S03734,Chameli Banik,chameli banik,INST-034,Undergraduate,2th Year,2007-10-02,G_S03734,ADDR_S03734
S03735,Ishanvi Bansal,ishanvi bansal,INST-042,Undergraduate,1th Year,2008-01-24,G_S03735,ADDR_S03735
S03736,YUVRAJ GILL,yuvraj gill,INST-045,Undergraduate,2th Year,2006-07-05,G_S03736,ADDR_S03736
S03737,Girindra Date,girindra date,INST-050,Undergraduate,1th Year,2004-07-26,G_S03737,ADDR_S03737
S03738,Wakeeta Sankar,wakeeta sankar,INST-006,Undergraduate,1th Year,2003-11-11,G_S03738,ADDR_S03738
S03739,Hemani Shanker,hemani shanker,INST-046,Undergraduate,4th Year,2005-02-09,G_S03739,ADDR_S03739
S03740,Tara Baria,tara baria,INST-051,Undergraduate,1th Year,2007-05-05,G_S03740,ADDR_S03740
S03741,Eta Pradhan,eta pradhan,INST-048,Undergraduate,2th Year,2008-06-20,G_S03741,ADDR_S03741
S03742,Manan Chaudhuri,manan chaudhuri,INST-052,Undergraduate,2th Year,2007-01-26,G_S03742,ADDR_S03742
S03743,Yauvani Brar,yauvani brar,INST-011,Undergraduate,3th Year,2003-01-24,G_S03743,ADDR_S03743
S03744,Chasmum Sami,chasmum sami,INST-046,Undergraduate,3th Year,2006-07-03,G_S03744,ADDR_S03744
S03745,Anthony Gour,anthony gour,INST-032,Undergraduate,3th Year,2008-01-23,G_S03745,ADDR_S03745
S03746,Fariq Sant,fariq sant,INST-040,Undergraduate,2th Year,2008-12-24,G_S03746,ADDR_S03746
S03747,Rehaan Lal,rehaan lal,INST-052,Undergraduate,3th Year,2004-11-19,G_S03747,ADDR_S03747
S03748,Yoshita Zacharia,yoshita zacharia,INST-055,Undergraduate,2th Year,2008-06-06,G_S03748,ADDR_S03748
S03749,Chandran Prasad,chandran prasad,INST-013,Undergraduate,2th Year,2004-01-16,G_S03749,ADDR_S03749
S03750,Tanveer Sarkar,tanveer sarkar,INST-058,Undergraduate,2th Year,2004-07-10,G_S03750,ADDR_S03750
S03751,Quincy Malhotra,quincy malhotra,INST-031,Undergraduate,2th Year,2008-08-06,G_S03751,ADDR_S03751
S03752,Mohini Golla,mohini golla,INST-021,Undergraduate,1th Year,2004-04-27,G_S03752,ADDR_S03752
S03753,Anjali Ahluwalia,anjali ahluwalia,INST-032,Undergraduate,4th Year,2003-10-09,G_S03753,ADDR_S03753
S03754,Sarthak Bahl,sarthak bahl,INST-042,Undergraduate,4th Year,2005-02-03,G_S03754,ADDR_S03754
S03755,Kai Maharaj,kai maharaj,INST-055,Undergraduate,1th Year,2006-09-03,G_S03755,ADDR_S03755
S03756,Turvi Nadkarni,turvi nadkarni,INST-023,Undergraduate,3th Year,2007-05-25,G_S03756,ADDR_S03756
S03757,Timothy Kar,timothy kar,INST-032,Undergraduate,4th Year,2004-03-17,G_S03757,ADDR_S03757
S03758,Ekta Kant,ekta kant,INST-002,Undergraduate,4th Year,2004-02-22,G_S03758,ADDR_S03758
S03759,Bhavna Sharma,bhavna sharma,INST-046,Undergraduate,1th Year,2006-07-03,G_S03759,ADDR_S03759
S03760,Falguni Ramachandran,falguni ramachandran,INST-021,Undergraduate,4th Year,2007-06-22,G_S03760,ADDR_S03760
S03761,Advik Oza,advik oza,INST-005,Undergraduate,1th Year,2007-01-24,G_S03761,ADDR_S03761
S03762,Ekaja Pal,ekaja pal,INST-006,Undergraduate,4th Year,2008-02-28,G_S03762,ADDR_S03762
S03763,Max Shere,max shere,INST-033,Undergraduate,2th Year,2003-05-26,G_S03763,ADDR_S03763
S03764,Shivansh Walia,shivansh walia,INST-016,Undergraduate,1th Year,2006-09-16,G_S03764,ADDR_S03764
S03765,Madhavi Kumer,madhavi kumer,INST-053,Undergraduate,3th Year,2008-01-22,G_S03765,ADDR_S03765
S03766,Bachittar Brar,bachittar brar,INST-049,Undergraduate,2th Year,2006-08-06,G_S03766,ADDR_S03766
S03767,Hemani Chacko,hemani chacko,INST-010,Undergraduate,1th Year,2008-11-28,G_S03767,ADDR_S03767
S03768,Kala Modi,kala modi,INST-030,Undergraduate,4th Year,2005-01-15,G_S03768,ADDR_S03768
S03769,Divya Seth,divya seth,INST-015,Undergraduate,3th Year,2003-11-09,G_S03769,ADDR_S03769
S03770,Ayushman Dugal,ayushman dugal,INST-030,Undergraduate,4th Year,2006-05-19,G_S03770,ADDR_S03770
S03771,Indira Sankar,indira sankar,INST-047,Undergraduate,3th Year,2006-02-03,G_S03771,ADDR_S03771
S03772,Arin Mander,arin mander,INST-023,Undergraduate,3th Year,2006-04-10,G_S03772,ADDR_S03772
S03773,Wahab Prashad,wahab prashad,INST-041,Undergraduate,1th Year,2004-06-17,G_S03773,ADDR_S03773
S03774,Kritika Dasgupta,kritika dasgupta,INST-014,Undergraduate,4th Year,2008-08-16,G_S03774,ADDR_S03774
S03775,Meghana Kamdar,meghana kamdar,INST-032,Undergraduate,4th Year,2003-06-10,G_S03775,ADDR_S03775
S03776,INDRAJIT MANN,indrajit mann,INST-017,Undergraduate,3th Year,2005-06-11,G_S03776,ADDR_S03776
S03777,Nathan Rattan,nathan rattan,INST-003,Undergraduate,2th Year,2007-08-13,G_S03777,ADDR_S03777
S03778,Indira Kalla,indira kalla,INST-031,Undergraduate,4th Year,2003-07-07,G_S03778,ADDR_S03778
S03779,Arya Nagarajan,arya nagarajan,INST-015,Undergraduate,2th Year,2005-03-20,G_S03779,ADDR_S03779
S03780,Hitesh Nadkarni,hitesh nadkarni,INST-046,Undergraduate,4th Year,2007-10-21,G_S03780,ADDR_S03780
S03781,Umang Raval,umang raval,INST-025,Undergraduate,3th Year,2003-09-20,G_S03781,ADDR_S03781
S03782,Ucchal Mangat,ucchal mangat,INST-029,Undergraduate,4th Year,2003-01-06,G_S03782,ADDR_S03782
S03783,Naksh Goel,naksh goel,INST-058,Undergraduate,4th Year,2003-03-12,G_S03783,ADDR_S03783
S03784,Bhavya Aggarwal,bhavya aggarwal,INST-003,Undergraduate,2th Year,2007-01-11,G_S03784,ADDR_S03784
S03785,Ucchal Gera,ucchal gera,INST-046,Undergraduate,2th Year,2006-09-18,G_S03785,ADDR_S03785
S03786,Leela Sahota,leela sahota,INST-003,Undergraduate,4th Year,2004-07-03,G_S03786,ADDR_S03786
S03787,Nirja Gulati,nirja gulati,INST-021,Undergraduate,3th Year,2005-03-01,G_S03787,ADDR_S03787
S03788,Udarsh Devi,udarsh devi,INST-010,Undergraduate,4th Year,2004-12-03,G_S03788,ADDR_S03788
S03789,Nilima Bajaj,nilima bajaj,INST-020,Undergraduate,1th Year,2007-01-23,G_S03789,ADDR_S03789
S03790,Zaid Ganesan,zaid ganesan,INST-052,Undergraduate,1th Year,2007-04-22,G_S03790,ADDR_S03790
S03791,Gavin Prabhakar,gavin prabhakar,INST-017,Undergraduate,1th Year,2003-10-26,G_S03791,ADDR_S03791
S03792,Lopa Vaidya,lopa vaidya,INST-025,Undergraduate,3th Year,2008-08-14,G_S03792,ADDR_S03792
S03793,Neel Shankar,neel shankar,INST-003,Undergraduate,1th Year,2007-02-04,G_S03793,ADDR_S03793
S03794,Wriddhish  Gill,wriddhish gill,INST-059,Undergraduate,2th Year,2004-06-21,G_S03794,ADDR_S03794
S03795,Ryan Naidu,ryan naidu,INST-029,Undergraduate,3th Year,2003-07-15,G_S03795,ADDR_S03795
S03796,Chaaya Bhattacharyya,chaaya bhattacharyya,INST-014,Undergraduate,2th Year,2003-05-26,G_S03796,ADDR_S03796
S03797,Samuel Shenoy,samuel shenoy,INST-009,Undergraduate,3th Year,2003-08-24,G_S03797,ADDR_S03797
S03798,Yash Sawhney,yash sawhney,INST-060,Undergraduate,3th Year,2007-11-19,G_S03798,ADDR_S03798
S03799,Peter  Shenoy,peter shenoy,INST-016,Undergraduate,3th Year,2003-03-27,G_S03799,ADDR_S03799
S03800,Garima Dutta,garima dutta,INST-054,Undergraduate,2th Year,2004-07-25,G_S03800,ADDR_S03800
S03801,Turvi Boase,turvi boase,INST-045,Undergraduate,2th Year,2003-11-27,G_S03801,ADDR_S03801
S03802,Bachittar Ray,bachittar ray,INST-039,Undergraduate,3th Year,2005-07-26,G_S03802,ADDR_S03802
S03803,Lekha Bobal,lekha bobal,INST-003,Undergraduate,4th Year,2005-09-13,G_S03803,ADDR_S03803
S03804,Abha Yogi,abha yogi,INST-041,Undergraduate,3th Year,2007-05-17,G_S03804,ADDR_S03804
S03805,Arjun Sarna,arjun sarna,INST-016,Undergraduate,4th Year,2006-01-25,G_S03805,ADDR_S03805
S03806,Darpan Master,darpan master,INST-049,Undergraduate,4th Year,2005-10-10,G_S03806,ADDR_S03806
S03807,Balveer Patla,balveer patla,INST-060,Undergraduate,4th Year,2003-10-23,G_S03807,ADDR_S03807
S03808,Yasti Sarraf,yasti sarraf,INST-002,Undergraduate,3th Year,2005-05-03,G_S03808,ADDR_S03808
S03809,Jeet Chawla,jeet chawla,INST-015,Undergraduate,4th Year,2008-06-12,G_S03809,ADDR_S03809
S03810,Adweta Choudhury,adweta choudhury,INST-044,Undergraduate,2th Year,2008-04-12,G_S03810,ADDR_S03810
S03811,Jeevika Sachar,jeevika sachar,INST-045,Undergraduate,3th Year,2004-12-13,G_S03811,ADDR_S03811
S03812,Lucky Kibe,lucky kibe,INST-030,Undergraduate,4th Year,2004-10-28,G_S03812,ADDR_S03812
S03813,Shivansh Lalla,shivansh lalla,INST-032,Undergraduate,3th Year,2007-07-28,G_S03813,ADDR_S03813
S03814,Forum Borah,forum borah,INST-043,Undergraduate,4th Year,2008-02-09,G_S03814,ADDR_S03814
S03815,Vyanjana Konda,vyanjana konda,INST-013,Undergraduate,4th Year,2006-01-14,G_S03815,ADDR_S03815
S03816,Hema Merchant,hema merchant,INST-007,Undergraduate,3th Year,2006-10-05,G_S03816,ADDR_S03816
S03817,Ganga Seshadri,ganga seshadri,INST-002,Undergraduate,2th Year,2005-05-13,G_S03817,ADDR_S03817
S03818,Anvi Banik,anvi banik,INST-035,Undergraduate,1th Year,2003-05-22,G_S03818,ADDR_S03818
S03819,Manbir Vig,manbir vig,INST-055,Undergraduate,2th Year,2006-12-27,G_S03819,ADDR_S03819
S03820,Atharv Kant,atharv kant,INST-048,Undergraduate,3th Year,2005-03-20,G_S03820,ADDR_S03820
S03821,Janani  Manne,janani manne,INST-025,Undergraduate,1th Year,2008-12-02,G_S03821,ADDR_S03821
S03822,Nathan Mody,nathan mody,INST-005,Undergraduate,2th Year,2007-05-26,G_S03822,ADDR_S03822
S03823,Ria Menon,ria menon,INST-006,Undergraduate,2th Year,2008-04-17,G_S03823,ADDR_S03823
S03824,Kabir Din,kabir din,INST-044,Undergraduate,4th Year,2006-03-07,G_S03824,ADDR_S03824
S03825,Leena Kurian,leena kurian,INST-043,Undergraduate,2th Year,2008-07-28,G_S03825,ADDR_S03825
S03826,Ayaan Kakar,ayaan kakar,INST-005,Undergraduate,2th Year,2003-09-18,G_S03826,ADDR_S03826
S03827,Manbir Arora,manbir arora,INST-049,Undergraduate,3th Year,2003-08-13,G_S03827,ADDR_S03827
S03828,Januja Trivedi,januja trivedi,INST-027,Undergraduate,1th Year,2008-11-14,G_S03828,ADDR_S03828
S03829,Vansha Garde,vansha garde,INST-021,Undergraduate,4th Year,2005-01-27,G_S03829,ADDR_S03829
S03830,Nachiket Thaker,nachiket thaker,INST-043,Undergraduate,2th Year,2008-03-11,G_S03830,ADDR_S03830
S03831,Kavya Radhakrishnan,kavya radhakrishnan,INST-041,Undergraduate,4th Year,2007-04-15,G_S03831,ADDR_S03831
S03832,Omkaar Vohra,omkaar vohra,INST-011,Undergraduate,2th Year,2007-07-25,G_S03832,ADDR_S03832
S03833,Parth Sule,parth sule,INST-018,Undergraduate,4th Year,2007-02-28,G_S03833,ADDR_S03833
S03834,Akshay Bhattacharyya,akshay bhattacharyya,INST-015,Undergraduate,4th Year,2005-01-20,G_S03834,ADDR_S03834
S03835,Umang More,umang more,INST-032,Undergraduate,3th Year,2007-11-22,G_S03835,ADDR_S03835
S03836,Udarsh Doctor,udarsh doctor,INST-011,Undergraduate,4th Year,2007-01-06,G_S03836,ADDR_S03836
S03837,Jagdish Hegde,jagdish hegde,INST-002,Undergraduate,2th Year,2003-07-06,G_S03837,ADDR_S03837
S03838,Wishi Sharaf,wishi sharaf,INST-014,Undergraduate,3th Year,2007-05-03,G_S03838,ADDR_S03838
S03839,Vedant Jain,vedant jain,INST-023,Undergraduate,2th Year,2008-08-26,G_S03839,ADDR_S03839
S03840,Bachittar Rastogi,bachittar rastogi,INST-055,Undergraduate,3th Year,2003-10-21,G_S03840,ADDR_S03840
S03841,Forum Tripathi,forum tripathi,INST-018,Undergraduate,4th Year,2006-01-07,G_S03841,ADDR_S03841
S03842,Anika Warrior,anika warrior,INST-026,Undergraduate,1th Year,2003-03-12,G_S03842,ADDR_S03842
S03843,Daksh Sekhon,daksh sekhon,INST-002,Undergraduate,1th Year,2008-09-23,G_S03843,ADDR_S03843
S03844,Yash Kunda,yash kunda,INST-041,Undergraduate,4th Year,2004-03-26,G_S03844,ADDR_S03844
S03845,Yash Kari,yash kari,INST-034,Undergraduate,2th Year,2008-07-12,G_S03845,ADDR_S03845
S03846,Peter Baria,peter baria,INST-012,Undergraduate,2th Year,2003-02-20,G_S03846,ADDR_S03846
S03847,Arunima Chand,arunima chand,INST-031,Undergraduate,2th Year,2006-10-23,G_S03847,ADDR_S03847
S03848,Devansh Deo,devansh deo,INST-011,Undergraduate,3th Year,2005-06-03,G_S03848,ADDR_S03848
S03849,Darsh Johal,darsh johal,INST-057,Undergraduate,3th Year,2008-03-05,G_S03849,ADDR_S03849
S03850,Yagnesh Sood,yagnesh sood,INST-001,Undergraduate,1th Year,2006-03-05,G_S03850,ADDR_S03850
S03851,Guneet Yadav,guneet yadav,INST-042,Undergraduate,3th Year,2008-03-27,G_S03851,ADDR_S03851
S03852,Eiravati Bora,eiravati bora,INST-022,Undergraduate,1th Year,2006-10-05,G_S03852,ADDR_S03852
S03853,Vanya Dada,vanya dada,INST-046,Undergraduate,4th Year,2007-07-27,G_S03853,ADDR_S03853
S03854,FIYAZ SONI,fiyaz soni,INST-001,Undergraduate,3th Year,2005-02-01,G_S03854,ADDR_S03854
S03855,Harish Kale,harish kale,INST-038,Undergraduate,3th Year,2008-06-18,G_S03855,ADDR_S03855
S03856,Charita Andra,charita andra,INST-007,Undergraduate,3th Year,2004-10-14,G_S03856,ADDR_S03856
S03857,ISAAC SAVANT,isaac savant,INST-007,Undergraduate,4th Year,2007-10-23,G_S03857,ADDR_S03857
S03858,Tanmayi Acharya,tanmayi acharya,INST-054,Undergraduate,3th Year,2005-03-23,G_S03858,ADDR_S03858
S03859,Niharika Madan,niharika madan,INST-036,Undergraduate,4th Year,2008-08-21,G_S03859,ADDR_S03859
S03860,Patrick Narasimhan,patrick narasimhan,INST-048,Undergraduate,3th Year,2006-07-06,G_S03860,ADDR_S03860
S03861,Yoshita Mander,yoshita mander,INST-007,Undergraduate,3th Year,2005-09-22,G_S03861,ADDR_S03861
S03862,Aishani Wali,aishani wali,INST-035,Undergraduate,2th Year,2006-01-08,G_S03862,ADDR_S03862
S03863,Harita Maharaj,harita maharaj,INST-002,Undergraduate,1th Year,2008-10-16,G_S03863,ADDR_S03863
S03864,Ria Choudhury,ria choudhury,INST-057,Undergraduate,2th Year,2004-10-08,G_S03864,ADDR_S03864
S03865,Vinaya Ahuja,vinaya ahuja,INST-024,Undergraduate,3th Year,2007-07-15,G_S03865,ADDR_S03865
S03866,Yashodhara Singhal,yashodhara singhal,INST-055,Undergraduate,2th Year,2006-10-26,G_S03866,ADDR_S03866
S03867,Nihal Gola,nihal gola,INST-049,Undergraduate,3th Year,2005-11-04,G_S03867,ADDR_S03867
S03868,Rachana Modi,rachana modi,INST-058,Undergraduate,4th Year,2003-02-12,G_S03868,ADDR_S03868
S03869,Saanvi Oommen,saanvi oommen,INST-014,Undergraduate,4th Year,2003-01-17,G_S03869,ADDR_S03869
S03870,Rishi Chopra,rishi chopra,INST-048,Undergraduate,2th Year,2003-11-16,G_S03870,ADDR_S03870
S03871,Tanay Mohanty,tanay mohanty,INST-048,Undergraduate,4th Year,2007-10-05,G_S03871,ADDR_S03871
S03872,Ekaja Wali,ekaja wali,INST-060,Undergraduate,2th Year,2004-09-22,G_S03872,ADDR_S03872
S03873,Harshil Mital,harshil mital,INST-057,Undergraduate,4th Year,2007-11-04,G_S03873,ADDR_S03873
S03874,Mohammed Naik,mohammed naik,INST-030,Undergraduate,2th Year,2003-12-19,G_S03874,ADDR_S03874
S03875,Rehaan Randhawa,rehaan randhawa,INST-038,Undergraduate,3th Year,2005-06-15,G_S03875,ADDR_S03875
S03876,Nakul Dugar,nakul dugar,INST-055,Undergraduate,4th Year,2007-03-24,G_S03876,ADDR_S03876
S03877,Zaitra Som,zaitra som,INST-060,Undergraduate,4th Year,2005-10-04,G_S03877,ADDR_S03877
S03878,Amruta Karnik,amruta karnik,INST-047,Undergraduate,3th Year,2007-11-17,G_S03878,ADDR_S03878
S03879,Urmi Mitter,urmi mitter,INST-041,Undergraduate,4th Year,2005-09-28,G_S03879,ADDR_S03879
S03880,Maanav Mohan,maanav mohan,INST-060,Undergraduate,4th Year,2008-09-03,G_S03880,ADDR_S03880
S03881,Irya Murty,irya murty,INST-053,Undergraduate,2th Year,2003-08-21,G_S03881,ADDR_S03881
S03882,Darika Sandal,darika sandal,INST-025,Undergraduate,2th Year,2005-11-01,G_S03882,ADDR_S03882
S03883,Omisha Ahluwalia,omisha ahluwalia,INST-025,Undergraduate,3th Year,2005-01-08,G_S03883,ADDR_S03883
S03884,Christopher Rege,christopher rege,INST-039,Undergraduate,3th Year,2008-01-24,G_S03884,ADDR_S03884
S03885,Logan Shan,logan shan,INST-009,Undergraduate,3th Year,2008-11-23,G_S03885,ADDR_S03885
S03886,Anirudh Jain,anirudh jain,INST-010,Undergraduate,1th Year,2004-03-05,G_S03886,ADDR_S03886
S03887,Aahana Menon,aahana menon,INST-019,Undergraduate,2th Year,2008-06-11,G_S03887,ADDR_S03887
S03888,Arjun Nagy,arjun nagy,INST-003,Undergraduate,1th Year,2006-02-16,G_S03888,ADDR_S03888
S03889,Lavanya Nanda,lavanya nanda,INST-020,Undergraduate,3th Year,2006-07-04,G_S03889,ADDR_S03889
S03890,Tanveer Thakur,tanveer thakur,INST-016,Undergraduate,2th Year,2006-11-24,G_S03890,ADDR_S03890
S03891,Anusha Chhabra,anusha chhabra,INST-029,Undergraduate,2th Year,2008-12-21,G_S03891,ADDR_S03891
S03892,Xavier Dyal,xavier dyal,INST-027,Undergraduate,3th Year,2004-11-01,G_S03892,ADDR_S03892
S03893,Varsha Singhal,varsha singhal,INST-052,Undergraduate,2th Year,2008-06-14,G_S03893,ADDR_S03893
S03894,Madhavi Sur,madhavi sur,INST-035,Undergraduate,3th Year,2004-04-21,G_S03894,ADDR_S03894
S03895,Ati Prashad,ati prashad,INST-013,Undergraduate,4th Year,2003-01-17,G_S03895,ADDR_S03895
S03896,Harrison Bhalla,harrison bhalla,INST-047,Undergraduate,1th Year,2004-11-06,G_S03896,ADDR_S03896
S03897,Anya Yogi,anya yogi,INST-022,Undergraduate,1th Year,2006-11-15,G_S03897,ADDR_S03897
S03898,Raksha Mane,raksha mane,INST-012,Undergraduate,2th Year,2007-04-09,G_S03898,ADDR_S03898
S03899,Urmi Desai,urmi desai,INST-031,Undergraduate,1th Year,2007-11-07,G_S03899,ADDR_S03899
S03900,Ekta Sachdev,ekta sachdev,INST-041,Undergraduate,2th Year,2007-07-26,G_S03900,ADDR_S03900
S03901,Matthew Mistry,matthew mistry,INST-015,Undergraduate,1th Year,2003-09-05,G_S03901,ADDR_S03901
S03902,Gaurang Sarma,gaurang sarma,INST-029,Undergraduate,4th Year,2003-06-10,G_S03902,ADDR_S03902
S03903,Falak Lad,falak lad,INST-035,Undergraduate,2th Year,2003-07-07,G_S03903,ADDR_S03903
S03904,Anthony Dey,anthony dey,INST-048,Undergraduate,2th Year,2006-10-18,G_S03904,ADDR_S03904
S03905,Dipta Patel,dipta patel,INST-027,Undergraduate,3th Year,2006-07-01,G_S03905,ADDR_S03905
S03906,Tanish Gour,tanish gour,INST-053,Undergraduate,4th Year,2005-08-05,G_S03906,ADDR_S03906
S03907,Upadhriti Kari,upadhriti kari,INST-014,Undergraduate,4th Year,2007-09-09,G_S03907,ADDR_S03907
S03908,Janaki Nath,janaki nath,INST-045,Undergraduate,4th Year,2005-08-15,G_S03908,ADDR_S03908
S03909,Aashi Kumer,aashi kumer,INST-058,Undergraduate,3th Year,2004-07-17,G_S03909,ADDR_S03909
S03910,Logan Dar,logan dar,INST-010,Undergraduate,1th Year,2008-11-25,G_S03910,ADDR_S03910
S03911,Prisha Randhawa,prisha randhawa,INST-001,Undergraduate,4th Year,2003-06-13,G_S03911,ADDR_S03911
S03912,Chanakya Wadhwa,chanakya wadhwa,INST-051,Undergraduate,4th Year,2006-05-16,G_S03912,ADDR_S03912
S03913,Yauvani Prakash,yauvani prakash,INST-038,Undergraduate,3th Year,2004-09-22,G_S03913,ADDR_S03913
S03914,Rajeshri Balay,rajeshri balay,INST-018,Undergraduate,4th Year,2003-02-19,G_S03914,ADDR_S03914
S03915,Vyanjana Mandal,vyanjana mandal,INST-034,Undergraduate,1th Year,2008-09-25,G_S03915,ADDR_S03915
S03916,Ekalinga Borra,ekalinga borra,INST-007,Undergraduate,1th Year,2006-08-21,G_S03916,ADDR_S03916
S03917,Isaiah Wali,isaiah wali,INST-004,Undergraduate,3th Year,2008-08-20,G_S03917,ADDR_S03917
S03918,Yochana Chahal,yochana chahal,INST-019,Undergraduate,1th Year,2005-02-03,G_S03918,ADDR_S03918
S03919,Rayaan Bora,rayaan bora,INST-031,Undergraduate,3th Year,2003-12-06,G_S03919,ADDR_S03919
S03920,Aradhana Shroff,aradhana shroff,INST-043,Undergraduate,4th Year,2004-11-25,G_S03920,ADDR_S03920
S03921,Max Narayanan,max narayanan,INST-001,Undergraduate,4th Year,2005-11-15,G_S03921,ADDR_S03921
S03922,Qabil Nori,qabil nori,INST-028,Undergraduate,4th Year,2008-05-09,G_S03922,ADDR_S03922
S03923,Rachana Bail,rachana bail,INST-043,Undergraduate,2th Year,2003-05-03,G_S03923,ADDR_S03923
S03924,Chaaya Ahuja,chaaya ahuja,INST-047,Undergraduate,3th Year,2003-11-28,G_S03924,ADDR_S03924
S03925,Anirudh Anand,anirudh anand,INST-060,Undergraduate,4th Year,2006-12-19,G_S03925,ADDR_S03925
S03926,Ekantika Sane,ekantika sane,INST-048,Undergraduate,1th Year,2007-06-11,G_S03926,ADDR_S03926
S03927,Aashi Kapoor,aashi kapoor,INST-043,Undergraduate,4th Year,2007-09-03,G_S03927,ADDR_S03927
S03928,Tanvi Iyer,tanvi iyer,INST-014,Undergraduate,4th Year,2004-05-24,G_S03928,ADDR_S03928
S03929,Michael Gulati,michael gulati,INST-022,Undergraduate,2th Year,2004-05-12,G_S03929,ADDR_S03929
S03930,Samuel Morar,samuel morar,INST-048,Undergraduate,1th Year,2003-02-23,G_S03930,ADDR_S03930
S03931,Harrison Bal,harrison bal,INST-045,Undergraduate,4th Year,2007-10-18,G_S03931,ADDR_S03931
S03932,Joshua Zachariah,joshua zachariah,INST-023,Undergraduate,1th Year,2007-11-07,G_S03932,ADDR_S03932
S03933,Ekapad Narang,ekapad narang,INST-045,Undergraduate,2th Year,2008-07-09,G_S03933,ADDR_S03933
S03934,Victor Joshi,victor joshi,INST-009,Undergraduate,3th Year,2005-09-27,G_S03934,ADDR_S03934
S03935,Chavvi Gade,chavvi gade,INST-060,Undergraduate,2th Year,2003-05-16,G_S03935,ADDR_S03935
S03936,Anika Kaul,anika kaul,INST-020,Undergraduate,3th Year,2004-10-08,G_S03936,ADDR_S03936
S03937,Isha Bala,isha bala,INST-059,Undergraduate,1th Year,2005-07-03,G_S03937,ADDR_S03937
S03938,Ria Dasgupta,ria dasgupta,INST-004,Undergraduate,2th Year,2007-03-14,G_S03938,ADDR_S03938
S03939,Atharv Sawhney,atharv sawhney,INST-040,Undergraduate,4th Year,2005-05-09,G_S03939,ADDR_S03939
S03940,Lajita Bawa,lajita bawa,INST-049,Undergraduate,2th Year,2005-01-04,G_S03940,ADDR_S03940
S03941,Reva Rastogi,reva rastogi,INST-057,Undergraduate,2th Year,2008-08-11,G_S03941,ADDR_S03941
S03942,Samesh Rai,samesh rai,INST-058,Undergraduate,1th Year,2003-03-27,G_S03942,ADDR_S03942
S03943,Girik Gill,girik gill,INST-031,Undergraduate,3th Year,2006-02-03,G_S03943,ADDR_S03943
S03944,Nicholas Kadakia,nicholas kadakia,INST-009,Undergraduate,4th Year,2003-11-14,G_S03944,ADDR_S03944
S03945,Vrinda Parmar,vrinda parmar,INST-021,Undergraduate,2th Year,2006-11-10,G_S03945,ADDR_S03945
S03946,Ojasvi Halder,ojasvi halder,INST-029,Undergraduate,4th Year,2003-09-14,G_S03946,ADDR_S03946
S03947,Gautam Tripathi,gautam tripathi,INST-056,Undergraduate,1th Year,2004-11-03,G_S03947,ADDR_S03947
S03948,Vanya Kumer,vanya kumer,INST-055,Undergraduate,4th Year,2007-01-13,G_S03948,ADDR_S03948
S03949,Tanmayi Babu,tanmayi babu,INST-020,Undergraduate,4th Year,2006-04-12,G_S03949,ADDR_S03949
S03950,Lajita Salvi,lajita salvi,INST-060,Undergraduate,2th Year,2005-03-03,G_S03950,ADDR_S03950
S03951,Harish Pant,harish pant,INST-038,Undergraduate,3th Year,2006-10-23,G_S03951,ADDR_S03951
S03952,Dayita Bhattacharyya,dayita bhattacharyya,INST-057,Undergraduate,3th Year,2006-01-11,G_S03952,ADDR_S03952
S03953,Charita Karnik,charita karnik,INST-015,Undergraduate,1th Year,2008-03-07,G_S03953,ADDR_S03953
S03954,Madhavi Sinha,madhavi sinha,INST-025,Undergraduate,3th Year,2004-08-28,G_S03954,ADDR_S03954
S03955,Anvi Naik,anvi naik,INST-028,Undergraduate,4th Year,2004-09-15,G_S03955,ADDR_S03955
S03956,Lohit Kothari,lohit kothari,INST-010,Undergraduate,4th Year,2006-09-08,G_S03956,ADDR_S03956
S03957,Aditya Dave,aditya dave,INST-001,Undergraduate,2th Year,2005-11-21,G_S03957,ADDR_S03957
S03958,Logan Singhal,logan singhal,INST-058,Undergraduate,2th Year,2008-03-28,G_S03958,ADDR_S03958
S03959,Darsh Kadakia,darsh kadakia,INST-022,Undergraduate,4th Year,2004-01-05,G_S03959,ADDR_S03959
S03960,Kamya Sachdeva,kamya sachdeva,INST-023,Undergraduate,3th Year,2008-03-26,G_S03960,ADDR_S03960
S03961,Oni Gera,oni gera,INST-022,Undergraduate,2th Year,2007-08-15,G_S03961,ADDR_S03961
S03962,Zilmil Doshi,zilmil doshi,INST-027,Undergraduate,1th Year,2005-10-14,G_S03962,ADDR_S03962
S03963,Janya Choudhary,janya choudhary,INST-030,Undergraduate,4th Year,2007-01-10,G_S03963,ADDR_S03963
S03964,Ayushman Tank,ayushman tank,INST-028,Undergraduate,2th Year,2004-03-23,G_S03964,ADDR_S03964
S03965,Damini Raval,damini raval,INST-039,Undergraduate,4th Year,2003-01-22,G_S03965,ADDR_S03965
S03966,Alka Nagi,alka nagi,INST-040,Undergraduate,3th Year,2004-07-09,G_S03966,ADDR_S03966
S03967,Atharv  Narula,atharv narula,INST-021,Undergraduate,1th Year,2004-04-19,G_S03967,ADDR_S03967
S03968,Upma Banerjee,upma banerjee,INST-033,Undergraduate,4th Year,2004-09-08,G_S03968,ADDR_S03968
S03969,Nikita Batra,nikita batra,INST-004,Undergraduate,1th Year,2007-11-01,G_S03969,ADDR_S03969
S03970,Omkaar Dugar,omkaar dugar,INST-018,Undergraduate,4th Year,2006-01-05,G_S03970,ADDR_S03970
S03971,Alexander Palla,alexander palla,INST-050,Undergraduate,3th Year,2007-07-22,G_S03971,ADDR_S03971
S03972,George Saini,george saini,INST-038,Undergraduate,4th Year,2005-10-11,G_S03972,ADDR_S03972
S03973,Isaiah Soni,isaiah soni,INST-002,Undergraduate,4th Year,2004-10-23,G_S03973,ADDR_S03973
S03974,Ojasvi Yadav,ojasvi yadav,INST-033,Undergraduate,3th Year,2003-09-08,G_S03974,ADDR_S03974
S03975,Krish Acharya,krish acharya,INST-009,Undergraduate,2th Year,2003-07-21,G_S03975,ADDR_S03975
S03976,Vamakshi Singh,vamakshi singh,INST-046,Undergraduate,3th Year,2005-08-10,G_S03976,ADDR_S03976
S03977,Kabir Naidu,kabir naidu,INST-052,Undergraduate,4th Year,2008-07-25,G_S03977,ADDR_S03977
S03978,Gopal Sridhar,gopal sridhar,INST-033,Undergraduate,3th Year,2003-04-27,G_S03978,ADDR_S03978
S03979,Rohan Dass,rohan dass,INST-060,Undergraduate,3th Year,2003-12-23,G_S03979,ADDR_S03979
S03980,Yutika Dayal,yutika dayal,INST-028,Undergraduate,1th Year,2007-05-03,G_S03980,ADDR_S03980
S03981,Umang Butala,umang butala,INST-054,Undergraduate,1th Year,2008-01-10,G_S03981,ADDR_S03981
S03982,Netra Mandal,netra mandal,INST-059,Undergraduate,3th Year,2005-07-01,G_S03982,ADDR_S03982
S03983,Zaid Kara,zaid kara,INST-051,Undergraduate,2th Year,2005-09-23,G_S03983,ADDR_S03983
S03984,Qasim Mitra,qasim mitra,INST-039,Undergraduate,2th Year,2006-07-18,G_S03984,ADDR_S03984
S03985,Turvi Venkatesh,turvi venkatesh,INST-019,Undergraduate,2th Year,2007-02-23,G_S03985,ADDR_S03985
S03986,Karan Narang,karan narang,INST-015,Undergraduate,3th Year,2007-05-18,G_S03986,ADDR_S03986
S03987,Kavya Dhillon,kavya dhillon,INST-004,Undergraduate,4th Year,2008-07-10,G_S03987,ADDR_S03987
S03988,Lekha Bava,lekha bava,INST-053,Undergraduate,1th Year,2007-03-03,G_S03988,ADDR_S03988
S03989,Qabil Atwal,qabil atwal,INST-036,Undergraduate,4th Year,2008-07-16,G_S03989,ADDR_S03989
S03990,Bahadurjit Khanna,bahadurjit khanna,INST-006,Undergraduate,2th Year,2008-09-19,G_S03990,ADDR_S03990
S03991,Mekhala Naidu,mekhala naidu,INST-031,Undergraduate,1th Year,2004-12-07,G_S03991,ADDR_S03991
S03992,Vasana Sule,vasana sule,INST-016,Undergraduate,3th Year,2007-06-14,G_S03992,ADDR_S03992
S03993,Raghav Ravi,raghav ravi,INST-034,Undergraduate,4th Year,2006-06-25,G_S03993,ADDR_S03993
S03994,Tanish Setty,tanish setty,INST-042,Undergraduate,2th Year,2003-07-25,G_S03994,ADDR_S03994
S03995,Ria Dalal,ria dalal,INST-054,Undergraduate,1th Year,2003-11-28,G_S03995,ADDR_S03995
S03996,Yoshita Nazareth,yoshita nazareth,INST-045,Undergraduate,1th Year,2004-10-20,G_S03996,ADDR_S03996
S03997,Quincy Kumer,quincy kumer,INST-056,Undergraduate,3th Year,2006-10-28,G_S03997,ADDR_S03997
S03998,Vinaya Shan,vinaya shan,INST-009,Undergraduate,4th Year,2003-01-16,G_S03998,ADDR_S03998
S03999,Hema Venkataraman,hema venkataraman,INST-051,Undergraduate,3th Year,2008-01-18,G_S03999,ADDR_S03999
S04000,Dev Pau,dev pau,INST-020,Undergraduate,1th Year,2006-06-18,G_S04000,ADDR_S04000
S04001,Atharv Date,atharv date,INST-035,Undergraduate,2th Year,2004-08-11,G_S04001,ADDR_S04001
S04002,Utkarsh Shankar,utkarsh shankar,INST-034,Undergraduate,2th Year,2008-06-18,G_S04002,ADDR_S04002
S04003,Jai Merchant,jai merchant,INST-056,Undergraduate,4th Year,2003-04-10,G_S04003,ADDR_S04003
S04004,Idika Mohanty,idika mohanty,INST-035,Undergraduate,4th Year,2004-07-19,G_S04004,ADDR_S04004
S04005,Rajata Butala,rajata butala,INST-035,Undergraduate,3th Year,2006-06-17,G_S04005,ADDR_S04005
S04006,Mitali Vaidya,mitali vaidya,INST-018,Undergraduate,4th Year,2008-05-04,G_S04006,ADDR_S04006
S04007,Lucky Kapadia,lucky kapadia,INST-009,Undergraduate,3th Year,2004-10-15,G_S04007,ADDR_S04007
S04008,Rushil Pandya,rushil pandya,INST-023,Undergraduate,1th Year,2007-02-04,G_S04008,ADDR_S04008
S04009,Champak Walia,champak walia,INST-024,Undergraduate,2th Year,2008-07-03,G_S04009,ADDR_S04009
S04010,Victor Wali,victor wali,INST-007,Undergraduate,1th Year,2004-07-03,G_S04010,ADDR_S04010
S04011,Kavya Dutt,kavya dutt,INST-048,Undergraduate,3th Year,2006-06-09,G_S04011,ADDR_S04011
S04012,Noah Kara,noah kara,INST-025,Undergraduate,3th Year,2004-08-15,G_S04012,ADDR_S04012
S04013,Panini Jain,panini jain,INST-057,Undergraduate,3th Year,2008-07-26,G_S04013,ADDR_S04013
S04014,Chandran Rattan,chandran rattan,INST-001,Undergraduate,4th Year,2008-03-05,G_S04014,ADDR_S04014
S04015,Madhavi Vig,madhavi vig,INST-025,Undergraduate,1th Year,2008-12-25,G_S04015,ADDR_S04015
S04016,Vamakshi Sidhu,vamakshi sidhu,INST-015,Undergraduate,1th Year,2007-06-27,G_S04016,ADDR_S04016
S04017,Laban Mital,laban mital,INST-038,Undergraduate,1th Year,2006-11-12,G_S04017,ADDR_S04017
S04018,Falan Krishnamurthy,falan krishnamurthy,INST-027,Undergraduate,1th Year,2004-05-27,G_S04018,ADDR_S04018
S04019,Sathvik Bhavsar,sathvik bhavsar,INST-048,Undergraduate,4th Year,2004-08-19,G_S04019,ADDR_S04019
S04020,Nirja Dey,nirja dey,INST-008,Undergraduate,2th Year,2007-06-09,G_S04020,ADDR_S04020
S04021,Vasana Dyal,vasana dyal,INST-019,Undergraduate,4th Year,2008-12-12,G_S04021,ADDR_S04021
S04022,Mahika Dutta,mahika dutta,INST-033,Undergraduate,1th Year,2006-12-23,G_S04022,ADDR_S04022
S04023,Mahika Hari,mahika hari,INST-030,Undergraduate,3th Year,2007-03-08,G_S04023,ADDR_S04023
S04024,Inaya Bobal,inaya bobal,INST-036,Undergraduate,2th Year,2006-05-24,G_S04024,ADDR_S04024
S04025,Anya Dey,anya dey,INST-044,Undergraduate,1th Year,2004-11-23,G_S04025,ADDR_S04025
S04026,Jatin Doshi,jatin doshi,INST-005,Undergraduate,3th Year,2007-05-18,G_S04026,ADDR_S04026
S04027,Sachi Dhar,sachi dhar,INST-046,Undergraduate,2th Year,2008-04-16,G_S04027,ADDR_S04027
S04028,Falak Apte,falak apte,INST-056,Undergraduate,4th Year,2007-09-04,G_S04028,ADDR_S04028
S04029,Deepa Viswanathan,deepa viswanathan,INST-027,Undergraduate,4th Year,2003-02-11,G_S04029,ADDR_S04029
S04030,Urishilla Kata,urishilla kata,INST-047,Undergraduate,4th Year,2003-11-17,G_S04030,ADDR_S04030
S04031,Chanchal Dash,chanchal dash,INST-037,Undergraduate,3th Year,2006-05-09,G_S04031,ADDR_S04031
S04032,Mitesh Bobal,mitesh bobal,INST-055,Undergraduate,1th Year,2007-08-12,G_S04032,ADDR_S04032
S04033,Anita Baria,anita baria,INST-020,Undergraduate,3th Year,2008-03-08,G_S04033,ADDR_S04033
S04034,Aadhya Chowdhury,aadhya chowdhury,INST-054,Undergraduate,1th Year,2003-08-18,G_S04034,ADDR_S04034
S04035,Pooja Ganguly,pooja ganguly,INST-012,Undergraduate,1th Year,2007-03-25,G_S04035,ADDR_S04035
S04036,Bishakha Kar,bishakha kar,INST-038,Undergraduate,4th Year,2008-07-14,G_S04036,ADDR_S04036
S04037,Gaurang Patil,gaurang patil,INST-059,Undergraduate,3th Year,2006-02-14,G_S04037,ADDR_S04037
S04038,Warda Sankaran,warda sankaran,INST-007,Undergraduate,1th Year,2004-11-24,G_S04038,ADDR_S04038
S04039,Dakshesh Cheema,dakshesh cheema,INST-052,Undergraduate,4th Year,2008-12-25,G_S04039,ADDR_S04039
S04040,Anya Krishnamurthy,anya krishnamurthy,INST-032,Undergraduate,2th Year,2005-09-09,G_S04040,ADDR_S04040
S04041,Oni Krishnamurthy,oni krishnamurthy,INST-035,Undergraduate,4th Year,2005-01-28,G_S04041,ADDR_S04041
S04042,Fiyaz Arya,fiyaz arya,INST-026,Undergraduate,2th Year,2006-08-13,G_S04042,ADDR_S04042
S04043,Vedika Kibe,vedika kibe,INST-033,Undergraduate,3th Year,2006-08-19,G_S04043,ADDR_S04043
S04044,Timothy Saraf,timothy saraf,INST-022,Undergraduate,2th Year,2003-03-14,G_S04044,ADDR_S04044
S04045,Hemang Sura,hemang sura,INST-009,Undergraduate,2th Year,2005-08-08,G_S04045,ADDR_S04045
S04046,Zilmil Raja,zilmil raja,INST-030,Undergraduate,1th Year,2008-07-08,G_S04046,ADDR_S04046
S04047,Hritik Chaudhari,hritik chaudhari,INST-010,Undergraduate,3th Year,2003-03-11,G_S04047,ADDR_S04047
S04048,Jacob Khare,jacob khare,INST-041,Undergraduate,1th Year,2003-12-26,G_S04048,ADDR_S04048
S04049,Oviya Ramesh,oviya ramesh,INST-050,Undergraduate,4th Year,2006-04-07,G_S04049,ADDR_S04049
S04050,Idika Sarraf,idika sarraf,INST-023,Undergraduate,2th Year,2006-03-26,G_S04050,ADDR_S04050
S04051,Baljiwan Rastogi,baljiwan rastogi,INST-049,Undergraduate,2th Year,2008-08-27,G_S04051,ADDR_S04051
S04052,Atharv Kalita,atharv kalita,INST-038,Undergraduate,2th Year,2005-01-07,G_S04052,ADDR_S04052
S04053,Arjun Narasimhan,arjun narasimhan,INST-013,Undergraduate,2th Year,2007-05-12,G_S04053,ADDR_S04053
S04054,Brinda Sachar,brinda sachar,INST-032,Undergraduate,1th Year,2005-08-08,G_S04054,ADDR_S04054
S04055,Tanmayi Kulkarni,tanmayi kulkarni,INST-042,Undergraduate,4th Year,2006-10-22,G_S04055,ADDR_S04055
S04056,Hemangini Pandey,hemangini pandey,INST-042,Undergraduate,3th Year,2008-06-10,G_S04056,ADDR_S04056
S04057,Aradhana Sehgal,aradhana sehgal,INST-043,Undergraduate,2th Year,2006-05-01,G_S04057,ADDR_S04057
S04058,Ekta Shanker,ekta shanker,INST-029,Undergraduate,4th Year,2007-09-12,G_S04058,ADDR_S04058
S04059,Naveen Kadakia,naveen kadakia,INST-009,Undergraduate,1th Year,2004-10-15,G_S04059,ADDR_S04059
S04060,Nandini Pall,nandini pall,INST-044,Undergraduate,3th Year,2003-04-06,G_S04060,ADDR_S04060
S04061,Xalak Chakraborty,xalak chakraborty,INST-053,Undergraduate,1th Year,2008-11-24,G_S04061,ADDR_S04061
S04062,INDIRA YOHANNAN,indira yohannan,INST-057,Undergraduate,1th Year,2006-11-15,G_S04062,ADDR_S04062
S04063,Edhitha Mohan,edhitha mohan,INST-006,Undergraduate,4th Year,2004-03-18,G_S04063,ADDR_S04063
S04064,Gautam Ravi,gautam ravi,INST-001,Undergraduate,3th Year,2004-05-05,G_S04064,ADDR_S04064
S04065,Widisha Grewal,widisha grewal,INST-021,Undergraduate,4th Year,2005-04-19,G_S04065,ADDR_S04065
S04066,Samaksh Lanka,samaksh lanka,INST-017,Undergraduate,3th Year,2003-04-18,G_S04066,ADDR_S04066
S04067,Indali Nazareth,indali nazareth,INST-019,Undergraduate,3th Year,2004-02-16,G_S04067,ADDR_S04067
S04068,Janaki Dutta,janaki dutta,INST-004,Undergraduate,1th Year,2003-11-05,G_S04068,ADDR_S04068
S04069,Ekantika Babu,ekantika babu,INST-015,Undergraduate,4th Year,2004-12-23,G_S04069,ADDR_S04069
S04070,Ranveer Mukherjee,ranveer mukherjee,INST-033,Undergraduate,2th Year,2007-02-14,G_S04070,ADDR_S04070
S04071,Pranav Rao,pranav rao,INST-038,Undergraduate,4th Year,2006-12-24,G_S04071,ADDR_S04071
S04072,Rushil Chander,rushil chander,INST-048,Undergraduate,3th Year,2005-08-25,G_S04072,ADDR_S04072
S04073,Nidhi Lall,nidhi lall,INST-033,Undergraduate,1th Year,2006-07-26,G_S04073,ADDR_S04073
S04074,Harini Walia,harini walia,INST-059,Undergraduate,3th Year,2008-09-04,G_S04074,ADDR_S04074
S04075,Mekhala Deol,mekhala deol,INST-053,Undergraduate,3th Year,2005-08-26,G_S04075,ADDR_S04075
S04076,Hemang Memon,hemang memon,INST-036,Undergraduate,3th Year,2004-09-19,G_S04076,ADDR_S04076
S04077,Ekiya Kar,ekiya kar,INST-059,Undergraduate,3th Year,2008-08-15,G_S04077,ADDR_S04077
S04078,Banjeet Korpal,banjeet korpal,INST-035,Undergraduate,4th Year,2005-04-27,G_S04078,ADDR_S04078
S04079,Anusha Bal,anusha bal,INST-026,Undergraduate,4th Year,2004-12-11,G_S04079,ADDR_S04079
S04080,Udarsh Kanda,udarsh kanda,INST-056,Undergraduate,4th Year,2005-07-26,G_S04080,ADDR_S04080
S04081,Upkaar Sarraf,upkaar sarraf,INST-020,Undergraduate,3th Year,2004-02-06,G_S04081,ADDR_S04081
S04082,Maanav Arora,maanav arora,INST-016,Undergraduate,1th Year,2003-09-18,G_S04082,ADDR_S04082
S04083,Yagnesh Bail,yagnesh bail,INST-027,Undergraduate,1th Year,2004-08-13,G_S04083,ADDR_S04083
S04084,Reva Sachdeva,reva sachdeva,INST-048,Undergraduate,1th Year,2006-02-06,G_S04084,ADDR_S04084
S04085,Nitara Grewal,nitara grewal,INST-049,Undergraduate,3th Year,2005-09-26,G_S04085,ADDR_S04085
S04086,Lila Lal,lila lal,INST-058,Undergraduate,3th Year,2003-06-17,G_S04086,ADDR_S04086
S04087,Adya Sankar,adya sankar,INST-055,Undergraduate,1th Year,2003-04-17,G_S04087,ADDR_S04087
S04088,Janya Keer,janya keer,INST-002,Undergraduate,3th Year,2006-04-26,G_S04088,ADDR_S04088
S04089,Ishanvi Bose,ishanvi bose,INST-057,Undergraduate,3th Year,2006-02-18,G_S04089,ADDR_S04089
S04090,Ekanta Koshy,ekanta koshy,INST-059,Undergraduate,3th Year,2007-10-25,G_S04090,ADDR_S04090
S04091,Gopal Tripathi,gopal tripathi,INST-047,Undergraduate,1th Year,2008-12-26,G_S04091,ADDR_S04091
S04092,Dipta Cheema,dipta cheema,INST-006,Undergraduate,4th Year,2003-08-01,G_S04092,ADDR_S04092
S04093,Ijaya Kapur,ijaya kapur,INST-010,Undergraduate,3th Year,2003-08-23,G_S04093,ADDR_S04093
S04094,Amruta Bera,amruta bera,INST-038,Undergraduate,2th Year,2003-04-09,G_S04094,ADDR_S04094
S04095,Raksha Tank,raksha tank,INST-003,Undergraduate,3th Year,2003-11-02,G_S04095,ADDR_S04095
S04096,Dhruv Garg,dhruv garg,INST-005,Undergraduate,3th Year,2007-09-12,G_S04096,ADDR_S04096
S04097,Saumya Bhandari,saumya bhandari,INST-001,Undergraduate,4th Year,2008-03-24,G_S04097,ADDR_S04097
S04098,Vansha Divan,vansha divan,INST-038,Undergraduate,4th Year,2005-08-22,G_S04098,ADDR_S04098
S04099,Irya Bhattacharyya,irya bhattacharyya,INST-028,Undergraduate,1th Year,2008-12-05,G_S04099,ADDR_S04099
S04100,Zayyan Bala,zayyan bala,INST-021,Undergraduate,4th Year,2007-12-05,G_S04100,ADDR_S04100
S04101,Raagini Deol,raagini deol,INST-051,Undergraduate,1th Year,2003-10-23,G_S04101,ADDR_S04101
S04102,Tanveer Seth,tanveer seth,INST-004,Undergraduate,1th Year,2005-03-03,G_S04102,ADDR_S04102
S04103,Daksha Narayanan,daksha narayanan,INST-051,Undergraduate,3th Year,2003-12-18,G_S04103,ADDR_S04103
S04104,Yashoda Ray,yashoda ray,INST-051,Undergraduate,1th Year,2007-12-03,G_S04104,ADDR_S04104
S04105,Divya Ahuja,divya ahuja,INST-052,Undergraduate,3th Year,2005-05-19,G_S04105,ADDR_S04105
S04106,Ishita Dar,ishita dar,INST-001,Undergraduate,3th Year,2007-01-14,G_S04106,ADDR_S04106
S04107,Devansh Wagle,devansh wagle,INST-026,Undergraduate,3th Year,2007-11-02,G_S04107,ADDR_S04107
S04108,Neel Hayer,neel hayer,INST-018,Undergraduate,2th Year,2008-10-22,G_S04108,ADDR_S04108
S04109,Praneel Golla,praneel golla,INST-056,Undergraduate,2th Year,2008-11-18,G_S04109,ADDR_S04109
S04110,Warda Dar,warda dar,INST-039,Undergraduate,3th Year,2004-01-04,G_S04110,ADDR_S04110
S04111,Gaurav Chandra,gaurav chandra,INST-041,Undergraduate,4th Year,2007-06-19,G_S04111,ADDR_S04111
S04112,Lila Reddy,lila reddy,INST-052,Undergraduate,1th Year,2003-07-13,G_S04112,ADDR_S04112
S04113,Urvi Devi,urvi devi,INST-050,Undergraduate,4th Year,2007-10-21,G_S04113,ADDR_S04113
S04114,Qadim Char,qadim char,INST-008,Undergraduate,4th Year,2004-08-24,G_S04114,ADDR_S04114
S04115,Isha Goel,isha goel,INST-058,Undergraduate,2th Year,2003-12-05,G_S04115,ADDR_S04115
S04116,Zayyan Tata,zayyan tata,INST-013,Undergraduate,3th Year,2008-07-27,G_S04116,ADDR_S04116
S04117,Qarin Lad,qarin lad,INST-054,Undergraduate,1th Year,2006-03-04,G_S04117,ADDR_S04117
S04118,Sai Karan,sai karan,INST-001,Undergraduate,2th Year,2005-04-25,G_S04118,ADDR_S04118
S04119,Finn Nori,finn nori,INST-024,Undergraduate,2th Year,2005-11-05,G_S04119,ADDR_S04119
S04120,Girindra Viswanathan,girindra viswanathan,INST-046,Undergraduate,1th Year,2004-10-09,G_S04120,ADDR_S04120
S04121,Anmol Bhat,anmol bhat,INST-018,Undergraduate,4th Year,2007-04-09,G_S04121,ADDR_S04121
S04122,Kashvi Chandran,kashvi chandran,INST-035,Undergraduate,3th Year,2003-03-04,G_S04122,ADDR_S04122
S04123,Aarav Wadhwa,aarav wadhwa,INST-006,Undergraduate,1th Year,2007-02-21,G_S04123,ADDR_S04123
S04124,Aayush Narain,aayush narain,INST-020,Undergraduate,3th Year,2006-09-25,G_S04124,ADDR_S04124
S04125,Damini Bala,damini bala,INST-024,Undergraduate,3th Year,2004-07-07,G_S04125,ADDR_S04125
S04126,Ekaraj Gera,ekaraj gera,INST-035,Undergraduate,4th Year,2008-03-11,G_S04126,ADDR_S04126
S04127,Wishi Gopal,wishi gopal,INST-021,Undergraduate,2th Year,2007-01-11,G_S04127,ADDR_S04127
S04128,Hemani Chatterjee,hemani chatterjee,INST-015,Undergraduate,2th Year,2007-08-06,G_S04128,ADDR_S04128
S04129,Kavya Goel,kavya goel,INST-028,Undergraduate,2th Year,2007-09-16,G_S04129,ADDR_S04129
S04130,Peter Tripathi,peter tripathi,INST-047,Undergraduate,4th Year,2005-04-03,G_S04130,ADDR_S04130
S04131,Sai Balasubramanian,sai balasubramanian,INST-039,Undergraduate,2th Year,2006-03-04,G_S04131,ADDR_S04131
S04132,Jai Muni,jai muni,INST-046,Undergraduate,3th Year,2004-01-21,G_S04132,ADDR_S04132
S04133,Hritik Palla,hritik palla,INST-060,Undergraduate,4th Year,2005-06-23,G_S04133,ADDR_S04133
S04134,Zarna Ganesh,zarna ganesh,INST-014,Undergraduate,4th Year,2003-02-22,G_S04134,ADDR_S04134
S04135,Widisha Hans,widisha hans,INST-057,Undergraduate,4th Year,2007-08-01,G_S04135,ADDR_S04135
S04136,Geetika Sha,geetika sha,INST-051,Undergraduate,3th Year,2005-10-20,G_S04136,ADDR_S04136
S04137,Sara Dada,sara dada,INST-053,Undergraduate,1th Year,2006-09-13,G_S04137,ADDR_S04137
S04138,Hamsini Koshy,hamsini koshy,INST-038,Undergraduate,3th Year,2004-08-14,G_S04138,ADDR_S04138
S04139,Lohit Khatri,lohit khatri,INST-019,Undergraduate,2th Year,2003-03-06,G_S04139,ADDR_S04139
S04140,Raghav Raval,raghav raval,INST-003,Undergraduate,3th Year,2006-04-22,G_S04140,ADDR_S04140
S04141,Ishita Bhargava,ishita bhargava,INST-026,Undergraduate,4th Year,2005-01-15,G_S04141,ADDR_S04141
S04142,Hardik Venkatesh,hardik venkatesh,INST-056,Undergraduate,1th Year,2003-11-15,G_S04142,ADDR_S04142
S04143,Ekani Vyas,ekani vyas,INST-036,Undergraduate,2th Year,2003-10-27,G_S04143,ADDR_S04143
S04144,Sai Mandal,sai mandal,INST-035,Undergraduate,3th Year,2006-03-14,G_S04144,ADDR_S04144
S04145,Krishna Sem,krishna sem,INST-001,Undergraduate,4th Year,2007-03-22,G_S04145,ADDR_S04145
S04146,Brinda Sandhu,brinda sandhu,INST-026,Undergraduate,3th Year,2004-02-06,G_S04146,ADDR_S04146
S04147,Radhika Purohit,radhika purohit,INST-022,Undergraduate,1th Year,2003-09-22,G_S04147,ADDR_S04147
S04148,Vritti Bajwa,vritti bajwa,INST-017,Undergraduate,1th Year,2006-12-08,G_S04148,ADDR_S04148
S04149,Hemang Nagy,hemang nagy,INST-046,Undergraduate,4th Year,2005-11-17,G_S04149,ADDR_S04149
S04150,Lopa Mohan,lopa mohan,INST-038,Undergraduate,3th Year,2007-05-06,G_S04150,ADDR_S04150
S04151,Bhavna Bhakta,bhavna bhakta,INST-013,Undergraduate,4th Year,2005-10-16,G_S04151,ADDR_S04151
S04152,Raghav Chakraborty,raghav chakraborty,INST-034,Undergraduate,4th Year,2005-10-07,G_S04152,ADDR_S04152
S04153,Oscar Murthy,oscar murthy,INST-054,Undergraduate,1th Year,2007-06-08,G_S04153,ADDR_S04153
S04154,Ayaan Batta,ayaan batta,INST-042,Undergraduate,3th Year,2004-07-26,G_S04154,ADDR_S04154
S04155,Lekha Guha,lekha guha,INST-039,Undergraduate,1th Year,2005-01-02,G_S04155,ADDR_S04155
S04156,Charles Saraf,charles saraf,INST-007,Undergraduate,1th Year,2005-05-06,G_S04156,ADDR_S04156
S04157,Yashoda Prabhakar,yashoda prabhakar,INST-032,Undergraduate,1th Year,2003-01-28,G_S04157,ADDR_S04157
S04158,Tanish Chaudhary,tanish chaudhary,INST-060,Undergraduate,3th Year,2006-12-20,G_S04158,ADDR_S04158
S04159,Quincy Kant,quincy kant,INST-058,Undergraduate,4th Year,2006-10-19,G_S04159,ADDR_S04159
S04160,Elijah Jani,elijah jani,INST-012,Undergraduate,4th Year,2003-01-26,G_S04160,ADDR_S04160
S04161,Samuel Aurora,samuel aurora,INST-020,Undergraduate,4th Year,2007-10-15,G_S04161,ADDR_S04161
S04162,Lakshmi Jha,lakshmi jha,INST-031,Undergraduate,3th Year,2005-11-15,G_S04162,ADDR_S04162
S04163,Bina Agrawal,bina agrawal,INST-008,Undergraduate,1th Year,2006-11-16,G_S04163,ADDR_S04163
S04164,Ganga  Goel,ganga goel,INST-028,Undergraduate,4th Year,2007-09-23,G_S04164,ADDR_S04164
S04165,Vedant Prabhu,vedant prabhu,INST-003,Undergraduate,3th Year,2007-07-16,G_S04165,ADDR_S04165
S04166,Chaitanya Dugal,chaitanya dugal,INST-045,Undergraduate,4th Year,2005-05-16,G_S04166,ADDR_S04166
S04167,Yatin Kuruvilla,yatin kuruvilla,INST-032,Undergraduate,3th Year,2007-07-26,G_S04167,ADDR_S04167
S04168,Dayita Jayaraman,dayita jayaraman,INST-048,Undergraduate,3th Year,2007-11-09,G_S04168,ADDR_S04168
S04169,Nimrat Anne,nimrat anne,INST-041,Undergraduate,3th Year,2008-01-23,G_S04169,ADDR_S04169
S04170,ODIKA PUROHIT,odika purohit,INST-029,Undergraduate,1th Year,2007-12-09,G_S04170,ADDR_S04170
S04171,Ranveer Sura,ranveer sura,INST-015,Undergraduate,4th Year,2005-05-18,G_S04171,ADDR_S04171
S04172,Advaith Rana,advaith rana,INST-024,Undergraduate,2th Year,2004-12-18,G_S04172,ADDR_S04172
S04173,Saumya Dave,saumya dave,INST-039,Undergraduate,1th Year,2008-05-26,G_S04173,ADDR_S04173
S04174,Ekavir Contractor,ekavir contractor,INST-004,Undergraduate,3th Year,2003-12-13,G_S04174,ADDR_S04174
S04175,Nathan Suresh,nathan suresh,INST-021,Undergraduate,4th Year,2005-09-08,G_S04175,ADDR_S04175
S04176,Qadim Yadav,qadim yadav,INST-058,Undergraduate,4th Year,2005-11-14,G_S04176,ADDR_S04176
S04177,Oliver Kunda,oliver kunda,INST-016,Undergraduate,2th Year,2007-10-16,G_S04177,ADDR_S04177
S04178,Bhavani Yadav,bhavani yadav,INST-051,Undergraduate,3th Year,2003-01-03,G_S04178,ADDR_S04178
S04179,Bhavani Lal,bhavani lal,INST-031,Undergraduate,1th Year,2006-05-17,G_S04179,ADDR_S04179
S04180,Jagdish Rana,jagdish rana,INST-041,Undergraduate,2th Year,2004-01-14,G_S04180,ADDR_S04180
S04181,Gabriel Tank,gabriel tank,INST-021,Undergraduate,4th Year,2007-10-07,G_S04181,ADDR_S04181
S04182,Joshua Vasa,joshua vasa,INST-050,Undergraduate,1th Year,2004-08-01,G_S04182,ADDR_S04182
S04183,Upasna Srinivas,upasna srinivas,INST-028,Undergraduate,1th Year,2004-10-06,G_S04183,ADDR_S04183
S04184,Isaac Karnik,isaac karnik,INST-037,Undergraduate,2th Year,2006-08-09,G_S04184,ADDR_S04184
S04185,Lipika Gour,lipika gour,INST-044,Undergraduate,4th Year,2006-09-15,G_S04185,ADDR_S04185
S04186,Ekansh Khurana,ekansh khurana,INST-001,Undergraduate,1th Year,2003-11-26,G_S04186,ADDR_S04186
S04187,Kamala Sarma,kamala sarma,INST-002,Undergraduate,2th Year,2007-11-21,G_S04187,ADDR_S04187
S04188,Riya Barman,riya barman,INST-033,Undergraduate,1th Year,2004-05-17,G_S04188,ADDR_S04188
S04189,Shivansh Nadkarni,shivansh nadkarni,INST-056,Undergraduate,3th Year,2005-10-05,G_S04189,ADDR_S04189
S04190,Akshay Dua,akshay dua,INST-001,Undergraduate,4th Year,2007-09-08,G_S04190,ADDR_S04190
S04191,Zashil Gill,zashil gill,INST-006,Undergraduate,3th Year,2005-05-02,G_S04191,ADDR_S04191
S04192,Turvi Iyer,turvi iyer,INST-038,Undergraduate,2th Year,2004-11-02,G_S04192,ADDR_S04192
S04193,Mahika  Rai,mahika rai,INST-022,Undergraduate,1th Year,2008-06-06,G_S04193,ADDR_S04193
S04194,Bishakha Tiwari,bishakha tiwari,INST-039,Undergraduate,4th Year,2004-04-01,G_S04194,ADDR_S04194
S04195,Umang Gour,umang gour,INST-026,Undergraduate,1th Year,2006-10-21,G_S04195,ADDR_S04195
S04196,Gautami Sarna,gautami sarna,INST-051,Undergraduate,2th Year,2008-08-07,G_S04196,ADDR_S04196
S04197,Ridhi Boase,ridhi boase,INST-041,Undergraduate,1th Year,2003-05-05,G_S04197,ADDR_S04197
S04198,Bhavna Dyal,bhavna dyal,INST-003,Undergraduate,2th Year,2003-05-17,G_S04198,ADDR_S04198
S04199,Eesha Bhandari,eesha bhandari,INST-004,Undergraduate,2th Year,2007-06-15,G_S04199,ADDR_S04199
S04200,Dhruv Rout,dhruv rout,INST-038,Undergraduate,2th Year,2005-12-11,G_S04200,ADDR_S04200
S04201,Omkaar Nagy,omkaar nagy,INST-007,Undergraduate,2th Year,2008-04-25,G_S04201,ADDR_S04201
S04202,Balvan Dhar,balvan dhar,INST-055,Undergraduate,3th Year,2003-09-11,G_S04202,ADDR_S04202
S04203,Vivaan Ahuja,vivaan ahuja,INST-044,Undergraduate,1th Year,2005-06-19,G_S04203,ADDR_S04203
S04204,Aarush Bhardwaj,aarush bhardwaj,INST-008,Undergraduate,3th Year,2005-05-24,G_S04204,ADDR_S04204
S04205,Jagdish Kapur,jagdish kapur,INST-052,Undergraduate,3th Year,2007-12-04,G_S04205,ADDR_S04205
S04206,Ethan Bahri,ethan bahri,INST-009,Undergraduate,4th Year,2008-05-02,G_S04206,ADDR_S04206
S04207,Libni Mandal,libni mandal,INST-055,Undergraduate,3th Year,2007-12-26,G_S04207,ADDR_S04207
S04208,Shivani Khanna,shivani khanna,INST-033,Undergraduate,1th Year,2007-12-05,G_S04208,ADDR_S04208
S04209,Zashil Pai,zashil pai,INST-022,Undergraduate,4th Year,2006-05-12,G_S04209,ADDR_S04209
S04210,Varenya Dua,varenya dua,INST-046,Undergraduate,2th Year,2007-08-05,G_S04210,ADDR_S04210
S04211,Jagvi Kapur,jagvi kapur,INST-031,Undergraduate,3th Year,2005-06-20,G_S04211,ADDR_S04211
S04212,Bhavini Ghosh,bhavini ghosh,INST-048,Undergraduate,3th Year,2008-02-14,G_S04212,ADDR_S04212
S04213,Aarini Dyal,aarini dyal,INST-022,Undergraduate,3th Year,2005-10-08,G_S04213,ADDR_S04213
S04214,Ansh Sankaran,ansh sankaran,INST-028,Undergraduate,1th Year,2006-05-04,G_S04214,ADDR_S04214
S04215,Maanas Basak,maanas basak,INST-044,Undergraduate,3th Year,2005-02-23,G_S04215,ADDR_S04215
S04216,Nirja Karan,nirja karan,INST-059,Undergraduate,3th Year,2005-06-11,G_S04216,ADDR_S04216
S04217,Jeremiah Pandit,jeremiah pandit,INST-022,Undergraduate,4th Year,2007-11-07,G_S04217,ADDR_S04217
S04218,Nidra Sama,nidra sama,INST-056,Undergraduate,1th Year,2007-10-12,G_S04218,ADDR_S04218
S04219,Triveni Sethi,triveni sethi,INST-048,Undergraduate,1th Year,2005-04-03,G_S04219,ADDR_S04219
S04220,Lipika Sheth,lipika sheth,INST-044,Undergraduate,3th Year,2004-02-21,G_S04220,ADDR_S04220
S04221,Geetika Nanda,geetika nanda,INST-015,Undergraduate,2th Year,2003-11-22,G_S04221,ADDR_S04221
S04222,Kiaan Wagle,kiaan wagle,INST-057,Undergraduate,3th Year,2008-11-01,G_S04222,ADDR_S04222
S04223,Yatan Kalla,yatan kalla,INST-049,Undergraduate,3th Year,2004-03-02,G_S04223,ADDR_S04223
S04224,Robert Patla,robert patla,INST-040,Undergraduate,2th Year,2008-04-19,G_S04224,ADDR_S04224
S04225,Nilima Prasad,nilima prasad,INST-012,Undergraduate,4th Year,2007-03-21,G_S04225,ADDR_S04225
S04226,Tanay Ramaswamy,tanay ramaswamy,INST-034,Undergraduate,4th Year,2007-02-25,G_S04226,ADDR_S04226
S04227,Upma Chopra,upma chopra,INST-016,Undergraduate,1th Year,2007-04-10,G_S04227,ADDR_S04227
S04228,Charita Sachar,charita sachar,INST-048,Undergraduate,3th Year,2006-05-05,G_S04228,ADDR_S04228
S04229,Ryan Kalla,ryan kalla,INST-002,Undergraduate,2th Year,2006-10-27,G_S04229,ADDR_S04229
S04230,Naksh Rajagopalan,naksh rajagopalan,INST-051,Undergraduate,1th Year,2008-12-18,G_S04230,ADDR_S04230
S04231,Pranit Savant,pranit savant,INST-037,Undergraduate,1th Year,2005-05-13,G_S04231,ADDR_S04231
S04232,Samuel Raju,samuel raju,INST-052,Undergraduate,4th Year,2006-05-21,G_S04232,ADDR_S04232
S04233,ANJALI DUGAL,anjali dugal,INST-025,Undergraduate,4th Year,2005-10-13,G_S04233,ADDR_S04233
S04234,Rudra Dora,rudra dora,INST-058,Undergraduate,2th Year,2004-10-26,G_S04234,ADDR_S04234
S04235,Edhitha Sidhu,edhitha sidhu,INST-036,Undergraduate,4th Year,2004-04-16,G_S04235,ADDR_S04235
S04236,Kalpit Sur,kalpit sur,INST-025,Undergraduate,4th Year,2006-05-23,G_S04236,ADDR_S04236
S04237,Balendra Chatterjee,balendra chatterjee,INST-004,Undergraduate,3th Year,2008-08-22,G_S04237,ADDR_S04237
S04238,Frederick Bail,frederick bail,INST-036,Undergraduate,3th Year,2005-02-28,G_S04238,ADDR_S04238
S04239,Chatresh Narula,chatresh narula,INST-017,Undergraduate,2th Year,2004-08-02,G_S04239,ADDR_S04239
S04240,Dhriti Parikh,dhriti parikh,INST-028,Undergraduate,3th Year,2005-03-02,G_S04240,ADDR_S04240
S04241,Matthew Kala,matthew kala,INST-044,Undergraduate,1th Year,2005-03-02,G_S04241,ADDR_S04241
S04242,Dominic Patil,dominic patil,INST-006,Undergraduate,3th Year,2008-11-01,G_S04242,ADDR_S04242
S04243,Sanya Soman,sanya soman,INST-007,Undergraduate,3th Year,2003-09-03,G_S04243,ADDR_S04243
S04244,Parth Mann,parth mann,INST-054,Undergraduate,4th Year,2006-07-23,G_S04244,ADDR_S04244
S04245,Harrison Dutta,harrison dutta,INST-045,Undergraduate,1th Year,2003-07-02,G_S04245,ADDR_S04245
S04246,Nihal Sagar,nihal sagar,INST-024,Undergraduate,1th Year,2007-05-12,G_S04246,ADDR_S04246
S04247,Nimrat Dutt,nimrat dutt,INST-039,Undergraduate,2th Year,2005-10-20,G_S04247,ADDR_S04247
S04248,Avni Krish,avni krish,INST-014,Undergraduate,2th Year,2003-05-28,G_S04248,ADDR_S04248
S04249,Manan Saxena,manan saxena,INST-048,Undergraduate,1th Year,2007-03-05,G_S04249,ADDR_S04249
S04250,Balveer Deshmukh,balveer deshmukh,INST-052,Undergraduate,4th Year,2003-05-15,G_S04250,ADDR_S04250
S04251,Urvashi Raghavan,urvashi raghavan,INST-006,Undergraduate,1th Year,2004-07-14,G_S04251,ADDR_S04251
S04252,Onkar Bahri,onkar bahri,INST-012,Undergraduate,4th Year,2003-07-12,G_S04252,ADDR_S04252
S04253,Ridhi Gopal,ridhi gopal,INST-010,Undergraduate,4th Year,2006-03-02,G_S04253,ADDR_S04253
S04254,Anmol Swamy,anmol swamy,INST-031,Undergraduate,4th Year,2008-06-04,G_S04254,ADDR_S04254
S04255,Harinakshi Chada,harinakshi chada,INST-055,Undergraduate,1th Year,2005-08-03,G_S04255,ADDR_S04255
S04256,Ekapad Goel,ekapad goel,INST-034,Undergraduate,4th Year,2006-12-20,G_S04256,ADDR_S04256
S04257,Charita Ramesh,charita ramesh,INST-051,Undergraduate,2th Year,2003-11-28,G_S04257,ADDR_S04257
S04258,Indrajit Hegde,indrajit hegde,INST-038,Undergraduate,4th Year,2005-08-27,G_S04258,ADDR_S04258
S04259,Brinda Chacko,brinda chacko,INST-056,Undergraduate,3th Year,2004-07-22,G_S04259,ADDR_S04259
S04260,Warda Babu,warda babu,INST-041,Undergraduate,1th Year,2007-01-05,G_S04260,ADDR_S04260
S04261,Omkaar Patla,omkaar patla,INST-050,Undergraduate,1th Year,2005-02-02,G_S04261,ADDR_S04261
S04262,Rehaan Varghese,rehaan varghese,INST-024,Undergraduate,4th Year,2004-04-01,G_S04262,ADDR_S04262
S04263,Zinal Bajwa,zinal bajwa,INST-013,Undergraduate,3th Year,2003-07-25,G_S04263,ADDR_S04263
S04264,Eiravati Ganesan,eiravati ganesan,INST-003,Undergraduate,4th Year,2003-12-09,G_S04264,ADDR_S04264
S04265,William Mohan,william mohan,INST-022,Undergraduate,2th Year,2004-11-27,G_S04265,ADDR_S04265
S04266,Saumya Sant,saumya sant,INST-054,Undergraduate,4th Year,2007-02-15,G_S04266,ADDR_S04266
S04267,Banjeet Mahajan,banjeet mahajan,INST-039,Undergraduate,2th Year,2003-12-03,G_S04267,ADDR_S04267
S04268,Faris Natarajan,faris natarajan,INST-038,Undergraduate,4th Year,2007-09-07,G_S04268,ADDR_S04268
S04269,Kalpit Anne,kalpit anne,INST-057,Undergraduate,3th Year,2008-05-02,G_S04269,ADDR_S04269
S04270,Chasmum Rai,chasmum rai,INST-056,Undergraduate,2th Year,2008-06-19,G_S04270,ADDR_S04270
S04271,UPMA RAI,upma rai,INST-025,Undergraduate,1th Year,2006-09-21,G_S04271,ADDR_S04271
S04272,Balendra Madan,balendra madan,INST-047,Undergraduate,1th Year,2007-11-27,G_S04272,ADDR_S04272
S04273,Gautami Peri,gautami peri,INST-060,Undergraduate,1th Year,2007-07-17,G_S04273,ADDR_S04273
S04274,Niharika Oommen,niharika oommen,INST-057,Undergraduate,1th Year,2007-11-03,G_S04274,ADDR_S04274
S04275,Hiral Lal,hiral lal,INST-005,Undergraduate,4th Year,2008-07-22,G_S04275,ADDR_S04275
S04276,Vrinda Manda,vrinda manda,INST-055,Undergraduate,4th Year,2006-08-26,G_S04276,ADDR_S04276
S04277,Fiyaz Sengupta,fiyaz sengupta,INST-030,Undergraduate,1th Year,2007-06-14,G_S04277,ADDR_S04277
S04278,Eiravati Upadhyay,eiravati upadhyay,INST-032,Undergraduate,3th Year,2007-06-13,G_S04278,ADDR_S04278
S04279,Arin Dave,arin dave,INST-053,Undergraduate,1th Year,2004-06-13,G_S04279,ADDR_S04279
S04280,Xavier Borde,xavier borde,INST-047,Undergraduate,2th Year,2005-01-02,G_S04280,ADDR_S04280
S04281,Kashvi Bhattacharyya,kashvi bhattacharyya,INST-048,Undergraduate,4th Year,2004-06-18,G_S04281,ADDR_S04281
S04282,Warjas Chahal,warjas chahal,INST-032,Undergraduate,4th Year,2005-08-15,G_S04282,ADDR_S04282
S04283,Aditya Arya,aditya arya,INST-040,Undergraduate,3th Year,2004-09-08,G_S04283,ADDR_S04283
S04284,Ekavir Dugal,ekavir dugal,INST-012,Undergraduate,1th Year,2003-10-07,G_S04284,ADDR_S04284
S04285,Ganga Cherian,ganga cherian,INST-037,Undergraduate,1th Year,2007-07-19,G_S04285,ADDR_S04285
S04286,Daksh Dewan,daksh dewan,INST-003,Undergraduate,1th Year,2004-09-16,G_S04286,ADDR_S04286
S04287,Finn Grewal,finn grewal,INST-026,Undergraduate,4th Year,2005-04-08,G_S04287,ADDR_S04287
S04288,Gavin Aggarwal,gavin aggarwal,INST-011,Undergraduate,3th Year,2007-08-09,G_S04288,ADDR_S04288
S04289,Viraj Kade,viraj kade,INST-036,Undergraduate,2th Year,2005-12-12,G_S04289,ADDR_S04289
S04290,Fariq Ram,fariq ram,INST-011,Undergraduate,2th Year,2003-08-21,G_S04290,ADDR_S04290
S04291,Reyansh Soni,reyansh soni,INST-060,Undergraduate,4th Year,2005-11-21,G_S04291,ADDR_S04291
S04292,Warhi Grewal,warhi grewal,INST-045,Undergraduate,4th Year,2007-02-15,G_S04292,ADDR_S04292
S04293,Bhavna Bhat,bhavna bhat,INST-043,Undergraduate,3th Year,2004-09-23,G_S04293,ADDR_S04293
S04294,Qasim Tripathi,qasim tripathi,INST-003,Undergraduate,4th Year,2004-01-20,G_S04294,ADDR_S04294
S04295,Fariq Goda,fariq goda,INST-013,Undergraduate,3th Year,2006-03-20,G_S04295,ADDR_S04295
S04296,Adya Dhawan,adya dhawan,INST-027,Undergraduate,4th Year,2003-09-18,G_S04296,ADDR_S04296
S04297,Jatin Borra,jatin borra,INST-049,Undergraduate,3th Year,2005-02-02,G_S04297,ADDR_S04297
S04298,Rachit Nagy,rachit nagy,INST-055,Undergraduate,4th Year,2005-10-07,G_S04298,ADDR_S04298
S04299,Nicholas Rana,nicholas rana,INST-001,Undergraduate,4th Year,2007-10-21,G_S04299,ADDR_S04299
S04300,Nitara Toor,nitara toor,INST-056,Undergraduate,3th Year,2006-06-07,G_S04300,ADDR_S04300
S04301,Tejas Sandhu,tejas sandhu,INST-005,Undergraduate,2th Year,2005-08-12,G_S04301,ADDR_S04301
S04302,Hemani Khosla,hemani khosla,INST-054,Undergraduate,2th Year,2006-03-10,G_S04302,ADDR_S04302
S04303,Zayan Manda,zayan manda,INST-011,Undergraduate,2th Year,2005-12-09,G_S04303,ADDR_S04303
S04304,Dhruv Bhatia,dhruv bhatia,INST-037,Undergraduate,4th Year,2003-08-08,G_S04304,ADDR_S04304
S04305,Wakeeta Padmanabhan,wakeeta padmanabhan,INST-025,Undergraduate,3th Year,2006-11-02,G_S04305,ADDR_S04305
S04306,Qushi Buch,qushi buch,INST-016,Undergraduate,1th Year,2003-08-19,G_S04306,ADDR_S04306
S04307,Advik Chakrabarti,advik chakrabarti,INST-022,Undergraduate,1th Year,2008-03-01,G_S04307,ADDR_S04307
S04308,Janaki Bhatti,janaki bhatti,INST-032,Undergraduate,1th Year,2006-09-02,G_S04308,ADDR_S04308
S04309,Eiravati Seshadri,eiravati seshadri,INST-054,Undergraduate,3th Year,2003-04-07,G_S04309,ADDR_S04309
S04310,Varsha Prabhakar,varsha prabhakar,INST-052,Undergraduate,3th Year,2007-02-11,G_S04310,ADDR_S04310
S04311,Charita Suresh,charita suresh,INST-040,Undergraduate,2th Year,2007-01-23,G_S04311,ADDR_S04311
S04312,Ranveer Kari,ranveer kari,INST-011,Undergraduate,1th Year,2008-11-04,G_S04312,ADDR_S04312
S04313,Brijesh Pandit,brijesh pandit,INST-019,Undergraduate,3th Year,2008-12-13,G_S04313,ADDR_S04313
S04314,Udyati Shenoy,udyati shenoy,INST-011,Undergraduate,2th Year,2003-02-27,G_S04314,ADDR_S04314
S04315,Neha Sheth,neha sheth,INST-057,Undergraduate,3th Year,2008-05-14,G_S04315,ADDR_S04315
S04316,Sneha Dua,sneha dua,INST-024,Undergraduate,1th Year,2008-09-05,G_S04316,ADDR_S04316
S04317,Lekha Saini,lekha saini,INST-025,Undergraduate,1th Year,2006-05-09,G_S04317,ADDR_S04317
S04318,Liam Nadig,liam nadig,INST-021,Undergraduate,2th Year,2008-02-18,G_S04318,ADDR_S04318
S04319,Manthan Ratta,manthan ratta,INST-004,Undergraduate,3th Year,2006-09-25,G_S04319,ADDR_S04319
S04320,Akshay Saraf,akshay saraf,INST-017,Undergraduate,2th Year,2004-12-24,G_S04320,ADDR_S04320
S04321,Matthew Gour,matthew gour,INST-031,Undergraduate,1th Year,2004-06-08,G_S04321,ADDR_S04321
S04322,Girish Babu,girish babu,INST-029,Undergraduate,4th Year,2006-07-01,G_S04322,ADDR_S04322
S04323,Urmi Doctor,urmi doctor,INST-041,Undergraduate,4th Year,2008-07-16,G_S04323,ADDR_S04323
S04324,Geetika Hora,geetika hora,INST-058,Undergraduate,2th Year,2003-01-15,G_S04324,ADDR_S04324
S04325,Widisha Ramanathan,widisha ramanathan,INST-054,Undergraduate,1th Year,2005-02-01,G_S04325,ADDR_S04325
S04326,Chavvi Mall,chavvi mall,INST-052,Undergraduate,3th Year,2004-07-12,G_S04326,ADDR_S04326
S04327,Ranveer Sur,ranveer sur,INST-043,Undergraduate,4th Year,2006-12-25,G_S04327,ADDR_S04327
S04328,Rachita Saran,rachita saran,INST-015,Undergraduate,1th Year,2007-03-26,G_S04328,ADDR_S04328
S04329,Vinaya Bhasin,vinaya bhasin,INST-042,Undergraduate,4th Year,2007-11-14,G_S04329,ADDR_S04329
S04330,Hitesh Bhavsar,hitesh bhavsar,INST-048,Undergraduate,2th Year,2008-04-12,G_S04330,ADDR_S04330
S04331,Vansha Mann,vansha mann,INST-039,Undergraduate,4th Year,2008-10-19,G_S04331,ADDR_S04331
S04332,Wahab Venkataraman,wahab venkataraman,INST-020,Undergraduate,1th Year,2005-01-27,G_S04332,ADDR_S04332
S04333,Tarak Saha,tarak saha,INST-001,Undergraduate,3th Year,2008-10-20,G_S04333,ADDR_S04333
S04334,Agastya Morar,agastya morar,INST-030,Undergraduate,4th Year,2008-07-05,G_S04334,ADDR_S04334
S04335,Hamsini Mukhopadhyay,hamsini mukhopadhyay,INST-001,Undergraduate,3th Year,2007-05-24,G_S04335,ADDR_S04335
S04336,Jairaj Dayal,jairaj dayal,INST-024,Undergraduate,3th Year,2003-04-27,G_S04336,ADDR_S04336
S04337,Harita Prakash,harita prakash,INST-040,Undergraduate,2th Year,2008-12-12,G_S04337,ADDR_S04337
S04338,Kala Solanki,kala solanki,INST-032,Undergraduate,1th Year,2008-04-28,G_S04338,ADDR_S04338
S04339,Andrew Sekhon,andrew sekhon,INST-023,Undergraduate,1th Year,2005-02-16,G_S04339,ADDR_S04339
S04340,Omisha Koshy,omisha koshy,INST-017,Undergraduate,4th Year,2007-08-28,G_S04340,ADDR_S04340
S04341,Eta Kaur,eta kaur,INST-053,Undergraduate,1th Year,2007-10-21,G_S04341,ADDR_S04341
S04342,Vamakshi Mand,vamakshi mand,INST-056,Undergraduate,4th Year,2008-11-28,G_S04342,ADDR_S04342
S04343,Garima Hayer,garima hayer,INST-008,Undergraduate,4th Year,2004-08-27,G_S04343,ADDR_S04343
S04344,Ekanta Karnik,ekanta karnik,INST-054,Undergraduate,1th Year,2003-09-17,G_S04344,ADDR_S04344
S04345,Zaid Suresh,zaid suresh,INST-028,Undergraduate,1th Year,2003-04-27,G_S04345,ADDR_S04345
S04346,Anirudh Munshi,anirudh munshi,INST-016,Undergraduate,3th Year,2008-02-22,G_S04346,ADDR_S04346
S04347,Leena Divan,leena divan,INST-010,Undergraduate,1th Year,2006-01-05,G_S04347,ADDR_S04347
S04348,Finn Wadhwa,finn wadhwa,INST-041,Undergraduate,4th Year,2008-11-07,G_S04348,ADDR_S04348
S04349,Turvi Lata,turvi lata,INST-037,Undergraduate,2th Year,2003-05-07,G_S04349,ADDR_S04349
S04350,Shivani Ramachandran,shivani ramachandran,INST-047,Undergraduate,3th Year,2004-02-02,G_S04350,ADDR_S04350
S04351,Anya Dhar,anya dhar,INST-052,Undergraduate,1th Year,2008-05-04,G_S04351,ADDR_S04351
S04352,Daniel Som,daniel som,INST-022,Undergraduate,3th Year,2004-01-24,G_S04352,ADDR_S04352
S04353,Udant Aggarwal,udant aggarwal,INST-039,Undergraduate,4th Year,2004-11-03,G_S04353,ADDR_S04353
S04354,Ishani Subramanian,ishani subramanian,INST-052,Undergraduate,4th Year,2008-09-28,G_S04354,ADDR_S04354
S04355,Anjali Nagarajan,anjali nagarajan,INST-048,Undergraduate,4th Year,2006-11-03,G_S04355,ADDR_S04355
S04356,Dipta Yadav,dipta yadav,INST-037,Undergraduate,4th Year,2008-11-26,G_S04356,ADDR_S04356
S04357,Raghav Dara,raghav dara,INST-015,Undergraduate,3th Year,2005-12-17,G_S04357,ADDR_S04357
S04358,Darsh Hayer,darsh hayer,INST-051,Undergraduate,2th Year,2005-02-18,G_S04358,ADDR_S04358
S04359,Yuvraj Puri,yuvraj puri,INST-038,Undergraduate,2th Year,2008-11-26,G_S04359,ADDR_S04359
S04360,Advay Misra,advay misra,INST-033,Undergraduate,2th Year,2007-02-25,G_S04360,ADDR_S04360
S04361,Samarth Dhawan,samarth dhawan,INST-047,Undergraduate,3th Year,2007-04-25,G_S04361,ADDR_S04361
S04362,Aryan Balakrishnan,aryan balakrishnan,INST-044,Undergraduate,3th Year,2003-07-08,G_S04362,ADDR_S04362
S04363,Farhan Pillay,farhan pillay,INST-001,Undergraduate,1th Year,2005-04-15,G_S04363,ADDR_S04363
S04364,Manbir Sekhon,manbir sekhon,INST-058,Undergraduate,3th Year,2008-06-25,G_S04364,ADDR_S04364
S04365,Naksh Sawhney,naksh sawhney,INST-049,Undergraduate,4th Year,2006-08-23,G_S04365,ADDR_S04365
S04366,Hritik Mahal,hritik mahal,INST-038,Undergraduate,2th Year,2003-01-24,G_S04366,ADDR_S04366
S04367,Anya Hora,anya hora,INST-001,Undergraduate,4th Year,2003-02-26,G_S04367,ADDR_S04367
S04368,Bhavani Gaba,bhavani gaba,INST-029,Undergraduate,4th Year,2007-12-01,G_S04368,ADDR_S04368
S04369,Ekantika Badal,ekantika badal,INST-002,Undergraduate,4th Year,2005-05-05,G_S04369,ADDR_S04369
S04370,Charles Narain,charles narain,INST-032,Undergraduate,3th Year,2007-09-14,G_S04370,ADDR_S04370
S04371,Jyoti Dhar,jyoti dhar,INST-008,Undergraduate,2th Year,2004-06-15,G_S04371,ADDR_S04371
S04372,Keya Bal,keya bal,INST-015,Undergraduate,2th Year,2004-05-27,G_S04372,ADDR_S04372
S04373,Ekiya Randhawa,ekiya randhawa,INST-040,Undergraduate,1th Year,2004-11-25,G_S04373,ADDR_S04373
S04374,Eta Banerjee,eta banerjee,INST-007,Undergraduate,2th Year,2005-07-27,G_S04374,ADDR_S04374
S04375,Ekiya Baral,ekiya baral,INST-019,Undergraduate,2th Year,2003-02-17,G_S04375,ADDR_S04375
S04376,Kevin Taneja,kevin taneja,INST-006,Undergraduate,4th Year,2005-02-17,G_S04376,ADDR_S04376
S04377,Ekansh Dey,ekansh dey,INST-039,Undergraduate,2th Year,2005-04-25,G_S04377,ADDR_S04377
S04378,Harsh Virk,harsh virk,INST-010,Undergraduate,4th Year,2005-01-27,G_S04378,ADDR_S04378
S04379,Wahab Chanda,wahab chanda,INST-021,Undergraduate,1th Year,2003-06-09,G_S04379,ADDR_S04379
S04380,Ishanvi Nigam,ishanvi nigam,INST-059,Undergraduate,2th Year,2003-07-01,G_S04380,ADDR_S04380
S04381,Nitara Oza,nitara oza,INST-042,Undergraduate,2th Year,2004-02-22,G_S04381,ADDR_S04381
S04382,Waida Rattan,waida rattan,INST-028,Undergraduate,2th Year,2008-06-27,G_S04382,ADDR_S04382
S04383,Omaja Randhawa,omaja randhawa,INST-021,Undergraduate,3th Year,2008-10-19,G_S04383,ADDR_S04383
S04384,Gaurav Johal,gaurav johal,INST-027,Undergraduate,3th Year,2005-06-07,G_S04384,ADDR_S04384
S04385,Nathan D’Alia,nathan d’alia,INST-026,Undergraduate,1th Year,2007-02-09,G_S04385,ADDR_S04385
S04386,Utkarsh Khatri,utkarsh khatri,INST-012,Undergraduate,2th Year,2005-09-12,G_S04386,ADDR_S04386
S04387,Arjun Ben,arjun ben,INST-045,Undergraduate,3th Year,2008-03-17,G_S04387,ADDR_S04387
S04388,Varenya  Basak,varenya basak,INST-021,Undergraduate,1th Year,2007-11-21,G_S04388,ADDR_S04388
S04389,Theodore Kaul,theodore kaul,INST-051,Undergraduate,4th Year,2006-08-16,G_S04389,ADDR_S04389
S04390,Laksh Tella,laksh tella,INST-017,Undergraduate,1th Year,2005-07-10,G_S04390,ADDR_S04390
S04391,Ekantika Ram,ekantika ram,INST-025,Undergraduate,4th Year,2005-09-14,G_S04391,ADDR_S04391
S04392,Anirudh Uppal,anirudh uppal,INST-052,Undergraduate,4th Year,2007-04-26,G_S04392,ADDR_S04392
S04393,Waida Bajwa,waida bajwa,INST-025,Undergraduate,3th Year,2003-08-06,G_S04393,ADDR_S04393
S04394,Ekansh Baria,ekansh baria,INST-039,Undergraduate,1th Year,2006-01-19,G_S04394,ADDR_S04394
S04395,Balendra Joshi,balendra joshi,INST-048,Undergraduate,4th Year,2004-06-22,G_S04395,ADDR_S04395
S04396,Vyanjana Amble,vyanjana amble,INST-008,Undergraduate,1th Year,2004-03-12,G_S04396,ADDR_S04396
S04397,Faris Pillai,faris pillai,INST-041,Undergraduate,2th Year,2006-09-19,G_S04397,ADDR_S04397
S04398,Mekhala Kala,mekhala kala,INST-051,Undergraduate,3th Year,2007-07-24,G_S04398,ADDR_S04398
S04399,Abhimanyu Manda,abhimanyu manda,INST-048,Undergraduate,1th Year,2004-08-24,G_S04399,ADDR_S04399
S04400,Kavya Vaidya,kavya vaidya,INST-019,Undergraduate,1th Year,2007-04-05,G_S04400,ADDR_S04400
S04401,Nathaniel Jaggi,nathaniel jaggi,INST-039,Undergraduate,4th Year,2006-02-15,G_S04401,ADDR_S04401
S04402,Gaurika Hayre,gaurika hayre,INST-018,Undergraduate,4th Year,2005-11-12,G_S04402,ADDR_S04402
S04403,Abha Ramaswamy,abha ramaswamy,INST-015,Undergraduate,3th Year,2003-03-23,G_S04403,ADDR_S04403
S04404,Bhavika Seth,bhavika seth,INST-011,Undergraduate,3th Year,2008-11-11,G_S04404,ADDR_S04404
S04405,Sanaya Vala,sanaya vala,INST-009,Undergraduate,4th Year,2005-03-07,G_S04405,ADDR_S04405
S04406,Samarth Goyal,samarth goyal,INST-014,Undergraduate,4th Year,2004-12-26,G_S04406,ADDR_S04406
S04407,Benjamin Ram,benjamin ram,INST-039,Undergraduate,3th Year,2003-01-01,G_S04407,ADDR_S04407
S04408,Samesh Iyengar,samesh iyengar,INST-049,Undergraduate,3th Year,2004-11-21,G_S04408,ADDR_S04408
S04409,Tanish Mitter,tanish mitter,INST-037,Undergraduate,2th Year,2006-02-12,G_S04409,ADDR_S04409
S04410,Ubika Bhagat,ubika bhagat,INST-002,Undergraduate,1th Year,2007-10-18,G_S04410,ADDR_S04410
S04411,Zayyan Kalla,zayyan kalla,INST-043,Undergraduate,2th Year,2004-08-15,G_S04411,ADDR_S04411
S04412,Dayita Arora,dayita arora,INST-040,Undergraduate,3th Year,2003-12-10,G_S04412,ADDR_S04412
S04413,Pratyush Nath,pratyush nath,INST-050,Undergraduate,1th Year,2007-03-14,G_S04413,ADDR_S04413
S04414,Xalak Rama,xalak rama,INST-031,Undergraduate,1th Year,2007-11-21,G_S04414,ADDR_S04414
S04415,Tanvi Raman,tanvi raman,INST-008,Undergraduate,3th Year,2004-04-20,G_S04415,ADDR_S04415
S04416,Vyanjana Srinivasan,vyanjana srinivasan,INST-009,Undergraduate,1th Year,2005-10-25,G_S04416,ADDR_S04416
S04417,Yuvraj Brahmbhatt,yuvraj brahmbhatt,INST-008,Undergraduate,2th Year,2004-04-01,G_S04417,ADDR_S04417
S04418,Aadi Balasubramanian,aadi balasubramanian,INST-028,Undergraduate,3th Year,2003-08-11,G_S04418,ADDR_S04418
S04419,Advay Mahal,advay mahal,INST-015,Undergraduate,4th Year,2006-11-12,G_S04419,ADDR_S04419
S04420,Chavvi Saxena,chavvi saxena,INST-035,Undergraduate,3th Year,2007-02-10,G_S04420,ADDR_S04420
S04421,Nathaniel Chatterjee,nathaniel chatterjee,INST-059,Undergraduate,3th Year,2008-07-05,G_S04421,ADDR_S04421
S04422,Jhalak Kale,jhalak kale,INST-022,Undergraduate,1th Year,2005-12-05,G_S04422,ADDR_S04422
S04423,Pallavi Pradhan,pallavi pradhan,INST-018,Undergraduate,3th Year,2006-03-04,G_S04423,ADDR_S04423
S04424,Ati Sahni,ati sahni,INST-060,Undergraduate,2th Year,2007-05-04,G_S04424,ADDR_S04424
S04425,Chameli Banerjee,chameli banerjee,INST-003,Undergraduate,4th Year,2007-09-24,G_S04425,ADDR_S04425
S04426,Chasmum Dhar,chasmum dhar,INST-018,Undergraduate,1th Year,2003-07-21,G_S04426,ADDR_S04426
S04427,Tanmayi Jayaraman,tanmayi jayaraman,INST-028,Undergraduate,2th Year,2008-10-15,G_S04427,ADDR_S04427
S04428,Azaan Soni,azaan soni,INST-004,Undergraduate,3th Year,2007-04-27,G_S04428,ADDR_S04428
S04429,Akshay Chowdhury,akshay chowdhury,INST-043,Undergraduate,2th Year,2006-09-01,G_S04429,ADDR_S04429
S04430,Wahab Shah,wahab shah,INST-031,Undergraduate,4th Year,2005-02-26,G_S04430,ADDR_S04430
S04431,Anamika Bajaj,anamika bajaj,INST-038,Undergraduate,2th Year,2003-04-22,G_S04431,ADDR_S04431
S04432,Dev Dua,dev dua,INST-022,Undergraduate,2th Year,2005-07-16,G_S04432,ADDR_S04432
S04433,Dhruv Rao,dhruv rao,INST-001,Undergraduate,3th Year,2007-02-12,G_S04433,ADDR_S04433
S04434,Ayushman Barad,ayushman barad,INST-050,Undergraduate,1th Year,2003-10-18,G_S04434,ADDR_S04434
S04435,Rachana Shroff,rachana shroff,INST-052,Undergraduate,2th Year,2003-04-09,G_S04435,ADDR_S04435
S04436,Parth Arya,parth arya,INST-013,Undergraduate,3th Year,2006-12-18,G_S04436,ADDR_S04436
S04437,Dev Mand,dev mand,INST-002,Undergraduate,4th Year,2005-07-04,G_S04437,ADDR_S04437
S04438,Varenya Jain,varenya jain,INST-003,Undergraduate,3th Year,2008-10-03,G_S04438,ADDR_S04438
S04439,Arjun Magar,arjun magar,INST-036,Undergraduate,4th Year,2004-09-23,G_S04439,ADDR_S04439
S04440,Wahab Sem,wahab sem,INST-059,Undergraduate,4th Year,2005-01-24,G_S04440,ADDR_S04440
S04441,Chaitanya Saran,chaitanya saran,INST-028,Undergraduate,4th Year,2005-02-09,G_S04441,ADDR_S04441
S04442,Vincent Batta,vincent batta,INST-015,Undergraduate,1th Year,2008-12-20,G_S04442,ADDR_S04442
S04443,Januja Chakrabarti,januja chakrabarti,INST-014,Undergraduate,2th Year,2004-04-23,G_S04443,ADDR_S04443
S04444,Tanmayi Sodhi,tanmayi sodhi,INST-053,Undergraduate,3th Year,2007-01-01,G_S04444,ADDR_S04444
S04445,Kashvi Prabhu,kashvi prabhu,INST-009,Undergraduate,3th Year,2005-07-15,G_S04445,ADDR_S04445
S04446,Ekani Palan,ekani palan,INST-043,Undergraduate,4th Year,2008-12-13,G_S04446,ADDR_S04446
S04447,Owen Ratti,owen ratti,INST-036,Undergraduate,4th Year,2008-12-10,G_S04447,ADDR_S04447
S04448,Unni Palan,unni palan,INST-051,Undergraduate,4th Year,2005-08-24,G_S04448,ADDR_S04448
S04449,Manbir Talwar,manbir talwar,INST-031,Undergraduate,3th Year,2008-03-19,G_S04449,ADDR_S04449
S04450,Jagvi Sankaran,jagvi sankaran,INST-060,Undergraduate,4th Year,2005-01-10,G_S04450,ADDR_S04450
S04451,Zehaan Devan,zehaan devan,INST-009,Undergraduate,4th Year,2005-05-24,G_S04451,ADDR_S04451
S04452,JAGRATI SHUKLA,jagrati shukla,INST-045,Undergraduate,1th Year,2006-10-06,G_S04452,ADDR_S04452
S04453,Nitesh Basak,nitesh basak,INST-015,Undergraduate,1th Year,2006-08-05,G_S04453,ADDR_S04453
S04454,Yashawini Dhillon,yashawini dhillon,INST-003,Undergraduate,1th Year,2005-04-02,G_S04454,ADDR_S04454
S04455,Nathaniel Dewan,nathaniel dewan,INST-037,Undergraduate,1th Year,2003-09-09,G_S04455,ADDR_S04455
S04456,Meghana Bumb,meghana bumb,INST-033,Undergraduate,3th Year,2007-08-11,G_S04456,ADDR_S04456
S04457,Isaac Thaker,isaac thaker,INST-037,Undergraduate,4th Year,2007-08-09,G_S04457,ADDR_S04457
S04458,Zinal Chawla,zinal chawla,INST-005,Undergraduate,2th Year,2008-09-15,G_S04458,ADDR_S04458
S04459,Aachal Gala,aachal gala,INST-026,Undergraduate,2th Year,2007-12-26,G_S04459,ADDR_S04459
S04460,Gaurika Suresh,gaurika suresh,INST-017,Undergraduate,2th Year,2005-11-13,G_S04460,ADDR_S04460
S04461,Eshana Prakash,eshana prakash,INST-059,Undergraduate,3th Year,2008-08-14,G_S04461,ADDR_S04461
S04462,Maya Kanda,maya kanda,INST-057,Undergraduate,2th Year,2006-09-28,G_S04462,ADDR_S04462
S04463,Nikita Cherian,nikita cherian,INST-030,Undergraduate,1th Year,2003-01-05,G_S04463,ADDR_S04463
S04464,Sudiksha Dugal,sudiksha dugal,INST-004,Undergraduate,2th Year,2003-04-18,G_S04464,ADDR_S04464
S04465,Aadi Thaman,aadi thaman,INST-009,Undergraduate,1th Year,2007-01-21,G_S04465,ADDR_S04465
S04466,Warhi Dhawan,warhi dhawan,INST-020,Undergraduate,2th Year,2004-01-04,G_S04466,ADDR_S04466
S04467,Damini Khurana,damini khurana,INST-041,Undergraduate,1th Year,2007-03-10,G_S04467,ADDR_S04467
S04468,Chavvi Kadakia,chavvi kadakia,INST-016,Undergraduate,3th Year,2003-04-02,G_S04468,ADDR_S04468
S04469,Rayaan Bajwa,rayaan bajwa,INST-055,Undergraduate,3th Year,2004-01-05,G_S04469,ADDR_S04469
S04470,Azaan Merchant,azaan merchant,INST-049,Undergraduate,4th Year,2005-06-01,G_S04470,ADDR_S04470
S04471,Sarthak Grewal,sarthak grewal,INST-033,Undergraduate,4th Year,2003-03-09,G_S04471,ADDR_S04471
S04472,Ekalinga Kulkarni,ekalinga kulkarni,INST-013,Undergraduate,1th Year,2006-08-04,G_S04472,ADDR_S04472
S04473,Jagat Sami,jagat sami,INST-016,Undergraduate,2th Year,2006-07-12,G_S04473,ADDR_S04473
S04474,Neha Anne,neha anne,INST-029,Undergraduate,3th Year,2006-04-11,G_S04474,ADDR_S04474
S04475,Hemal Rama,hemal rama,INST-007,Undergraduate,3th Year,2008-04-19,G_S04475,ADDR_S04475
S04476,Sathvik Modi,sathvik modi,INST-012,Undergraduate,1th Year,2004-02-12,G_S04476,ADDR_S04476
S04477,Vanya Barman,vanya barman,INST-054,Undergraduate,2th Year,2006-10-28,G_S04477,ADDR_S04477
S04478,Azad Tata,azad tata,INST-019,Undergraduate,2th Year,2004-12-27,G_S04478,ADDR_S04478
S04479,Indali Balasubramanian,indali balasubramanian,INST-039,Undergraduate,1th Year,2004-08-12,G_S04479,ADDR_S04479
S04480,Urvashi Rajagopal,urvashi rajagopal,INST-043,Undergraduate,2th Year,2003-12-03,G_S04480,ADDR_S04480
S04481,Pahal Panchal,pahal panchal,INST-060,Undergraduate,1th Year,2003-01-23,G_S04481,ADDR_S04481
S04482,Avi Rai,avi rai,INST-057,Undergraduate,3th Year,2005-05-07,G_S04482,ADDR_S04482
S04483,Vinaya Chadha,vinaya chadha,INST-017,Undergraduate,1th Year,2008-01-15,G_S04483,ADDR_S04483
S04484,Zayyan Chanda,zayyan chanda,INST-029,Undergraduate,2th Year,2005-03-15,G_S04484,ADDR_S04484
S04485,Yatan Chandra,yatan chandra,INST-059,Undergraduate,1th Year,2003-10-07,G_S04485,ADDR_S04485
S04486,Ladli Nazareth,ladli nazareth,INST-001,Undergraduate,1th Year,2003-11-14,G_S04486,ADDR_S04486
S04487,Upasna Banerjee,upasna banerjee,INST-056,Undergraduate,3th Year,2005-07-12,G_S04487,ADDR_S04487
S04488,Dayita Seth,dayita seth,INST-036,Undergraduate,1th Year,2004-05-09,G_S04488,ADDR_S04488
S04489,Nirja Chandran,nirja chandran,INST-046,Undergraduate,4th Year,2007-05-27,G_S04489,ADDR_S04489
S04490,Kabir Bala,kabir bala,INST-027,Undergraduate,1th Year,2006-06-16,G_S04490,ADDR_S04490
S04491,Ekapad Thakkar,ekapad thakkar,INST-033,Undergraduate,4th Year,2007-11-13,G_S04491,ADDR_S04491
S04492,Ubika Maharaj,ubika maharaj,INST-027,Undergraduate,4th Year,2003-01-26,G_S04492,ADDR_S04492
S04493,Chanakya Kulkarni,chanakya kulkarni,INST-021,Undergraduate,3th Year,2007-05-21,G_S04493,ADDR_S04493
S04494,Zansi Swaminathan,zansi swaminathan,INST-012,Undergraduate,1th Year,2008-05-11,G_S04494,ADDR_S04494
S04495,Siya Memon,siya memon,INST-013,Undergraduate,4th Year,2003-05-03,G_S04495,ADDR_S04495
S04496,Balveer Mannan,balveer mannan,INST-004,Undergraduate,4th Year,2003-09-03,G_S04496,ADDR_S04496
S04497,Pooja Choudhary,pooja choudhary,INST-036,Undergraduate,3th Year,2008-03-10,G_S04497,ADDR_S04497
S04498,Faraj Issac,faraj issac,INST-041,Undergraduate,1th Year,2008-11-22,G_S04498,ADDR_S04498
S04499,Vedika Krish,vedika krish,INST-036,Undergraduate,3th Year,2004-10-02,G_S04499,ADDR_S04499
S04500,Lila Goda,lila goda,INST-043,Undergraduate,4th Year,2006-08-22,G_S04500,ADDR_S04500
S04501,Caleb Mittal,caleb mittal,INST-029,Undergraduate,4th Year,2006-10-10,G_S04501,ADDR_S04501
S04502,Udant Oak,udant oak,INST-044,Undergraduate,3th Year,2004-09-14,G_S04502,ADDR_S04502
S04503,Veer Saxena,veer saxena,INST-002,Undergraduate,4th Year,2004-10-16,G_S04503,ADDR_S04503
S04504,Harrison Gala,harrison gala,INST-049,Undergraduate,2th Year,2005-08-24,G_S04504,ADDR_S04504
S04505,Kevin Bajwa,kevin bajwa,INST-020,Undergraduate,2th Year,2006-01-24,G_S04505,ADDR_S04505
S04506,Watika Peri,watika peri,INST-050,Undergraduate,3th Year,2006-07-13,G_S04506,ADDR_S04506
S04507,Ansh Vohra,ansh vohra,INST-020,Undergraduate,1th Year,2006-09-13,G_S04507,ADDR_S04507
S04508,Hitesh Sahota,hitesh sahota,INST-048,Undergraduate,4th Year,2007-03-09,G_S04508,ADDR_S04508
S04509,Bahadurjit Mallick,bahadurjit mallick,INST-049,Undergraduate,3th Year,2003-09-14,G_S04509,ADDR_S04509
S04510,Pahal Bhavsar,pahal bhavsar,INST-015,Undergraduate,1th Year,2007-09-08,G_S04510,ADDR_S04510
S04511,Gagan Lall,gagan lall,INST-035,Undergraduate,3th Year,2006-07-19,G_S04511,ADDR_S04511
S04512,Vaishnavi Rattan,vaishnavi rattan,INST-032,Undergraduate,2th Year,2008-10-18,G_S04512,ADDR_S04512
S04513,Laksh Dara,laksh dara,INST-057,Undergraduate,4th Year,2004-02-17,G_S04513,ADDR_S04513
S04514,NEEL CHADHA,neel chadha,INST-038,Undergraduate,2th Year,2004-02-07,G_S04514,ADDR_S04514
S04515,Ronith Sehgal,ronith sehgal,INST-019,Undergraduate,4th Year,2003-03-08,G_S04515,ADDR_S04515
S04516,Adya Sridhar,adya sridhar,INST-003,Undergraduate,3th Year,2007-01-28,G_S04516,ADDR_S04516
S04517,Qasim Sachdev,qasim sachdev,INST-021,Undergraduate,1th Year,2008-01-23,G_S04517,ADDR_S04517
S04518,Balveer Kata,balveer kata,INST-025,Undergraduate,2th Year,2004-05-28,G_S04518,ADDR_S04518
S04519,Manan Mital,manan mital,INST-014,Undergraduate,1th Year,2005-05-24,G_S04519,ADDR_S04519
S04520,Mahika Apte,mahika apte,INST-008,Undergraduate,1th Year,2008-12-18,G_S04520,ADDR_S04520
S04521,Darpan Uppal,darpan uppal,INST-035,Undergraduate,1th Year,2007-04-22,G_S04521,ADDR_S04521
S04522,Isaiah Vohra,isaiah vohra,INST-035,Undergraduate,1th Year,2004-04-06,G_S04522,ADDR_S04522
S04523,Aditya  Mitter,aditya mitter,INST-056,Undergraduate,2th Year,2004-11-24,G_S04523,ADDR_S04523
S04524,Ekaja Kohli,ekaja kohli,INST-024,Undergraduate,1th Year,2004-02-08,G_S04524,ADDR_S04524
S04525,Tanay Gulati,tanay gulati,INST-023,Undergraduate,2th Year,2004-07-16,G_S04525,ADDR_S04525
S04526,Vanya Srinivas,vanya srinivas,INST-006,Undergraduate,1th Year,2003-07-15,G_S04526,ADDR_S04526
S04527,Hardik Gera,hardik gera,INST-039,Undergraduate,4th Year,2005-03-14,G_S04527,ADDR_S04527
S04528,Ekavir Dhingra,ekavir dhingra,INST-003,Undergraduate,3th Year,2003-08-22,G_S04528,ADDR_S04528
S04529,Yashvi Dhillon,yashvi dhillon,INST-002,Undergraduate,2th Year,2003-10-17,G_S04529,ADDR_S04529
S04530,Vanya Varghese,vanya varghese,INST-002,Undergraduate,3th Year,2003-09-09,G_S04530,ADDR_S04530
S04531,Nitesh Koshy,nitesh koshy,INST-027,Undergraduate,3th Year,2006-08-20,G_S04531,ADDR_S04531
S04532,Janaki Kar,janaki kar,INST-047,Undergraduate,4th Year,2006-05-22,G_S04532,ADDR_S04532
S04533,Niharika Bhasin,niharika bhasin,INST-015,Undergraduate,4th Year,2004-08-06,G_S04533,ADDR_S04533
S04534,Brijesh Nagi,brijesh nagi,INST-009,Undergraduate,1th Year,2003-12-18,G_S04534,ADDR_S04534
S04535,AYAAN HANS,ayaan hans,INST-049,Undergraduate,4th Year,2004-07-18,G_S04535,ADDR_S04535
S04536,Mahika Sengupta,mahika sengupta,INST-012,Undergraduate,4th Year,2005-02-03,G_S04536,ADDR_S04536
S04537,Joshua Srinivas,joshua srinivas,INST-031,Undergraduate,4th Year,2005-09-12,G_S04537,ADDR_S04537
S04538,Nakul Khurana,nakul khurana,INST-036,Undergraduate,1th Year,2004-05-27,G_S04538,ADDR_S04538
S04539,Widisha Borde,widisha borde,INST-020,Undergraduate,1th Year,2007-01-04,G_S04539,ADDR_S04539
S04540,Azaan Sahni,azaan sahni,INST-032,Undergraduate,4th Year,2006-02-19,G_S04540,ADDR_S04540
S04541,Frado Dhingra,frado dhingra,INST-048,Undergraduate,1th Year,2006-07-10,G_S04541,ADDR_S04541
S04542,Kala Mall,kala mall,INST-030,Undergraduate,2th Year,2008-04-18,G_S04542,ADDR_S04542
S04543,Avni Shetty,avni shetty,INST-020,Undergraduate,2th Year,2005-04-24,G_S04543,ADDR_S04543
S04544,Chavvi Wason,chavvi wason,INST-042,Undergraduate,3th Year,2007-10-18,G_S04544,ADDR_S04544
S04545,Darika Singhal,darika singhal,INST-032,Undergraduate,2th Year,2004-11-24,G_S04545,ADDR_S04545
S04546,Libni Devan,libni devan,INST-058,Undergraduate,2th Year,2007-09-13,G_S04546,ADDR_S04546
S04547,Geetika Chand,geetika chand,INST-052,Undergraduate,3th Year,2005-03-22,G_S04547,ADDR_S04547
S04548,Hema Walia,hema walia,INST-049,Undergraduate,3th Year,2004-12-08,G_S04548,ADDR_S04548
S04549,Zayan Loyal,zayan loyal,INST-026,Undergraduate,3th Year,2004-04-28,G_S04549,ADDR_S04549
S04550,Bhavya Varghese,bhavya varghese,INST-004,Undergraduate,4th Year,2004-04-09,G_S04550,ADDR_S04550
S04551,Dhriti Naik,dhriti naik,INST-009,Undergraduate,3th Year,2004-07-07,G_S04551,ADDR_S04551
S04552,Rayaan Pall,rayaan pall,INST-012,Undergraduate,3th Year,2006-01-10,G_S04552,ADDR_S04552
S04553,Rehaan Nayak,rehaan nayak,INST-046,Undergraduate,2th Year,2005-05-05,G_S04553,ADDR_S04553
S04554,Arya Lalla,arya lalla,INST-017,Undergraduate,3th Year,2007-06-16,G_S04554,ADDR_S04554
S04555,Raghav Dewan,raghav dewan,INST-006,Undergraduate,3th Year,2006-04-17,G_S04555,ADDR_S04555
S04556,Ranveer Pathak,ranveer pathak,INST-008,Undergraduate,3th Year,2006-11-20,G_S04556,ADDR_S04556
S04557,Samarth Shere,samarth shere,INST-038,Undergraduate,3th Year,2006-12-07,G_S04557,ADDR_S04557
S04558,Jacob Manne,jacob manne,INST-024,Undergraduate,1th Year,2005-04-28,G_S04558,ADDR_S04558
S04559,Samesh Nazareth,samesh nazareth,INST-008,Undergraduate,2th Year,2005-08-19,G_S04559,ADDR_S04559
S04560,Watika Prasad,watika prasad,INST-030,Undergraduate,3th Year,2005-12-07,G_S04560,ADDR_S04560
S04561,Manya Sule,manya sule,INST-017,Undergraduate,4th Year,2007-11-22,G_S04561,ADDR_S04561
S04562,Tripti Yogi,tripti yogi,INST-004,Undergraduate,4th Year,2003-07-14,G_S04562,ADDR_S04562
S04563,Madhav Kumar,madhav kumar,INST-056,Undergraduate,3th Year,2007-02-26,G_S04563,ADDR_S04563
S04564,Zayyan Dash,zayyan dash,INST-039,Undergraduate,3th Year,2003-07-03,G_S04564,ADDR_S04564
S04565,Maya Aggarwal,maya aggarwal,INST-001,Undergraduate,2th Year,2008-04-03,G_S04565,ADDR_S04565
S04566,Ranbir Kumar,ranbir kumar,INST-049,Undergraduate,4th Year,2004-09-26,G_S04566,ADDR_S04566
S04567,Suhani Malhotra,suhani malhotra,INST-041,Undergraduate,4th Year,2003-05-24,G_S04567,ADDR_S04567
S04568,Rushil Lata,rushil lata,INST-003,Undergraduate,4th Year,2006-10-20,G_S04568,ADDR_S04568
S04569,Prisha Suri,prisha suri,INST-011,Undergraduate,1th Year,2005-05-05,G_S04569,ADDR_S04569
S04570,Vamakshi Sarkar,vamakshi sarkar,INST-015,Undergraduate,2th Year,2008-09-14,G_S04570,ADDR_S04570
S04571,Dhriti Dar,dhriti dar,INST-046,Undergraduate,3th Year,2006-06-22,G_S04571,ADDR_S04571
S04572,Pratyush Das,pratyush das,INST-058,Undergraduate,2th Year,2007-04-01,G_S04572,ADDR_S04572
S04573,Chatura Barman,chatura barman,INST-031,Undergraduate,4th Year,2006-07-01,G_S04573,ADDR_S04573
S04574,Arunima Chokshi,arunima chokshi,INST-038,Undergraduate,3th Year,2008-11-18,G_S04574,ADDR_S04574
S04575,Joshua Char,joshua char,INST-053,Undergraduate,4th Year,2008-01-28,G_S04575,ADDR_S04575
S04576,Samarth Baral,samarth baral,INST-041,Undergraduate,4th Year,2006-12-01,G_S04576,ADDR_S04576
S04577,Advaith Choudhury,advaith choudhury,INST-044,Undergraduate,3th Year,2003-03-03,G_S04577,ADDR_S04577
S04578,Aradhana Mane,aradhana mane,INST-025,Undergraduate,2th Year,2006-05-27,G_S04578,ADDR_S04578
S04579,Wridesh Kashyap,wridesh kashyap,INST-057,Undergraduate,1th Year,2007-06-26,G_S04579,ADDR_S04579
S04580,Amara Pandya,amara pandya,INST-016,Undergraduate,3th Year,2008-04-16,G_S04580,ADDR_S04580
S04581,Max Bajaj,max bajaj,INST-029,Undergraduate,3th Year,2006-04-16,G_S04581,ADDR_S04581
S04582,Thomas Garg,thomas garg,INST-048,Undergraduate,1th Year,2004-03-11,G_S04582,ADDR_S04582
S04583,Samar Badal,samar badal,INST-038,Undergraduate,2th Year,2004-08-19,G_S04583,ADDR_S04583
S04584,Gavin Madan,gavin madan,INST-011,Undergraduate,4th Year,2006-05-22,G_S04584,ADDR_S04584
S04585,Jeet Chandran,jeet chandran,INST-053,Undergraduate,4th Year,2003-01-18,G_S04585,ADDR_S04585
S04586,Niharika Kant,niharika kant,INST-006,Undergraduate,2th Year,2006-10-24,G_S04586,ADDR_S04586
S04587,Tripti Gandhi,tripti gandhi,INST-045,Undergraduate,4th Year,2006-12-08,G_S04587,ADDR_S04587
S04588,Thomas Mammen,thomas mammen,INST-020,Undergraduate,4th Year,2008-03-01,G_S04588,ADDR_S04588
S04589,Aarush Khare,aarush khare,INST-002,Undergraduate,1th Year,2003-09-20,G_S04589,ADDR_S04589
S04590,Radhika Raju,radhika raju,INST-010,Undergraduate,4th Year,2005-10-27,G_S04590,ADDR_S04590
S04591,Tanay Kata,tanay kata,INST-007,Undergraduate,4th Year,2003-04-07,G_S04591,ADDR_S04591
S04592,Finn Rege,finn rege,INST-024,Undergraduate,1th Year,2007-11-10,G_S04592,ADDR_S04592
S04593,Saanvi Doctor,saanvi doctor,INST-012,Undergraduate,2th Year,2006-09-18,G_S04593,ADDR_S04593
S04594,Lajita Bajaj,lajita bajaj,INST-016,Undergraduate,4th Year,2006-08-26,G_S04594,ADDR_S04594
S04595,Samesh Swamy,samesh swamy,INST-022,Undergraduate,3th Year,2007-01-07,G_S04595,ADDR_S04595
S04596,Hema Nagy,hema nagy,INST-052,Undergraduate,3th Year,2008-12-04,G_S04596,ADDR_S04596
S04597,Xalak Tripathi,xalak tripathi,INST-014,Undergraduate,1th Year,2007-10-24,G_S04597,ADDR_S04597
S04598,Riya Jha,riya jha,INST-013,Undergraduate,3th Year,2008-12-03,G_S04598,ADDR_S04598
S04599,Maanas Brahmbhatt,maanas brahmbhatt,INST-051,Undergraduate,1th Year,2006-03-26,G_S04599,ADDR_S04599
S04600,Om Raval,om raval,INST-046,Undergraduate,1th Year,2008-05-10,G_S04600,ADDR_S04600
S04601,Tejas Murthy,tejas murthy,INST-060,Undergraduate,3th Year,2008-03-15,G_S04601,ADDR_S04601
S04602,Nidhi Mahal,nidhi mahal,INST-012,Undergraduate,1th Year,2006-10-11,G_S04602,ADDR_S04602
S04603,Bina Kashyap,bina kashyap,INST-043,Undergraduate,3th Year,2007-10-07,G_S04603,ADDR_S04603
S04604,Upasna Bajwa,upasna bajwa,INST-035,Undergraduate,3th Year,2007-09-20,G_S04604,ADDR_S04604
S04605,Dhruv Sethi,dhruv sethi,INST-023,Undergraduate,1th Year,2008-12-23,G_S04605,ADDR_S04605
S04606,Lopa Pai,lopa pai,INST-019,Undergraduate,3th Year,2005-03-08,G_S04606,ADDR_S04606
S04607,Lakshmi Bahri,lakshmi bahri,INST-005,Undergraduate,4th Year,2006-09-12,G_S04607,ADDR_S04607
S04608,Rajata Sehgal,rajata sehgal,INST-051,Undergraduate,4th Year,2006-10-22,G_S04608,ADDR_S04608
S04609,Gaurav Sarkar,gaurav sarkar,INST-020,Undergraduate,2th Year,2006-08-05,G_S04609,ADDR_S04609
S04610,Ijaya Karnik,ijaya karnik,INST-059,Undergraduate,1th Year,2003-12-10,G_S04610,ADDR_S04610
S04611,Jeevika Lad,jeevika lad,INST-046,Undergraduate,4th Year,2003-11-08,G_S04611,ADDR_S04611
S04612,Nakul Ganguly,nakul ganguly,INST-020,Undergraduate,4th Year,2007-10-05,G_S04612,ADDR_S04612
S04613,Zansi Wali,zansi wali,INST-021,Undergraduate,2th Year,2004-09-25,G_S04613,ADDR_S04613
S04614,Balhaar Raj,balhaar raj,INST-006,Undergraduate,1th Year,2006-07-17,G_S04614,ADDR_S04614
S04615,Chanakya Karnik,chanakya karnik,INST-030,Undergraduate,4th Year,2003-07-14,G_S04615,ADDR_S04615
S04616,Nathan Chanda,nathan chanda,INST-048,Undergraduate,3th Year,2006-11-01,G_S04616,ADDR_S04616
S04617,Zashil Buch,zashil buch,INST-045,Undergraduate,2th Year,2007-06-14,G_S04617,ADDR_S04617
S04618,Sneha Dixit,sneha dixit,INST-024,Undergraduate,2th Year,2005-07-20,G_S04618,ADDR_S04618
S04619,Lucky Sarin,lucky sarin,INST-010,Undergraduate,3th Year,2007-12-13,G_S04619,ADDR_S04619
S04620,Quincy Karnik,quincy karnik,INST-037,Undergraduate,4th Year,2008-04-03,G_S04620,ADDR_S04620
S04621,Devika Ganesan,devika ganesan,INST-011,Undergraduate,4th Year,2007-03-06,G_S04621,ADDR_S04621
S04622,Vincent Chanda,vincent chanda,INST-009,Undergraduate,1th Year,2004-08-10,G_S04622,ADDR_S04622
S04623,Patrick Mani,patrick mani,INST-025,Undergraduate,4th Year,2004-08-22,G_S04623,ADDR_S04623
S04624,Pallavi Ganesh,pallavi ganesh,INST-023,Undergraduate,4th Year,2003-07-26,G_S04624,ADDR_S04624
S04625,ANAY HAYRE,anay hayre,INST-027,Undergraduate,4th Year,2005-07-20,G_S04625,ADDR_S04625
S04626,Ekalinga Chaudhuri,ekalinga chaudhuri,INST-034,Undergraduate,1th Year,2003-05-01,G_S04626,ADDR_S04626
S04627,Praneel Walla,praneel walla,INST-011,Undergraduate,3th Year,2007-03-23,G_S04627,ADDR_S04627
S04628,Turvi Pillay,turvi pillay,INST-051,Undergraduate,2th Year,2005-07-03,G_S04628,ADDR_S04628
S04629,Michael Walla,michael walla,INST-010,Undergraduate,1th Year,2008-07-28,G_S04629,ADDR_S04629
S04630,Yatan Anand,yatan anand,INST-043,Undergraduate,3th Year,2004-11-22,G_S04630,ADDR_S04630
S04631,Onveer Magar,onveer magar,INST-011,Undergraduate,1th Year,2004-11-13,G_S04631,ADDR_S04631
S04632,Xiti Thaman,xiti thaman,INST-042,Undergraduate,4th Year,2004-09-03,G_S04632,ADDR_S04632
S04633,Meera Deshmukh,meera deshmukh,INST-055,Undergraduate,2th Year,2004-11-16,G_S04633,ADDR_S04633
S04634,Chanakya Singh,chanakya singh,INST-039,Undergraduate,2th Year,2006-06-07,G_S04634,ADDR_S04634
S04635,Kevin Khurana,kevin khurana,INST-010,Undergraduate,4th Year,2008-06-14,G_S04635,ADDR_S04635
S04636,Arya Shere,arya shere,INST-052,Undergraduate,3th Year,2006-09-15,G_S04636,ADDR_S04636
S04637,Suhani Gill,suhani gill,INST-009,Undergraduate,3th Year,2007-10-03,G_S04637,ADDR_S04637
S04638,Yuvraj Edwin,yuvraj edwin,INST-039,Undergraduate,2th Year,2003-12-03,G_S04638,ADDR_S04638
S04639,Ekalinga Purohit,ekalinga purohit,INST-029,Undergraduate,4th Year,2008-02-14,G_S04639,ADDR_S04639
S04640,Aadi Mani,aadi mani,INST-009,Undergraduate,2th Year,2008-07-04,G_S04640,ADDR_S04640
S04641,Vrishti Rana,vrishti rana,INST-046,Undergraduate,2th Year,2007-05-18,G_S04641,ADDR_S04641
S04642,Unnati Venkatesh,unnati venkatesh,INST-055,Undergraduate,3th Year,2006-08-27,G_S04642,ADDR_S04642
S04643,Nidhi Krishnamurthy,nidhi krishnamurthy,INST-057,Undergraduate,3th Year,2008-06-01,G_S04643,ADDR_S04643
S04644,Ojas Thakur,ojas thakur,INST-039,Undergraduate,4th Year,2008-08-17,G_S04644,ADDR_S04644
S04645,Jonathan Bansal,jonathan bansal,INST-042,Undergraduate,2th Year,2006-01-04,G_S04645,ADDR_S04645
S04646,Ethan Pillai,ethan pillai,INST-030,Undergraduate,4th Year,2003-09-25,G_S04646,ADDR_S04646
S04647,Jack Sachar,jack sachar,INST-034,Undergraduate,2th Year,2003-11-05,G_S04647,ADDR_S04647
S04648,Keya Mistry,keya mistry,INST-036,Undergraduate,2th Year,2003-10-20,G_S04648,ADDR_S04648
S04649,Arjun Murty,arjun murty,INST-015,Undergraduate,4th Year,2004-05-25,G_S04649,ADDR_S04649
S04650,Rushil Babu,rushil babu,INST-025,Undergraduate,4th Year,2003-08-21,G_S04650,ADDR_S04650
S04651,Radhika Din,radhika din,INST-043,Undergraduate,2th Year,2007-07-16,G_S04651,ADDR_S04651
S04652,Logan Mittal,logan mittal,INST-053,Undergraduate,2th Year,2003-07-09,G_S04652,ADDR_S04652
S04653,Yash Dhar,yash dhar,INST-028,Undergraduate,1th Year,2005-09-17,G_S04653,ADDR_S04653
S04654,Utkarsh Sarna,utkarsh sarna,INST-011,Undergraduate,1th Year,2004-10-26,G_S04654,ADDR_S04654
S04655,Vidhi Rastogi,vidhi rastogi,INST-018,Undergraduate,1th Year,2007-06-17,G_S04655,ADDR_S04655
S04656,Udyati Prabhu,udyati prabhu,INST-050,Undergraduate,1th Year,2005-10-26,G_S04656,ADDR_S04656
S04657,Ubika  De,ubika de,INST-043,Undergraduate,2th Year,2007-09-11,G_S04657,ADDR_S04657
S04658,Charan Korpal,charan korpal,INST-046,Undergraduate,3th Year,2008-08-10,G_S04658,ADDR_S04658
S04659,Harrison Merchant,harrison merchant,INST-041,Undergraduate,1th Year,2007-09-11,G_S04659,ADDR_S04659
S04660,Chatresh Palla,chatresh palla,INST-010,Undergraduate,1th Year,2005-05-05,G_S04660,ADDR_S04660
S04661,Libni Sant,libni sant,INST-005,Undergraduate,1th Year,2004-06-20,G_S04661,ADDR_S04661
S04662,Chaitaly Pant,chaitaly pant,INST-037,Undergraduate,2th Year,2005-10-15,G_S04662,ADDR_S04662
S04663,Banjeet Srinivas,banjeet srinivas,INST-015,Undergraduate,4th Year,2006-07-28,G_S04663,ADDR_S04663
S04664,Indira Narula,indira narula,INST-054,Undergraduate,3th Year,2003-04-25,G_S04664,ADDR_S04664
S04665,Dayita Toor,dayita toor,INST-037,Undergraduate,4th Year,2005-05-22,G_S04665,ADDR_S04665
S04666,Advay Chaudhuri,advay chaudhuri,INST-033,Undergraduate,2th Year,2004-12-25,G_S04666,ADDR_S04666
S04667,Anamika Bhasin,anamika bhasin,INST-012,Undergraduate,1th Year,2006-02-12,G_S04667,ADDR_S04667
S04668,Yashodhara Kamdar,yashodhara kamdar,INST-008,Undergraduate,1th Year,2003-08-17,G_S04668,ADDR_S04668
S04669,Arjun Sen,arjun sen,INST-029,Undergraduate,2th Year,2008-11-18,G_S04669,ADDR_S04669
S04670,Gaurika Sharma,gaurika sharma,INST-004,Undergraduate,4th Year,2005-08-09,G_S04670,ADDR_S04670
S04671,Eta Mane,eta mane,INST-059,Undergraduate,4th Year,2003-07-15,G_S04671,ADDR_S04671
S04672,Charan Varughese,charan varughese,INST-056,Undergraduate,4th Year,2008-03-13,G_S04672,ADDR_S04672
S04673,Raksha Sura,raksha sura,INST-060,Undergraduate,3th Year,2008-06-04,G_S04673,ADDR_S04673
S04674,Yoshita Bansal,yoshita bansal,INST-023,Undergraduate,4th Year,2008-05-26,G_S04674,ADDR_S04674
S04675,Mitesh Purohit,mitesh purohit,INST-055,Undergraduate,1th Year,2008-02-27,G_S04675,ADDR_S04675
S04676,Ria Loke,ria loke,INST-007,Undergraduate,4th Year,2006-04-26,G_S04676,ADDR_S04676
S04677,Lucky Hegde,lucky hegde,INST-030,Undergraduate,3th Year,2003-11-14,G_S04677,ADDR_S04677
S04678,Leena Majumdar,leena majumdar,INST-035,Undergraduate,2th Year,2003-10-08,G_S04678,ADDR_S04678
S04679,Thomas Barman,thomas barman,INST-012,Undergraduate,2th Year,2008-05-24,G_S04679,ADDR_S04679
S04680,Chavvi Arora,chavvi arora,INST-016,Undergraduate,2th Year,2004-05-20,G_S04680,ADDR_S04680
S04681,Robert Sahota,robert sahota,INST-029,Undergraduate,4th Year,2007-11-05,G_S04681,ADDR_S04681
S04682,Omisha Doshi,omisha doshi,INST-053,Undergraduate,2th Year,2005-11-24,G_S04682,ADDR_S04682
S04683,Aadhya Kade,aadhya kade,INST-043,Undergraduate,4th Year,2007-08-24,G_S04683,ADDR_S04683
S04684,Dominic Gade,dominic gade,INST-012,Undergraduate,4th Year,2003-04-22,G_S04684,ADDR_S04684
S04685,Alka Subramanian,alka subramanian,INST-049,Undergraduate,1th Year,2007-04-04,G_S04685,ADDR_S04685
S04686,Theodore Sidhu,theodore sidhu,INST-018,Undergraduate,2th Year,2008-04-05,G_S04686,ADDR_S04686
S04687,Wakeeta Comar,wakeeta comar,INST-016,Undergraduate,3th Year,2005-06-12,G_S04687,ADDR_S04687
S04688,Tripti Oommen,tripti oommen,INST-021,Undergraduate,2th Year,2003-05-25,G_S04688,ADDR_S04688
S04689,Upasna Kuruvilla,upasna kuruvilla,INST-015,Undergraduate,2th Year,2006-08-07,G_S04689,ADDR_S04689
S04690,Eta Vyas,eta vyas,INST-029,Undergraduate,4th Year,2005-08-04,G_S04690,ADDR_S04690
S04691,Zinal Mallick,zinal mallick,INST-006,Undergraduate,1th Year,2007-07-06,G_S04691,ADDR_S04691
S04692,Upkaar Bains,upkaar bains,INST-019,Undergraduate,4th Year,2006-01-22,G_S04692,ADDR_S04692
S04693,Vasudha Magar,vasudha magar,INST-002,Undergraduate,2th Year,2007-10-26,G_S04693,ADDR_S04693
S04694,Yashodhara Mital,yashodhara mital,INST-057,Undergraduate,2th Year,2003-07-07,G_S04694,ADDR_S04694
S04695,Nidhi Behl,nidhi behl,INST-007,Undergraduate,1th Year,2004-04-23,G_S04695,ADDR_S04695
S04696,Aarini Chhabra,aarini chhabra,INST-052,Undergraduate,4th Year,2005-10-03,G_S04696,ADDR_S04696
S04697,Udant Kanda,udant kanda,INST-016,Undergraduate,1th Year,2004-02-02,G_S04697,ADDR_S04697
S04698,Ucchal Dua,ucchal dua,INST-050,Undergraduate,2th Year,2004-09-09,G_S04698,ADDR_S04698
S04699,Yashasvi Patil,yashasvi patil,INST-049,Undergraduate,4th Year,2004-03-19,G_S04699,ADDR_S04699
S04700,Mugdha Saini,mugdha saini,INST-033,Undergraduate,4th Year,2003-01-13,G_S04700,ADDR_S04700
S04701,Chandani Bumb,chandani bumb,INST-051,Undergraduate,3th Year,2006-10-01,G_S04701,ADDR_S04701
S04702,Nicholas Srivastava,nicholas srivastava,INST-022,Undergraduate,1th Year,2008-07-27,G_S04702,ADDR_S04702
S04703,Dipta Bhandari,dipta bhandari,INST-002,Undergraduate,3th Year,2005-08-28,G_S04703,ADDR_S04703
S04704,Nidra Sankaran,nidra sankaran,INST-004,Undergraduate,3th Year,2004-04-25,G_S04704,ADDR_S04704
S04705,Oeshi Solanki,oeshi solanki,INST-048,Undergraduate,1th Year,2008-01-22,G_S04705,ADDR_S04705
S04706,Gauri Prabhakar,gauri prabhakar,INST-011,Undergraduate,1th Year,2005-11-24,G_S04706,ADDR_S04706
S04707,Darika Keer,darika keer,INST-017,Undergraduate,2th Year,2003-08-25,G_S04707,ADDR_S04707
S04708,Vyanjana Randhawa,vyanjana randhawa,INST-021,Undergraduate,1th Year,2004-10-26,G_S04708,ADDR_S04708
S04709,Nidra Sani,nidra sani,INST-049,Undergraduate,2th Year,2007-11-18,G_S04709,ADDR_S04709
S04710,Bhavini Kohli,bhavini kohli,INST-038,Undergraduate,1th Year,2006-07-18,G_S04710,ADDR_S04710
S04711,Gayathri Dutta,gayathri dutta,INST-028,Undergraduate,1th Year,2006-12-08,G_S04711,ADDR_S04711
S04712,Krisha Butala,krisha butala,INST-039,Undergraduate,3th Year,2004-01-08,G_S04712,ADDR_S04712
S04713,Fitan Butala,fitan butala,INST-011,Undergraduate,2th Year,2007-04-17,G_S04713,ADDR_S04713
S04714,Mason Zachariah,mason zachariah,INST-060,Undergraduate,4th Year,2005-05-07,G_S04714,ADDR_S04714
S04715,Waida Chanda,waida chanda,INST-047,Undergraduate,2th Year,2004-01-17,G_S04715,ADDR_S04715
S04716,Charan Agate,charan agate,INST-027,Undergraduate,2th Year,2007-11-02,G_S04716,ADDR_S04716
S04717,Peter Bali,peter bali,INST-004,Undergraduate,1th Year,2005-10-01,G_S04717,ADDR_S04717
S04718,Bishakha Peri,bishakha peri,INST-059,Undergraduate,4th Year,2004-02-02,G_S04718,ADDR_S04718
S04719,Gagan Baria,gagan baria,INST-017,Undergraduate,1th Year,2006-02-16,G_S04719,ADDR_S04719
S04720,Dayita Narayanan,dayita narayanan,INST-017,Undergraduate,3th Year,2007-07-11,G_S04720,ADDR_S04720
S04721,Balvan Butala,balvan butala,INST-050,Undergraduate,4th Year,2004-04-13,G_S04721,ADDR_S04721
S04722,Aadi Handa,aadi handa,INST-051,Undergraduate,1th Year,2004-01-18,G_S04722,ADDR_S04722
S04723,Mahika Swaminathan,mahika swaminathan,INST-034,Undergraduate,2th Year,2007-11-19,G_S04723,ADDR_S04723
S04724,Amara Manne,amara manne,INST-038,Undergraduate,3th Year,2003-07-01,G_S04724,ADDR_S04724
S04725,Bhavani Devi,bhavani devi,INST-029,Undergraduate,3th Year,2007-01-07,G_S04725,ADDR_S04725
S04726,Turvi Lad,turvi lad,INST-031,Undergraduate,4th Year,2005-03-09,G_S04726,ADDR_S04726
S04727,Yutika Char,yutika char,INST-016,Undergraduate,2th Year,2007-04-01,G_S04727,ADDR_S04727
S04728,Udarsh Mander,udarsh mander,INST-009,Undergraduate,3th Year,2004-03-20,G_S04728,ADDR_S04728
S04729,Maya Nigam,maya nigam,INST-056,Undergraduate,4th Year,2008-05-15,G_S04729,ADDR_S04729
S04730,Urvashi Sethi,urvashi sethi,INST-056,Undergraduate,4th Year,2003-05-25,G_S04730,ADDR_S04730
S04731,Yashodhara Mohan,yashodhara mohan,INST-005,Undergraduate,3th Year,2007-08-15,G_S04731,ADDR_S04731
S04732,Nandini Sahota,nandini sahota,INST-003,Undergraduate,3th Year,2003-06-16,G_S04732,ADDR_S04732
S04733,Dayamai Narain,dayamai narain,INST-047,Undergraduate,1th Year,2005-02-23,G_S04733,ADDR_S04733
S04734,Wridesh Shenoy,wridesh shenoy,INST-041,Undergraduate,1th Year,2006-12-06,G_S04734,ADDR_S04734
S04735,Mohammed Bansal,mohammed bansal,INST-033,Undergraduate,4th Year,2007-10-04,G_S04735,ADDR_S04735
S04736,Daniel Dalal,daniel dalal,INST-015,Undergraduate,3th Year,2003-02-02,G_S04736,ADDR_S04736
S04737,Hritik Sen,hritik sen,INST-036,Undergraduate,4th Year,2005-08-23,G_S04737,ADDR_S04737
S04738,Manthan Borah,manthan borah,INST-010,Undergraduate,1th Year,2004-08-25,G_S04738,ADDR_S04738
S04739,Gaurangi Nagarajan,gaurangi nagarajan,INST-042,Undergraduate,1th Year,2007-07-01,G_S04739,ADDR_S04739
S04740,Vasatika Saran,vasatika saran,INST-045,Undergraduate,3th Year,2005-04-15,G_S04740,ADDR_S04740
S04741,Jason Mittal,jason mittal,INST-018,Undergraduate,3th Year,2005-10-13,G_S04741,ADDR_S04741
S04742,Urvashi Bandi,urvashi bandi,INST-028,Undergraduate,3th Year,2005-09-23,G_S04742,ADDR_S04742
S04743,Naksh Raman,naksh raman,INST-001,Undergraduate,4th Year,2005-07-02,G_S04743,ADDR_S04743
S04744,Hemani Bhatti,hemani bhatti,INST-028,Undergraduate,1th Year,2006-10-16,G_S04744,ADDR_S04744
S04745,Azad Krishnan,azad krishnan,INST-011,Undergraduate,3th Year,2004-08-07,G_S04745,ADDR_S04745
S04746,Rachit Tank,rachit tank,INST-048,Undergraduate,3th Year,2003-11-20,G_S04746,ADDR_S04746
S04747,Mitali Naik,mitali naik,INST-053,Undergraduate,4th Year,2007-12-22,G_S04747,ADDR_S04747
S04748,Kiaan Narain,kiaan narain,INST-059,Undergraduate,3th Year,2004-10-24,G_S04748,ADDR_S04748
S04749,Divya Gour,divya gour,INST-045,Undergraduate,4th Year,2003-11-04,G_S04749,ADDR_S04749
S04750,Nitesh Krishna,nitesh krishna,INST-017,Undergraduate,3th Year,2006-01-02,G_S04750,ADDR_S04750
S04751,Girik Sur,girik sur,INST-027,Undergraduate,4th Year,2003-08-04,G_S04751,ADDR_S04751
S04752,Manbir Basak,manbir basak,INST-028,Undergraduate,3th Year,2003-07-28,G_S04752,ADDR_S04752
S04753,Wriddhish Varghese,wriddhish varghese,INST-047,Undergraduate,1th Year,2006-12-14,G_S04753,ADDR_S04753
S04754,Arunima Jain,arunima jain,INST-011,Undergraduate,2th Year,2008-06-10,G_S04754,ADDR_S04754
S04755,Omisha Barad,omisha barad,INST-015,Undergraduate,3th Year,2006-03-11,G_S04755,ADDR_S04755
S04756,Jalsa Oza,jalsa oza,INST-030,Undergraduate,1th Year,2008-04-14,G_S04756,ADDR_S04756
S04757,Geetika Agate,geetika agate,INST-007,Undergraduate,2th Year,2006-02-08,G_S04757,ADDR_S04757
S04758,Vasudha Thaker,vasudha thaker,INST-056,Undergraduate,1th Year,2008-07-13,G_S04758,ADDR_S04758
S04759,Siddharth Divan,siddharth divan,INST-019,Undergraduate,3th Year,2004-11-21,G_S04759,ADDR_S04759
S04760,Yashasvi Mahal,yashasvi mahal,INST-015,Undergraduate,4th Year,2003-08-18,G_S04760,ADDR_S04760
S04761,Ronith Saran,ronith saran,INST-005,Undergraduate,4th Year,2004-03-04,G_S04761,ADDR_S04761
S04762,Suhani Mannan,suhani mannan,INST-049,Undergraduate,3th Year,2005-06-27,G_S04762,ADDR_S04762
S04763,Chaitanya Mane,chaitanya mane,INST-008,Undergraduate,3th Year,2006-01-12,G_S04763,ADDR_S04763
S04764,Andrew Reddy,andrew reddy,INST-035,Undergraduate,3th Year,2005-02-05,G_S04764,ADDR_S04764
S04765,Urvi Sahni,urvi sahni,INST-038,Undergraduate,4th Year,2008-03-11,G_S04765,ADDR_S04765
S04766,Vihaan Murty,vihaan murty,INST-016,Undergraduate,1th Year,2003-07-21,G_S04766,ADDR_S04766
S04767,Shivani Lanka,shivani lanka,INST-006,Undergraduate,4th Year,2008-06-03,G_S04767,ADDR_S04767
S04768,Balvan Karnik,balvan karnik,INST-017,Undergraduate,2th Year,2003-03-15,G_S04768,ADDR_S04768
S04769,Megha Lanka,megha lanka,INST-017,Undergraduate,4th Year,2006-12-06,G_S04769,ADDR_S04769
S04770,Veer Baria,veer baria,INST-006,Undergraduate,4th Year,2003-06-05,G_S04770,ADDR_S04770
S04771,Shivani Khare,shivani khare,INST-052,Undergraduate,4th Year,2003-12-22,G_S04771,ADDR_S04771
S04772,Aarnav Sani,aarnav sani,INST-034,Undergraduate,4th Year,2003-10-18,G_S04772,ADDR_S04772
S04773,Faqid Mahal,faqid mahal,INST-036,Undergraduate,4th Year,2005-09-22,G_S04773,ADDR_S04773
S04774,Amol Thaker,amol thaker,INST-033,Undergraduate,2th Year,2003-12-01,G_S04774,ADDR_S04774
S04775,Charan Taneja,charan taneja,INST-052,Undergraduate,1th Year,2007-02-09,G_S04775,ADDR_S04775
S04776,Bhavna D’Alia,bhavna d’alia,INST-054,Undergraduate,1th Year,2007-12-04,G_S04776,ADDR_S04776
S04777,Lopa Narasimhan,lopa narasimhan,INST-046,Undergraduate,4th Year,2007-10-02,G_S04777,ADDR_S04777
S04778,Sai Atwal,sai atwal,INST-005,Undergraduate,4th Year,2007-05-14,G_S04778,ADDR_S04778
S04779,Fariq Narasimhan,fariq narasimhan,INST-057,Undergraduate,4th Year,2005-03-17,G_S04779,ADDR_S04779
S04780,Varsha Bail,varsha bail,INST-056,Undergraduate,2th Year,2003-08-27,G_S04780,ADDR_S04780
S04781,Kai Kuruvilla,kai kuruvilla,INST-045,Undergraduate,1th Year,2007-03-01,G_S04781,ADDR_S04781
S04782,Brinda Kurian,brinda kurian,INST-017,Undergraduate,4th Year,2008-06-16,G_S04782,ADDR_S04782
S04783,Neel Sandhu,neel sandhu,INST-032,Undergraduate,3th Year,2003-05-08,G_S04783,ADDR_S04783
S04784,Nihal Pathak,nihal pathak,INST-007,Undergraduate,3th Year,2003-09-13,G_S04784,ADDR_S04784
S04785,Bhavya More,bhavya more,INST-057,Undergraduate,4th Year,2004-05-24,G_S04785,ADDR_S04785
S04786,Faraj Dugal,faraj dugal,INST-059,Undergraduate,1th Year,2004-11-28,G_S04786,ADDR_S04786
S04787,Aarush Khatri,aarush khatri,INST-021,Undergraduate,3th Year,2007-04-19,G_S04787,ADDR_S04787
S04788,Anamika Gola,anamika gola,INST-024,Undergraduate,3th Year,2004-11-21,G_S04788,ADDR_S04788
S04789,Siya Nazareth,siya nazareth,INST-035,Undergraduate,4th Year,2005-07-20,G_S04789,ADDR_S04789
S04790,Xiti Warrior,xiti warrior,INST-039,Undergraduate,2th Year,2006-07-23,G_S04790,ADDR_S04790
S04791,Yasti Das,yasti das,INST-016,Undergraduate,3th Year,2003-09-07,G_S04791,ADDR_S04791
S04792,Arunima Chacko,arunima chacko,INST-053,Undergraduate,2th Year,2007-01-03,G_S04792,ADDR_S04792
S04793,George Pandit,george pandit,INST-002,Undergraduate,2th Year,2008-07-22,G_S04793,ADDR_S04793
S04794,Lipika Gulati,lipika gulati,INST-015,Undergraduate,2th Year,2005-02-27,G_S04794,ADDR_S04794
S04795,Andrew Chadha,andrew chadha,INST-002,Undergraduate,1th Year,2007-07-27,G_S04795,ADDR_S04795
S04796,Nicholas Dhingra,nicholas dhingra,INST-041,Undergraduate,4th Year,2008-08-24,G_S04796,ADDR_S04796
S04797,Naveen Vig,naveen vig,INST-009,Undergraduate,1th Year,2005-01-18,G_S04797,ADDR_S04797
S04798,Varenya Panchal,varenya panchal,INST-030,Undergraduate,4th Year,2003-02-21,G_S04798,ADDR_S04798
S04799,Harini Ramachandran,harini ramachandran,INST-051,Undergraduate,3th Year,2004-03-11,G_S04799,ADDR_S04799
S04800,Hemang Vala,hemang vala,INST-009,Undergraduate,2th Year,2005-08-16,G_S04800,ADDR_S04800
S04801,Simon Ganesh,simon ganesh,INST-024,Undergraduate,3th Year,2004-02-04,G_S04801,ADDR_S04801
S04802,Veda Bhavsar,veda bhavsar,INST-003,Undergraduate,4th Year,2004-09-08,G_S04802,ADDR_S04802
S04803,Warda Shankar,warda shankar,INST-054,Undergraduate,1th Year,2008-11-10,G_S04803,ADDR_S04803
S04804,Ekanta Pillay,ekanta pillay,INST-033,Undergraduate,4th Year,2006-01-13,G_S04804,ADDR_S04804
S04805,Benjamin Bansal,benjamin bansal,INST-016,Undergraduate,3th Year,2006-02-28,G_S04805,ADDR_S04805
S04806,Raghav Aggarwal,raghav aggarwal,INST-029,Undergraduate,1th Year,2007-10-17,G_S04806,ADDR_S04806
S04807,Anay Pradhan,anay pradhan,INST-048,Undergraduate,3th Year,2008-06-26,G_S04807,ADDR_S04807
S04808,Ojasvi Amble,ojasvi amble,INST-022,Undergraduate,2th Year,2008-06-21,G_S04808,ADDR_S04808
S04809,Ubika Chada,ubika chada,INST-032,Undergraduate,2th Year,2007-10-13,G_S04809,ADDR_S04809
S04810,Gopal Verma,gopal verma,INST-037,Undergraduate,4th Year,2007-11-21,G_S04810,ADDR_S04810
S04811,Laban Solanki,laban solanki,INST-046,Undergraduate,3th Year,2004-09-27,G_S04811,ADDR_S04811
S04812,Harini Dar,harini dar,INST-021,Undergraduate,4th Year,2005-10-11,G_S04812,ADDR_S04812
S04813,Edhitha Korpal,edhitha korpal,INST-026,Undergraduate,1th Year,2008-09-01,G_S04813,ADDR_S04813
S04814,Pavani Memon,pavani memon,INST-031,Undergraduate,2th Year,2008-03-16,G_S04814,ADDR_S04814
S04815,Hredhaan Bhakta,hredhaan bhakta,INST-046,Undergraduate,1th Year,2005-02-15,G_S04815,ADDR_S04815
S04816,Laksh Kuruvilla,laksh kuruvilla,INST-022,Undergraduate,2th Year,2005-04-25,G_S04816,ADDR_S04816
S04817,Michael Mand,michael mand,INST-030,Undergraduate,4th Year,2004-05-24,G_S04817,ADDR_S04817
S04818,Nisha Borde,nisha borde,INST-050,Undergraduate,4th Year,2005-01-07,G_S04818,ADDR_S04818
S04819,Falan Tara,falan tara,INST-042,Undergraduate,4th Year,2006-02-21,G_S04819,ADDR_S04819
S04820,Charita  Ray,charita ray,INST-006,Undergraduate,1th Year,2006-05-13,G_S04820,ADDR_S04820
S04821,Atharv Mane,atharv mane,INST-018,Undergraduate,1th Year,2006-02-25,G_S04821,ADDR_S04821
S04822,Qasim Chander,qasim chander,INST-028,Undergraduate,2th Year,2008-01-07,G_S04822,ADDR_S04822
S04823,Harish Patil,harish patil,INST-055,Undergraduate,3th Year,2007-08-24,G_S04823,ADDR_S04823
S04824,Girish Lalla,girish lalla,INST-047,Undergraduate,1th Year,2008-01-22,G_S04824,ADDR_S04824
S04825,Eesha Dasgupta,eesha dasgupta,INST-042,Undergraduate,3th Year,2008-07-24,G_S04825,ADDR_S04825
S04826,Simon Brar,simon brar,INST-006,Undergraduate,2th Year,2008-07-22,G_S04826,ADDR_S04826
S04827,Chandran Malhotra,chandran malhotra,INST-059,Undergraduate,2th Year,2007-01-19,G_S04827,ADDR_S04827
S04828,Fariq Mishra,fariq mishra,INST-026,Undergraduate,1th Year,2008-07-07,G_S04828,ADDR_S04828
S04829,Harish Raval,harish raval,INST-004,Undergraduate,4th Year,2007-08-28,G_S04829,ADDR_S04829
S04830,Devika Salvi,devika salvi,INST-033,Undergraduate,2th Year,2008-11-12,G_S04830,ADDR_S04830
S04831,Gauri Luthra,gauri luthra,INST-024,Undergraduate,3th Year,2007-12-18,G_S04831,ADDR_S04831
S04832,Laksh Biswas,laksh biswas,INST-004,Undergraduate,3th Year,2007-10-19,G_S04832,ADDR_S04832
S04833,Aayush Chhabra,aayush chhabra,INST-012,Undergraduate,1th Year,2005-05-23,G_S04833,ADDR_S04833
S04834,Brijesh  Singh,brijesh singh,INST-037,Undergraduate,1th Year,2004-03-13,G_S04834,ADDR_S04834
S04835,Nidra Chhabra,nidra chhabra,INST-017,Undergraduate,3th Year,2003-06-16,G_S04835,ADDR_S04835
S04836,Nathan Kota,nathan kota,INST-005,Undergraduate,2th Year,2008-11-21,G_S04836,ADDR_S04836
S04837,Gaurika Ganguly,gaurika ganguly,INST-049,Undergraduate,3th Year,2007-10-06,G_S04837,ADDR_S04837
S04838,Hemang Badal,hemang badal,INST-009,Undergraduate,4th Year,2008-01-28,G_S04838,ADDR_S04838
S04839,Tejas  Date,tejas date,INST-050,Undergraduate,2th Year,2004-06-05,G_S04839,ADDR_S04839
S04840,Yashodhara Khare,yashodhara khare,INST-007,Undergraduate,2th Year,2005-10-21,G_S04840,ADDR_S04840
S04841,Abdul Virk,abdul virk,INST-027,Undergraduate,3th Year,2006-05-22,G_S04841,ADDR_S04841
S04842,Raghav Tailor,raghav tailor,INST-010,Undergraduate,1th Year,2003-02-18,G_S04842,ADDR_S04842
S04843,Daniel Sani,daniel sani,INST-004,Undergraduate,3th Year,2003-12-22,G_S04843,ADDR_S04843
S04844,Lipika Hans,lipika hans,INST-021,Undergraduate,1th Year,2003-09-21,G_S04844,ADDR_S04844
S04845,Hemangini Deshpande,hemangini deshpande,INST-052,Undergraduate,2th Year,2006-09-26,G_S04845,ADDR_S04845
S04846,Nisha Mani,nisha mani,INST-054,Undergraduate,3th Year,2006-06-08,G_S04846,ADDR_S04846
S04847,Zaid Dash,zaid dash,INST-029,Undergraduate,2th Year,2006-10-28,G_S04847,ADDR_S04847
S04848,Aadhya Tank,aadhya tank,INST-011,Undergraduate,1th Year,2005-01-06,G_S04848,ADDR_S04848
S04849,Ishwar Ravi,ishwar ravi,INST-057,Undergraduate,3th Year,2004-02-20,G_S04849,ADDR_S04849
S04850,Zehaan Dave,zehaan dave,INST-001,Undergraduate,2th Year,2006-01-20,G_S04850,ADDR_S04850
S04851,Jagdish Kothari,jagdish kothari,INST-005,Undergraduate,2th Year,2006-07-01,G_S04851,ADDR_S04851
S04852,Banjeet Kashyap,banjeet kashyap,INST-039,Undergraduate,4th Year,2005-08-24,G_S04852,ADDR_S04852
S04853,Chakradhar Bora,chakradhar bora,INST-040,Undergraduate,4th Year,2005-09-24,G_S04853,ADDR_S04853
S04854,Kiaan Kamdar,kiaan kamdar,INST-016,Undergraduate,3th Year,2005-05-26,G_S04854,ADDR_S04854
S04855,Isaiah Agate,isaiah agate,INST-037,Undergraduate,4th Year,2006-05-08,G_S04855,ADDR_S04855
S04856,Indrajit Atwal,indrajit atwal,INST-033,Undergraduate,4th Year,2006-06-13,G_S04856,ADDR_S04856
S04857,Hredhaan Om,hredhaan om,INST-049,Undergraduate,4th Year,2007-11-18,G_S04857,ADDR_S04857
S04858,Sanya Dhawan,sanya dhawan,INST-053,Undergraduate,1th Year,2003-06-19,G_S04858,ADDR_S04858
S04859,Jatin Pillay,jatin pillay,INST-008,Undergraduate,3th Year,2003-06-24,G_S04859,ADDR_S04859
S04860,Nirja Radhakrishnan,nirja radhakrishnan,INST-060,Undergraduate,4th Year,2004-11-24,G_S04860,ADDR_S04860
S04861,Sachi Jaggi,sachi jaggi,INST-015,Undergraduate,4th Year,2005-04-07,G_S04861,ADDR_S04861
S04862,Samuel Ramachandran,samuel ramachandran,INST-031,Undergraduate,1th Year,2007-07-26,G_S04862,ADDR_S04862
S04863,Raghav Kibe,raghav kibe,INST-008,Undergraduate,4th Year,2008-06-21,G_S04863,ADDR_S04863
S04864,Vrinda Mahal,vrinda mahal,INST-051,Undergraduate,4th Year,2006-04-02,G_S04864,ADDR_S04864
S04865,Chandran Krishnan,chandran krishnan,INST-042,Undergraduate,4th Year,2006-01-19,G_S04865,ADDR_S04865
S04866,Rachita Sheth,rachita sheth,INST-021,Undergraduate,1th Year,2008-11-10,G_S04866,ADDR_S04866
S04867,Darsh Bhasin,darsh bhasin,INST-009,Undergraduate,1th Year,2008-02-01,G_S04867,ADDR_S04867
S04868,Bimala Jani,bimala jani,INST-045,Undergraduate,3th Year,2004-08-17,G_S04868,ADDR_S04868
S04869,Indrajit Mani,indrajit mani,INST-002,Undergraduate,3th Year,2006-08-04,G_S04869,ADDR_S04869
S04870,Bhanumati Mammen,bhanumati mammen,INST-038,Undergraduate,4th Year,2004-05-26,G_S04870,ADDR_S04870
S04871,Pooja Atwal,pooja atwal,INST-038,Undergraduate,3th Year,2003-08-11,G_S04871,ADDR_S04871
S04872,Dhruv Sha,dhruv sha,INST-052,Undergraduate,2th Year,2008-07-11,G_S04872,ADDR_S04872
S04873,Chavvi Kapur,chavvi kapur,INST-056,Undergraduate,1th Year,2005-02-26,G_S04873,ADDR_S04873
S04874,Sai Majumdar,sai majumdar,INST-029,Undergraduate,2th Year,2007-02-11,G_S04874,ADDR_S04874
S04875,Madhavi Madan,madhavi madan,INST-051,Undergraduate,3th Year,2004-08-19,G_S04875,ADDR_S04875
S04876,Varsha Kannan,varsha kannan,INST-047,Undergraduate,3th Year,2003-04-16,G_S04876,ADDR_S04876
S04877,Kiaan  Badal,kiaan badal,INST-045,Undergraduate,3th Year,2007-04-02,G_S04877,ADDR_S04877
S04878,Vedika Rajagopalan,vedika rajagopalan,INST-033,Undergraduate,1th Year,2006-08-06,G_S04878,ADDR_S04878
S04879,Yashodhara Dhillon,yashodhara dhillon,INST-043,Undergraduate,3th Year,2005-10-12,G_S04879,ADDR_S04879
S04880,Amrita Prabhakar,amrita prabhakar,INST-052,Undergraduate,4th Year,2006-11-05,G_S04880,ADDR_S04880
S04881,Hardik Magar,hardik magar,INST-022,Undergraduate,1th Year,2003-11-18,G_S04881,ADDR_S04881
S04882,Netra Bahri,netra bahri,INST-010,Undergraduate,4th Year,2007-05-25,G_S04882,ADDR_S04882
S04883,Hredhaan Khurana,hredhaan khurana,INST-002,Undergraduate,3th Year,2003-06-02,G_S04883,ADDR_S04883
S04884,Zayyan Konda,zayyan konda,INST-025,Undergraduate,1th Year,2006-11-27,G_S04884,ADDR_S04884
S04885,Watika Wadhwa,watika wadhwa,INST-041,Undergraduate,3th Year,2003-12-09,G_S04885,ADDR_S04885
S04886,Manthan Bahri,manthan bahri,INST-056,Undergraduate,3th Year,2003-11-18,G_S04886,ADDR_S04886
S04887,Oni Om,oni om,INST-002,Undergraduate,1th Year,2008-07-10,G_S04887,ADDR_S04887
S04888,Vasana Hari,vasana hari,INST-042,Undergraduate,1th Year,2008-04-26,G_S04888,ADDR_S04888
S04889,Ikbal Mohan,ikbal mohan,INST-026,Undergraduate,3th Year,2005-09-24,G_S04889,ADDR_S04889
S04890,Zayan Magar,zayan magar,INST-015,Undergraduate,1th Year,2005-11-22,G_S04890,ADDR_S04890
S04891,Neelima Parikh,neelima parikh,INST-056,Undergraduate,2th Year,2008-10-02,G_S04891,ADDR_S04891
S04892,Lajita Sodhi,lajita sodhi,INST-014,Undergraduate,1th Year,2005-12-28,G_S04892,ADDR_S04892
S04893,Yash Nair,yash nair,INST-027,Undergraduate,3th Year,2003-11-19,G_S04893,ADDR_S04893
S04894,Gayathri Parikh,gayathri parikh,INST-038,Undergraduate,2th Year,2003-08-27,G_S04894,ADDR_S04894
S04895,Wridesh Walia,wridesh walia,INST-057,Undergraduate,1th Year,2004-01-08,G_S04895,ADDR_S04895
S04896,Waida Kari,waida kari,INST-007,Undergraduate,1th Year,2005-01-04,G_S04896,ADDR_S04896
S04897,Amol Bose,amol bose,INST-027,Undergraduate,1th Year,2004-06-08,G_S04897,ADDR_S04897
S04898,Laksh Kashyap,laksh kashyap,INST-038,Undergraduate,4th Year,2004-03-26,G_S04898,ADDR_S04898
S04899,Caleb Jayaraman,caleb jayaraman,INST-051,Undergraduate,1th Year,2007-01-21,G_S04899,ADDR_S04899
S04900,Nitara Warrior,nitara warrior,INST-058,Undergraduate,2th Year,2003-06-25,G_S04900,ADDR_S04900
S04901,Harshil Sastry,harshil sastry,INST-018,Undergraduate,3th Year,2005-08-03,G_S04901,ADDR_S04901
S04902,Timothy Kala,timothy kala,INST-017,Undergraduate,2th Year,2006-05-10,G_S04902,ADDR_S04902
S04903,Kamala Chatterjee,kamala chatterjee,INST-051,Undergraduate,3th Year,2003-11-22,G_S04903,ADDR_S04903
S04904,Aahana Apte,aahana apte,INST-053,Undergraduate,1th Year,2005-10-17,G_S04904,ADDR_S04904
S04905,JAI MAND,jai mand,INST-036,Undergraduate,2th Year,2005-03-27,G_S04905,ADDR_S04905
S04906,Shaurya Chander,shaurya chander,INST-032,Undergraduate,1th Year,2005-07-09,G_S04906,ADDR_S04906
S04907,Warjas Dani,warjas dani,INST-028,Undergraduate,3th Year,2005-06-13,G_S04907,ADDR_S04907
S04908,Zashil Yadav,zashil yadav,INST-028,Undergraduate,1th Year,2004-09-09,G_S04908,ADDR_S04908
S04909,Chaitanya Soni,chaitanya soni,INST-001,Undergraduate,3th Year,2004-08-11,G_S04909,ADDR_S04909
S04910,Oliver Ahuja,oliver ahuja,INST-033,Undergraduate,3th Year,2008-09-06,G_S04910,ADDR_S04910
S04911,Tarak Sabharwal,tarak sabharwal,INST-010,Undergraduate,2th Year,2008-10-07,G_S04911,ADDR_S04911
S04912,Harish Chakrabarti,harish chakrabarti,INST-016,Undergraduate,4th Year,2004-08-08,G_S04912,ADDR_S04912
S04913,Arunima Acharya,arunima acharya,INST-029,Undergraduate,3th Year,2007-09-28,G_S04913,ADDR_S04913
S04914,Ikshita Parikh,ikshita parikh,INST-035,Undergraduate,4th Year,2005-10-22,G_S04914,ADDR_S04914
S04915,Nitesh Bala,nitesh bala,INST-040,Undergraduate,3th Year,2008-08-06,G_S04915,ADDR_S04915
S04916,Ansh Maharaj,ansh maharaj,INST-046,Undergraduate,3th Year,2004-07-21,G_S04916,ADDR_S04916
S04917,Orinder Dugar,orinder dugar,INST-012,Undergraduate,2th Year,2003-08-15,G_S04917,ADDR_S04917
S04918,Chakradev Gola,chakradev gola,INST-059,Undergraduate,2th Year,2004-04-04,G_S04918,ADDR_S04918
S04919,Shaurya Hora,shaurya hora,INST-007,Undergraduate,2th Year,2004-07-05,G_S04919,ADDR_S04919
S04920,Chakrika Sharma,chakrika sharma,INST-015,Undergraduate,3th Year,2004-02-04,G_S04920,ADDR_S04920
S04921,Shivani Kara,shivani kara,INST-035,Undergraduate,1th Year,2005-10-26,G_S04921,ADDR_S04921
S04922,Azad Dalal,azad dalal,INST-001,Undergraduate,2th Year,2004-12-13,G_S04922,ADDR_S04922
S04923,Jeevika Mistry,jeevika mistry,INST-010,Undergraduate,2th Year,2005-08-18,G_S04923,ADDR_S04923
S04924,Mitesh Bhatnagar,mitesh bhatnagar,INST-022,Undergraduate,2th Year,2006-11-04,G_S04924,ADDR_S04924
S04925,Urvi Radhakrishnan,urvi radhakrishnan,INST-009,Undergraduate,3th Year,2006-10-19,G_S04925,ADDR_S04925
S04926,Onveer Prasad,onveer prasad,INST-040,Undergraduate,1th Year,2007-10-16,G_S04926,ADDR_S04926
S04927,Parth Salvi,parth salvi,INST-028,Undergraduate,2th Year,2006-09-03,G_S04927,ADDR_S04927
S04928,Frado Dugar,frado dugar,INST-003,Undergraduate,4th Year,2004-01-17,G_S04928,ADDR_S04928
S04929,Elijah Dube,elijah dube,INST-049,Undergraduate,2th Year,2003-01-11,G_S04929,ADDR_S04929
S04930,Ikbal Saran,ikbal saran,INST-003,Undergraduate,2th Year,2008-05-16,G_S04930,ADDR_S04930
S04931,Ojas Lata,ojas lata,INST-029,Undergraduate,2th Year,2003-04-06,G_S04931,ADDR_S04931
S04932,Sneha Dugar,sneha dugar,INST-022,Undergraduate,2th Year,2004-03-19,G_S04932,ADDR_S04932
S04933,Saumya Sandal,saumya sandal,INST-008,Undergraduate,3th Year,2006-06-10,G_S04933,ADDR_S04933
S04934,Sai Mallick,sai mallick,INST-051,Undergraduate,3th Year,2006-09-02,G_S04934,ADDR_S04934
S04935,Abha Kala,abha kala,INST-018,Undergraduate,2th Year,2006-06-12,G_S04935,ADDR_S04935
S04936,Rohan Ravi,rohan ravi,INST-059,Undergraduate,2th Year,2007-08-12,G_S04936,ADDR_S04936
S04937,Keya Wason,keya wason,INST-003,Undergraduate,4th Year,2004-02-21,G_S04937,ADDR_S04937
S04938,Gavin D’Alia,gavin d’alia,INST-038,Undergraduate,3th Year,2004-04-08,G_S04938,ADDR_S04938
S04939,Chatura Karpe,chatura karpe,INST-017,Undergraduate,1th Year,2003-10-22,G_S04939,ADDR_S04939
S04940,Varenya Rana,varenya rana,INST-055,Undergraduate,2th Year,2006-01-22,G_S04940,ADDR_S04940
S04941,Chatresh Vasa,chatresh vasa,INST-048,Undergraduate,2th Year,2004-02-13,G_S04941,ADDR_S04941
S04942,Vincent Date,vincent date,INST-010,Undergraduate,1th Year,2003-08-03,G_S04942,ADDR_S04942
S04943,Chandresh Trivedi,chandresh trivedi,INST-038,Undergraduate,1th Year,2005-02-20,G_S04943,ADDR_S04943
S04944,WYATT YOHANNAN,wyatt yohannan,INST-058,Undergraduate,3th Year,2006-08-26,G_S04944,ADDR_S04944
S04945,Harinakshi Vohra,harinakshi vohra,INST-015,Undergraduate,4th Year,2004-06-06,G_S04945,ADDR_S04945
S04946,Aashi Lal,aashi lal,INST-002,Undergraduate,2th Year,2007-07-16,G_S04946,ADDR_S04946
S04947,Laban Gokhale,laban gokhale,INST-048,Undergraduate,2th Year,2005-08-15,G_S04947,ADDR_S04947
S04948,Prisha Swaminathan,prisha swaminathan,INST-038,Undergraduate,4th Year,2003-08-11,G_S04948,ADDR_S04948
S04949,Logan Kannan,logan kannan,INST-056,Undergraduate,3th Year,2004-07-04,G_S04949,ADDR_S04949
S04950,Zarna Divan,zarna divan,INST-034,Undergraduate,1th Year,2006-12-18,G_S04950,ADDR_S04950
S04951,Ekbal Sami,ekbal sami,INST-007,Undergraduate,3th Year,2004-12-09,G_S04951,ADDR_S04951
S04952,Ekanta Sharma,ekanta sharma,INST-033,Undergraduate,3th Year,2006-08-07,G_S04952,ADDR_S04952
S04953,Anya Nazareth,anya nazareth,INST-048,Undergraduate,1th Year,2007-01-22,G_S04953,ADDR_S04953
S04954,Bachittar Apte,bachittar apte,INST-021,Undergraduate,3th Year,2006-12-27,G_S04954,ADDR_S04954
S04955,ARJUN BALASUBRAMANIAN,arjun balasubramanian,INST-051,Undergraduate,4th Year,2003-07-04,G_S04955,ADDR_S04955
S04956,Ekantika Gala,ekantika gala,INST-009,Undergraduate,2th Year,2003-11-17,G_S04956,ADDR_S04956
S04957,Fitan Gupta,fitan gupta,INST-016,Undergraduate,4th Year,2005-01-01,G_S04957,ADDR_S04957
S04958,Guneet Sarna,guneet sarna,INST-055,Undergraduate,2th Year,2006-12-02,G_S04958,ADDR_S04958
S04959,Dakshesh Bal,dakshesh bal,INST-005,Undergraduate,2th Year,2005-11-23,G_S04959,ADDR_S04959
S04960,Ira Munshi,ira munshi,INST-031,Undergraduate,4th Year,2006-03-09,G_S04960,ADDR_S04960
S04961,Ishwar Thaman,ishwar thaman,INST-054,Undergraduate,2th Year,2008-02-26,G_S04961,ADDR_S04961
S04962,Brinda Lal,brinda lal,INST-004,Undergraduate,3th Year,2003-11-23,G_S04962,ADDR_S04962
S04963,Frederick Divan,frederick divan,INST-045,Undergraduate,4th Year,2005-07-09,G_S04963,ADDR_S04963
S04964,Bhavna Swaminathan,bhavna swaminathan,INST-028,Undergraduate,3th Year,2003-07-02,G_S04964,ADDR_S04964
S04965,Matthew Gill,matthew gill,INST-045,Undergraduate,1th Year,2004-11-22,G_S04965,ADDR_S04965
S04966,Yachana Basak,yachana basak,INST-049,Undergraduate,1th Year,2008-08-18,G_S04966,ADDR_S04966
S04967,Ladli Singh,ladli singh,INST-025,Undergraduate,2th Year,2003-05-04,G_S04967,ADDR_S04967
S04968,Yashica Saran,yashica saran,INST-054,Undergraduate,2th Year,2005-12-08,G_S04968,ADDR_S04968
S04969,Atharv Basu,atharv basu,INST-039,Undergraduate,3th Year,2004-06-27,G_S04969,ADDR_S04969
S04970,Aarnav Lal,aarnav lal,INST-021,Undergraduate,1th Year,2007-04-16,G_S04970,ADDR_S04970
S04971,Krishna Pai,krishna pai,INST-040,Undergraduate,1th Year,2008-10-12,G_S04971,ADDR_S04971
S04972,Gaurang Pathak,gaurang pathak,INST-051,Undergraduate,3th Year,2006-10-05,G_S04972,ADDR_S04972
S04973,Mason Ravel,mason ravel,INST-047,Undergraduate,2th Year,2008-10-20,G_S04973,ADDR_S04973
S04974,Jason Keer,jason keer,INST-041,Undergraduate,3th Year,2005-01-26,G_S04974,ADDR_S04974
S04975,Manthan Luthra,manthan luthra,INST-058,Undergraduate,1th Year,2006-09-26,G_S04975,ADDR_S04975
S04976,Ekanta Pingle,ekanta pingle,INST-043,Undergraduate,3th Year,2007-03-18,G_S04976,ADDR_S04976
S04977,Jasmit Mukherjee,jasmit mukherjee,INST-006,Undergraduate,3th Year,2003-12-23,G_S04977,ADDR_S04977
S04978,Keya Barman,keya barman,INST-058,Undergraduate,4th Year,2004-12-15,G_S04978,ADDR_S04978
S04979,Upma Bera,upma bera,INST-018,Undergraduate,2th Year,2004-06-21,G_S04979,ADDR_S04979
S04980,Sarthak Khosla,sarthak khosla,INST-012,Undergraduate,3th Year,2008-03-01,G_S04980,ADDR_S04980
S04981,Triveni Pant,triveni pant,INST-016,Undergraduate,4th Year,2003-10-23,G_S04981,ADDR_S04981
S04982,Qasim Dass,qasim dass,INST-056,Undergraduate,2th Year,2008-06-08,G_S04982,ADDR_S04982
S04983,Darsh Loyal,darsh loyal,INST-055,Undergraduate,2th Year,2006-05-22,G_S04983,ADDR_S04983
S04984,Jason Ramanathan,jason ramanathan,INST-038,Undergraduate,2th Year,2004-09-24,G_S04984,ADDR_S04984
S04985,Jeet Wadhwa,jeet wadhwa,INST-051,Undergraduate,3th Year,2003-02-22,G_S04985,ADDR_S04985
S04986,Advika Kuruvilla,advika kuruvilla,INST-002,Undergraduate,2th Year,2005-11-02,G_S04986,ADDR_S04986
S04987,Urvi Tara,urvi tara,INST-018,Undergraduate,1th Year,2004-04-05,G_S04987,ADDR_S04987
S04988,Zaitra Hari,zaitra hari,INST-011,Undergraduate,4th Year,2004-09-25,G_S04988,ADDR_S04988
S04989,Raghav Wadhwa,raghav wadhwa,INST-049,Undergraduate,1th Year,2004-08-01,G_S04989,ADDR_S04989
S04990,Mugdha Loyal,mugdha loyal,INST-014,Undergraduate,2th Year,2003-04-04,G_S04990,ADDR_S04990
S04991,Mohammed Bhatti,mohammed bhatti,INST-042,Undergraduate,2th Year,2006-02-12,G_S04991,ADDR_S04991
S04992,Mugdha Merchant,mugdha merchant,INST-054,Undergraduate,3th Year,2008-10-18,G_S04992,ADDR_S04992
S04993,DAMYANTI REDDY,damyanti reddy,INST-018,Undergraduate,1th Year,2003-04-26,G_S04993,ADDR_S04993
S04994,Nathan Bail,nathan bail,INST-037,Undergraduate,2th Year,2005-06-11,G_S04994,ADDR_S04994
S04995,Oni De,oni de,INST-057,Undergraduate,3th Year,2008-09-17,G_S04995,ADDR_S04995
S04996,Raagini Kala,raagini kala,INST-007,Undergraduate,1th Year,2008-09-26,G_S04996,ADDR_S04996
S04997,Dayita Krishnamurthy,dayita krishnamurthy,INST-021,Undergraduate,3th Year,2006-08-19,G_S04997,ADDR_S04997
S04998,Turvi Baria,turvi baria,INST-023,Undergraduate,1th Year,2005-07-25,G_S04998,ADDR_S04998
S04999,Bishakha Ramakrishnan,bishakha ramakrishnan,INST-052,Undergraduate,1th Year,2006-07-14,G_S04999,ADDR_S04999
S05000,Isha Prakash,isha prakash,INST-043,Undergraduate,2th Year,2003-02-19,G_S05000,ADDR_S05000
S05001,Brijesh Grover,brijesh grover,INST-007,Undergraduate,2th Year,2006-04-24,G_S05001,ADDR_S05001
S05002,Veer Pillay,veer pillay,INST-015,Undergraduate,1th Year,2006-01-25,G_S05002,ADDR_S05002
S05003,RACHIT MEMON,rachit memon,INST-035,Undergraduate,3th Year,2005-09-05,G_S05003,ADDR_S05003
S05004,Arin Chad,arin chad,INST-026,Undergraduate,3th Year,2006-12-10,G_S05004,ADDR_S05004
S05005,Krishna Morar,krishna morar,INST-060,Undergraduate,3th Year,2003-07-11,G_S05005,ADDR_S05005
S05006,Ati Mannan,ati mannan,INST-058,Undergraduate,4th Year,2007-11-04,G_S05006,ADDR_S05006
S05007,Upkaar Chopra,upkaar chopra,INST-059,Undergraduate,1th Year,2004-06-23,G_S05007,ADDR_S05007
S05008,Wyatt Tella,wyatt tella,INST-039,Undergraduate,3th Year,2005-06-14,G_S05008,ADDR_S05008
S05009,Anya Narula,anya narula,INST-053,Undergraduate,3th Year,2005-01-21,G_S05009,ADDR_S05009
S05010,Udyati Bhatia,udyati bhatia,INST-043,Undergraduate,4th Year,2005-01-19,G_S05010,ADDR_S05010
S05011,Baljiwan Mann,baljiwan mann,INST-026,Undergraduate,2th Year,2003-01-03,G_S05011,ADDR_S05011
S05012,Bishakha Khare,bishakha khare,INST-003,Undergraduate,1th Year,2006-11-16,G_S05012,ADDR_S05012
S05013,Tarak Joshi,tarak joshi,INST-051,Undergraduate,3th Year,2003-01-01,G_S05013,ADDR_S05013
S05014,Rishi  Vora,rishi vora,INST-017,Undergraduate,4th Year,2006-09-26,G_S05014,ADDR_S05014
S05015,Divya Das,divya das,INST-023,Undergraduate,2th Year,2005-07-14,G_S05015,ADDR_S05015
S05016,Tristan Dhaliwal,tristan dhaliwal,INST-006,Undergraduate,1th Year,2008-08-20,G_S05016,ADDR_S05016
S05017,Gautam Chandra,gautam chandra,INST-008,Undergraduate,4th Year,2005-03-22,G_S05017,ADDR_S05017
S05018,Unnati Dasgupta,unnati dasgupta,INST-008,Undergraduate,3th Year,2007-01-10,G_S05018,ADDR_S05018
S05019,Rushil Khosla,rushil khosla,INST-029,Undergraduate,4th Year,2008-05-16,G_S05019,ADDR_S05019
S05020,Rudra Tailor,rudra tailor,INST-054,Undergraduate,1th Year,2008-04-25,G_S05020,ADDR_S05020
S05021,Krish Ravel,krish ravel,INST-026,Undergraduate,1th Year,2006-09-09,G_S05021,ADDR_S05021
S05022,Upkaar Baral,upkaar baral,INST-019,Undergraduate,2th Year,2005-11-10,G_S05022,ADDR_S05022
S05023,Bakhshi Bose,bakhshi bose,INST-058,Undergraduate,2th Year,2006-11-05,G_S05023,ADDR_S05023
S05024,Yashasvi Taneja,yashasvi taneja,INST-039,Undergraduate,4th Year,2008-12-11,G_S05024,ADDR_S05024
S05025,Lopa Chandran,lopa chandran,INST-020,Undergraduate,1th Year,2003-10-22,G_S05025,ADDR_S05025
S05026,Xiti Ray,xiti ray,INST-056,Undergraduate,4th Year,2004-10-05,G_S05026,ADDR_S05026
S05027,Advaith Goyal,advaith goyal,INST-002,Undergraduate,4th Year,2006-05-28,G_S05027,ADDR_S05027
S05028,Avi Balan,avi balan,INST-003,Undergraduate,3th Year,2004-06-04,G_S05028,ADDR_S05028
S05029,Gaurika Sachdeva,gaurika sachdeva,INST-028,Undergraduate,4th Year,2006-08-14,G_S05029,ADDR_S05029
S05030,Joshua Viswanathan,joshua viswanathan,INST-006,Undergraduate,2th Year,2005-03-13,G_S05030,ADDR_S05030
S05031,Yash Purohit,yash purohit,INST-043,Undergraduate,4th Year,2003-09-26,G_S05031,ADDR_S05031
S05032,Urmi Tank,urmi tank,INST-008,Undergraduate,3th Year,2008-07-24,G_S05032,ADDR_S05032
S05033,Bhanumati Dar,bhanumati dar,INST-043,Undergraduate,4th Year,2003-05-02,G_S05033,ADDR_S05033
S05034,Aarush Kala,aarush kala,INST-004,Undergraduate,1th Year,2008-02-12,G_S05034,ADDR_S05034
S05035,Jhalak Pal,jhalak pal,INST-003,Undergraduate,4th Year,2005-03-12,G_S05035,ADDR_S05035
S05036,Dalbir Bose,dalbir bose,INST-059,Undergraduate,3th Year,2005-06-24,G_S05036,ADDR_S05036
S05037,Ekavir Dasgupta,ekavir dasgupta,INST-049,Undergraduate,3th Year,2004-01-23,G_S05037,ADDR_S05037
S05038,Ikbal Zacharia,ikbal zacharia,INST-050,Undergraduate,4th Year,2004-08-24,G_S05038,ADDR_S05038
S05039,Upkaar Kashyap,upkaar kashyap,INST-045,Undergraduate,4th Year,2003-12-18,G_S05039,ADDR_S05039
S05040,Vansha Oza,vansha oza,INST-042,Undergraduate,4th Year,2003-04-14,G_S05040,ADDR_S05040
S05041,Liam Reddy,liam reddy,INST-012,Undergraduate,2th Year,2008-10-27,G_S05041,ADDR_S05041
S05042,Onkar Dugar,onkar dugar,INST-031,Undergraduate,4th Year,2003-07-12,G_S05042,ADDR_S05042
S05043,Yashasvi Divan,yashasvi divan,INST-030,Undergraduate,4th Year,2005-10-03,G_S05043,ADDR_S05043
S05044,Wriddhish Seth,wriddhish seth,INST-044,Undergraduate,3th Year,2003-11-16,G_S05044,ADDR_S05044
S05045,Gautami Nazareth,gautami nazareth,INST-007,Undergraduate,4th Year,2007-01-16,G_S05045,ADDR_S05045
S05046,Faraj Chanda,faraj chanda,INST-031,Undergraduate,1th Year,2004-04-25,G_S05046,ADDR_S05046
S05047,Balhaar Menon,balhaar menon,INST-050,Undergraduate,2th Year,2005-10-10,G_S05047,ADDR_S05047
S05048,Zinal Wason,zinal wason,INST-025,Undergraduate,3th Year,2007-10-04,G_S05048,ADDR_S05048
S05049,Brijesh Peri,brijesh peri,INST-017,Undergraduate,2th Year,2007-08-20,G_S05049,ADDR_S05049
S05050,Geetika Khanna,geetika khanna,INST-038,Undergraduate,1th Year,2008-03-01,G_S05050,ADDR_S05050
S05051,Megha Sangha,megha sangha,INST-058,Undergraduate,4th Year,2008-07-21,G_S05051,ADDR_S05051
S05052,Chakradhar Venkataraman,chakradhar venkataraman,INST-060,Undergraduate,2th Year,2007-11-07,G_S05052,ADDR_S05052
S05053,Jackson Dave,jackson dave,INST-044,Undergraduate,4th Year,2004-08-24,G_S05053,ADDR_S05053
S05054,Andrew Basak,andrew basak,INST-041,Undergraduate,2th Year,2003-12-06,G_S05054,ADDR_S05054
S05055,Christopher Venkatesh,christopher venkatesh,INST-044,Undergraduate,1th Year,2006-03-12,G_S05055,ADDR_S05055
S05056,Jalsa Ramakrishnan,jalsa ramakrishnan,INST-028,Undergraduate,2th Year,2005-11-21,G_S05056,ADDR_S05056
S05057,Gaurang Bala,gaurang bala,INST-010,Undergraduate,4th Year,2007-04-24,G_S05057,ADDR_S05057
S05058,Mitesh Shah,mitesh shah,INST-006,Undergraduate,4th Year,2006-03-17,G_S05058,ADDR_S05058
S05059,Ekani Kala,ekani kala,INST-035,Undergraduate,1th Year,2006-07-23,G_S05059,ADDR_S05059
S05060,Parth Kamdar,parth kamdar,INST-051,Undergraduate,2th Year,2008-05-04,G_S05060,ADDR_S05060
S05061,Harini Parekh,harini parekh,INST-043,Undergraduate,3th Year,2003-12-01,G_S05061,ADDR_S05061
S05062,Qushi Upadhyay,qushi upadhyay,INST-050,Undergraduate,2th Year,2006-01-06,G_S05062,ADDR_S05062
S05063,Rajata Chopra,rajata chopra,INST-007,Undergraduate,3th Year,2003-02-19,G_S05063,ADDR_S05063
S05064,Vedhika Samra,vedhika samra,INST-043,Undergraduate,1th Year,2008-06-17,G_S05064,ADDR_S05064
S05065,Shivansh Vohra,shivansh vohra,INST-015,Undergraduate,1th Year,2008-12-23,G_S05065,ADDR_S05065
S05066,Bina Baria,bina baria,INST-006,Undergraduate,4th Year,2003-08-08,G_S05066,ADDR_S05066
S05067,Wyatt Modi,wyatt modi,INST-045,Undergraduate,4th Year,2008-11-02,G_S05067,ADDR_S05067
S05068,Sara Hari,sara hari,INST-019,Undergraduate,4th Year,2004-02-27,G_S05068,ADDR_S05068
S05069,Chanchal Khanna,chanchal khanna,INST-011,Undergraduate,2th Year,2007-07-11,G_S05069,ADDR_S05069
S05070,Laban Reddy,laban reddy,INST-004,Undergraduate,3th Year,2003-05-08,G_S05070,ADDR_S05070
S05071,Simon Kaur,simon kaur,INST-054,Undergraduate,1th Year,2003-05-11,G_S05071,ADDR_S05071
S05072,Jeet Bera,jeet bera,INST-060,Undergraduate,1th Year,2007-06-20,G_S05072,ADDR_S05072
S05073,Kamala Seth,kamala seth,INST-039,Undergraduate,4th Year,2006-10-14,G_S05073,ADDR_S05073
S05074,Champak Tripathi,champak tripathi,INST-033,Undergraduate,2th Year,2005-08-12,G_S05074,ADDR_S05074
S05075,Dhruv Mann,dhruv mann,INST-026,Undergraduate,4th Year,2003-12-25,G_S05075,ADDR_S05075
S05076,Qabil Babu,qabil babu,INST-048,Undergraduate,4th Year,2006-02-26,G_S05076,ADDR_S05076
S05077,Aadhya Gandhi,aadhya gandhi,INST-024,Undergraduate,3th Year,2005-08-02,G_S05077,ADDR_S05077
S05078,Osha Prashad,osha prashad,INST-036,Undergraduate,3th Year,2003-05-09,G_S05078,ADDR_S05078
S05079,Tanmayi Chakraborty,tanmayi chakraborty,INST-058,Undergraduate,2th Year,2008-07-16,G_S05079,ADDR_S05079
S05080,Maanav Wason,maanav wason,INST-045,Undergraduate,1th Year,2003-06-27,G_S05080,ADDR_S05080
S05081,Leena Kothari,leena kothari,INST-043,Undergraduate,3th Year,2007-08-02,G_S05081,ADDR_S05081
S05082,Ganga Chauhan,ganga chauhan,INST-047,Undergraduate,1th Year,2005-03-28,G_S05082,ADDR_S05082
S05083,Ansh Tella,ansh tella,INST-043,Undergraduate,4th Year,2007-02-09,G_S05083,ADDR_S05083
S05084,Robert Gill,robert gill,INST-010,Undergraduate,4th Year,2006-07-24,G_S05084,ADDR_S05084
S05085,Hritik Goyal,hritik goyal,INST-056,Undergraduate,4th Year,2006-01-03,G_S05085,ADDR_S05085
S05086,Chaitaly Dhaliwal,chaitaly dhaliwal,INST-008,Undergraduate,1th Year,2006-08-18,G_S05086,ADDR_S05086
S05087,Netra Bhakta,netra bhakta,INST-024,Undergraduate,4th Year,2006-08-26,G_S05087,ADDR_S05087
S05088,Arin Solanki,arin solanki,INST-045,Undergraduate,2th Year,2004-09-25,G_S05088,ADDR_S05088
S05089,Mitali Dalal,mitali dalal,INST-001,Undergraduate,4th Year,2004-12-12,G_S05089,ADDR_S05089
S05090,Omisha Balasubramanian,omisha balasubramanian,INST-028,Undergraduate,1th Year,2007-11-19,G_S05090,ADDR_S05090
S05091,Owen Kalita,owen kalita,INST-038,Undergraduate,4th Year,2007-12-28,G_S05091,ADDR_S05091
S05092,Vedant Venkatesh,vedant venkatesh,INST-043,Undergraduate,4th Year,2004-01-18,G_S05092,ADDR_S05092
S05093,Eshana Pathak,eshana pathak,INST-056,Undergraduate,1th Year,2003-07-28,G_S05093,ADDR_S05093
S05094,Zinal Devi,zinal devi,INST-026,Undergraduate,1th Year,2004-06-11,G_S05094,ADDR_S05094
S05095,Bhavani Aggarwal,bhavani aggarwal,INST-026,Undergraduate,4th Year,2004-10-13,G_S05095,ADDR_S05095
S05096,Nikita Dalal,nikita dalal,INST-048,Undergraduate,1th Year,2004-06-08,G_S05096,ADDR_S05096
S05097,Radha Om,radha om,INST-010,Undergraduate,3th Year,2003-09-01,G_S05097,ADDR_S05097
S05098,Manan Ravi,manan ravi,INST-036,Undergraduate,2th Year,2008-09-16,G_S05098,ADDR_S05098
S05099,Manan Saraf,manan saraf,INST-019,Undergraduate,1th Year,2006-07-11,G_S05099,ADDR_S05099
S05100,Girik Raja,girik raja,INST-016,Undergraduate,1th Year,2003-05-14,G_S05100,ADDR_S05100
S05101,Hemangini Ray,hemangini ray,INST-046,Undergraduate,4th Year,2003-07-09,G_S05101,ADDR_S05101
S05102,Tarak Aurora,tarak aurora,INST-051,Undergraduate,3th Year,2006-10-02,G_S05102,ADDR_S05102
S05103,Pooja Chaudhari,pooja chaudhari,INST-031,Undergraduate,1th Year,2004-08-14,G_S05103,ADDR_S05103
S05104,Ranveer Wadhwa,ranveer wadhwa,INST-001,Undergraduate,1th Year,2003-10-18,G_S05104,ADDR_S05104
S05105,Gayathri Dara,gayathri dara,INST-014,Undergraduate,2th Year,2006-05-01,G_S05105,ADDR_S05105
S05106,Rehaan Loke,rehaan loke,INST-021,Undergraduate,2th Year,2005-06-08,G_S05106,ADDR_S05106
S05107,Manthan Khosla,manthan khosla,INST-035,Undergraduate,1th Year,2004-06-06,G_S05107,ADDR_S05107
S05108,Yashodhara Magar,yashodhara magar,INST-029,Undergraduate,4th Year,2008-06-01,G_S05108,ADDR_S05108
S05109,Ayushman Gala,ayushman gala,INST-056,Undergraduate,3th Year,2003-09-01,G_S05109,ADDR_S05109
S05110,Udarsh Agarwal,udarsh agarwal,INST-002,Undergraduate,3th Year,2008-01-09,G_S05110,ADDR_S05110
S05111,Yoshita Saraf,yoshita saraf,INST-039,Undergraduate,4th Year,2008-10-05,G_S05111,ADDR_S05111
S05112,Lopa Bhatnagar,lopa bhatnagar,INST-033,Undergraduate,2th Year,2003-10-05,G_S05112,ADDR_S05112
S05113,Jackson Ram,jackson ram,INST-039,Undergraduate,2th Year,2006-01-15,G_S05113,ADDR_S05113
S05114,Falan Bumb,falan bumb,INST-055,Undergraduate,4th Year,2004-10-28,G_S05114,ADDR_S05114
S05115,Gaurika Bal,gaurika bal,INST-035,Undergraduate,3th Year,2004-07-10,G_S05115,ADDR_S05115
S05116,Dominic Prashad,dominic prashad,INST-013,Undergraduate,3th Year,2008-06-23,G_S05116,ADDR_S05116
S05117,Arya Buch,arya buch,INST-008,Undergraduate,1th Year,2005-07-23,G_S05117,ADDR_S05117
S05118,Elijah Nagy,elijah nagy,INST-036,Undergraduate,4th Year,2004-04-22,G_S05118,ADDR_S05118
S05119,Sudiksha Reddy,sudiksha reddy,INST-018,Undergraduate,2th Year,2008-09-17,G_S05119,ADDR_S05119
S05120,Rohan Savant,rohan savant,INST-025,Undergraduate,2th Year,2005-01-20,G_S05120,ADDR_S05120
S05121,Maanas Bedi,maanas bedi,INST-002,Undergraduate,4th Year,2006-09-10,G_S05121,ADDR_S05121
S05122,Thomas Mammen,thomas mammen,INST-025,Undergraduate,2th Year,2006-06-16,G_S05122,ADDR_S05122
S05123,Anay Tandon,anay tandon,INST-033,Undergraduate,2th Year,2007-01-27,G_S05123,ADDR_S05123
S05124,Saanvi Manda,saanvi manda,INST-055,Undergraduate,4th Year,2003-02-20,G_S05124,ADDR_S05124
S05125,Nicholas Bhardwaj,nicholas bhardwaj,INST-004,Undergraduate,2th Year,2003-01-19,G_S05125,ADDR_S05125
S05126,Logan Rau,logan rau,INST-034,Undergraduate,1th Year,2006-09-19,G_S05126,ADDR_S05126
S05127,Kalpit Devan,kalpit devan,INST-057,Undergraduate,1th Year,2004-08-19,G_S05127,ADDR_S05127
S05128,Anirudh Chanda,anirudh chanda,INST-035,Undergraduate,3th Year,2007-01-14,G_S05128,ADDR_S05128
S05129,Urvi Rajagopalan,urvi rajagopalan,INST-011,Undergraduate,4th Year,2007-08-01,G_S05129,ADDR_S05129
S05130,Naveen Bhavsar,naveen bhavsar,INST-034,Undergraduate,1th Year,2007-09-28,G_S05130,ADDR_S05130
S05131,Arin Ranganathan,arin ranganathan,INST-030,Undergraduate,3th Year,2007-04-07,G_S05131,ADDR_S05131
S05132,Ekalinga Hayer,ekalinga hayer,INST-059,Undergraduate,2th Year,2006-01-06,G_S05132,ADDR_S05132
S05133,Samaksh Setty,samaksh setty,INST-033,Undergraduate,4th Year,2005-01-11,G_S05133,ADDR_S05133
S05134,Gaurav Deo,gaurav deo,INST-034,Undergraduate,1th Year,2008-04-15,G_S05134,ADDR_S05134
S05135,Ishita Garg,ishita garg,INST-054,Undergraduate,4th Year,2003-05-03,G_S05135,ADDR_S05135
S05136,Hemani Rattan,hemani rattan,INST-041,Undergraduate,4th Year,2004-12-03,G_S05136,ADDR_S05136
S05137,Unni Buch,unni buch,INST-043,Undergraduate,3th Year,2008-05-08,G_S05137,ADDR_S05137
S05138,Advaith Jayaraman,advaith jayaraman,INST-011,Undergraduate,1th Year,2005-11-28,G_S05138,ADDR_S05138
S05139,Harsh Brar,harsh brar,INST-003,Undergraduate,3th Year,2008-07-09,G_S05139,ADDR_S05139
S05140,Aadi Raghavan,aadi raghavan,INST-029,Undergraduate,4th Year,2004-02-20,G_S05140,ADDR_S05140
S05141,Theodore Sami,theodore sami,INST-054,Undergraduate,3th Year,2004-05-11,G_S05141,ADDR_S05141
S05142,Yochana Nadkarni,yochana nadkarni,INST-040,Undergraduate,1th Year,2006-03-05,G_S05142,ADDR_S05142
S05143,Unni Tandon,unni tandon,INST-003,Undergraduate,3th Year,2003-04-17,G_S05143,ADDR_S05143
S05144,Krisha Dara,krisha dara,INST-043,Undergraduate,2th Year,2004-10-05,G_S05144,ADDR_S05144
S05145,Tejas Sem,tejas sem,INST-039,Undergraduate,3th Year,2006-11-17,G_S05145,ADDR_S05145
S05146,Chaman Mohanty,chaman mohanty,INST-058,Undergraduate,1th Year,2004-06-13,G_S05146,ADDR_S05146
S05147,Chandran Ganguly,chandran ganguly,INST-004,Undergraduate,1th Year,2008-05-27,G_S05147,ADDR_S05147
S05148,Champak Dhaliwal,champak dhaliwal,INST-031,Undergraduate,3th Year,2003-11-13,G_S05148,ADDR_S05148
S05149,Chaitaly Uppal,chaitaly uppal,INST-028,Undergraduate,1th Year,2007-07-03,G_S05149,ADDR_S05149
S05150,Girindra  Sankar,girindra sankar,INST-028,Undergraduate,3th Year,2005-06-10,G_S05150,ADDR_S05150
S05151,Bhavani Bera,bhavani bera,INST-031,Undergraduate,4th Year,2008-05-28,G_S05151,ADDR_S05151
S05152,Siya Jayaraman,siya jayaraman,INST-021,Undergraduate,2th Year,2005-11-22,G_S05152,ADDR_S05152
S05153,Harsh Rao,harsh rao,INST-030,Undergraduate,2th Year,2003-07-13,G_S05153,ADDR_S05153
S05154,Hritik Dhar,hritik dhar,INST-029,Undergraduate,4th Year,2003-02-27,G_S05154,ADDR_S05154
S05155,Xalak Varghese,xalak varghese,INST-017,Undergraduate,4th Year,2005-03-05,G_S05155,ADDR_S05155
S05156,Rachit Borde,rachit borde,INST-054,Undergraduate,3th Year,2008-07-11,G_S05156,ADDR_S05156
S05157,Neel Chanda,neel chanda,INST-021,Undergraduate,3th Year,2003-02-14,G_S05157,ADDR_S05157
S05158,Qabil Chaudry,qabil chaudry,INST-037,Undergraduate,4th Year,2005-06-20,G_S05158,ADDR_S05158
S05159,Advika Venkataraman,advika venkataraman,INST-037,Undergraduate,3th Year,2005-03-26,G_S05159,ADDR_S05159
S05160,Onveer Oak,onveer oak,INST-056,Undergraduate,3th Year,2008-04-01,G_S05160,ADDR_S05160
S05161,Raksha Kaur,raksha kaur,INST-018,Undergraduate,2th Year,2007-12-10,G_S05161,ADDR_S05161
S05162,Vincent Zacharia,vincent zacharia,INST-059,Undergraduate,3th Year,2008-01-10,G_S05162,ADDR_S05162
S05163,Ishwar Varma,ishwar varma,INST-041,Undergraduate,2th Year,2008-09-07,G_S05163,ADDR_S05163
S05164,Eiravati Rege,eiravati rege,INST-001,Undergraduate,1th Year,2003-01-20,G_S05164,ADDR_S05164
S05165,Hamsini Karnik,hamsini karnik,INST-012,Undergraduate,1th Year,2006-11-09,G_S05165,ADDR_S05165
S05166,Arin Tailor,arin tailor,INST-028,Undergraduate,3th Year,2007-08-25,G_S05166,ADDR_S05166
S05167,Neha Dani,neha dani,INST-005,Undergraduate,1th Year,2005-09-24,G_S05167,ADDR_S05167
S05168,Vanya Bhat,vanya bhat,INST-023,Undergraduate,1th Year,2008-03-25,G_S05168,ADDR_S05168
S05169,Watika Keer,watika keer,INST-018,Undergraduate,1th Year,2006-11-07,G_S05169,ADDR_S05169
S05170,Zarna Din,zarna din,INST-019,Undergraduate,4th Year,2007-12-26,G_S05170,ADDR_S05170
S05171,Janya Agate,janya agate,INST-048,Undergraduate,1th Year,2004-09-06,G_S05171,ADDR_S05171
S05172,Maanas Chad,maanas chad,INST-020,Undergraduate,1th Year,2005-05-09,G_S05172,ADDR_S05172
S05173,Pranit Kapur,pranit kapur,INST-050,Undergraduate,1th Year,2005-01-15,G_S05173,ADDR_S05173
S05174,Falak Dutta,falak dutta,INST-060,Undergraduate,2th Year,2004-08-13,G_S05174,ADDR_S05174
S05175,Maya Pau,maya pau,INST-022,Undergraduate,1th Year,2005-12-16,G_S05175,ADDR_S05175
S05176,Gautami Zacharia,gautami zacharia,INST-051,Undergraduate,4th Year,2006-11-11,G_S05176,ADDR_S05176
S05177,Henry Lanka,henry lanka,INST-013,Undergraduate,3th Year,2005-05-09,G_S05177,ADDR_S05177
S05178,Mason Bora,mason bora,INST-033,Undergraduate,2th Year,2007-03-13,G_S05178,ADDR_S05178
S05179,Elijah Dewan,elijah dewan,INST-052,Undergraduate,3th Year,2004-08-10,G_S05179,ADDR_S05179
S05180,Mitali Shan,mitali shan,INST-024,Undergraduate,2th Year,2004-04-03,G_S05180,ADDR_S05180
S05181,Amrita Keer,amrita keer,INST-043,Undergraduate,4th Year,2003-10-27,G_S05181,ADDR_S05181
S05182,Bhavya Babu,bhavya babu,INST-041,Undergraduate,1th Year,2003-01-26,G_S05182,ADDR_S05182
S05183,Jonathan Barad,jonathan barad,INST-020,Undergraduate,4th Year,2003-01-12,G_S05183,ADDR_S05183
S05184,Bahadurjit Karpe,bahadurjit karpe,INST-058,Undergraduate,4th Year,2004-02-20,G_S05184,ADDR_S05184
S05185,Zashil Tripathi,zashil tripathi,INST-054,Undergraduate,4th Year,2008-10-27,G_S05185,ADDR_S05185
S05186,Kalpit Misra,kalpit misra,INST-054,Undergraduate,2th Year,2004-07-17,G_S05186,ADDR_S05186
S05187,Yauvani Bhatti,yauvani bhatti,INST-005,Undergraduate,2th Year,2007-08-05,G_S05187,ADDR_S05187
S05188,Bhanumati Palan,bhanumati palan,INST-039,Undergraduate,1th Year,2005-11-10,G_S05188,ADDR_S05188
S05189,Yashica Shankar,yashica shankar,INST-037,Undergraduate,4th Year,2004-11-09,G_S05189,ADDR_S05189
S05190,Ridhi  Chand,ridhi chand,INST-060,Undergraduate,4th Year,2006-11-03,G_S05190,ADDR_S05190
S05191,Praneel Keer,praneel keer,INST-027,Undergraduate,3th Year,2008-02-18,G_S05191,ADDR_S05191
S05192,Sara Ramakrishnan,sara ramakrishnan,INST-008,Undergraduate,1th Year,2008-09-14,G_S05192,ADDR_S05192
S05193,Rohan Zacharia,rohan zacharia,INST-038,Undergraduate,4th Year,2006-02-20,G_S05193,ADDR_S05193
S05194,Atharv Seth,atharv seth,INST-051,Undergraduate,3th Year,2003-12-09,G_S05194,ADDR_S05194
S05195,Lajita Brahmbhatt,lajita brahmbhatt,INST-001,Undergraduate,4th Year,2008-05-15,G_S05195,ADDR_S05195
S05196,Triya Talwar,triya talwar,INST-030,Undergraduate,2th Year,2007-11-16,G_S05196,ADDR_S05196
S05197,Leena Doctor,leena doctor,INST-022,Undergraduate,2th Year,2004-04-02,G_S05197,ADDR_S05197
S05198,Yashasvi Tank,yashasvi tank,INST-045,Undergraduate,1th Year,2006-02-27,G_S05198,ADDR_S05198
S05199,Kai Nagarajan,kai nagarajan,INST-058,Undergraduate,3th Year,2004-05-06,G_S05199,ADDR_S05199
S05200,Wakeeta Barad,wakeeta barad,INST-005,Undergraduate,2th Year,2003-10-26,G_S05200,ADDR_S05200
S05201,Aadi Rastogi,aadi rastogi,INST-004,Undergraduate,4th Year,2003-07-20,G_S05201,ADDR_S05201
S05202,Wazir Pillay,wazir pillay,INST-030,Undergraduate,1th Year,2005-02-04,G_S05202,ADDR_S05202
S05203,Amruta Balan,amruta balan,INST-028,Undergraduate,4th Year,2006-01-19,G_S05203,ADDR_S05203
S05204,Madhavi Raj,madhavi raj,INST-018,Undergraduate,1th Year,2004-03-20,G_S05204,ADDR_S05204
S05205,Tanmayi  Barad,tanmayi barad,INST-032,Undergraduate,2th Year,2005-04-15,G_S05205,ADDR_S05205
S05206,Jeet Ganesh,jeet ganesh,INST-035,Undergraduate,4th Year,2005-09-06,G_S05206,ADDR_S05206
S05207,Patrick Oommen,patrick oommen,INST-003,Undergraduate,3th Year,2006-06-19,G_S05207,ADDR_S05207
S05208,Amrita Krishnamurthy,amrita krishnamurthy,INST-013,Undergraduate,4th Year,2004-12-22,G_S05208,ADDR_S05208
S05209,Maya Sharma,maya sharma,INST-049,Undergraduate,2th Year,2007-03-10,G_S05209,ADDR_S05209
S05210,Rohan Dey,rohan dey,INST-042,Undergraduate,2th Year,2006-02-14,G_S05210,ADDR_S05210
S05211,Chaitaly Grewal,chaitaly grewal,INST-011,Undergraduate,4th Year,2008-04-16,G_S05211,ADDR_S05211
S05212,Kiaan Walia,kiaan walia,INST-042,Undergraduate,3th Year,2003-09-24,G_S05212,ADDR_S05212
S05213,Mahika Kapadia,mahika kapadia,INST-052,Undergraduate,1th Year,2005-07-24,G_S05213,ADDR_S05213
S05214,Harshil Oak,harshil oak,INST-023,Undergraduate,3th Year,2003-10-25,G_S05214,ADDR_S05214
S05215,Nitesh Lad,nitesh lad,INST-037,Undergraduate,2th Year,2006-09-20,G_S05215,ADDR_S05215
S05216,Falak Grover,falak grover,INST-028,Undergraduate,4th Year,2007-02-27,G_S05216,ADDR_S05216
S05217,Vasudha Gokhale,vasudha gokhale,INST-041,Undergraduate,4th Year,2006-11-05,G_S05217,ADDR_S05217
S05218,Lopa Ganesh,lopa ganesh,INST-027,Undergraduate,1th Year,2005-12-17,G_S05218,ADDR_S05218
S05219,Netra Kant,netra kant,INST-044,Undergraduate,3th Year,2008-08-06,G_S05219,ADDR_S05219
S05220,Hemal Wagle,hemal wagle,INST-013,Undergraduate,1th Year,2008-09-28,G_S05220,ADDR_S05220
S05221,Harsh Kapoor,harsh kapoor,INST-036,Undergraduate,3th Year,2007-05-21,G_S05221,ADDR_S05221
S05222,Mahika Pingle,mahika pingle,INST-007,Undergraduate,3th Year,2007-04-06,G_S05222,ADDR_S05222
S05223,Atharv Suri,atharv suri,INST-009,Undergraduate,2th Year,2004-08-25,G_S05223,ADDR_S05223
S05224,Libni Nair,libni nair,INST-037,Undergraduate,2th Year,2006-09-06,G_S05224,ADDR_S05224
S05225,Ekani Sura,ekani sura,INST-045,Undergraduate,2th Year,2007-11-01,G_S05225,ADDR_S05225
S05226,Advika Kapur,advika kapur,INST-022,Undergraduate,3th Year,2003-11-12,G_S05226,ADDR_S05226
S05227,Rishi Mohan,rishi mohan,INST-024,Undergraduate,4th Year,2005-01-17,G_S05227,ADDR_S05227
S05228,Yauvani Borde,yauvani borde,INST-030,Undergraduate,3th Year,2004-11-23,G_S05228,ADDR_S05228
S05229,Vasana Sule,vasana sule,INST-045,Undergraduate,4th Year,2007-07-11,G_S05229,ADDR_S05229
S05230,Champak Issac,champak issac,INST-057,Undergraduate,1th Year,2003-07-23,G_S05230,ADDR_S05230
S05231,Warinder Luthra,warinder luthra,INST-003,Undergraduate,1th Year,2006-11-18,G_S05231,ADDR_S05231
S05232,Gabriel Patla,gabriel patla,INST-048,Undergraduate,4th Year,2008-03-19,G_S05232,ADDR_S05232
S05233,Meera Mohanty,meera mohanty,INST-057,Undergraduate,4th Year,2008-04-13,G_S05233,ADDR_S05233
S05234,Eshana Memon,eshana memon,INST-035,Undergraduate,2th Year,2006-03-25,G_S05234,ADDR_S05234
S05235,Hritik Narain,hritik narain,INST-024,Undergraduate,2th Year,2008-08-24,G_S05235,ADDR_S05235
S05236,Samaksh Chhabra,samaksh chhabra,INST-054,Undergraduate,4th Year,2005-07-28,G_S05236,ADDR_S05236
S05237,Oscar Pau,oscar pau,INST-027,Undergraduate,4th Year,2003-09-01,G_S05237,ADDR_S05237
S05238,Oni Soni,oni soni,INST-035,Undergraduate,1th Year,2004-12-05,G_S05238,ADDR_S05238
S05239,Wazir Sandhu,wazir sandhu,INST-022,Undergraduate,4th Year,2006-05-26,G_S05239,ADDR_S05239
S05240,Edhitha Bath,edhitha bath,INST-021,Undergraduate,2th Year,2004-01-18,G_S05240,ADDR_S05240
S05241,Amaira Doctor,amaira doctor,INST-054,Undergraduate,4th Year,2003-04-17,G_S05241,ADDR_S05241
S05242,Bhanumati Chahal,bhanumati chahal,INST-057,Undergraduate,4th Year,2007-10-26,G_S05242,ADDR_S05242
S05243,Irya Goel,irya goel,INST-003,Undergraduate,2th Year,2007-03-03,G_S05243,ADDR_S05243
S05244,Leela Wadhwa,leela wadhwa,INST-025,Undergraduate,2th Year,2006-09-12,G_S05244,ADDR_S05244
S05245,Urvashi Bhasin,urvashi bhasin,INST-042,Undergraduate,3th Year,2008-11-25,G_S05245,ADDR_S05245
S05246,Vanya Ahuja,vanya ahuja,INST-044,Undergraduate,3th Year,2003-03-07,G_S05246,ADDR_S05246
S05247,Jalsa Dayal,jalsa dayal,INST-040,Undergraduate,4th Year,2003-09-03,G_S05247,ADDR_S05247
S05248,Yoshita Vyas,yoshita vyas,INST-039,Undergraduate,4th Year,2003-04-25,G_S05248,ADDR_S05248
S05249,Neelima Gaba,neelima gaba,INST-022,Undergraduate,3th Year,2004-08-05,G_S05249,ADDR_S05249
S05250,Ganga Sangha,ganga sangha,INST-055,Undergraduate,4th Year,2004-09-26,G_S05250,ADDR_S05250
S05251,Dalbir Nair,dalbir nair,INST-033,Undergraduate,2th Year,2003-10-16,G_S05251,ADDR_S05251
S05252,Shivani Yohannan,shivani yohannan,INST-051,Undergraduate,1th Year,2007-02-18,G_S05252,ADDR_S05252
S05253,Ati Misra,ati misra,INST-055,Undergraduate,2th Year,2003-02-06,G_S05253,ADDR_S05253
S05254,Lakshit Tailor,lakshit tailor,INST-001,Undergraduate,2th Year,2008-04-04,G_S05254,ADDR_S05254
S05255,Yashvi Nazareth,yashvi nazareth,INST-029,Undergraduate,4th Year,2005-09-18,G_S05255,ADDR_S05255
S05256,Harinakshi Sami,harinakshi sami,INST-052,Undergraduate,4th Year,2004-01-28,G_S05256,ADDR_S05256
S05257,Edhitha Mani,edhitha mani,INST-056,Undergraduate,1th Year,2003-10-12,G_S05257,ADDR_S05257
S05258,Yadavi  Dave,yadavi dave,INST-005,Undergraduate,2th Year,2005-02-08,G_S05258,ADDR_S05258
S05259,Jagat Butala,jagat butala,INST-042,Undergraduate,2th Year,2003-10-21,G_S05259,ADDR_S05259
S05260,Gaurangi Bal,gaurangi bal,INST-059,Undergraduate,4th Year,2003-12-08,G_S05260,ADDR_S05260
S05261,Abeer Baral,abeer baral,INST-032,Undergraduate,3th Year,2005-01-23,G_S05261,ADDR_S05261
S05262,Nachiket Mohanty,nachiket mohanty,INST-054,Undergraduate,3th Year,2004-04-07,G_S05262,ADDR_S05262
S05263,Victor Kata,victor kata,INST-046,Undergraduate,1th Year,2005-10-09,G_S05263,ADDR_S05263
S05264,Warjas Deep,warjas deep,INST-057,Undergraduate,1th Year,2008-06-04,G_S05264,ADDR_S05264
S05265,ESHANA NADIG,eshana nadig,INST-013,Undergraduate,2th Year,2005-01-16,G_S05265,ADDR_S05265
S05266,Sathvik Ahluwalia,sathvik ahluwalia,INST-041,Undergraduate,3th Year,2004-04-19,G_S05266,ADDR_S05266
S05267,Harini Srivastava,harini srivastava,INST-034,Undergraduate,1th Year,2007-06-28,G_S05267,ADDR_S05267
S05268,Samar  Sandal,samar sandal,INST-007,Undergraduate,4th Year,2006-06-02,G_S05268,ADDR_S05268
S05269,Harish Mander,harish mander,INST-042,Undergraduate,1th Year,2004-10-09,G_S05269,ADDR_S05269
S05270,Bhavani Venkatesh,bhavani venkatesh,INST-047,Undergraduate,3th Year,2008-03-02,G_S05270,ADDR_S05270
S05271,Libni Swaminathan,libni swaminathan,INST-059,Undergraduate,1th Year,2006-06-04,G_S05271,ADDR_S05271
S05272,Xalak Kapadia,xalak kapadia,INST-001,Undergraduate,1th Year,2007-02-28,G_S05272,ADDR_S05272
S05273,Saumya Sastry,saumya sastry,INST-022,Undergraduate,4th Year,2006-08-21,G_S05273,ADDR_S05273
S05274,Odika Doctor,odika doctor,INST-057,Undergraduate,2th Year,2008-03-22,G_S05274,ADDR_S05274
S05275,Kai Peri,kai peri,INST-047,Undergraduate,4th Year,2004-01-05,G_S05275,ADDR_S05275
S05276,Jyoti Mani,jyoti mani,INST-036,Undergraduate,1th Year,2004-07-26,G_S05276,ADDR_S05276
S05277,Ekaraj Vora,ekaraj vora,INST-025,Undergraduate,4th Year,2003-11-19,G_S05277,ADDR_S05277
S05278,Oscar Cherian,oscar cherian,INST-056,Undergraduate,3th Year,2005-01-18,G_S05278,ADDR_S05278
S05279,Ranveer Bhatnagar,ranveer bhatnagar,INST-058,Undergraduate,3th Year,2006-04-11,G_S05279,ADDR_S05279
S05280,Ryan Dhar,ryan dhar,INST-045,Undergraduate,3th Year,2004-07-21,G_S05280,ADDR_S05280
S05281,Dalaja Chanda,dalaja chanda,INST-011,Undergraduate,3th Year,2008-07-22,G_S05281,ADDR_S05281
S05282,Krishna Anand,krishna anand,INST-013,Undergraduate,4th Year,2005-02-16,G_S05282,ADDR_S05282
S05283,Zinal Konda,zinal konda,INST-024,Undergraduate,1th Year,2004-05-24,G_S05283,ADDR_S05283
S05284,Adweta Suri,adweta suri,INST-012,Undergraduate,3th Year,2005-02-16,G_S05284,ADDR_S05284
S05285,Samar Sheth,samar sheth,INST-016,Undergraduate,3th Year,2007-03-18,G_S05285,ADDR_S05285
S05286,Arjun Walia,arjun walia,INST-014,Undergraduate,4th Year,2007-11-04,G_S05286,ADDR_S05286
S05287,Urishilla Raval,urishilla raval,INST-028,Undergraduate,1th Year,2006-05-13,G_S05287,ADDR_S05287
S05288,Tamanna Goel,tamanna goel,INST-030,Undergraduate,3th Year,2006-03-11,G_S05288,ADDR_S05288
S05289,Inaya Srinivasan,inaya srinivasan,INST-004,Undergraduate,2th Year,2007-10-19,G_S05289,ADDR_S05289
S05290,Ekani Lad,ekani lad,INST-057,Undergraduate,2th Year,2007-07-04,G_S05290,ADDR_S05290
S05291,Amaira Sule,amaira sule,INST-022,Undergraduate,3th Year,2008-06-05,G_S05291,ADDR_S05291
S05292,Ladli Dubey,ladli dubey,INST-044,Undergraduate,4th Year,2005-10-04,G_S05292,ADDR_S05292
S05293,Eshana Dhar,eshana dhar,INST-023,Undergraduate,1th Year,2005-04-01,G_S05293,ADDR_S05293
S05294,Yasti Setty,yasti setty,INST-047,Undergraduate,1th Year,2004-09-17,G_S05294,ADDR_S05294
S05295,Wridesh Chaudry,wridesh chaudry,INST-041,Undergraduate,1th Year,2007-11-04,G_S05295,ADDR_S05295
S05296,CHATRESH GOPAL,chatresh gopal,INST-007,Undergraduate,1th Year,2007-06-16,G_S05296,ADDR_S05296
S05297,Jai Singh,jai singh,INST-018,Undergraduate,3th Year,2004-09-15,G_S05297,ADDR_S05297
S05298,Dev Shankar,dev shankar,INST-020,Undergraduate,3th Year,2008-06-14,G_S05298,ADDR_S05298
S05299,Rushil Savant,rushil savant,INST-030,Undergraduate,4th Year,2004-03-23,G_S05299,ADDR_S05299
S05300,Quincy Balakrishnan,quincy balakrishnan,INST-015,Undergraduate,1th Year,2004-11-28,G_S05300,ADDR_S05300
S05301,Qabil Gera,qabil gera,INST-026,Undergraduate,1th Year,2008-04-10,G_S05301,ADDR_S05301
S05302,Tanish Sabharwal,tanish sabharwal,INST-042,Undergraduate,4th Year,2006-12-18,G_S05302,ADDR_S05302
S05303,Harrison Sane,harrison sane,INST-052,Undergraduate,2th Year,2008-05-06,G_S05303,ADDR_S05303
S05304,Faqid Mitter,faqid mitter,INST-047,Undergraduate,2th Year,2007-01-03,G_S05304,ADDR_S05304
S05305,Maanas Khalsa,maanas khalsa,INST-013,Undergraduate,4th Year,2008-02-26,G_S05305,ADDR_S05305
S05306,Ekta Patla,ekta patla,INST-005,Undergraduate,3th Year,2006-07-06,G_S05306,ADDR_S05306
S05307,Samar Nagarajan,samar nagarajan,INST-035,Undergraduate,3th Year,2005-02-09,G_S05307,ADDR_S05307
S05308,Amara Sahni,amara sahni,INST-029,Undergraduate,1th Year,2006-09-18,G_S05308,ADDR_S05308
S05309,Vrinda Sheth,vrinda sheth,INST-015,Undergraduate,3th Year,2004-09-07,G_S05309,ADDR_S05309
S05310,Theodore Edwin,theodore edwin,INST-024,Undergraduate,1th Year,2006-06-14,G_S05310,ADDR_S05310
S05311,Bimala Kota,bimala kota,INST-057,Undergraduate,1th Year,2008-03-10,G_S05311,ADDR_S05311
S05312,Gaurangi Lal,gaurangi lal,INST-051,Undergraduate,1th Year,2006-04-09,G_S05312,ADDR_S05312
S05313,Wishi Dada,wishi dada,INST-052,Undergraduate,2th Year,2003-05-19,G_S05313,ADDR_S05313
S05314,Sanya Sarna,sanya sarna,INST-029,Undergraduate,2th Year,2007-12-07,G_S05314,ADDR_S05314
S05315,Rachit Ghosh,rachit ghosh,INST-042,Undergraduate,2th Year,2005-10-04,G_S05315,ADDR_S05315
S05316,Ekaraj Edwin,ekaraj edwin,INST-027,Undergraduate,2th Year,2008-08-07,G_S05316,ADDR_S05316
S05317,Garima Koshy,garima koshy,INST-015,Undergraduate,4th Year,2008-09-04,G_S05317,ADDR_S05317
S05318,Widisha Chowdhury,widisha chowdhury,INST-014,Undergraduate,3th Year,2008-09-18,G_S05318,ADDR_S05318
S05319,Vritti Narain,vritti narain,INST-026,Undergraduate,2th Year,2007-05-03,G_S05319,ADDR_S05319
S05320,Zilmil Kibe,zilmil kibe,INST-001,Undergraduate,4th Year,2005-10-01,G_S05320,ADDR_S05320
S05321,Manthan Bala,manthan bala,INST-044,Undergraduate,1th Year,2004-10-03,G_S05321,ADDR_S05321
S05322,Krish Patla,krish patla,INST-034,Undergraduate,2th Year,2006-10-21,G_S05322,ADDR_S05322
S05323,Chatura Guha,chatura guha,INST-037,Undergraduate,2th Year,2004-08-21,G_S05323,ADDR_S05323
S05324,Baljiwan Basu,baljiwan basu,INST-023,Undergraduate,3th Year,2004-07-19,G_S05324,ADDR_S05324
S05325,Vrinda Shroff,vrinda shroff,INST-050,Undergraduate,4th Year,2003-11-03,G_S05325,ADDR_S05325
S05326,Ikshita Kade,ikshita kade,INST-004,Undergraduate,1th Year,2003-11-19,G_S05326,ADDR_S05326
S05327,Yoshita Parikh,yoshita parikh,INST-006,Undergraduate,1th Year,2005-05-15,G_S05327,ADDR_S05327
S05328,Warjas Warrior,warjas warrior,INST-013,Undergraduate,3th Year,2007-08-10,G_S05328,ADDR_S05328
S05329,Darsh Baria,darsh baria,INST-053,Undergraduate,1th Year,2006-04-26,G_S05329,ADDR_S05329
S05330,Anay Mall,anay mall,INST-002,Undergraduate,2th Year,2007-11-22,G_S05330,ADDR_S05330
S05331,Warinder Rama,warinder rama,INST-037,Undergraduate,3th Year,2003-12-14,G_S05331,ADDR_S05331
S05332,Ekani Choudhary,ekani choudhary,INST-057,Undergraduate,2th Year,2008-04-16,G_S05332,ADDR_S05332
S05333,Ekalinga Palan,ekalinga palan,INST-058,Undergraduate,4th Year,2006-12-16,G_S05333,ADDR_S05333
S05334,Shivansh Chander,shivansh chander,INST-045,Undergraduate,3th Year,2007-04-14,G_S05334,ADDR_S05334
S05335,Manthan Ganesh,manthan ganesh,INST-013,Undergraduate,2th Year,2004-10-13,G_S05335,ADDR_S05335
S05336,Arjun Chanda,arjun chanda,INST-021,Undergraduate,3th Year,2006-08-21,G_S05336,ADDR_S05336
S05337,Rushil Sridhar,rushil sridhar,INST-052,Undergraduate,1th Year,2006-02-24,G_S05337,ADDR_S05337
S05338,Yasti Hans,yasti hans,INST-014,Undergraduate,3th Year,2003-04-27,G_S05338,ADDR_S05338
S05339,Ronith Ahluwalia,ronith ahluwalia,INST-017,Undergraduate,1th Year,2007-12-13,G_S05339,ADDR_S05339
S05340,UPMA BUTALA,upma butala,INST-055,Undergraduate,4th Year,2003-08-28,G_S05340,ADDR_S05340
S05341,Xalak Chander,xalak chander,INST-016,Undergraduate,4th Year,2005-10-10,G_S05341,ADDR_S05341
S05342,Maanav Rao,maanav rao,INST-026,Undergraduate,3th Year,2005-06-16,G_S05342,ADDR_S05342
S05343,Matthew Doshi,matthew doshi,INST-010,Undergraduate,4th Year,2008-12-25,G_S05343,ADDR_S05343
S05344,Sarthak Dugar,sarthak dugar,INST-057,Undergraduate,4th Year,2004-09-23,G_S05344,ADDR_S05344
S05345,Triveni Rout,triveni rout,INST-026,Undergraduate,1th Year,2006-11-28,G_S05345,ADDR_S05345
S05346,Liam Bera,liam bera,INST-029,Undergraduate,1th Year,2008-03-10,G_S05346,ADDR_S05346
S05347,Gaurav D’Alia,gaurav d’alia,INST-045,Undergraduate,2th Year,2008-07-28,G_S05347,ADDR_S05347
S05348,Lavanya Rau,lavanya rau,INST-055,Undergraduate,4th Year,2003-07-18,G_S05348,ADDR_S05348
S05349,Kai Golla,kai golla,INST-024,Undergraduate,3th Year,2007-12-19,G_S05349,ADDR_S05349
S05350,Jai Balay,jai balay,INST-004,Undergraduate,1th Year,2007-08-25,G_S05350,ADDR_S05350
S05351,Laban Oza,laban oza,INST-019,Undergraduate,4th Year,2005-06-04,G_S05351,ADDR_S05351
S05352,Yuvraj Hora,yuvraj hora,INST-057,Undergraduate,1th Year,2004-03-21,G_S05352,ADDR_S05352
S05353,Balhaar Memon,balhaar memon,INST-045,Undergraduate,2th Year,2003-04-09,G_S05353,ADDR_S05353
S05354,Raagini Rai,raagini rai,INST-039,Undergraduate,1th Year,2003-08-06,G_S05354,ADDR_S05354
S05355,Sathvik Yadav,sathvik yadav,INST-055,Undergraduate,4th Year,2008-04-14,G_S05355,ADDR_S05355
S05356,Praneel Shah,praneel shah,INST-029,Undergraduate,3th Year,2003-01-10,G_S05356,ADDR_S05356
S05357,Hemang Doctor,hemang doctor,INST-031,Undergraduate,2th Year,2008-03-24,G_S05357,ADDR_S05357
S05358,Patrick Chaudhry,patrick chaudhry,INST-030,Undergraduate,4th Year,2006-06-11,G_S05358,ADDR_S05358
S05359,Bhavani Bajaj,bhavani bajaj,INST-002,Undergraduate,2th Year,2007-12-20,G_S05359,ADDR_S05359
S05360,Logan Nazareth,logan nazareth,INST-060,Undergraduate,4th Year,2007-08-13,G_S05360,ADDR_S05360
S05361,Eta Desai,eta desai,INST-025,Undergraduate,4th Year,2007-10-19,G_S05361,ADDR_S05361
S05362,Bhavini Prashad,bhavini prashad,INST-034,Undergraduate,1th Year,2005-02-18,G_S05362,ADDR_S05362
S05363,Anay Hari,anay hari,INST-048,Undergraduate,3th Year,2005-08-09,G_S05363,ADDR_S05363
S05364,Inaya Rai,inaya rai,INST-024,Undergraduate,3th Year,2008-03-16,G_S05364,ADDR_S05364
S05365,Aarav Kala,aarav kala,INST-022,Undergraduate,4th Year,2005-01-15,G_S05365,ADDR_S05365
S05366,Kabir Taneja,kabir taneja,INST-060,Undergraduate,1th Year,2004-08-18,G_S05366,ADDR_S05366
S05367,Gunbir Karnik,gunbir karnik,INST-027,Undergraduate,1th Year,2007-11-21,G_S05367,ADDR_S05367
S05368,Jagat Dhar,jagat dhar,INST-001,Undergraduate,1th Year,2003-04-19,G_S05368,ADDR_S05368
S05369,Rayaan Samra,rayaan samra,INST-026,Undergraduate,3th Year,2008-07-27,G_S05369,ADDR_S05369
S05370,Eta Zacharia,eta zacharia,INST-005,Undergraduate,2th Year,2006-07-24,G_S05370,ADDR_S05370
S05371,Lila Mohanty,lila mohanty,INST-058,Undergraduate,2th Year,2007-02-08,G_S05371,ADDR_S05371
S05372,Simon Bala,simon bala,INST-027,Undergraduate,4th Year,2005-01-20,G_S05372,ADDR_S05372
S05373,Falan Dugal,falan dugal,INST-053,Undergraduate,3th Year,2004-07-10,G_S05373,ADDR_S05373
S05374,Lohit Subramaniam,lohit subramaniam,INST-042,Undergraduate,1th Year,2004-02-21,G_S05374,ADDR_S05374
S05375,Pahal Dasgupta,pahal dasgupta,INST-035,Undergraduate,2th Year,2005-09-06,G_S05375,ADDR_S05375
S05376,Neel Srinivas,neel srinivas,INST-038,Undergraduate,1th Year,2005-04-28,G_S05376,ADDR_S05376
S05377,Warda Mall,warda mall,INST-023,Undergraduate,1th Year,2003-02-20,G_S05377,ADDR_S05377
S05378,Ojas Bhat,ojas bhat,INST-058,Undergraduate,3th Year,2003-05-04,G_S05378,ADDR_S05378
S05379,Frederick Sankar,frederick sankar,INST-018,Undergraduate,1th Year,2008-03-16,G_S05379,ADDR_S05379
S05380,Anthony Sachar,anthony sachar,INST-015,Undergraduate,3th Year,2006-10-10,G_S05380,ADDR_S05380
S05381,Kalpit Date,kalpit date,INST-017,Undergraduate,4th Year,2008-11-06,G_S05381,ADDR_S05381
S05382,Hredhaan Oommen,hredhaan oommen,INST-027,Undergraduate,1th Year,2004-02-18,G_S05382,ADDR_S05382
S05383,Advika Dutt,advika dutt,INST-043,Undergraduate,2th Year,2005-11-14,G_S05383,ADDR_S05383
S05384,Tristan Mangal,tristan mangal,INST-005,Undergraduate,1th Year,2004-09-09,G_S05384,ADDR_S05384
S05385,Zaid Bhargava,zaid bhargava,INST-020,Undergraduate,2th Year,2008-09-20,G_S05385,ADDR_S05385
S05386,Anay Patil,anay patil,INST-014,Undergraduate,3th Year,2004-06-21,G_S05386,ADDR_S05386
S05387,Watika Seth,watika seth,INST-035,Undergraduate,1th Year,2004-09-10,G_S05387,ADDR_S05387
S05388,Pallavi Morar,pallavi morar,INST-016,Undergraduate,1th Year,2006-11-09,G_S05388,ADDR_S05388
S05389,Kamala Savant,kamala savant,INST-021,Undergraduate,3th Year,2003-06-22,G_S05389,ADDR_S05389
S05390,Kamya Mane,kamya mane,INST-005,Undergraduate,4th Year,2007-01-22,G_S05390,ADDR_S05390
S05391,Orinder Koshy,orinder koshy,INST-051,Undergraduate,4th Year,2004-06-08,G_S05391,ADDR_S05391
S05392,Varsha Cherian,varsha cherian,INST-035,Undergraduate,3th Year,2004-10-26,G_S05392,ADDR_S05392
S05393,Zayan Shenoy,zayan shenoy,INST-045,Undergraduate,2th Year,2008-04-04,G_S05393,ADDR_S05393
S05394,Aarnav Choudhry,aarnav choudhry,INST-036,Undergraduate,1th Year,2005-11-07,G_S05394,ADDR_S05394
S05395,Daniel Dani,daniel dani,INST-018,Undergraduate,4th Year,2004-01-11,G_S05395,ADDR_S05395
S05396,Balvan Johal,balvan johal,INST-060,Undergraduate,2th Year,2007-05-20,G_S05396,ADDR_S05396
S05397,Nitara Karpe,nitara karpe,INST-047,Undergraduate,2th Year,2007-04-20,G_S05397,ADDR_S05397
S05398,Shivani Rastogi,shivani rastogi,INST-038,Undergraduate,3th Year,2006-09-15,G_S05398,ADDR_S05398
S05399,Gautam Suresh,gautam suresh,INST-001,Undergraduate,2th Year,2007-08-17,G_S05399,ADDR_S05399
S05400,Pallavi Varty,pallavi varty,INST-036,Undergraduate,3th Year,2008-11-19,G_S05400,ADDR_S05400
S05401,Agastya Varughese,agastya varughese,INST-051,Undergraduate,4th Year,2004-11-11,G_S05401,ADDR_S05401
S05402,Jeevika Sem,jeevika sem,INST-059,Undergraduate,1th Year,2007-11-17,G_S05402,ADDR_S05402
S05403,Manbir Balasubramanian,manbir balasubramanian,INST-022,Undergraduate,2th Year,2003-08-11,G_S05403,ADDR_S05403
S05404,Hema Bhat,hema bhat,INST-058,Undergraduate,4th Year,2005-04-19,G_S05404,ADDR_S05404
S05405,Frado Hayre,frado hayre,INST-017,Undergraduate,1th Year,2004-05-21,G_S05405,ADDR_S05405
S05406,Nilima Sethi,nilima sethi,INST-016,Undergraduate,4th Year,2003-09-21,G_S05406,ADDR_S05406
S05407,Yatin Bhagat,yatin bhagat,INST-049,Undergraduate,1th Year,2008-07-20,G_S05407,ADDR_S05407
S05408,Veer Natarajan,veer natarajan,INST-006,Undergraduate,4th Year,2005-08-03,G_S05408,ADDR_S05408
S05409,Champak Mani,champak mani,INST-029,Undergraduate,1th Year,2007-04-04,G_S05409,ADDR_S05409
S05410,Anya Swamy,anya swamy,INST-005,Undergraduate,2th Year,2004-02-11,G_S05410,ADDR_S05410
S05411,Ryan Rattan,ryan rattan,INST-032,Undergraduate,3th Year,2004-01-18,G_S05411,ADDR_S05411
S05412,Ishaan Hegde,ishaan hegde,INST-055,Undergraduate,4th Year,2006-03-07,G_S05412,ADDR_S05412
S05413,Anay Saran,anay saran,INST-017,Undergraduate,4th Year,2003-07-15,G_S05413,ADDR_S05413
S05414,Ikshita Wali,ikshita wali,INST-034,Undergraduate,2th Year,2003-05-04,G_S05414,ADDR_S05414
S05415,Sanya Sandhu,sanya sandhu,INST-011,Undergraduate,1th Year,2008-02-21,G_S05415,ADDR_S05415
S05416,Zehaan Taneja,zehaan taneja,INST-050,Undergraduate,4th Year,2008-11-14,G_S05416,ADDR_S05416
S05417,Samarth Dara,samarth dara,INST-030,Undergraduate,2th Year,2006-11-15,G_S05417,ADDR_S05417
S05418,Gauri Issac,gauri issac,INST-060,Undergraduate,1th Year,2007-10-23,G_S05418,ADDR_S05418
S05419,Neha Dugar,neha dugar,INST-031,Undergraduate,3th Year,2004-04-25,G_S05419,ADDR_S05419
S05420,Aachal Sarkar,aachal sarkar,INST-054,Undergraduate,3th Year,2004-01-09,G_S05420,ADDR_S05420
S05421,RAJESHRI DIXIT,rajeshri dixit,INST-003,Undergraduate,4th Year,2005-06-09,G_S05421,ADDR_S05421
S05422,Ira Bhatt,ira bhatt,INST-050,Undergraduate,3th Year,2008-02-14,G_S05422,ADDR_S05422
S05423,Lakshit Soman,lakshit soman,INST-007,Undergraduate,2th Year,2003-04-27,G_S05423,ADDR_S05423
S05424,Azad Bhandari,azad bhandari,INST-052,Undergraduate,2th Year,2008-04-28,G_S05424,ADDR_S05424
S05425,Neha Sachdeva,neha sachdeva,INST-048,Undergraduate,1th Year,2007-12-17,G_S05425,ADDR_S05425
S05426,Harish Mukhopadhyay,harish mukhopadhyay,INST-050,Undergraduate,1th Year,2005-05-23,G_S05426,ADDR_S05426
S05427,Aryan Bir,aryan bir,INST-021,Undergraduate,2th Year,2006-02-23,G_S05427,ADDR_S05427
S05428,Chandresh  Sekhon,chandresh sekhon,INST-007,Undergraduate,4th Year,2004-06-05,G_S05428,ADDR_S05428
S05429,Unni Dash,unni dash,INST-031,Undergraduate,1th Year,2006-01-13,G_S05429,ADDR_S05429
S05430,Baljiwan Bahri,baljiwan bahri,INST-018,Undergraduate,3th Year,2003-05-16,G_S05430,ADDR_S05430
S05431,Warinder Bir,warinder bir,INST-037,Undergraduate,3th Year,2004-06-15,G_S05431,ADDR_S05431
S05432,Aarush Murty,aarush murty,INST-037,Undergraduate,4th Year,2004-11-27,G_S05432,ADDR_S05432
S05433,Dominic Nadig,dominic nadig,INST-058,Undergraduate,2th Year,2008-08-24,G_S05433,ADDR_S05433
S05434,Brijesh Kumer,brijesh kumer,INST-002,Undergraduate,1th Year,2008-08-26,G_S05434,ADDR_S05434
S05435,Chameli Taneja,chameli taneja,INST-050,Undergraduate,2th Year,2004-04-02,G_S05435,ADDR_S05435
S05436,Waida Kapur,waida kapur,INST-046,Undergraduate,1th Year,2008-02-12,G_S05436,ADDR_S05436
S05437,Rushil Sheth,rushil sheth,INST-050,Undergraduate,1th Year,2006-03-18,G_S05437,ADDR_S05437
S05438,Jai Sachdeva,jai sachdeva,INST-045,Undergraduate,1th Year,2008-04-01,G_S05438,ADDR_S05438
S05439,Brinda Chaudry,brinda chaudry,INST-006,Undergraduate,2th Year,2006-04-11,G_S05439,ADDR_S05439
S05440,Lavanya Chaudhary,lavanya chaudhary,INST-060,Undergraduate,4th Year,2007-11-25,G_S05440,ADDR_S05440
S05441,Tarak Sundaram,tarak sundaram,INST-019,Undergraduate,2th Year,2003-09-16,G_S05441,ADDR_S05441
S05442,CHANDRAN SUNDARAM,chandran sundaram,INST-032,Undergraduate,2th Year,2004-07-17,G_S05442,ADDR_S05442
S05443,Amaira Kothari,amaira kothari,INST-039,Undergraduate,2th Year,2007-12-19,G_S05443,ADDR_S05443
S05444,Owen Naidu,owen naidu,INST-034,Undergraduate,2th Year,2006-08-07,G_S05444,ADDR_S05444
S05445,Qadim Kade,qadim kade,INST-007,Undergraduate,4th Year,2006-07-08,G_S05445,ADDR_S05445
S05446,Ishaan Sehgal,ishaan sehgal,INST-040,Undergraduate,3th Year,2005-08-14,G_S05446,ADDR_S05446
S05447,Ekalinga Lalla,ekalinga lalla,INST-055,Undergraduate,1th Year,2006-10-06,G_S05447,ADDR_S05447
S05448,Raagini Dewan,raagini dewan,INST-007,Undergraduate,2th Year,2008-09-10,G_S05448,ADDR_S05448
S05449,Tanish  Sibal,tanish sibal,INST-021,Undergraduate,3th Year,2008-06-23,G_S05449,ADDR_S05449
S05450,Yutika Sharma,yutika sharma,INST-020,Undergraduate,3th Year,2003-04-18,G_S05450,ADDR_S05450
S05451,Hitesh Chakraborty,hitesh chakraborty,INST-028,Undergraduate,3th Year,2007-05-18,G_S05451,ADDR_S05451
S05452,Christopher Dutt,christopher dutt,INST-019,Undergraduate,1th Year,2006-01-22,G_S05452,ADDR_S05452
S05453,Aashi Chandran,aashi chandran,INST-032,Undergraduate,1th Year,2005-02-04,G_S05453,ADDR_S05453
S05454,Wahab Pingle,wahab pingle,INST-007,Undergraduate,4th Year,2004-10-21,G_S05454,ADDR_S05454
S05455,Manan Choudhury,manan choudhury,INST-033,Undergraduate,3th Year,2007-12-01,G_S05455,ADDR_S05455
S05456,Sai Bains,sai bains,INST-005,Undergraduate,4th Year,2008-02-11,G_S05456,ADDR_S05456
S05457,Yashoda Balasubramanian,yashoda balasubramanian,INST-054,Undergraduate,4th Year,2005-05-16,G_S05457,ADDR_S05457
S05458,Mohini Lad,mohini lad,INST-001,Undergraduate,2th Year,2004-10-21,G_S05458,ADDR_S05458
S05459,Lakshit Dyal,lakshit dyal,INST-039,Undergraduate,3th Year,2003-03-23,G_S05459,ADDR_S05459
S05460,Siya Parekh,siya parekh,INST-021,Undergraduate,4th Year,2008-06-18,G_S05460,ADDR_S05460
S05461,RIA TRIPATHI,ria tripathi,INST-036,Undergraduate,1th Year,2003-09-01,G_S05461,ADDR_S05461
S05462,Raksha  Apte,raksha apte,INST-056,Undergraduate,1th Year,2003-12-08,G_S05462,ADDR_S05462
S05463,David Bal,david bal,INST-030,Undergraduate,4th Year,2008-03-26,G_S05463,ADDR_S05463
S05464,Chakradhar Sahota,chakradhar sahota,INST-013,Undergraduate,1th Year,2003-09-03,G_S05464,ADDR_S05464
S05465,Ekaja Solanki,ekaja solanki,INST-014,Undergraduate,2th Year,2003-06-09,G_S05465,ADDR_S05465
S05466,Pranit Gulati,pranit gulati,INST-036,Undergraduate,1th Year,2008-03-15,G_S05466,ADDR_S05466
S05467,Frederick Mistry,frederick mistry,INST-060,Undergraduate,2th Year,2005-10-06,G_S05467,ADDR_S05467
S05468,Gavin Chad,gavin chad,INST-050,Undergraduate,3th Year,2007-06-12,G_S05468,ADDR_S05468
S05469,Yasti Tata,yasti tata,INST-050,Undergraduate,3th Year,2006-03-17,G_S05469,ADDR_S05469
S05470,Noah Sampath,noah sampath,INST-014,Undergraduate,1th Year,2006-02-22,G_S05470,ADDR_S05470
S05471,Ubika Ramanathan,ubika ramanathan,INST-059,Undergraduate,2th Year,2007-07-03,G_S05471,ADDR_S05471
S05472,Chandresh Loke,chandresh loke,INST-057,Undergraduate,1th Year,2006-08-19,G_S05472,ADDR_S05472
S05473,Isha Karnik,isha karnik,INST-039,Undergraduate,3th Year,2005-05-18,G_S05473,ADDR_S05473
S05474,Aarna Chakrabarti,aarna chakrabarti,INST-011,Undergraduate,3th Year,2007-05-18,G_S05474,ADDR_S05474
S05475,Isaiah Pant,isaiah pant,INST-003,Undergraduate,4th Year,2005-12-18,G_S05475,ADDR_S05475
S05476,Chaitanya Talwar,chaitanya talwar,INST-054,Undergraduate,1th Year,2005-08-26,G_S05476,ADDR_S05476
S05477,Peter Sura,peter sura,INST-014,Undergraduate,2th Year,2005-06-27,G_S05477,ADDR_S05477
S05478,Udarsh Nath,udarsh nath,INST-045,Undergraduate,4th Year,2007-12-01,G_S05478,ADDR_S05478
S05479,Irya Chhabra,irya chhabra,INST-036,Undergraduate,2th Year,2005-12-06,G_S05479,ADDR_S05479
S05480,Mitali Gopal,mitali gopal,INST-001,Undergraduate,1th Year,2007-12-02,G_S05480,ADDR_S05480
S05481,Chakradev Sama,chakradev sama,INST-018,Undergraduate,4th Year,2008-08-06,G_S05481,ADDR_S05481
S05482,Krisha Rajagopal,krisha rajagopal,INST-030,Undergraduate,1th Year,2008-09-07,G_S05482,ADDR_S05482
S05483,Alka Sanghvi,alka sanghvi,INST-039,Undergraduate,1th Year,2003-12-23,G_S05483,ADDR_S05483
S05484,Amaira Sethi,amaira sethi,INST-020,Undergraduate,1th Year,2005-03-02,G_S05484,ADDR_S05484
S05485,Max  Bhattacharyya,max bhattacharyya,INST-037,Undergraduate,4th Year,2007-11-25,G_S05485,ADDR_S05485
S05486,Advay Dua,advay dua,INST-029,Undergraduate,3th Year,2005-03-11,G_S05486,ADDR_S05486
S05487,Harsh Raju,harsh raju,INST-057,Undergraduate,4th Year,2005-09-16,G_S05487,ADDR_S05487
S05488,Nathaniel Parekh,nathaniel parekh,INST-033,Undergraduate,2th Year,2003-01-02,G_S05488,ADDR_S05488
S05489,Niharika Maharaj,niharika maharaj,INST-042,Undergraduate,4th Year,2007-09-12,G_S05489,ADDR_S05489
S05490,Aadi Thakkar,aadi thakkar,INST-033,Undergraduate,4th Year,2003-05-27,G_S05490,ADDR_S05490
S05491,Amaira Warrior,amaira warrior,INST-043,Undergraduate,4th Year,2007-06-21,G_S05491,ADDR_S05491
S05492,Yachana Kari,yachana kari,INST-026,Undergraduate,4th Year,2005-11-20,G_S05492,ADDR_S05492
S05493,Rajata Devan,rajata devan,INST-037,Undergraduate,2th Year,2005-02-20,G_S05493,ADDR_S05493
S05494,Megha Srinivasan,megha srinivasan,INST-006,Undergraduate,1th Year,2008-12-13,G_S05494,ADDR_S05494
S05495,Sai Bir,sai bir,INST-013,Undergraduate,1th Year,2007-09-11,G_S05495,ADDR_S05495
S05496,Anthony Bhatnagar,anthony bhatnagar,INST-017,Undergraduate,4th Year,2007-05-16,G_S05496,ADDR_S05496
S05497,Charita Borah,charita borah,INST-025,Undergraduate,4th Year,2003-07-21,G_S05497,ADDR_S05497
S05498,Isaiah Kothari,isaiah kothari,INST-052,Undergraduate,3th Year,2008-06-17,G_S05498,ADDR_S05498
S05499,Nihal Jayaraman,nihal jayaraman,INST-006,Undergraduate,1th Year,2008-08-27,G_S05499,ADDR_S05499
S05500,Hritik Kaul,hritik kaul,INST-013,Undergraduate,4th Year,2003-06-11,G_S05500,ADDR_S05500
S05501,Vaishnavi Reddy,vaishnavi reddy,INST-041,Undergraduate,3th Year,2007-08-14,G_S05501,ADDR_S05501
S05502,Harita Grover,harita grover,INST-054,Undergraduate,2th Year,2006-09-03,G_S05502,ADDR_S05502
S05503,Caleb Kumar,caleb kumar,INST-029,Undergraduate,2th Year,2005-10-10,G_S05503,ADDR_S05503
S05504,Yasti Chandra,yasti chandra,INST-017,Undergraduate,2th Year,2004-03-26,G_S05504,ADDR_S05504
S05505,Gaurangi Bains,gaurangi bains,INST-012,Undergraduate,1th Year,2006-03-26,G_S05505,ADDR_S05505
S05506,Jagvi Mallick,jagvi mallick,INST-022,Undergraduate,3th Year,2007-03-17,G_S05506,ADDR_S05506
S05507,Warhi Dhillon,warhi dhillon,INST-004,Undergraduate,1th Year,2004-09-24,G_S05507,ADDR_S05507
S05508,Jeet  Chatterjee,jeet chatterjee,INST-032,Undergraduate,3th Year,2005-04-07,G_S05508,ADDR_S05508
S05509,Eesha Balay,eesha balay,INST-057,Undergraduate,3th Year,2006-05-03,G_S05509,ADDR_S05509
S05510,Bimala Mahal,bimala mahal,INST-036,Undergraduate,2th Year,2005-03-04,G_S05510,ADDR_S05510
S05511,Omaja Ratti,omaja ratti,INST-047,Undergraduate,4th Year,2004-11-07,G_S05511,ADDR_S05511
S05512,Upma Sule,upma sule,INST-017,Undergraduate,3th Year,2004-07-02,G_S05512,ADDR_S05512
S05513,Zaitra Date,zaitra date,INST-042,Undergraduate,3th Year,2008-06-26,G_S05513,ADDR_S05513
S05514,Benjamin Agate,benjamin agate,INST-008,Undergraduate,1th Year,2003-05-12,G_S05514,ADDR_S05514
S05515,Triya Dhillon,triya dhillon,INST-055,Undergraduate,1th Year,2005-07-18,G_S05515,ADDR_S05515
S05516,Anita Buch,anita buch,INST-023,Undergraduate,3th Year,2007-09-03,G_S05516,ADDR_S05516
S05517,Anika Sachdev,anika sachdev,INST-040,Undergraduate,4th Year,2007-09-02,G_S05517,ADDR_S05517
S05518,Upkaar Narain,upkaar narain,INST-014,Undergraduate,1th Year,2006-10-24,G_S05518,ADDR_S05518
S05519,Meera  Puri,meera puri,INST-001,Undergraduate,1th Year,2003-08-26,G_S05519,ADDR_S05519
S05520,Pahal Yohannan,pahal yohannan,INST-054,Undergraduate,3th Year,2007-10-25,G_S05520,ADDR_S05520
S05521,Meghana Sarraf,meghana sarraf,INST-060,Undergraduate,2th Year,2004-04-06,G_S05521,ADDR_S05521
S05522,Yashawini Raj,yashawini raj,INST-002,Undergraduate,2th Year,2008-02-19,G_S05522,ADDR_S05522
S05523,Gautam Narang,gautam narang,INST-031,Undergraduate,2th Year,2005-10-03,G_S05523,ADDR_S05523
S05524,Advika Murthy,advika murthy,INST-054,Undergraduate,4th Year,2003-03-27,G_S05524,ADDR_S05524
S05525,Indrajit Dash,indrajit dash,INST-044,Undergraduate,3th Year,2005-05-05,G_S05525,ADDR_S05525
S05526,Pranit Bhardwaj,pranit bhardwaj,INST-016,Undergraduate,2th Year,2008-03-25,G_S05526,ADDR_S05526
S05527,Jalsa Koshy,jalsa koshy,INST-009,Undergraduate,2th Year,2005-11-08,G_S05527,ADDR_S05527
S05528,Chaitanya Panchal,chaitanya panchal,INST-046,Undergraduate,2th Year,2004-10-11,G_S05528,ADDR_S05528
S05529,Ekavir Som,ekavir som,INST-012,Undergraduate,3th Year,2006-12-16,G_S05529,ADDR_S05529
S05530,Pahal Bhatia,pahal bhatia,INST-050,Undergraduate,4th Year,2006-10-12,G_S05530,ADDR_S05530
S05531,Megha Johal,megha johal,INST-001,Undergraduate,1th Year,2006-04-08,G_S05531,ADDR_S05531
S05532,Dipta Kothari,dipta kothari,INST-013,Undergraduate,3th Year,2006-08-27,G_S05532,ADDR_S05532
S05533,Jeremiah Chaudhry,jeremiah chaudhry,INST-060,Undergraduate,3th Year,2007-11-18,G_S05533,ADDR_S05533
S05534,Falak Pradhan,falak pradhan,INST-013,Undergraduate,2th Year,2008-05-07,G_S05534,ADDR_S05534
S05535,Ladli Sunder,ladli sunder,INST-028,Undergraduate,2th Year,2004-09-24,G_S05535,ADDR_S05535
S05536,Chandran Bakshi,chandran bakshi,INST-021,Undergraduate,2th Year,2004-06-20,G_S05536,ADDR_S05536
S05537,Laban Misra,laban misra,INST-002,Undergraduate,1th Year,2008-11-04,G_S05537,ADDR_S05537
S05538,Praneel Batta,praneel batta,INST-022,Undergraduate,2th Year,2005-06-13,G_S05538,ADDR_S05538
S05539,Krisha Prashad,krisha prashad,INST-042,Undergraduate,3th Year,2003-05-14,G_S05539,ADDR_S05539
S05540,Radhika Sankar,radhika sankar,INST-030,Undergraduate,3th Year,2004-06-18,G_S05540,ADDR_S05540
S05541,Nirja Bedi,nirja bedi,INST-029,Undergraduate,1th Year,2008-10-01,G_S05541,ADDR_S05541
S05542,Rajata Lala,rajata lala,INST-048,Undergraduate,4th Year,2005-10-12,G_S05542,ADDR_S05542
S05543,Akshay Mukhopadhyay,akshay mukhopadhyay,INST-059,Undergraduate,2th Year,2003-01-16,G_S05543,ADDR_S05543
S05544,Pallavi Patla,pallavi patla,INST-005,Undergraduate,3th Year,2007-05-13,G_S05544,ADDR_S05544
S05545,Saanvi Oak,saanvi oak,INST-041,Undergraduate,2th Year,2008-06-21,G_S05545,ADDR_S05545
S05546,Shravya Morar,shravya morar,INST-050,Undergraduate,2th Year,2008-03-15,G_S05546,ADDR_S05546
S05547,Timothy Handa,timothy handa,INST-009,Undergraduate,3th Year,2008-02-26,G_S05547,ADDR_S05547
S05548,Pavani De,pavani de,INST-027,Undergraduate,3th Year,2003-03-14,G_S05548,ADDR_S05548
S05549,Kala Kuruvilla,kala kuruvilla,INST-042,Undergraduate,3th Year,2003-12-11,G_S05549,ADDR_S05549
S05550,Lakshmi De,lakshmi de,INST-016,Undergraduate,3th Year,2004-05-27,G_S05550,ADDR_S05550
S05551,OMYA NAYAR,omya nayar,INST-055,Undergraduate,3th Year,2004-05-28,G_S05551,ADDR_S05551
S05552,Chatura Chopra,chatura chopra,INST-010,Undergraduate,1th Year,2003-10-03,G_S05552,ADDR_S05552
S05553,Gaurika Palan,gaurika palan,INST-059,Undergraduate,2th Year,2008-02-24,G_S05553,ADDR_S05553
S05554,Chatresh Andra,chatresh andra,INST-056,Undergraduate,4th Year,2005-08-18,G_S05554,ADDR_S05554
S05555,Naveen Grover,naveen grover,INST-041,Undergraduate,2th Year,2003-08-22,G_S05555,ADDR_S05555
S05556,Parth Doshi,parth doshi,INST-048,Undergraduate,1th Year,2008-01-04,G_S05556,ADDR_S05556
S05557,Pratyush Seth,pratyush seth,INST-001,Undergraduate,1th Year,2003-12-17,G_S05557,ADDR_S05557
S05558,VANYA SOM,vanya som,INST-005,Undergraduate,1th Year,2006-03-23,G_S05558,ADDR_S05558
S05559,Nandini Desai,nandini desai,INST-012,Undergraduate,4th Year,2005-01-09,G_S05559,ADDR_S05559
S05560,Ekalinga Ramakrishnan,ekalinga ramakrishnan,INST-003,Undergraduate,2th Year,2003-01-26,G_S05560,ADDR_S05560
S05561,Hemang Brar,hemang brar,INST-024,Undergraduate,4th Year,2006-01-25,G_S05561,ADDR_S05561
S05562,Avni Chaudhry,avni chaudhry,INST-018,Undergraduate,2th Year,2005-02-11,G_S05562,ADDR_S05562
S05563,Kashish Thakur,kashish thakur,INST-047,Undergraduate,2th Year,2003-06-25,G_S05563,ADDR_S05563
S05564,Zansi Rama,zansi rama,INST-022,Undergraduate,1th Year,2008-07-06,G_S05564,ADDR_S05564
S05565,Abeer Yadav,abeer yadav,INST-024,Undergraduate,1th Year,2008-07-11,G_S05565,ADDR_S05565
S05566,Hritik Som,hritik som,INST-021,Undergraduate,1th Year,2008-01-16,G_S05566,ADDR_S05566
S05567,Vasana Talwar,vasana talwar,INST-001,Undergraduate,3th Year,2005-12-24,G_S05567,ADDR_S05567
S05568,Rohan Buch,rohan buch,INST-028,Undergraduate,4th Year,2008-10-05,G_S05568,ADDR_S05568
S05569,Ishita Sawhney,ishita sawhney,INST-007,Undergraduate,2th Year,2003-10-04,G_S05569,ADDR_S05569
S05570,Anjali Sehgal,anjali sehgal,INST-040,Undergraduate,2th Year,2008-10-15,G_S05570,ADDR_S05570
S05571,Nilima Lall,nilima lall,INST-055,Undergraduate,1th Year,2005-12-19,G_S05571,ADDR_S05571
S05572,Pavani Borra,pavani borra,INST-013,Undergraduate,3th Year,2003-03-13,G_S05572,ADDR_S05572
S05573,Indrajit Gala,indrajit gala,INST-035,Undergraduate,4th Year,2005-09-03,G_S05573,ADDR_S05573
S05574,Samar Wadhwa,samar wadhwa,INST-050,Undergraduate,2th Year,2008-08-05,G_S05574,ADDR_S05574
S05575,Veer Srinivas,veer srinivas,INST-032,Undergraduate,4th Year,2006-08-17,G_S05575,ADDR_S05575
S05576,Vedant  Sani,vedant sani,INST-009,Undergraduate,2th Year,2008-06-03,G_S05576,ADDR_S05576
S05577,Libni Walia,libni walia,INST-007,Undergraduate,2th Year,2008-04-26,G_S05577,ADDR_S05577
S05578,Triya Palla,triya palla,INST-025,Undergraduate,1th Year,2006-03-19,G_S05578,ADDR_S05578
S05579,Jyoti Lanka,jyoti lanka,INST-054,Undergraduate,4th Year,2003-02-28,G_S05579,ADDR_S05579
S05580,DAYITA DATTA,dayita datta,INST-002,Undergraduate,4th Year,2006-08-07,G_S05580,ADDR_S05580
S05581,Viraj Thakur,viraj thakur,INST-027,Undergraduate,3th Year,2003-07-13,G_S05581,ADDR_S05581
S05582,Zehaan Pathak,zehaan pathak,INST-051,Undergraduate,1th Year,2007-11-01,G_S05582,ADDR_S05582
S05583,Champak Balay,champak balay,INST-004,Undergraduate,2th Year,2005-01-23,G_S05583,ADDR_S05583
S05584,Aachal Mody,aachal mody,INST-023,Undergraduate,3th Year,2005-02-19,G_S05584,ADDR_S05584
S05585,Bhavika Sibal,bhavika sibal,INST-017,Undergraduate,1th Year,2008-03-20,G_S05585,ADDR_S05585
S05586,Madhav Hegde,madhav hegde,INST-006,Undergraduate,1th Year,2008-05-20,G_S05586,ADDR_S05586
S05587,Isaac Dey,isaac dey,INST-034,Undergraduate,1th Year,2006-08-09,G_S05587,ADDR_S05587
S05588,Mitesh Sem,mitesh sem,INST-028,Undergraduate,3th Year,2003-12-22,G_S05588,ADDR_S05588
S05589,Vyanjana Chad,vyanjana chad,INST-032,Undergraduate,3th Year,2006-06-21,G_S05589,ADDR_S05589
S05590,Raksha Rao,raksha rao,INST-004,Undergraduate,4th Year,2003-04-19,G_S05590,ADDR_S05590
S05591,Xavier Memon,xavier memon,INST-036,Undergraduate,4th Year,2005-04-25,G_S05591,ADDR_S05591
S05592,Vrishti Gara,vrishti gara,INST-043,Undergraduate,2th Year,2007-03-16,G_S05592,ADDR_S05592
S05593,Rehaan Yohannan,rehaan yohannan,INST-030,Undergraduate,2th Year,2006-09-03,G_S05593,ADDR_S05593
S05594,Omkaar  Bora,omkaar bora,INST-052,Undergraduate,2th Year,2004-05-04,G_S05594,ADDR_S05594
S05595,Irya Arora,irya arora,INST-023,Undergraduate,3th Year,2003-07-13,G_S05595,ADDR_S05595
S05596,Ekalinga Ram,ekalinga ram,INST-026,Undergraduate,3th Year,2007-01-09,G_S05596,ADDR_S05596
S05597,Benjamin Kumer,benjamin kumer,INST-046,Undergraduate,2th Year,2004-12-06,G_S05597,ADDR_S05597
S05598,Robert Bali,robert bali,INST-002,Undergraduate,1th Year,2004-12-13,G_S05598,ADDR_S05598
S05599,Victor Nair,victor nair,INST-055,Undergraduate,1th Year,2008-09-19,G_S05599,ADDR_S05599
S05600,Amara Karnik,amara karnik,INST-026,Undergraduate,2th Year,2004-11-19,G_S05600,ADDR_S05600
S05601,Victor Mody,victor mody,INST-039,Undergraduate,3th Year,2007-08-14,G_S05601,ADDR_S05601
S05602,Balendra Chawla,balendra chawla,INST-047,Undergraduate,4th Year,2004-07-25,G_S05602,ADDR_S05602
S05603,Meghana Sastry,meghana sastry,INST-029,Undergraduate,3th Year,2006-07-25,G_S05603,ADDR_S05603
S05604,Yashasvi Mangat,yashasvi mangat,INST-042,Undergraduate,1th Year,2003-03-10,G_S05604,ADDR_S05604
S05605,Pavani Pai,pavani pai,INST-051,Undergraduate,1th Year,2005-02-26,G_S05605,ADDR_S05605
S05606,Arya Kumar,arya kumar,INST-028,Undergraduate,1th Year,2007-10-14,G_S05606,ADDR_S05606
S05607,Jagvi Lal,jagvi lal,INST-058,Undergraduate,4th Year,2007-11-06,G_S05607,ADDR_S05607
S05608,Prisha Bera,prisha bera,INST-055,Undergraduate,2th Year,2007-04-18,G_S05608,ADDR_S05608
S05609,Janaki Bhatti,janaki bhatti,INST-020,Undergraduate,4th Year,2004-09-07,G_S05609,ADDR_S05609
S05610,Teerth Seshadri,teerth seshadri,INST-025,Undergraduate,1th Year,2007-02-09,G_S05610,ADDR_S05610
S05611,Alexander Nagi,alexander nagi,INST-009,Undergraduate,2th Year,2008-09-23,G_S05611,ADDR_S05611
S05612,Jatin Din,jatin din,INST-060,Undergraduate,4th Year,2003-08-20,G_S05612,ADDR_S05612
S05613,Yadavi Vala,yadavi vala,INST-045,Undergraduate,3th Year,2003-09-23,G_S05613,ADDR_S05613
S05614,Libni Sandal,libni sandal,INST-018,Undergraduate,2th Year,2007-09-05,G_S05614,ADDR_S05614
S05615,Darsh Mohan,darsh mohan,INST-006,Undergraduate,1th Year,2005-11-16,G_S05615,ADDR_S05615
S05616,Vasana Deol,vasana deol,INST-002,Undergraduate,3th Year,2004-09-28,G_S05616,ADDR_S05616
S05617,Henry Mahal,henry mahal,INST-053,Undergraduate,4th Year,2006-08-28,G_S05617,ADDR_S05617
S05618,Laksh Kulkarni,laksh kulkarni,INST-021,Undergraduate,3th Year,2006-11-21,G_S05618,ADDR_S05618
S05619,Viraj Bansal,viraj bansal,INST-029,Undergraduate,2th Year,2005-08-09,G_S05619,ADDR_S05619
S05620,Lakshmi Krishnan,lakshmi krishnan,INST-048,Undergraduate,3th Year,2006-07-23,G_S05620,ADDR_S05620
S05621,Amrita Deo,amrita deo,INST-051,Undergraduate,4th Year,2005-09-11,G_S05621,ADDR_S05621
S05622,Upkaar Sengupta,upkaar sengupta,INST-029,Undergraduate,4th Year,2006-04-02,G_S05622,ADDR_S05622
S05623,Warinder Khanna,warinder khanna,INST-059,Undergraduate,1th Year,2007-07-10,G_S05623,ADDR_S05623
S05624,Matthew Chowdhury,matthew chowdhury,INST-038,Undergraduate,4th Year,2008-09-26,G_S05624,ADDR_S05624
S05625,Ayushman Ramanathan,ayushman ramanathan,INST-029,Undergraduate,4th Year,2006-08-13,G_S05625,ADDR_S05625
S05626,Shivansh Gera,shivansh gera,INST-020,Undergraduate,1th Year,2005-06-04,G_S05626,ADDR_S05626
S05627,Simon Ganesh,simon ganesh,INST-001,Undergraduate,3th Year,2008-07-11,G_S05627,ADDR_S05627
S05628,Jairaj Basu,jairaj basu,INST-025,Undergraduate,4th Year,2004-08-12,G_S05628,ADDR_S05628
S05629,Alexander Goyal,alexander goyal,INST-017,Undergraduate,2th Year,2007-08-12,G_S05629,ADDR_S05629
S05630,Parth Agate,parth agate,INST-020,Undergraduate,1th Year,2007-05-15,G_S05630,ADDR_S05630
S05631,Dev Vig,dev vig,INST-032,Undergraduate,2th Year,2007-11-25,G_S05631,ADDR_S05631
S05632,Triya Saraf,triya saraf,INST-047,Undergraduate,2th Year,2006-01-09,G_S05632,ADDR_S05632
S05633,Ishwar Bath,ishwar bath,INST-047,Undergraduate,3th Year,2008-09-08,G_S05633,ADDR_S05633
S05634,Yashoda  Srivastava,yashoda srivastava,INST-040,Undergraduate,2th Year,2007-06-10,G_S05634,ADDR_S05634
S05635,Jairaj Apte,jairaj apte,INST-040,Undergraduate,3th Year,2008-07-17,G_S05635,ADDR_S05635
S05636,Chakrika Gulati,chakrika gulati,INST-029,Undergraduate,3th Year,2008-03-16,G_S05636,ADDR_S05636
S05637,Leela Chander,leela chander,INST-007,Undergraduate,4th Year,2007-02-11,G_S05637,ADDR_S05637
S05638,David Keer,david keer,INST-048,Undergraduate,4th Year,2006-02-08,G_S05638,ADDR_S05638
S05639,Eiravati Kohli,eiravati kohli,INST-019,Undergraduate,1th Year,2006-07-14,G_S05639,ADDR_S05639
S05640,Yashvi Batta,yashvi batta,INST-044,Undergraduate,4th Year,2006-07-06,G_S05640,ADDR_S05640
S05641,Anya Sama,anya sama,INST-020,Undergraduate,2th Year,2005-08-13,G_S05641,ADDR_S05641
S05642,Robert Murty,robert murty,INST-044,Undergraduate,4th Year,2006-02-21,G_S05642,ADDR_S05642
S05643,Nilima Mutti,nilima mutti,INST-010,Undergraduate,2th Year,2005-03-20,G_S05643,ADDR_S05643
S05644,Bakhshi Aggarwal,bakhshi aggarwal,INST-013,Undergraduate,1th Year,2004-08-08,G_S05644,ADDR_S05644
S05645,Anay Shankar,anay shankar,INST-019,Undergraduate,1th Year,2005-06-17,G_S05645,ADDR_S05645
S05646,Qabil Aggarwal,qabil aggarwal,INST-053,Undergraduate,1th Year,2006-02-26,G_S05646,ADDR_S05646
S05647,Arya Narayan,arya narayan,INST-028,Undergraduate,2th Year,2003-04-04,G_S05647,ADDR_S05647
S05648,Raksha Borde,raksha borde,INST-036,Undergraduate,4th Year,2005-03-12,G_S05648,ADDR_S05648
S05649,Anmol Batra,anmol batra,INST-016,Undergraduate,2th Year,2008-02-02,G_S05649,ADDR_S05649
S05650,Rachita Ramakrishnan,rachita ramakrishnan,INST-045,Undergraduate,3th Year,2007-02-10,G_S05650,ADDR_S05650
S05651,Amruta Chanda,amruta chanda,INST-049,Undergraduate,4th Year,2003-06-14,G_S05651,ADDR_S05651
S05652,Agastya Ramaswamy,agastya ramaswamy,INST-012,Undergraduate,3th Year,2004-06-10,G_S05652,ADDR_S05652
S05653,Chandani Chadha,chandani chadha,INST-056,Undergraduate,2th Year,2006-09-14,G_S05653,ADDR_S05653
S05654,Umang Manda,umang manda,INST-020,Undergraduate,1th Year,2003-11-13,G_S05654,ADDR_S05654
S05655,Sanya Naik,sanya naik,INST-049,Undergraduate,1th Year,2005-03-28,G_S05655,ADDR_S05655
S05656,Mohini Luthra,mohini luthra,INST-056,Undergraduate,1th Year,2003-10-27,G_S05656,ADDR_S05656
S05657,Benjamin Virk,benjamin virk,INST-014,Undergraduate,2th Year,2003-10-19,G_S05657,ADDR_S05657
S05658,Jhalak Hayer,jhalak hayer,INST-056,Undergraduate,2th Year,2003-04-17,G_S05658,ADDR_S05658
S05659,Oni Jain,oni jain,INST-049,Undergraduate,3th Year,2003-11-25,G_S05659,ADDR_S05659
S05660,Lohit Purohit,lohit purohit,INST-032,Undergraduate,4th Year,2007-01-24,G_S05660,ADDR_S05660
S05661,Nathaniel Rama,nathaniel rama,INST-016,Undergraduate,1th Year,2005-11-23,G_S05661,ADDR_S05661
S05662,Alexander  Wable,alexander wable,INST-050,Undergraduate,3th Year,2004-04-14,G_S05662,ADDR_S05662
S05663,Rachita Venkatesh,rachita venkatesh,INST-012,Undergraduate,3th Year,2007-06-20,G_S05663,ADDR_S05663
S05664,Urmi Wadhwa,urmi wadhwa,INST-031,Undergraduate,1th Year,2007-07-27,G_S05664,ADDR_S05664
S05665,Elijah Patla,elijah patla,INST-019,Undergraduate,2th Year,2003-06-19,G_S05665,ADDR_S05665
S05666,Kamala Sanghvi,kamala sanghvi,INST-002,Undergraduate,1th Year,2006-09-01,G_S05666,ADDR_S05666
S05667,Janani Setty,janani setty,INST-053,Undergraduate,4th Year,2005-04-20,G_S05667,ADDR_S05667
S05668,Suhani Purohit,suhani purohit,INST-058,Undergraduate,2th Year,2004-01-01,G_S05668,ADDR_S05668
S05669,Warjas Date,warjas date,INST-008,Undergraduate,1th Year,2005-04-06,G_S05669,ADDR_S05669
S05670,Gagan Deo,gagan deo,INST-060,Undergraduate,1th Year,2005-10-16,G_S05670,ADDR_S05670
S05671,Jagrati Sha,jagrati sha,INST-057,Undergraduate,4th Year,2007-12-07,G_S05671,ADDR_S05671
S05672,Lajita Aurora,lajita aurora,INST-058,Undergraduate,3th Year,2003-02-21,G_S05672,ADDR_S05672
S05673,Farhan Ahluwalia,farhan ahluwalia,INST-007,Undergraduate,1th Year,2008-07-27,G_S05673,ADDR_S05673
S05674,Liam Bora,liam bora,INST-040,Undergraduate,1th Year,2007-06-22,G_S05674,ADDR_S05674
S05675,Jalsa Nayak,jalsa nayak,INST-003,Undergraduate,2th Year,2007-01-02,G_S05675,ADDR_S05675
S05676,Jacob Sharma,jacob sharma,INST-010,Undergraduate,3th Year,2006-09-26,G_S05676,ADDR_S05676
S05677,Tanmayi Mannan,tanmayi mannan,INST-002,Undergraduate,2th Year,2003-06-18,G_S05677,ADDR_S05677
S05678,Lakshit Sura,lakshit sura,INST-014,Undergraduate,3th Year,2007-08-18,G_S05678,ADDR_S05678
S05679,Lekha Goyal,lekha goyal,INST-047,Undergraduate,1th Year,2005-01-24,G_S05679,ADDR_S05679
S05680,Gopal Dhillon,gopal dhillon,INST-055,Undergraduate,4th Year,2003-01-02,G_S05680,ADDR_S05680
S05681,George Rau,george rau,INST-043,Undergraduate,2th Year,2008-04-22,G_S05681,ADDR_S05681
S05682,Rajata  Lata,rajata lata,INST-019,Undergraduate,3th Year,2005-04-23,G_S05682,ADDR_S05682
S05683,Nicholas Dhaliwal,nicholas dhaliwal,INST-024,Undergraduate,4th Year,2003-02-27,G_S05683,ADDR_S05683
S05684,Gaurika Vala,gaurika vala,INST-010,Undergraduate,1th Year,2006-07-04,G_S05684,ADDR_S05684
S05685,Shivani Bera,shivani bera,INST-015,Undergraduate,4th Year,2008-06-25,G_S05685,ADDR_S05685
S05686,Jeevika Lata,jeevika lata,INST-025,Undergraduate,3th Year,2007-02-23,G_S05686,ADDR_S05686
S05687,Henry Pal,henry pal,INST-011,Undergraduate,4th Year,2006-10-27,G_S05687,ADDR_S05687
S05688,Kashish Sunder,kashish sunder,INST-025,Undergraduate,2th Year,2004-09-24,G_S05688,ADDR_S05688
S05689,Eiravati Saran,eiravati saran,INST-007,Undergraduate,2th Year,2007-01-24,G_S05689,ADDR_S05689
S05690,Aarnav Dhaliwal,aarnav dhaliwal,INST-013,Undergraduate,1th Year,2005-12-20,G_S05690,ADDR_S05690
S05691,Jeevika Taneja,jeevika taneja,INST-042,Undergraduate,3th Year,2006-08-06,G_S05691,ADDR_S05691
S05692,Andrew Bawa,andrew bawa,INST-030,Undergraduate,1th Year,2005-10-03,G_S05692,ADDR_S05692
S05693,Mohini Kanda,mohini kanda,INST-037,Undergraduate,3th Year,2005-06-03,G_S05693,ADDR_S05693
S05694,Nimrat Maharaj,nimrat maharaj,INST-051,Undergraduate,4th Year,2005-04-21,G_S05694,ADDR_S05694
S05695,Tripti Garg,tripti garg,INST-013,Undergraduate,4th Year,2008-11-06,G_S05695,ADDR_S05695
S05696,Laban Mallick,laban mallick,INST-002,Undergraduate,1th Year,2008-08-06,G_S05696,ADDR_S05696
S05697,Peter Thakur,peter thakur,INST-016,Undergraduate,4th Year,2007-02-08,G_S05697,ADDR_S05697
S05698,Falak Mammen,falak mammen,INST-056,Undergraduate,3th Year,2004-01-07,G_S05698,ADDR_S05698
S05699,Dalbir Chakraborty,dalbir chakraborty,INST-015,Undergraduate,3th Year,2006-05-27,G_S05699,ADDR_S05699
S05700,Zinal Varughese,zinal varughese,INST-030,Undergraduate,1th Year,2005-06-22,G_S05700,ADDR_S05700
S05701,Naveen Lala,naveen lala,INST-031,Undergraduate,3th Year,2007-08-13,G_S05701,ADDR_S05701
S05702,Wridesh Chana,wridesh chana,INST-045,Undergraduate,4th Year,2008-10-14,G_S05702,ADDR_S05702
S05703,Oni Bora,oni bora,INST-023,Undergraduate,3th Year,2007-10-13,G_S05703,ADDR_S05703
S05704,Kashvi Ahuja,kashvi ahuja,INST-013,Undergraduate,4th Year,2007-01-02,G_S05704,ADDR_S05704
S05705,Dominic Bhargava,dominic bhargava,INST-019,Undergraduate,3th Year,2008-03-05,G_S05705,ADDR_S05705
S05706,Daniel Chand,daniel chand,INST-054,Undergraduate,1th Year,2008-05-05,G_S05706,ADDR_S05706
S05707,Kamya Agarwal,kamya agarwal,INST-046,Undergraduate,3th Year,2004-04-04,G_S05707,ADDR_S05707
S05708,Ubika Chopra,ubika chopra,INST-048,Undergraduate,4th Year,2005-11-10,G_S05708,ADDR_S05708
S05709,Divya Grewal,divya grewal,INST-008,Undergraduate,3th Year,2003-02-04,G_S05709,ADDR_S05709
S05710,Faris Bassi,faris bassi,INST-009,Undergraduate,1th Year,2004-08-04,G_S05710,ADDR_S05710
S05711,Utkarsh Sastry,utkarsh sastry,INST-012,Undergraduate,3th Year,2005-09-18,G_S05711,ADDR_S05711
S05712,Laban Iyengar,laban iyengar,INST-055,Undergraduate,1th Year,2005-08-21,G_S05712,ADDR_S05712
S05713,Bachittar Shere,bachittar shere,INST-034,Undergraduate,1th Year,2003-08-17,G_S05713,ADDR_S05713
S05714,Qushi Murthy,qushi murthy,INST-010,Undergraduate,3th Year,2007-10-09,G_S05714,ADDR_S05714
S05715,Aayush Sule,aayush sule,INST-029,Undergraduate,1th Year,2005-05-18,G_S05715,ADDR_S05715
S05716,Gabriel Thaman,gabriel thaman,INST-035,Undergraduate,4th Year,2003-09-06,G_S05716,ADDR_S05716
S05717,Falak Memon,falak memon,INST-019,Undergraduate,3th Year,2005-12-05,G_S05717,ADDR_S05717
S05718,Lohit Vig,lohit vig,INST-041,Undergraduate,1th Year,2005-07-16,G_S05718,ADDR_S05718
S05719,Odika Kala,odika kala,INST-051,Undergraduate,3th Year,2005-11-15,G_S05719,ADDR_S05719
S05720,Hemangini Deep,hemangini deep,INST-039,Undergraduate,4th Year,2008-01-27,G_S05720,ADDR_S05720
S05721,Arya Sodhi,arya sodhi,INST-002,Undergraduate,3th Year,2003-03-16,G_S05721,ADDR_S05721
S05722,Odika Chakrabarti,odika chakrabarti,INST-012,Undergraduate,3th Year,2006-08-23,G_S05722,ADDR_S05722
S05723,Urvi Jain,urvi jain,INST-022,Undergraduate,4th Year,2005-11-18,G_S05723,ADDR_S05723
S05724,Fitan Kala,fitan kala,INST-042,Undergraduate,2th Year,2008-05-07,G_S05724,ADDR_S05724
S05725,Balendra Kuruvilla,balendra kuruvilla,INST-009,Undergraduate,1th Year,2003-07-10,G_S05725,ADDR_S05725
S05726,Chakradev Dube,chakradev dube,INST-025,Undergraduate,1th Year,2008-02-24,G_S05726,ADDR_S05726
S05727,Neha Kapadia,neha kapadia,INST-040,Undergraduate,3th Year,2003-01-19,G_S05727,ADDR_S05727
S05728,Ekapad Sidhu,ekapad sidhu,INST-022,Undergraduate,2th Year,2004-01-12,G_S05728,ADDR_S05728
S05729,Tanay Parsa,tanay parsa,INST-003,Undergraduate,1th Year,2008-12-25,G_S05729,ADDR_S05729
S05730,Aahana Viswanathan,aahana viswanathan,INST-043,Undergraduate,2th Year,2006-05-19,G_S05730,ADDR_S05730
S05731,Geetika Doshi,geetika doshi,INST-048,Undergraduate,2th Year,2003-09-19,G_S05731,ADDR_S05731
S05732,Darpan Ravi,darpan ravi,INST-020,Undergraduate,4th Year,2004-04-06,G_S05732,ADDR_S05732
S05733,Radhika Barad,radhika barad,INST-054,Undergraduate,2th Year,2007-07-01,G_S05733,ADDR_S05733
S05734,Sara Hari,sara hari,INST-006,Undergraduate,2th Year,2005-03-06,G_S05734,ADDR_S05734
S05735,Zayan Mistry,zayan mistry,INST-014,Undergraduate,4th Year,2004-03-05,G_S05735,ADDR_S05735
S05736,Chavvi Goel,chavvi goel,INST-037,Undergraduate,4th Year,2006-05-06,G_S05736,ADDR_S05736
S05737,Vedant Raja,vedant raja,INST-050,Undergraduate,4th Year,2004-09-25,G_S05737,ADDR_S05737
S05738,Nidra Devi,nidra devi,INST-052,Undergraduate,3th Year,2004-11-19,G_S05738,ADDR_S05738
S05739,Ganga Natt,ganga natt,INST-060,Undergraduate,1th Year,2005-05-26,G_S05739,ADDR_S05739
S05740,Sanaya Sawhney,sanaya sawhney,INST-041,Undergraduate,3th Year,2007-11-20,G_S05740,ADDR_S05740
S05741,Chandresh Ramaswamy,chandresh ramaswamy,INST-018,Undergraduate,1th Year,2006-12-24,G_S05741,ADDR_S05741
S05742,Saumya Nayak,saumya nayak,INST-038,Undergraduate,4th Year,2003-03-04,G_S05742,ADDR_S05742
S05743,Fariq Patla,fariq patla,INST-040,Undergraduate,1th Year,2004-10-28,G_S05743,ADDR_S05743
S05744,Nathaniel Jha,nathaniel jha,INST-038,Undergraduate,3th Year,2004-08-15,G_S05744,ADDR_S05744
S05745,Aditya Bandi,aditya bandi,INST-057,Undergraduate,2th Year,2004-08-27,G_S05745,ADDR_S05745
S05746,Ekta Chhabra,ekta chhabra,INST-050,Undergraduate,4th Year,2003-05-18,G_S05746,ADDR_S05746
S05747,Wakeeta More,wakeeta more,INST-038,Undergraduate,2th Year,2004-03-22,G_S05747,ADDR_S05747
S05748,Harsh Kaur,harsh kaur,INST-005,Undergraduate,3th Year,2003-03-12,G_S05748,ADDR_S05748
S05749,Fiyaz Chaudhry,fiyaz chaudhry,INST-038,Undergraduate,2th Year,2004-10-05,G_S05749,ADDR_S05749
S05750,Yashica Rama,yashica rama,INST-036,Undergraduate,4th Year,2006-02-16,G_S05750,ADDR_S05750
S05751,Anirudh Dhar,anirudh dhar,INST-043,Undergraduate,2th Year,2006-07-01,G_S05751,ADDR_S05751
S05752,Chakrika Saxena,chakrika saxena,INST-043,Undergraduate,2th Year,2008-04-16,G_S05752,ADDR_S05752
S05753,Chatura Goel,chatura goel,INST-008,Undergraduate,4th Year,2006-09-13,G_S05753,ADDR_S05753
S05754,Arjun Ravi,arjun ravi,INST-002,Undergraduate,3th Year,2006-06-08,G_S05754,ADDR_S05754
S05755,Vivaan Murty,vivaan murty,INST-010,Undergraduate,4th Year,2008-01-09,G_S05755,ADDR_S05755
S05756,Fiyaz Goel,fiyaz goel,INST-016,Undergraduate,1th Year,2005-03-22,G_S05756,ADDR_S05756
S05757,Fitan Deshmukh,fitan deshmukh,INST-053,Undergraduate,2th Year,2008-03-22,G_S05757,ADDR_S05757
S05758,Raksha Murthy,raksha murthy,INST-021,Undergraduate,4th Year,2006-12-05,G_S05758,ADDR_S05758
S05759,Daniel Anne,daniel anne,INST-047,Undergraduate,3th Year,2003-11-16,G_S05759,ADDR_S05759
S05760,Omisha Bedi,omisha bedi,INST-040,Undergraduate,1th Year,2008-11-14,G_S05760,ADDR_S05760
S05761,Ekaja Choudhry,ekaja choudhry,INST-033,Undergraduate,3th Year,2003-10-07,G_S05761,ADDR_S05761
S05762,Tanish Goswami,tanish goswami,INST-018,Undergraduate,2th Year,2004-08-12,G_S05762,ADDR_S05762
S05763,Aashi Sarraf,aashi sarraf,INST-015,Undergraduate,2th Year,2004-03-04,G_S05763,ADDR_S05763
S05764,Azad Sarma,azad sarma,INST-004,Undergraduate,2th Year,2004-10-15,G_S05764,ADDR_S05764
S05765,Caleb Tailor,caleb tailor,INST-043,Undergraduate,1th Year,2006-01-18,G_S05765,ADDR_S05765
S05766,Saanvi Halder,saanvi halder,INST-051,Undergraduate,2th Year,2004-10-14,G_S05766,ADDR_S05766
S05767,Ubika Bawa,ubika bawa,INST-021,Undergraduate,3th Year,2006-02-22,G_S05767,ADDR_S05767
S05768,Jasmit Bala,jasmit bala,INST-058,Undergraduate,1th Year,2006-03-07,G_S05768,ADDR_S05768
S05769,Dominic Bava,dominic bava,INST-026,Undergraduate,4th Year,2004-07-19,G_S05769,ADDR_S05769
S05770,Maya Mani,maya mani,INST-051,Undergraduate,4th Year,2008-07-21,G_S05770,ADDR_S05770
S05771,Daksha Arora,daksha arora,INST-039,Undergraduate,4th Year,2003-12-06,G_S05771,ADDR_S05771
S05772,Jagat Aggarwal,jagat aggarwal,INST-020,Undergraduate,3th Year,2008-02-28,G_S05772,ADDR_S05772
S05773,Ijaya Date,ijaya date,INST-048,Undergraduate,3th Year,2007-02-28,G_S05773,ADDR_S05773
S05774,Tanish Sangha,tanish sangha,INST-032,Undergraduate,3th Year,2008-05-05,G_S05774,ADDR_S05774
S05775,Yashawini Mane,yashawini mane,INST-044,Undergraduate,4th Year,2004-09-03,G_S05775,ADDR_S05775
S05776,Ekbal Mital,ekbal mital,INST-017,Undergraduate,1th Year,2006-06-04,G_S05776,ADDR_S05776
S05777,Timothy Nayar,timothy nayar,INST-047,Undergraduate,2th Year,2004-08-04,G_S05777,ADDR_S05777
S05778,Jagrati Pal,jagrati pal,INST-021,Undergraduate,3th Year,2008-07-24,G_S05778,ADDR_S05778
S05779,Kashvi Oak,kashvi oak,INST-029,Undergraduate,4th Year,2004-04-25,G_S05779,ADDR_S05779
S05780,Chakradev Pathak,chakradev pathak,INST-045,Undergraduate,2th Year,2004-11-21,G_S05780,ADDR_S05780
S05781,Ekavir Bandi,ekavir bandi,INST-032,Undergraduate,2th Year,2003-07-18,G_S05781,ADDR_S05781
S05782,Nikita Sur,nikita sur,INST-036,Undergraduate,3th Year,2005-08-04,G_S05782,ADDR_S05782
S05783,Anirudh Rao,anirudh rao,INST-043,Undergraduate,3th Year,2005-10-20,G_S05783,ADDR_S05783
S05784,Daniel Borah,daniel borah,INST-047,Undergraduate,1th Year,2004-04-17,G_S05784,ADDR_S05784
S05785,Reva Sood,reva sood,INST-045,Undergraduate,4th Year,2003-06-09,G_S05785,ADDR_S05785
S05786,Chaitanya Khurana,chaitanya khurana,INST-031,Undergraduate,4th Year,2003-03-16,G_S05786,ADDR_S05786
S05787,Xiti  Loke,xiti loke,INST-059,Undergraduate,1th Year,2006-09-27,G_S05787,ADDR_S05787
S05788,Tejas Hari,tejas hari,INST-025,Undergraduate,4th Year,2004-10-14,G_S05788,ADDR_S05788
S05789,Damyanti Prasad,damyanti prasad,INST-036,Undergraduate,1th Year,2008-07-15,G_S05789,ADDR_S05789
S05790,Ansh Agate,ansh agate,INST-060,Undergraduate,3th Year,2006-05-01,G_S05790,ADDR_S05790
S05791,Vritti Shanker,vritti shanker,INST-023,Undergraduate,3th Year,2003-05-13,G_S05791,ADDR_S05791
S05792,Naksh Natt,naksh natt,INST-015,Undergraduate,3th Year,2003-04-20,G_S05792,ADDR_S05792
S05793,Abhiram Kamdar,abhiram kamdar,INST-031,Undergraduate,1th Year,2007-05-03,G_S05793,ADDR_S05793
S05794,Ijaya Apte,ijaya apte,INST-049,Undergraduate,3th Year,2006-04-14,G_S05794,ADDR_S05794
S05795,Wakeeta Kala,wakeeta kala,INST-021,Undergraduate,1th Year,2004-03-20,G_S05795,ADDR_S05795
S05796,Dhriti Kumer,dhriti kumer,INST-058,Undergraduate,3th Year,2007-12-22,G_S05796,ADDR_S05796
S05797,Mahika Gour,mahika gour,INST-030,Undergraduate,4th Year,2008-11-19,G_S05797,ADDR_S05797
S05798,Hitesh Sharaf,hitesh sharaf,INST-045,Undergraduate,4th Year,2008-07-07,G_S05798,ADDR_S05798
S05799,Qarin Bhat,qarin bhat,INST-007,Undergraduate,4th Year,2005-04-21,G_S05799,ADDR_S05799
S05800,Mason Kanda,mason kanda,INST-039,Undergraduate,1th Year,2006-11-19,G_S05800,ADDR_S05800
S05801,Darika Narayanan,darika narayanan,INST-009,Undergraduate,1th Year,2007-10-24,G_S05801,ADDR_S05801
S05802,Ekaraj Aurora,ekaraj aurora,INST-045,Undergraduate,4th Year,2007-04-23,G_S05802,ADDR_S05802
S05803,Balveer Sama,balveer sama,INST-058,Undergraduate,3th Year,2005-05-24,G_S05803,ADDR_S05803
S05804,Ishani Konda,ishani konda,INST-025,Undergraduate,2th Year,2007-06-16,G_S05804,ADDR_S05804
S05805,Odika  Uppal,odika uppal,INST-011,Undergraduate,1th Year,2004-06-09,G_S05805,ADDR_S05805
S05806,Xavier Atwal,xavier atwal,INST-052,Undergraduate,4th Year,2008-08-19,G_S05806,ADDR_S05806
S05807,Jackson Chakrabarti,jackson chakrabarti,INST-042,Undergraduate,3th Year,2003-10-28,G_S05807,ADDR_S05807
S05808,Maya Sawhney,maya sawhney,INST-052,Undergraduate,4th Year,2003-06-24,G_S05808,ADDR_S05808
S05809,Laban Ahuja,laban ahuja,INST-005,Undergraduate,2th Year,2003-10-05,G_S05809,ADDR_S05809
S05810,Gaurika Shan,gaurika shan,INST-001,Undergraduate,3th Year,2003-02-26,G_S05810,ADDR_S05810
S05811,Shravya Naik,shravya naik,INST-044,Undergraduate,3th Year,2005-06-05,G_S05811,ADDR_S05811
S05812,Gagan Garg,gagan garg,INST-040,Undergraduate,4th Year,2005-08-23,G_S05812,ADDR_S05812
S05813,Devika Ganesh,devika ganesh,INST-019,Undergraduate,2th Year,2004-11-18,G_S05813,ADDR_S05813
S05814,Chakradhar Kashyap,chakradhar kashyap,INST-037,Undergraduate,3th Year,2007-04-26,G_S05814,ADDR_S05814
S05815,Oni Gola,oni gola,INST-014,Undergraduate,3th Year,2008-12-09,G_S05815,ADDR_S05815
S05816,Lohit Shankar,lohit shankar,INST-037,Undergraduate,1th Year,2006-11-16,G_S05816,ADDR_S05816
S05817,Irya Verma,irya verma,INST-044,Undergraduate,4th Year,2003-09-24,G_S05817,ADDR_S05817
S05818,Faras Kumer,faras kumer,INST-052,Undergraduate,1th Year,2006-11-07,G_S05818,ADDR_S05818
S05819,Ubika Bakshi,ubika bakshi,INST-060,Undergraduate,1th Year,2008-02-22,G_S05819,ADDR_S05819
S05820,Aarav Saxena,aarav saxena,INST-056,Undergraduate,2th Year,2006-10-22,G_S05820,ADDR_S05820
S05821,Gavin Padmanabhan,gavin padmanabhan,INST-043,Undergraduate,3th Year,2006-05-09,G_S05821,ADDR_S05821
S05822,Upkaar Ahuja,upkaar ahuja,INST-044,Undergraduate,3th Year,2006-12-06,G_S05822,ADDR_S05822
S05823,Ranbir Sankar,ranbir sankar,INST-037,Undergraduate,2th Year,2004-09-23,G_S05823,ADDR_S05823
S05824,Hardik Garg,hardik garg,INST-031,Undergraduate,1th Year,2005-06-01,G_S05824,ADDR_S05824
S05825,Ira Vohra,ira vohra,INST-040,Undergraduate,2th Year,2007-06-08,G_S05825,ADDR_S05825
S05826,Vrinda Agrawal,vrinda agrawal,INST-046,Undergraduate,2th Year,2004-09-06,G_S05826,ADDR_S05826
S05827,Girindra Saraf,girindra saraf,INST-049,Undergraduate,3th Year,2007-07-13,G_S05827,ADDR_S05827
S05828,Isaac Thakur,isaac thakur,INST-036,Undergraduate,3th Year,2008-06-24,G_S05828,ADDR_S05828
S05829,Siddharth  Wason,siddharth wason,INST-041,Undergraduate,3th Year,2006-10-05,G_S05829,ADDR_S05829
S05830,Gaurangi Bumb,gaurangi bumb,INST-007,Undergraduate,4th Year,2003-04-22,G_S05830,ADDR_S05830
S05831,Ubika Singhal,ubika singhal,INST-029,Undergraduate,3th Year,2005-12-21,G_S05831,ADDR_S05831
S05832,Girindra Raj,girindra raj,INST-002,Undergraduate,1th Year,2008-05-04,G_S05832,ADDR_S05832
S05833,Chandresh Nori,chandresh nori,INST-009,Undergraduate,4th Year,2004-10-11,G_S05833,ADDR_S05833
S05834,Varenya Warrior,varenya warrior,INST-057,Undergraduate,4th Year,2004-08-02,G_S05834,ADDR_S05834
S05835,Ekalinga Prashad,ekalinga prashad,INST-060,Undergraduate,2th Year,2005-02-15,G_S05835,ADDR_S05835
S05836,Yashoda Srinivasan,yashoda srinivasan,INST-040,Undergraduate,1th Year,2004-08-10,G_S05836,ADDR_S05836
S05837,Yashodhara Majumdar,yashodhara majumdar,INST-014,Undergraduate,2th Year,2008-10-12,G_S05837,ADDR_S05837
S05838,Deepa Bera,deepa bera,INST-038,Undergraduate,3th Year,2007-01-19,G_S05838,ADDR_S05838
S05839,Yoshita Devi,yoshita devi,INST-020,Undergraduate,4th Year,2004-08-25,G_S05839,ADDR_S05839
S05840,Vansha Gaba,vansha gaba,INST-060,Undergraduate,3th Year,2007-07-10,G_S05840,ADDR_S05840
S05841,Chatura Goel,chatura goel,INST-058,Undergraduate,3th Year,2003-09-14,G_S05841,ADDR_S05841
S05842,Chaitaly Yadav,chaitaly yadav,INST-039,Undergraduate,3th Year,2005-02-04,G_S05842,ADDR_S05842
S05843,Veer Deshmukh,veer deshmukh,INST-009,Undergraduate,2th Year,2006-05-13,G_S05843,ADDR_S05843
S05844,Daniel Krishnan,daniel krishnan,INST-047,Undergraduate,3th Year,2008-07-14,G_S05844,ADDR_S05844
S05845,Arunima Mallick,arunima mallick,INST-046,Undergraduate,1th Year,2006-03-25,G_S05845,ADDR_S05845
S05846,Arya Kakar,arya kakar,INST-041,Undergraduate,2th Year,2004-06-06,G_S05846,ADDR_S05846
S05847,Imaran Bhatti,imaran bhatti,INST-012,Undergraduate,4th Year,2004-08-13,G_S05847,ADDR_S05847
S05848,Jagvi Hayre,jagvi hayre,INST-019,Undergraduate,3th Year,2007-08-21,G_S05848,ADDR_S05848
S05849,Jonathan Arya,jonathan arya,INST-039,Undergraduate,2th Year,2008-09-11,G_S05849,ADDR_S05849
S05850,Balendra Johal,balendra johal,INST-043,Undergraduate,1th Year,2006-10-12,G_S05850,ADDR_S05850
S05851,Aradhana Dixit,aradhana dixit,INST-036,Undergraduate,1th Year,2007-12-02,G_S05851,ADDR_S05851
S05852,Karan De,karan de,INST-020,Undergraduate,2th Year,2003-02-03,G_S05852,ADDR_S05852
S05853,Widisha Parmer,widisha parmer,INST-055,Undergraduate,1th Year,2005-11-01,G_S05853,ADDR_S05853
S05854,Harshil Kohli,harshil kohli,INST-007,Undergraduate,4th Year,2008-05-02,G_S05854,ADDR_S05854
S05855,Rishi Barman,rishi barman,INST-034,Undergraduate,3th Year,2007-12-09,G_S05855,ADDR_S05855
S05856,Yahvi Chander,yahvi chander,INST-011,Undergraduate,3th Year,2003-09-06,G_S05856,ADDR_S05856
S05857,Gautami Batta,gautami batta,INST-003,Undergraduate,1th Year,2008-06-10,G_S05857,ADDR_S05857
S05858,Zehaan Randhawa,zehaan randhawa,INST-037,Undergraduate,3th Year,2006-08-01,G_S05858,ADDR_S05858
S05859,Aarnav Bhandari,aarnav bhandari,INST-002,Undergraduate,3th Year,2003-04-25,G_S05859,ADDR_S05859
S05860,Vihaan Sarraf,vihaan sarraf,INST-017,Undergraduate,4th Year,2007-06-25,G_S05860,ADDR_S05860
S05861,Tripti Parekh,tripti parekh,INST-011,Undergraduate,2th Year,2004-07-20,G_S05861,ADDR_S05861
S05862,Gopal Yogi,gopal yogi,INST-044,Undergraduate,1th Year,2006-01-28,G_S05862,ADDR_S05862
S05863,Kevin Bobal,kevin bobal,INST-002,Undergraduate,1th Year,2008-03-01,G_S05863,ADDR_S05863
S05864,Neel Chakraborty,neel chakraborty,INST-022,Undergraduate,3th Year,2007-05-07,G_S05864,ADDR_S05864
S05865,Ethan Singh,ethan singh,INST-031,Undergraduate,3th Year,2007-12-03,G_S05865,ADDR_S05865
S05866,Kritika Baria,kritika baria,INST-034,Undergraduate,1th Year,2007-09-03,G_S05866,ADDR_S05866
S05867,Tejas Dar,tejas dar,INST-015,Undergraduate,2th Year,2004-02-09,G_S05867,ADDR_S05867
S05868,Adya Kota,adya kota,INST-058,Undergraduate,4th Year,2003-03-16,G_S05868,ADDR_S05868
S05869,Ekalinga Ram,ekalinga ram,INST-048,Undergraduate,1th Year,2007-12-03,G_S05869,ADDR_S05869
S05870,Nicholas Dora,nicholas dora,INST-054,Undergraduate,2th Year,2003-05-10,G_S05870,ADDR_S05870
S05871,Samaksh Dani,samaksh dani,INST-008,Undergraduate,1th Year,2006-05-19,G_S05871,ADDR_S05871
S05872,Vidhi Atwal,vidhi atwal,INST-003,Undergraduate,3th Year,2007-10-01,G_S05872,ADDR_S05872
S05873,Jeevika Ravi,jeevika ravi,INST-009,Undergraduate,1th Year,2007-11-27,G_S05873,ADDR_S05873
S05874,Omisha Ramaswamy,omisha ramaswamy,INST-044,Undergraduate,3th Year,2003-04-02,G_S05874,ADDR_S05874
S05875,Banjeet Rajagopal,banjeet rajagopal,INST-022,Undergraduate,1th Year,2004-07-17,G_S05875,ADDR_S05875
S05876,Meera Dua,meera dua,INST-057,Undergraduate,2th Year,2007-12-16,G_S05876,ADDR_S05876
S05877,Yauvani Ramesh,yauvani ramesh,INST-026,Undergraduate,1th Year,2008-01-14,G_S05877,ADDR_S05877
S05878,Janaki Bhasin,janaki bhasin,INST-007,Undergraduate,1th Year,2006-11-13,G_S05878,ADDR_S05878
S05879,Bhavini Kumar,bhavini kumar,INST-014,Undergraduate,2th Year,2008-06-02,G_S05879,ADDR_S05879
S05880,Balhaar Sastry,balhaar sastry,INST-017,Undergraduate,3th Year,2003-10-05,G_S05880,ADDR_S05880
S05881,Mahika Hegde,mahika hegde,INST-034,Undergraduate,3th Year,2005-05-22,G_S05881,ADDR_S05881
S05882,Ranbir Kar,ranbir kar,INST-029,Undergraduate,3th Year,2006-03-22,G_S05882,ADDR_S05882
S05883,Hemangini Anand,hemangini anand,INST-054,Undergraduate,3th Year,2006-04-19,G_S05883,ADDR_S05883
S05884,Krisha Ganesh,krisha ganesh,INST-053,Undergraduate,1th Year,2005-05-09,G_S05884,ADDR_S05884
S05885,Ranveer Dayal,ranveer dayal,INST-034,Undergraduate,3th Year,2004-12-17,G_S05885,ADDR_S05885
S05886,Lekha Desai,lekha desai,INST-021,Undergraduate,2th Year,2003-05-08,G_S05886,ADDR_S05886
S05887,Jacob Chakrabarti,jacob chakrabarti,INST-016,Undergraduate,4th Year,2005-05-17,G_S05887,ADDR_S05887
S05888,Manan Kumer,manan kumer,INST-058,Undergraduate,4th Year,2008-02-12,G_S05888,ADDR_S05888
S05889,Nirja Devan,nirja devan,INST-011,Undergraduate,2th Year,2007-11-07,G_S05889,ADDR_S05889
S05890,Ekani Lata,ekani lata,INST-009,Undergraduate,4th Year,2004-01-15,G_S05890,ADDR_S05890
S05891,Harrison Varma,harrison varma,INST-053,Undergraduate,4th Year,2004-03-08,G_S05891,ADDR_S05891
S05892,Waida Chaudhari,waida chaudhari,INST-014,Undergraduate,2th Year,2003-01-17,G_S05892,ADDR_S05892
S05893,Manbir Khatri,manbir khatri,INST-030,Undergraduate,2th Year,2006-04-06,G_S05893,ADDR_S05893
S05894,Frado Rai,frado rai,INST-050,Undergraduate,1th Year,2007-09-12,G_S05894,ADDR_S05894
S05895,Thomas Iyer,thomas iyer,INST-043,Undergraduate,3th Year,2004-09-04,G_S05895,ADDR_S05895
S05896,Wriddhish Desai,wriddhish desai,INST-050,Undergraduate,3th Year,2004-04-22,G_S05896,ADDR_S05896
S05897,Triveni Grover,triveni grover,INST-013,Undergraduate,1th Year,2007-08-05,G_S05897,ADDR_S05897
S05898,Dakshesh Patla,dakshesh patla,INST-060,Undergraduate,2th Year,2004-05-05,G_S05898,ADDR_S05898
S05899,Umang Korpal,umang korpal,INST-040,Undergraduate,2th Year,2003-07-07,G_S05899,ADDR_S05899
S05900,Samaksh Banerjee,samaksh banerjee,INST-001,Undergraduate,4th Year,2004-05-09,G_S05900,ADDR_S05900
S05901,Faras Brar,faras brar,INST-048,Undergraduate,1th Year,2004-06-16,G_S05901,ADDR_S05901
S05902,Xalak Ravi,xalak ravi,INST-005,Undergraduate,3th Year,2003-10-17,G_S05902,ADDR_S05902
S05903,Kashvi Loke,kashvi loke,INST-019,Undergraduate,4th Year,2007-10-21,G_S05903,ADDR_S05903
S05904,Unni Ramakrishnan,unni ramakrishnan,INST-058,Undergraduate,1th Year,2003-10-15,G_S05904,ADDR_S05904
S05905,Xalak Narayanan,xalak narayanan,INST-026,Undergraduate,1th Year,2003-06-09,G_S05905,ADDR_S05905
S05906,Neelima Loyal,neelima loyal,INST-025,Undergraduate,2th Year,2004-02-13,G_S05906,ADDR_S05906
S05907,Ryan Patel,ryan patel,INST-002,Undergraduate,3th Year,2006-05-08,G_S05907,ADDR_S05907
S05908,Rajeshri Prabhakar,rajeshri prabhakar,INST-052,Undergraduate,1th Year,2008-12-18,G_S05908,ADDR_S05908
S05909,Anika Ramaswamy,anika ramaswamy,INST-025,Undergraduate,2th Year,2007-02-18,G_S05909,ADDR_S05909
S05910,Yadavi Raja,yadavi raja,INST-055,Undergraduate,3th Year,2003-02-05,G_S05910,ADDR_S05910
S05911,Raagini Joshi,raagini joshi,INST-014,Undergraduate,4th Year,2003-06-02,G_S05911,ADDR_S05911
S05912,Jonathan Brar,jonathan brar,INST-060,Undergraduate,3th Year,2004-03-19,G_S05912,ADDR_S05912
S05913,Hemal Mangal,hemal mangal,INST-052,Undergraduate,3th Year,2006-07-08,G_S05913,ADDR_S05913
S05914,Anthony Wason,anthony wason,INST-023,Undergraduate,1th Year,2004-07-11,G_S05914,ADDR_S05914
S05915,Gaurangi Mohan,gaurangi mohan,INST-060,Undergraduate,4th Year,2006-08-28,G_S05915,ADDR_S05915
S05916,Harita Goyal,harita goyal,INST-045,Undergraduate,1th Year,2006-05-21,G_S05916,ADDR_S05916
S05917,Luke Naidu,luke naidu,INST-023,Undergraduate,2th Year,2008-01-12,G_S05917,ADDR_S05917
S05918,Lakshmi Ranganathan,lakshmi ranganathan,INST-010,Undergraduate,4th Year,2007-01-13,G_S05918,ADDR_S05918
S05919,Sanya Gopal,sanya gopal,INST-054,Undergraduate,4th Year,2004-02-04,G_S05919,ADDR_S05919
S05920,Wriddhish Arya,wriddhish arya,INST-055,Undergraduate,3th Year,2004-02-04,G_S05920,ADDR_S05920
S05921,Anya Deshpande,anya deshpande,INST-017,Undergraduate,3th Year,2004-11-15,G_S05921,ADDR_S05921
S05922,Jhalak Dani,jhalak dani,INST-002,Undergraduate,2th Year,2005-09-23,G_S05922,ADDR_S05922
S05923,Pratyush Rajan,pratyush rajan,INST-042,Undergraduate,4th Year,2005-10-15,G_S05923,ADDR_S05923
S05924,Bhavika Ben,bhavika ben,INST-023,Undergraduate,1th Year,2008-05-07,G_S05924,ADDR_S05924
S05925,Rohan Kota,rohan kota,INST-021,Undergraduate,3th Year,2003-12-15,G_S05925,ADDR_S05925
S05926,Ojasvi Dada,ojasvi dada,INST-049,Undergraduate,1th Year,2007-02-11,G_S05926,ADDR_S05926
S05927,Edhitha More,edhitha more,INST-029,Undergraduate,3th Year,2005-02-04,G_S05927,ADDR_S05927
S05928,Daksh Sethi,daksh sethi,INST-027,Undergraduate,2th Year,2006-06-06,G_S05928,ADDR_S05928
S05929,THOMAS SHANKAR,thomas shankar,INST-010,Undergraduate,4th Year,2004-06-03,G_S05929,ADDR_S05929
S05930,Hemang Badami,hemang badami,INST-004,Undergraduate,2th Year,2003-10-23,G_S05930,ADDR_S05930
S05931,Jairaj Tandon,jairaj tandon,INST-041,Undergraduate,3th Year,2003-10-16,G_S05931,ADDR_S05931
S05932,Oliver Dhar,oliver dhar,INST-004,Undergraduate,4th Year,2005-09-01,G_S05932,ADDR_S05932
S05933,Fariq Pillay,fariq pillay,INST-047,Undergraduate,1th Year,2006-02-27,G_S05933,ADDR_S05933
S05934,George Mand,george mand,INST-032,Undergraduate,4th Year,2003-09-09,G_S05934,ADDR_S05934
S05935,Naksh Kadakia,naksh kadakia,INST-031,Undergraduate,4th Year,2007-03-15,G_S05935,ADDR_S05935
S05936,Ati Goda,ati goda,INST-060,Undergraduate,1th Year,2003-07-21,G_S05936,ADDR_S05936
S05937,Yashasvi Sharma,yashasvi sharma,INST-039,Undergraduate,3th Year,2008-11-23,G_S05937,ADDR_S05937
S05938,Amara Tara,amara tara,INST-005,Undergraduate,4th Year,2003-01-17,G_S05938,ADDR_S05938
S05939,Isaiah Tank,isaiah tank,INST-003,Undergraduate,1th Year,2004-03-05,G_S05939,ADDR_S05939
S05940,Nihal Bakshi,nihal bakshi,INST-014,Undergraduate,3th Year,2003-12-02,G_S05940,ADDR_S05940
S05941,Harita Divan,harita divan,INST-047,Undergraduate,1th Year,2003-07-15,G_S05941,ADDR_S05941
S05942,Sai Shere,sai shere,INST-003,Undergraduate,3th Year,2003-02-26,G_S05942,ADDR_S05942
S05943,Kevin Sani,kevin sani,INST-048,Undergraduate,2th Year,2007-06-17,G_S05943,ADDR_S05943
S05944,Ekiya Ray,ekiya ray,INST-010,Undergraduate,4th Year,2003-03-27,G_S05944,ADDR_S05944
S05945,Robert Sidhu,robert sidhu,INST-039,Undergraduate,3th Year,2008-03-23,G_S05945,ADDR_S05945
S05946,Isaac Mallick,isaac mallick,INST-054,Undergraduate,1th Year,2005-12-15,G_S05946,ADDR_S05946
S05947,Chakradhar Parikh,chakradhar parikh,INST-011,Undergraduate,2th Year,2006-04-08,G_S05947,ADDR_S05947
S05948,Reva Yadav,reva yadav,INST-030,Undergraduate,4th Year,2006-02-28,G_S05948,ADDR_S05948
S05949,ARYAN PILLAI,aryan pillai,INST-006,Undergraduate,2th Year,2003-09-14,G_S05949,ADDR_S05949
S05950,Zilmil Bath,zilmil bath,INST-034,Undergraduate,4th Year,2007-01-16,G_S05950,ADDR_S05950
S05951,Aryan Doshi,aryan doshi,INST-058,Undergraduate,4th Year,2006-07-28,G_S05951,ADDR_S05951
S05952,Pranav Dave,pranav dave,INST-003,Undergraduate,4th Year,2008-05-28,G_S05952,ADDR_S05952
S05953,Dayamai Grewal,dayamai grewal,INST-046,Undergraduate,3th Year,2005-06-21,G_S05953,ADDR_S05953
S05954,Ubika Hayer,ubika hayer,INST-023,Undergraduate,1th Year,2004-12-27,G_S05954,ADDR_S05954
S05955,Pavani Bala,pavani bala,INST-017,Undergraduate,2th Year,2007-08-25,G_S05955,ADDR_S05955
S05956,Utkarsh Dasgupta,utkarsh dasgupta,INST-050,Undergraduate,3th Year,2005-12-18,G_S05956,ADDR_S05956
S05957,Mitali Wadhwa,mitali wadhwa,INST-020,Undergraduate,3th Year,2005-11-09,G_S05957,ADDR_S05957
S05958,Warda Gala,warda gala,INST-002,Undergraduate,1th Year,2005-04-13,G_S05958,ADDR_S05958
S05959,Rushil Dara,rushil dara,INST-059,Undergraduate,2th Year,2004-05-26,G_S05959,ADDR_S05959
S05960,Kritika Pal,kritika pal,INST-027,Undergraduate,2th Year,2004-09-20,G_S05960,ADDR_S05960
S05961,Mitesh Vasa,mitesh vasa,INST-043,Undergraduate,1th Year,2004-12-20,G_S05961,ADDR_S05961
S05962,Patrick Bala,patrick bala,INST-052,Undergraduate,4th Year,2003-10-03,G_S05962,ADDR_S05962
S05963,Vedhika Koshy,vedhika koshy,INST-007,Undergraduate,3th Year,2008-09-04,G_S05963,ADDR_S05963
S05964,Joshua Prakash,joshua prakash,INST-023,Undergraduate,3th Year,2004-09-03,G_S05964,ADDR_S05964
S05965,Tanay Keer,tanay keer,INST-047,Undergraduate,4th Year,2004-10-15,G_S05965,ADDR_S05965
S05966,Omkaar Dora,omkaar dora,INST-029,Undergraduate,2th Year,2003-06-03,G_S05966,ADDR_S05966
S05967,Utkarsh Gupta,utkarsh gupta,INST-042,Undergraduate,1th Year,2004-08-16,G_S05967,ADDR_S05967
S05968,Aarav Mani,aarav mani,INST-022,Undergraduate,3th Year,2004-08-21,G_S05968,ADDR_S05968
S05969,Urvi Kapadia,urvi kapadia,INST-034,Undergraduate,4th Year,2006-07-24,G_S05969,ADDR_S05969
S05970,Umang Dayal,umang dayal,INST-006,Undergraduate,3th Year,2004-10-17,G_S05970,ADDR_S05970
S05971,Pallavi Sane,pallavi sane,INST-055,Undergraduate,2th Year,2003-07-22,G_S05971,ADDR_S05971
S05972,Yashica Palla,yashica palla,INST-013,Undergraduate,2th Year,2008-09-28,G_S05972,ADDR_S05972
S05973,Upasna Ranganathan,upasna ranganathan,INST-046,Undergraduate,3th Year,2005-01-12,G_S05973,ADDR_S05973
S05974,Chandran Sharaf,chandran sharaf,INST-036,Undergraduate,4th Year,2005-03-26,G_S05974,ADDR_S05974
S05975,Yasti Grover,yasti grover,INST-011,Undergraduate,2th Year,2004-05-11,G_S05975,ADDR_S05975
S05976,Widisha Dara,widisha dara,INST-018,Undergraduate,1th Year,2003-02-10,G_S05976,ADDR_S05976
S05977,Ryan Raj,ryan raj,INST-049,Undergraduate,3th Year,2004-10-24,G_S05977,ADDR_S05977
S05978,Hardik Atwal,hardik atwal,INST-040,Undergraduate,4th Year,2004-12-14,G_S05978,ADDR_S05978
S05979,Jeet Dugal,jeet dugal,INST-022,Undergraduate,1th Year,2008-11-21,G_S05979,ADDR_S05979
S05980,Harish Pandya,harish pandya,INST-039,Undergraduate,2th Year,2008-06-13,G_S05980,ADDR_S05980
S05981,Qadim Chakraborty,qadim chakraborty,INST-032,Undergraduate,3th Year,2005-09-24,G_S05981,ADDR_S05981
S05982,Radhika Lala,radhika lala,INST-007,Undergraduate,4th Year,2005-02-16,G_S05982,ADDR_S05982
S05983,Neha Sridhar,neha sridhar,INST-027,Undergraduate,2th Year,2003-06-03,G_S05983,ADDR_S05983
S05984,Ekta Savant,ekta savant,INST-036,Undergraduate,4th Year,2003-08-03,G_S05984,ADDR_S05984
S05985,Karan Dhillon,karan dhillon,INST-045,Undergraduate,3th Year,2005-09-25,G_S05985,ADDR_S05985
S05986,Tarak Dua,tarak dua,INST-047,Undergraduate,4th Year,2005-04-22,G_S05986,ADDR_S05986
S05987,Neel Trivedi,neel trivedi,INST-050,Undergraduate,4th Year,2008-09-22,G_S05987,ADDR_S05987
S05988,Hitesh Master,hitesh master,INST-045,Undergraduate,3th Year,2003-06-08,G_S05988,ADDR_S05988
S05989,Mitesh Pal,mitesh pal,INST-038,Undergraduate,1th Year,2006-07-20,G_S05989,ADDR_S05989
S05990,Qarin Gokhale,qarin gokhale,INST-035,Undergraduate,4th Year,2007-06-19,G_S05990,ADDR_S05990
S05991,Nidhi Bhandari,nidhi bhandari,INST-019,Undergraduate,1th Year,2005-07-25,G_S05991,ADDR_S05991
S05992,Qadim Nazareth,qadim nazareth,INST-002,Undergraduate,2th Year,2003-09-02,G_S05992,ADDR_S05992
S05993,Kamya Bawa,kamya bawa,INST-027,Undergraduate,1th Year,2007-06-28,G_S05993,ADDR_S05993
S05994,Xavier Srinivas,xavier srinivas,INST-023,Undergraduate,2th Year,2008-01-27,G_S05994,ADDR_S05994
S05995,Ekalinga Contractor,ekalinga contractor,INST-006,Undergraduate,3th Year,2004-01-01,G_S05995,ADDR_S05995
S05996,Anita Ranganathan,anita ranganathan,INST-049,Undergraduate,4th Year,2006-05-04,G_S05996,ADDR_S05996
S05997,Anya Cheema,anya cheema,INST-048,Undergraduate,4th Year,2004-04-25,G_S05997,ADDR_S05997
S05998,Abeer Sunder,abeer sunder,INST-057,Undergraduate,4th Year,2004-01-11,G_S05998,ADDR_S05998
S05999,Veer Mody,veer mody,INST-053,Undergraduate,2th Year,2005-01-15,G_S05999,ADDR_S05999
S06000,Ekiya Dixit,ekiya dixit,INST-060,Undergraduate,3th Year,2003-09-12,G_S06000,ADDR_S06000
S06001,Ekbal Kannan,ekbal kannan,INST-004,Undergraduate,2th Year,2004-07-25,G_S06001,ADDR_S06001
S06002,Owen Rattan,owen rattan,INST-042,Undergraduate,2th Year,2008-05-01,G_S06002,ADDR_S06002
S06003,Yashoda Mangat,yashoda mangat,INST-034,Undergraduate,4th Year,2003-01-01,G_S06003,ADDR_S06003
S06004,Veer  Solanki,veer solanki,INST-007,Undergraduate,2th Year,2007-09-04,G_S06004,ADDR_S06004
S06005,Libni Bhatnagar,libni bhatnagar,INST-037,Undergraduate,1th Year,2007-09-16,G_S06005,ADDR_S06005
S06006,Aradhana Soni,aradhana soni,INST-007,Undergraduate,4th Year,2008-06-15,G_S06006,ADDR_S06006
S06007,Janaki Nagar,janaki nagar,INST-034,Undergraduate,2th Year,2004-07-05,G_S06007,ADDR_S06007
S06008,Elijah Ghosh,elijah ghosh,INST-034,Undergraduate,2th Year,2007-02-26,G_S06008,ADDR_S06008
S06009,Jyoti Chadha,jyoti chadha,INST-048,Undergraduate,2th Year,2003-10-25,G_S06009,ADDR_S06009
S06010,Amrita Bora,amrita bora,INST-021,Undergraduate,4th Year,2008-07-26,G_S06010,ADDR_S06010
S06011,Hema Narayan,hema narayan,INST-032,Undergraduate,2th Year,2005-07-25,G_S06011,ADDR_S06011
S06012,Anita Badal,anita badal,INST-039,Undergraduate,2th Year,2006-02-25,G_S06012,ADDR_S06012
S06013,Keya Kakar,keya kakar,INST-027,Undergraduate,3th Year,2003-04-26,G_S06013,ADDR_S06013
S06014,Shravya Taneja,shravya taneja,INST-026,Undergraduate,4th Year,2005-10-14,G_S06014,ADDR_S06014
S06015,Qasim Bhasin,qasim bhasin,INST-042,Undergraduate,3th Year,2007-03-04,G_S06015,ADDR_S06015
S06016,Aadi Devan,aadi devan,INST-036,Undergraduate,2th Year,2005-06-17,G_S06016,ADDR_S06016
S06017,Zehaan Ganguly,zehaan ganguly,INST-003,Undergraduate,1th Year,2004-05-25,G_S06017,ADDR_S06017
S06018,Nathan Aurora,nathan aurora,INST-046,Undergraduate,4th Year,2007-10-14,G_S06018,ADDR_S06018
S06019,Watika Char,watika char,INST-018,Undergraduate,3th Year,2003-03-11,G_S06019,ADDR_S06019
S06020,Gaurav Doctor,gaurav doctor,INST-060,Undergraduate,1th Year,2003-07-12,G_S06020,ADDR_S06020
S06021,Ethan Jaggi,ethan jaggi,INST-025,Undergraduate,1th Year,2006-08-21,G_S06021,ADDR_S06021
S06022,Qushi Raval,qushi raval,INST-025,Undergraduate,4th Year,2006-05-10,G_S06022,ADDR_S06022
S06023,Sudiksha Ravi,sudiksha ravi,INST-031,Undergraduate,2th Year,2008-01-01,G_S06023,ADDR_S06023
S06024,Urvi Kale,urvi kale,INST-016,Undergraduate,2th Year,2006-12-22,G_S06024,ADDR_S06024
S06025,Nitesh Sandhu,nitesh sandhu,INST-059,Undergraduate,1th Year,2008-01-14,G_S06025,ADDR_S06025
S06026,Veda Kashyap,veda kashyap,INST-045,Undergraduate,3th Year,2006-09-26,G_S06026,ADDR_S06026
S06027,Qasim Deo,qasim deo,INST-033,Undergraduate,4th Year,2007-12-12,G_S06027,ADDR_S06027
S06028,Lopa Bala,lopa bala,INST-019,Undergraduate,4th Year,2007-05-14,G_S06028,ADDR_S06028
S06029,Harinakshi Wali,harinakshi wali,INST-059,Undergraduate,3th Year,2003-01-18,G_S06029,ADDR_S06029
S06030,Osha Pandey,osha pandey,INST-043,Undergraduate,4th Year,2007-07-18,G_S06030,ADDR_S06030
S06031,Sarthak More,sarthak more,INST-002,Undergraduate,3th Year,2003-11-08,G_S06031,ADDR_S06031
S06032,Jack Chand,jack chand,INST-007,Undergraduate,2th Year,2003-12-15,G_S06032,ADDR_S06032
S06033,Falguni More,falguni more,INST-015,Undergraduate,3th Year,2006-07-02,G_S06033,ADDR_S06033
S06034,Azaan Vala,azaan vala,INST-005,Undergraduate,3th Year,2008-11-19,G_S06034,ADDR_S06034
S06035,Qabil Kaul,qabil kaul,INST-050,Undergraduate,4th Year,2006-02-05,G_S06035,ADDR_S06035
S06036,Maanav Bath,maanav bath,INST-025,Undergraduate,2th Year,2005-05-21,G_S06036,ADDR_S06036
S06037,Jai Biswas,jai biswas,INST-047,Undergraduate,2th Year,2008-09-21,G_S06037,ADDR_S06037
S06038,Arjun Palla,arjun palla,INST-060,Undergraduate,1th Year,2003-09-25,G_S06038,ADDR_S06038
S06039,Kritika Magar,kritika magar,INST-050,Undergraduate,4th Year,2003-04-13,G_S06039,ADDR_S06039
S06040,Tanmayi Mander,tanmayi mander,INST-047,Undergraduate,1th Year,2004-05-27,G_S06040,ADDR_S06040
S06041,Abhimanyu Bedi,abhimanyu bedi,INST-057,Undergraduate,4th Year,2004-02-25,G_S06041,ADDR_S06041
S06042,Logan Salvi,logan salvi,INST-042,Undergraduate,1th Year,2003-02-16,G_S06042,ADDR_S06042
S06043,Meghana Mohan,meghana mohan,INST-009,Undergraduate,3th Year,2003-12-16,G_S06043,ADDR_S06043
S06044,Radhika Taneja,radhika taneja,INST-018,Undergraduate,3th Year,2007-07-27,G_S06044,ADDR_S06044
S06045,Chameli Sem,chameli sem,INST-026,Undergraduate,4th Year,2003-07-11,G_S06045,ADDR_S06045
S06046,Dayamai Chakraborty,dayamai chakraborty,INST-028,Undergraduate,2th Year,2006-09-12,G_S06046,ADDR_S06046
S06047,Saksham Rajan,saksham rajan,INST-057,Undergraduate,2th Year,2008-11-28,G_S06047,ADDR_S06047
S06048,Pooja Bandi,pooja bandi,INST-048,Undergraduate,4th Year,2008-01-01,G_S06048,ADDR_S06048
S06049,Ganga Bali,ganga bali,INST-028,Undergraduate,4th Year,2007-05-07,G_S06049,ADDR_S06049
S06050,Niharika Konda,niharika konda,INST-032,Undergraduate,1th Year,2006-05-14,G_S06050,ADDR_S06050
S06051,Divya Kannan,divya kannan,INST-006,Undergraduate,3th Year,2007-11-17,G_S06051,ADDR_S06051
S06052,Rushil Barad,rushil barad,INST-001,Undergraduate,2th Year,2004-07-18,G_S06052,ADDR_S06052
S06053,Anita  Sandhu,anita sandhu,INST-031,Undergraduate,4th Year,2007-06-26,G_S06053,ADDR_S06053
S06054,Ucchal Sastry,ucchal sastry,INST-045,Undergraduate,2th Year,2003-10-05,G_S06054,ADDR_S06054
S06055,Imaran Parmar,imaran parmar,INST-059,Undergraduate,3th Year,2006-06-01,G_S06055,ADDR_S06055
S06056,Lajita Kapoor,lajita kapoor,INST-026,Undergraduate,2th Year,2008-06-24,G_S06056,ADDR_S06056
S06057,Samesh Bawa,samesh bawa,INST-021,Undergraduate,2th Year,2003-05-25,G_S06057,ADDR_S06057
S06058,Unnati Anand,unnati anand,INST-010,Undergraduate,4th Year,2006-01-07,G_S06058,ADDR_S06058
S06059,Jhalak Palla,jhalak palla,INST-005,Undergraduate,4th Year,2005-02-21,G_S06059,ADDR_S06059
S06060,Neel Wadhwa,neel wadhwa,INST-054,Undergraduate,4th Year,2007-04-22,G_S06060,ADDR_S06060
S06061,Turvi Sachdev,turvi sachdev,INST-013,Undergraduate,2th Year,2007-12-26,G_S06061,ADDR_S06061
S06062,Pooja Mistry,pooja mistry,INST-033,Undergraduate,2th Year,2007-12-14,G_S06062,ADDR_S06062
S06063,Farhan Murthy,farhan murthy,INST-048,Undergraduate,2th Year,2006-09-16,G_S06063,ADDR_S06063
S06064,Gautami Ramaswamy,gautami ramaswamy,INST-039,Undergraduate,4th Year,2007-05-20,G_S06064,ADDR_S06064
S06065,Baghyawati Sachdev,baghyawati sachdev,INST-060,Undergraduate,3th Year,2003-09-13,G_S06065,ADDR_S06065
S06066,Yug Misra,yug misra,INST-041,Undergraduate,1th Year,2003-08-13,G_S06066,ADDR_S06066
S06067,Adweta Master,adweta master,INST-035,Undergraduate,4th Year,2003-09-03,G_S06067,ADDR_S06067
S06068,Damyanti Kurian,damyanti kurian,INST-029,Undergraduate,2th Year,2004-01-12,G_S06068,ADDR_S06068
S06069,Dalaja Dara,dalaja dara,INST-028,Undergraduate,1th Year,2008-04-08,G_S06069,ADDR_S06069
S06070,Yash Kibe,yash kibe,INST-025,Undergraduate,3th Year,2007-02-20,G_S06070,ADDR_S06070
S06071,Anya Seshadri,anya seshadri,INST-010,Undergraduate,4th Year,2004-05-15,G_S06071,ADDR_S06071
S06072,Upkaar Madan,upkaar madan,INST-010,Undergraduate,3th Year,2003-01-15,G_S06072,ADDR_S06072
S06073,Aishani Badal,aishani badal,INST-033,Undergraduate,1th Year,2007-10-26,G_S06073,ADDR_S06073
S06074,Madhav Kapur,madhav kapur,INST-044,Undergraduate,3th Year,2008-06-23,G_S06074,ADDR_S06074
S06075,Falguni Tella,falguni tella,INST-040,Undergraduate,2th Year,2005-12-20,G_S06075,ADDR_S06075
S06076,Kabir Sood,kabir sood,INST-019,Undergraduate,4th Year,2005-10-19,G_S06076,ADDR_S06076
S06077,Anamika Chaudhry,anamika chaudhry,INST-047,Undergraduate,2th Year,2004-03-23,G_S06077,ADDR_S06077
S06078,Nakul Chawla,nakul chawla,INST-006,Undergraduate,2th Year,2003-01-05,G_S06078,ADDR_S06078
S06079,Sanaya Dayal,sanaya dayal,INST-024,Undergraduate,4th Year,2008-07-23,G_S06079,ADDR_S06079
S06080,Oscar Contractor,oscar contractor,INST-007,Undergraduate,2th Year,2007-07-21,G_S06080,ADDR_S06080
S06081,Caleb Srinivas,caleb srinivas,INST-034,Undergraduate,4th Year,2005-01-02,G_S06081,ADDR_S06081
S06082,Charvi Venkataraman,charvi venkataraman,INST-024,Undergraduate,2th Year,2007-11-06,G_S06082,ADDR_S06082
S06083,Reyansh Mangat,reyansh mangat,INST-023,Undergraduate,1th Year,2005-12-18,G_S06083,ADDR_S06083
S06084,Kamala Nayar,kamala nayar,INST-013,Undergraduate,3th Year,2008-02-15,G_S06084,ADDR_S06084
S06085,Kevin Dass,kevin dass,INST-004,Undergraduate,3th Year,2007-01-16,G_S06085,ADDR_S06085
S06086,Yash Anne,yash anne,INST-046,Undergraduate,4th Year,2004-07-04,G_S06086,ADDR_S06086
S06087,Chasmum Mall,chasmum mall,INST-019,Undergraduate,1th Year,2006-04-01,G_S06087,ADDR_S06087
S06088,Daksha Raj,daksha raj,INST-010,Undergraduate,3th Year,2004-09-15,G_S06088,ADDR_S06088
S06089,Manbir Kapoor,manbir kapoor,INST-037,Undergraduate,3th Year,2003-06-05,G_S06089,ADDR_S06089
S06090,Ayaan Dhaliwal,ayaan dhaliwal,INST-025,Undergraduate,2th Year,2008-02-19,G_S06090,ADDR_S06090
S06091,Hredhaan Deshpande,hredhaan deshpande,INST-045,Undergraduate,4th Year,2005-05-20,G_S06091,ADDR_S06091
S06092,Samar Shenoy,samar shenoy,INST-018,Undergraduate,2th Year,2007-07-12,G_S06092,ADDR_S06092
S06093,Maya Parekh,maya parekh,INST-012,Undergraduate,3th Year,2005-09-15,G_S06093,ADDR_S06093
S06094,Ranveer Narayanan,ranveer narayanan,INST-026,Undergraduate,2th Year,2003-12-02,G_S06094,ADDR_S06094
S06095,Urishilla Agate,urishilla agate,INST-020,Undergraduate,1th Year,2003-03-27,G_S06095,ADDR_S06095
S06096,Farhan Kamdar,farhan kamdar,INST-026,Undergraduate,4th Year,2003-06-01,G_S06096,ADDR_S06096
S06097,Advika Patel,advika patel,INST-042,Undergraduate,2th Year,2006-10-23,G_S06097,ADDR_S06097
S06098,Ranbir Lad,ranbir lad,INST-020,Undergraduate,2th Year,2006-03-19,G_S06098,ADDR_S06098
S06099,Mekhala Rama,mekhala rama,INST-010,Undergraduate,4th Year,2003-10-04,G_S06099,ADDR_S06099
S06100,Frado Bora,frado bora,INST-051,Undergraduate,1th Year,2005-03-09,G_S06100,ADDR_S06100
S06101,Kamala Bava,kamala bava,INST-005,Undergraduate,2th Year,2004-08-15,G_S06101,ADDR_S06101
S06102,Chaman Goswami,chaman goswami,INST-055,Undergraduate,2th Year,2003-05-12,G_S06102,ADDR_S06102
S06103,Nikita Dugar,nikita dugar,INST-050,Undergraduate,2th Year,2008-03-17,G_S06103,ADDR_S06103
S06104,Bahadurjit Kothari,bahadurjit kothari,INST-027,Undergraduate,4th Year,2006-09-02,G_S06104,ADDR_S06104
S06105,Dayita Shankar,dayita shankar,INST-046,Undergraduate,2th Year,2007-02-11,G_S06105,ADDR_S06105
S06106,Qadim Lanka,qadim lanka,INST-055,Undergraduate,2th Year,2008-09-23,G_S06106,ADDR_S06106
S06107,Sarthak Chokshi,sarthak chokshi,INST-036,Undergraduate,3th Year,2007-12-04,G_S06107,ADDR_S06107
S06108,Charvi Kata,charvi kata,INST-008,Undergraduate,1th Year,2005-05-14,G_S06108,ADDR_S06108
S06109,Ojasvi Thaman,ojasvi thaman,INST-030,Undergraduate,3th Year,2006-03-13,G_S06109,ADDR_S06109
S06110,Ayaan Bali,ayaan bali,INST-019,Undergraduate,3th Year,2004-11-22,G_S06110,ADDR_S06110
S06111,Lohit Mand,lohit mand,INST-032,Undergraduate,1th Year,2004-11-08,G_S06111,ADDR_S06111
S06112,Chandresh Dua,chandresh dua,INST-052,Undergraduate,4th Year,2004-03-13,G_S06112,ADDR_S06112
S06113,Vidhi Sarma,vidhi sarma,INST-040,Undergraduate,4th Year,2004-09-17,G_S06113,ADDR_S06113
S06114,Devansh Shroff,devansh shroff,INST-035,Undergraduate,3th Year,2004-04-03,G_S06114,ADDR_S06114
S06115,Raghav Barad,raghav barad,INST-013,Undergraduate,1th Year,2004-08-17,G_S06115,ADDR_S06115
S06116,Sarthak Nagar,sarthak nagar,INST-030,Undergraduate,2th Year,2006-03-24,G_S06116,ADDR_S06116
S06117,Mohammed Kari,mohammed kari,INST-025,Undergraduate,2th Year,2004-06-17,G_S06117,ADDR_S06117
S06118,Champak Gade,champak gade,INST-060,Undergraduate,2th Year,2003-04-21,G_S06118,ADDR_S06118
S06119,Avni Sami,avni sami,INST-034,Undergraduate,2th Year,2007-08-05,G_S06119,ADDR_S06119
S06120,Hamsini Golla,hamsini golla,INST-023,Undergraduate,4th Year,2006-10-19,G_S06120,ADDR_S06120
S06121,Gayathri Dutta,gayathri dutta,INST-016,Undergraduate,1th Year,2007-06-09,G_S06121,ADDR_S06121
S06122,Sai Deol,sai deol,INST-043,Undergraduate,1th Year,2005-03-17,G_S06122,ADDR_S06122
S06123,Vivaan Andra,vivaan andra,INST-001,Undergraduate,4th Year,2003-11-22,G_S06123,ADDR_S06123
S06124,Amol Desai,amol desai,INST-021,Undergraduate,4th Year,2008-06-27,G_S06124,ADDR_S06124
S06125,Nandini Chokshi,nandini chokshi,INST-025,Undergraduate,1th Year,2006-11-10,G_S06125,ADDR_S06125
S06126,Samarth Anne,samarth anne,INST-031,Undergraduate,3th Year,2003-12-20,G_S06126,ADDR_S06126
S06127,Anthony Kanda,anthony kanda,INST-032,Undergraduate,1th Year,2007-06-16,G_S06127,ADDR_S06127
S06128,Zehaan Rege,zehaan rege,INST-007,Undergraduate,3th Year,2003-05-19,G_S06128,ADDR_S06128
S06129,Ridhi Bir,ridhi bir,INST-013,Undergraduate,1th Year,2006-03-20,G_S06129,ADDR_S06129
S06130,Priya Shan,priya shan,INST-034,Undergraduate,3th Year,2004-09-17,G_S06130,ADDR_S06130
S06131,Advaith Sarma,advaith sarma,INST-009,Undergraduate,1th Year,2007-10-02,G_S06131,ADDR_S06131
S06132,Lucky Sridhar,lucky sridhar,INST-025,Undergraduate,3th Year,2003-04-01,G_S06132,ADDR_S06132
S06133,Divya Krish,divya krish,INST-017,Undergraduate,1th Year,2007-02-27,G_S06133,ADDR_S06133
S06134,Oscar Mall,oscar mall,INST-002,Undergraduate,4th Year,2004-12-05,G_S06134,ADDR_S06134
S06135,Shivansh Bhalla,shivansh bhalla,INST-032,Undergraduate,1th Year,2005-04-05,G_S06135,ADDR_S06135
S06136,Oscar Kashyap,oscar kashyap,INST-004,Undergraduate,2th Year,2005-04-11,G_S06136,ADDR_S06136
S06137,Vinaya Garde,vinaya garde,INST-053,Undergraduate,3th Year,2004-10-15,G_S06137,ADDR_S06137
S06138,Ayush Kalita,ayush kalita,INST-007,Undergraduate,3th Year,2007-10-14,G_S06138,ADDR_S06138
S06139,Karan Batra,karan batra,INST-025,Undergraduate,4th Year,2004-08-09,G_S06139,ADDR_S06139
S06140,Chaman Shanker,chaman shanker,INST-045,Undergraduate,4th Year,2005-02-26,G_S06140,ADDR_S06140
S06141,Amol Chand,amol chand,INST-027,Undergraduate,2th Year,2008-06-10,G_S06141,ADDR_S06141
S06142,Nicholas Gade,nicholas gade,INST-027,Undergraduate,2th Year,2004-04-17,G_S06142,ADDR_S06142
S06143,Brinda Ben,brinda ben,INST-039,Undergraduate,3th Year,2005-09-19,G_S06143,ADDR_S06143
S06144,Dalbir Sarna,dalbir sarna,INST-031,Undergraduate,3th Year,2004-10-09,G_S06144,ADDR_S06144
S06145,Aashi Shere,aashi shere,INST-024,Undergraduate,3th Year,2006-04-18,G_S06145,ADDR_S06145
S06146,Vamakshi Tandon,vamakshi tandon,INST-023,Undergraduate,2th Year,2003-12-01,G_S06146,ADDR_S06146
S06147,Abha Sachdev,abha sachdev,INST-016,Undergraduate,4th Year,2005-04-21,G_S06147,ADDR_S06147
S06148,Qadim Lalla,qadim lalla,INST-019,Undergraduate,3th Year,2005-11-25,G_S06148,ADDR_S06148
S06149,Libni Parsa,libni parsa,INST-033,Undergraduate,2th Year,2007-12-05,G_S06149,ADDR_S06149
S06150,Ridhi Dube,ridhi dube,INST-014,Undergraduate,2th Year,2005-12-08,G_S06150,ADDR_S06150
S06151,Manbir Nori,manbir nori,INST-032,Undergraduate,4th Year,2003-07-18,G_S06151,ADDR_S06151
S06152,Pranit Dugal,pranit dugal,INST-017,Undergraduate,3th Year,2006-06-14,G_S06152,ADDR_S06152
S06153,Banjeet Oza,banjeet oza,INST-059,Undergraduate,2th Year,2004-02-23,G_S06153,ADDR_S06153
S06154,Meera Walla,meera walla,INST-007,Undergraduate,4th Year,2007-09-08,G_S06154,ADDR_S06154
S06155,Aachal Tripathi,aachal tripathi,INST-059,Undergraduate,4th Year,2004-11-05,G_S06155,ADDR_S06155
S06156,Yug Sunder,yug sunder,INST-021,Undergraduate,1th Year,2005-11-02,G_S06156,ADDR_S06156
S06157,Raghav Seth,raghav seth,INST-026,Undergraduate,1th Year,2003-11-04,G_S06157,ADDR_S06157
S06158,Quincy Chaudhry,quincy chaudhry,INST-028,Undergraduate,2th Year,2004-03-23,G_S06158,ADDR_S06158
S06159,Frado Chadha,frado chadha,INST-051,Undergraduate,2th Year,2008-07-27,G_S06159,ADDR_S06159
S06160,Jagdish Wali,jagdish wali,INST-057,Undergraduate,1th Year,2007-08-08,G_S06160,ADDR_S06160
S06161,Yochana Barman,yochana barman,INST-019,Undergraduate,4th Year,2006-11-25,G_S06161,ADDR_S06161
S06162,Hiral Sagar,hiral sagar,INST-057,Undergraduate,4th Year,2005-01-22,G_S06162,ADDR_S06162
S06163,Ethan Sha,ethan sha,INST-049,Undergraduate,3th Year,2003-08-23,G_S06163,ADDR_S06163
S06164,Vedhika Manne,vedhika manne,INST-026,Undergraduate,2th Year,2008-09-04,G_S06164,ADDR_S06164
S06165,Umang Dora,umang dora,INST-053,Undergraduate,1th Year,2007-12-22,G_S06165,ADDR_S06165
S06166,Hemang Krishnamurthy,hemang krishnamurthy,INST-024,Undergraduate,4th Year,2005-09-25,G_S06166,ADDR_S06166
S06167,Pranav Nadkarni,pranav nadkarni,INST-014,Undergraduate,4th Year,2006-07-17,G_S06167,ADDR_S06167
S06168,Wakeeta Chaudry,wakeeta chaudry,INST-054,Undergraduate,1th Year,2003-07-06,G_S06168,ADDR_S06168
S06169,Parth Dhar,parth dhar,INST-045,Undergraduate,3th Year,2008-10-09,G_S06169,ADDR_S06169
S06170,Lipika Kumar,lipika kumar,INST-044,Undergraduate,2th Year,2003-01-11,G_S06170,ADDR_S06170
S06171,Thomas Sha,thomas sha,INST-003,Undergraduate,2th Year,2006-06-19,G_S06171,ADDR_S06171
S06172,Nihal Bail,nihal bail,INST-049,Undergraduate,4th Year,2007-08-20,G_S06172,ADDR_S06172
S06173,Bimala Doctor,bimala doctor,INST-017,Undergraduate,3th Year,2004-12-04,G_S06173,ADDR_S06173
S06174,Isaiah Prashad,isaiah prashad,INST-028,Undergraduate,1th Year,2007-09-04,G_S06174,ADDR_S06174
S06175,Krisha Nagi,krisha nagi,INST-037,Undergraduate,3th Year,2008-02-10,G_S06175,ADDR_S06175
S06176,Lavanya Handa,lavanya handa,INST-001,Undergraduate,2th Year,2008-05-16,G_S06176,ADDR_S06176
S06177,Aarav Zacharia,aarav zacharia,INST-051,Undergraduate,4th Year,2005-08-05,G_S06177,ADDR_S06177
S06178,Samaksh Mann,samaksh mann,INST-048,Undergraduate,3th Year,2004-10-24,G_S06178,ADDR_S06178
S06179,Chasmum Savant,chasmum savant,INST-002,Undergraduate,3th Year,2004-06-22,G_S06179,ADDR_S06179
S06180,Dalaja Thakkar,dalaja thakkar,INST-022,Undergraduate,4th Year,2007-03-01,G_S06180,ADDR_S06180
S06181,Yashoda Narayanan,yashoda narayanan,INST-007,Undergraduate,4th Year,2006-02-09,G_S06181,ADDR_S06181
S06182,Anika Shetty,anika shetty,INST-032,Undergraduate,1th Year,2007-08-19,G_S06182,ADDR_S06182
S06183,Ojas Anne,ojas anne,INST-059,Undergraduate,1th Year,2003-08-11,G_S06183,ADDR_S06183
S06184,Krishna Tripathi,krishna tripathi,INST-009,Undergraduate,2th Year,2006-10-16,G_S06184,ADDR_S06184
S06185,Ekbal Munshi,ekbal munshi,INST-058,Undergraduate,4th Year,2004-06-07,G_S06185,ADDR_S06185
S06186,Sara Taneja,sara taneja,INST-044,Undergraduate,2th Year,2004-04-01,G_S06186,ADDR_S06186
S06187,Qabil Ranganathan,qabil ranganathan,INST-025,Undergraduate,3th Year,2003-04-08,G_S06187,ADDR_S06187
S06188,Shaurya Dutta,shaurya dutta,INST-027,Undergraduate,3th Year,2007-12-10,G_S06188,ADDR_S06188
S06189,Oeshi Kaul,oeshi kaul,INST-013,Undergraduate,1th Year,2004-11-21,G_S06189,ADDR_S06189
S06190,Qasim Sethi,qasim sethi,INST-023,Undergraduate,3th Year,2004-12-13,G_S06190,ADDR_S06190
S06191,Urvi Nagar,urvi nagar,INST-020,Undergraduate,1th Year,2008-05-11,G_S06191,ADDR_S06191
S06192,Nathaniel Parmer,nathaniel parmer,INST-009,Undergraduate,3th Year,2008-04-27,G_S06192,ADDR_S06192
S06193,Anay Sahota,anay sahota,INST-053,Undergraduate,3th Year,2007-07-12,G_S06193,ADDR_S06193
S06194,Mohini Palla,mohini palla,INST-016,Undergraduate,2th Year,2003-11-20,G_S06194,ADDR_S06194
S06195,Lucky Desai,lucky desai,INST-028,Undergraduate,1th Year,2005-05-02,G_S06195,ADDR_S06195
S06196,Jyoti Dugar,jyoti dugar,INST-033,Undergraduate,4th Year,2005-01-04,G_S06196,ADDR_S06196
S06197,Bhavika Dada,bhavika dada,INST-002,Undergraduate,1th Year,2003-11-12,G_S06197,ADDR_S06197
S06198,Ekantika Roy,ekantika roy,INST-060,Undergraduate,2th Year,2006-03-24,G_S06198,ADDR_S06198
S06199,Brijesh Doshi,brijesh doshi,INST-017,Undergraduate,4th Year,2007-11-25,G_S06199,ADDR_S06199
S06200,Diya Ratti,diya ratti,INST-025,Undergraduate,2th Year,2006-10-17,G_S06200,ADDR_S06200
S06201,Rajata Konda,rajata konda,INST-006,Undergraduate,2th Year,2003-08-01,G_S06201,ADDR_S06201
S06202,Mitesh Rege,mitesh rege,INST-037,Undergraduate,3th Year,2007-05-20,G_S06202,ADDR_S06202
S06203,Chaman Gole,chaman gole,INST-048,Undergraduate,1th Year,2004-09-10,G_S06203,ADDR_S06203
S06204,Raagini Purohit,raagini purohit,INST-053,Undergraduate,2th Year,2004-09-15,G_S06204,ADDR_S06204
S06205,Gautami Lad,gautami lad,INST-050,Undergraduate,4th Year,2003-11-12,G_S06205,ADDR_S06205
S06206,Harinakshi Chatterjee,harinakshi chatterjee,INST-029,Undergraduate,1th Year,2007-09-11,G_S06206,ADDR_S06206
S06207,Samarth Chhabra,samarth chhabra,INST-013,Undergraduate,3th Year,2008-12-16,G_S06207,ADDR_S06207
S06208,Banjeet Bassi,banjeet bassi,INST-031,Undergraduate,2th Year,2004-09-21,G_S06208,ADDR_S06208
S06209,Udarsh Dugar,udarsh dugar,INST-053,Undergraduate,2th Year,2003-08-05,G_S06209,ADDR_S06209
S06210,Fiyaz Goel,fiyaz goel,INST-016,Undergraduate,2th Year,2004-04-19,G_S06210,ADDR_S06210
S06211,Girindra Ghose,girindra ghose,INST-008,Undergraduate,4th Year,2008-08-26,G_S06211,ADDR_S06211
S06212,Kashish Minhas,kashish minhas,INST-029,Undergraduate,4th Year,2006-09-27,G_S06212,ADDR_S06212
S06213,Kashish  Yohannan,kashish yohannan,INST-019,Undergraduate,4th Year,2005-02-10,G_S06213,ADDR_S06213
S06214,Radhika Sahni,radhika sahni,INST-030,Undergraduate,1th Year,2006-03-27,G_S06214,ADDR_S06214
S06215,Neelima Misra,neelima misra,INST-044,Undergraduate,1th Year,2007-09-23,G_S06215,ADDR_S06215
S06216,Hemang Choudhary,hemang choudhary,INST-038,Undergraduate,1th Year,2004-01-25,G_S06216,ADDR_S06216
S06217,Adweta Yogi,adweta yogi,INST-042,Undergraduate,1th Year,2003-12-21,G_S06217,ADDR_S06217
S06218,Lopa More,lopa more,INST-013,Undergraduate,3th Year,2003-08-25,G_S06218,ADDR_S06218
S06219,Kiaan Acharya,kiaan acharya,INST-019,Undergraduate,1th Year,2007-03-19,G_S06219,ADDR_S06219
S06220,Lipika Goel,lipika goel,INST-018,Undergraduate,1th Year,2006-02-22,G_S06220,ADDR_S06220
S06221,Riya Vohra,riya vohra,INST-027,Undergraduate,3th Year,2003-11-21,G_S06221,ADDR_S06221
S06222,Yash Murthy,yash murthy,INST-007,Undergraduate,1th Year,2008-06-16,G_S06222,ADDR_S06222
S06223,Lipika Ratti,lipika ratti,INST-031,Undergraduate,3th Year,2007-05-04,G_S06223,ADDR_S06223
S06224,Mohini Mukhopadhyay,mohini mukhopadhyay,INST-057,Undergraduate,3th Year,2003-07-08,G_S06224,ADDR_S06224
S06225,Radhika Dayal,radhika dayal,INST-052,Undergraduate,4th Year,2006-09-09,G_S06225,ADDR_S06225
S06226,Chaman Gole,chaman gole,INST-059,Undergraduate,1th Year,2003-03-27,G_S06226,ADDR_S06226
S06227,Lohit Sarin,lohit sarin,INST-055,Undergraduate,3th Year,2007-02-04,G_S06227,ADDR_S06227
S06228,Praneel Borde,praneel borde,INST-003,Undergraduate,3th Year,2004-06-21,G_S06228,ADDR_S06228
S06229,Qadim Badal,qadim badal,INST-038,Undergraduate,1th Year,2004-12-08,G_S06229,ADDR_S06229
S06230,Devansh Bath,devansh bath,INST-026,Undergraduate,4th Year,2006-01-05,G_S06230,ADDR_S06230
S06231,Nihal Kulkarni,nihal kulkarni,INST-012,Undergraduate,3th Year,2006-09-25,G_S06231,ADDR_S06231
S06232,Isaiah Manda,isaiah manda,INST-055,Undergraduate,2th Year,2005-08-22,G_S06232,ADDR_S06232
S06233,Yasti Choudhury,yasti choudhury,INST-006,Undergraduate,3th Year,2006-04-01,G_S06233,ADDR_S06233
S06234,Urishilla Sekhon,urishilla sekhon,INST-007,Undergraduate,1th Year,2008-05-27,G_S06234,ADDR_S06234
S06235,Niharika Mall,niharika mall,INST-055,Undergraduate,1th Year,2005-05-10,G_S06235,ADDR_S06235
S06236,Naveen Varkey,naveen varkey,INST-038,Undergraduate,3th Year,2007-07-08,G_S06236,ADDR_S06236
S06237,Indrajit Bahri,indrajit bahri,INST-060,Undergraduate,2th Year,2004-05-12,G_S06237,ADDR_S06237
S06238,Theodore Sankaran,theodore sankaran,INST-024,Undergraduate,1th Year,2004-11-02,G_S06238,ADDR_S06238
S06239,Nimrat Bail,nimrat bail,INST-055,Undergraduate,1th Year,2006-11-24,G_S06239,ADDR_S06239
S06240,Aarnav Bhatia,aarnav bhatia,INST-020,Undergraduate,2th Year,2008-01-20,G_S06240,ADDR_S06240
S06241,Ijaya Hegde,ijaya hegde,INST-050,Undergraduate,1th Year,2007-07-19,G_S06241,ADDR_S06241
S06242,Gayathri Hari,gayathri hari,INST-017,Undergraduate,3th Year,2005-08-05,G_S06242,ADDR_S06242
S06243,Ranbir Char,ranbir char,INST-011,Undergraduate,2th Year,2008-07-05,G_S06243,ADDR_S06243
S06244,Ekanta Batra,ekanta batra,INST-043,Undergraduate,3th Year,2003-08-24,G_S06244,ADDR_S06244
S06245,Praneel Madan,praneel madan,INST-040,Undergraduate,4th Year,2006-09-13,G_S06245,ADDR_S06245
S06246,Wahab Agarwal,wahab agarwal,INST-035,Undergraduate,2th Year,2005-09-09,G_S06246,ADDR_S06246
S06247,Neel Sahni,neel sahni,INST-050,Undergraduate,2th Year,2006-06-13,G_S06247,ADDR_S06247
S06248,David Bhasin,david bhasin,INST-028,Undergraduate,4th Year,2006-08-04,G_S06248,ADDR_S06248
S06249,Mitali Walla,mitali walla,INST-053,Undergraduate,1th Year,2007-12-22,G_S06249,ADDR_S06249
S06250,Nihal Shankar,nihal shankar,INST-013,Undergraduate,4th Year,2006-11-19,G_S06250,ADDR_S06250
S06251,Yagnesh Karan,yagnesh karan,INST-047,Undergraduate,3th Year,2003-12-23,G_S06251,ADDR_S06251
S06252,Samuel Thaker,samuel thaker,INST-053,Undergraduate,3th Year,2007-01-27,G_S06252,ADDR_S06252
S06253,Samar Kala,samar kala,INST-044,Undergraduate,3th Year,2004-05-05,G_S06253,ADDR_S06253
S06254,Nikita Chacko,nikita chacko,INST-014,Undergraduate,1th Year,2008-12-01,G_S06254,ADDR_S06254
S06255,Ishaan Rau,ishaan rau,INST-035,Undergraduate,3th Year,2003-01-08,G_S06255,ADDR_S06255
S06256,Mitali Sha,mitali sha,INST-054,Undergraduate,1th Year,2003-05-02,G_S06256,ADDR_S06256
S06257,Yug Saraf,yug saraf,INST-001,Undergraduate,1th Year,2008-12-27,G_S06257,ADDR_S06257
S06258,Ikbal Acharya,ikbal acharya,INST-010,Undergraduate,1th Year,2005-07-07,G_S06258,ADDR_S06258
S06259,Ranveer Dubey,ranveer dubey,INST-013,Undergraduate,2th Year,2006-03-14,G_S06259,ADDR_S06259
S06260,Sai Kara,sai kara,INST-013,Undergraduate,4th Year,2003-08-23,G_S06260,ADDR_S06260
S06261,Hardik Zachariah,hardik zachariah,INST-046,Undergraduate,2th Year,2008-07-20,G_S06261,ADDR_S06261
S06262,Ikshita Grover,ikshita grover,INST-041,Undergraduate,1th Year,2008-11-09,G_S06262,ADDR_S06262
S06263,Dev Wadhwa,dev wadhwa,INST-011,Undergraduate,1th Year,2007-08-11,G_S06263,ADDR_S06263
S06264,Eshana Bahri,eshana bahri,INST-017,Undergraduate,1th Year,2007-12-26,G_S06264,ADDR_S06264
S06265,Vasatika Tailor,vasatika tailor,INST-059,Undergraduate,3th Year,2003-02-08,G_S06265,ADDR_S06265
S06266,Girish Bassi,girish bassi,INST-004,Undergraduate,1th Year,2005-03-01,G_S06266,ADDR_S06266
S06267,Kamala Ganesh,kamala ganesh,INST-053,Undergraduate,2th Year,2007-11-25,G_S06267,ADDR_S06267
S06268,HARISH LATA,harish lata,INST-020,Undergraduate,4th Year,2008-12-07,G_S06268,ADDR_S06268
S06269,Falan Datta,falan datta,INST-043,Undergraduate,1th Year,2004-05-11,G_S06269,ADDR_S06269
S06270,Sai Rout,sai rout,INST-019,Undergraduate,2th Year,2003-12-02,G_S06270,ADDR_S06270
S06271,Triveni Thakur,triveni thakur,INST-025,Undergraduate,2th Year,2003-08-19,G_S06271,ADDR_S06271
S06272,Indira Saini,indira saini,INST-047,Undergraduate,3th Year,2006-08-14,G_S06272,ADDR_S06272
S06273,Chandani Palla,chandani palla,INST-024,Undergraduate,3th Year,2006-12-06,G_S06273,ADDR_S06273
S06274,Pranav Badal,pranav badal,INST-004,Undergraduate,2th Year,2007-01-12,G_S06274,ADDR_S06274
S06275,Mahika Puri,mahika puri,INST-002,Undergraduate,3th Year,2006-07-22,G_S06275,ADDR_S06275
S06276,Mohini Walla,mohini walla,INST-058,Undergraduate,3th Year,2006-03-26,G_S06276,ADDR_S06276
S06277,Onkar Pandya,onkar pandya,INST-021,Undergraduate,2th Year,2007-12-01,G_S06277,ADDR_S06277
S06278,Lakshit  Naik,lakshit naik,INST-042,Undergraduate,4th Year,2008-12-01,G_S06278,ADDR_S06278
S06279,Samarth  Morar,samarth morar,INST-010,Undergraduate,2th Year,2004-11-15,G_S06279,ADDR_S06279
S06280,Hemal Nanda,hemal nanda,INST-031,Undergraduate,4th Year,2006-09-11,G_S06280,ADDR_S06280
S06281,Anjali Saran,anjali saran,INST-049,Undergraduate,1th Year,2006-08-12,G_S06281,ADDR_S06281
S06282,Sai Misra,sai misra,INST-034,Undergraduate,4th Year,2007-06-13,G_S06282,ADDR_S06282
S06283,Arin Saxena,arin saxena,INST-045,Undergraduate,2th Year,2005-07-18,G_S06283,ADDR_S06283
S06284,Vaishnavi Dhar,vaishnavi dhar,INST-023,Undergraduate,4th Year,2004-06-04,G_S06284,ADDR_S06284
S06285,Pallavi Modi,pallavi modi,INST-026,Undergraduate,3th Year,2007-08-22,G_S06285,ADDR_S06285
S06286,Raksha Randhawa,raksha randhawa,INST-027,Undergraduate,4th Year,2008-12-03,G_S06286,ADDR_S06286
S06287,Anthony Aggarwal,anthony aggarwal,INST-029,Undergraduate,1th Year,2006-11-18,G_S06287,ADDR_S06287
S06288,Damyanti Tank,damyanti tank,INST-046,Undergraduate,2th Year,2003-06-22,G_S06288,ADDR_S06288
S06289,Indira Mane,indira mane,INST-019,Undergraduate,2th Year,2005-07-11,G_S06289,ADDR_S06289
S06290,Anya Borra,anya borra,INST-050,Undergraduate,2th Year,2003-03-03,G_S06290,ADDR_S06290
S06291,Yamini Mittal,yamini mittal,INST-009,Undergraduate,1th Year,2007-12-27,G_S06291,ADDR_S06291
S06292,Nirja Shere,nirja shere,INST-051,Undergraduate,3th Year,2006-07-26,G_S06292,ADDR_S06292
S06293,Bhavya  Shanker,bhavya shanker,INST-023,Undergraduate,1th Year,2008-06-12,G_S06293,ADDR_S06293
S06294,Samuel Rastogi,samuel rastogi,INST-005,Undergraduate,4th Year,2005-06-05,G_S06294,ADDR_S06294
S06295,Lajita Master,lajita master,INST-051,Undergraduate,2th Year,2004-01-27,G_S06295,ADDR_S06295
S06296,Alka Mann,alka mann,INST-006,Undergraduate,1th Year,2007-01-02,G_S06296,ADDR_S06296
S06297,Advaith Ganesan,advaith ganesan,INST-004,Undergraduate,4th Year,2008-06-27,G_S06297,ADDR_S06297
S06298,Advaith Narain,advaith narain,INST-016,Undergraduate,2th Year,2004-09-06,G_S06298,ADDR_S06298
S06299,Jagat Balay,jagat balay,INST-043,Undergraduate,4th Year,2006-10-26,G_S06299,ADDR_S06299
S06300,Mohini Dewan,mohini dewan,INST-033,Undergraduate,3th Year,2006-10-17,G_S06300,ADDR_S06300
S06301,Balveer Ranganathan,balveer ranganathan,INST-051,Undergraduate,3th Year,2006-03-16,G_S06301,ADDR_S06301
S06302,Bimala Bhat,bimala bhat,INST-010,Undergraduate,4th Year,2007-09-09,G_S06302,ADDR_S06302
S06303,Praneel Madan,praneel madan,INST-047,Undergraduate,1th Year,2007-05-15,G_S06303,ADDR_S06303
S06304,Jagrati Venkatesh,jagrati venkatesh,INST-010,Undergraduate,4th Year,2008-06-17,G_S06304,ADDR_S06304
S06305,Timothy Acharya,timothy acharya,INST-018,Undergraduate,1th Year,2004-12-17,G_S06305,ADDR_S06305
S06306,Benjamin Narayan,benjamin narayan,INST-003,Undergraduate,4th Year,2005-10-08,G_S06306,ADDR_S06306
S06307,Dalaja Zachariah,dalaja zachariah,INST-006,Undergraduate,1th Year,2005-11-04,G_S06307,ADDR_S06307
S06308,Urvi Lala,urvi lala,INST-025,Undergraduate,1th Year,2005-05-27,G_S06308,ADDR_S06308
S06309,Idika Sagar,idika sagar,INST-015,Undergraduate,4th Year,2006-06-03,G_S06309,ADDR_S06309
S06310,Akshay Dixit,akshay dixit,INST-011,Undergraduate,4th Year,2004-05-25,G_S06310,ADDR_S06310
S06311,Kamala Arya,kamala arya,INST-028,Undergraduate,4th Year,2005-11-08,G_S06311,ADDR_S06311
S06312,Aadi Kala,aadi kala,INST-015,Undergraduate,3th Year,2005-04-15,G_S06312,ADDR_S06312
S06313,Hemani Ramakrishnan,hemani ramakrishnan,INST-048,Undergraduate,4th Year,2008-05-25,G_S06313,ADDR_S06313
S06314,Harsh Parekh,harsh parekh,INST-018,Undergraduate,2th Year,2008-11-03,G_S06314,ADDR_S06314
S06315,Anay Parmar,anay parmar,INST-033,Undergraduate,2th Year,2003-08-18,G_S06315,ADDR_S06315
S06316,Brinda Chatterjee,brinda chatterjee,INST-050,Undergraduate,1th Year,2008-07-15,G_S06316,ADDR_S06316
S06317,Rehaan Sarma,rehaan sarma,INST-040,Undergraduate,3th Year,2005-12-27,G_S06317,ADDR_S06317
S06318,Rachana Sen,rachana sen,INST-015,Undergraduate,4th Year,2007-08-07,G_S06318,ADDR_S06318
S06319,Yadavi Srinivasan,yadavi srinivasan,INST-025,Undergraduate,2th Year,2007-05-14,G_S06319,ADDR_S06319
S06320,Jagat Wali,jagat wali,INST-046,Undergraduate,1th Year,2007-01-07,G_S06320,ADDR_S06320
S06321,Neel Sachdeva,neel sachdeva,INST-031,Undergraduate,4th Year,2005-01-27,G_S06321,ADDR_S06321
S06322,Azaan Chowdhury,azaan chowdhury,INST-025,Undergraduate,1th Year,2008-01-06,G_S06322,ADDR_S06322
S06323,Prisha Pradhan,prisha pradhan,INST-060,Undergraduate,2th Year,2006-07-24,G_S06323,ADDR_S06323
S06324,Champak Kashyap,champak kashyap,INST-042,Undergraduate,3th Year,2007-12-20,G_S06324,ADDR_S06324
S06325,Chakrika Mitter,chakrika mitter,INST-053,Undergraduate,2th Year,2005-07-05,G_S06325,ADDR_S06325
S06326,Karan Bassi,karan bassi,INST-012,Undergraduate,1th Year,2007-08-01,G_S06326,ADDR_S06326
S06327,Veda Mahal,veda mahal,INST-009,Undergraduate,2th Year,2008-03-02,G_S06327,ADDR_S06327
S06328,Pahal Rattan,pahal rattan,INST-023,Undergraduate,1th Year,2007-10-17,G_S06328,ADDR_S06328
S06329,Nitesh Mitra,nitesh mitra,INST-055,Undergraduate,3th Year,2006-09-06,G_S06329,ADDR_S06329
S06330,Krishna Dhar,krishna dhar,INST-040,Undergraduate,1th Year,2006-04-19,G_S06330,ADDR_S06330
S06331,Jackson Naik,jackson naik,INST-048,Undergraduate,3th Year,2006-12-14,G_S06331,ADDR_S06331
S06332,Rajata Sridhar,rajata sridhar,INST-059,Undergraduate,4th Year,2003-04-27,G_S06332,ADDR_S06332
S06333,Divya Sandal,divya sandal,INST-058,Undergraduate,2th Year,2008-08-26,G_S06333,ADDR_S06333
S06334,Qarin Golla,qarin golla,INST-059,Undergraduate,4th Year,2007-05-25,G_S06334,ADDR_S06334
S06335,Abhiram Narula,abhiram narula,INST-025,Undergraduate,3th Year,2006-10-28,G_S06335,ADDR_S06335
S06336,Tanveer Menon,tanveer menon,INST-033,Undergraduate,1th Year,2003-01-27,G_S06336,ADDR_S06336
S06337,Ayushman Kuruvilla,ayushman kuruvilla,INST-029,Undergraduate,1th Year,2003-08-08,G_S06337,ADDR_S06337
S06338,Damyanti Srinivasan,damyanti srinivasan,INST-010,Undergraduate,2th Year,2004-08-14,G_S06338,ADDR_S06338
S06339,Chavvi Mani,chavvi mani,INST-014,Undergraduate,3th Year,2003-08-16,G_S06339,ADDR_S06339
S06340,Kashish Kapoor,kashish kapoor,INST-027,Undergraduate,1th Year,2008-11-02,G_S06340,ADDR_S06340
S06341,Eta Garde,eta garde,INST-055,Undergraduate,3th Year,2006-10-25,G_S06341,ADDR_S06341
S06342,Vincent Warrior,vincent warrior,INST-033,Undergraduate,3th Year,2003-03-13,G_S06342,ADDR_S06342
S06343,Dhriti Ahuja,dhriti ahuja,INST-058,Undergraduate,3th Year,2008-06-22,G_S06343,ADDR_S06343
S06344,Finn Devan,finn devan,INST-024,Undergraduate,3th Year,2006-06-04,G_S06344,ADDR_S06344
S06345,Gauri Pall,gauri pall,INST-049,Undergraduate,4th Year,2003-11-24,G_S06345,ADDR_S06345
S06346,Harsh Ganesan,harsh ganesan,INST-035,Undergraduate,1th Year,2008-04-21,G_S06346,ADDR_S06346
S06347,Aarush Krish,aarush krish,INST-046,Undergraduate,2th Year,2007-04-06,G_S06347,ADDR_S06347
S06348,Joshua Goyal,joshua goyal,INST-005,Undergraduate,4th Year,2004-04-27,G_S06348,ADDR_S06348
S06349,Ekansh Sodhi,ekansh sodhi,INST-024,Undergraduate,4th Year,2003-03-16,G_S06349,ADDR_S06349
S06350,Luke Sheth,luke sheth,INST-035,Undergraduate,2th Year,2008-11-16,G_S06350,ADDR_S06350
S06351,Naksh Sandal,naksh sandal,INST-060,Undergraduate,4th Year,2008-01-10,G_S06351,ADDR_S06351
S06352,Yatin Pal,yatin pal,INST-025,Undergraduate,3th Year,2006-07-28,G_S06352,ADDR_S06352
S06353,Ekani Nair,ekani nair,INST-009,Undergraduate,4th Year,2005-04-12,G_S06353,ADDR_S06353
S06354,Pratyush Mody,pratyush mody,INST-013,Undergraduate,1th Year,2005-10-28,G_S06354,ADDR_S06354
S06355,Hiral Dey,hiral dey,INST-007,Undergraduate,3th Year,2008-07-18,G_S06355,ADDR_S06355
S06356,Harrison Ravi,harrison ravi,INST-043,Undergraduate,4th Year,2005-11-22,G_S06356,ADDR_S06356
S06357,Yadavi Narang,yadavi narang,INST-053,Undergraduate,3th Year,2005-09-25,G_S06357,ADDR_S06357
S06358,Jyoti Chad,jyoti chad,INST-054,Undergraduate,1th Year,2008-12-23,G_S06358,ADDR_S06358
S06359,Ekalinga Bhakta,ekalinga bhakta,INST-016,Undergraduate,1th Year,2007-09-12,G_S06359,ADDR_S06359
S06360,Charles Wadhwa,charles wadhwa,INST-059,Undergraduate,1th Year,2007-03-15,G_S06360,ADDR_S06360
S06361,Janani Morar,janani morar,INST-052,Undergraduate,4th Year,2007-11-21,G_S06361,ADDR_S06361
S06362,Aarna Sem,aarna sem,INST-036,Undergraduate,4th Year,2003-08-15,G_S06362,ADDR_S06362
S06363,Damyanti Luthra,damyanti luthra,INST-003,Undergraduate,4th Year,2003-08-10,G_S06363,ADDR_S06363
S06364,Victor Pau,victor pau,INST-041,Undergraduate,3th Year,2008-09-01,G_S06364,ADDR_S06364
S06365,Ishanvi Dhaliwal,ishanvi dhaliwal,INST-057,Undergraduate,2th Year,2008-02-09,G_S06365,ADDR_S06365
S06366,Raksha Wadhwa,raksha wadhwa,INST-001,Undergraduate,2th Year,2008-10-06,G_S06366,ADDR_S06366
S06367,Isaac Shenoy,isaac shenoy,INST-030,Undergraduate,4th Year,2008-07-10,G_S06367,ADDR_S06367
S06368,Ishani Mital,ishani mital,INST-059,Undergraduate,1th Year,2005-12-21,G_S06368,ADDR_S06368
S06369,Ryan Lad,ryan lad,INST-022,Undergraduate,1th Year,2005-09-15,G_S06369,ADDR_S06369
S06370,Samar Bansal,samar bansal,INST-039,Undergraduate,2th Year,2004-09-05,G_S06370,ADDR_S06370
S06371,Vihaan Suresh,vihaan suresh,INST-031,Undergraduate,1th Year,2004-07-13,G_S06371,ADDR_S06371
S06372,Tristan Hayer,tristan hayer,INST-055,Undergraduate,2th Year,2008-12-15,G_S06372,ADDR_S06372
S06373,Teerth Sama,teerth sama,INST-033,Undergraduate,3th Year,2007-12-14,G_S06373,ADDR_S06373
S06374,Ekapad Iyer,ekapad iyer,INST-021,Undergraduate,4th Year,2006-08-07,G_S06374,ADDR_S06374
S06375,Qabil Sane,qabil sane,INST-030,Undergraduate,2th Year,2004-11-24,G_S06375,ADDR_S06375
S06376,Yochana Som,yochana som,INST-015,Undergraduate,3th Year,2006-05-23,G_S06376,ADDR_S06376
S06377,Ekansh Pandit,ekansh pandit,INST-033,Undergraduate,2th Year,2008-09-12,G_S06377,ADDR_S06377
S06378,Varsha Soman,varsha soman,INST-049,Undergraduate,1th Year,2006-04-05,G_S06378,ADDR_S06378
S06379,ADITYA MANGAL,aditya mangal,INST-052,Undergraduate,1th Year,2004-12-25,G_S06379,ADDR_S06379
S06380,Qarin Mutti,qarin mutti,INST-049,Undergraduate,2th Year,2003-09-17,G_S06380,ADDR_S06380
S06381,Dhriti Golla,dhriti golla,INST-003,Undergraduate,1th Year,2006-03-07,G_S06381,ADDR_S06381
S06382,Sai Mohan,sai mohan,INST-015,Undergraduate,1th Year,2007-08-10,G_S06382,ADDR_S06382
S06383,Eta Kala,eta kala,INST-057,Undergraduate,1th Year,2008-08-25,G_S06383,ADDR_S06383
S06384,Upkaar Subramanian,upkaar subramanian,INST-041,Undergraduate,4th Year,2004-05-07,G_S06384,ADDR_S06384
S06385,Harrison Vala,harrison vala,INST-017,Undergraduate,4th Year,2006-03-09,G_S06385,ADDR_S06385
S06386,Ishani Sandal,ishani sandal,INST-043,Undergraduate,1th Year,2008-04-05,G_S06386,ADDR_S06386
S06387,Raghav Master,raghav master,INST-004,Undergraduate,4th Year,2003-08-04,G_S06387,ADDR_S06387
S06388,Lakshmi Taneja,lakshmi taneja,INST-037,Undergraduate,1th Year,2006-02-17,G_S06388,ADDR_S06388
S06389,Varenya Savant,varenya savant,INST-006,Undergraduate,4th Year,2003-06-02,G_S06389,ADDR_S06389
S06390,Nicholas Rao,nicholas rao,INST-060,Undergraduate,2th Year,2005-02-16,G_S06390,ADDR_S06390
S06391,Dayita Kapur,dayita kapur,INST-023,Undergraduate,2th Year,2004-06-12,G_S06391,ADDR_S06391
S06392,Meghana Deshpande,meghana deshpande,INST-049,Undergraduate,1th Year,2005-11-14,G_S06392,ADDR_S06392
S06393,Krisha Sani,krisha sani,INST-025,Undergraduate,4th Year,2005-01-02,G_S06393,ADDR_S06393
S06394,Harita Ben,harita ben,INST-012,Undergraduate,1th Year,2003-10-03,G_S06394,ADDR_S06394
S06395,Balhaar Choudhury,balhaar choudhury,INST-030,Undergraduate,4th Year,2008-11-16,G_S06395,ADDR_S06395
S06396,Harini Srinivasan,harini srinivasan,INST-014,Undergraduate,3th Year,2005-03-09,G_S06396,ADDR_S06396
S06397,Anay Wali,anay wali,INST-018,Undergraduate,3th Year,2003-10-01,G_S06397,ADDR_S06397
S06398,Harini Gade,harini gade,INST-048,Undergraduate,3th Year,2003-07-07,G_S06398,ADDR_S06398
S06399,Frederick Zachariah,frederick zachariah,INST-050,Undergraduate,1th Year,2005-10-21,G_S06399,ADDR_S06399
S06400,Bina Mani,bina mani,INST-058,Undergraduate,2th Year,2007-05-25,G_S06400,ADDR_S06400
S06401,Chaitaly Ramakrishnan,chaitaly ramakrishnan,INST-011,Undergraduate,4th Year,2004-04-19,G_S06401,ADDR_S06401
S06402,Yoshita Varughese,yoshita varughese,INST-038,Undergraduate,4th Year,2005-08-24,G_S06402,ADDR_S06402
S06403,Tanvi Prabhakar,tanvi prabhakar,INST-037,Undergraduate,2th Year,2003-01-14,G_S06403,ADDR_S06403
S06404,Onkar Prabhakar,onkar prabhakar,INST-014,Undergraduate,3th Year,2005-02-14,G_S06404,ADDR_S06404
S06405,Falguni Pall,falguni pall,INST-026,Undergraduate,4th Year,2007-02-04,G_S06405,ADDR_S06405
S06406,Zarna Choudhry,zarna choudhry,INST-046,Undergraduate,1th Year,2004-12-07,G_S06406,ADDR_S06406
S06407,Praneel Dhar,praneel dhar,INST-016,Undergraduate,4th Year,2008-03-23,G_S06407,ADDR_S06407
S06408,Ridhi Shere,ridhi shere,INST-046,Undergraduate,3th Year,2003-05-26,G_S06408,ADDR_S06408
S06409,Laksh Mistry,laksh mistry,INST-028,Undergraduate,2th Year,2003-09-21,G_S06409,ADDR_S06409
S06410,Siya Bumb,siya bumb,INST-011,Undergraduate,2th Year,2006-03-20,G_S06410,ADDR_S06410
S06411,Akshay Narasimhan,akshay narasimhan,INST-055,Undergraduate,4th Year,2004-03-23,G_S06411,ADDR_S06411
S06412,Adweta Narasimhan,adweta narasimhan,INST-017,Undergraduate,4th Year,2004-08-28,G_S06412,ADDR_S06412
S06413,Amaira Jhaveri,amaira jhaveri,INST-006,Undergraduate,2th Year,2007-08-27,G_S06413,ADDR_S06413
S06414,Watika Dutta,watika dutta,INST-001,Undergraduate,4th Year,2005-12-03,G_S06414,ADDR_S06414
S06415,Henry Butala,henry butala,INST-018,Undergraduate,1th Year,2006-12-11,G_S06415,ADDR_S06415
S06416,Teerth Balan,teerth balan,INST-016,Undergraduate,3th Year,2005-11-18,G_S06416,ADDR_S06416
S06417,Yadavi Om,yadavi om,INST-038,Undergraduate,4th Year,2006-06-26,G_S06417,ADDR_S06417
S06418,Ishaan Bumb,ishaan bumb,INST-051,Undergraduate,3th Year,2008-08-01,G_S06418,ADDR_S06418
S06419,Vyanjana Yohannan,vyanjana yohannan,INST-046,Undergraduate,2th Year,2003-05-07,G_S06419,ADDR_S06419
S06420,Anvi Nayar,anvi nayar,INST-056,Undergraduate,4th Year,2004-05-17,G_S06420,ADDR_S06420
S06421,Arin Ganesan,arin ganesan,INST-023,Undergraduate,2th Year,2003-06-25,G_S06421,ADDR_S06421
S06422,Sai Sidhu,sai sidhu,INST-056,Undergraduate,1th Year,2007-03-01,G_S06422,ADDR_S06422
S06423,Kamala Mutti,kamala mutti,INST-039,Undergraduate,2th Year,2005-03-21,G_S06423,ADDR_S06423
S06424,Pavani Sampath,pavani sampath,INST-013,Undergraduate,3th Year,2006-10-03,G_S06424,ADDR_S06424
S06425,Timothy Prakash,timothy prakash,INST-050,Undergraduate,1th Year,2004-06-03,G_S06425,ADDR_S06425
S06426,Dhriti Thaman,dhriti thaman,INST-039,Undergraduate,2th Year,2005-08-19,G_S06426,ADDR_S06426
S06427,Ucchal Arora,ucchal arora,INST-016,Undergraduate,3th Year,2004-03-14,G_S06427,ADDR_S06427
S06428,Robert Date,robert date,INST-011,Undergraduate,1th Year,2008-08-16,G_S06428,ADDR_S06428
S06429,Anmol Dara,anmol dara,INST-050,Undergraduate,1th Year,2006-09-11,G_S06429,ADDR_S06429
S06430,Wridesh  Buch,wridesh buch,INST-036,Undergraduate,2th Year,2008-01-18,G_S06430,ADDR_S06430
S06431,Yuvraj Walia,yuvraj walia,INST-012,Undergraduate,1th Year,2003-10-19,G_S06431,ADDR_S06431
S06432,Urvi Mohanty,urvi mohanty,INST-059,Undergraduate,4th Year,2003-06-19,G_S06432,ADDR_S06432
S06433,Divya Palla,divya palla,INST-059,Undergraduate,3th Year,2007-11-26,G_S06433,ADDR_S06433
S06434,Yagnesh Sandhu,yagnesh sandhu,INST-039,Undergraduate,3th Year,2007-12-07,G_S06434,ADDR_S06434
S06435,Daniel Wali,daniel wali,INST-060,Undergraduate,4th Year,2003-06-10,G_S06435,ADDR_S06435
S06436,Harrison Thakkar,harrison thakkar,INST-060,Undergraduate,3th Year,2006-02-26,G_S06436,ADDR_S06436
S06437,Brijesh Mander,brijesh mander,INST-042,Undergraduate,1th Year,2008-11-23,G_S06437,ADDR_S06437
S06438,Darsh Deshmukh,darsh deshmukh,INST-015,Undergraduate,2th Year,2005-10-05,G_S06438,ADDR_S06438
S06439,Simon Shenoy,simon shenoy,INST-001,Undergraduate,4th Year,2006-04-27,G_S06439,ADDR_S06439
S06440,Nandini Boase,nandini boase,INST-004,Undergraduate,1th Year,2005-05-05,G_S06440,ADDR_S06440
S06441,Watika Jha,watika jha,INST-040,Undergraduate,2th Year,2008-12-13,G_S06441,ADDR_S06441
S06442,Neelima Dey,neelima dey,INST-014,Undergraduate,4th Year,2006-05-18,G_S06442,ADDR_S06442
S06443,Farhan Kalla,farhan kalla,INST-051,Undergraduate,1th Year,2008-02-19,G_S06443,ADDR_S06443
S06444,Yashodhara Rattan,yashodhara rattan,INST-001,Undergraduate,2th Year,2004-05-27,G_S06444,ADDR_S06444
S06445,Shaurya Pandit,shaurya pandit,INST-050,Undergraduate,3th Year,2003-11-17,G_S06445,ADDR_S06445
S06446,Darpan Amble,darpan amble,INST-032,Undergraduate,3th Year,2005-02-15,G_S06446,ADDR_S06446
S06447,Ekanta Sani,ekanta sani,INST-016,Undergraduate,2th Year,2005-06-20,G_S06447,ADDR_S06447
S06448,Jeevika Manne,jeevika manne,INST-014,Undergraduate,3th Year,2003-09-02,G_S06448,ADDR_S06448
S06449,Yatin Chadha,yatin chadha,INST-021,Undergraduate,2th Year,2004-04-03,G_S06449,ADDR_S06449
S06450,Libni Prashad,libni prashad,INST-025,Undergraduate,2th Year,2008-01-15,G_S06450,ADDR_S06450
S06451,Vinaya Grewal,vinaya grewal,INST-037,Undergraduate,1th Year,2007-02-02,G_S06451,ADDR_S06451
S06452,Idika D’Alia,idika d’alia,INST-007,Undergraduate,4th Year,2005-02-01,G_S06452,ADDR_S06452
S06453,Ladli Mannan,ladli mannan,INST-022,Undergraduate,3th Year,2008-06-23,G_S06453,ADDR_S06453
S06454,Maya Basak,maya basak,INST-024,Undergraduate,3th Year,2005-10-08,G_S06454,ADDR_S06454
S06455,Yashoda Khatri,yashoda khatri,INST-010,Undergraduate,1th Year,2006-11-26,G_S06455,ADDR_S06455
S06456,Vedika Gopal,vedika gopal,INST-046,Undergraduate,1th Year,2003-10-15,G_S06456,ADDR_S06456
S06457,Ayaan Dutt,ayaan dutt,INST-050,Undergraduate,2th Year,2008-03-11,G_S06457,ADDR_S06457
S06458,Kritika Rout,kritika rout,INST-042,Undergraduate,1th Year,2004-12-15,G_S06458,ADDR_S06458
S06459,Hemal Krish,hemal krish,INST-055,Undergraduate,3th Year,2005-03-09,G_S06459,ADDR_S06459
S06460,Peter Verma,peter verma,INST-051,Undergraduate,3th Year,2008-03-26,G_S06460,ADDR_S06460
S06461,Krishna Kumer,krishna kumer,INST-006,Undergraduate,3th Year,2006-10-22,G_S06461,ADDR_S06461
S06462,Ekapad Sachar,ekapad sachar,INST-037,Undergraduate,1th Year,2008-12-09,G_S06462,ADDR_S06462
S06463,Bakhshi Cheema,bakhshi cheema,INST-060,Undergraduate,3th Year,2004-02-14,G_S06463,ADDR_S06463
S06464,Ekiya Jayaraman,ekiya jayaraman,INST-052,Undergraduate,1th Year,2006-07-13,G_S06464,ADDR_S06464
S06465,Chandani Rout,chandani rout,INST-055,Undergraduate,2th Year,2003-06-16,G_S06465,ADDR_S06465
S06466,Brijesh  Prakash,brijesh prakash,INST-023,Undergraduate,1th Year,2004-05-12,G_S06466,ADDR_S06466
S06467,Baljiwan Gulati,baljiwan gulati,INST-015,Undergraduate,4th Year,2008-09-02,G_S06467,ADDR_S06467
S06468,Krishna Swaminathan,krishna swaminathan,INST-030,Undergraduate,4th Year,2006-03-07,G_S06468,ADDR_S06468
S06469,Abhiram Lalla,abhiram lalla,INST-001,Undergraduate,2th Year,2006-06-11,G_S06469,ADDR_S06469
S06470,Vidhi Saini,vidhi saini,INST-028,Undergraduate,3th Year,2008-05-05,G_S06470,ADDR_S06470
S06471,Pahal Desai,pahal desai,INST-054,Undergraduate,2th Year,2008-11-02,G_S06471,ADDR_S06471
S06472,Adya Lad,adya lad,INST-044,Undergraduate,3th Year,2008-07-16,G_S06472,ADDR_S06472
S06473,Sudiksha D’Alia,sudiksha d’alia,INST-060,Undergraduate,3th Year,2006-05-23,G_S06473,ADDR_S06473
S06474,Edhitha Kakar,edhitha kakar,INST-012,Undergraduate,3th Year,2004-11-04,G_S06474,ADDR_S06474
S06475,Nisha Basu,nisha basu,INST-060,Undergraduate,1th Year,2005-03-27,G_S06475,ADDR_S06475
S06476,Warhi Ratti,warhi ratti,INST-034,Undergraduate,1th Year,2006-07-07,G_S06476,ADDR_S06476
S06477,Aarush Ghose,aarush ghose,INST-009,Undergraduate,1th Year,2006-01-04,G_S06477,ADDR_S06477
S06478,Yashasvi Yadav,yashasvi yadav,INST-053,Undergraduate,4th Year,2005-11-03,G_S06478,ADDR_S06478
S06479,Yashodhara Sha,yashodhara sha,INST-007,Undergraduate,2th Year,2005-01-28,G_S06479,ADDR_S06479
S06480,Ekaja Panchal,ekaja panchal,INST-005,Undergraduate,3th Year,2008-12-11,G_S06480,ADDR_S06480
S06481,Warjas Narasimhan,warjas narasimhan,INST-048,Undergraduate,2th Year,2005-04-14,G_S06481,ADDR_S06481
S06482,Laban Swaminathan,laban swaminathan,INST-048,Undergraduate,2th Year,2005-06-23,G_S06482,ADDR_S06482
S06483,Sudiksha Lata,sudiksha lata,INST-029,Undergraduate,2th Year,2004-01-02,G_S06483,ADDR_S06483
S06484,Ansh Sandal,ansh sandal,INST-009,Undergraduate,1th Year,2006-07-10,G_S06484,ADDR_S06484
S06485,Hitesh Rajagopal,hitesh rajagopal,INST-055,Undergraduate,4th Year,2008-12-06,G_S06485,ADDR_S06485
S06486,Bakhshi Jain,bakhshi jain,INST-040,Undergraduate,1th Year,2007-11-19,G_S06486,ADDR_S06486
S06487,Sathvik Thakur,sathvik thakur,INST-028,Undergraduate,1th Year,2008-02-16,G_S06487,ADDR_S06487
S06488,Yashica Tak,yashica tak,INST-003,Undergraduate,1th Year,2008-05-13,G_S06488,ADDR_S06488
S06489,Upma Savant,upma savant,INST-060,Undergraduate,4th Year,2007-07-23,G_S06489,ADDR_S06489
S06490,Yauvani Kapadia,yauvani kapadia,INST-054,Undergraduate,2th Year,2006-11-21,G_S06490,ADDR_S06490
S06491,Tanish Ravel,tanish ravel,INST-050,Undergraduate,1th Year,2004-06-26,G_S06491,ADDR_S06491
S06492,Vaishnavi Sengupta,vaishnavi sengupta,INST-035,Undergraduate,4th Year,2006-10-27,G_S06492,ADDR_S06492
S06493,Zayan Chandra,zayan chandra,INST-051,Undergraduate,2th Year,2007-10-04,G_S06493,ADDR_S06493
S06494,Abhiram Arora,abhiram arora,INST-011,Undergraduate,2th Year,2005-08-09,G_S06494,ADDR_S06494
S06495,Ikshita Hans,ikshita hans,INST-047,Undergraduate,1th Year,2007-03-05,G_S06495,ADDR_S06495
S06496,Arin Grewal,arin grewal,INST-041,Undergraduate,3th Year,2005-08-26,G_S06496,ADDR_S06496
S06497,Meghana Deol,meghana deol,INST-023,Undergraduate,3th Year,2005-06-03,G_S06497,ADDR_S06497
S06498,Aishani Ganesan,aishani ganesan,INST-024,Undergraduate,1th Year,2005-03-13,G_S06498,ADDR_S06498
S06499,Adweta Bir,adweta bir,INST-013,Undergraduate,2th Year,2006-07-26,G_S06499,ADDR_S06499
S06500,Viraj Chada,viraj chada,INST-009,Undergraduate,3th Year,2005-05-12,G_S06500,ADDR_S06500
S06501,Ishani Seshadri,ishani seshadri,INST-050,Undergraduate,1th Year,2006-08-15,G_S06501,ADDR_S06501
S06502,Krish Amble,krish amble,INST-016,Undergraduate,2th Year,2005-07-18,G_S06502,ADDR_S06502
S06503,Ati Bhatti,ati bhatti,INST-022,Undergraduate,2th Year,2007-03-17,G_S06503,ADDR_S06503
S06504,Daksh Talwar,daksh talwar,INST-047,Undergraduate,3th Year,2003-08-08,G_S06504,ADDR_S06504
S06505,Harish Kale,harish kale,INST-021,Undergraduate,1th Year,2005-02-22,G_S06505,ADDR_S06505
S06506,Anika Prabhu,anika prabhu,INST-033,Undergraduate,4th Year,2004-02-16,G_S06506,ADDR_S06506
S06507,Faqid Bhargava,faqid bhargava,INST-057,Undergraduate,1th Year,2005-05-28,G_S06507,ADDR_S06507
S06508,Dayamai Chaudhary,dayamai chaudhary,INST-055,Undergraduate,4th Year,2005-04-21,G_S06508,ADDR_S06508
S06509,Maanas Malhotra,maanas malhotra,INST-048,Undergraduate,3th Year,2005-01-03,G_S06509,ADDR_S06509
S06510,Ayaan Soman,ayaan soman,INST-040,Undergraduate,3th Year,2007-02-07,G_S06510,ADDR_S06510
S06511,Madhavi Kumer,madhavi kumer,INST-057,Undergraduate,2th Year,2003-10-23,G_S06511,ADDR_S06511
S06512,Samarth Goswami,samarth goswami,INST-011,Undergraduate,4th Year,2006-07-26,G_S06512,ADDR_S06512
S06513,Kashvi Brar,kashvi brar,INST-059,Undergraduate,2th Year,2007-03-13,G_S06513,ADDR_S06513
S06514,Chanchal Dhawan,chanchal dhawan,INST-044,Undergraduate,1th Year,2007-11-16,G_S06514,ADDR_S06514
S06515,Bimala Atwal,bimala atwal,INST-019,Undergraduate,3th Year,2007-01-24,G_S06515,ADDR_S06515
S06516,Tanish Gera,tanish gera,INST-022,Undergraduate,1th Year,2004-06-08,G_S06516,ADDR_S06516
S06517,Harish Chokshi,harish chokshi,INST-025,Undergraduate,4th Year,2008-06-14,G_S06517,ADDR_S06517
S06518,Balendra Hans,balendra hans,INST-006,Undergraduate,2th Year,2004-02-03,G_S06518,ADDR_S06518
S06519,Lavanya Vora,lavanya vora,INST-049,Undergraduate,3th Year,2005-04-06,G_S06519,ADDR_S06519
S06520,Hardik Raj,hardik raj,INST-023,Undergraduate,2th Year,2006-10-10,G_S06520,ADDR_S06520
S06521,Chandresh Soman,chandresh soman,INST-034,Undergraduate,2th Year,2007-09-10,G_S06521,ADDR_S06521
S06522,Manthan Rastogi,manthan rastogi,INST-038,Undergraduate,4th Year,2006-09-19,G_S06522,ADDR_S06522
S06523,Omkaar Bhalla,omkaar bhalla,INST-041,Undergraduate,2th Year,2007-06-10,G_S06523,ADDR_S06523
S06524,Bakhshi Balay,bakhshi balay,INST-043,Undergraduate,4th Year,2003-05-28,G_S06524,ADDR_S06524
S06525,Warjas Raman,warjas raman,INST-002,Undergraduate,2th Year,2003-01-28,G_S06525,ADDR_S06525
S06526,Krishna Boase,krishna boase,INST-040,Undergraduate,1th Year,2006-10-20,G_S06526,ADDR_S06526
S06527,Ronith Rout,ronith rout,INST-033,Undergraduate,1th Year,2005-10-01,G_S06527,ADDR_S06527
S06528,Advaith Nori,advaith nori,INST-019,Undergraduate,4th Year,2007-05-21,G_S06528,ADDR_S06528
S06529,Vamakshi Munshi,vamakshi munshi,INST-032,Undergraduate,4th Year,2006-10-25,G_S06529,ADDR_S06529
S06530,Darpan Char,darpan char,INST-026,Undergraduate,2th Year,2004-10-04,G_S06530,ADDR_S06530
S06531,Yagnesh Deshpande,yagnesh deshpande,INST-038,Undergraduate,3th Year,2008-01-10,G_S06531,ADDR_S06531
S06532,Advik Bal,advik bal,INST-050,Undergraduate,3th Year,2006-11-20,G_S06532,ADDR_S06532
S06533,Tarak Shenoy,tarak shenoy,INST-042,Undergraduate,3th Year,2004-08-13,G_S06533,ADDR_S06533
S06534,Ranveer Banerjee,ranveer banerjee,INST-022,Undergraduate,4th Year,2005-07-24,G_S06534,ADDR_S06534
S06535,Onveer Dyal,onveer dyal,INST-014,Undergraduate,1th Year,2008-12-04,G_S06535,ADDR_S06535
S06536,Ikbal Jayaraman,ikbal jayaraman,INST-052,Undergraduate,3th Year,2003-08-04,G_S06536,ADDR_S06536
S06537,Benjamin Upadhyay,benjamin upadhyay,INST-036,Undergraduate,2th Year,2004-06-03,G_S06537,ADDR_S06537
S06538,Faqid  Ramakrishnan,faqid ramakrishnan,INST-052,Undergraduate,2th Year,2008-02-26,G_S06538,ADDR_S06538
S06539,Lucky Grewal,lucky grewal,INST-004,Undergraduate,1th Year,2008-08-26,G_S06539,ADDR_S06539
S06540,Aryan Kulkarni,aryan kulkarni,INST-006,Undergraduate,4th Year,2007-07-04,G_S06540,ADDR_S06540
S06541,Ati Reddy,ati reddy,INST-033,Undergraduate,3th Year,2008-09-05,G_S06541,ADDR_S06541
S06542,Warhi Choudhry,warhi choudhry,INST-002,Undergraduate,2th Year,2006-09-21,G_S06542,ADDR_S06542
S06543,Ekapad Som,ekapad som,INST-013,Undergraduate,2th Year,2008-05-22,G_S06543,ADDR_S06543
S06544,Suhani Kunda,suhani kunda,INST-057,Undergraduate,3th Year,2008-05-13,G_S06544,ADDR_S06544
S06545,Yash Ray,yash ray,INST-001,Undergraduate,2th Year,2004-04-23,G_S06545,ADDR_S06545
S06546,Maanav Kar,maanav kar,INST-033,Undergraduate,2th Year,2004-05-25,G_S06546,ADDR_S06546
S06547,Chaaya Deep,chaaya deep,INST-029,Undergraduate,1th Year,2008-04-17,G_S06547,ADDR_S06547
S06548,Jalsa Dhawan,jalsa dhawan,INST-039,Undergraduate,2th Year,2007-05-09,G_S06548,ADDR_S06548
S06549,Mekhala Aurora,mekhala aurora,INST-027,Undergraduate,3th Year,2007-05-04,G_S06549,ADDR_S06549
S06550,Hema Golla,hema golla,INST-017,Undergraduate,3th Year,2003-06-08,G_S06550,ADDR_S06550
S06551,Anamika Butala,anamika butala,INST-041,Undergraduate,2th Year,2004-11-17,G_S06551,ADDR_S06551
S06552,Anay  Magar,anay magar,INST-039,Undergraduate,1th Year,2006-11-16,G_S06552,ADDR_S06552
S06553,Sanaya Som,sanaya som,INST-028,Undergraduate,2th Year,2004-03-06,G_S06553,ADDR_S06553
S06554,Keya Bajaj,keya bajaj,INST-026,Undergraduate,2th Year,2005-09-27,G_S06554,ADDR_S06554
S06555,Qadim Salvi,qadim salvi,INST-032,Undergraduate,1th Year,2006-01-17,G_S06555,ADDR_S06555
S06556,Diya Chandra,diya chandra,INST-043,Undergraduate,3th Year,2007-11-06,G_S06556,ADDR_S06556
S06557,Kalpit Singhal,kalpit singhal,INST-033,Undergraduate,1th Year,2007-10-19,G_S06557,ADDR_S06557
S06558,Farhan Shroff,farhan shroff,INST-007,Undergraduate,2th Year,2004-02-08,G_S06558,ADDR_S06558
S06559,Arjun Desai,arjun desai,INST-045,Undergraduate,1th Year,2005-06-22,G_S06559,ADDR_S06559
S06560,Hemani Parmer,hemani parmer,INST-010,Undergraduate,1th Year,2005-09-20,G_S06560,ADDR_S06560
S06561,Isaac Raja,isaac raja,INST-011,Undergraduate,2th Year,2003-04-16,G_S06561,ADDR_S06561
S06562,Karan Cherian,karan cherian,INST-034,Undergraduate,4th Year,2005-04-05,G_S06562,ADDR_S06562
S06563,Indrajit Nagarajan,indrajit nagarajan,INST-054,Undergraduate,4th Year,2004-07-24,G_S06563,ADDR_S06563
S06564,Onkar Sani,onkar sani,INST-033,Undergraduate,4th Year,2006-02-24,G_S06564,ADDR_S06564
S06565,Bhavika Wason,bhavika wason,INST-015,Undergraduate,4th Year,2007-01-06,G_S06565,ADDR_S06565
S06566,Aadhya Srinivas,aadhya srinivas,INST-004,Undergraduate,3th Year,2008-08-13,G_S06566,ADDR_S06566
S06567,Yoshita Sama,yoshita sama,INST-048,Undergraduate,4th Year,2007-11-13,G_S06567,ADDR_S06567
S06568,Tanish Sheth,tanish sheth,INST-037,Undergraduate,2th Year,2004-05-22,G_S06568,ADDR_S06568
S06569,Daniel Andra,daniel andra,INST-056,Undergraduate,2th Year,2003-02-16,G_S06569,ADDR_S06569
S06570,Devika Shan,devika shan,INST-021,Undergraduate,4th Year,2006-08-28,G_S06570,ADDR_S06570
S06571,Arjun Vaidya,arjun vaidya,INST-003,Undergraduate,3th Year,2008-10-26,G_S06571,ADDR_S06571
S06572,Raksha Chakrabarti,raksha chakrabarti,INST-032,Undergraduate,4th Year,2006-11-16,G_S06572,ADDR_S06572
S06573,Bachittar Swaminathan,bachittar swaminathan,INST-052,Undergraduate,2th Year,2004-11-22,G_S06573,ADDR_S06573
S06574,Kalpit Chada,kalpit chada,INST-015,Undergraduate,4th Year,2003-06-23,G_S06574,ADDR_S06574
S06575,Charita Bassi,charita bassi,INST-013,Undergraduate,1th Year,2004-06-09,G_S06575,ADDR_S06575
S06576,Netra Wadhwa,netra wadhwa,INST-015,Undergraduate,3th Year,2008-01-26,G_S06576,ADDR_S06576
S06577,Maya Datta,maya datta,INST-059,Undergraduate,3th Year,2007-10-15,G_S06577,ADDR_S06577
S06578,Eshana Karpe,eshana karpe,INST-009,Undergraduate,1th Year,2007-10-05,G_S06578,ADDR_S06578
S06579,Amruta Uppal,amruta uppal,INST-056,Undergraduate,1th Year,2005-07-27,G_S06579,ADDR_S06579
S06580,Anamika Sen,anamika sen,INST-059,Undergraduate,2th Year,2007-02-28,G_S06580,ADDR_S06580
S06581,Yamini Dugar,yamini dugar,INST-049,Undergraduate,4th Year,2008-10-18,G_S06581,ADDR_S06581
S06582,Udarsh Wable,udarsh wable,INST-018,Undergraduate,1th Year,2007-06-03,G_S06582,ADDR_S06582
S06583,Eiravati Mahal,eiravati mahal,INST-011,Undergraduate,4th Year,2004-01-24,G_S06583,ADDR_S06583
S06584,Rachit Divan,rachit divan,INST-009,Undergraduate,3th Year,2004-04-01,G_S06584,ADDR_S06584
S06585,Om Bhatti,om bhatti,INST-060,Undergraduate,2th Year,2003-11-12,G_S06585,ADDR_S06585
S06586,Ryan Swamy,ryan swamy,INST-056,Undergraduate,3th Year,2004-05-03,G_S06586,ADDR_S06586
S06587,Akshay Parmer,akshay parmer,INST-027,Undergraduate,4th Year,2004-08-15,G_S06587,ADDR_S06587
S06588,Aarav Joshi,aarav joshi,INST-027,Undergraduate,2th Year,2008-05-13,G_S06588,ADDR_S06588
S06589,Aarnav Bhat,aarnav bhat,INST-049,Undergraduate,3th Year,2008-11-18,G_S06589,ADDR_S06589
S06590,Andrew Venkataraman,andrew venkataraman,INST-045,Undergraduate,4th Year,2004-10-05,G_S06590,ADDR_S06590
S06591,Yuvraj Manne,yuvraj manne,INST-013,Undergraduate,1th Year,2007-02-03,G_S06591,ADDR_S06591
S06592,Sudiksha Khatri,sudiksha khatri,INST-055,Undergraduate,2th Year,2003-09-27,G_S06592,ADDR_S06592
S06593,Aayush Aggarwal,aayush aggarwal,INST-017,Undergraduate,1th Year,2004-03-06,G_S06593,ADDR_S06593
S06594,Jairaj Krishnan,jairaj krishnan,INST-013,Undergraduate,2th Year,2004-08-28,G_S06594,ADDR_S06594
S06595,Nidra Agate,nidra agate,INST-045,Undergraduate,4th Year,2004-08-17,G_S06595,ADDR_S06595
S06596,George Rajagopalan,george rajagopalan,INST-052,Undergraduate,4th Year,2003-08-10,G_S06596,ADDR_S06596
S06597,Wahab Dewan,wahab dewan,INST-029,Undergraduate,1th Year,2008-07-04,G_S06597,ADDR_S06597
S06598,Saksham Shan,saksham shan,INST-035,Undergraduate,4th Year,2006-02-27,G_S06598,ADDR_S06598
S06599,Chaitanya Rama,chaitanya rama,INST-039,Undergraduate,4th Year,2007-01-20,G_S06599,ADDR_S06599
S06600,Gayathri Mital,gayathri mital,INST-012,Undergraduate,4th Year,2004-06-26,G_S06600,ADDR_S06600
S06601,Pavani Srinivasan,pavani srinivasan,INST-003,Undergraduate,3th Year,2008-02-20,G_S06601,ADDR_S06601
S06602,Lipika Konda,lipika konda,INST-052,Undergraduate,3th Year,2004-08-22,G_S06602,ADDR_S06602
S06603,Chandresh Bajaj,chandresh bajaj,INST-033,Undergraduate,3th Year,2008-03-02,G_S06603,ADDR_S06603
S06604,Theodore Krish,theodore krish,INST-037,Undergraduate,2th Year,2007-11-04,G_S06604,ADDR_S06604
S06605,Jagat Chatterjee,jagat chatterjee,INST-026,Undergraduate,2th Year,2003-04-04,G_S06605,ADDR_S06605
S06606,Sanaya Butala,sanaya butala,INST-040,Undergraduate,3th Year,2003-04-16,G_S06606,ADDR_S06606
S06607,Frederick Nadkarni,frederick nadkarni,INST-020,Undergraduate,1th Year,2007-05-27,G_S06607,ADDR_S06607
S06608,Kala  Lad,kala lad,INST-018,Undergraduate,4th Year,2005-04-26,G_S06608,ADDR_S06608
S06609,Yachana Dhaliwal,yachana dhaliwal,INST-017,Undergraduate,3th Year,2008-10-28,G_S06609,ADDR_S06609
S06610,Mason Badami,mason badami,INST-007,Undergraduate,4th Year,2005-03-18,G_S06610,ADDR_S06610
S06611,Abha Arora,abha arora,INST-057,Undergraduate,3th Year,2003-03-06,G_S06611,ADDR_S06611
S06612,Janani Jani,janani jani,INST-057,Undergraduate,2th Year,2005-05-10,G_S06612,ADDR_S06612
S06613,William Mall,william mall,INST-041,Undergraduate,3th Year,2007-03-11,G_S06613,ADDR_S06613
S06614,Nirja Balan,nirja balan,INST-010,Undergraduate,4th Year,2006-11-16,G_S06614,ADDR_S06614
S06615,Ekanta Prashad,ekanta prashad,INST-021,Undergraduate,4th Year,2004-07-25,G_S06615,ADDR_S06615
S06616,Bhanumati Mahajan,bhanumati mahajan,INST-038,Undergraduate,2th Year,2006-12-05,G_S06616,ADDR_S06616
S06617,Rachana Sathe,rachana sathe,INST-035,Undergraduate,3th Year,2005-05-01,G_S06617,ADDR_S06617
S06618,Chatresh Chandran,chatresh chandran,INST-002,Undergraduate,3th Year,2007-05-03,G_S06618,ADDR_S06618
S06619,Lakshit Loke,lakshit loke,INST-035,Undergraduate,2th Year,2004-10-08,G_S06619,ADDR_S06619
S06620,Liam Zacharia,liam zacharia,INST-050,Undergraduate,4th Year,2004-07-20,G_S06620,ADDR_S06620
S06621,Yashica Doshi,yashica doshi,INST-017,Undergraduate,3th Year,2004-06-22,G_S06621,ADDR_S06621
S06622,Tristan Varghese,tristan varghese,INST-013,Undergraduate,2th Year,2006-02-02,G_S06622,ADDR_S06622
S06623,Bhavya Agarwal,bhavya agarwal,INST-060,Undergraduate,4th Year,2003-03-14,G_S06623,ADDR_S06623
S06624,Mahika Dhaliwal,mahika dhaliwal,INST-039,Undergraduate,3th Year,2005-09-27,G_S06624,ADDR_S06624
S06625,Hiral Tella,hiral tella,INST-043,Undergraduate,1th Year,2006-12-14,G_S06625,ADDR_S06625
S06626,Watika Lala,watika lala,INST-007,Undergraduate,4th Year,2005-11-10,G_S06626,ADDR_S06626
S06627,Laban Sibal,laban sibal,INST-006,Undergraduate,3th Year,2005-06-15,G_S06627,ADDR_S06627
S06628,JAGRATI HANS,jagrati hans,INST-050,Undergraduate,3th Year,2007-12-17,G_S06628,ADDR_S06628
S06629,Devika Dutta,devika dutta,INST-024,Undergraduate,2th Year,2006-12-12,G_S06629,ADDR_S06629
S06630,Hemangini Sha,hemangini sha,INST-021,Undergraduate,2th Year,2006-08-02,G_S06630,ADDR_S06630
S06631,Abhiram Menon,abhiram menon,INST-026,Undergraduate,3th Year,2004-08-26,G_S06631,ADDR_S06631
S06632,Nathaniel Chandra,nathaniel chandra,INST-021,Undergraduate,2th Year,2003-07-24,G_S06632,ADDR_S06632
S06633,Garima Chhabra,garima chhabra,INST-044,Undergraduate,2th Year,2004-08-11,G_S06633,ADDR_S06633
S06634,Omya Boase,omya boase,INST-013,Undergraduate,1th Year,2005-10-08,G_S06634,ADDR_S06634
S06635,Falak Pal,falak pal,INST-033,Undergraduate,2th Year,2008-01-26,G_S06635,ADDR_S06635
S06636,Bhavini Rao,bhavini rao,INST-017,Undergraduate,4th Year,2008-02-02,G_S06636,ADDR_S06636
S06637,Azad Bhat,azad bhat,INST-035,Undergraduate,4th Year,2006-07-28,G_S06637,ADDR_S06637
S06638,Oscar Kanda,oscar kanda,INST-033,Undergraduate,3th Year,2005-12-20,G_S06638,ADDR_S06638
S06639,Aishani Sandhu,aishani sandhu,INST-010,Undergraduate,1th Year,2004-12-20,G_S06639,ADDR_S06639
S06640,Arjun Bhagat,arjun bhagat,INST-049,Undergraduate,2th Year,2007-02-12,G_S06640,ADDR_S06640
S06641,Joshua Kibe,joshua kibe,INST-038,Undergraduate,4th Year,2006-12-13,G_S06641,ADDR_S06641
S06642,Tara Chadha,tara chadha,INST-039,Undergraduate,1th Year,2003-11-02,G_S06642,ADDR_S06642
S06643,Gaurav Gill,gaurav gill,INST-049,Undergraduate,3th Year,2007-07-09,G_S06643,ADDR_S06643
S06644,Joshua Sane,joshua sane,INST-001,Undergraduate,2th Year,2003-03-07,G_S06644,ADDR_S06644
S06645,Indali Chakraborty,indali chakraborty,INST-015,Undergraduate,4th Year,2005-02-21,G_S06645,ADDR_S06645
S06646,Ayushman Lalla,ayushman lalla,INST-020,Undergraduate,3th Year,2007-12-24,G_S06646,ADDR_S06646
S06647,Advay Tank,advay tank,INST-036,Undergraduate,4th Year,2008-04-21,G_S06647,ADDR_S06647
S06648,Radhika Nair,radhika nair,INST-011,Undergraduate,4th Year,2004-06-12,G_S06648,ADDR_S06648
S06649,Aarna Muni,aarna muni,INST-005,Undergraduate,3th Year,2008-10-23,G_S06649,ADDR_S06649
S06650,Chakradhar Mody,chakradhar mody,INST-057,Undergraduate,3th Year,2004-01-03,G_S06650,ADDR_S06650
S06651,Maanas Sarraf,maanas sarraf,INST-037,Undergraduate,3th Year,2005-06-22,G_S06651,ADDR_S06651
S06652,Theodore Mital,theodore mital,INST-010,Undergraduate,2th Year,2003-11-25,G_S06652,ADDR_S06652
S06653,Aryan Chhabra,aryan chhabra,INST-001,Undergraduate,4th Year,2003-05-05,G_S06653,ADDR_S06653
S06654,Gaurangi Khalsa,gaurangi khalsa,INST-001,Undergraduate,4th Year,2007-08-20,G_S06654,ADDR_S06654
S06655,Jasmit Tata,jasmit tata,INST-058,Undergraduate,3th Year,2004-06-22,G_S06655,ADDR_S06655
S06656,Dayamai Swamy,dayamai swamy,INST-010,Undergraduate,1th Year,2008-11-11,G_S06656,ADDR_S06656
S06657,Aashi Keer,aashi keer,INST-002,Undergraduate,2th Year,2007-04-23,G_S06657,ADDR_S06657
S06658,Oviya Chacko,oviya chacko,INST-001,Undergraduate,4th Year,2004-12-08,G_S06658,ADDR_S06658
S06659,Nimrat Warrior,nimrat warrior,INST-041,Undergraduate,1th Year,2006-06-21,G_S06659,ADDR_S06659
S06660,Nihal Nadkarni,nihal nadkarni,INST-002,Undergraduate,2th Year,2008-01-22,G_S06660,ADDR_S06660
S06661,Jonathan Shanker,jonathan shanker,INST-016,Undergraduate,4th Year,2008-05-07,G_S06661,ADDR_S06661
S06662,Meera Sethi,meera sethi,INST-026,Undergraduate,3th Year,2003-07-28,G_S06662,ADDR_S06662
S06663,Yashodhara Ramanathan,yashodhara ramanathan,INST-016,Undergraduate,1th Year,2005-07-09,G_S06663,ADDR_S06663
S06664,Lila Panchal,lila panchal,INST-002,Undergraduate,1th Year,2007-06-24,G_S06664,ADDR_S06664
S06665,Michael De,michael de,INST-011,Undergraduate,1th Year,2003-12-01,G_S06665,ADDR_S06665
S06666,Faraj Sathe,faraj sathe,INST-024,Undergraduate,1th Year,2007-10-26,G_S06666,ADDR_S06666
S06667,Riya Uppal,riya uppal,INST-054,Undergraduate,4th Year,2006-09-10,G_S06667,ADDR_S06667
S06668,Chaaya Solanki,chaaya solanki,INST-034,Undergraduate,2th Year,2005-03-28,G_S06668,ADDR_S06668
S06669,Faris Dutta,faris dutta,INST-030,Undergraduate,3th Year,2005-03-19,G_S06669,ADDR_S06669
S06670,Sarthak Pathak,sarthak pathak,INST-006,Undergraduate,2th Year,2005-03-23,G_S06670,ADDR_S06670
S06671,Balhaar Sachar,balhaar sachar,INST-009,Undergraduate,4th Year,2003-10-12,G_S06671,ADDR_S06671
S06672,Yashvi Mitter,yashvi mitter,INST-018,Undergraduate,4th Year,2003-12-10,G_S06672,ADDR_S06672
S06673,Charvi Dhingra,charvi dhingra,INST-030,Undergraduate,3th Year,2003-05-19,G_S06673,ADDR_S06673
S06674,Wahab Munshi,wahab munshi,INST-014,Undergraduate,2th Year,2003-08-11,G_S06674,ADDR_S06674
S06675,Shaurya Mohanty,shaurya mohanty,INST-030,Undergraduate,4th Year,2004-01-28,G_S06675,ADDR_S06675
S06676,Damyanti Saini,damyanti saini,INST-023,Undergraduate,4th Year,2006-06-10,G_S06676,ADDR_S06676
S06677,Michael Choudhry,michael choudhry,INST-041,Undergraduate,2th Year,2008-08-25,G_S06677,ADDR_S06677
S06678,Gabriel Nayar,gabriel nayar,INST-059,Undergraduate,3th Year,2008-03-19,G_S06678,ADDR_S06678
S06679,Zayyan Parekh,zayyan parekh,INST-027,Undergraduate,3th Year,2006-02-04,G_S06679,ADDR_S06679
S06680,Ishanvi Kunda,ishanvi kunda,INST-003,Undergraduate,1th Year,2007-09-13,G_S06680,ADDR_S06680
S06681,Anay Ratta,anay ratta,INST-036,Undergraduate,4th Year,2004-10-15,G_S06681,ADDR_S06681
S06682,Barkha Chakrabarti,barkha chakrabarti,INST-057,Undergraduate,2th Year,2008-02-12,G_S06682,ADDR_S06682
S06683,Harrison Tailor,harrison tailor,INST-017,Undergraduate,1th Year,2003-07-20,G_S06683,ADDR_S06683
S06684,Faris Wali,faris wali,INST-016,Undergraduate,2th Year,2006-09-26,G_S06684,ADDR_S06684
S06685,Ubika Krish,ubika krish,INST-006,Undergraduate,2th Year,2004-08-23,G_S06685,ADDR_S06685
S06686,Pushti Kaur,pushti kaur,INST-009,Undergraduate,3th Year,2007-03-04,G_S06686,ADDR_S06686
S06687,Umang Nazareth,umang nazareth,INST-013,Undergraduate,1th Year,2005-07-23,G_S06687,ADDR_S06687
S06688,Xiti Thakkar,xiti thakkar,INST-050,Undergraduate,1th Year,2008-11-09,G_S06688,ADDR_S06688
S06689,Dhruv Wable,dhruv wable,INST-034,Undergraduate,1th Year,2007-09-16,G_S06689,ADDR_S06689
S06690,ONI YADAV,oni yadav,INST-060,Undergraduate,2th Year,2003-09-04,G_S06690,ADDR_S06690
S06691,Nidhi Ravel,nidhi ravel,INST-058,Undergraduate,4th Year,2004-05-27,G_S06691,ADDR_S06691
S06692,Andrew Palan,andrew palan,INST-052,Undergraduate,3th Year,2008-01-15,G_S06692,ADDR_S06692
S06693,Harrison Bassi,harrison bassi,INST-036,Undergraduate,2th Year,2006-09-23,G_S06693,ADDR_S06693
S06694,Gavin Dyal,gavin dyal,INST-022,Undergraduate,3th Year,2007-11-01,G_S06694,ADDR_S06694
S06695,Deepa Hayre,deepa hayre,INST-029,Undergraduate,3th Year,2005-09-10,G_S06695,ADDR_S06695
S06696,Fitan Grewal,fitan grewal,INST-047,Undergraduate,1th Year,2004-02-18,G_S06696,ADDR_S06696
S06697,Ayushman Dani,ayushman dani,INST-009,Undergraduate,3th Year,2005-05-12,G_S06697,ADDR_S06697
S06698,Charan Mukhopadhyay,charan mukhopadhyay,INST-032,Undergraduate,2th Year,2003-12-27,G_S06698,ADDR_S06698
S06699,AAYUSH KHATRI,aayush khatri,INST-018,Undergraduate,1th Year,2008-11-17,G_S06699,ADDR_S06699
S06700,Lucky Chaudhry,lucky chaudhry,INST-047,Undergraduate,2th Year,2004-08-08,G_S06700,ADDR_S06700
S06701,Chatresh Bhardwaj,chatresh bhardwaj,INST-030,Undergraduate,2th Year,2004-03-11,G_S06701,ADDR_S06701
S06702,Nihal Bhatia,nihal bhatia,INST-012,Undergraduate,3th Year,2008-07-21,G_S06702,ADDR_S06702
S06703,Henry Sekhon,henry sekhon,INST-017,Undergraduate,1th Year,2005-09-16,G_S06703,ADDR_S06703
S06704,Faris Chakraborty,faris chakraborty,INST-012,Undergraduate,2th Year,2008-01-02,G_S06704,ADDR_S06704
S06705,Bachittar Arya,bachittar arya,INST-018,Undergraduate,2th Year,2008-09-16,G_S06705,ADDR_S06705
S06706,Chameli Soman,chameli soman,INST-050,Undergraduate,1th Year,2003-03-04,G_S06706,ADDR_S06706
S06707,Wridesh Chhabra,wridesh chhabra,INST-026,Undergraduate,2th Year,2006-06-17,G_S06707,ADDR_S06707
S06708,Hardik Shukla,hardik shukla,INST-031,Undergraduate,3th Year,2008-02-27,G_S06708,ADDR_S06708
S06709,Chakradev Cheema,chakradev cheema,INST-047,Undergraduate,4th Year,2006-04-16,G_S06709,ADDR_S06709
S06710,Nachiket Pant,nachiket pant,INST-010,Undergraduate,1th Year,2007-11-18,G_S06710,ADDR_S06710
S06711,Yashica Kuruvilla,yashica kuruvilla,INST-027,Undergraduate,1th Year,2007-02-04,G_S06711,ADDR_S06711
S06712,Bhavani Shukla,bhavani shukla,INST-012,Undergraduate,4th Year,2006-01-25,G_S06712,ADDR_S06712
S06713,Janya Andra,janya andra,INST-044,Undergraduate,3th Year,2008-05-16,G_S06713,ADDR_S06713
S06714,Faraj Jha,faraj jha,INST-060,Undergraduate,3th Year,2007-01-15,G_S06714,ADDR_S06714
S06715,Harini Kapoor,harini kapoor,INST-033,Undergraduate,2th Year,2004-05-22,G_S06715,ADDR_S06715
S06716,Noah Dar,noah dar,INST-007,Undergraduate,2th Year,2004-12-07,G_S06716,ADDR_S06716
S06717,Urmi Ganesan,urmi ganesan,INST-003,Undergraduate,3th Year,2008-07-03,G_S06717,ADDR_S06717
S06718,Aarush Sinha,aarush sinha,INST-015,Undergraduate,1th Year,2005-07-16,G_S06718,ADDR_S06718
S06719,Upadhriti Bhalla,upadhriti bhalla,INST-048,Undergraduate,2th Year,2007-02-26,G_S06719,ADDR_S06719
S06720,Upadhriti Choudhury,upadhriti choudhury,INST-049,Undergraduate,2th Year,2007-01-17,G_S06720,ADDR_S06720
S06721,Hitesh Sandhu,hitesh sandhu,INST-045,Undergraduate,3th Year,2006-09-14,G_S06721,ADDR_S06721
S06722,Yauvani Choudhry,yauvani choudhry,INST-001,Undergraduate,1th Year,2003-07-20,G_S06722,ADDR_S06722
S06723,Mohammed Dayal,mohammed dayal,INST-010,Undergraduate,1th Year,2007-12-25,G_S06723,ADDR_S06723
S06724,Leena Krishnamurthy,leena krishnamurthy,INST-047,Undergraduate,4th Year,2005-01-12,G_S06724,ADDR_S06724
S06725,Vritti Dara,vritti dara,INST-038,Undergraduate,3th Year,2008-02-28,G_S06725,ADDR_S06725
S06726,Vedhika Nigam,vedhika nigam,INST-006,Undergraduate,2th Year,2006-05-01,G_S06726,ADDR_S06726
S06727,Banjeet Sem,banjeet sem,INST-054,Undergraduate,2th Year,2008-08-01,G_S06727,ADDR_S06727
S06728,Hitesh Amble,hitesh amble,INST-023,Undergraduate,3th Year,2004-02-18,G_S06728,ADDR_S06728
S06729,Bhavini  Aurora,bhavini aurora,INST-038,Undergraduate,1th Year,2004-09-21,G_S06729,ADDR_S06729
S06730,Indira Shroff,indira shroff,INST-026,Undergraduate,3th Year,2003-09-03,G_S06730,ADDR_S06730
S06731,Alexander Gara,alexander gara,INST-054,Undergraduate,3th Year,2008-08-20,G_S06731,ADDR_S06731
S06732,Chaaya Hari,chaaya hari,INST-003,Undergraduate,2th Year,2008-11-17,G_S06732,ADDR_S06732
S06733,Tanay Rana,tanay rana,INST-033,Undergraduate,4th Year,2007-11-03,G_S06733,ADDR_S06733
S06734,Nicholas Dara,nicholas dara,INST-034,Undergraduate,2th Year,2003-03-08,G_S06734,ADDR_S06734
S06735,Baljiwan Rajagopalan,baljiwan rajagopalan,INST-039,Undergraduate,2th Year,2006-03-08,G_S06735,ADDR_S06735
S06736,Indira Shah,indira shah,INST-051,Undergraduate,1th Year,2003-04-28,G_S06736,ADDR_S06736
S06737,Mitali Sodhi,mitali sodhi,INST-021,Undergraduate,3th Year,2006-12-12,G_S06737,ADDR_S06737
S06738,Lopa Savant,lopa savant,INST-048,Undergraduate,4th Year,2005-07-04,G_S06738,ADDR_S06738
S06739,Dominic Sarkar,dominic sarkar,INST-052,Undergraduate,1th Year,2003-07-26,G_S06739,ADDR_S06739
S06740,Yatan Patla,yatan patla,INST-049,Undergraduate,4th Year,2007-10-11,G_S06740,ADDR_S06740
S06741,Gaurav Nagy,gaurav nagy,INST-050,Undergraduate,2th Year,2008-07-03,G_S06741,ADDR_S06741
S06742,Jack Ray,jack ray,INST-047,Undergraduate,4th Year,2003-11-12,G_S06742,ADDR_S06742
S06743,Maanav Rama,maanav rama,INST-054,Undergraduate,1th Year,2008-04-15,G_S06743,ADDR_S06743
S06744,Aayush Srinivasan,aayush srinivasan,INST-021,Undergraduate,1th Year,2006-05-13,G_S06744,ADDR_S06744
S06745,Teerth Hora,teerth hora,INST-054,Undergraduate,4th Year,2006-04-23,G_S06745,ADDR_S06745
S06746,Chakradhar Virk,chakradhar virk,INST-046,Undergraduate,1th Year,2004-10-05,G_S06746,ADDR_S06746
S06747,Naksh Manda,naksh manda,INST-004,Undergraduate,2th Year,2006-10-24,G_S06747,ADDR_S06747
S06748,Isaiah Yohannan,isaiah yohannan,INST-020,Undergraduate,2th Year,2006-12-02,G_S06748,ADDR_S06748
S06749,Laksh Mani,laksh mani,INST-022,Undergraduate,2th Year,2008-08-21,G_S06749,ADDR_S06749
S06750,Yahvi Bhatti,yahvi bhatti,INST-039,Undergraduate,2th Year,2007-03-01,G_S06750,ADDR_S06750
S06751,Arjun Anne,arjun anne,INST-048,Undergraduate,1th Year,2008-09-11,G_S06751,ADDR_S06751
S06752,Hredhaan Sandal,hredhaan sandal,INST-006,Undergraduate,2th Year,2007-03-07,G_S06752,ADDR_S06752
S06753,Alexander Mutti,alexander mutti,INST-040,Undergraduate,2th Year,2003-04-18,G_S06753,ADDR_S06753
S06754,Chakradhar Din,chakradhar din,INST-036,Undergraduate,2th Year,2006-12-15,G_S06754,ADDR_S06754
S06755,Jyoti Bobal,jyoti bobal,INST-004,Undergraduate,3th Year,2005-07-03,G_S06755,ADDR_S06755
S06756,Vamakshi Patla,vamakshi patla,INST-008,Undergraduate,4th Year,2008-10-20,G_S06756,ADDR_S06756
S06757,Bina Raval,bina raval,INST-016,Undergraduate,3th Year,2008-11-17,G_S06757,ADDR_S06757
S06758,Vihaan Narayan,vihaan narayan,INST-051,Undergraduate,1th Year,2003-08-06,G_S06758,ADDR_S06758
S06759,Dayita Chana,dayita chana,INST-057,Undergraduate,2th Year,2003-02-20,G_S06759,ADDR_S06759
S06760,Aarush Nanda,aarush nanda,INST-033,Undergraduate,3th Year,2005-05-05,G_S06760,ADDR_S06760
S06761,Jagat Majumdar,jagat majumdar,INST-018,Undergraduate,3th Year,2007-05-16,G_S06761,ADDR_S06761
S06762,Osha Lad,osha lad,INST-038,Undergraduate,2th Year,2003-01-20,G_S06762,ADDR_S06762
S06763,Vritti Tiwari,vritti tiwari,INST-039,Undergraduate,4th Year,2007-12-26,G_S06763,ADDR_S06763
S06764,Jason Nagarajan,jason nagarajan,INST-002,Undergraduate,3th Year,2004-06-02,G_S06764,ADDR_S06764
S06765,Yatin Nazareth,yatin nazareth,INST-059,Undergraduate,3th Year,2005-02-18,G_S06765,ADDR_S06765
S06766,Indrajit Devan,indrajit devan,INST-059,Undergraduate,4th Year,2003-12-16,G_S06766,ADDR_S06766
S06767,Saumya Tailor,saumya tailor,INST-012,Undergraduate,3th Year,2004-10-16,G_S06767,ADDR_S06767
S06768,Guneet Desai,guneet desai,INST-006,Undergraduate,1th Year,2008-01-17,G_S06768,ADDR_S06768
S06769,Kashish Tank,kashish tank,INST-041,Undergraduate,1th Year,2006-07-18,G_S06769,ADDR_S06769
S06770,Harita Pathak,harita pathak,INST-010,Undergraduate,1th Year,2003-05-20,G_S06770,ADDR_S06770
S06771,Mohammed Puri,mohammed puri,INST-018,Undergraduate,3th Year,2008-11-19,G_S06771,ADDR_S06771
S06772,Triya Dyal,triya dyal,INST-059,Undergraduate,2th Year,2003-05-16,G_S06772,ADDR_S06772
S06773,Leela Bahl,leela bahl,INST-036,Undergraduate,4th Year,2004-03-06,G_S06773,ADDR_S06773
S06774,Chakrika Master,chakrika master,INST-015,Undergraduate,2th Year,2005-09-21,G_S06774,ADDR_S06774
S06775,Kala Mammen,kala mammen,INST-031,Undergraduate,2th Year,2005-09-05,G_S06775,ADDR_S06775
S06776,Turvi Sidhu,turvi sidhu,INST-030,Undergraduate,1th Year,2008-06-16,G_S06776,ADDR_S06776
S06777,Balhaar Parmar,balhaar parmar,INST-056,Undergraduate,1th Year,2005-02-13,G_S06777,ADDR_S06777
S06778,Riya Chaudry,riya chaudry,INST-018,Undergraduate,3th Year,2007-02-23,G_S06778,ADDR_S06778
S06779,Triveni Jani,triveni jani,INST-053,Undergraduate,4th Year,2008-05-24,G_S06779,ADDR_S06779
S06780,Xiti Sheth,xiti sheth,INST-053,Undergraduate,1th Year,2008-11-27,G_S06780,ADDR_S06780
S06781,Janaki Rajagopalan,janaki rajagopalan,INST-024,Undergraduate,4th Year,2004-10-05,G_S06781,ADDR_S06781
S06782,Vasana Wali,vasana wali,INST-039,Undergraduate,1th Year,2007-11-28,G_S06782,ADDR_S06782
S06783,Vasana Bhat,vasana bhat,INST-013,Undergraduate,2th Year,2008-09-13,G_S06783,ADDR_S06783
S06784,Guneet Sur,guneet sur,INST-022,Undergraduate,2th Year,2004-01-21,G_S06784,ADDR_S06784
S06785,Damyanti Kari,damyanti kari,INST-046,Undergraduate,2th Year,2006-10-12,G_S06785,ADDR_S06785
S06786,Quincy Sathe,quincy sathe,INST-048,Undergraduate,3th Year,2003-09-07,G_S06786,ADDR_S06786
S06787,Elijah Mitra,elijah mitra,INST-008,Undergraduate,4th Year,2007-09-08,G_S06787,ADDR_S06787
S06788,Tripti Golla,tripti golla,INST-029,Undergraduate,4th Year,2008-01-04,G_S06788,ADDR_S06788
S06789,Chandresh Edwin,chandresh edwin,INST-055,Undergraduate,4th Year,2004-03-04,G_S06789,ADDR_S06789
S06790,Gaurangi Lad,gaurangi lad,INST-016,Undergraduate,4th Year,2005-04-04,G_S06790,ADDR_S06790
S06791,Neha Divan,neha divan,INST-060,Undergraduate,2th Year,2005-01-21,G_S06791,ADDR_S06791
S06792,Quincy Varty,quincy varty,INST-037,Undergraduate,3th Year,2007-02-18,G_S06792,ADDR_S06792
S06793,Chakradev Sen,chakradev sen,INST-012,Undergraduate,1th Year,2008-09-19,G_S06793,ADDR_S06793
S06794,Priya Krishna,priya krishna,INST-034,Undergraduate,2th Year,2005-02-21,G_S06794,ADDR_S06794
S06795,Advaith Sehgal,advaith sehgal,INST-020,Undergraduate,3th Year,2003-07-24,G_S06795,ADDR_S06795
S06796,Samuel Dhawan,samuel dhawan,INST-042,Undergraduate,4th Year,2008-10-14,G_S06796,ADDR_S06796
S06797,EKANSH JHAVERI,ekansh jhaveri,INST-006,Undergraduate,3th Year,2005-12-07,G_S06797,ADDR_S06797
S06798,Sathvik Rattan,sathvik rattan,INST-017,Undergraduate,1th Year,2005-10-18,G_S06798,ADDR_S06798
S06799,Omisha Devi,omisha devi,INST-034,Undergraduate,4th Year,2004-02-09,G_S06799,ADDR_S06799
S06800,Jeremiah Kamdar,jeremiah kamdar,INST-015,Undergraduate,1th Year,2008-01-08,G_S06800,ADDR_S06800
S06801,Yamini Soman,yamini soman,INST-001,Undergraduate,4th Year,2004-02-28,G_S06801,ADDR_S06801
S06802,Niharika Balan,niharika balan,INST-048,Undergraduate,1th Year,2005-04-10,G_S06802,ADDR_S06802
S06803,Zansi Virk,zansi virk,INST-002,Undergraduate,1th Year,2006-02-08,G_S06803,ADDR_S06803
S06804,Vivaan Goda,vivaan goda,INST-021,Undergraduate,1th Year,2006-04-26,G_S06804,ADDR_S06804
S06805,Gaurika Prabhakar,gaurika prabhakar,INST-025,Undergraduate,3th Year,2006-09-27,G_S06805,ADDR_S06805
S06806,Aashi Ahuja,aashi ahuja,INST-004,Undergraduate,2th Year,2007-04-25,G_S06806,ADDR_S06806
S06807,Atharv Vohra,atharv vohra,INST-040,Undergraduate,3th Year,2003-03-13,G_S06807,ADDR_S06807
S06808,Urvi Iyengar,urvi iyengar,INST-017,Undergraduate,1th Year,2004-04-24,G_S06808,ADDR_S06808
S06809,FIYAZ NARANG,fiyaz narang,INST-023,Undergraduate,3th Year,2008-11-26,G_S06809,ADDR_S06809
S06810,Pushti Kurian,pushti kurian,INST-034,Undergraduate,2th Year,2006-11-25,G_S06810,ADDR_S06810
S06811,Dipta Handa,dipta handa,INST-017,Undergraduate,1th Year,2008-04-27,G_S06811,ADDR_S06811
S06812,Nisha Seshadri,nisha seshadri,INST-027,Undergraduate,3th Year,2006-02-08,G_S06812,ADDR_S06812
S06813,Urvi Tella,urvi tella,INST-051,Undergraduate,3th Year,2005-06-25,G_S06813,ADDR_S06813
S06814,Xalak Nori,xalak nori,INST-036,Undergraduate,1th Year,2008-06-15,G_S06814,ADDR_S06814
S06815,Aachal Dutt,aachal dutt,INST-059,Undergraduate,2th Year,2007-07-14,G_S06815,ADDR_S06815
S06816,Faraj Bala,faraj bala,INST-045,Undergraduate,3th Year,2003-10-01,G_S06816,ADDR_S06816
S06817,Aashi Din,aashi din,INST-043,Undergraduate,2th Year,2005-01-16,G_S06817,ADDR_S06817
S06818,Vansha Kade,vansha kade,INST-045,Undergraduate,3th Year,2004-06-25,G_S06818,ADDR_S06818
S06819,Kalpit Shah,kalpit shah,INST-019,Undergraduate,1th Year,2007-06-17,G_S06819,ADDR_S06819
S06820,Pranit Bhasin,pranit bhasin,INST-049,Undergraduate,2th Year,2004-04-03,G_S06820,ADDR_S06820
S06821,Parth Din,parth din,INST-021,Undergraduate,2th Year,2006-07-16,G_S06821,ADDR_S06821
S06822,Harshil Cherian,harshil cherian,INST-002,Undergraduate,3th Year,2003-03-27,G_S06822,ADDR_S06822
S06823,Ucchal Prabhakar,ucchal prabhakar,INST-050,Undergraduate,2th Year,2005-10-23,G_S06823,ADDR_S06823
S06824,Pooja Dara,pooja dara,INST-039,Undergraduate,2th Year,2007-12-26,G_S06824,ADDR_S06824
S06825,Hredhaan Sampath,hredhaan sampath,INST-048,Undergraduate,2th Year,2006-08-28,G_S06825,ADDR_S06825
S06826,Dakshesh Menon,dakshesh menon,INST-042,Undergraduate,4th Year,2003-02-07,G_S06826,ADDR_S06826
S06827,Kamya Comar,kamya comar,INST-029,Undergraduate,4th Year,2008-08-12,G_S06827,ADDR_S06827
S06828,Amrita Raval,amrita raval,INST-032,Undergraduate,2th Year,2003-05-11,G_S06828,ADDR_S06828
S06829,Bachittar Prasad,bachittar prasad,INST-025,Undergraduate,4th Year,2004-08-13,G_S06829,ADDR_S06829
S06830,Hemang Sandal,hemang sandal,INST-043,Undergraduate,4th Year,2004-01-02,G_S06830,ADDR_S06830
S06831,Sarthak Gola,sarthak gola,INST-012,Undergraduate,1th Year,2006-09-16,G_S06831,ADDR_S06831
S06832,Ayushman Gole,ayushman gole,INST-012,Undergraduate,4th Year,2007-02-24,G_S06832,ADDR_S06832
S06833,Akshay Chandran,akshay chandran,INST-056,Undergraduate,1th Year,2003-06-28,G_S06833,ADDR_S06833
S06834,Qarin Rao,qarin rao,INST-050,Undergraduate,3th Year,2003-01-20,G_S06834,ADDR_S06834
S06835,Warhi Brahmbhatt,warhi brahmbhatt,INST-043,Undergraduate,4th Year,2008-02-13,G_S06835,ADDR_S06835
S06836,Pahal Bakshi,pahal bakshi,INST-045,Undergraduate,4th Year,2007-03-19,G_S06836,ADDR_S06836
S06837,Shravya Shetty,shravya shetty,INST-052,Undergraduate,4th Year,2004-10-13,G_S06837,ADDR_S06837
S06838,Tarak Buch,tarak buch,INST-016,Undergraduate,1th Year,2006-06-12,G_S06838,ADDR_S06838
S06839,Rishi Sehgal,rishi sehgal,INST-018,Undergraduate,1th Year,2003-02-15,G_S06839,ADDR_S06839
S06840,Hema Apte,hema apte,INST-001,Undergraduate,1th Year,2006-08-28,G_S06840,ADDR_S06840
S06841,Bishakha Issac,bishakha issac,INST-035,Undergraduate,4th Year,2008-02-14,G_S06841,ADDR_S06841
S06842,Qasim Sachdev,qasim sachdev,INST-036,Undergraduate,1th Year,2004-03-06,G_S06842,ADDR_S06842
S06843,Qadim Kulkarni,qadim kulkarni,INST-045,Undergraduate,3th Year,2007-07-13,G_S06843,ADDR_S06843
S06844,Krisha Kapur,krisha kapur,INST-032,Undergraduate,2th Year,2007-09-07,G_S06844,ADDR_S06844
S06845,Ridhi Dutta,ridhi dutta,INST-044,Undergraduate,1th Year,2004-07-20,G_S06845,ADDR_S06845
S06846,Sachi Sant,sachi sant,INST-037,Undergraduate,4th Year,2006-05-06,G_S06846,ADDR_S06846
S06847,Abdul Zacharia,abdul zacharia,INST-017,Undergraduate,1th Year,2008-06-10,G_S06847,ADDR_S06847
S06848,Bachittar Rao,bachittar rao,INST-009,Undergraduate,4th Year,2008-06-26,G_S06848,ADDR_S06848
S06849,Abha Bhat,abha bhat,INST-039,Undergraduate,1th Year,2008-07-14,G_S06849,ADDR_S06849
S06850,Inaya Nair,inaya nair,INST-046,Undergraduate,1th Year,2003-02-15,G_S06850,ADDR_S06850
S06851,Theodore Kar,theodore kar,INST-043,Undergraduate,2th Year,2008-12-14,G_S06851,ADDR_S06851
S06852,Turvi Dugar,turvi dugar,INST-009,Undergraduate,3th Year,2004-03-01,G_S06852,ADDR_S06852
S06853,Pranit Zachariah,pranit zachariah,INST-017,Undergraduate,1th Year,2004-12-01,G_S06853,ADDR_S06853
S06854,Nathaniel Dalal,nathaniel dalal,INST-042,Undergraduate,3th Year,2003-02-07,G_S06854,ADDR_S06854
S06855,Tristan Pall,tristan pall,INST-022,Undergraduate,4th Year,2008-10-18,G_S06855,ADDR_S06855
S06856,Chanchal Sanghvi,chanchal sanghvi,INST-021,Undergraduate,2th Year,2006-03-17,G_S06856,ADDR_S06856
S06857,Jeremiah Sani,jeremiah sani,INST-047,Undergraduate,2th Year,2003-07-04,G_S06857,ADDR_S06857
S06858,Sneha Rana,sneha rana,INST-024,Undergraduate,3th Year,2006-01-20,G_S06858,ADDR_S06858
S06859,Onveer Setty,onveer setty,INST-037,Undergraduate,4th Year,2003-01-09,G_S06859,ADDR_S06859
S06860,Daksha Parekh,daksha parekh,INST-043,Undergraduate,4th Year,2005-07-18,G_S06860,ADDR_S06860
S06861,Vrinda Lanka,vrinda lanka,INST-030,Undergraduate,1th Year,2004-11-26,G_S06861,ADDR_S06861
S06862,Arin Sethi,arin sethi,INST-043,Undergraduate,4th Year,2005-02-24,G_S06862,ADDR_S06862
S06863,Yashasvi Saran,yashasvi saran,INST-049,Undergraduate,4th Year,2008-01-08,G_S06863,ADDR_S06863
S06864,Aarnav Sahota,aarnav sahota,INST-033,Undergraduate,3th Year,2003-05-22,G_S06864,ADDR_S06864
S06865,Januja Sachar,januja sachar,INST-042,Undergraduate,1th Year,2005-03-07,G_S06865,ADDR_S06865
S06866,Omkaar Basu,omkaar basu,INST-045,Undergraduate,3th Year,2007-07-06,G_S06866,ADDR_S06866
S06867,Harshil Garg,harshil garg,INST-032,Undergraduate,1th Year,2003-05-15,G_S06867,ADDR_S06867
S06868,Noah Grewal,noah grewal,INST-055,Undergraduate,2th Year,2008-06-03,G_S06868,ADDR_S06868
S06869,Kamya Mistry,kamya mistry,INST-027,Undergraduate,2th Year,2005-04-05,G_S06869,ADDR_S06869
S06870,Bachittar Mammen,bachittar mammen,INST-010,Undergraduate,4th Year,2003-08-09,G_S06870,ADDR_S06870
S06871,Bakhshi Kar,bakhshi kar,INST-014,Undergraduate,3th Year,2003-08-05,G_S06871,ADDR_S06871
S06872,Naksh Pall,naksh pall,INST-037,Undergraduate,3th Year,2005-02-08,G_S06872,ADDR_S06872
S06873,Yug Jhaveri,yug jhaveri,INST-046,Undergraduate,3th Year,2003-09-21,G_S06873,ADDR_S06873
S06874,Abeer Ganesh,abeer ganesh,INST-038,Undergraduate,1th Year,2004-04-15,G_S06874,ADDR_S06874
S06875,Ishita Bhavsar,ishita bhavsar,INST-003,Undergraduate,4th Year,2004-10-10,G_S06875,ADDR_S06875
S06876,Mitesh Prasad,mitesh prasad,INST-030,Undergraduate,3th Year,2005-02-05,G_S06876,ADDR_S06876
S06877,Hemangini Bhargava,hemangini bhargava,INST-044,Undergraduate,4th Year,2006-10-24,G_S06877,ADDR_S06877
S06878,Upkaar Nazareth,upkaar nazareth,INST-003,Undergraduate,4th Year,2004-12-23,G_S06878,ADDR_S06878
S06879,Falguni Bandi,falguni bandi,INST-050,Undergraduate,1th Year,2004-09-27,G_S06879,ADDR_S06879
S06880,Nidhi Thaman,nidhi thaman,INST-051,Undergraduate,1th Year,2003-12-27,G_S06880,ADDR_S06880
S06881,Sathvik Hari,sathvik hari,INST-055,Undergraduate,3th Year,2007-08-25,G_S06881,ADDR_S06881
S06882,Reyansh Gaba,reyansh gaba,INST-054,Undergraduate,2th Year,2008-09-22,G_S06882,ADDR_S06882
S06883,Yatin Ramesh,yatin ramesh,INST-055,Undergraduate,2th Year,2005-08-20,G_S06883,ADDR_S06883
S06884,Pooja Deo,pooja deo,INST-023,Undergraduate,3th Year,2005-05-18,G_S06884,ADDR_S06884
S06885,Avi Palan,avi palan,INST-041,Undergraduate,4th Year,2007-09-18,G_S06885,ADDR_S06885
S06886,Jason Date,jason date,INST-055,Undergraduate,1th Year,2004-07-19,G_S06886,ADDR_S06886
S06887,Anamika Chana,anamika chana,INST-004,Undergraduate,1th Year,2004-01-26,G_S06887,ADDR_S06887
S06888,Dakshesh Sawhney,dakshesh sawhney,INST-004,Undergraduate,1th Year,2005-04-01,G_S06888,ADDR_S06888
S06889,Maya Munshi,maya munshi,INST-025,Undergraduate,4th Year,2007-03-12,G_S06889,ADDR_S06889
S06890,Daksh Dalal,daksh dalal,INST-050,Undergraduate,4th Year,2007-11-04,G_S06890,ADDR_S06890
S06891,Xavier Taneja,xavier taneja,INST-016,Undergraduate,3th Year,2008-12-01,G_S06891,ADDR_S06891
S06892,Rudra Borra,rudra borra,INST-018,Undergraduate,1th Year,2004-11-27,G_S06892,ADDR_S06892
S06893,Tripti More,tripti more,INST-018,Undergraduate,1th Year,2004-11-10,G_S06893,ADDR_S06893
S06894,Arunima  Dutta,arunima dutta,INST-025,Undergraduate,1th Year,2006-02-08,G_S06894,ADDR_S06894
S06895,Alexander Rajagopalan,alexander rajagopalan,INST-055,Undergraduate,3th Year,2003-12-10,G_S06895,ADDR_S06895
S06896,Amrita Chander,amrita chander,INST-056,Undergraduate,1th Year,2005-01-08,G_S06896,ADDR_S06896
S06897,SARA OOMMEN,sara oommen,INST-002,Undergraduate,4th Year,2008-11-28,G_S06897,ADDR_S06897
S06898,Kevin Golla,kevin golla,INST-018,Undergraduate,1th Year,2003-03-20,G_S06898,ADDR_S06898
S06899,Sanya Borra,sanya borra,INST-011,Undergraduate,4th Year,2006-08-12,G_S06899,ADDR_S06899
S06900,Harish Subramaniam,harish subramaniam,INST-052,Undergraduate,2th Year,2006-04-07,G_S06900,ADDR_S06900
S06901,Vincent Rattan,vincent rattan,INST-034,Undergraduate,1th Year,2007-10-22,G_S06901,ADDR_S06901
S06902,Pallavi Mahal,pallavi mahal,INST-053,Undergraduate,3th Year,2006-02-17,G_S06902,ADDR_S06902
S06903,Eiravati Dora,eiravati dora,INST-053,Undergraduate,4th Year,2006-09-25,G_S06903,ADDR_S06903
S06904,Zayan Rajagopal,zayan rajagopal,INST-051,Undergraduate,2th Year,2005-01-17,G_S06904,ADDR_S06904
S06905,Lucky Bal,lucky bal,INST-017,Undergraduate,3th Year,2008-11-15,G_S06905,ADDR_S06905
S06906,Jai Sen,jai sen,INST-016,Undergraduate,3th Year,2007-12-23,G_S06906,ADDR_S06906
S06907,Avi Agrawal,avi agrawal,INST-009,Undergraduate,4th Year,2008-10-21,G_S06907,ADDR_S06907
S06908,Amruta Murty,amruta murty,INST-038,Undergraduate,3th Year,2005-01-12,G_S06908,ADDR_S06908
S06909,Anamika Bhat,anamika bhat,INST-011,Undergraduate,1th Year,2004-05-08,G_S06909,ADDR_S06909
S06910,Ojas Cherian,ojas cherian,INST-022,Undergraduate,2th Year,2005-07-06,G_S06910,ADDR_S06910
S06911,Irya Karpe,irya karpe,INST-004,Undergraduate,3th Year,2003-05-05,G_S06911,ADDR_S06911
S06912,Isha Anne,isha anne,INST-028,Undergraduate,1th Year,2005-07-10,G_S06912,ADDR_S06912
S06913,Girindra Madan,girindra madan,INST-020,Undergraduate,1th Year,2005-12-07,G_S06913,ADDR_S06913
S06914,Liam Chaudhry,liam chaudhry,INST-014,Undergraduate,4th Year,2006-07-26,G_S06914,ADDR_S06914
S06915,Chandani Khanna,chandani khanna,INST-031,Undergraduate,2th Year,2006-09-10,G_S06915,ADDR_S06915
S06916,Zansi Sathe,zansi sathe,INST-043,Undergraduate,4th Year,2003-03-25,G_S06916,ADDR_S06916
S06917,Triya Dey,triya dey,INST-007,Undergraduate,4th Year,2006-10-19,G_S06917,ADDR_S06917
S06918,Unnati Date,unnati date,INST-020,Undergraduate,1th Year,2004-08-12,G_S06918,ADDR_S06918
S06919,Zayan Deep,zayan deep,INST-003,Undergraduate,2th Year,2005-09-13,G_S06919,ADDR_S06919
S06920,Girik Thaker,girik thaker,INST-025,Undergraduate,4th Year,2003-07-12,G_S06920,ADDR_S06920
S06921,Aachal Nagy,aachal nagy,INST-058,Undergraduate,3th Year,2003-06-26,G_S06921,ADDR_S06921
S06922,Pranit Amble,pranit amble,INST-033,Undergraduate,3th Year,2006-08-01,G_S06922,ADDR_S06922
S06923,Vasudha Tailor,vasudha tailor,INST-059,Undergraduate,2th Year,2006-03-16,G_S06923,ADDR_S06923
S06924,Raagini Tailor,raagini tailor,INST-044,Undergraduate,2th Year,2006-09-19,G_S06924,ADDR_S06924
S06925,Rushil Joshi,rushil joshi,INST-021,Undergraduate,2th Year,2007-01-10,G_S06925,ADDR_S06925
S06926,Onkar Sani,onkar sani,INST-036,Undergraduate,3th Year,2004-05-27,G_S06926,ADDR_S06926
S06927,Girish Parmar,girish parmar,INST-004,Undergraduate,1th Year,2008-07-21,G_S06927,ADDR_S06927
S06928,Noah Oak,noah oak,INST-033,Undergraduate,3th Year,2007-03-21,G_S06928,ADDR_S06928
S06929,Bimala Sant,bimala sant,INST-034,Undergraduate,4th Year,2003-03-04,G_S06929,ADDR_S06929
S06930,Dakshesh Venkatesh,dakshesh venkatesh,INST-026,Undergraduate,2th Year,2007-02-09,G_S06930,ADDR_S06930
S06931,Yahvi Parmer,yahvi parmer,INST-056,Undergraduate,4th Year,2007-02-25,G_S06931,ADDR_S06931
S06932,Onveer Nagi,onveer nagi,INST-036,Undergraduate,1th Year,2008-02-11,G_S06932,ADDR_S06932
S06933,Vanya Deshmukh,vanya deshmukh,INST-025,Undergraduate,3th Year,2007-04-10,G_S06933,ADDR_S06933
S06934,Orinder Badami,orinder badami,INST-019,Undergraduate,4th Year,2007-12-25,G_S06934,ADDR_S06934
S06935,Mitali Subramaniam,mitali subramaniam,INST-056,Undergraduate,4th Year,2007-11-03,G_S06935,ADDR_S06935
S06936,Om Patil,om patil,INST-004,Undergraduate,4th Year,2006-07-01,G_S06936,ADDR_S06936
S06937,Tarak Nagar,tarak nagar,INST-011,Undergraduate,3th Year,2008-11-16,G_S06937,ADDR_S06937
S06938,Faris Ramanathan,faris ramanathan,INST-035,Undergraduate,4th Year,2007-08-24,G_S06938,ADDR_S06938
S06939,Nathan  Gera,nathan gera,INST-058,Undergraduate,3th Year,2006-06-26,G_S06939,ADDR_S06939
S06940,Inaya Anand,inaya anand,INST-056,Undergraduate,4th Year,2005-09-19,G_S06940,ADDR_S06940
S06941,Qadim Pandit,qadim pandit,INST-052,Undergraduate,2th Year,2008-09-01,G_S06941,ADDR_S06941
S06942,Om Mital,om mital,INST-053,Undergraduate,4th Year,2007-06-12,G_S06942,ADDR_S06942
S06943,Orinder Sabharwal,orinder sabharwal,INST-005,Undergraduate,4th Year,2008-03-17,G_S06943,ADDR_S06943
S06944,Zayan Gole,zayan gole,INST-042,Undergraduate,2th Year,2004-08-28,G_S06944,ADDR_S06944
S06945,Gautam Gara,gautam gara,INST-041,Undergraduate,4th Year,2006-09-15,G_S06945,ADDR_S06945
S06946,Yatan Mahal,yatan mahal,INST-027,Undergraduate,1th Year,2007-02-22,G_S06946,ADDR_S06946
S06947,Bhavna Gill,bhavna gill,INST-038,Undergraduate,4th Year,2008-06-04,G_S06947,ADDR_S06947
S06948,Agastya Sahni,agastya sahni,INST-014,Undergraduate,3th Year,2003-07-02,G_S06948,ADDR_S06948
S06949,Onkar Sawhney,onkar sawhney,INST-057,Undergraduate,4th Year,2007-07-16,G_S06949,ADDR_S06949
S06950,Krish Rout,krish rout,INST-054,Undergraduate,2th Year,2004-07-07,G_S06950,ADDR_S06950
S06951,Aadi Lala,aadi lala,INST-051,Undergraduate,1th Year,2004-01-02,G_S06951,ADDR_S06951
S06952,Charles Patel,charles patel,INST-030,Undergraduate,4th Year,2007-02-21,G_S06952,ADDR_S06952
S06953,Rishi Goyal,rishi goyal,INST-040,Undergraduate,3th Year,2008-06-10,G_S06953,ADDR_S06953
S06954,Vansha Mane,vansha mane,INST-032,Undergraduate,1th Year,2003-07-21,G_S06954,ADDR_S06954
S06955,Anirudh Kata,anirudh kata,INST-058,Undergraduate,4th Year,2008-11-17,G_S06955,ADDR_S06955
S06956,Chandresh Chad,chandresh chad,INST-010,Undergraduate,1th Year,2003-07-26,G_S06956,ADDR_S06956
S06957,Yatan Prabhakar,yatan prabhakar,INST-008,Undergraduate,1th Year,2004-05-05,G_S06957,ADDR_S06957
S06958,Peter Desai,peter desai,INST-012,Undergraduate,1th Year,2005-12-14,G_S06958,ADDR_S06958
S06959,Chanchal Sheth,chanchal sheth,INST-002,Undergraduate,2th Year,2003-02-14,G_S06959,ADDR_S06959
S06960,Gabriel Kapadia,gabriel kapadia,INST-017,Undergraduate,3th Year,2007-04-13,G_S06960,ADDR_S06960
S06961,Abdul Batra,abdul batra,INST-044,Undergraduate,1th Year,2004-07-26,G_S06961,ADDR_S06961
S06962,Ansh Wadhwa,ansh wadhwa,INST-010,Undergraduate,4th Year,2003-11-01,G_S06962,ADDR_S06962
S06963,Triya Sunder,triya sunder,INST-046,Undergraduate,2th Year,2007-10-09,G_S06963,ADDR_S06963
S06964,Ekani Ratta,ekani ratta,INST-034,Undergraduate,3th Year,2006-01-25,G_S06964,ADDR_S06964
S06965,Mugdha Choudhry,mugdha choudhry,INST-029,Undergraduate,3th Year,2004-05-10,G_S06965,ADDR_S06965
S06966,Christopher Som,christopher som,INST-025,Undergraduate,4th Year,2003-10-13,G_S06966,ADDR_S06966
S06967,Kai Raman,kai raman,INST-016,Undergraduate,1th Year,2008-10-16,G_S06967,ADDR_S06967
S06968,Tejas Vora,tejas vora,INST-013,Undergraduate,1th Year,2006-06-28,G_S06968,ADDR_S06968
S06969,Advaith Aurora,advaith aurora,INST-043,Undergraduate,1th Year,2008-02-20,G_S06969,ADDR_S06969
S06970,Vedant Sheth,vedant sheth,INST-044,Undergraduate,1th Year,2005-06-21,G_S06970,ADDR_S06970
S06971,Ryan Madan,ryan madan,INST-031,Undergraduate,1th Year,2005-03-25,G_S06971,ADDR_S06971
S06972,Gautam Saxena,gautam saxena,INST-050,Undergraduate,4th Year,2004-02-03,G_S06972,ADDR_S06972
S06973,Manan Kapoor,manan kapoor,INST-023,Undergraduate,1th Year,2004-09-13,G_S06973,ADDR_S06973
S06974,Samesh Hora,samesh hora,INST-034,Undergraduate,1th Year,2003-11-19,G_S06974,ADDR_S06974
S06975,Ishwar Arora,ishwar arora,INST-017,Undergraduate,3th Year,2003-12-24,G_S06975,ADDR_S06975
S06976,Barkha Chander,barkha chander,INST-037,Undergraduate,2th Year,2004-01-19,G_S06976,ADDR_S06976
S06977,Chandani Devan,chandani devan,INST-025,Undergraduate,2th Year,2005-06-23,G_S06977,ADDR_S06977
S06978,Hardik Ramachandran,hardik ramachandran,INST-005,Undergraduate,4th Year,2004-05-12,G_S06978,ADDR_S06978
S06979,Anya Mani,anya mani,INST-012,Undergraduate,1th Year,2006-09-01,G_S06979,ADDR_S06979
S06980,Ronith Sharaf,ronith sharaf,INST-015,Undergraduate,3th Year,2006-04-05,G_S06980,ADDR_S06980
S06981,Ucchal Singhal,ucchal singhal,INST-045,Undergraduate,3th Year,2007-06-19,G_S06981,ADDR_S06981
S06982,Janaki  Sood,janaki sood,INST-051,Undergraduate,2th Year,2007-01-23,G_S06982,ADDR_S06982
S06983,Azad Sami,azad sami,INST-052,Undergraduate,4th Year,2004-02-21,G_S06983,ADDR_S06983
S06984,Zayan Master,zayan master,INST-028,Undergraduate,4th Year,2003-07-23,G_S06984,ADDR_S06984
S06985,Chakradev Mall,chakradev mall,INST-010,Undergraduate,2th Year,2003-01-18,G_S06985,ADDR_S06985
S06986,Ekaraj Solanki,ekaraj solanki,INST-002,Undergraduate,3th Year,2008-04-21,G_S06986,ADDR_S06986
S06987,Harini Chaudhry,harini chaudhry,INST-054,Undergraduate,2th Year,2003-11-03,G_S06987,ADDR_S06987
S06988,Anmol Chadha,anmol chadha,INST-031,Undergraduate,2th Year,2007-08-05,G_S06988,ADDR_S06988
S06989,Ranbir Gera,ranbir gera,INST-012,Undergraduate,1th Year,2005-03-28,G_S06989,ADDR_S06989
S06990,Qadim Barman,qadim barman,INST-033,Undergraduate,1th Year,2003-12-16,G_S06990,ADDR_S06990
S06991,Bhavini Kanda,bhavini kanda,INST-030,Undergraduate,3th Year,2004-06-08,G_S06991,ADDR_S06991
S06992,Darika Loke,darika loke,INST-034,Undergraduate,3th Year,2003-04-04,G_S06992,ADDR_S06992
S06993,Faras Taneja,faras taneja,INST-044,Undergraduate,3th Year,2005-05-06,G_S06993,ADDR_S06993
S06994,Theodore Luthra,theodore luthra,INST-003,Undergraduate,3th Year,2005-02-01,G_S06994,ADDR_S06994
S06995,Priya Nayak,priya nayak,INST-007,Undergraduate,4th Year,2005-09-11,G_S06995,ADDR_S06995
S06996,Yachana Ramachandran,yachana ramachandran,INST-041,Undergraduate,3th Year,2008-07-23,G_S06996,ADDR_S06996
S06997,Saumya Apte,saumya apte,INST-053,Undergraduate,3th Year,2004-09-25,G_S06997,ADDR_S06997
S06998,Jagrati Memon,jagrati memon,INST-035,Undergraduate,2th Year,2004-05-16,G_S06998,ADDR_S06998
S06999,Umang  Radhakrishnan,umang radhakrishnan,INST-060,Undergraduate,4th Year,2005-05-14,G_S06999,ADDR_S06999
S07000,Omya Barman,omya barman,INST-006,Undergraduate,1th Year,2006-05-20,G_S07000,ADDR_S07000
S07001,Unni Ghose,unni ghose,INST-018,Undergraduate,3th Year,2007-03-08,G_S07001,ADDR_S07001
S07002,Zaitra Saraf,zaitra saraf,INST-028,Undergraduate,1th Year,2003-08-21,G_S07002,ADDR_S07002
S07003,Dev Arora,dev arora,INST-021,Undergraduate,1th Year,2007-04-02,G_S07003,ADDR_S07003
S07004,Harinakshi Karan,harinakshi karan,INST-045,Undergraduate,4th Year,2005-04-11,G_S07004,ADDR_S07004
S07005,Dhriti Subramaniam,dhriti subramaniam,INST-018,Undergraduate,3th Year,2003-04-07,G_S07005,ADDR_S07005
S07006,Owen Chand,owen chand,INST-024,Undergraduate,2th Year,2004-03-09,G_S07006,ADDR_S07006
S07007,Arya Keer,arya keer,INST-008,Undergraduate,2th Year,2008-08-26,G_S07007,ADDR_S07007
S07008,Amol Bali,amol bali,INST-020,Undergraduate,4th Year,2003-09-17,G_S07008,ADDR_S07008
S07009,Vansha Walla,vansha walla,INST-008,Undergraduate,3th Year,2005-06-24,G_S07009,ADDR_S07009
S07010,Adweta Sane,adweta sane,INST-056,Undergraduate,4th Year,2006-10-13,G_S07010,ADDR_S07010
S07011,Dalaja Suresh,dalaja suresh,INST-020,Undergraduate,3th Year,2004-06-07,G_S07011,ADDR_S07011
S07012,Girindra Memon,girindra memon,INST-015,Undergraduate,1th Year,2003-02-21,G_S07012,ADDR_S07012
S07013,Tamanna Tiwari,tamanna tiwari,INST-013,Undergraduate,2th Year,2003-12-01,G_S07013,ADDR_S07013
S07014,Anya Kala,anya kala,INST-022,Undergraduate,2th Year,2008-04-18,G_S07014,ADDR_S07014
S07015,Charan Randhawa,charan randhawa,INST-005,Undergraduate,2th Year,2008-07-22,G_S07015,ADDR_S07015
S07016,Fitan Seth,fitan seth,INST-035,Undergraduate,3th Year,2008-02-17,G_S07016,ADDR_S07016
S07017,Ojasvi Kunda,ojasvi kunda,INST-059,Undergraduate,1th Year,2007-09-10,G_S07017,ADDR_S07017
S07018,Unni Deep,unni deep,INST-015,Undergraduate,3th Year,2005-07-28,G_S07018,ADDR_S07018
S07019,Vivaan Raval,vivaan raval,INST-055,Undergraduate,3th Year,2004-12-26,G_S07019,ADDR_S07019
S07020,Jhalak Mishra,jhalak mishra,INST-007,Undergraduate,2th Year,2007-10-03,G_S07020,ADDR_S07020
S07021,Zilmil Pradhan,zilmil pradhan,INST-010,Undergraduate,1th Year,2005-08-28,G_S07021,ADDR_S07021
S07022,Darpan Dixit,darpan dixit,INST-046,Undergraduate,2th Year,2004-04-02,G_S07022,ADDR_S07022
S07023,Vaishnavi Ganesan,vaishnavi ganesan,INST-059,Undergraduate,3th Year,2004-05-26,G_S07023,ADDR_S07023
S07024,Advay Varughese,advay varughese,INST-010,Undergraduate,3th Year,2006-04-28,G_S07024,ADDR_S07024
S07025,Gaurika Baria,gaurika baria,INST-060,Undergraduate,4th Year,2003-07-22,G_S07025,ADDR_S07025
S07026,Lekha Bahri,lekha bahri,INST-042,Undergraduate,2th Year,2008-11-27,G_S07026,ADDR_S07026
S07027,Warinder Patla,warinder patla,INST-052,Undergraduate,1th Year,2003-03-19,G_S07027,ADDR_S07027
S07028,Priya Bandi,priya bandi,INST-047,Undergraduate,4th Year,2008-11-10,G_S07028,ADDR_S07028
S07029,Balhaar Kari,balhaar kari,INST-053,Undergraduate,1th Year,2008-05-25,G_S07029,ADDR_S07029
S07030,Sachi Loke,sachi loke,INST-060,Undergraduate,3th Year,2003-05-08,G_S07030,ADDR_S07030
S07031,Yashodhara Korpal,yashodhara korpal,INST-017,Undergraduate,3th Year,2006-07-13,G_S07031,ADDR_S07031
S07032,Avi Randhawa,avi randhawa,INST-059,Undergraduate,1th Year,2008-03-13,G_S07032,ADDR_S07032
S07033,Ria Kakar,ria kakar,INST-024,Undergraduate,3th Year,2003-01-10,G_S07033,ADDR_S07033
S07034,Nidhi Sinha,nidhi sinha,INST-036,Undergraduate,3th Year,2005-11-09,G_S07034,ADDR_S07034
S07035,Krishna Goswami,krishna goswami,INST-058,Undergraduate,3th Year,2006-02-06,G_S07035,ADDR_S07035
S07036,Osha Roy,osha roy,INST-006,Undergraduate,2th Year,2007-01-10,G_S07036,ADDR_S07036
S07037,AVNI BUMB,avni bumb,INST-038,Undergraduate,1th Year,2006-03-25,G_S07037,ADDR_S07037
S07038,Yauvani Seth,yauvani seth,INST-012,Undergraduate,2th Year,2005-02-22,G_S07038,ADDR_S07038
S07039,Falguni Kamdar,falguni kamdar,INST-047,Undergraduate,2th Year,2006-03-07,G_S07039,ADDR_S07039
S07040,Chakradhar Ram,chakradhar ram,INST-007,Undergraduate,1th Year,2007-08-15,G_S07040,ADDR_S07040
S07041,Samesh Sachdeva,samesh sachdeva,INST-055,Undergraduate,3th Year,2004-06-18,G_S07041,ADDR_S07041
S07042,Daksha Gara,daksha gara,INST-048,Undergraduate,3th Year,2003-06-09,G_S07042,ADDR_S07042
S07043,Mugdha Bajwa,mugdha bajwa,INST-004,Undergraduate,2th Year,2003-09-17,G_S07043,ADDR_S07043
S07044,Ekantika Bains,ekantika bains,INST-028,Undergraduate,1th Year,2005-05-24,G_S07044,ADDR_S07044
S07045,Lakshit Dewan,lakshit dewan,INST-044,Undergraduate,3th Year,2008-08-19,G_S07045,ADDR_S07045
S07046,Tamanna Bhargava,tamanna bhargava,INST-023,Undergraduate,1th Year,2006-04-19,G_S07046,ADDR_S07046
S07047,Pahal Brahmbhatt,pahal brahmbhatt,INST-023,Undergraduate,2th Year,2007-07-12,G_S07047,ADDR_S07047
S07048,Saanvi Balan,saanvi balan,INST-059,Undergraduate,4th Year,2008-09-02,G_S07048,ADDR_S07048
S07049,Mahika Jha,mahika jha,INST-026,Undergraduate,1th Year,2007-04-09,G_S07049,ADDR_S07049
S07050,Darsh Boase,darsh boase,INST-024,Undergraduate,4th Year,2008-01-04,G_S07050,ADDR_S07050
S07051,Nicholas Aurora,nicholas aurora,INST-038,Undergraduate,2th Year,2006-09-08,G_S07051,ADDR_S07051
S07052,Rehaan Goel,rehaan goel,INST-008,Undergraduate,3th Year,2005-10-17,G_S07052,ADDR_S07052
S07053,NATHANIEL SWAMINATHAN,nathaniel swaminathan,INST-059,Undergraduate,4th Year,2006-07-07,G_S07053,ADDR_S07053
S07054,Mitesh Sahota,mitesh sahota,INST-004,Undergraduate,3th Year,2006-08-07,G_S07054,ADDR_S07054
S07055,Samar Kaul,samar kaul,INST-022,Undergraduate,2th Year,2004-02-20,G_S07055,ADDR_S07055
S07056,Gautam Shankar,gautam shankar,INST-044,Undergraduate,1th Year,2007-02-04,G_S07056,ADDR_S07056
S07057,Pallavi Morar,pallavi morar,INST-013,Undergraduate,4th Year,2007-10-26,G_S07057,ADDR_S07057
S07058,Onveer Ravel,onveer ravel,INST-045,Undergraduate,4th Year,2003-12-14,G_S07058,ADDR_S07058
S07059,Nakul Balan,nakul balan,INST-020,Undergraduate,3th Year,2003-10-18,G_S07059,ADDR_S07059
S07060,Wahab Chahal,wahab chahal,INST-012,Undergraduate,3th Year,2007-12-02,G_S07060,ADDR_S07060
S07061,Eta Mittal,eta mittal,INST-013,Undergraduate,3th Year,2006-11-08,G_S07061,ADDR_S07061
S07062,Isaiah Mandal,isaiah mandal,INST-053,Undergraduate,4th Year,2004-06-24,G_S07062,ADDR_S07062
S07063,Omya Sengupta,omya sengupta,INST-022,Undergraduate,4th Year,2004-01-02,G_S07063,ADDR_S07063
S07064,Lajita Gola,lajita gola,INST-001,Undergraduate,2th Year,2006-11-18,G_S07064,ADDR_S07064
S07065,Harini Yohannan,harini yohannan,INST-033,Undergraduate,1th Year,2005-02-21,G_S07065,ADDR_S07065
S07066,Ranveer Agate,ranveer agate,INST-060,Undergraduate,3th Year,2004-07-26,G_S07066,ADDR_S07066
S07067,Aarna Wali,aarna wali,INST-027,Undergraduate,3th Year,2008-12-03,G_S07067,ADDR_S07067
S07068,Anita Kata,anita kata,INST-041,Undergraduate,4th Year,2005-10-04,G_S07068,ADDR_S07068
S07069,Yatan Bhagat,yatan bhagat,INST-034,Undergraduate,3th Year,2004-08-11,G_S07069,ADDR_S07069
S07070,Faqid Shukla,faqid shukla,INST-049,Undergraduate,1th Year,2005-04-15,G_S07070,ADDR_S07070
S07071,Oeshi Sinha,oeshi sinha,INST-015,Undergraduate,3th Year,2007-09-20,G_S07071,ADDR_S07071
S07072,Libni Puri,libni puri,INST-053,Undergraduate,2th Year,2005-03-01,G_S07072,ADDR_S07072
S07073,Tristan Comar,tristan comar,INST-051,Undergraduate,3th Year,2008-10-12,G_S07073,ADDR_S07073
S07074,Charles Chauhan,charles chauhan,INST-008,Undergraduate,3th Year,2007-05-06,G_S07074,ADDR_S07074
S07075,Zayyan Dhar,zayyan dhar,INST-032,Undergraduate,1th Year,2008-10-09,G_S07075,ADDR_S07075
S07076,Falguni Agarwal,falguni agarwal,INST-037,Undergraduate,4th Year,2006-02-14,G_S07076,ADDR_S07076
S07077,Saumya Batra,saumya batra,INST-049,Undergraduate,1th Year,2008-03-13,G_S07077,ADDR_S07077
S07078,Vamakshi Bhagat,vamakshi bhagat,INST-009,Undergraduate,3th Year,2003-05-12,G_S07078,ADDR_S07078
S07079,Nitara Misra,nitara misra,INST-016,Undergraduate,4th Year,2003-04-28,G_S07079,ADDR_S07079
S07080,Sanaya Bava,sanaya bava,INST-059,Undergraduate,3th Year,2008-03-16,G_S07080,ADDR_S07080
S07081,Azaan Varghese,azaan varghese,INST-015,Undergraduate,4th Year,2004-11-10,G_S07081,ADDR_S07081
S07082,Zarna Bhatti,zarna bhatti,INST-028,Undergraduate,1th Year,2004-02-03,G_S07082,ADDR_S07082
S07083,Nathaniel Ratti,nathaniel ratti,INST-011,Undergraduate,3th Year,2007-06-18,G_S07083,ADDR_S07083
S07084,Noah Sachdeva,noah sachdeva,INST-052,Undergraduate,4th Year,2006-01-17,G_S07084,ADDR_S07084
S07085,Chaman Mistry,chaman mistry,INST-016,Undergraduate,3th Year,2008-03-06,G_S07085,ADDR_S07085
S07086,Ayushman Bahl,ayushman bahl,INST-002,Undergraduate,4th Year,2006-09-22,G_S07086,ADDR_S07086
S07087,Manan Varty,manan varty,INST-042,Undergraduate,4th Year,2004-01-17,G_S07087,ADDR_S07087
S07088,Qarin Sibal,qarin sibal,INST-015,Undergraduate,4th Year,2005-12-11,G_S07088,ADDR_S07088
S07089,Gaurang Borra,gaurang borra,INST-008,Undergraduate,2th Year,2003-02-14,G_S07089,ADDR_S07089
S07090,Aarnav Sampath,aarnav sampath,INST-024,Undergraduate,1th Year,2005-12-19,G_S07090,ADDR_S07090
S07091,Lekha Choudhary,lekha choudhary,INST-058,Undergraduate,4th Year,2004-09-13,G_S07091,ADDR_S07091
S07092,Urmi Ravi,urmi ravi,INST-028,Undergraduate,4th Year,2003-05-16,G_S07092,ADDR_S07092
S07093,Kevin Aurora,kevin aurora,INST-051,Undergraduate,4th Year,2008-06-03,G_S07093,ADDR_S07093
S07094,Kiaan Badal,kiaan badal,INST-007,Undergraduate,1th Year,2005-05-28,G_S07094,ADDR_S07094
S07095,Jagdish Shan,jagdish shan,INST-015,Undergraduate,3th Year,2004-01-25,G_S07095,ADDR_S07095
S07096,Parth Sama,parth sama,INST-045,Undergraduate,1th Year,2008-10-15,G_S07096,ADDR_S07096
S07097,Aishani Mand,aishani mand,INST-037,Undergraduate,1th Year,2008-09-15,G_S07097,ADDR_S07097
S07098,Tejas Nanda,tejas nanda,INST-017,Undergraduate,1th Year,2006-08-03,G_S07098,ADDR_S07098
S07099,Qarin Kulkarni,qarin kulkarni,INST-044,Undergraduate,3th Year,2003-12-14,G_S07099,ADDR_S07099
S07100,Vedhika Ahuja,vedhika ahuja,INST-036,Undergraduate,3th Year,2006-10-10,G_S07100,ADDR_S07100
S07101,Pranav Apte,pranav apte,INST-022,Undergraduate,1th Year,2006-09-26,G_S07101,ADDR_S07101
S07102,Luke Misra,luke misra,INST-035,Undergraduate,1th Year,2003-07-22,G_S07102,ADDR_S07102
S07103,Kashvi Kale,kashvi kale,INST-018,Undergraduate,1th Year,2008-05-20,G_S07103,ADDR_S07103
S07104,Anirudh Chana,anirudh chana,INST-030,Undergraduate,4th Year,2007-06-10,G_S07104,ADDR_S07104
S07105,Udant Shanker,udant shanker,INST-051,Undergraduate,4th Year,2007-04-20,G_S07105,ADDR_S07105
S07106,Yuvraj Andra,yuvraj andra,INST-015,Undergraduate,3th Year,2006-01-02,G_S07106,ADDR_S07106
S07107,Amaira Seth,amaira seth,INST-023,Undergraduate,1th Year,2004-04-17,G_S07107,ADDR_S07107
S07108,Daniel Krish,daniel krish,INST-035,Undergraduate,4th Year,2006-01-09,G_S07108,ADDR_S07108
S07109,Saumya Acharya,saumya acharya,INST-057,Undergraduate,2th Year,2004-06-25,G_S07109,ADDR_S07109
S07110,Chaaya Kibe,chaaya kibe,INST-011,Undergraduate,1th Year,2008-10-18,G_S07110,ADDR_S07110
S07111,Eesha Deol,eesha deol,INST-009,Undergraduate,4th Year,2006-08-12,G_S07111,ADDR_S07111
S07112,Brijesh Pandey,brijesh pandey,INST-037,Undergraduate,1th Year,2004-08-11,G_S07112,ADDR_S07112
S07113,Tristan Sandal,tristan sandal,INST-024,Undergraduate,2th Year,2003-12-13,G_S07113,ADDR_S07113
S07114,Yachana Buch,yachana buch,INST-055,Undergraduate,3th Year,2007-12-14,G_S07114,ADDR_S07114
S07115,Jhalak Mallick,jhalak mallick,INST-047,Undergraduate,4th Year,2004-08-23,G_S07115,ADDR_S07115
S07116,Xavier Ratta,xavier ratta,INST-049,Undergraduate,1th Year,2004-12-24,G_S07116,ADDR_S07116
S07117,Yashvi Din,yashvi din,INST-038,Undergraduate,1th Year,2007-08-16,G_S07117,ADDR_S07117
S07118,Indira Seth,indira seth,INST-058,Undergraduate,2th Year,2005-05-08,G_S07118,ADDR_S07118
S07119,Yuvraj Vasa,yuvraj vasa,INST-014,Undergraduate,4th Year,2008-05-27,G_S07119,ADDR_S07119
S07120,Aradhana Ratta,aradhana ratta,INST-022,Undergraduate,4th Year,2003-10-17,G_S07120,ADDR_S07120
S07121,Max Hora,max hora,INST-035,Undergraduate,4th Year,2003-05-27,G_S07121,ADDR_S07121
S07122,Vihaan Sangha,vihaan sangha,INST-060,Undergraduate,3th Year,2005-01-26,G_S07122,ADDR_S07122
S07123,Lakshmi Rau,lakshmi rau,INST-041,Undergraduate,4th Year,2007-06-18,G_S07123,ADDR_S07123
S07124,Nikita Mander,nikita mander,INST-044,Undergraduate,4th Year,2005-09-05,G_S07124,ADDR_S07124
S07125,Kai Pradhan,kai pradhan,INST-026,Undergraduate,4th Year,2005-08-03,G_S07125,ADDR_S07125
S07126,Vedhika Ghosh,vedhika ghosh,INST-024,Undergraduate,3th Year,2003-07-14,G_S07126,ADDR_S07126
S07127,Chandresh Kunda,chandresh kunda,INST-002,Undergraduate,1th Year,2004-11-09,G_S07127,ADDR_S07127
S07128,Lila Gour,lila gour,INST-027,Undergraduate,4th Year,2004-12-04,G_S07128,ADDR_S07128
S07129,Nirja Dave,nirja dave,INST-059,Undergraduate,3th Year,2006-03-24,G_S07129,ADDR_S07129
S07130,Leena Saha,leena saha,INST-005,Undergraduate,1th Year,2007-03-09,G_S07130,ADDR_S07130
S07131,Elijah Setty,elijah setty,INST-048,Undergraduate,4th Year,2005-03-19,G_S07131,ADDR_S07131
S07132,Peter Gulati,peter gulati,INST-032,Undergraduate,3th Year,2006-03-26,G_S07132,ADDR_S07132
S07133,Krishna Dubey,krishna dubey,INST-036,Undergraduate,3th Year,2005-07-05,G_S07133,ADDR_S07133
S07134,Tanveer Nagi,tanveer nagi,INST-019,Undergraduate,1th Year,2007-10-03,G_S07134,ADDR_S07134
S07135,Mugdha Varma,mugdha varma,INST-045,Undergraduate,1th Year,2003-05-01,G_S07135,ADDR_S07135
S07136,Warhi Seshadri,warhi seshadri,INST-028,Undergraduate,3th Year,2007-03-27,G_S07136,ADDR_S07136
S07137,Kashish Saraf,kashish saraf,INST-034,Undergraduate,1th Year,2008-04-24,G_S07137,ADDR_S07137
S07138,Charvi Dara,charvi dara,INST-027,Undergraduate,2th Year,2004-03-11,G_S07138,ADDR_S07138
S07139,Aachal Vohra,aachal vohra,INST-057,Undergraduate,3th Year,2004-05-04,G_S07139,ADDR_S07139
S07140,Chandran Virk,chandran virk,INST-058,Undergraduate,3th Year,2006-07-07,G_S07140,ADDR_S07140
S07141,Yatin Chandran,yatin chandran,INST-003,Undergraduate,2th Year,2004-06-16,G_S07141,ADDR_S07141
S07142,Ryan Wable,ryan wable,INST-039,Undergraduate,4th Year,2006-06-14,G_S07142,ADDR_S07142
S07143,Frado Dubey,frado dubey,INST-026,Undergraduate,1th Year,2004-05-23,G_S07143,ADDR_S07143
S07144,Neha Anne,neha anne,INST-049,Undergraduate,2th Year,2004-05-25,G_S07144,ADDR_S07144
S07145,Aayush Bhavsar,aayush bhavsar,INST-045,Undergraduate,3th Year,2008-05-23,G_S07145,ADDR_S07145
S07146,Chameli Bawa,chameli bawa,INST-007,Undergraduate,3th Year,2007-09-07,G_S07146,ADDR_S07146
S07147,Mohini Din,mohini din,INST-033,Undergraduate,4th Year,2005-02-25,G_S07147,ADDR_S07147
S07148,Dalaja Karan,dalaja karan,INST-043,Undergraduate,2th Year,2006-07-12,G_S07148,ADDR_S07148
S07149,Bhavani Bobal,bhavani bobal,INST-030,Undergraduate,1th Year,2006-06-02,G_S07149,ADDR_S07149
S07150,Charita Dani,charita dani,INST-060,Undergraduate,3th Year,2005-02-07,G_S07150,ADDR_S07150
S07151,Samarth Varty,samarth varty,INST-045,Undergraduate,2th Year,2008-01-22,G_S07151,ADDR_S07151
S07152,Ekanta Doshi,ekanta doshi,INST-001,Undergraduate,1th Year,2004-12-27,G_S07152,ADDR_S07152
S07153,Kevin Bali,kevin bali,INST-023,Undergraduate,2th Year,2005-02-20,G_S07153,ADDR_S07153
S07154,Falak Rajagopal,falak rajagopal,INST-022,Undergraduate,2th Year,2006-01-04,G_S07154,ADDR_S07154
S07155,Nathaniel Deshmukh,nathaniel deshmukh,INST-050,Undergraduate,2th Year,2004-12-12,G_S07155,ADDR_S07155
S07156,Advay Narayan,advay narayan,INST-057,Undergraduate,1th Year,2006-10-05,G_S07156,ADDR_S07156
S07157,Christopher Venkataraman,christopher venkataraman,INST-020,Undergraduate,4th Year,2007-08-06,G_S07157,ADDR_S07157
S07158,Vivaan Nayar,vivaan nayar,INST-031,Undergraduate,1th Year,2005-04-18,G_S07158,ADDR_S07158
S07159,Azaan Sundaram,azaan sundaram,INST-024,Undergraduate,2th Year,2003-04-22,G_S07159,ADDR_S07159
S07160,Priya Chaudry,priya chaudry,INST-056,Undergraduate,2th Year,2005-04-09,G_S07160,ADDR_S07160
S07161,Nandini Dass,nandini dass,INST-039,Undergraduate,4th Year,2004-02-11,G_S07161,ADDR_S07161
S07162,Kala Ratti,kala ratti,INST-017,Undergraduate,4th Year,2003-02-27,G_S07162,ADDR_S07162
S07163,Aayush Chada,aayush chada,INST-001,Undergraduate,3th Year,2005-08-12,G_S07163,ADDR_S07163
S07164,Janya Korpal,janya korpal,INST-002,Undergraduate,1th Year,2004-11-07,G_S07164,ADDR_S07164
S07165,Saumya Rege,saumya rege,INST-016,Undergraduate,3th Year,2003-09-01,G_S07165,ADDR_S07165
S07166,Harish Vora,harish vora,INST-025,Undergraduate,2th Year,2005-06-09,G_S07166,ADDR_S07166
S07167,Gauri Srinivasan,gauri srinivasan,INST-048,Undergraduate,3th Year,2007-08-20,G_S07167,ADDR_S07167
S07168,Bina Ahuja,bina ahuja,INST-014,Undergraduate,1th Year,2006-03-19,G_S07168,ADDR_S07168
S07169,Yug Mohanty,yug mohanty,INST-051,Undergraduate,1th Year,2004-10-24,G_S07169,ADDR_S07169
S07170,Aarini Dara,aarini dara,INST-014,Undergraduate,4th Year,2005-05-16,G_S07170,ADDR_S07170
S07171,Eesha Kar,eesha kar,INST-019,Undergraduate,2th Year,2007-04-19,G_S07171,ADDR_S07171
S07172,Rishi Subramaniam,rishi subramaniam,INST-033,Undergraduate,1th Year,2005-07-12,G_S07172,ADDR_S07172
S07173,Nidhi Chatterjee,nidhi chatterjee,INST-012,Undergraduate,4th Year,2003-07-09,G_S07173,ADDR_S07173
S07174,Charles Taneja,charles taneja,INST-032,Undergraduate,2th Year,2005-12-10,G_S07174,ADDR_S07174
S07175,Warhi Hegde,warhi hegde,INST-050,Undergraduate,2th Year,2007-04-22,G_S07175,ADDR_S07175
S07176,Ethan Taneja,ethan taneja,INST-056,Undergraduate,2th Year,2004-10-04,G_S07176,ADDR_S07176
S07177,David Kara,david kara,INST-045,Undergraduate,3th Year,2005-07-23,G_S07177,ADDR_S07177
S07178,Gabriel Gola,gabriel gola,INST-042,Undergraduate,4th Year,2005-10-06,G_S07178,ADDR_S07178
S07179,Manan Nath,manan nath,INST-041,Undergraduate,3th Year,2007-03-15,G_S07179,ADDR_S07179
S07180,Rushil Varty,rushil varty,INST-041,Undergraduate,3th Year,2003-12-08,G_S07180,ADDR_S07180
S07181,Rishi Kade,rishi kade,INST-031,Undergraduate,3th Year,2005-01-24,G_S07181,ADDR_S07181
S07182,Banjeet Gupta,banjeet gupta,INST-001,Undergraduate,2th Year,2003-11-19,G_S07182,ADDR_S07182
S07183,Qarin Memon,qarin memon,INST-010,Undergraduate,3th Year,2008-05-24,G_S07183,ADDR_S07183
S07184,Anvi Sen,anvi sen,INST-033,Undergraduate,3th Year,2005-10-03,G_S07184,ADDR_S07184
S07185,Aadi Madan,aadi madan,INST-007,Undergraduate,3th Year,2006-06-14,G_S07185,ADDR_S07185
S07186,Raagini Bal,raagini bal,INST-055,Undergraduate,4th Year,2003-05-15,G_S07186,ADDR_S07186
S07187,Ojasvi Dave,ojasvi dave,INST-049,Undergraduate,4th Year,2007-03-04,G_S07187,ADDR_S07187
S07188,Divya Bhatti,divya bhatti,INST-024,Undergraduate,2th Year,2007-11-22,G_S07188,ADDR_S07188
S07189,Upma Sachdev,upma sachdev,INST-055,Undergraduate,2th Year,2005-01-12,G_S07189,ADDR_S07189
S07190,Faraj Bora,faraj bora,INST-053,Undergraduate,1th Year,2007-11-20,G_S07190,ADDR_S07190
S07191,Bahadurjit Parikh,bahadurjit parikh,INST-023,Undergraduate,4th Year,2006-01-06,G_S07191,ADDR_S07191
S07192,Vasudha Khare,vasudha khare,INST-052,Undergraduate,3th Year,2004-03-27,G_S07192,ADDR_S07192
S07193,Idika Brar,idika brar,INST-033,Undergraduate,1th Year,2004-10-17,G_S07193,ADDR_S07193
S07194,Indira Rajagopal,indira rajagopal,INST-016,Undergraduate,2th Year,2006-01-28,G_S07194,ADDR_S07194
S07195,Aadhya Bansal,aadhya bansal,INST-004,Undergraduate,3th Year,2005-08-26,G_S07195,ADDR_S07195
S07196,Irya Upadhyay,irya upadhyay,INST-024,Undergraduate,4th Year,2004-02-12,G_S07196,ADDR_S07196
S07197,Hemangini Pal,hemangini pal,INST-048,Undergraduate,1th Year,2004-11-01,G_S07197,ADDR_S07197
S07198,Girish Nagi,girish nagi,INST-055,Undergraduate,1th Year,2004-07-21,G_S07198,ADDR_S07198
S07199,Abha Madan,abha madan,INST-022,Undergraduate,2th Year,2003-09-21,G_S07199,ADDR_S07199
S07200,Jasmit Kothari,jasmit kothari,INST-012,Undergraduate,4th Year,2006-12-04,G_S07200,ADDR_S07200
S07201,Mitali Batta,mitali batta,INST-027,Undergraduate,1th Year,2005-09-26,G_S07201,ADDR_S07201
S07202,URVASHI AGATE,urvashi agate,INST-006,Undergraduate,3th Year,2008-12-23,G_S07202,ADDR_S07202
S07203,Bhavani Apte,bhavani apte,INST-055,Undergraduate,3th Year,2003-12-16,G_S07203,ADDR_S07203
S07204,Advik Mukhopadhyay,advik mukhopadhyay,INST-019,Undergraduate,1th Year,2005-06-21,G_S07204,ADDR_S07204
S07205,Devika Dalal,devika dalal,INST-051,Undergraduate,2th Year,2003-02-12,G_S07205,ADDR_S07205
S07206,Andrew Kothari,andrew kothari,INST-002,Undergraduate,2th Year,2007-06-07,G_S07206,ADDR_S07206
S07207,Pranav Bumb,pranav bumb,INST-021,Undergraduate,2th Year,2005-06-26,G_S07207,ADDR_S07207
S07208,Shaurya  Raja,shaurya raja,INST-031,Undergraduate,2th Year,2006-07-13,G_S07208,ADDR_S07208
S07209,Naveen Baral,naveen baral,INST-001,Undergraduate,4th Year,2005-01-12,G_S07209,ADDR_S07209
S07210,Yoshita Prabhu,yoshita prabhu,INST-036,Undergraduate,1th Year,2008-05-24,G_S07210,ADDR_S07210
S07211,Arya Bail,arya bail,INST-018,Undergraduate,2th Year,2005-04-04,G_S07211,ADDR_S07211
S07212,Advik Doshi,advik doshi,INST-028,Undergraduate,3th Year,2004-03-10,G_S07212,ADDR_S07212
S07213,Ekanta Dugar,ekanta dugar,INST-006,Undergraduate,2th Year,2006-12-18,G_S07213,ADDR_S07213
S07214,Gautam Raja,gautam raja,INST-045,Undergraduate,2th Year,2006-04-18,G_S07214,ADDR_S07214
S07215,Rajeshri Jhaveri,rajeshri jhaveri,INST-027,Undergraduate,3th Year,2005-07-17,G_S07215,ADDR_S07215
S07216,Warjas Oommen,warjas oommen,INST-055,Undergraduate,3th Year,2006-10-22,G_S07216,ADDR_S07216
S07217,Kevin Iyengar,kevin iyengar,INST-012,Undergraduate,3th Year,2007-04-01,G_S07217,ADDR_S07217
S07218,Ranveer Sidhu,ranveer sidhu,INST-055,Undergraduate,3th Year,2007-11-24,G_S07218,ADDR_S07218
S07219,Adya Bail,adya bail,INST-053,Undergraduate,4th Year,2005-11-02,G_S07219,ADDR_S07219
S07220,RACHANA SURA,rachana sura,INST-005,Undergraduate,4th Year,2006-10-03,G_S07220,ADDR_S07220
S07221,Yashasvi Subramanian,yashasvi subramanian,INST-058,Undergraduate,2th Year,2006-09-02,G_S07221,ADDR_S07221
S07222,Om Barman,om barman,INST-001,Undergraduate,3th Year,2005-12-26,G_S07222,ADDR_S07222
S07223,George Zachariah,george zachariah,INST-015,Undergraduate,1th Year,2007-11-26,G_S07223,ADDR_S07223
S07224,TRISTAN BRAR,tristan brar,INST-047,Undergraduate,3th Year,2007-11-05,G_S07224,ADDR_S07224
S07225,Ryan Dhillon,ryan dhillon,INST-020,Undergraduate,1th Year,2003-09-17,G_S07225,ADDR_S07225
S07226,Kritika Chaudhry,kritika chaudhry,INST-020,Undergraduate,2th Year,2006-08-06,G_S07226,ADDR_S07226
S07227,Gautami Yogi,gautami yogi,INST-028,Undergraduate,3th Year,2007-04-12,G_S07227,ADDR_S07227
S07228,Hamsini Batta,hamsini batta,INST-047,Undergraduate,2th Year,2006-07-28,G_S07228,ADDR_S07228
S07229,Nicholas Rastogi,nicholas rastogi,INST-031,Undergraduate,2th Year,2005-12-26,G_S07229,ADDR_S07229
S07230,Quincy Dar,quincy dar,INST-038,Undergraduate,3th Year,2007-06-04,G_S07230,ADDR_S07230
S07231,Neha Bali,neha bali,INST-037,Undergraduate,4th Year,2006-03-08,G_S07231,ADDR_S07231
S07232,Suhani Dutt,suhani dutt,INST-006,Undergraduate,2th Year,2003-12-25,G_S07232,ADDR_S07232
S07233,Andrew Murthy,andrew murthy,INST-049,Undergraduate,3th Year,2005-09-22,G_S07233,ADDR_S07233
S07234,Upma Amble,upma amble,INST-015,Undergraduate,4th Year,2007-12-14,G_S07234,ADDR_S07234
S07235,Vansha Mahajan,vansha mahajan,INST-057,Undergraduate,4th Year,2003-03-18,G_S07235,ADDR_S07235
S07236,Arya Minhas,arya minhas,INST-051,Undergraduate,2th Year,2004-09-01,G_S07236,ADDR_S07236
S07237,Dakshesh Wali,dakshesh wali,INST-008,Undergraduate,4th Year,2004-10-13,G_S07237,ADDR_S07237
S07238,Ronith Buch,ronith buch,INST-045,Undergraduate,2th Year,2005-03-17,G_S07238,ADDR_S07238
S07239,Devansh Mann,devansh mann,INST-035,Undergraduate,1th Year,2008-11-21,G_S07239,ADDR_S07239
S07240,Ethan Nori,ethan nori,INST-022,Undergraduate,2th Year,2004-02-20,G_S07240,ADDR_S07240
S07241,Anita Sama,anita sama,INST-059,Undergraduate,3th Year,2004-05-23,G_S07241,ADDR_S07241
S07242,Lila Reddy,lila reddy,INST-023,Undergraduate,3th Year,2006-03-09,G_S07242,ADDR_S07242
S07243,Nikita Gole,nikita gole,INST-007,Undergraduate,4th Year,2005-02-16,G_S07243,ADDR_S07243
S07244,Eta Prashad,eta prashad,INST-029,Undergraduate,3th Year,2006-05-26,G_S07244,ADDR_S07244
S07245,Januja Kata,januja kata,INST-003,Undergraduate,3th Year,2008-09-01,G_S07245,ADDR_S07245
S07246,Lakshit Rajagopalan,lakshit rajagopalan,INST-060,Undergraduate,2th Year,2008-09-22,G_S07246,ADDR_S07246
S07247,Charvi Babu,charvi babu,INST-033,Undergraduate,2th Year,2003-08-11,G_S07247,ADDR_S07247
S07248,Kashvi Sunder,kashvi sunder,INST-010,Undergraduate,4th Year,2006-08-08,G_S07248,ADDR_S07248
S07249,Abeer Kalita,abeer kalita,INST-051,Undergraduate,1th Year,2003-09-12,G_S07249,ADDR_S07249
S07250,Zansi Rattan,zansi rattan,INST-037,Undergraduate,3th Year,2008-07-12,G_S07250,ADDR_S07250
S07251,Ganga Ben,ganga ben,INST-038,Undergraduate,3th Year,2004-07-03,G_S07251,ADDR_S07251
S07252,Warjas Barman,warjas barman,INST-004,Undergraduate,2th Year,2008-12-24,G_S07252,ADDR_S07252
S07253,Meghana Khare,meghana khare,INST-005,Undergraduate,3th Year,2006-02-08,G_S07253,ADDR_S07253
S07254,Abhiram Prabhakar,abhiram prabhakar,INST-045,Undergraduate,4th Year,2004-05-18,G_S07254,ADDR_S07254
S07255,KAI WALI,kai wali,INST-044,Undergraduate,4th Year,2007-02-22,G_S07255,ADDR_S07255
S07256,Pushti  Lata,pushti lata,INST-006,Undergraduate,4th Year,2004-05-01,G_S07256,ADDR_S07256
S07257,Jai Apte,jai apte,INST-054,Undergraduate,1th Year,2007-06-24,G_S07257,ADDR_S07257
S07258,Caleb Dani,caleb dani,INST-040,Undergraduate,2th Year,2007-12-18,G_S07258,ADDR_S07258
S07259,Daniel Khalsa,daniel khalsa,INST-025,Undergraduate,1th Year,2007-08-18,G_S07259,ADDR_S07259
S07260,Luke Patla,luke patla,INST-020,Undergraduate,1th Year,2004-06-03,G_S07260,ADDR_S07260
S07261,Arin Lala,arin lala,INST-059,Undergraduate,3th Year,2003-06-27,G_S07261,ADDR_S07261
S07262,Nakul Iyengar,nakul iyengar,INST-051,Undergraduate,2th Year,2007-08-07,G_S07262,ADDR_S07262
S07263,Kamala Sibal,kamala sibal,INST-016,Undergraduate,4th Year,2007-12-12,G_S07263,ADDR_S07263
S07264,Vihaan Choudhury,vihaan choudhury,INST-030,Undergraduate,3th Year,2008-02-01,G_S07264,ADDR_S07264
S07265,Manya Barman,manya barman,INST-003,Undergraduate,3th Year,2008-01-07,G_S07265,ADDR_S07265
S07266,Qushi Bassi,qushi bassi,INST-045,Undergraduate,2th Year,2003-10-17,G_S07266,ADDR_S07266
S07267,Ubika Palla,ubika palla,INST-059,Undergraduate,3th Year,2004-03-17,G_S07267,ADDR_S07267
S07268,Chakrika Nagy,chakrika nagy,INST-016,Undergraduate,2th Year,2004-06-11,G_S07268,ADDR_S07268
S07269,Anjali Devan,anjali devan,INST-048,Undergraduate,4th Year,2003-11-08,G_S07269,ADDR_S07269
S07270,Eiravati Mangal,eiravati mangal,INST-045,Undergraduate,2th Year,2004-12-28,G_S07270,ADDR_S07270
S07271,Bhavika Narayan,bhavika narayan,INST-048,Undergraduate,2th Year,2008-03-03,G_S07271,ADDR_S07271
S07272,Yoshita Chana,yoshita chana,INST-002,Undergraduate,2th Year,2008-12-02,G_S07272,ADDR_S07272
S07273,Amol Dara,amol dara,INST-014,Undergraduate,1th Year,2008-11-20,G_S07273,ADDR_S07273
S07274,Ijaya  Palla,ijaya palla,INST-058,Undergraduate,4th Year,2008-11-24,G_S07274,ADDR_S07274
S07275,Bhanumati Mandal,bhanumati mandal,INST-016,Undergraduate,4th Year,2004-09-08,G_S07275,ADDR_S07275
S07276,Mitali Ravi,mitali ravi,INST-035,Undergraduate,4th Year,2006-11-27,G_S07276,ADDR_S07276
S07277,Oliver Prabhakar,oliver prabhakar,INST-027,Undergraduate,3th Year,2006-05-09,G_S07277,ADDR_S07277
S07278,Jatin Tak,jatin tak,INST-034,Undergraduate,3th Year,2003-12-24,G_S07278,ADDR_S07278
S07279,Charles Murty,charles murty,INST-031,Undergraduate,4th Year,2005-05-05,G_S07279,ADDR_S07279
S07280,Lajita Arora,lajita arora,INST-030,Undergraduate,2th Year,2006-04-21,G_S07280,ADDR_S07280
S07281,Nilima Chauhan,nilima chauhan,INST-026,Undergraduate,1th Year,2005-01-25,G_S07281,ADDR_S07281
S07282,Liam Mukherjee,liam mukherjee,INST-057,Undergraduate,3th Year,2004-07-15,G_S07282,ADDR_S07282
S07283,Azaan Sem,azaan sem,INST-013,Undergraduate,1th Year,2003-08-12,G_S07283,ADDR_S07283
S07284,Chaman Sen,chaman sen,INST-046,Undergraduate,4th Year,2006-06-17,G_S07284,ADDR_S07284
S07285,Oviya Ravi,oviya ravi,INST-039,Undergraduate,4th Year,2003-02-09,G_S07285,ADDR_S07285
S07286,Karan Hegde,karan hegde,INST-014,Undergraduate,4th Year,2003-07-12,G_S07286,ADDR_S07286
S07287,Dev Pau,dev pau,INST-057,Undergraduate,3th Year,2005-04-14,G_S07287,ADDR_S07287
S07288,Avi Bobal,avi bobal,INST-019,Undergraduate,4th Year,2008-02-18,G_S07288,ADDR_S07288
S07289,Rushil Agrawal,rushil agrawal,INST-048,Undergraduate,4th Year,2008-04-26,G_S07289,ADDR_S07289
S07290,Ridhi Karpe,ridhi karpe,INST-038,Undergraduate,1th Year,2004-07-12,G_S07290,ADDR_S07290
S07291,Pallavi Taneja,pallavi taneja,INST-028,Undergraduate,3th Year,2003-10-23,G_S07291,ADDR_S07291
S07292,Diya Sampath,diya sampath,INST-022,Undergraduate,2th Year,2004-04-27,G_S07292,ADDR_S07292
S07293,Idika Vyas,idika vyas,INST-031,Undergraduate,4th Year,2008-04-04,G_S07293,ADDR_S07293
S07294,David Prakash,david prakash,INST-017,Undergraduate,2th Year,2006-02-27,G_S07294,ADDR_S07294
S07295,Praneel Kumer,praneel kumer,INST-055,Undergraduate,2th Year,2004-02-02,G_S07295,ADDR_S07295
S07296,Falan Kadakia,falan kadakia,INST-033,Undergraduate,4th Year,2004-01-12,G_S07296,ADDR_S07296
S07297,Eta  Mohanty,eta mohanty,INST-006,Undergraduate,4th Year,2004-07-08,G_S07297,ADDR_S07297
S07298,Alka Bhalla,alka bhalla,INST-033,Undergraduate,3th Year,2007-08-26,G_S07298,ADDR_S07298
S07299,Aishani Pau,aishani pau,INST-059,Undergraduate,4th Year,2003-11-12,G_S07299,ADDR_S07299
S07300,Gunbir Nagarajan,gunbir nagarajan,INST-034,Undergraduate,2th Year,2006-07-23,G_S07300,ADDR_S07300
S07301,Chatura Nagar,chatura nagar,INST-017,Undergraduate,4th Year,2008-09-25,G_S07301,ADDR_S07301
S07302,Jatin Buch,jatin buch,INST-015,Undergraduate,3th Year,2006-02-10,G_S07302,ADDR_S07302
S07303,Radhika Mital,radhika mital,INST-044,Undergraduate,1th Year,2006-02-05,G_S07303,ADDR_S07303
S07304,Tanish Sanghvi,tanish sanghvi,INST-007,Undergraduate,1th Year,2005-06-09,G_S07304,ADDR_S07304
S07305,Lipika Dasgupta,lipika dasgupta,INST-044,Undergraduate,3th Year,2008-02-09,G_S07305,ADDR_S07305
S07306,Robert Naidu,robert naidu,INST-027,Undergraduate,4th Year,2005-04-05,G_S07306,ADDR_S07306
S07307,Aishani Sharma,aishani sharma,INST-009,Undergraduate,3th Year,2008-09-10,G_S07307,ADDR_S07307
S07308,Abhimanyu Prasad,abhimanyu prasad,INST-052,Undergraduate,4th Year,2007-12-17,G_S07308,ADDR_S07308
S07309,Chandran Grewal,chandran grewal,INST-001,Undergraduate,4th Year,2008-08-19,G_S07309,ADDR_S07309
S07310,Vanya Som,vanya som,INST-035,Undergraduate,1th Year,2008-08-19,G_S07310,ADDR_S07310
S07311,Alka Konda,alka konda,INST-060,Undergraduate,1th Year,2006-11-24,G_S07311,ADDR_S07311
S07312,Harish Grewal,harish grewal,INST-045,Undergraduate,1th Year,2003-02-25,G_S07312,ADDR_S07312
S07313,Atharv Parsa,atharv parsa,INST-033,Undergraduate,2th Year,2008-12-13,G_S07313,ADDR_S07313
S07314,Vrinda Khurana,vrinda khurana,INST-017,Undergraduate,2th Year,2008-12-27,G_S07314,ADDR_S07314
S07315,RANVEER DHAWAN,ranveer dhawan,INST-025,Undergraduate,3th Year,2007-09-27,G_S07315,ADDR_S07315
S07316,Simon Deol,simon deol,INST-019,Undergraduate,1th Year,2004-09-19,G_S07316,ADDR_S07316
S07317,Nidhi Mann,nidhi mann,INST-015,Undergraduate,2th Year,2008-05-07,G_S07317,ADDR_S07317
S07318,Balveer Grewal,balveer grewal,INST-008,Undergraduate,4th Year,2004-11-09,G_S07318,ADDR_S07318
S07319,Ekanta Khatri,ekanta khatri,INST-019,Undergraduate,4th Year,2005-08-08,G_S07319,ADDR_S07319
S07320,Megha Sharma,megha sharma,INST-021,Undergraduate,2th Year,2003-08-05,G_S07320,ADDR_S07320
S07321,Rachit Kuruvilla,rachit kuruvilla,INST-004,Undergraduate,2th Year,2005-08-21,G_S07321,ADDR_S07321
S07322,Reva Solanki,reva solanki,INST-045,Undergraduate,2th Year,2006-09-01,G_S07322,ADDR_S07322
S07323,Nathaniel Kapur,nathaniel kapur,INST-040,Undergraduate,2th Year,2007-06-11,G_S07323,ADDR_S07323
S07324,Lohit Batra,lohit batra,INST-013,Undergraduate,1th Year,2003-12-23,G_S07324,ADDR_S07324
S07325,William Gopal,william gopal,INST-052,Undergraduate,1th Year,2004-01-21,G_S07325,ADDR_S07325
S07326,Girindra Krishnamurthy,girindra krishnamurthy,INST-021,Undergraduate,3th Year,2003-10-07,G_S07326,ADDR_S07326
S07327,Dhruv Sampath,dhruv sampath,INST-057,Undergraduate,1th Year,2003-09-05,G_S07327,ADDR_S07327
S07328,Vedant Gill,vedant gill,INST-043,Undergraduate,3th Year,2003-02-01,G_S07328,ADDR_S07328
S07329,Chaaya Devi,chaaya devi,INST-048,Undergraduate,2th Year,2007-10-21,G_S07329,ADDR_S07329
S07330,Chameli Talwar,chameli talwar,INST-057,Undergraduate,3th Year,2004-08-08,G_S07330,ADDR_S07330
S07331,Manthan Andra,manthan andra,INST-046,Undergraduate,4th Year,2003-01-23,G_S07331,ADDR_S07331
S07332,Garima Nagi,garima nagi,INST-010,Undergraduate,3th Year,2007-08-17,G_S07332,ADDR_S07332
S07333,Falguni Luthra,falguni luthra,INST-019,Undergraduate,3th Year,2008-12-04,G_S07333,ADDR_S07333
S07334,Jonathan Ramachandran,jonathan ramachandran,INST-051,Undergraduate,4th Year,2006-04-01,G_S07334,ADDR_S07334
S07335,Saanvi Naik,saanvi naik,INST-018,Undergraduate,4th Year,2003-02-22,G_S07335,ADDR_S07335
S07336,Ekaraj Jaggi,ekaraj jaggi,INST-020,Undergraduate,2th Year,2003-07-09,G_S07336,ADDR_S07336
S07337,Jeet Balan,jeet balan,INST-042,Undergraduate,2th Year,2008-08-07,G_S07337,ADDR_S07337
S07338,Maya Mane,maya mane,INST-043,Undergraduate,4th Year,2004-06-21,G_S07338,ADDR_S07338
S07339,Tanay Dubey,tanay dubey,INST-041,Undergraduate,4th Year,2007-12-04,G_S07339,ADDR_S07339
S07340,Rachana Dora,rachana dora,INST-005,Undergraduate,3th Year,2005-12-01,G_S07340,ADDR_S07340
S07341,Waida Sengupta,waida sengupta,INST-037,Undergraduate,2th Year,2005-11-19,G_S07341,ADDR_S07341
S07342,Unni Kamdar,unni kamdar,INST-002,Undergraduate,4th Year,2007-09-16,G_S07342,ADDR_S07342
S07343,Faqid Sachdeva,faqid sachdeva,INST-060,Undergraduate,2th Year,2007-12-12,G_S07343,ADDR_S07343
S07344,MITALI RATTI,mitali ratti,INST-006,Undergraduate,3th Year,2005-11-02,G_S07344,ADDR_S07344
S07345,Vanya Bala,vanya bala,INST-009,Undergraduate,1th Year,2007-01-14,G_S07345,ADDR_S07345
S07346,Aarush Johal,aarush johal,INST-048,Undergraduate,2th Year,2008-08-18,G_S07346,ADDR_S07346
S07347,Charles Khanna,charles khanna,INST-022,Undergraduate,1th Year,2006-03-19,G_S07347,ADDR_S07347
S07348,Bakhshi Nayak,bakhshi nayak,INST-007,Undergraduate,2th Year,2004-05-12,G_S07348,ADDR_S07348
S07349,Omkaar Thakur,omkaar thakur,INST-014,Undergraduate,4th Year,2007-09-21,G_S07349,ADDR_S07349
S07350,Krishna Mani,krishna mani,INST-046,Undergraduate,1th Year,2007-06-23,G_S07350,ADDR_S07350
S07351,Baljiwan Solanki,baljiwan solanki,INST-022,Undergraduate,3th Year,2003-06-18,G_S07351,ADDR_S07351
S07352,Chatresh Deo,chatresh deo,INST-040,Undergraduate,4th Year,2008-05-23,G_S07352,ADDR_S07352
S07353,Anamika Badami,anamika badami,INST-057,Undergraduate,3th Year,2008-12-19,G_S07353,ADDR_S07353
S07354,Urvashi Peri,urvashi peri,INST-018,Undergraduate,3th Year,2007-02-06,G_S07354,ADDR_S07354
S07355,Priya Setty,priya setty,INST-007,Undergraduate,3th Year,2005-03-06,G_S07355,ADDR_S07355
S07356,Lakshit Prabhu,lakshit prabhu,INST-037,Undergraduate,4th Year,2005-03-15,G_S07356,ADDR_S07356
S07357,QUSHI DUTTA,qushi dutta,INST-055,Undergraduate,3th Year,2006-09-21,G_S07357,ADDR_S07357
S07358,Balveer Konda,balveer konda,INST-028,Undergraduate,2th Year,2007-11-03,G_S07358,ADDR_S07358
S07359,Rayaan Trivedi,rayaan trivedi,INST-011,Undergraduate,3th Year,2006-03-08,G_S07359,ADDR_S07359
S07360,Netra Lala,netra lala,INST-025,Undergraduate,3th Year,2006-04-21,G_S07360,ADDR_S07360
S07361,Ekavir Mandal,ekavir mandal,INST-044,Undergraduate,3th Year,2007-01-03,G_S07361,ADDR_S07361
S07362,Amara  Murty,amara murty,INST-041,Undergraduate,3th Year,2008-07-19,G_S07362,ADDR_S07362
S07363,Sathvik Chawla,sathvik chawla,INST-047,Undergraduate,2th Year,2008-11-27,G_S07363,ADDR_S07363
S07364,Vedhika Mall,vedhika mall,INST-031,Undergraduate,1th Year,2008-07-04,G_S07364,ADDR_S07364
S07365,Aarini Toor,aarini toor,INST-049,Undergraduate,4th Year,2004-04-13,G_S07365,ADDR_S07365
S07366,Bakhshi Murty,bakhshi murty,INST-029,Undergraduate,1th Year,2006-10-27,G_S07366,ADDR_S07366
S07367,Akshay Manda,akshay manda,INST-040,Undergraduate,2th Year,2004-05-10,G_S07367,ADDR_S07367
S07368,Luke Saha,luke saha,INST-021,Undergraduate,4th Year,2004-12-17,G_S07368,ADDR_S07368
S07369,Chaman Kalita,chaman kalita,INST-041,Undergraduate,2th Year,2006-12-02,G_S07369,ADDR_S07369
S07370,Karan Kapadia,karan kapadia,INST-028,Undergraduate,1th Year,2005-04-10,G_S07370,ADDR_S07370
S07371,Lakshmi Chaudhuri,lakshmi chaudhuri,INST-060,Undergraduate,4th Year,2008-12-26,G_S07371,ADDR_S07371
S07372,Harrison Dugar,harrison dugar,INST-057,Undergraduate,1th Year,2008-11-13,G_S07372,ADDR_S07372
S07373,Hemang Narayan,hemang narayan,INST-036,Undergraduate,3th Year,2006-07-10,G_S07373,ADDR_S07373
S07374,Harinakshi Kari,harinakshi kari,INST-057,Undergraduate,2th Year,2005-03-18,G_S07374,ADDR_S07374
S07375,Amol Agrawal,amol agrawal,INST-007,Undergraduate,2th Year,2006-07-24,G_S07375,ADDR_S07375
S07376,Qabil Seshadri,qabil seshadri,INST-015,Undergraduate,4th Year,2008-01-16,G_S07376,ADDR_S07376
S07377,Nihal Devan,nihal devan,INST-049,Undergraduate,3th Year,2008-08-14,G_S07377,ADDR_S07377
S07378,Daksha Tank,daksha tank,INST-027,Undergraduate,4th Year,2008-02-14,G_S07378,ADDR_S07378
S07379,Orinder Edwin,orinder edwin,INST-008,Undergraduate,3th Year,2005-12-15,G_S07379,ADDR_S07379
S07380,Mitali Shenoy,mitali shenoy,INST-006,Undergraduate,3th Year,2007-12-06,G_S07380,ADDR_S07380
S07381,Devansh Varghese,devansh varghese,INST-041,Undergraduate,4th Year,2007-02-18,G_S07381,ADDR_S07381
S07382,Kabir Jayaraman,kabir jayaraman,INST-002,Undergraduate,2th Year,2008-04-24,G_S07382,ADDR_S07382
S07383,Vasudha Bhardwaj,vasudha bhardwaj,INST-031,Undergraduate,1th Year,2007-06-03,G_S07383,ADDR_S07383
S07384,Bina Bir,bina bir,INST-004,Undergraduate,4th Year,2008-03-10,G_S07384,ADDR_S07384
S07385,Chandran Rajagopalan,chandran rajagopalan,INST-037,Undergraduate,4th Year,2005-09-13,G_S07385,ADDR_S07385
S07386,Ryan Kumer,ryan kumer,INST-004,Undergraduate,3th Year,2003-07-03,G_S07386,ADDR_S07386
S07387,Nandini Mohan,nandini mohan,INST-001,Undergraduate,2th Year,2007-07-03,G_S07387,ADDR_S07387
S07388,Anika Raman,anika raman,INST-051,Undergraduate,1th Year,2005-11-16,G_S07388,ADDR_S07388
S07389,Ekta Varma,ekta varma,INST-032,Undergraduate,1th Year,2004-05-25,G_S07389,ADDR_S07389
S07390,Sachi Luthra,sachi luthra,INST-053,Undergraduate,2th Year,2006-10-23,G_S07390,ADDR_S07390
S07391,Reyansh Khurana,reyansh khurana,INST-054,Undergraduate,1th Year,2005-12-15,G_S07391,ADDR_S07391
S07392,Sai Dube,sai dube,INST-038,Undergraduate,2th Year,2006-02-25,G_S07392,ADDR_S07392
S07393,Megha Dar,megha dar,INST-011,Undergraduate,2th Year,2006-04-02,G_S07393,ADDR_S07393
S07394,Daniel Dhaliwal,daniel dhaliwal,INST-006,Undergraduate,4th Year,2007-10-14,G_S07394,ADDR_S07394
S07395,Fiyaz Rajagopalan,fiyaz rajagopalan,INST-049,Undergraduate,4th Year,2007-11-08,G_S07395,ADDR_S07395
S07396,Kevin Amble,kevin amble,INST-047,Undergraduate,1th Year,2005-11-02,G_S07396,ADDR_S07396
S07397,Omya Naidu,omya naidu,INST-055,Undergraduate,3th Year,2006-03-04,G_S07397,ADDR_S07397
S07398,Eiravati Sengupta,eiravati sengupta,INST-029,Undergraduate,2th Year,2003-06-16,G_S07398,ADDR_S07398
S07399,Arunima Narayanan,arunima narayanan,INST-035,Undergraduate,4th Year,2004-11-22,G_S07399,ADDR_S07399
S07400,Mohini Naidu,mohini naidu,INST-017,Undergraduate,3th Year,2008-06-25,G_S07400,ADDR_S07400
S07401,Jagrati Tak,jagrati tak,INST-041,Undergraduate,4th Year,2003-09-19,G_S07401,ADDR_S07401
S07402,Harish Gera,harish gera,INST-042,Undergraduate,2th Year,2005-06-21,G_S07402,ADDR_S07402
S07403,Upma Sankar,upma sankar,INST-008,Undergraduate,2th Year,2004-07-01,G_S07403,ADDR_S07403
S07404,Abdul Amble,abdul amble,INST-044,Undergraduate,2th Year,2008-03-07,G_S07404,ADDR_S07404
S07405,Libni  Viswanathan,libni viswanathan,INST-032,Undergraduate,1th Year,2007-02-14,G_S07405,ADDR_S07405
S07406,Geetika Verma,geetika verma,INST-014,Undergraduate,1th Year,2006-03-17,G_S07406,ADDR_S07406
S07407,Kevin Manne,kevin manne,INST-018,Undergraduate,1th Year,2008-02-22,G_S07407,ADDR_S07407
S07408,Ishanvi Bora,ishanvi bora,INST-005,Undergraduate,2th Year,2008-07-16,G_S07408,ADDR_S07408
S07409,Lavanya Pandit,lavanya pandit,INST-052,Undergraduate,4th Year,2008-07-17,G_S07409,ADDR_S07409
S07410,Ekta Chhabra,ekta chhabra,INST-048,Undergraduate,4th Year,2003-04-17,G_S07410,ADDR_S07410
S07411,Parth Kunda,parth kunda,INST-055,Undergraduate,2th Year,2005-11-15,G_S07411,ADDR_S07411
S07412,Abha Biswas,abha biswas,INST-049,Undergraduate,3th Year,2005-03-18,G_S07412,ADDR_S07412
S07413,Chaman Ahluwalia,chaman ahluwalia,INST-031,Undergraduate,2th Year,2007-01-12,G_S07413,ADDR_S07413
S07414,Saksham Jaggi,saksham jaggi,INST-038,Undergraduate,2th Year,2003-02-17,G_S07414,ADDR_S07414
S07415,Pooja Badal,pooja badal,INST-002,Undergraduate,2th Year,2008-12-24,G_S07415,ADDR_S07415
S07416,Eesha Singhal,eesha singhal,INST-029,Undergraduate,1th Year,2003-12-09,G_S07416,ADDR_S07416
S07417,Devansh Sethi,devansh sethi,INST-016,Undergraduate,3th Year,2008-09-21,G_S07417,ADDR_S07417
S07418,Yatan Rege,yatan rege,INST-014,Undergraduate,1th Year,2008-06-07,G_S07418,ADDR_S07418
S07419,Chakradev Misra,chakradev misra,INST-051,Undergraduate,1th Year,2005-08-21,G_S07419,ADDR_S07419
S07420,Mitesh Kala,mitesh kala,INST-051,Undergraduate,2th Year,2005-09-06,G_S07420,ADDR_S07420
S07421,Darsh Ghose,darsh ghose,INST-001,Undergraduate,1th Year,2008-09-19,G_S07421,ADDR_S07421
S07422,Gaurangi Bava,gaurangi bava,INST-057,Undergraduate,4th Year,2007-12-09,G_S07422,ADDR_S07422
S07423,Azaan Mall,azaan mall,INST-025,Undergraduate,4th Year,2007-11-15,G_S07423,ADDR_S07423
S07424,SIMON LUTHRA,simon luthra,INST-013,Undergraduate,2th Year,2005-07-07,G_S07424,ADDR_S07424
S07425,Rachita Bhatti,rachita bhatti,INST-048,Undergraduate,2th Year,2005-08-18,G_S07425,ADDR_S07425
S07426,Vedhika Sur,vedhika sur,INST-014,Undergraduate,1th Year,2004-03-28,G_S07426,ADDR_S07426
S07427,Anjali Nayar,anjali nayar,INST-036,Undergraduate,3th Year,2005-12-23,G_S07427,ADDR_S07427
S07428,Amruta Choudhary,amruta choudhary,INST-039,Undergraduate,2th Year,2008-03-16,G_S07428,ADDR_S07428
S07429,Janani Ramachandran,janani ramachandran,INST-059,Undergraduate,2th Year,2006-02-01,G_S07429,ADDR_S07429
S07430,AGASTYA MISRA,agastya misra,INST-015,Undergraduate,1th Year,2005-08-23,G_S07430,ADDR_S07430
S07431,Brijesh Shetty,brijesh shetty,INST-012,Undergraduate,4th Year,2005-09-24,G_S07431,ADDR_S07431
S07432,Irya Purohit,irya purohit,INST-023,Undergraduate,4th Year,2003-09-12,G_S07432,ADDR_S07432
S07433,Chandani Upadhyay,chandani upadhyay,INST-029,Undergraduate,1th Year,2008-06-20,G_S07433,ADDR_S07433
S07434,Ekanta Tara,ekanta tara,INST-026,Undergraduate,4th Year,2007-07-25,G_S07434,ADDR_S07434
S07435,Zayan Bahl,zayan bahl,INST-005,Undergraduate,3th Year,2008-11-09,G_S07435,ADDR_S07435
S07436,Chakradev Dey,chakradev dey,INST-053,Undergraduate,2th Year,2005-11-18,G_S07436,ADDR_S07436
S07437,Aarav Ganguly,aarav ganguly,INST-041,Undergraduate,3th Year,2007-05-06,G_S07437,ADDR_S07437
S07438,Anamika Din,anamika din,INST-060,Undergraduate,4th Year,2006-08-22,G_S07438,ADDR_S07438
S07439,Viraj Chana,viraj chana,INST-049,Undergraduate,3th Year,2005-11-07,G_S07439,ADDR_S07439
S07440,Logan Natarajan,logan natarajan,INST-053,Undergraduate,2th Year,2008-04-16,G_S07440,ADDR_S07440
S07441,Anay Sidhu,anay sidhu,INST-043,Undergraduate,3th Year,2005-05-18,G_S07441,ADDR_S07441
S07442,DEVIKA DUBE,devika dube,INST-051,Undergraduate,3th Year,2007-10-04,G_S07442,ADDR_S07442
S07443,Utkarsh Char,utkarsh char,INST-043,Undergraduate,3th Year,2008-09-27,G_S07443,ADDR_S07443
S07444,Tripti Sinha,tripti sinha,INST-011,Undergraduate,3th Year,2004-11-17,G_S07444,ADDR_S07444
S07445,Rajeshri Sharma,rajeshri sharma,INST-004,Undergraduate,3th Year,2004-02-21,G_S07445,ADDR_S07445
S07446,Jasmit Comar,jasmit comar,INST-010,Undergraduate,2th Year,2006-07-26,G_S07446,ADDR_S07446
S07447,Ekalinga Varghese,ekalinga varghese,INST-060,Undergraduate,4th Year,2006-01-07,G_S07447,ADDR_S07447
S07448,Amara Virk,amara virk,INST-053,Undergraduate,3th Year,2008-06-16,G_S07448,ADDR_S07448
S07449,Saksham Aggarwal,saksham aggarwal,INST-047,Undergraduate,3th Year,2008-04-15,G_S07449,ADDR_S07449
S07450,Ekaja Venkatesh,ekaja venkatesh,INST-005,Undergraduate,4th Year,2007-02-23,G_S07450,ADDR_S07450
S07451,Yoshita Malhotra,yoshita malhotra,INST-036,Undergraduate,1th Year,2005-09-19,G_S07451,ADDR_S07451
S07452,Osha Dutt,osha dutt,INST-028,Undergraduate,2th Year,2006-09-09,G_S07452,ADDR_S07452
S07453,Thomas Ganguly,thomas ganguly,INST-024,Undergraduate,2th Year,2003-01-02,G_S07453,ADDR_S07453
S07454,Azaan Patel,azaan patel,INST-005,Undergraduate,3th Year,2003-07-21,G_S07454,ADDR_S07454
S07455,Ati Gandhi,ati gandhi,INST-038,Undergraduate,1th Year,2007-07-03,G_S07455,ADDR_S07455
S07456,Osha Srivastava,osha srivastava,INST-004,Undergraduate,4th Year,2008-05-06,G_S07456,ADDR_S07456
S07457,Zaitra Kadakia,zaitra kadakia,INST-042,Undergraduate,3th Year,2006-01-03,G_S07457,ADDR_S07457
S07458,Sachi Hans,sachi hans,INST-057,Undergraduate,2th Year,2007-03-13,G_S07458,ADDR_S07458
S07459,Leena Rau,leena rau,INST-025,Undergraduate,3th Year,2004-02-09,G_S07459,ADDR_S07459
S07460,Tanay Chadha,tanay chadha,INST-002,Undergraduate,4th Year,2004-09-04,G_S07460,ADDR_S07460
S07461,George Wagle,george wagle,INST-038,Undergraduate,3th Year,2007-02-07,G_S07461,ADDR_S07461
S07462,Upadhriti Zachariah,upadhriti zachariah,INST-028,Undergraduate,3th Year,2006-09-17,G_S07462,ADDR_S07462
S07463,Chaitaly Din,chaitaly din,INST-044,Undergraduate,1th Year,2008-04-07,G_S07463,ADDR_S07463
S07464,Janaki Oak,janaki oak,INST-049,Undergraduate,2th Year,2008-04-20,G_S07464,ADDR_S07464
S07465,Oeshi Bajaj,oeshi bajaj,INST-050,Undergraduate,3th Year,2005-05-01,G_S07465,ADDR_S07465
S07466,Michael Keer,michael keer,INST-013,Undergraduate,1th Year,2004-07-27,G_S07466,ADDR_S07466
S07467,Triveni Dhawan,triveni dhawan,INST-055,Undergraduate,1th Year,2005-11-04,G_S07467,ADDR_S07467
S07468,Urvi Dani,urvi dani,INST-036,Undergraduate,4th Year,2006-06-24,G_S07468,ADDR_S07468
S07469,Yadavi  Bala,yadavi bala,INST-021,Undergraduate,4th Year,2005-04-15,G_S07469,ADDR_S07469
S07470,Onveer Kari,onveer kari,INST-026,Undergraduate,2th Year,2006-03-09,G_S07470,ADDR_S07470
S07471,Daksh Banik,daksh banik,INST-008,Undergraduate,3th Year,2003-05-21,G_S07471,ADDR_S07471
S07472,Diya Mahajan,diya mahajan,INST-060,Undergraduate,1th Year,2004-06-23,G_S07472,ADDR_S07472
S07473,Christopher Mand,christopher mand,INST-048,Undergraduate,3th Year,2004-09-26,G_S07473,ADDR_S07473
S07474,Sanya Naidu,sanya naidu,INST-003,Undergraduate,4th Year,2005-09-19,G_S07474,ADDR_S07474
S07475,Ekavir Saxena,ekavir saxena,INST-015,Undergraduate,1th Year,2003-06-24,G_S07475,ADDR_S07475
S07476,Watika Murthy,watika murthy,INST-002,Undergraduate,3th Year,2006-10-10,G_S07476,ADDR_S07476
S07477,Samaksh Vohra,samaksh vohra,INST-045,Undergraduate,1th Year,2006-01-08,G_S07477,ADDR_S07477
S07478,Balveer Sethi,balveer sethi,INST-001,Undergraduate,1th Year,2008-06-02,G_S07478,ADDR_S07478
S07479,Turvi Varkey,turvi varkey,INST-060,Undergraduate,1th Year,2006-08-24,G_S07479,ADDR_S07479
S07480,Ira Bhattacharyya,ira bhattacharyya,INST-037,Undergraduate,2th Year,2003-11-24,G_S07480,ADDR_S07480
S07481,Wakeeta Bhardwaj,wakeeta bhardwaj,INST-048,Undergraduate,2th Year,2007-09-08,G_S07481,ADDR_S07481
S07482,Kala Uppal,kala uppal,INST-030,Undergraduate,1th Year,2007-09-14,G_S07482,ADDR_S07482
S07483,Oliver Ravel,oliver ravel,INST-032,Undergraduate,4th Year,2004-11-25,G_S07483,ADDR_S07483
S07484,Yashasvi Lall,yashasvi lall,INST-060,Undergraduate,4th Year,2007-07-27,G_S07484,ADDR_S07484
S07485,Nirja Jha,nirja jha,INST-036,Undergraduate,1th Year,2003-12-28,G_S07485,ADDR_S07485
S07486,Nachiket Badal,nachiket badal,INST-027,Undergraduate,2th Year,2003-07-21,G_S07486,ADDR_S07486
S07487,Mohini Buch,mohini buch,INST-033,Undergraduate,3th Year,2008-02-24,G_S07487,ADDR_S07487
S07488,Wazir Rastogi,wazir rastogi,INST-045,Undergraduate,4th Year,2004-12-25,G_S07488,ADDR_S07488
S07489,Pranit Contractor,pranit contractor,INST-049,Undergraduate,1th Year,2004-02-12,G_S07489,ADDR_S07489
S07490,Gauri Chakrabarti,gauri chakrabarti,INST-021,Undergraduate,4th Year,2006-03-19,G_S07490,ADDR_S07490
S07491,Mohammed Zacharia,mohammed zacharia,INST-013,Undergraduate,2th Year,2004-01-11,G_S07491,ADDR_S07491
S07492,Guneet Vaidya,guneet vaidya,INST-009,Undergraduate,1th Year,2003-11-03,G_S07492,ADDR_S07492
S07493,Avi Suresh,avi suresh,INST-016,Undergraduate,1th Year,2003-11-05,G_S07493,ADDR_S07493
S07494,Neelima Rama,neelima rama,INST-013,Undergraduate,2th Year,2003-01-03,G_S07494,ADDR_S07494
S07495,Jagat Batta,jagat batta,INST-059,Undergraduate,1th Year,2003-10-21,G_S07495,ADDR_S07495
S07496,Kevin Kanda,kevin kanda,INST-033,Undergraduate,1th Year,2003-12-03,G_S07496,ADDR_S07496
S07497,Manan Dhawan,manan dhawan,INST-020,Undergraduate,3th Year,2003-02-04,G_S07497,ADDR_S07497
S07498,Vihaan Kapur,vihaan kapur,INST-060,Undergraduate,2th Year,2006-08-26,G_S07498,ADDR_S07498
S07499,Yasti Sarkar,yasti sarkar,INST-016,Undergraduate,3th Year,2007-04-16,G_S07499,ADDR_S07499
S07500,Suhani Batra,suhani batra,INST-024,Undergraduate,1th Year,2005-07-23,G_S07500,ADDR_S07500
S07501,Diya Basu,diya basu,INST-021,Undergraduate,2th Year,2005-09-24,G_S07501,ADDR_S07501
S07502,Vritti Narang,vritti narang,INST-030,Undergraduate,4th Year,2008-03-10,G_S07502,ADDR_S07502
S07503,Yasti Sachdev,yasti sachdev,INST-049,Undergraduate,3th Year,2006-06-01,G_S07503,ADDR_S07503
S07504,Rayaan Nigam,rayaan nigam,INST-023,Undergraduate,4th Year,2005-01-21,G_S07504,ADDR_S07504
S07505,Sanaya Arya,sanaya arya,INST-033,Undergraduate,4th Year,2006-02-16,G_S07505,ADDR_S07505
S07506,Riya Keer,riya keer,INST-028,Undergraduate,4th Year,2003-01-28,G_S07506,ADDR_S07506
S07507,Onkar Kamdar,onkar kamdar,INST-019,Undergraduate,4th Year,2004-12-24,G_S07507,ADDR_S07507
S07508,Ekantika Narayan,ekantika narayan,INST-055,Undergraduate,3th Year,2007-08-18,G_S07508,ADDR_S07508
S07509,Brijesh Nadkarni,brijesh nadkarni,INST-042,Undergraduate,1th Year,2003-09-11,G_S07509,ADDR_S07509
S07510,Bachittar Parmar,bachittar parmar,INST-004,Undergraduate,1th Year,2005-05-10,G_S07510,ADDR_S07510
S07511,Girik Vohra,girik vohra,INST-048,Undergraduate,2th Year,2007-06-04,G_S07511,ADDR_S07511
S07512,Tristan Varty,tristan varty,INST-015,Undergraduate,2th Year,2005-12-28,G_S07512,ADDR_S07512
S07513,Ati Lall,ati lall,INST-022,Undergraduate,2th Year,2006-08-16,G_S07513,ADDR_S07513
S07514,Deepa Pillai,deepa pillai,INST-035,Undergraduate,4th Year,2003-07-01,G_S07514,ADDR_S07514
S07515,Henry Bose,henry bose,INST-016,Undergraduate,4th Year,2008-10-26,G_S07515,ADDR_S07515
S07516,Devansh Morar,devansh morar,INST-016,Undergraduate,1th Year,2006-08-05,G_S07516,ADDR_S07516
S07517,Charan Chaudry,charan chaudry,INST-051,Undergraduate,2th Year,2008-06-01,G_S07517,ADDR_S07517
S07518,Utkarsh Naidu,utkarsh naidu,INST-001,Undergraduate,4th Year,2007-10-01,G_S07518,ADDR_S07518
S07519,Rushil Rattan,rushil rattan,INST-047,Undergraduate,4th Year,2004-08-21,G_S07519,ADDR_S07519
S07520,Ishaan Nair,ishaan nair,INST-001,Undergraduate,1th Year,2004-05-27,G_S07520,ADDR_S07520
S07521,Falan Barad,falan barad,INST-009,Undergraduate,2th Year,2003-10-28,G_S07521,ADDR_S07521
S07522,Shravya Sekhon,shravya sekhon,INST-013,Undergraduate,2th Year,2005-02-28,G_S07522,ADDR_S07522
S07523,Lucky Kata,lucky kata,INST-017,Undergraduate,2th Year,2004-02-08,G_S07523,ADDR_S07523
S07524,Amara Parikh,amara parikh,INST-054,Undergraduate,3th Year,2006-06-02,G_S07524,ADDR_S07524
S07525,Yauvani Manne,yauvani manne,INST-048,Undergraduate,2th Year,2007-03-14,G_S07525,ADDR_S07525
S07526,Nisha Solanki,nisha solanki,INST-003,Undergraduate,1th Year,2005-03-13,G_S07526,ADDR_S07526
S07527,Aryan Kata,aryan kata,INST-044,Undergraduate,4th Year,2005-11-15,G_S07527,ADDR_S07527
S07528,Prisha Misra,prisha misra,INST-051,Undergraduate,3th Year,2003-01-14,G_S07528,ADDR_S07528
S07529,Dominic Sankaran,dominic sankaran,INST-051,Undergraduate,3th Year,2007-12-05,G_S07529,ADDR_S07529
S07530,Krish Nagar,krish nagar,INST-007,Undergraduate,1th Year,2006-09-07,G_S07530,ADDR_S07530
S07531,Tejas Tara,tejas tara,INST-005,Undergraduate,4th Year,2006-12-04,G_S07531,ADDR_S07531
S07532,Jagat Pant,jagat pant,INST-033,Undergraduate,2th Year,2006-07-01,G_S07532,ADDR_S07532
S07533,Jasmit Sethi,jasmit sethi,INST-023,Undergraduate,3th Year,2007-04-20,G_S07533,ADDR_S07533
S07534,Manan Sarna,manan sarna,INST-054,Undergraduate,1th Year,2007-04-09,G_S07534,ADDR_S07534
S07535,Hemang Upadhyay,hemang upadhyay,INST-004,Undergraduate,3th Year,2007-10-03,G_S07535,ADDR_S07535
S07536,Sathvik Barad,sathvik barad,INST-032,Undergraduate,4th Year,2006-12-22,G_S07536,ADDR_S07536
S07537,Gaurang Narula,gaurang narula,INST-054,Undergraduate,4th Year,2007-04-06,G_S07537,ADDR_S07537
S07538,Daksha Gade,daksha gade,INST-014,Undergraduate,4th Year,2005-05-08,G_S07538,ADDR_S07538
S07539,Utkarsh Gill,utkarsh gill,INST-026,Undergraduate,2th Year,2004-05-19,G_S07539,ADDR_S07539
S07540,Gautam Prashad,gautam prashad,INST-040,Undergraduate,4th Year,2006-11-22,G_S07540,ADDR_S07540
S07541,Ekapad Palan,ekapad palan,INST-002,Undergraduate,3th Year,2004-02-04,G_S07541,ADDR_S07541
S07542,Yug Sant,yug sant,INST-009,Undergraduate,2th Year,2004-08-04,G_S07542,ADDR_S07542
S07543,Arjun Shukla,arjun shukla,INST-027,Undergraduate,4th Year,2005-09-09,G_S07543,ADDR_S07543
S07544,Charita Manne,charita manne,INST-054,Undergraduate,1th Year,2004-08-09,G_S07544,ADDR_S07544
S07545,Urishilla Kumar,urishilla kumar,INST-024,Undergraduate,1th Year,2008-03-10,G_S07545,ADDR_S07545
S07546,Patrick Das,patrick das,INST-058,Undergraduate,3th Year,2005-08-27,G_S07546,ADDR_S07546
S07547,Ishanvi Mander,ishanvi mander,INST-060,Undergraduate,4th Year,2007-04-26,G_S07547,ADDR_S07547
S07548,Vidhi Loyal,vidhi loyal,INST-029,Undergraduate,2th Year,2004-01-16,G_S07548,ADDR_S07548
S07549,Panini Bhatt,panini bhatt,INST-002,Undergraduate,3th Year,2007-05-20,G_S07549,ADDR_S07549
S07550,Aarush Nayar,aarush nayar,INST-031,Undergraduate,4th Year,2004-03-10,G_S07550,ADDR_S07550
S07551,Neel Gandhi,neel gandhi,INST-037,Undergraduate,4th Year,2007-05-16,G_S07551,ADDR_S07551
S07552,Yochana Chandra,yochana chandra,INST-005,Undergraduate,1th Year,2006-08-04,G_S07552,ADDR_S07552
S07553,Ekbal Mangat,ekbal mangat,INST-038,Undergraduate,2th Year,2007-07-07,G_S07553,ADDR_S07553
S07554,Vedant Mital,vedant mital,INST-058,Undergraduate,2th Year,2007-11-22,G_S07554,ADDR_S07554
S07555,Varsha Raju,varsha raju,INST-031,Undergraduate,1th Year,2006-09-02,G_S07555,ADDR_S07555
S07556,Aadhya Jani,aadhya jani,INST-012,Undergraduate,2th Year,2007-11-20,G_S07556,ADDR_S07556
S07557,Shivani Mani,shivani mani,INST-021,Undergraduate,2th Year,2007-02-18,G_S07557,ADDR_S07557
S07558,Kabir Dass,kabir dass,INST-034,Undergraduate,3th Year,2007-03-09,G_S07558,ADDR_S07558
S07559,Bhavya Khurana,bhavya khurana,INST-034,Undergraduate,4th Year,2006-01-23,G_S07559,ADDR_S07559
S07560,Ayush Doshi,ayush doshi,INST-039,Undergraduate,3th Year,2006-04-17,G_S07560,ADDR_S07560
S07561,Ijaya Balan,ijaya balan,INST-055,Undergraduate,3th Year,2003-09-05,G_S07561,ADDR_S07561
S07562,Rachit Dada,rachit dada,INST-020,Undergraduate,3th Year,2006-05-20,G_S07562,ADDR_S07562
S07563,Ojasvi Purohit,ojasvi purohit,INST-031,Undergraduate,1th Year,2003-08-12,G_S07563,ADDR_S07563
S07564,Tripti Dasgupta,tripti dasgupta,INST-016,Undergraduate,1th Year,2005-02-05,G_S07564,ADDR_S07564
S07565,Ojasvi Sachdev,ojasvi sachdev,INST-051,Undergraduate,4th Year,2007-03-22,G_S07565,ADDR_S07565
S07566,Faras Agarwal,faras agarwal,INST-059,Undergraduate,2th Year,2007-11-04,G_S07566,ADDR_S07566
S07567,Dhriti Ramesh,dhriti ramesh,INST-042,Undergraduate,2th Year,2006-03-18,G_S07567,ADDR_S07567
S07568,Arunima Ghosh,arunima ghosh,INST-043,Undergraduate,1th Year,2008-11-28,G_S07568,ADDR_S07568
S07569,Krish Dave,krish dave,INST-009,Undergraduate,4th Year,2004-03-06,G_S07569,ADDR_S07569
S07570,Thomas Luthra,thomas luthra,INST-010,Undergraduate,2th Year,2004-05-24,G_S07570,ADDR_S07570
S07571,Elijah Joshi,elijah joshi,INST-057,Undergraduate,3th Year,2006-02-16,G_S07571,ADDR_S07571
S07572,Pallavi Kant,pallavi kant,INST-044,Undergraduate,1th Year,2006-04-01,G_S07572,ADDR_S07572
S07573,Vinaya Parmar,vinaya parmar,INST-033,Undergraduate,3th Year,2008-11-05,G_S07573,ADDR_S07573
S07574,Girindra Som,girindra som,INST-015,Undergraduate,4th Year,2005-03-05,G_S07574,ADDR_S07574
S07575,Ekbal Narang,ekbal narang,INST-049,Undergraduate,1th Year,2003-10-06,G_S07575,ADDR_S07575
S07576,Daksha Majumdar,daksha majumdar,INST-035,Undergraduate,1th Year,2005-06-11,G_S07576,ADDR_S07576
S07577,Jai Mahal,jai mahal,INST-020,Undergraduate,4th Year,2004-08-05,G_S07577,ADDR_S07577
S07578,Avi Gala,avi gala,INST-015,Undergraduate,3th Year,2007-04-07,G_S07578,ADDR_S07578
S07579,Yatan Palla,yatan palla,INST-029,Undergraduate,2th Year,2003-02-28,G_S07579,ADDR_S07579
S07580,Tanvi Modi,tanvi modi,INST-056,Undergraduate,3th Year,2006-12-24,G_S07580,ADDR_S07580
S07581,Jalsa Saraf,jalsa saraf,INST-054,Undergraduate,4th Year,2003-06-20,G_S07581,ADDR_S07581
S07582,Logan Puri,logan puri,INST-015,Undergraduate,3th Year,2006-03-25,G_S07582,ADDR_S07582
S07583,IMARAN RAJAGOPAL,imaran rajagopal,INST-049,Undergraduate,2th Year,2008-05-03,G_S07583,ADDR_S07583
S07584,Vrishti Dave,vrishti dave,INST-043,Undergraduate,2th Year,2004-01-03,G_S07584,ADDR_S07584
S07585,Tejas Bhavsar,tejas bhavsar,INST-055,Undergraduate,4th Year,2007-07-21,G_S07585,ADDR_S07585
S07586,Lakshmi Natt,lakshmi natt,INST-049,Undergraduate,4th Year,2005-09-18,G_S07586,ADDR_S07586
S07587,Nakul Goswami,nakul goswami,INST-021,Undergraduate,3th Year,2007-02-03,G_S07587,ADDR_S07587
S07588,Reva Prashad,reva prashad,INST-042,Undergraduate,2th Year,2005-01-27,G_S07588,ADDR_S07588
S07589,George Misra,george misra,INST-024,Undergraduate,3th Year,2007-12-13,G_S07589,ADDR_S07589
S07590,Atharv Kalita,atharv kalita,INST-006,Undergraduate,1th Year,2006-06-25,G_S07590,ADDR_S07590
S07591,Aarnav Gola,aarnav gola,INST-045,Undergraduate,1th Year,2008-09-13,G_S07591,ADDR_S07591
S07592,Hemal Bhatt,hemal bhatt,INST-022,Undergraduate,4th Year,2005-12-25,G_S07592,ADDR_S07592
S07593,Anika Mani,anika mani,INST-010,Undergraduate,4th Year,2007-03-14,G_S07593,ADDR_S07593
S07594,Mohini Srivastava,mohini srivastava,INST-001,Undergraduate,1th Year,2004-03-06,G_S07594,ADDR_S07594
S07595,Pranit Walla,pranit walla,INST-033,Undergraduate,1th Year,2004-12-09,G_S07595,ADDR_S07595
S07596,Aadi Mital,aadi mital,INST-057,Undergraduate,2th Year,2007-09-17,G_S07596,ADDR_S07596
S07597,Wridesh Kaur,wridesh kaur,INST-001,Undergraduate,2th Year,2004-12-14,G_S07597,ADDR_S07597
S07598,Zayyan Patel,zayyan patel,INST-002,Undergraduate,2th Year,2008-09-20,G_S07598,ADDR_S07598
S07599,Kritika Chacko,kritika chacko,INST-009,Undergraduate,1th Year,2003-07-02,G_S07599,ADDR_S07599
S07600,Vasatika Master,vasatika master,INST-044,Undergraduate,2th Year,2008-01-19,G_S07600,ADDR_S07600
S07601,Manthan Parmar,manthan parmar,INST-028,Undergraduate,3th Year,2005-04-03,G_S07601,ADDR_S07601
S07602,Ishwar Lad,ishwar lad,INST-014,Undergraduate,2th Year,2004-08-03,G_S07602,ADDR_S07602
S07603,Zansi Shukla,zansi shukla,INST-023,Undergraduate,2th Year,2004-03-25,G_S07603,ADDR_S07603
S07604,Tanay Bhatt,tanay bhatt,INST-018,Undergraduate,3th Year,2007-04-03,G_S07604,ADDR_S07604
S07605,Abhiram Mann,abhiram mann,INST-001,Undergraduate,4th Year,2008-12-13,G_S07605,ADDR_S07605
S07606,Ekanta Mangal,ekanta mangal,INST-011,Undergraduate,3th Year,2006-06-18,G_S07606,ADDR_S07606
S07607,Ridhi Tandon,ridhi tandon,INST-039,Undergraduate,2th Year,2007-10-18,G_S07607,ADDR_S07607
S07608,Pavani Chandran,pavani chandran,INST-021,Undergraduate,2th Year,2004-11-07,G_S07608,ADDR_S07608
S07609,Charles Wadhwa,charles wadhwa,INST-014,Undergraduate,2th Year,2005-03-05,G_S07609,ADDR_S07609
S07610,YADAVI BEHL,yadavi behl,INST-018,Undergraduate,1th Year,2005-07-27,G_S07610,ADDR_S07610
S07611,Harish Wason,harish wason,INST-001,Undergraduate,1th Year,2006-05-08,G_S07611,ADDR_S07611
S07612,YAGNESH CHADA,yagnesh chada,INST-040,Undergraduate,2th Year,2008-10-01,G_S07612,ADDR_S07612
S07613,Samuel Chad,samuel chad,INST-017,Undergraduate,2th Year,2006-11-28,G_S07613,ADDR_S07613
S07614,George Bhattacharyya,george bhattacharyya,INST-036,Undergraduate,1th Year,2006-07-22,G_S07614,ADDR_S07614
S07615,Veer Sant,veer sant,INST-032,Undergraduate,4th Year,2006-07-10,G_S07615,ADDR_S07615
S07616,Nitara Garde,nitara garde,INST-024,Undergraduate,1th Year,2004-09-06,G_S07616,ADDR_S07616
S07617,Alexander Sunder,alexander sunder,INST-049,Undergraduate,3th Year,2005-08-13,G_S07617,ADDR_S07617
S07618,Tanmayi Chatterjee,tanmayi chatterjee,INST-043,Undergraduate,1th Year,2003-02-07,G_S07618,ADDR_S07618
S07619,Nidra Vohra,nidra vohra,INST-060,Undergraduate,1th Year,2004-08-05,G_S07619,ADDR_S07619
S07620,Pallavi Mitra,pallavi mitra,INST-003,Undergraduate,3th Year,2004-06-06,G_S07620,ADDR_S07620
S07621,Ganga Sha,ganga sha,INST-052,Undergraduate,2th Year,2003-01-05,G_S07621,ADDR_S07621
S07622,Niharika Agate,niharika agate,INST-013,Undergraduate,4th Year,2006-10-27,G_S07622,ADDR_S07622
S07623,Priya Hora,priya hora,INST-006,Undergraduate,3th Year,2003-10-20,G_S07623,ADDR_S07623
S07624,Ekbal  Pradhan,ekbal pradhan,INST-054,Undergraduate,1th Year,2007-02-02,G_S07624,ADDR_S07624
S07625,Praneel Hayre,praneel hayre,INST-024,Undergraduate,4th Year,2006-12-13,G_S07625,ADDR_S07625
S07626,Netra Bandi,netra bandi,INST-051,Undergraduate,4th Year,2005-02-13,G_S07626,ADDR_S07626
S07627,Qasim Hayer,qasim hayer,INST-021,Undergraduate,1th Year,2005-03-26,G_S07627,ADDR_S07627
S07628,Qasim Thakkar,qasim thakkar,INST-010,Undergraduate,4th Year,2006-09-16,G_S07628,ADDR_S07628
S07629,Gautami Nayak,gautami nayak,INST-022,Undergraduate,2th Year,2005-11-16,G_S07629,ADDR_S07629
S07630,Eta Devi,eta devi,INST-042,Undergraduate,2th Year,2005-05-21,G_S07630,ADDR_S07630
S07631,Bhavya Chandran,bhavya chandran,INST-026,Undergraduate,1th Year,2004-11-26,G_S07631,ADDR_S07631
S07632,Bimala Dube,bimala dube,INST-031,Undergraduate,4th Year,2007-01-08,G_S07632,ADDR_S07632
S07633,Netra Rege,netra rege,INST-029,Undergraduate,4th Year,2003-01-11,G_S07633,ADDR_S07633
S07634,Balhaar Chauhan,balhaar chauhan,INST-038,Undergraduate,2th Year,2005-05-20,G_S07634,ADDR_S07634
S07635,Faqid Kunda,faqid kunda,INST-040,Undergraduate,2th Year,2006-11-06,G_S07635,ADDR_S07635
S07636,Lucky Bahl,lucky bahl,INST-029,Undergraduate,1th Year,2007-05-24,G_S07636,ADDR_S07636
S07637,Neelima Samra,neelima samra,INST-040,Undergraduate,2th Year,2005-01-19,G_S07637,ADDR_S07637
S07638,Samesh Venkataraman,samesh venkataraman,INST-037,Undergraduate,2th Year,2004-04-13,G_S07638,ADDR_S07638
S07639,Kabir Deshmukh,kabir deshmukh,INST-012,Undergraduate,2th Year,2008-07-09,G_S07639,ADDR_S07639
S07640,Arunima Barad,arunima barad,INST-007,Undergraduate,3th Year,2006-02-26,G_S07640,ADDR_S07640
S07641,Ekaja Kata,ekaja kata,INST-008,Undergraduate,4th Year,2006-05-21,G_S07641,ADDR_S07641
S07642,Qarin Goda,qarin goda,INST-038,Undergraduate,1th Year,2006-11-23,G_S07642,ADDR_S07642
S07643,Kashish  Purohit,kashish purohit,INST-035,Undergraduate,4th Year,2003-03-23,G_S07643,ADDR_S07643
S07644,Ayaan Chandran,ayaan chandran,INST-036,Undergraduate,4th Year,2003-05-16,G_S07644,ADDR_S07644
S07645,Faqid Comar,faqid comar,INST-026,Undergraduate,1th Year,2004-02-22,G_S07645,ADDR_S07645
S07646,Aahana Warrior,aahana warrior,INST-049,Undergraduate,4th Year,2003-11-10,G_S07646,ADDR_S07646
S07647,Shaurya Kapoor,shaurya kapoor,INST-006,Undergraduate,4th Year,2006-03-11,G_S07647,ADDR_S07647
S07648,Reyansh Kari,reyansh kari,INST-055,Undergraduate,4th Year,2004-09-24,G_S07648,ADDR_S07648
S07649,Januja Golla,januja golla,INST-007,Undergraduate,3th Year,2006-05-13,G_S07649,ADDR_S07649
S07650,Jackson Kala,jackson kala,INST-008,Undergraduate,1th Year,2007-05-25,G_S07650,ADDR_S07650
S07651,Yagnesh Kumar,yagnesh kumar,INST-025,Undergraduate,1th Year,2008-11-21,G_S07651,ADDR_S07651
S07652,Nisha Mander,nisha mander,INST-029,Undergraduate,1th Year,2003-03-04,G_S07652,ADDR_S07652
S07653,Jonathan Kalita,jonathan kalita,INST-060,Undergraduate,4th Year,2008-11-24,G_S07653,ADDR_S07653
S07654,Quincy Tella,quincy tella,INST-050,Undergraduate,2th Year,2008-05-19,G_S07654,ADDR_S07654
S07655,Chanchal Misra,chanchal misra,INST-005,Undergraduate,1th Year,2007-11-08,G_S07655,ADDR_S07655
S07656,Priya Ahluwalia,priya ahluwalia,INST-060,Undergraduate,1th Year,2003-05-06,G_S07656,ADDR_S07656
S07657,Aishani Vala,aishani vala,INST-056,Undergraduate,4th Year,2008-12-28,G_S07657,ADDR_S07657
S07658,Pushti Hans,pushti hans,INST-047,Undergraduate,2th Year,2003-12-06,G_S07658,ADDR_S07658
S07659,Owen Bhagat,owen bhagat,INST-015,Undergraduate,2th Year,2007-05-12,G_S07659,ADDR_S07659
S07660,Yug Sarkar,yug sarkar,INST-043,Undergraduate,4th Year,2008-09-17,G_S07660,ADDR_S07660
S07661,URVASHI KIBE,urvashi kibe,INST-058,Undergraduate,4th Year,2005-03-15,G_S07661,ADDR_S07661
S07662,Jalsa Goel,jalsa goel,INST-004,Undergraduate,4th Year,2003-07-21,G_S07662,ADDR_S07662
S07663,Vincent Parekh,vincent parekh,INST-010,Undergraduate,1th Year,2003-07-18,G_S07663,ADDR_S07663
S07664,George Natt,george natt,INST-011,Undergraduate,4th Year,2005-11-21,G_S07664,ADDR_S07664
S07665,Leela Raval,leela raval,INST-005,Undergraduate,4th Year,2006-06-21,G_S07665,ADDR_S07665
S07666,Gaurangi Bhatti,gaurangi bhatti,INST-024,Undergraduate,1th Year,2003-03-14,G_S07666,ADDR_S07666
S07667,Vinaya Ramakrishnan,vinaya ramakrishnan,INST-030,Undergraduate,3th Year,2005-04-22,G_S07667,ADDR_S07667
S07668,Kala Koshy,kala koshy,INST-035,Undergraduate,1th Year,2005-12-06,G_S07668,ADDR_S07668
S07669,Omaja Saha,omaja saha,INST-012,Undergraduate,3th Year,2008-05-20,G_S07669,ADDR_S07669
S07670,Henry Lata,henry lata,INST-056,Undergraduate,4th Year,2006-11-04,G_S07670,ADDR_S07670
S07671,Kala Kanda,kala kanda,INST-024,Undergraduate,1th Year,2007-03-02,G_S07671,ADDR_S07671
S07672,Nidhi Prabhakar,nidhi prabhakar,INST-045,Undergraduate,3th Year,2005-11-26,G_S07672,ADDR_S07672
S07673,Bhavya Sathe,bhavya sathe,INST-022,Undergraduate,1th Year,2008-04-18,G_S07673,ADDR_S07673
S07674,Meera Saraf,meera saraf,INST-032,Undergraduate,4th Year,2004-08-06,G_S07674,ADDR_S07674
S07675,Viraj Nigam,viraj nigam,INST-013,Undergraduate,1th Year,2008-06-03,G_S07675,ADDR_S07675
S07676,Nikita Datta,nikita datta,INST-039,Undergraduate,2th Year,2008-05-17,G_S07676,ADDR_S07676
S07677,Zaid Dube,zaid dube,INST-007,Undergraduate,1th Year,2006-08-28,G_S07677,ADDR_S07677
S07678,Samaksh Rama,samaksh rama,INST-060,Undergraduate,3th Year,2008-10-08,G_S07678,ADDR_S07678
S07679,Matthew Mishra,matthew mishra,INST-059,Undergraduate,2th Year,2005-12-09,G_S07679,ADDR_S07679
S07680,Hamsini Soman,hamsini soman,INST-025,Undergraduate,2th Year,2008-11-02,G_S07680,ADDR_S07680
S07681,Naksh Shankar,naksh shankar,INST-013,Undergraduate,3th Year,2006-01-17,G_S07681,ADDR_S07681
S07682,Ronith Kapur,ronith kapur,INST-054,Undergraduate,4th Year,2006-09-08,G_S07682,ADDR_S07682
S07683,Anika Kala,anika kala,INST-005,Undergraduate,3th Year,2005-06-15,G_S07683,ADDR_S07683
S07684,Nirja Narasimhan,nirja narasimhan,INST-003,Undergraduate,4th Year,2007-10-23,G_S07684,ADDR_S07684
S07685,Yatin Bal,yatin bal,INST-029,Undergraduate,2th Year,2005-06-05,G_S07685,ADDR_S07685
S07686,Harrison Ramaswamy,harrison ramaswamy,INST-039,Undergraduate,3th Year,2005-08-09,G_S07686,ADDR_S07686
S07687,Chaman Singhal,chaman singhal,INST-027,Undergraduate,2th Year,2006-03-12,G_S07687,ADDR_S07687
S07688,Faras Sagar,faras sagar,INST-013,Undergraduate,1th Year,2004-04-02,G_S07688,ADDR_S07688
S07689,Irya Kapur,irya kapur,INST-057,Undergraduate,3th Year,2003-02-02,G_S07689,ADDR_S07689
S07690,Harrison Ramesh,harrison ramesh,INST-043,Undergraduate,1th Year,2003-10-10,G_S07690,ADDR_S07690
S07691,Triya Chakrabarti,triya chakrabarti,INST-053,Undergraduate,2th Year,2007-04-05,G_S07691,ADDR_S07691
S07692,Yash Bajaj,yash bajaj,INST-008,Undergraduate,4th Year,2008-12-15,G_S07692,ADDR_S07692
S07693,Sathvik Som,sathvik som,INST-005,Undergraduate,3th Year,2008-08-21,G_S07693,ADDR_S07693
S07694,Ladli Bhargava,ladli bhargava,INST-039,Undergraduate,4th Year,2006-10-07,G_S07694,ADDR_S07694
S07695,Ojas Agrawal,ojas agrawal,INST-050,Undergraduate,2th Year,2006-10-26,G_S07695,ADDR_S07695
S07696,Anusha Yadav,anusha yadav,INST-042,Undergraduate,4th Year,2005-03-18,G_S07696,ADDR_S07696
S07697,Vasatika Bahl,vasatika bahl,INST-029,Undergraduate,4th Year,2004-02-03,G_S07697,ADDR_S07697
S07698,Libni Maharaj,libni maharaj,INST-040,Undergraduate,4th Year,2006-05-11,G_S07698,ADDR_S07698
S07699,Jacob Deep,jacob deep,INST-008,Undergraduate,3th Year,2006-02-07,G_S07699,ADDR_S07699
S07700,Bhavika Rao,bhavika rao,INST-016,Undergraduate,1th Year,2008-05-14,G_S07700,ADDR_S07700
S07701,Chameli Sathe,chameli sathe,INST-060,Undergraduate,3th Year,2007-01-25,G_S07701,ADDR_S07701
S07702,Qarin Naik,qarin naik,INST-040,Undergraduate,1th Year,2006-10-01,G_S07702,ADDR_S07702
S07703,Maanas Gala,maanas gala,INST-045,Undergraduate,3th Year,2008-03-16,G_S07703,ADDR_S07703
S07704,Chaman Padmanabhan,chaman padmanabhan,INST-014,Undergraduate,2th Year,2004-01-10,G_S07704,ADDR_S07704
S07705,Samesh Halder,samesh halder,INST-054,Undergraduate,1th Year,2008-12-24,G_S07705,ADDR_S07705
S07706,Triveni Dewan,triveni dewan,INST-051,Undergraduate,1th Year,2006-04-14,G_S07706,ADDR_S07706
S07707,Advay Kale,advay kale,INST-008,Undergraduate,4th Year,2007-02-13,G_S07707,ADDR_S07707
S07708,Adweta Tiwari,adweta tiwari,INST-049,Undergraduate,4th Year,2007-03-14,G_S07708,ADDR_S07708
S07709,Imaran Golla,imaran golla,INST-029,Undergraduate,2th Year,2006-02-22,G_S07709,ADDR_S07709
S07710,Leela Master,leela master,INST-008,Undergraduate,4th Year,2008-01-20,G_S07710,ADDR_S07710
S07711,Gaurang Rout,gaurang rout,INST-007,Undergraduate,2th Year,2007-05-05,G_S07711,ADDR_S07711
S07712,Atharv Sabharwal,atharv sabharwal,INST-006,Undergraduate,3th Year,2003-06-10,G_S07712,ADDR_S07712
S07713,Tejas Narasimhan,tejas narasimhan,INST-027,Undergraduate,4th Year,2004-08-01,G_S07713,ADDR_S07713
S07714,Indrajit Bali,indrajit bali,INST-055,Undergraduate,4th Year,2003-12-23,G_S07714,ADDR_S07714
S07715,Lopa Chokshi,lopa chokshi,INST-059,Undergraduate,2th Year,2008-06-20,G_S07715,ADDR_S07715
S07716,Inaya Bala,inaya bala,INST-037,Undergraduate,4th Year,2008-11-19,G_S07716,ADDR_S07716
S07717,Nandini Koshy,nandini koshy,INST-053,Undergraduate,2th Year,2008-07-03,G_S07717,ADDR_S07717
S07718,Bahadurjit Bumb,bahadurjit bumb,INST-034,Undergraduate,4th Year,2005-07-22,G_S07718,ADDR_S07718
S07719,Upkaar Kata,upkaar kata,INST-028,Undergraduate,3th Year,2004-07-22,G_S07719,ADDR_S07719
S07720,Anita Kale,anita kale,INST-006,Undergraduate,2th Year,2005-11-05,G_S07720,ADDR_S07720
S07721,Oni Subramaniam,oni subramaniam,INST-060,Undergraduate,4th Year,2004-12-16,G_S07721,ADDR_S07721
S07722,Anusha Walla,anusha walla,INST-046,Undergraduate,4th Year,2003-11-11,G_S07722,ADDR_S07722
S07723,Baghyawati Bath,baghyawati bath,INST-046,Undergraduate,1th Year,2008-03-20,G_S07723,ADDR_S07723
S07724,Gaurang Bhatia,gaurang bhatia,INST-013,Undergraduate,1th Year,2007-10-02,G_S07724,ADDR_S07724
S07725,Radha  Tak,radha tak,INST-004,Undergraduate,3th Year,2008-01-07,G_S07725,ADDR_S07725
S07726,Baljiwan Borah,baljiwan borah,INST-010,Undergraduate,2th Year,2006-06-01,G_S07726,ADDR_S07726
S07727,Gavin Chawla,gavin chawla,INST-012,Undergraduate,3th Year,2006-12-06,G_S07727,ADDR_S07727
S07728,Advaith Mandal,advaith mandal,INST-034,Undergraduate,3th Year,2007-12-09,G_S07728,ADDR_S07728
S07729,Aryan Batta,aryan batta,INST-045,Undergraduate,4th Year,2008-02-02,G_S07729,ADDR_S07729
S07730,Neel Barad,neel barad,INST-002,Undergraduate,3th Year,2003-06-17,G_S07730,ADDR_S07730
S07731,Omisha Sahni,omisha sahni,INST-019,Undergraduate,1th Year,2005-11-27,G_S07731,ADDR_S07731
S07732,Netra Bali,netra bali,INST-027,Undergraduate,4th Year,2008-04-28,G_S07732,ADDR_S07732
S07733,Balveer Koshy,balveer koshy,INST-036,Undergraduate,3th Year,2008-01-28,G_S07733,ADDR_S07733
S07734,Maanas Dara,maanas dara,INST-048,Undergraduate,1th Year,2008-07-02,G_S07734,ADDR_S07734
S07735,Aarna Thaker,aarna thaker,INST-044,Undergraduate,2th Year,2006-07-05,G_S07735,ADDR_S07735
S07736,Chasmum Lal,chasmum lal,INST-047,Undergraduate,1th Year,2005-09-22,G_S07736,ADDR_S07736
S07737,Darpan Kadakia,darpan kadakia,INST-047,Undergraduate,2th Year,2008-02-23,G_S07737,ADDR_S07737
S07738,Rudra Borde,rudra borde,INST-025,Undergraduate,3th Year,2006-05-03,G_S07738,ADDR_S07738
S07739,Darsh Sridhar,darsh sridhar,INST-032,Undergraduate,1th Year,2007-07-19,G_S07739,ADDR_S07739
S07740,Vedika Chaudhry,vedika chaudhry,INST-004,Undergraduate,1th Year,2007-07-05,G_S07740,ADDR_S07740
S07741,Lavanya Bhargava,lavanya bhargava,INST-045,Undergraduate,4th Year,2003-10-07,G_S07741,ADDR_S07741
S07742,Ekiya Srivastava,ekiya srivastava,INST-005,Undergraduate,3th Year,2004-06-07,G_S07742,ADDR_S07742
S07743,Gabriel Tandon,gabriel tandon,INST-056,Undergraduate,1th Year,2006-09-11,G_S07743,ADDR_S07743
S07744,Samar Deshmukh,samar deshmukh,INST-049,Undergraduate,2th Year,2007-09-11,G_S07744,ADDR_S07744
S07745,Dayamai Babu,dayamai babu,INST-005,Undergraduate,1th Year,2004-07-03,G_S07745,ADDR_S07745
S07746,Chavvi Shetty,chavvi shetty,INST-030,Undergraduate,1th Year,2008-05-03,G_S07746,ADDR_S07746
S07747,Neel Verma,neel verma,INST-034,Undergraduate,1th Year,2007-01-23,G_S07747,ADDR_S07747
S07748,Bimala Chanda,bimala chanda,INST-002,Undergraduate,1th Year,2008-12-17,G_S07748,ADDR_S07748
S07749,Kevin Walla,kevin walla,INST-007,Undergraduate,1th Year,2003-03-06,G_S07749,ADDR_S07749
S07750,Chandani Nadig,chandani nadig,INST-035,Undergraduate,4th Year,2006-09-02,G_S07750,ADDR_S07750
S07751,Vedhika Borde,vedhika borde,INST-035,Undergraduate,4th Year,2005-03-28,G_S07751,ADDR_S07751
S07752,Rajata Soni,rajata soni,INST-004,Undergraduate,2th Year,2007-12-10,G_S07752,ADDR_S07752
S07753,Vritti Rai,vritti rai,INST-003,Undergraduate,4th Year,2004-10-22,G_S07753,ADDR_S07753
S07754,Priya Guha,priya guha,INST-057,Undergraduate,2th Year,2006-02-11,G_S07754,ADDR_S07754
S07755,William Buch,william buch,INST-001,Undergraduate,2th Year,2003-03-01,G_S07755,ADDR_S07755
S07756,Xalak Mitra,xalak mitra,INST-003,Undergraduate,4th Year,2006-11-11,G_S07756,ADDR_S07756
S07757,Ladli Das,ladli das,INST-058,Undergraduate,3th Year,2006-07-10,G_S07757,ADDR_S07757
S07758,Omkaar Krish,omkaar krish,INST-054,Undergraduate,3th Year,2007-12-28,G_S07758,ADDR_S07758
S07759,Jagat Pall,jagat pall,INST-047,Undergraduate,1th Year,2005-07-01,G_S07759,ADDR_S07759
S07760,Chanakya Borra,chanakya borra,INST-056,Undergraduate,2th Year,2008-12-11,G_S07760,ADDR_S07760
S07761,Fitan Nayak,fitan nayak,INST-024,Undergraduate,2th Year,2004-01-28,G_S07761,ADDR_S07761
S07762,Garima Behl,garima behl,INST-031,Undergraduate,4th Year,2007-11-18,G_S07762,ADDR_S07762
S07763,Rachita Goyal,rachita goyal,INST-006,Undergraduate,1th Year,2003-08-21,G_S07763,ADDR_S07763
S07764,Ekalinga Ray,ekalinga ray,INST-012,Undergraduate,3th Year,2005-02-11,G_S07764,ADDR_S07764
S07765,Hemangini Nazareth,hemangini nazareth,INST-017,Undergraduate,4th Year,2003-11-02,G_S07765,ADDR_S07765
S07766,Ekantika Gill,ekantika gill,INST-041,Undergraduate,2th Year,2008-04-21,G_S07766,ADDR_S07766
S07767,Devika Borde,devika borde,INST-032,Undergraduate,4th Year,2007-06-07,G_S07767,ADDR_S07767
S07768,Liam Patla,liam patla,INST-014,Undergraduate,2th Year,2005-11-03,G_S07768,ADDR_S07768
S07769,Vidhi Bhattacharyya,vidhi bhattacharyya,INST-018,Undergraduate,4th Year,2005-04-23,G_S07769,ADDR_S07769
S07770,Anya Verma,anya verma,INST-049,Undergraduate,4th Year,2005-02-09,G_S07770,ADDR_S07770
S07771,Pooja Ramakrishnan,pooja ramakrishnan,INST-036,Undergraduate,2th Year,2007-04-02,G_S07771,ADDR_S07771
S07772,Yashawini Kant,yashawini kant,INST-010,Undergraduate,1th Year,2003-08-16,G_S07772,ADDR_S07772
S07773,Azaan Pingle,azaan pingle,INST-028,Undergraduate,3th Year,2004-02-04,G_S07773,ADDR_S07773
S07774,Harini Sant,harini sant,INST-051,Undergraduate,2th Year,2006-12-20,G_S07774,ADDR_S07774
S07775,Ijaya  Ratti,ijaya ratti,INST-003,Undergraduate,3th Year,2003-04-03,G_S07775,ADDR_S07775
S07776,Jasmit Patla,jasmit patla,INST-035,Undergraduate,4th Year,2004-06-20,G_S07776,ADDR_S07776
S07777,Madhav Gour,madhav gour,INST-043,Undergraduate,3th Year,2005-04-15,G_S07777,ADDR_S07777
S07778,Gabriel Shah,gabriel shah,INST-017,Undergraduate,3th Year,2006-04-17,G_S07778,ADDR_S07778
S07779,MADHAVI RAVAL,madhavi raval,INST-010,Undergraduate,3th Year,2004-12-07,G_S07779,ADDR_S07779
S07780,Janaki Ravel,janaki ravel,INST-018,Undergraduate,2th Year,2006-12-09,G_S07780,ADDR_S07780
S07781,Atharv Lad,atharv lad,INST-012,Undergraduate,4th Year,2003-10-06,G_S07781,ADDR_S07781
S07782,Abhiram Soni,abhiram soni,INST-006,Undergraduate,4th Year,2004-10-27,G_S07782,ADDR_S07782
S07783,Brijesh Butala,brijesh butala,INST-041,Undergraduate,1th Year,2004-10-24,G_S07783,ADDR_S07783
S07784,Anvi Choudhry,anvi choudhry,INST-055,Undergraduate,1th Year,2008-01-24,G_S07784,ADDR_S07784
S07785,Abdul Radhakrishnan,abdul radhakrishnan,INST-035,Undergraduate,3th Year,2008-02-18,G_S07785,ADDR_S07785
S07786,Pranit Lad,pranit lad,INST-003,Undergraduate,3th Year,2005-11-08,G_S07786,ADDR_S07786
S07787,Yauvani Saxena,yauvani saxena,INST-053,Undergraduate,2th Year,2006-03-10,G_S07787,ADDR_S07787
S07788,Abdul Aggarwal,abdul aggarwal,INST-057,Undergraduate,2th Year,2005-08-14,G_S07788,ADDR_S07788
S07789,Nilima Bhargava,nilima bhargava,INST-058,Undergraduate,4th Year,2006-11-10,G_S07789,ADDR_S07789
S07790,Harish Sunder,harish sunder,INST-005,Undergraduate,3th Year,2004-06-04,G_S07790,ADDR_S07790
S07791,Lohit Amble,lohit amble,INST-026,Undergraduate,3th Year,2005-06-18,G_S07791,ADDR_S07791
S07792,Nikita Ganguly,nikita ganguly,INST-055,Undergraduate,1th Year,2004-05-16,G_S07792,ADDR_S07792
S07793,Yachana Choudhry,yachana choudhry,INST-037,Undergraduate,2th Year,2008-10-25,G_S07793,ADDR_S07793
S07794,Indali Edwin,indali edwin,INST-051,Undergraduate,1th Year,2007-04-05,G_S07794,ADDR_S07794
S07795,Veer Dhar,veer dhar,INST-050,Undergraduate,4th Year,2006-03-12,G_S07795,ADDR_S07795
S07796,Pratyush Gill,pratyush gill,INST-044,Undergraduate,1th Year,2004-11-22,G_S07796,ADDR_S07796
S07797,Bhanumati Arya,bhanumati arya,INST-010,Undergraduate,1th Year,2003-01-15,G_S07797,ADDR_S07797
S07798,Urishilla Narain,urishilla narain,INST-035,Undergraduate,1th Year,2005-05-17,G_S07798,ADDR_S07798
S07799,Reyansh Parmar,reyansh parmar,INST-056,Undergraduate,4th Year,2006-06-17,G_S07799,ADDR_S07799
S07800,Azad Agarwal,azad agarwal,INST-040,Undergraduate,2th Year,2004-04-25,G_S07800,ADDR_S07800
S07801,George Barad,george barad,INST-028,Undergraduate,4th Year,2005-12-19,G_S07801,ADDR_S07801
S07802,Sneha D’Alia,sneha d’alia,INST-034,Undergraduate,3th Year,2003-08-07,G_S07802,ADDR_S07802
S07803,Kashish Chaudry,kashish chaudry,INST-027,Undergraduate,4th Year,2006-03-14,G_S07803,ADDR_S07803
S07804,Yatin Palan,yatin palan,INST-060,Undergraduate,4th Year,2006-03-15,G_S07804,ADDR_S07804
S07805,Dipta Hari,dipta hari,INST-005,Undergraduate,3th Year,2003-08-12,G_S07805,ADDR_S07805
S07806,Saanvi Dhingra,saanvi dhingra,INST-031,Undergraduate,3th Year,2007-06-19,G_S07806,ADDR_S07806
S07807,Karan Amble,karan amble,INST-057,Undergraduate,4th Year,2004-05-02,G_S07807,ADDR_S07807
S07808,Bimala Dalal,bimala dalal,INST-031,Undergraduate,4th Year,2003-11-07,G_S07808,ADDR_S07808
S07809,Vrishti Baria,vrishti baria,INST-026,Undergraduate,2th Year,2006-08-04,G_S07809,ADDR_S07809
S07810,Wridesh Balakrishnan,wridesh balakrishnan,INST-048,Undergraduate,1th Year,2003-03-07,G_S07810,ADDR_S07810
S07811,Anay Bora,anay bora,INST-012,Undergraduate,4th Year,2003-09-08,G_S07811,ADDR_S07811
S07812,Charita Chaudry,charita chaudry,INST-010,Undergraduate,2th Year,2006-05-10,G_S07812,ADDR_S07812
S07813,Forum Kibe,forum kibe,INST-051,Undergraduate,3th Year,2003-09-18,G_S07813,ADDR_S07813
S07814,Faras Natarajan,faras natarajan,INST-001,Undergraduate,1th Year,2007-04-06,G_S07814,ADDR_S07814
S07815,Yashvi Chandran,yashvi chandran,INST-047,Undergraduate,3th Year,2005-03-27,G_S07815,ADDR_S07815
S07816,Bhavna Singh,bhavna singh,INST-049,Undergraduate,2th Year,2005-01-01,G_S07816,ADDR_S07816
S07817,Suhani Mani,suhani mani,INST-045,Undergraduate,4th Year,2003-11-06,G_S07817,ADDR_S07817
S07818,Balhaar Gill,balhaar gill,INST-013,Undergraduate,1th Year,2008-06-28,G_S07818,ADDR_S07818
S07819,Yashvi Kapoor,yashvi kapoor,INST-013,Undergraduate,4th Year,2006-05-08,G_S07819,ADDR_S07819
S07820,Lekha Kapadia,lekha kapadia,INST-044,Undergraduate,2th Year,2004-07-05,G_S07820,ADDR_S07820
S07821,Widisha Bakshi,widisha bakshi,INST-029,Undergraduate,3th Year,2008-08-03,G_S07821,ADDR_S07821
S07822,Ucchal  D’Alia,ucchal d’alia,INST-044,Undergraduate,3th Year,2003-04-03,G_S07822,ADDR_S07822
S07823,Gunbir Kapadia,gunbir kapadia,INST-027,Undergraduate,3th Year,2006-09-24,G_S07823,ADDR_S07823
S07824,Zashil Khatri,zashil khatri,INST-019,Undergraduate,1th Year,2003-12-15,G_S07824,ADDR_S07824
S07825,Akshay Nagar,akshay nagar,INST-055,Undergraduate,3th Year,2005-09-20,G_S07825,ADDR_S07825
S07826,Ekantika Padmanabhan,ekantika padmanabhan,INST-039,Undergraduate,2th Year,2006-01-10,G_S07826,ADDR_S07826
S07827,Kashish Mohan,kashish mohan,INST-049,Undergraduate,2th Year,2007-11-08,G_S07827,ADDR_S07827
S07828,Arunima Grover,arunima grover,INST-004,Undergraduate,4th Year,2004-11-10,G_S07828,ADDR_S07828
S07829,Oni Sani,oni sani,INST-040,Undergraduate,3th Year,2005-06-05,G_S07829,ADDR_S07829
S07830,Chanchal Parmer,chanchal parmer,INST-040,Undergraduate,1th Year,2005-08-21,G_S07830,ADDR_S07830
S07831,Zinal Sanghvi,zinal sanghvi,INST-009,Undergraduate,2th Year,2003-08-17,G_S07831,ADDR_S07831
S07832,Krishna Bhavsar,krishna bhavsar,INST-027,Undergraduate,3th Year,2008-07-04,G_S07832,ADDR_S07832
S07833,Lipika Narula,lipika narula,INST-035,Undergraduate,1th Year,2008-07-01,G_S07833,ADDR_S07833
S07834,Tripti Khosla,tripti khosla,INST-039,Undergraduate,3th Year,2006-04-22,G_S07834,ADDR_S07834
S07835,Sneha Mahajan,sneha mahajan,INST-055,Undergraduate,1th Year,2005-01-06,G_S07835,ADDR_S07835
S07836,Sachi Bassi,sachi bassi,INST-032,Undergraduate,2th Year,2008-09-19,G_S07836,ADDR_S07836
S07837,Mohini Nadkarni,mohini nadkarni,INST-060,Undergraduate,2th Year,2008-11-03,G_S07837,ADDR_S07837
S07838,Sachi Sachdeva,sachi sachdeva,INST-060,Undergraduate,1th Year,2008-05-06,G_S07838,ADDR_S07838
S07839,Udant Sahota,udant sahota,INST-022,Undergraduate,1th Year,2008-05-04,G_S07839,ADDR_S07839
S07840,Chandani Bhardwaj,chandani bhardwaj,INST-009,Undergraduate,2th Year,2003-01-13,G_S07840,ADDR_S07840
S07841,Ishita Kannan,ishita kannan,INST-003,Undergraduate,2th Year,2003-01-22,G_S07841,ADDR_S07841
S07842,Yauvani Mand,yauvani mand,INST-051,Undergraduate,3th Year,2003-07-04,G_S07842,ADDR_S07842
S07843,Varenya Rastogi,varenya rastogi,INST-051,Undergraduate,4th Year,2007-09-27,G_S07843,ADDR_S07843
S07844,Mitali Merchant,mitali merchant,INST-048,Undergraduate,4th Year,2006-08-27,G_S07844,ADDR_S07844
S07845,Charvi Sharaf,charvi sharaf,INST-020,Undergraduate,1th Year,2003-04-26,G_S07845,ADDR_S07845
S07846,Pranit Naidu,pranit naidu,INST-006,Undergraduate,3th Year,2005-06-05,G_S07846,ADDR_S07846
S07847,Baghyawati Gour,baghyawati gour,INST-057,Undergraduate,1th Year,2006-02-28,G_S07847,ADDR_S07847
S07848,Lohit Krishna,lohit krishna,INST-049,Undergraduate,2th Year,2003-11-05,G_S07848,ADDR_S07848
S07849,Simon Mitra,simon mitra,INST-045,Undergraduate,2th Year,2008-10-25,G_S07849,ADDR_S07849
S07850,Azad Mahal,azad mahal,INST-056,Undergraduate,4th Year,2007-01-07,G_S07850,ADDR_S07850
S07851,Suhani Date,suhani date,INST-052,Undergraduate,3th Year,2007-04-12,G_S07851,ADDR_S07851
S07852,Indrajit Narayanan,indrajit narayanan,INST-035,Undergraduate,3th Year,2006-02-16,G_S07852,ADDR_S07852
S07853,Yatin Rao,yatin rao,INST-019,Undergraduate,2th Year,2004-12-09,G_S07853,ADDR_S07853
S07854,Falak Warrior,falak warrior,INST-052,Undergraduate,1th Year,2005-09-20,G_S07854,ADDR_S07854
S07855,Divya Shanker,divya shanker,INST-013,Undergraduate,2th Year,2006-03-01,G_S07855,ADDR_S07855
S07856,Ayush Rajagopalan,ayush rajagopalan,INST-008,Undergraduate,1th Year,2006-04-18,G_S07856,ADDR_S07856
S07857,Wishi Radhakrishnan,wishi radhakrishnan,INST-053,Undergraduate,2th Year,2005-08-04,G_S07857,ADDR_S07857
S07858,Nicholas Mall,nicholas mall,INST-056,Undergraduate,4th Year,2006-04-20,G_S07858,ADDR_S07858
S07859,Jyoti Sethi,jyoti sethi,INST-037,Undergraduate,3th Year,2008-09-09,G_S07859,ADDR_S07859
S07860,William Kala,william kala,INST-019,Undergraduate,1th Year,2008-09-12,G_S07860,ADDR_S07860
S07861,Maanas Nigam,maanas nigam,INST-040,Undergraduate,3th Year,2008-09-27,G_S07861,ADDR_S07861
S07862,Jagrati Golla,jagrati golla,INST-022,Undergraduate,2th Year,2008-11-16,G_S07862,ADDR_S07862
S07863,Fitan Nagy,fitan nagy,INST-057,Undergraduate,3th Year,2008-04-14,G_S07863,ADDR_S07863
S07864,Lila Kara,lila kara,INST-028,Undergraduate,3th Year,2008-04-27,G_S07864,ADDR_S07864
S07865,Ati Bahri,ati bahri,INST-031,Undergraduate,3th Year,2008-05-24,G_S07865,ADDR_S07865
S07866,Radhika Ramanathan,radhika ramanathan,INST-001,Undergraduate,2th Year,2008-08-24,G_S07866,ADDR_S07866
S07867,Gautam Savant,gautam savant,INST-026,Undergraduate,2th Year,2006-03-09,G_S07867,ADDR_S07867
S07868,Hardik Sunder,hardik sunder,INST-038,Undergraduate,3th Year,2005-01-15,G_S07868,ADDR_S07868
S07869,Naksh Dewan,naksh dewan,INST-010,Undergraduate,3th Year,2005-12-21,G_S07869,ADDR_S07869
S07870,Avi Mittal,avi mittal,INST-043,Undergraduate,1th Year,2004-01-02,G_S07870,ADDR_S07870
S07871,Nikita Shetty,nikita shetty,INST-044,Undergraduate,3th Year,2003-08-26,G_S07871,ADDR_S07871
S07872,Jagdish Parmer,jagdish parmer,INST-039,Undergraduate,4th Year,2004-11-15,G_S07872,ADDR_S07872
S07873,Patrick Ravi,patrick ravi,INST-014,Undergraduate,3th Year,2004-04-18,G_S07873,ADDR_S07873
S07874,Shaurya Soman,shaurya soman,INST-010,Undergraduate,1th Year,2003-12-16,G_S07874,ADDR_S07874
S07875,Meghana Kant,meghana kant,INST-034,Undergraduate,4th Year,2007-10-26,G_S07875,ADDR_S07875
S07876,Isha Bali,isha bali,INST-046,Undergraduate,3th Year,2004-05-21,G_S07876,ADDR_S07876
S07877,Jairaj Kashyap,jairaj kashyap,INST-036,Undergraduate,3th Year,2003-06-18,G_S07877,ADDR_S07877
S07878,Xiti Bath,xiti bath,INST-017,Undergraduate,1th Year,2007-04-26,G_S07878,ADDR_S07878
S07879,Ishita Amble,ishita amble,INST-015,Undergraduate,1th Year,2007-07-05,G_S07879,ADDR_S07879
S07880,Matthew Bath,matthew bath,INST-044,Undergraduate,2th Year,2007-12-20,G_S07880,ADDR_S07880
S07881,Girish Bava,girish bava,INST-014,Undergraduate,2th Year,2005-12-17,G_S07881,ADDR_S07881
S07882,Wriddhish Kohli,wriddhish kohli,INST-054,Undergraduate,3th Year,2007-12-17,G_S07882,ADDR_S07882
S07883,Kashvi Kara,kashvi kara,INST-021,Undergraduate,4th Year,2005-07-10,G_S07883,ADDR_S07883
S07884,Vidhi Chad,vidhi chad,INST-003,Undergraduate,4th Year,2005-08-02,G_S07884,ADDR_S07884
S07885,Aarnav Bhardwaj,aarnav bhardwaj,INST-054,Undergraduate,1th Year,2007-03-20,G_S07885,ADDR_S07885
S07886,Qarin Om,qarin om,INST-013,Undergraduate,2th Year,2007-01-09,G_S07886,ADDR_S07886
S07887,Hardik Puri,hardik puri,INST-054,Undergraduate,3th Year,2007-02-19,G_S07887,ADDR_S07887
S07888,QARIN OAK,qarin oak,INST-038,Undergraduate,1th Year,2003-09-02,G_S07888,ADDR_S07888
S07889,Avni Tailor,avni tailor,INST-015,Undergraduate,3th Year,2006-09-10,G_S07889,ADDR_S07889
S07890,Yoshita Pillay,yoshita pillay,INST-009,Undergraduate,1th Year,2004-12-17,G_S07890,ADDR_S07890
S07891,Dayamai Agate,dayamai agate,INST-028,Undergraduate,3th Year,2003-12-25,G_S07891,ADDR_S07891
S07892,Luke Karan,luke karan,INST-006,Undergraduate,3th Year,2008-09-22,G_S07892,ADDR_S07892
S07893,Bhavika Padmanabhan,bhavika padmanabhan,INST-014,Undergraduate,1th Year,2008-01-12,G_S07893,ADDR_S07893
S07894,Laban Kaur,laban kaur,INST-019,Undergraduate,3th Year,2007-03-27,G_S07894,ADDR_S07894
S07895,Lekha Sidhu,lekha sidhu,INST-005,Undergraduate,2th Year,2005-06-13,G_S07895,ADDR_S07895
S07896,Faqid Mane,faqid mane,INST-002,Undergraduate,2th Year,2006-08-27,G_S07896,ADDR_S07896
S07897,Krisha Mann,krisha mann,INST-040,Undergraduate,1th Year,2006-09-27,G_S07897,ADDR_S07897
S07898,Bhavna Konda,bhavna konda,INST-012,Undergraduate,2th Year,2006-12-06,G_S07898,ADDR_S07898
S07899,Agastya Dani,agastya dani,INST-049,Undergraduate,1th Year,2006-09-03,G_S07899,ADDR_S07899
S07900,Ira Hayre,ira hayre,INST-007,Undergraduate,1th Year,2003-06-05,G_S07900,ADDR_S07900
S07901,Faris Seth,faris seth,INST-030,Undergraduate,1th Year,2008-04-21,G_S07901,ADDR_S07901
S07902,Priya Salvi,priya salvi,INST-026,Undergraduate,3th Year,2005-01-02,G_S07902,ADDR_S07902
S07903,Harini Bhardwaj,harini bhardwaj,INST-020,Undergraduate,4th Year,2008-10-03,G_S07903,ADDR_S07903
S07904,Peter Sinha,peter sinha,INST-023,Undergraduate,4th Year,2005-04-01,G_S07904,ADDR_S07904
S07905,Ekalinga Dass,ekalinga dass,INST-048,Undergraduate,2th Year,2003-05-05,G_S07905,ADDR_S07905
S07906,Nathaniel Chadha,nathaniel chadha,INST-018,Undergraduate,1th Year,2005-03-17,G_S07906,ADDR_S07906
S07907,Vansha Bhakta,vansha bhakta,INST-005,Undergraduate,1th Year,2007-10-08,G_S07907,ADDR_S07907
S07908,Ethan Bhasin,ethan bhasin,INST-058,Undergraduate,4th Year,2005-03-03,G_S07908,ADDR_S07908
S07909,Kevin Korpal,kevin korpal,INST-039,Undergraduate,1th Year,2003-03-19,G_S07909,ADDR_S07909
S07910,Ishaan Raman,ishaan raman,INST-028,Undergraduate,2th Year,2008-06-16,G_S07910,ADDR_S07910
S07911,Riya Bajwa,riya bajwa,INST-009,Undergraduate,4th Year,2007-04-09,G_S07911,ADDR_S07911
S07912,Vanya Sane,vanya sane,INST-032,Undergraduate,4th Year,2007-10-01,G_S07912,ADDR_S07912
S07913,Gautami Korpal,gautami korpal,INST-030,Undergraduate,1th Year,2004-11-03,G_S07913,ADDR_S07913
S07914,Matthew Issac,matthew issac,INST-013,Undergraduate,3th Year,2008-01-22,G_S07914,ADDR_S07914
S07915,Jatin Zacharia,jatin zacharia,INST-002,Undergraduate,1th Year,2008-10-15,G_S07915,ADDR_S07915
S07916,Nachiket Bora,nachiket bora,INST-040,Undergraduate,3th Year,2003-09-18,G_S07916,ADDR_S07916
S07917,Kritika Varughese,kritika varughese,INST-013,Undergraduate,2th Year,2003-05-28,G_S07917,ADDR_S07917
S07918,Yauvani Pillai,yauvani pillai,INST-020,Undergraduate,4th Year,2003-12-23,G_S07918,ADDR_S07918
S07919,Thomas Tank,thomas tank,INST-051,Undergraduate,2th Year,2004-03-04,G_S07919,ADDR_S07919
S07920,Fiyaz Mangal,fiyaz mangal,INST-019,Undergraduate,4th Year,2006-09-05,G_S07920,ADDR_S07920
S07921,Devika Hans,devika hans,INST-033,Undergraduate,2th Year,2008-03-26,G_S07921,ADDR_S07921
S07922,Banjeet Balakrishnan,banjeet balakrishnan,INST-016,Undergraduate,3th Year,2003-07-12,G_S07922,ADDR_S07922
S07923,Sudiksha Nayar,sudiksha nayar,INST-037,Undergraduate,3th Year,2005-04-05,G_S07923,ADDR_S07923
S07924,Manthan Kohli,manthan kohli,INST-001,Undergraduate,2th Year,2004-02-25,G_S07924,ADDR_S07924
S07925,Sarthak Dhar,sarthak dhar,INST-001,Undergraduate,2th Year,2007-09-18,G_S07925,ADDR_S07925
S07926,Rajeshri Padmanabhan,rajeshri padmanabhan,INST-044,Undergraduate,1th Year,2008-06-05,G_S07926,ADDR_S07926
S07927,Lajita Joshi,lajita joshi,INST-054,Undergraduate,4th Year,2007-11-23,G_S07927,ADDR_S07927
S07928,Varenya Wason,varenya wason,INST-058,Undergraduate,4th Year,2004-11-21,G_S07928,ADDR_S07928
S07929,Harshil Swaminathan,harshil swaminathan,INST-047,Undergraduate,4th Year,2004-03-17,G_S07929,ADDR_S07929
S07930,Watika Sachar,watika sachar,INST-015,Undergraduate,1th Year,2006-12-10,G_S07930,ADDR_S07930
S07931,Ekbal Om,ekbal om,INST-042,Undergraduate,1th Year,2007-01-19,G_S07931,ADDR_S07931
S07932,Liam Barman,liam barman,INST-020,Undergraduate,2th Year,2008-08-25,G_S07932,ADDR_S07932
S07933,Guneet Maharaj,guneet maharaj,INST-057,Undergraduate,2th Year,2008-04-08,G_S07933,ADDR_S07933
S07934,Lipika Pandit,lipika pandit,INST-006,Undergraduate,2th Year,2006-08-21,G_S07934,ADDR_S07934
S07935,Priya Ramaswamy,priya ramaswamy,INST-005,Undergraduate,3th Year,2007-01-26,G_S07935,ADDR_S07935
S07936,Qarin Sankar,qarin sankar,INST-028,Undergraduate,4th Year,2004-10-21,G_S07936,ADDR_S07936
S07937,Thomas Pillay,thomas pillay,INST-059,Undergraduate,1th Year,2005-08-25,G_S07937,ADDR_S07937
S07938,Maanas Sura,maanas sura,INST-002,Undergraduate,1th Year,2008-08-04,G_S07938,ADDR_S07938
S07939,Ati Mutti,ati mutti,INST-057,Undergraduate,2th Year,2004-03-17,G_S07939,ADDR_S07939
S07940,Thomas Kothari,thomas kothari,INST-016,Undergraduate,2th Year,2003-12-11,G_S07940,ADDR_S07940
S07941,Jasmit Ramanathan,jasmit ramanathan,INST-060,Undergraduate,4th Year,2007-04-04,G_S07941,ADDR_S07941
S07942,Libni Singh,libni singh,INST-012,Undergraduate,4th Year,2004-06-08,G_S07942,ADDR_S07942
S07943,Abha Wadhwa,abha wadhwa,INST-044,Undergraduate,2th Year,2008-05-19,G_S07943,ADDR_S07943
S07944,Yasti Memon,yasti memon,INST-010,Undergraduate,2th Year,2006-04-10,G_S07944,ADDR_S07944
S07945,NATHANIEL GALA,nathaniel gala,INST-002,Undergraduate,4th Year,2003-02-20,G_S07945,ADDR_S07945
S07946,Bhavna Pillai,bhavna pillai,INST-011,Undergraduate,4th Year,2005-11-25,G_S07946,ADDR_S07946
S07947,Anthony Mohanty,anthony mohanty,INST-051,Undergraduate,4th Year,2003-01-15,G_S07947,ADDR_S07947
S07948,Lakshit  Murty,lakshit murty,INST-021,Undergraduate,4th Year,2005-08-05,G_S07948,ADDR_S07948
S07949,Odika Dayal,odika dayal,INST-027,Undergraduate,4th Year,2006-06-16,G_S07949,ADDR_S07949
S07950,Eta Rajagopal,eta rajagopal,INST-023,Undergraduate,2th Year,2005-04-25,G_S07950,ADDR_S07950
S07951,Imaran Dhar,imaran dhar,INST-029,Undergraduate,4th Year,2006-11-08,G_S07951,ADDR_S07951
S07952,Oviya Date,oviya date,INST-001,Undergraduate,4th Year,2006-07-16,G_S07952,ADDR_S07952
S07953,Omisha Tailor,omisha tailor,INST-023,Undergraduate,2th Year,2005-02-24,G_S07953,ADDR_S07953
S07954,Vihaan Nagarajan,vihaan nagarajan,INST-028,Undergraduate,2th Year,2007-03-15,G_S07954,ADDR_S07954
S07955,Ridhi Kale,ridhi kale,INST-026,Undergraduate,3th Year,2006-08-16,G_S07955,ADDR_S07955
S07956,Amruta Devi,amruta devi,INST-038,Undergraduate,1th Year,2004-11-15,G_S07956,ADDR_S07956
S07957,Karan Choudhary,karan choudhary,INST-025,Undergraduate,1th Year,2004-06-24,G_S07957,ADDR_S07957
S07958,Rajeshri Prabhu,rajeshri prabhu,INST-055,Undergraduate,3th Year,2003-03-01,G_S07958,ADDR_S07958
S07959,Quincy Din,quincy din,INST-002,Undergraduate,3th Year,2004-11-08,G_S07959,ADDR_S07959
S07960,Brinda Tak,brinda tak,INST-008,Undergraduate,3th Year,2007-11-25,G_S07960,ADDR_S07960
S07961,Abeer Mangat,abeer mangat,INST-001,Undergraduate,3th Year,2004-02-06,G_S07961,ADDR_S07961
S07962,Waida Sheth,waida sheth,INST-027,Undergraduate,4th Year,2008-02-20,G_S07962,ADDR_S07962
S07963,Kashvi Dada,kashvi dada,INST-013,Undergraduate,1th Year,2003-08-27,G_S07963,ADDR_S07963
S07964,Charles Shanker,charles shanker,INST-013,Undergraduate,4th Year,2006-08-07,G_S07964,ADDR_S07964
S07965,Samar Karpe,samar karpe,INST-017,Undergraduate,4th Year,2005-08-27,G_S07965,ADDR_S07965
S07966,Girik Master,girik master,INST-049,Undergraduate,2th Year,2005-03-12,G_S07966,ADDR_S07966
S07967,Maanas Kibe,maanas kibe,INST-034,Undergraduate,4th Year,2006-12-02,G_S07967,ADDR_S07967
S07968,Sai Dugal,sai dugal,INST-036,Undergraduate,1th Year,2004-12-17,G_S07968,ADDR_S07968
S07969,Anamika Nadig,anamika nadig,INST-018,Undergraduate,2th Year,2007-07-03,G_S07969,ADDR_S07969
S07970,Megha Sura,megha sura,INST-004,Undergraduate,2th Year,2005-11-21,G_S07970,ADDR_S07970
S07971,Sai Arora,sai arora,INST-047,Undergraduate,4th Year,2004-09-22,G_S07971,ADDR_S07971
S07972,Ronith Ray,ronith ray,INST-025,Undergraduate,3th Year,2003-10-09,G_S07972,ADDR_S07972
S07973,Logan Venkatesh,logan venkatesh,INST-002,Undergraduate,1th Year,2007-04-19,G_S07973,ADDR_S07973
S07974,Sai Agrawal,sai agrawal,INST-057,Undergraduate,2th Year,2004-06-13,G_S07974,ADDR_S07974
S07975,Ekalinga Devi,ekalinga devi,INST-006,Undergraduate,1th Year,2007-11-19,G_S07975,ADDR_S07975
S07976,Avi Bawa,avi bawa,INST-050,Undergraduate,3th Year,2006-09-16,G_S07976,ADDR_S07976
S07977,Yahvi Loyal,yahvi loyal,INST-030,Undergraduate,3th Year,2006-09-17,G_S07977,ADDR_S07977
S07978,Lipika Kulkarni,lipika kulkarni,INST-039,Undergraduate,3th Year,2004-02-13,G_S07978,ADDR_S07978
S07979,Samarth Kala,samarth kala,INST-053,Undergraduate,1th Year,2003-01-11,G_S07979,ADDR_S07979
S07980,Siya Raj,siya raj,INST-060,Undergraduate,4th Year,2005-02-24,G_S07980,ADDR_S07980
S07981,Yashodhara Ganesan,yashodhara ganesan,INST-004,Undergraduate,3th Year,2008-08-25,G_S07981,ADDR_S07981
S07982,Wishi Chada,wishi chada,INST-015,Undergraduate,4th Year,2004-12-15,G_S07982,ADDR_S07982
S07983,Lakshmi Anand,lakshmi anand,INST-053,Undergraduate,4th Year,2004-06-01,G_S07983,ADDR_S07983
S07984,Zehaan Mangal,zehaan mangal,INST-007,Undergraduate,1th Year,2007-06-14,G_S07984,ADDR_S07984
S07985,Kiaan Bajwa,kiaan bajwa,INST-016,Undergraduate,2th Year,2006-12-11,G_S07985,ADDR_S07985
S07986,Oni Mammen,oni mammen,INST-037,Undergraduate,1th Year,2003-02-25,G_S07986,ADDR_S07986
S07987,Ishaan Guha,ishaan guha,INST-011,Undergraduate,4th Year,2005-11-22,G_S07987,ADDR_S07987
S07988,Advika Pingle,advika pingle,INST-037,Undergraduate,4th Year,2004-04-09,G_S07988,ADDR_S07988
S07989,Tanveer Prasad,tanveer prasad,INST-021,Undergraduate,2th Year,2006-07-05,G_S07989,ADDR_S07989
S07990,Aadi Brahmbhatt,aadi brahmbhatt,INST-025,Undergraduate,1th Year,2006-05-05,G_S07990,ADDR_S07990
S07991,Garima Manne,garima manne,INST-033,Undergraduate,1th Year,2004-04-21,G_S07991,ADDR_S07991
S07992,Imaran  Soman,imaran soman,INST-057,Undergraduate,3th Year,2003-08-22,G_S07992,ADDR_S07992
S07993,Darpan Zachariah,darpan zachariah,INST-015,Undergraduate,3th Year,2005-11-09,G_S07993,ADDR_S07993
S07994,Tarak Viswanathan,tarak viswanathan,INST-006,Undergraduate,2th Year,2007-11-11,G_S07994,ADDR_S07994
S07995,Bhavika Kumer,bhavika kumer,INST-002,Undergraduate,2th Year,2008-04-15,G_S07995,ADDR_S07995
S07996,Darsh Manda,darsh manda,INST-007,Undergraduate,4th Year,2005-05-08,G_S07996,ADDR_S07996
S07997,Anita Khurana,anita khurana,INST-055,Undergraduate,2th Year,2004-12-05,G_S07997,ADDR_S07997
S07998,Ijaya Ravi,ijaya ravi,INST-040,Undergraduate,2th Year,2007-02-17,G_S07998,ADDR_S07998
S07999,Yashodhara Oak,yashodhara oak,INST-020,Undergraduate,1th Year,2003-07-15,G_S07999,ADDR_S07999
S08000,Tanay Narayanan,tanay narayanan,INST-057,Undergraduate,4th Year,2007-12-02,G_S08000,ADDR_S08000
S08001,Harshil Maharaj,harshil maharaj,INST-005,Undergraduate,3th Year,2006-03-14,G_S08001,ADDR_S08001
S08002,Vansha Mukherjee,vansha mukherjee,INST-003,Undergraduate,4th Year,2006-03-16,G_S08002,ADDR_S08002
S08003,Ekaja Pandey,ekaja pandey,INST-025,Undergraduate,4th Year,2004-12-10,G_S08003,ADDR_S08003
S08004,Ronith Basak,ronith basak,INST-002,Undergraduate,2th Year,2003-07-20,G_S08004,ADDR_S08004
S08005,Harshil Rau,harshil rau,INST-037,Undergraduate,3th Year,2004-11-21,G_S08005,ADDR_S08005
S08006,Lakshmi Manda,lakshmi manda,INST-033,Undergraduate,2th Year,2005-03-13,G_S08006,ADDR_S08006
S08007,Imaran Sur,imaran sur,INST-012,Undergraduate,1th Year,2005-04-21,G_S08007,ADDR_S08007
S08008,Adweta Banik,adweta banik,INST-001,Undergraduate,4th Year,2008-01-27,G_S08008,ADDR_S08008
S08009,Baljiwan Dubey,baljiwan dubey,INST-007,Undergraduate,4th Year,2004-07-09,G_S08009,ADDR_S08009
S08010,Harshil Ravel,harshil ravel,INST-027,Undergraduate,2th Year,2003-06-19,G_S08010,ADDR_S08010
S08011,Veda Chauhan,veda chauhan,INST-054,Undergraduate,3th Year,2004-05-26,G_S08011,ADDR_S08011
S08012,Girik Chhabra,girik chhabra,INST-035,Undergraduate,3th Year,2007-08-25,G_S08012,ADDR_S08012
S08013,Zaitra Ramachandran,zaitra ramachandran,INST-035,Undergraduate,2th Year,2008-02-26,G_S08013,ADDR_S08013
S08014,Zansi Sami,zansi sami,INST-036,Undergraduate,3th Year,2008-09-19,G_S08014,ADDR_S08014
S08015,Frederick Singhal,frederick singhal,INST-056,Undergraduate,3th Year,2004-09-18,G_S08015,ADDR_S08015
S08016,Reva Parekh,reva parekh,INST-034,Undergraduate,1th Year,2005-04-22,G_S08016,ADDR_S08016
S08017,Rushil Dutta,rushil dutta,INST-003,Undergraduate,1th Year,2005-03-22,G_S08017,ADDR_S08017
S08018,Dominic Soni,dominic soni,INST-031,Undergraduate,3th Year,2004-05-13,G_S08018,ADDR_S08018
S08019,Ekani Bala,ekani bala,INST-033,Undergraduate,4th Year,2003-04-04,G_S08019,ADDR_S08019
S08020,Sarthak Prasad,sarthak prasad,INST-034,Undergraduate,1th Year,2006-11-06,G_S08020,ADDR_S08020
S08021,Aadhya Parikh,aadhya parikh,INST-031,Undergraduate,2th Year,2007-05-10,G_S08021,ADDR_S08021
S08022,Ijaya Sami,ijaya sami,INST-037,Undergraduate,3th Year,2008-08-27,G_S08022,ADDR_S08022
S08023,Ria Doctor,ria doctor,INST-019,Undergraduate,1th Year,2005-04-13,G_S08023,ADDR_S08023
S08024,Yatin Patla,yatin patla,INST-044,Undergraduate,2th Year,2003-04-05,G_S08024,ADDR_S08024
S08025,Yug Upadhyay,yug upadhyay,INST-052,Undergraduate,1th Year,2005-07-27,G_S08025,ADDR_S08025
S08026,Barkha Dutta,barkha dutta,INST-009,Undergraduate,4th Year,2006-09-22,G_S08026,ADDR_S08026
S08027,Mugdha Dhar,mugdha dhar,INST-019,Undergraduate,1th Year,2005-09-25,G_S08027,ADDR_S08027
S08028,Upadhriti Subramaniam,upadhriti subramaniam,INST-052,Undergraduate,2th Year,2006-03-20,G_S08028,ADDR_S08028
S08029,Caleb Bhavsar,caleb bhavsar,INST-005,Undergraduate,3th Year,2007-08-06,G_S08029,ADDR_S08029
S08030,Amrita Sandal,amrita sandal,INST-021,Undergraduate,4th Year,2005-12-18,G_S08030,ADDR_S08030
S08031,Vedhika Joshi,vedhika joshi,INST-032,Undergraduate,3th Year,2005-09-06,G_S08031,ADDR_S08031
S08032,Samaksh Ahuja,samaksh ahuja,INST-033,Undergraduate,4th Year,2007-05-13,G_S08032,ADDR_S08032
S08033,Yutika Om,yutika om,INST-057,Undergraduate,2th Year,2005-11-26,G_S08033,ADDR_S08033
S08034,Nakul Shere,nakul shere,INST-009,Undergraduate,4th Year,2005-11-03,G_S08034,ADDR_S08034
S08035,Varenya Rajagopalan,varenya rajagopalan,INST-027,Undergraduate,1th Year,2004-11-14,G_S08035,ADDR_S08035
S08036,Tristan Kumer,tristan kumer,INST-053,Undergraduate,3th Year,2006-11-06,G_S08036,ADDR_S08036
S08037,Ekaraj Prabhakar,ekaraj prabhakar,INST-021,Undergraduate,4th Year,2005-02-04,G_S08037,ADDR_S08037
S08038,Nitesh Nagarajan,nitesh nagarajan,INST-016,Undergraduate,2th Year,2006-04-20,G_S08038,ADDR_S08038
S08039,Zarna Prabhakar,zarna prabhakar,INST-020,Undergraduate,4th Year,2006-11-27,G_S08039,ADDR_S08039
S08040,Pooja Chhabra,pooja chhabra,INST-018,Undergraduate,3th Year,2008-10-13,G_S08040,ADDR_S08040
S08041,Aayush Sibal,aayush sibal,INST-058,Undergraduate,3th Year,2003-03-13,G_S08041,ADDR_S08041
S08042,Abhimanyu Wason,abhimanyu wason,INST-016,Undergraduate,2th Year,2004-03-15,G_S08042,ADDR_S08042
S08043,Jeremiah Anand,jeremiah anand,INST-043,Undergraduate,4th Year,2005-06-27,G_S08043,ADDR_S08043
S08044,Udarsh Ganesan,udarsh ganesan,INST-026,Undergraduate,4th Year,2005-10-19,G_S08044,ADDR_S08044
S08045,Vaishnavi Singh,vaishnavi singh,INST-011,Undergraduate,1th Year,2005-06-26,G_S08045,ADDR_S08045
S08046,Jack Dara,jack dara,INST-056,Undergraduate,4th Year,2004-12-01,G_S08046,ADDR_S08046
S08047,Logan Nagar,logan nagar,INST-002,Undergraduate,4th Year,2005-01-25,G_S08047,ADDR_S08047
S08048,Vasana Thaman,vasana thaman,INST-035,Undergraduate,1th Year,2008-03-24,G_S08048,ADDR_S08048
S08049,Rushil Agarwal,rushil agarwal,INST-053,Undergraduate,4th Year,2007-08-06,G_S08049,ADDR_S08049
S08050,Abhiram Savant,abhiram savant,INST-050,Undergraduate,1th Year,2006-09-05,G_S08050,ADDR_S08050
S08051,Madhav Bora,madhav bora,INST-034,Undergraduate,1th Year,2006-08-10,G_S08051,ADDR_S08051
S08052,Lohit Mallick,lohit mallick,INST-042,Undergraduate,4th Year,2007-11-18,G_S08052,ADDR_S08052
S08053,Rishi Merchant,rishi merchant,INST-023,Undergraduate,4th Year,2005-01-24,G_S08053,ADDR_S08053
S08054,Vrinda Kalita,vrinda kalita,INST-060,Undergraduate,3th Year,2004-02-14,G_S08054,ADDR_S08054
S08055,Ikshita Sule,ikshita sule,INST-040,Undergraduate,3th Year,2004-12-09,G_S08055,ADDR_S08055
S08056,Upasna Chandra,upasna chandra,INST-041,Undergraduate,4th Year,2007-09-22,G_S08056,ADDR_S08056
S08057,Jai Soman,jai soman,INST-034,Undergraduate,1th Year,2007-03-05,G_S08057,ADDR_S08057
S08058,Krisha Patla,krisha patla,INST-013,Undergraduate,4th Year,2006-06-21,G_S08058,ADDR_S08058
S08059,Inaya Rastogi,inaya rastogi,INST-050,Undergraduate,3th Year,2005-05-19,G_S08059,ADDR_S08059
S08060,Tamanna Ray,tamanna ray,INST-056,Undergraduate,2th Year,2007-11-26,G_S08060,ADDR_S08060
S08061,Banjeet Purohit,banjeet purohit,INST-007,Undergraduate,4th Year,2008-05-15,G_S08061,ADDR_S08061
S08062,Robert Mani,robert mani,INST-023,Undergraduate,2th Year,2007-09-22,G_S08062,ADDR_S08062
S08063,Amol Badal,amol badal,INST-029,Undergraduate,4th Year,2006-08-16,G_S08063,ADDR_S08063
S08064,Max Edwin,max edwin,INST-012,Undergraduate,3th Year,2003-08-27,G_S08064,ADDR_S08064
S08065,Lakshit Raghavan,lakshit raghavan,INST-035,Undergraduate,4th Year,2004-07-22,G_S08065,ADDR_S08065
S08066,Rohan Shanker,rohan shanker,INST-060,Undergraduate,3th Year,2006-02-05,G_S08066,ADDR_S08066
S08067,Qabil Datta,qabil datta,INST-041,Undergraduate,4th Year,2004-02-22,G_S08067,ADDR_S08067
S08068,Faqid Kuruvilla,faqid kuruvilla,INST-042,Undergraduate,2th Year,2008-07-24,G_S08068,ADDR_S08068
S08069,Agastya Shanker,agastya shanker,INST-022,Undergraduate,2th Year,2003-06-21,G_S08069,ADDR_S08069
S08070,Janaki Mane,janaki mane,INST-048,Undergraduate,4th Year,2003-03-10,G_S08070,ADDR_S08070
S08071,Yagnesh Sama,yagnesh sama,INST-036,Undergraduate,4th Year,2004-01-25,G_S08071,ADDR_S08071
S08072,Ishaan Natt,ishaan natt,INST-031,Undergraduate,2th Year,2007-01-04,G_S08072,ADDR_S08072
S08073,Ishwar Butala,ishwar butala,INST-027,Undergraduate,3th Year,2008-01-24,G_S08073,ADDR_S08073
S08074,BALJIWAN CHAR,baljiwan char,INST-033,Undergraduate,3th Year,2005-11-01,G_S08074,ADDR_S08074
S08075,Ekapad Ranganathan,ekapad ranganathan,INST-046,Undergraduate,2th Year,2004-10-06,G_S08075,ADDR_S08075
S08076,Oni Andra,oni andra,INST-035,Undergraduate,4th Year,2003-11-15,G_S08076,ADDR_S08076
S08077,Yamini Bali,yamini bali,INST-002,Undergraduate,4th Year,2006-11-09,G_S08077,ADDR_S08077
S08078,Nandini Palla,nandini palla,INST-034,Undergraduate,4th Year,2006-10-20,G_S08078,ADDR_S08078
S08079,Advika Sidhu,advika sidhu,INST-025,Undergraduate,1th Year,2007-05-22,G_S08079,ADDR_S08079
S08080,Tamanna Jani,tamanna jani,INST-057,Undergraduate,3th Year,2006-03-06,G_S08080,ADDR_S08080
S08081,Eiravati Mani,eiravati mani,INST-013,Undergraduate,3th Year,2008-04-15,G_S08081,ADDR_S08081
S08082,Ishita Swamy,ishita swamy,INST-021,Undergraduate,4th Year,2003-10-13,G_S08082,ADDR_S08082
S08083,Rachit Chokshi,rachit chokshi,INST-021,Undergraduate,3th Year,2004-03-27,G_S08083,ADDR_S08083
S08084,NEHA SODHI,neha sodhi,INST-029,Undergraduate,1th Year,2007-10-07,G_S08084,ADDR_S08084
S08085,Zayyan Rajagopalan,zayyan rajagopalan,INST-043,Undergraduate,4th Year,2004-04-14,G_S08085,ADDR_S08085
S08086,Yashasvi Sachdev,yashasvi sachdev,INST-021,Undergraduate,4th Year,2005-08-06,G_S08086,ADDR_S08086
S08087,Bhanumati Khatri,bhanumati khatri,INST-008,Undergraduate,3th Year,2006-07-06,G_S08087,ADDR_S08087
S08088,Arin Johal,arin johal,INST-026,Undergraduate,3th Year,2006-02-18,G_S08088,ADDR_S08088
S08089,Warda Dewan,warda dewan,INST-048,Undergraduate,1th Year,2005-07-02,G_S08089,ADDR_S08089
S08090,Pallavi Patla,pallavi patla,INST-043,Undergraduate,2th Year,2004-03-17,G_S08090,ADDR_S08090
S08091,Zarna Dhar,zarna dhar,INST-033,Undergraduate,3th Year,2006-03-24,G_S08091,ADDR_S08091
S08092,Maya Yohannan,maya yohannan,INST-016,Undergraduate,4th Year,2006-08-12,G_S08092,ADDR_S08092
S08093,Aishani Ganesan,aishani ganesan,INST-053,Undergraduate,2th Year,2006-05-20,G_S08093,ADDR_S08093
S08094,Kabir Mannan,kabir mannan,INST-035,Undergraduate,4th Year,2008-06-27,G_S08094,ADDR_S08094
S08095,Balveer  Banerjee,balveer banerjee,INST-013,Undergraduate,1th Year,2005-07-27,G_S08095,ADDR_S08095
S08096,Ansh Raman,ansh raman,INST-041,Undergraduate,2th Year,2006-01-08,G_S08096,ADDR_S08096
S08097,Gabriel Modi,gabriel modi,INST-040,Undergraduate,4th Year,2005-06-12,G_S08097,ADDR_S08097
S08098,Anay Nagarajan,anay nagarajan,INST-059,Undergraduate,3th Year,2003-09-03,G_S08098,ADDR_S08098
S08099,Arjun Nigam,arjun nigam,INST-033,Undergraduate,4th Year,2005-10-10,G_S08099,ADDR_S08099
S08100,Sathvik Dhar,sathvik dhar,INST-030,Undergraduate,2th Year,2005-11-13,G_S08100,ADDR_S08100
S08101,Ishwar Rattan,ishwar rattan,INST-040,Undergraduate,1th Year,2007-04-11,G_S08101,ADDR_S08101
S08102,Dakshesh Hora,dakshesh hora,INST-030,Undergraduate,3th Year,2003-09-26,G_S08102,ADDR_S08102
S08103,Ekaja Salvi,ekaja salvi,INST-044,Undergraduate,3th Year,2004-09-04,G_S08103,ADDR_S08103
S08104,Lakshmi Iyer,lakshmi iyer,INST-052,Undergraduate,3th Year,2005-05-06,G_S08104,ADDR_S08104
S08105,Gaurav Bhardwaj,gaurav bhardwaj,INST-041,Undergraduate,4th Year,2008-11-19,G_S08105,ADDR_S08105
S08106,Baljiwan Ben,baljiwan ben,INST-057,Undergraduate,2th Year,2004-08-20,G_S08106,ADDR_S08106
S08107,Dominic Sawhney,dominic sawhney,INST-047,Undergraduate,3th Year,2003-07-14,G_S08107,ADDR_S08107
S08108,Aarush Mukherjee,aarush mukherjee,INST-022,Undergraduate,3th Year,2003-02-12,G_S08108,ADDR_S08108
S08109,Oscar Vyas,oscar vyas,INST-024,Undergraduate,1th Year,2008-11-22,G_S08109,ADDR_S08109
S08110,Gautami Mallick,gautami mallick,INST-002,Undergraduate,4th Year,2006-11-26,G_S08110,ADDR_S08110
S08111,Gautami Gole,gautami gole,INST-002,Undergraduate,2th Year,2007-01-01,G_S08111,ADDR_S08111
S08112,Victor Bawa,victor bawa,INST-009,Undergraduate,1th Year,2003-10-22,G_S08112,ADDR_S08112
S08113,Thomas Sawhney,thomas sawhney,INST-054,Undergraduate,1th Year,2008-11-25,G_S08113,ADDR_S08113
S08114,Panini Chakrabarti,panini chakrabarti,INST-035,Undergraduate,3th Year,2006-03-04,G_S08114,ADDR_S08114
S08115,Omisha Ramesh,omisha ramesh,INST-043,Undergraduate,4th Year,2003-08-02,G_S08115,ADDR_S08115
S08116,Aryan Vala,aryan vala,INST-023,Undergraduate,3th Year,2003-11-04,G_S08116,ADDR_S08116
S08117,Logan Devan,logan devan,INST-038,Undergraduate,2th Year,2007-10-25,G_S08117,ADDR_S08117
S08118,Zinal Bhavsar,zinal bhavsar,INST-023,Undergraduate,2th Year,2008-04-09,G_S08118,ADDR_S08118
S08119,Chavvi Shanker,chavvi shanker,INST-051,Undergraduate,1th Year,2004-06-17,G_S08119,ADDR_S08119
S08120,Tanvi Aggarwal,tanvi aggarwal,INST-041,Undergraduate,2th Year,2004-08-14,G_S08120,ADDR_S08120
S08121,Thomas Borah,thomas borah,INST-017,Undergraduate,1th Year,2007-11-24,G_S08121,ADDR_S08121
S08122,Balhaar Palla,balhaar palla,INST-054,Undergraduate,1th Year,2008-09-16,G_S08122,ADDR_S08122
S08123,Yash Anand,yash anand,INST-022,Undergraduate,2th Year,2008-04-12,G_S08123,ADDR_S08123
S08124,Widisha Jain,widisha jain,INST-030,Undergraduate,1th Year,2008-02-17,G_S08124,ADDR_S08124
S08125,Yahvi Mannan,yahvi mannan,INST-026,Undergraduate,3th Year,2003-07-01,G_S08125,ADDR_S08125
S08126,Girindra Dash,girindra dash,INST-047,Undergraduate,1th Year,2006-04-26,G_S08126,ADDR_S08126
S08127,Logan Sami,logan sami,INST-023,Undergraduate,2th Year,2005-04-01,G_S08127,ADDR_S08127
S08128,Urvi Reddy,urvi reddy,INST-051,Undergraduate,4th Year,2004-03-05,G_S08128,ADDR_S08128
S08129,Ayush Chawla,ayush chawla,INST-034,Undergraduate,1th Year,2003-10-23,G_S08129,ADDR_S08129
S08130,Vedika Sane,vedika sane,INST-005,Undergraduate,2th Year,2007-04-20,G_S08130,ADDR_S08130
S08131,Guneet Upadhyay,guneet upadhyay,INST-030,Undergraduate,3th Year,2008-06-20,G_S08131,ADDR_S08131
S08132,Varenya Rao,varenya rao,INST-029,Undergraduate,1th Year,2004-03-19,G_S08132,ADDR_S08132
S08133,Tarak Rege,tarak rege,INST-047,Undergraduate,2th Year,2004-03-03,G_S08133,ADDR_S08133
S08134,Rachana Vora,rachana vora,INST-042,Undergraduate,2th Year,2007-06-13,G_S08134,ADDR_S08134
S08135,Aryan Chahal,aryan chahal,INST-039,Undergraduate,4th Year,2008-03-01,G_S08135,ADDR_S08135
S08136,Neel Sharaf,neel sharaf,INST-004,Undergraduate,2th Year,2005-06-13,G_S08136,ADDR_S08136
S08137,Orinder Dutt,orinder dutt,INST-001,Undergraduate,1th Year,2005-04-17,G_S08137,ADDR_S08137
S08138,Pavani Sankaran,pavani sankaran,INST-055,Undergraduate,3th Year,2004-06-20,G_S08138,ADDR_S08138
S08139,Sachi Varma,sachi varma,INST-001,Undergraduate,4th Year,2004-11-06,G_S08139,ADDR_S08139
S08140,Robert Sem,robert sem,INST-039,Undergraduate,4th Year,2005-09-18,G_S08140,ADDR_S08140
S08141,Frederick Rana,frederick rana,INST-056,Undergraduate,4th Year,2007-05-03,G_S08141,ADDR_S08141
S08142,Omkaar Grover,omkaar grover,INST-002,Undergraduate,4th Year,2008-09-10,G_S08142,ADDR_S08142
S08143,Ubika Manne,ubika manne,INST-013,Undergraduate,2th Year,2007-05-01,G_S08143,ADDR_S08143
S08144,Eesha Wason,eesha wason,INST-055,Undergraduate,4th Year,2008-04-17,G_S08144,ADDR_S08144
S08145,Krishna Naik,krishna naik,INST-010,Undergraduate,3th Year,2008-02-13,G_S08145,ADDR_S08145
S08146,Vansha Srinivasan,vansha srinivasan,INST-056,Undergraduate,4th Year,2005-09-16,G_S08146,ADDR_S08146
S08147,Max Saraf,max saraf,INST-009,Undergraduate,3th Year,2008-01-24,G_S08147,ADDR_S08147
S08148,Warhi Rai,warhi rai,INST-011,Undergraduate,3th Year,2007-05-01,G_S08148,ADDR_S08148
S08149,Aryan Guha,aryan guha,INST-045,Undergraduate,3th Year,2008-07-07,G_S08149,ADDR_S08149
S08150,Aryan Nadig,aryan nadig,INST-019,Undergraduate,2th Year,2006-06-12,G_S08150,ADDR_S08150
S08151,Elijah Mannan,elijah mannan,INST-043,Undergraduate,3th Year,2008-06-28,G_S08151,ADDR_S08151
S08152,Ridhi Chopra,ridhi chopra,INST-045,Undergraduate,4th Year,2007-11-06,G_S08152,ADDR_S08152
S08153,Forum Subramanian,forum subramanian,INST-017,Undergraduate,2th Year,2006-01-14,G_S08153,ADDR_S08153
S08154,Ekaraj Dewan,ekaraj dewan,INST-032,Undergraduate,4th Year,2005-01-20,G_S08154,ADDR_S08154
S08155,Meghana  Panchal,meghana panchal,INST-030,Undergraduate,1th Year,2003-01-14,G_S08155,ADDR_S08155
S08156,Ridhi Buch,ridhi buch,INST-010,Undergraduate,3th Year,2008-09-13,G_S08156,ADDR_S08156
S08157,Darika Vora,darika vora,INST-035,Undergraduate,3th Year,2007-11-20,G_S08157,ADDR_S08157
S08158,Balveer Bhalla,balveer bhalla,INST-045,Undergraduate,3th Year,2008-03-05,G_S08158,ADDR_S08158
S08159,Caleb Agrawal,caleb agrawal,INST-006,Undergraduate,1th Year,2006-12-06,G_S08159,ADDR_S08159
S08160,Adweta Madan,adweta madan,INST-036,Undergraduate,4th Year,2007-03-07,G_S08160,ADDR_S08160
S08161,Sanya Swamy,sanya swamy,INST-028,Undergraduate,4th Year,2004-08-18,G_S08161,ADDR_S08161
S08162,Ubika Bawa,ubika bawa,INST-047,Undergraduate,1th Year,2007-10-16,G_S08162,ADDR_S08162
S08163,Anay Dhaliwal,anay dhaliwal,INST-058,Undergraduate,2th Year,2004-08-21,G_S08163,ADDR_S08163
S08164,Andrew Dasgupta,andrew dasgupta,INST-010,Undergraduate,4th Year,2008-04-06,G_S08164,ADDR_S08164
S08165,Mason Oak,mason oak,INST-005,Undergraduate,4th Year,2005-01-16,G_S08165,ADDR_S08165
S08166,Devansh Tripathi,devansh tripathi,INST-041,Undergraduate,2th Year,2008-01-16,G_S08166,ADDR_S08166
S08167,Balendra Tak,balendra tak,INST-027,Undergraduate,2th Year,2004-05-11,G_S08167,ADDR_S08167
S08168,Onveer Bajaj,onveer bajaj,INST-053,Undergraduate,1th Year,2005-03-03,G_S08168,ADDR_S08168
S08169,Hemangini Dixit,hemangini dixit,INST-055,Undergraduate,1th Year,2005-04-10,G_S08169,ADDR_S08169
S08170,Neel Karan,neel karan,INST-004,Undergraduate,4th Year,2008-10-25,G_S08170,ADDR_S08170
S08171,Nikita Kade,nikita kade,INST-004,Undergraduate,3th Year,2007-11-25,G_S08171,ADDR_S08171
S08172,Amol Rajagopalan,amol rajagopalan,INST-019,Undergraduate,2th Year,2005-03-15,G_S08172,ADDR_S08172
S08173,Benjamin Arya,benjamin arya,INST-042,Undergraduate,3th Year,2004-04-13,G_S08173,ADDR_S08173
S08174,Rohan Bahri,rohan bahri,INST-056,Undergraduate,2th Year,2004-04-10,G_S08174,ADDR_S08174
S08175,Advika Gera,advika gera,INST-046,Undergraduate,1th Year,2006-01-02,G_S08175,ADDR_S08175
S08176,Pallavi Dewan,pallavi dewan,INST-040,Undergraduate,1th Year,2003-03-25,G_S08176,ADDR_S08176
S08177,Siya Patla,siya patla,INST-003,Undergraduate,2th Year,2006-01-21,G_S08177,ADDR_S08177
S08178,Upasna Mani,upasna mani,INST-006,Undergraduate,1th Year,2003-10-27,G_S08178,ADDR_S08178
S08179,Eta Talwar,eta talwar,INST-034,Undergraduate,4th Year,2008-02-12,G_S08179,ADDR_S08179
S08180,Aradhana Mody,aradhana mody,INST-026,Undergraduate,4th Year,2008-11-11,G_S08180,ADDR_S08180
S08181,Jhalak Reddy,jhalak reddy,INST-025,Undergraduate,2th Year,2007-06-08,G_S08181,ADDR_S08181
S08182,Aadhya Bawa,aadhya bawa,INST-036,Undergraduate,4th Year,2003-02-27,G_S08182,ADDR_S08182
S08183,Waida Joshi,waida joshi,INST-019,Undergraduate,1th Year,2008-03-22,G_S08183,ADDR_S08183
S08184,Daksha Kulkarni,daksha kulkarni,INST-019,Undergraduate,4th Year,2007-04-26,G_S08184,ADDR_S08184
S08185,Theodore Kumar,theodore kumar,INST-038,Undergraduate,1th Year,2008-04-08,G_S08185,ADDR_S08185
S08186,Dominic Mand,dominic mand,INST-033,Undergraduate,1th Year,2004-10-15,G_S08186,ADDR_S08186
S08187,Pushti Yadav,pushti yadav,INST-017,Undergraduate,1th Year,2008-06-16,G_S08187,ADDR_S08187
S08188,Irya Varkey,irya varkey,INST-001,Undergraduate,2th Year,2006-01-02,G_S08188,ADDR_S08188
S08189,Amrita Toor,amrita toor,INST-014,Undergraduate,3th Year,2003-08-10,G_S08189,ADDR_S08189
S08190,Chaman Karnik,chaman karnik,INST-016,Undergraduate,2th Year,2005-09-21,G_S08190,ADDR_S08190
S08191,Pushti Dutta,pushti dutta,INST-026,Undergraduate,1th Year,2006-02-16,G_S08191,ADDR_S08191
S08192,Warda Kalita,warda kalita,INST-049,Undergraduate,1th Year,2003-01-13,G_S08192,ADDR_S08192
S08193,Manya Mistry,manya mistry,INST-039,Undergraduate,3th Year,2003-11-09,G_S08193,ADDR_S08193
S08194,Wridesh Dube,wridesh dube,INST-056,Undergraduate,1th Year,2006-04-28,G_S08194,ADDR_S08194
S08195,Triveni Solanki,triveni solanki,INST-004,Undergraduate,1th Year,2005-10-24,G_S08195,ADDR_S08195
S08196,Urishilla Agrawal,urishilla agrawal,INST-036,Undergraduate,3th Year,2006-10-07,G_S08196,ADDR_S08196
S08197,Yagnesh Dutt,yagnesh dutt,INST-059,Undergraduate,4th Year,2008-02-01,G_S08197,ADDR_S08197
S08198,Tejas Krishnamurthy,tejas krishnamurthy,INST-015,Undergraduate,2th Year,2004-11-28,G_S08198,ADDR_S08198
S08199,Yagnesh Sani,yagnesh sani,INST-024,Undergraduate,2th Year,2006-12-02,G_S08199,ADDR_S08199
S08200,AZAD PAREKH,azad parekh,INST-035,Undergraduate,2th Year,2003-07-20,G_S08200,ADDR_S08200
S08201,Dalaja Nagar,dalaja nagar,INST-032,Undergraduate,1th Year,2004-01-17,G_S08201,ADDR_S08201
S08202,Jalsa Balay,jalsa balay,INST-032,Undergraduate,1th Year,2006-12-14,G_S08202,ADDR_S08202
S08203,Amruta Rattan,amruta rattan,INST-037,Undergraduate,2th Year,2006-08-28,G_S08203,ADDR_S08203
S08204,Noah Anand,noah anand,INST-037,Undergraduate,1th Year,2003-04-17,G_S08204,ADDR_S08204
S08205,Tanvi Hegde,tanvi hegde,INST-057,Undergraduate,2th Year,2003-06-01,G_S08205,ADDR_S08205
S08206,Orinder Hayre,orinder hayre,INST-043,Undergraduate,3th Year,2008-09-10,G_S08206,ADDR_S08206
S08207,Unni Sekhon,unni sekhon,INST-018,Undergraduate,3th Year,2004-08-13,G_S08207,ADDR_S08207
S08208,Vrishti Dhar,vrishti dhar,INST-013,Undergraduate,3th Year,2006-11-19,G_S08208,ADDR_S08208
S08209,Anamika Pai,anamika pai,INST-045,Undergraduate,4th Year,2007-04-25,G_S08209,ADDR_S08209
S08210,Wyatt Balakrishnan,wyatt balakrishnan,INST-046,Undergraduate,1th Year,2005-12-26,G_S08210,ADDR_S08210
S08211,Oviya Devi,oviya devi,INST-016,Undergraduate,1th Year,2008-12-17,G_S08211,ADDR_S08211
S08212,Indali Choudhary,indali choudhary,INST-018,Undergraduate,3th Year,2006-12-10,G_S08212,ADDR_S08212
S08213,Balvan Deo,balvan deo,INST-021,Undergraduate,4th Year,2007-06-05,G_S08213,ADDR_S08213
S08214,Charita Oza,charita oza,INST-004,Undergraduate,4th Year,2007-06-05,G_S08214,ADDR_S08214
S08215,Qasim Chandra,qasim chandra,INST-015,Undergraduate,3th Year,2006-01-21,G_S08215,ADDR_S08215
S08216,Shaurya Oza,shaurya oza,INST-006,Undergraduate,2th Year,2004-05-25,G_S08216,ADDR_S08216
S08217,Dhruv Dewan,dhruv dewan,INST-040,Undergraduate,3th Year,2006-04-20,G_S08217,ADDR_S08217
S08218,Alka Kaul,alka kaul,INST-041,Undergraduate,3th Year,2005-01-05,G_S08218,ADDR_S08218
S08219,Vyanjana Narayanan,vyanjana narayanan,INST-024,Undergraduate,2th Year,2005-04-26,G_S08219,ADDR_S08219
S08220,Farhan Chaudhry,farhan chaudhry,INST-054,Undergraduate,2th Year,2003-08-02,G_S08220,ADDR_S08220
S08221,Lucky Khare,lucky khare,INST-053,Undergraduate,4th Year,2004-01-04,G_S08221,ADDR_S08221
S08222,Ayush Maharaj,ayush maharaj,INST-013,Undergraduate,1th Year,2003-09-10,G_S08222,ADDR_S08222
S08223,Nandini Parmar,nandini parmar,INST-055,Undergraduate,3th Year,2005-01-19,G_S08223,ADDR_S08223
S08224,Triveni Lalla,triveni lalla,INST-021,Undergraduate,2th Year,2005-08-07,G_S08224,ADDR_S08224
S08225,RADHA RAI,radha rai,INST-052,Undergraduate,2th Year,2008-06-10,G_S08225,ADDR_S08225
S08226,Hemangini Choudhry,hemangini choudhry,INST-044,Undergraduate,1th Year,2003-07-09,G_S08226,ADDR_S08226
S08227,Januja Tandon,januja tandon,INST-043,Undergraduate,2th Year,2004-08-03,G_S08227,ADDR_S08227
S08228,Reyansh Palla,reyansh palla,INST-021,Undergraduate,2th Year,2008-12-24,G_S08228,ADDR_S08228
S08229,Brinda Oommen,brinda oommen,INST-035,Undergraduate,2th Year,2004-01-26,G_S08229,ADDR_S08229
S08230,Aashi Sankar,aashi sankar,INST-021,Undergraduate,1th Year,2006-08-20,G_S08230,ADDR_S08230
S08231,Faris  Kata,faris kata,INST-030,Undergraduate,2th Year,2005-01-03,G_S08231,ADDR_S08231
S08232,Girindra Brar,girindra brar,INST-030,Undergraduate,1th Year,2007-03-07,G_S08232,ADDR_S08232
S08233,Daksha Padmanabhan,daksha padmanabhan,INST-002,Undergraduate,1th Year,2006-07-02,G_S08233,ADDR_S08233
S08234,Dhriti Kannan,dhriti kannan,INST-058,Undergraduate,4th Year,2004-10-28,G_S08234,ADDR_S08234
S08235,Azad Sahni,azad sahni,INST-047,Undergraduate,2th Year,2004-02-17,G_S08235,ADDR_S08235
S08236,Urvi Grewal,urvi grewal,INST-010,Undergraduate,3th Year,2005-06-03,G_S08236,ADDR_S08236
S08237,Ojasvi Shah,ojasvi shah,INST-001,Undergraduate,3th Year,2007-08-17,G_S08237,ADDR_S08237
S08238,Yug Sathe,yug sathe,INST-003,Undergraduate,4th Year,2008-05-08,G_S08238,ADDR_S08238
S08239,Lekha Chandran,lekha chandran,INST-007,Undergraduate,1th Year,2006-03-02,G_S08239,ADDR_S08239
S08240,Gabriel Nadkarni,gabriel nadkarni,INST-032,Undergraduate,4th Year,2003-08-06,G_S08240,ADDR_S08240
S08241,Kavya Sampath,kavya sampath,INST-043,Undergraduate,4th Year,2007-03-26,G_S08241,ADDR_S08241
S08242,Pavani Kurian,pavani kurian,INST-052,Undergraduate,3th Year,2004-09-04,G_S08242,ADDR_S08242
S08243,Oscar Samra,oscar samra,INST-053,Undergraduate,2th Year,2004-07-13,G_S08243,ADDR_S08243
S08244,Yoshita Kurian,yoshita kurian,INST-008,Undergraduate,4th Year,2004-01-25,G_S08244,ADDR_S08244
S08245,Yasti Sathe,yasti sathe,INST-055,Undergraduate,4th Year,2004-10-10,G_S08245,ADDR_S08245
S08246,Nathaniel Atwal,nathaniel atwal,INST-032,Undergraduate,4th Year,2003-04-10,G_S08246,ADDR_S08246
S08247,Panini Kaur,panini kaur,INST-023,Undergraduate,1th Year,2006-10-04,G_S08247,ADDR_S08247
S08248,Raagini Khosla,raagini khosla,INST-037,Undergraduate,1th Year,2005-06-09,G_S08248,ADDR_S08248
S08249,Wahab Nayar,wahab nayar,INST-020,Undergraduate,2th Year,2005-01-21,G_S08249,ADDR_S08249
S08250,Rajata Tak,rajata tak,INST-028,Undergraduate,1th Year,2007-08-28,G_S08250,ADDR_S08250
S08251,Deepa Nayak,deepa nayak,INST-050,Undergraduate,1th Year,2007-01-05,G_S08251,ADDR_S08251
S08252,Forum Zacharia,forum zacharia,INST-024,Undergraduate,4th Year,2005-03-04,G_S08252,ADDR_S08252
S08253,Jeremiah Sahota,jeremiah sahota,INST-060,Undergraduate,3th Year,2003-08-14,G_S08253,ADDR_S08253
S08254,Vedant Chaudhry,vedant chaudhry,INST-058,Undergraduate,1th Year,2005-06-20,G_S08254,ADDR_S08254
S08255,Tanveer Mand,tanveer mand,INST-024,Undergraduate,1th Year,2006-12-10,G_S08255,ADDR_S08255
S08256,Balvan Morar,balvan morar,INST-050,Undergraduate,4th Year,2008-04-26,G_S08256,ADDR_S08256
S08257,Gautam Manne,gautam manne,INST-021,Undergraduate,1th Year,2005-03-21,G_S08257,ADDR_S08257
S08258,Dakshesh Dhillon,dakshesh dhillon,INST-014,Undergraduate,2th Year,2007-05-07,G_S08258,ADDR_S08258
S08259,Xavier Rattan,xavier rattan,INST-020,Undergraduate,3th Year,2003-11-09,G_S08259,ADDR_S08259
S08260,Jeevika Batra,jeevika batra,INST-015,Undergraduate,2th Year,2006-12-02,G_S08260,ADDR_S08260
S08261,Parth Khanna,parth khanna,INST-004,Undergraduate,4th Year,2006-07-22,G_S08261,ADDR_S08261
S08262,Yatin Kumer,yatin kumer,INST-023,Undergraduate,4th Year,2004-01-26,G_S08262,ADDR_S08262
S08263,Urishilla Pathak,urishilla pathak,INST-013,Undergraduate,4th Year,2007-05-06,G_S08263,ADDR_S08263
S08264,RIYA RADHAKRISHNAN,riya radhakrishnan,INST-049,Undergraduate,3th Year,2003-06-27,G_S08264,ADDR_S08264
S08265,Qasim Bhatt,qasim bhatt,INST-060,Undergraduate,1th Year,2004-09-21,G_S08265,ADDR_S08265
S08266,Garima Master,garima master,INST-045,Undergraduate,2th Year,2006-08-21,G_S08266,ADDR_S08266
S08267,Bhavika Kuruvilla,bhavika kuruvilla,INST-034,Undergraduate,4th Year,2006-02-05,G_S08267,ADDR_S08267
S08268,Frederick Verma,frederick verma,INST-048,Undergraduate,3th Year,2005-02-12,G_S08268,ADDR_S08268
S08269,Chandani Kothari,chandani kothari,INST-014,Undergraduate,2th Year,2005-09-03,G_S08269,ADDR_S08269
S08270,Kashish Kar,kashish kar,INST-008,Undergraduate,1th Year,2004-10-22,G_S08270,ADDR_S08270
S08271,Balvan Dugar,balvan dugar,INST-018,Undergraduate,4th Year,2005-01-26,G_S08271,ADDR_S08271
S08272,Veda Dani,veda dani,INST-060,Undergraduate,2th Year,2003-01-09,G_S08272,ADDR_S08272
S08273,Ekani Babu,ekani babu,INST-004,Undergraduate,2th Year,2003-11-06,G_S08273,ADDR_S08273
S08274,Manan Contractor,manan contractor,INST-012,Undergraduate,1th Year,2004-10-09,G_S08274,ADDR_S08274
S08275,Jonathan Ramakrishnan,jonathan ramakrishnan,INST-015,Undergraduate,3th Year,2003-02-07,G_S08275,ADDR_S08275
S08276,Devansh Seth,devansh seth,INST-010,Undergraduate,4th Year,2003-06-18,G_S08276,ADDR_S08276
S08277,Neel Upadhyay,neel upadhyay,INST-006,Undergraduate,2th Year,2004-04-04,G_S08277,ADDR_S08277
S08278,Prisha Dhaliwal,prisha dhaliwal,INST-006,Undergraduate,4th Year,2005-08-01,G_S08278,ADDR_S08278
S08279,Chatresh Thakur,chatresh thakur,INST-055,Undergraduate,3th Year,2007-06-10,G_S08279,ADDR_S08279
S08280,Veer Dugal,veer dugal,INST-029,Undergraduate,1th Year,2007-08-07,G_S08280,ADDR_S08280
S08281,Guneet Koshy,guneet koshy,INST-031,Undergraduate,3th Year,2008-07-18,G_S08281,ADDR_S08281
S08282,Faqid Nagy,faqid nagy,INST-032,Undergraduate,4th Year,2007-03-15,G_S08282,ADDR_S08282
S08283,Tejas Sharma,tejas sharma,INST-004,Undergraduate,1th Year,2003-03-17,G_S08283,ADDR_S08283
S08284,Veda Comar,veda comar,INST-032,Undergraduate,1th Year,2005-12-16,G_S08284,ADDR_S08284
S08285,Jagrati Devan,jagrati devan,INST-033,Undergraduate,4th Year,2008-01-05,G_S08285,ADDR_S08285
S08286,Vinaya Agarwal,vinaya agarwal,INST-031,Undergraduate,1th Year,2006-11-08,G_S08286,ADDR_S08286
S08287,Brinda Pal,brinda pal,INST-033,Undergraduate,4th Year,2003-10-13,G_S08287,ADDR_S08287
S08288,Kashvi Hegde,kashvi hegde,INST-017,Undergraduate,4th Year,2006-01-13,G_S08288,ADDR_S08288
S08289,Aachal Mahal,aachal mahal,INST-044,Undergraduate,3th Year,2005-11-05,G_S08289,ADDR_S08289
S08290,Charan Anne,charan anne,INST-047,Undergraduate,4th Year,2005-06-08,G_S08290,ADDR_S08290
S08291,Abeer Deep,abeer deep,INST-012,Undergraduate,4th Year,2006-04-04,G_S08291,ADDR_S08291
S08292,Yagnesh Talwar,yagnesh talwar,INST-018,Undergraduate,4th Year,2007-04-06,G_S08292,ADDR_S08292
S08293,Tanay Mukherjee,tanay mukherjee,INST-035,Undergraduate,4th Year,2004-05-11,G_S08293,ADDR_S08293
S08294,Christopher Garde,christopher garde,INST-038,Undergraduate,1th Year,2003-05-12,G_S08294,ADDR_S08294
S08295,Yahvi Ratta,yahvi ratta,INST-048,Undergraduate,3th Year,2004-05-06,G_S08295,ADDR_S08295
S08296,Mekhala Batta,mekhala batta,INST-034,Undergraduate,1th Year,2005-03-12,G_S08296,ADDR_S08296
S08297,Champak Magar,champak magar,INST-059,Undergraduate,1th Year,2007-03-04,G_S08297,ADDR_S08297
S08298,Samesh Mahajan,samesh mahajan,INST-018,Undergraduate,3th Year,2004-07-04,G_S08298,ADDR_S08298
S08299,Tripti Pall,tripti pall,INST-011,Undergraduate,4th Year,2005-08-21,G_S08299,ADDR_S08299
S08300,Ekapad Yadav,ekapad yadav,INST-002,Undergraduate,1th Year,2008-11-20,G_S08300,ADDR_S08300
S08301,Wriddhish Samra,wriddhish samra,INST-023,Undergraduate,3th Year,2007-01-06,G_S08301,ADDR_S08301
S08302,Chaitanya Borra,chaitanya borra,INST-023,Undergraduate,3th Year,2007-11-09,G_S08302,ADDR_S08302
S08303,Kevin Sekhon,kevin sekhon,INST-036,Undergraduate,4th Year,2003-08-10,G_S08303,ADDR_S08303
S08304,Ekbal Bava,ekbal bava,INST-040,Undergraduate,1th Year,2005-06-11,G_S08304,ADDR_S08304
S08305,Harish Kohli,harish kohli,INST-028,Undergraduate,3th Year,2003-11-01,G_S08305,ADDR_S08305
S08306,Avni Prashad,avni prashad,INST-021,Undergraduate,4th Year,2005-09-19,G_S08306,ADDR_S08306
S08307,Harish Mukherjee,harish mukherjee,INST-052,Undergraduate,3th Year,2004-09-27,G_S08307,ADDR_S08307
S08308,Manthan  Agate,manthan agate,INST-018,Undergraduate,2th Year,2006-10-15,G_S08308,ADDR_S08308
S08309,Wahab Wason,wahab wason,INST-009,Undergraduate,3th Year,2003-01-28,G_S08309,ADDR_S08309
S08310,Janaki Keer,janaki keer,INST-004,Undergraduate,1th Year,2006-04-14,G_S08310,ADDR_S08310
S08311,Azad Hegde,azad hegde,INST-048,Undergraduate,1th Year,2006-05-06,G_S08311,ADDR_S08311
S08312,Lila Virk,lila virk,INST-034,Undergraduate,2th Year,2008-11-20,G_S08312,ADDR_S08312
S08313,Nirja Kapadia,nirja kapadia,INST-047,Undergraduate,3th Year,2007-05-26,G_S08313,ADDR_S08313
S08314,Aditya Khanna,aditya khanna,INST-007,Undergraduate,3th Year,2004-08-14,G_S08314,ADDR_S08314
S08315,Varenya Korpal,varenya korpal,INST-002,Undergraduate,3th Year,2004-04-15,G_S08315,ADDR_S08315
S08316,Advik Shukla,advik shukla,INST-039,Undergraduate,4th Year,2008-06-03,G_S08316,ADDR_S08316
S08317,Vedika Sangha,vedika sangha,INST-028,Undergraduate,1th Year,2005-05-23,G_S08317,ADDR_S08317
S08318,Qarin Batra,qarin batra,INST-051,Undergraduate,4th Year,2006-02-06,G_S08318,ADDR_S08318
S08319,Arin Pandya,arin pandya,INST-058,Undergraduate,1th Year,2007-11-08,G_S08319,ADDR_S08319
S08320,Faris Kurian,faris kurian,INST-058,Undergraduate,1th Year,2003-12-16,G_S08320,ADDR_S08320
S08321,Chandresh Som,chandresh som,INST-056,Undergraduate,4th Year,2005-05-27,G_S08321,ADDR_S08321
S08322,Tanmayi Comar,tanmayi comar,INST-037,Undergraduate,3th Year,2007-09-13,G_S08322,ADDR_S08322
S08323,Wyatt Luthra,wyatt luthra,INST-004,Undergraduate,4th Year,2006-05-13,G_S08323,ADDR_S08323
S08324,Ayaan Walia,ayaan walia,INST-032,Undergraduate,3th Year,2007-07-05,G_S08324,ADDR_S08324
S08325,Hemang Gole,hemang gole,INST-014,Undergraduate,2th Year,2007-12-08,G_S08325,ADDR_S08325
S08326,TARA AHUJA,tara ahuja,INST-012,Undergraduate,4th Year,2007-06-16,G_S08326,ADDR_S08326
S08327,Faris Choudhary,faris choudhary,INST-039,Undergraduate,2th Year,2004-03-16,G_S08327,ADDR_S08327
S08328,Alka Modi,alka modi,INST-014,Undergraduate,3th Year,2007-02-26,G_S08328,ADDR_S08328
S08329,Aashi Patla,aashi patla,INST-010,Undergraduate,3th Year,2007-02-28,G_S08329,ADDR_S08329
S08330,Urmi Dhar,urmi dhar,INST-041,Undergraduate,4th Year,2004-10-17,G_S08330,ADDR_S08330
S08331,Hemangini Nigam,hemangini nigam,INST-023,Undergraduate,2th Year,2007-11-28,G_S08331,ADDR_S08331
S08332,Ishwar Grewal,ishwar grewal,INST-036,Undergraduate,3th Year,2007-04-11,G_S08332,ADDR_S08332
S08333,Priya Tara,priya tara,INST-032,Undergraduate,2th Year,2003-08-12,G_S08333,ADDR_S08333
S08334,Warinder Sarna,warinder sarna,INST-050,Undergraduate,4th Year,2007-07-23,G_S08334,ADDR_S08334
S08335,Jackson Thaker,jackson thaker,INST-004,Undergraduate,2th Year,2008-03-18,G_S08335,ADDR_S08335
S08336,Lohit Sandal,lohit sandal,INST-020,Undergraduate,2th Year,2005-11-14,G_S08336,ADDR_S08336
S08337,Irya Rattan,irya rattan,INST-056,Undergraduate,4th Year,2007-02-28,G_S08337,ADDR_S08337
S08338,Krish Ratti,krish ratti,INST-034,Undergraduate,2th Year,2006-01-14,G_S08338,ADDR_S08338
S08339,Ridhi Kanda,ridhi kanda,INST-052,Undergraduate,4th Year,2004-04-19,G_S08339,ADDR_S08339
S08340,Kashish Patla,kashish patla,INST-037,Undergraduate,2th Year,2004-04-27,G_S08340,ADDR_S08340
S08341,Sarthak Shanker,sarthak shanker,INST-009,Undergraduate,1th Year,2008-08-25,G_S08341,ADDR_S08341
S08342,Rohan Vohra,rohan vohra,INST-053,Undergraduate,2th Year,2004-06-27,G_S08342,ADDR_S08342
S08343,Bhavini Batra,bhavini batra,INST-010,Undergraduate,4th Year,2005-07-17,G_S08343,ADDR_S08343
S08344,Logan Kalla,logan kalla,INST-006,Undergraduate,3th Year,2008-02-08,G_S08344,ADDR_S08344
S08345,Lajita Biswas,lajita biswas,INST-046,Undergraduate,1th Year,2007-08-17,G_S08345,ADDR_S08345
S08346,Chameli Raman,chameli raman,INST-027,Undergraduate,2th Year,2007-04-14,G_S08346,ADDR_S08346
S08347,Patrick Talwar,patrick talwar,INST-057,Undergraduate,2th Year,2003-03-02,G_S08347,ADDR_S08347
S08348,Samarth Kamdar,samarth kamdar,INST-020,Undergraduate,1th Year,2005-07-17,G_S08348,ADDR_S08348
S08349,Chaman Choudhry,chaman choudhry,INST-055,Undergraduate,2th Year,2007-07-07,G_S08349,ADDR_S08349
S08350,Tanvi Saha,tanvi saha,INST-021,Undergraduate,3th Year,2007-04-16,G_S08350,ADDR_S08350
S08351,Chanchal Ghosh,chanchal ghosh,INST-026,Undergraduate,1th Year,2003-04-21,G_S08351,ADDR_S08351
S08352,Kavya Grewal,kavya grewal,INST-003,Undergraduate,2th Year,2007-12-15,G_S08352,ADDR_S08352
S08353,Yasti Karan,yasti karan,INST-034,Undergraduate,2th Year,2007-10-03,G_S08353,ADDR_S08353
S08354,Mekhala Wali,mekhala wali,INST-039,Undergraduate,1th Year,2004-01-13,G_S08354,ADDR_S08354
S08355,Sarthak Sagar,sarthak sagar,INST-021,Undergraduate,4th Year,2008-05-22,G_S08355,ADDR_S08355
S08356,Varenya Bala,varenya bala,INST-024,Undergraduate,3th Year,2006-09-27,G_S08356,ADDR_S08356
S08357,Lipika Munshi,lipika munshi,INST-005,Undergraduate,1th Year,2005-10-08,G_S08357,ADDR_S08357
S08358,Lila Uppal,lila uppal,INST-050,Undergraduate,3th Year,2008-10-28,G_S08358,ADDR_S08358
S08359,Anthony Kalita,anthony kalita,INST-031,Undergraduate,3th Year,2006-02-20,G_S08359,ADDR_S08359
S08360,Vihaan Aggarwal,vihaan aggarwal,INST-058,Undergraduate,4th Year,2008-04-01,G_S08360,ADDR_S08360
S08361,Arunima Kannan,arunima kannan,INST-057,Undergraduate,1th Year,2003-12-06,G_S08361,ADDR_S08361
S08362,Vedant Ratti,vedant ratti,INST-018,Undergraduate,4th Year,2006-06-03,G_S08362,ADDR_S08362
S08363,Farhan Padmanabhan,farhan padmanabhan,INST-059,Undergraduate,2th Year,2004-11-13,G_S08363,ADDR_S08363
S08364,Maanav Comar,maanav comar,INST-007,Undergraduate,2th Year,2003-01-03,G_S08364,ADDR_S08364
S08365,Vasudha Bhardwaj,vasudha bhardwaj,INST-036,Undergraduate,2th Year,2004-11-17,G_S08365,ADDR_S08365
S08366,Forum Kapoor,forum kapoor,INST-020,Undergraduate,4th Year,2004-01-19,G_S08366,ADDR_S08366
S08367,Devansh Bassi,devansh bassi,INST-021,Undergraduate,3th Year,2003-07-14,G_S08367,ADDR_S08367
S08368,Chandresh Purohit,chandresh purohit,INST-024,Undergraduate,4th Year,2003-08-22,G_S08368,ADDR_S08368
S08369,GIRINDRA BUMB,girindra bumb,INST-033,Undergraduate,2th Year,2007-05-26,G_S08369,ADDR_S08369
S08370,Onkar Dave,onkar dave,INST-057,Undergraduate,3th Year,2008-03-27,G_S08370,ADDR_S08370
S08371,Avni  Srinivasan,avni srinivasan,INST-038,Undergraduate,1th Year,2003-06-14,G_S08371,ADDR_S08371
S08372,Zilmil Hans,zilmil hans,INST-004,Undergraduate,4th Year,2005-10-13,G_S08372,ADDR_S08372
S08373,Gagan Yadav,gagan yadav,INST-010,Undergraduate,2th Year,2008-09-14,G_S08373,ADDR_S08373
S08374,Sanya Rattan,sanya rattan,INST-038,Undergraduate,3th Year,2007-06-20,G_S08374,ADDR_S08374
S08375,Varsha Natt,varsha natt,INST-009,Undergraduate,4th Year,2003-06-23,G_S08375,ADDR_S08375
S08376,Zayyan Sood,zayyan sood,INST-021,Undergraduate,1th Year,2003-01-03,G_S08376,ADDR_S08376
S08377,Saumya Bhandari,saumya bhandari,INST-024,Undergraduate,2th Year,2006-11-19,G_S08377,ADDR_S08377
S08378,Neel Deshmukh,neel deshmukh,INST-046,Undergraduate,1th Year,2008-04-06,G_S08378,ADDR_S08378
S08379,Vritti Dash,vritti dash,INST-034,Undergraduate,2th Year,2004-11-27,G_S08379,ADDR_S08379
S08380,Arya Rout,arya rout,INST-007,Undergraduate,3th Year,2006-04-06,G_S08380,ADDR_S08380
S08381,Omisha Parekh,omisha parekh,INST-009,Undergraduate,3th Year,2004-07-20,G_S08381,ADDR_S08381
S08382,Harsh Andra,harsh andra,INST-014,Undergraduate,1th Year,2004-05-05,G_S08382,ADDR_S08382
S08383,Faraj Tailor,faraj tailor,INST-042,Undergraduate,3th Year,2005-07-23,G_S08383,ADDR_S08383
S08384,Dhriti Ray,dhriti ray,INST-031,Undergraduate,2th Year,2008-12-07,G_S08384,ADDR_S08384
S08385,Girindra Reddy,girindra reddy,INST-031,Undergraduate,2th Year,2008-10-24,G_S08385,ADDR_S08385
S08386,Girindra Ganguly,girindra ganguly,INST-048,Undergraduate,1th Year,2007-04-27,G_S08386,ADDR_S08386
S08387,Jeevika  Pandey,jeevika pandey,INST-013,Undergraduate,4th Year,2005-04-09,G_S08387,ADDR_S08387
S08388,Pranav Sachdeva,pranav sachdeva,INST-049,Undergraduate,4th Year,2008-07-27,G_S08388,ADDR_S08388
S08389,Omya Mody,omya mody,INST-004,Undergraduate,3th Year,2007-09-05,G_S08389,ADDR_S08389
S08390,Tejas Sura,tejas sura,INST-006,Undergraduate,2th Year,2007-07-03,G_S08390,ADDR_S08390
S08391,Gaurang Kakar,gaurang kakar,INST-059,Undergraduate,2th Year,2004-06-08,G_S08391,ADDR_S08391
S08392,Manya Wali,manya wali,INST-047,Undergraduate,4th Year,2004-01-25,G_S08392,ADDR_S08392
S08393,Champak  Comar,champak comar,INST-046,Undergraduate,2th Year,2005-10-16,G_S08393,ADDR_S08393
S08394,Agastya Tata,agastya tata,INST-004,Undergraduate,1th Year,2003-07-23,G_S08394,ADDR_S08394
S08395,Pooja Tak,pooja tak,INST-041,Undergraduate,2th Year,2004-06-23,G_S08395,ADDR_S08395
S08396,Ranbir Garg,ranbir garg,INST-047,Undergraduate,2th Year,2006-12-28,G_S08396,ADDR_S08396
S08397,Lopa Kapadia,lopa kapadia,INST-025,Undergraduate,2th Year,2003-07-08,G_S08397,ADDR_S08397
S08398,Oviya Dara,oviya dara,INST-059,Undergraduate,2th Year,2004-10-21,G_S08398,ADDR_S08398
S08399,Faraj Singhal,faraj singhal,INST-035,Undergraduate,1th Year,2007-10-13,G_S08399,ADDR_S08399
S08400,Amrita Bansal,amrita bansal,INST-038,Undergraduate,3th Year,2003-06-21,G_S08400,ADDR_S08400
S08401,Dayita Bhalla,dayita bhalla,INST-004,Undergraduate,3th Year,2004-12-28,G_S08401,ADDR_S08401
S08402,Vamakshi Gade,vamakshi gade,INST-043,Undergraduate,3th Year,2008-04-21,G_S08402,ADDR_S08402
S08403,Chakrika Prabhu,chakrika prabhu,INST-042,Undergraduate,3th Year,2003-12-03,G_S08403,ADDR_S08403
S08404,Yahvi Kar,yahvi kar,INST-004,Undergraduate,4th Year,2003-11-11,G_S08404,ADDR_S08404
S08405,Oviya Keer,oviya keer,INST-044,Undergraduate,4th Year,2008-05-20,G_S08405,ADDR_S08405
S08406,Michael Subramaniam,michael subramaniam,INST-034,Undergraduate,4th Year,2007-01-04,G_S08406,ADDR_S08406
S08407,Tejas Dube,tejas dube,INST-040,Undergraduate,4th Year,2006-05-26,G_S08407,ADDR_S08407
S08408,Ekanta Oommen,ekanta oommen,INST-048,Undergraduate,1th Year,2007-04-05,G_S08408,ADDR_S08408
S08409,Raksha Magar,raksha magar,INST-025,Undergraduate,1th Year,2006-11-18,G_S08409,ADDR_S08409
S08410,Qarin Naidu,qarin naidu,INST-056,Undergraduate,2th Year,2006-10-23,G_S08410,ADDR_S08410
S08411,Aachal Tak,aachal tak,INST-011,Undergraduate,3th Year,2003-02-23,G_S08411,ADDR_S08411
S08412,Praneel Cherian,praneel cherian,INST-043,Undergraduate,2th Year,2005-02-16,G_S08412,ADDR_S08412
S08413,Raghav Ravi,raghav ravi,INST-059,Undergraduate,4th Year,2005-01-09,G_S08413,ADDR_S08413
S08414,Jairaj Rana,jairaj rana,INST-010,Undergraduate,4th Year,2006-12-10,G_S08414,ADDR_S08414
S08415,Advika Parmar,advika parmar,INST-045,Undergraduate,1th Year,2004-03-13,G_S08415,ADDR_S08415
S08416,Guneet Johal,guneet johal,INST-043,Undergraduate,2th Year,2003-09-16,G_S08416,ADDR_S08416
S08417,Eesha Kaur,eesha kaur,INST-040,Undergraduate,4th Year,2004-12-12,G_S08417,ADDR_S08417
S08418,Dipta Ramachandran,dipta ramachandran,INST-018,Undergraduate,3th Year,2008-01-21,G_S08418,ADDR_S08418
S08419,Charles Kibe,charles kibe,INST-017,Undergraduate,2th Year,2005-11-25,G_S08419,ADDR_S08419
S08420,Upma Ratta,upma ratta,INST-057,Undergraduate,1th Year,2004-04-05,G_S08420,ADDR_S08420
S08421,Chakradhar Sangha,chakradhar sangha,INST-056,Undergraduate,1th Year,2006-06-17,G_S08421,ADDR_S08421
S08422,Janani Yohannan,janani yohannan,INST-058,Undergraduate,3th Year,2008-02-05,G_S08422,ADDR_S08422
S08423,Krishna Mall,krishna mall,INST-045,Undergraduate,3th Year,2007-04-26,G_S08423,ADDR_S08423
S08424,Patrick Chokshi,patrick chokshi,INST-051,Undergraduate,2th Year,2005-01-16,G_S08424,ADDR_S08424
S08425,Veda Guha,veda guha,INST-035,Undergraduate,4th Year,2005-04-07,G_S08425,ADDR_S08425
S08426,Girik Sahota,girik sahota,INST-052,Undergraduate,2th Year,2004-03-21,G_S08426,ADDR_S08426
S08427,Yashoda Bhatt,yashoda bhatt,INST-021,Undergraduate,3th Year,2005-04-07,G_S08427,ADDR_S08427
S08428,Samuel Kale,samuel kale,INST-018,Undergraduate,1th Year,2008-03-16,G_S08428,ADDR_S08428
S08429,Rehaan Sanghvi,rehaan sanghvi,INST-049,Undergraduate,4th Year,2007-12-13,G_S08429,ADDR_S08429
S08430,Ayush Sridhar,ayush sridhar,INST-033,Undergraduate,3th Year,2003-03-16,G_S08430,ADDR_S08430
S08431,Jai Srinivas,jai srinivas,INST-046,Undergraduate,4th Year,2003-12-21,G_S08431,ADDR_S08431
S08432,Chaaya Apte,chaaya apte,INST-027,Undergraduate,3th Year,2005-11-03,G_S08432,ADDR_S08432
S08433,Dalaja Deo,dalaja deo,INST-045,Undergraduate,1th Year,2007-05-04,G_S08433,ADDR_S08433
S08434,Onkar Madan,onkar madan,INST-023,Undergraduate,3th Year,2008-01-03,G_S08434,ADDR_S08434
S08435,Victor Bhat,victor bhat,INST-037,Undergraduate,3th Year,2008-03-22,G_S08435,ADDR_S08435
S08436,Yatan Goyal,yatan goyal,INST-021,Undergraduate,1th Year,2008-12-17,G_S08436,ADDR_S08436
S08437,Radha Munshi,radha munshi,INST-059,Undergraduate,2th Year,2006-04-10,G_S08437,ADDR_S08437
S08438,Akshay Chandra,akshay chandra,INST-024,Undergraduate,3th Year,2006-07-18,G_S08438,ADDR_S08438
S08439,Dayita Mannan,dayita mannan,INST-023,Undergraduate,1th Year,2003-11-03,G_S08439,ADDR_S08439
S08440,Om Minhas,om minhas,INST-028,Undergraduate,4th Year,2006-08-16,G_S08440,ADDR_S08440
S08441,Nachiket Balasubramanian,nachiket balasubramanian,INST-038,Undergraduate,3th Year,2005-11-25,G_S08441,ADDR_S08441
S08442,Ati Konda,ati konda,INST-044,Undergraduate,4th Year,2006-08-03,G_S08442,ADDR_S08442
S08443,Abhimanyu Morar,abhimanyu morar,INST-013,Undergraduate,2th Year,2007-07-06,G_S08443,ADDR_S08443
S08444,Nisha Panchal,nisha panchal,INST-041,Undergraduate,4th Year,2005-10-25,G_S08444,ADDR_S08444
S08445,Jacob Varma,jacob varma,INST-007,Undergraduate,4th Year,2004-01-16,G_S08445,ADDR_S08445
S08446,Dhruv Nayar,dhruv nayar,INST-017,Undergraduate,4th Year,2008-09-11,G_S08446,ADDR_S08446
S08447,Anusha Anand,anusha anand,INST-059,Undergraduate,1th Year,2004-04-14,G_S08447,ADDR_S08447
S08448,Harshil More,harshil more,INST-035,Undergraduate,4th Year,2007-07-15,G_S08448,ADDR_S08448
S08449,Indali Hans,indali hans,INST-049,Undergraduate,3th Year,2008-01-08,G_S08449,ADDR_S08449
S08450,Reyansh Sibal,reyansh sibal,INST-059,Undergraduate,3th Year,2005-08-24,G_S08450,ADDR_S08450
S08451,Ekaja Mukhopadhyay,ekaja mukhopadhyay,INST-029,Undergraduate,2th Year,2007-08-23,G_S08451,ADDR_S08451
S08452,Charita Nair,charita nair,INST-056,Undergraduate,4th Year,2005-03-20,G_S08452,ADDR_S08452
S08453,Daksh Trivedi,daksh trivedi,INST-040,Undergraduate,3th Year,2006-02-16,G_S08453,ADDR_S08453
S08454,Lekha Borra,lekha borra,INST-007,Undergraduate,4th Year,2006-05-23,G_S08454,ADDR_S08454
S08455,Avi Iyengar,avi iyengar,INST-060,Undergraduate,1th Year,2003-09-01,G_S08455,ADDR_S08455
S08456,Leela Nagarajan,leela nagarajan,INST-035,Undergraduate,1th Year,2003-01-14,G_S08456,ADDR_S08456
S08457,Pratyush Gill,pratyush gill,INST-047,Undergraduate,3th Year,2005-04-01,G_S08457,ADDR_S08457
S08458,Owen Khurana,owen khurana,INST-024,Undergraduate,3th Year,2008-03-24,G_S08458,ADDR_S08458
S08459,Lavanya Raj,lavanya raj,INST-013,Undergraduate,1th Year,2003-09-28,G_S08459,ADDR_S08459
S08460,Pallavi Ghose,pallavi ghose,INST-023,Undergraduate,3th Year,2003-03-24,G_S08460,ADDR_S08460
S08461,Idika Kaur,idika kaur,INST-060,Undergraduate,3th Year,2008-09-13,G_S08461,ADDR_S08461
S08462,Leela Chander,leela chander,INST-002,Undergraduate,3th Year,2007-09-15,G_S08462,ADDR_S08462
S08463,Girik Bhattacharyya,girik bhattacharyya,INST-049,Undergraduate,4th Year,2005-06-05,G_S08463,ADDR_S08463
S08464,Amol Kashyap,amol kashyap,INST-035,Undergraduate,1th Year,2004-01-06,G_S08464,ADDR_S08464
S08465,Jonathan Mand,jonathan mand,INST-008,Undergraduate,3th Year,2008-05-14,G_S08465,ADDR_S08465
S08466,Chaitaly Agate,chaitaly agate,INST-049,Undergraduate,1th Year,2007-06-22,G_S08466,ADDR_S08466
S08467,Panini Goel,panini goel,INST-005,Undergraduate,3th Year,2003-05-14,G_S08467,ADDR_S08467
S08468,Anamika Rout,anamika rout,INST-026,Undergraduate,3th Year,2007-12-24,G_S08468,ADDR_S08468
S08469,Saksham Mital,saksham mital,INST-050,Undergraduate,2th Year,2008-11-10,G_S08469,ADDR_S08469
S08470,Wazir Kurian,wazir kurian,INST-014,Undergraduate,2th Year,2003-12-20,G_S08470,ADDR_S08470
S08471,Urmi Prabhakar,urmi prabhakar,INST-017,Undergraduate,1th Year,2006-03-26,G_S08471,ADDR_S08471
S08472,Lakshmi Sarin,lakshmi sarin,INST-019,Undergraduate,3th Year,2003-02-18,G_S08472,ADDR_S08472
S08473,Baljiwan Tripathi,baljiwan tripathi,INST-001,Undergraduate,1th Year,2003-11-28,G_S08473,ADDR_S08473
S08474,Janaki Mani,janaki mani,INST-015,Undergraduate,2th Year,2005-01-28,G_S08474,ADDR_S08474
S08475,Bhavani Krish,bhavani krish,INST-029,Undergraduate,4th Year,2004-10-16,G_S08475,ADDR_S08475
S08476,Leela Deol,leela deol,INST-044,Undergraduate,2th Year,2008-01-06,G_S08476,ADDR_S08476
S08477,Hemal Bail,hemal bail,INST-038,Undergraduate,4th Year,2005-03-05,G_S08477,ADDR_S08477
S08478,Amruta Jayaraman,amruta jayaraman,INST-047,Undergraduate,1th Year,2005-11-05,G_S08478,ADDR_S08478
S08479,Anthony Palan,anthony palan,INST-011,Undergraduate,1th Year,2003-10-07,G_S08479,ADDR_S08479
S08480,Kashvi Magar,kashvi magar,INST-009,Undergraduate,2th Year,2004-06-14,G_S08480,ADDR_S08480
S08481,Abhiram Kothari,abhiram kothari,INST-007,Undergraduate,4th Year,2007-09-05,G_S08481,ADDR_S08481
S08482,Pahal Mander,pahal mander,INST-014,Undergraduate,3th Year,2005-05-23,G_S08482,ADDR_S08482
S08483,Shaurya Naidu,shaurya naidu,INST-013,Undergraduate,1th Year,2006-09-21,G_S08483,ADDR_S08483
S08484,Upma Ravel,upma ravel,INST-031,Undergraduate,1th Year,2007-12-14,G_S08484,ADDR_S08484
S08485,Chaitanya Kuruvilla,chaitanya kuruvilla,INST-026,Undergraduate,3th Year,2006-12-10,G_S08485,ADDR_S08485
S08486,Jeet Virk,jeet virk,INST-031,Undergraduate,3th Year,2004-02-23,G_S08486,ADDR_S08486
S08487,Aayush Barad,aayush barad,INST-048,Undergraduate,3th Year,2007-11-16,G_S08487,ADDR_S08487
S08488,Anusha Deshpande,anusha deshpande,INST-057,Undergraduate,4th Year,2006-09-28,G_S08488,ADDR_S08488
S08489,Simon Maharaj,simon maharaj,INST-041,Undergraduate,2th Year,2003-08-14,G_S08489,ADDR_S08489
S08490,Neelima Purohit,neelima purohit,INST-060,Undergraduate,2th Year,2005-08-27,G_S08490,ADDR_S08490
S08491,Qushi Sengupta,qushi sengupta,INST-028,Undergraduate,1th Year,2003-09-14,G_S08491,ADDR_S08491
S08492,Tanmayi Babu,tanmayi babu,INST-003,Undergraduate,4th Year,2007-07-03,G_S08492,ADDR_S08492
S08493,HREDHAAN SHANKAR,hredhaan shankar,INST-029,Undergraduate,1th Year,2003-09-05,G_S08493,ADDR_S08493
S08494,Rachita Behl,rachita behl,INST-044,Undergraduate,3th Year,2006-03-05,G_S08494,ADDR_S08494
S08495,Advika Sarraf,advika sarraf,INST-017,Undergraduate,2th Year,2008-09-24,G_S08495,ADDR_S08495
S08496,FARIS BAL,faris bal,INST-051,Undergraduate,4th Year,2003-08-03,G_S08496,ADDR_S08496
S08497,Abha Sem,abha sem,INST-021,Undergraduate,1th Year,2004-05-06,G_S08497,ADDR_S08497
S08498,Gayathri Ramanathan,gayathri ramanathan,INST-026,Undergraduate,1th Year,2008-02-25,G_S08498,ADDR_S08498
S08499,Jagrati Sahota,jagrati sahota,INST-001,Undergraduate,4th Year,2003-06-09,G_S08499,ADDR_S08499
S08500,Eshana Acharya,eshana acharya,INST-056,Undergraduate,2th Year,2007-04-10,G_S08500,ADDR_S08500
S08501,Faraj Tiwari,faraj tiwari,INST-020,Undergraduate,4th Year,2005-12-05,G_S08501,ADDR_S08501
S08502,Anmol Char,anmol char,INST-038,Undergraduate,1th Year,2005-12-24,G_S08502,ADDR_S08502
S08503,Vyanjana Master,vyanjana master,INST-025,Undergraduate,3th Year,2004-08-20,G_S08503,ADDR_S08503
S08504,Pratyush Jayaraman,pratyush jayaraman,INST-016,Undergraduate,2th Year,2005-09-03,G_S08504,ADDR_S08504
S08505,Sarthak Pillai,sarthak pillai,INST-005,Undergraduate,2th Year,2005-01-18,G_S08505,ADDR_S08505
S08506,Zansi Narang,zansi narang,INST-006,Undergraduate,1th Year,2008-09-28,G_S08506,ADDR_S08506
S08507,Arunima Naik,arunima naik,INST-011,Undergraduate,4th Year,2003-11-22,G_S08507,ADDR_S08507
S08508,Gautami Rege,gautami rege,INST-006,Undergraduate,3th Year,2008-05-07,G_S08508,ADDR_S08508
S08509,Veer Sundaram,veer sundaram,INST-048,Undergraduate,1th Year,2003-06-24,G_S08509,ADDR_S08509
S08510,Deepa Bath,deepa bath,INST-045,Undergraduate,3th Year,2008-12-02,G_S08510,ADDR_S08510
S08511,Aishani Gokhale,aishani gokhale,INST-030,Undergraduate,4th Year,2007-04-12,G_S08511,ADDR_S08511
S08512,Ekbal Sinha,ekbal sinha,INST-024,Undergraduate,2th Year,2005-11-07,G_S08512,ADDR_S08512
S08513,Garima Sehgal,garima sehgal,INST-038,Undergraduate,1th Year,2007-05-14,G_S08513,ADDR_S08513
S08514,Charita Bandi,charita bandi,INST-027,Undergraduate,4th Year,2007-01-04,G_S08514,ADDR_S08514
S08515,Ganga Bhalla,ganga bhalla,INST-006,Undergraduate,2th Year,2005-01-19,G_S08515,ADDR_S08515
S08516,Ekiya Swaminathan,ekiya swaminathan,INST-060,Undergraduate,2th Year,2006-03-22,G_S08516,ADDR_S08516
S08517,Orinder Puri,orinder puri,INST-050,Undergraduate,4th Year,2005-03-07,G_S08517,ADDR_S08517
S08518,Yoshita Bora,yoshita bora,INST-029,Undergraduate,1th Year,2008-11-10,G_S08518,ADDR_S08518
S08519,Zaid Varughese,zaid varughese,INST-049,Undergraduate,3th Year,2008-01-04,G_S08519,ADDR_S08519
S08520,Yash Ray,yash ray,INST-053,Undergraduate,1th Year,2003-12-06,G_S08520,ADDR_S08520
S08521,Lekha Hayre,lekha hayre,INST-023,Undergraduate,1th Year,2004-02-25,G_S08521,ADDR_S08521
S08522,Yauvani Panchal,yauvani panchal,INST-035,Undergraduate,3th Year,2003-07-14,G_S08522,ADDR_S08522
S08523,Anirudh Chad,anirudh chad,INST-007,Undergraduate,1th Year,2005-11-12,G_S08523,ADDR_S08523
S08524,Fariq  Dhaliwal,fariq dhaliwal,INST-010,Undergraduate,3th Year,2005-08-24,G_S08524,ADDR_S08524
S08525,Krishna Nath,krishna nath,INST-047,Undergraduate,3th Year,2008-10-21,G_S08525,ADDR_S08525
S08526,Sathvik Agarwal,sathvik agarwal,INST-015,Undergraduate,4th Year,2003-01-15,G_S08526,ADDR_S08526
S08527,Yahvi Pillay,yahvi pillay,INST-027,Undergraduate,1th Year,2005-03-20,G_S08527,ADDR_S08527
S08528,Vrishti Sharaf,vrishti sharaf,INST-056,Undergraduate,1th Year,2008-12-14,G_S08528,ADDR_S08528
S08529,Krisha Soman,krisha soman,INST-018,Undergraduate,1th Year,2007-11-27,G_S08529,ADDR_S08529
S08530,Tarak Ram,tarak ram,INST-049,Undergraduate,3th Year,2003-09-21,G_S08530,ADDR_S08530
S08531,Oeshi Din,oeshi din,INST-030,Undergraduate,1th Year,2006-03-14,G_S08531,ADDR_S08531
S08532,Rishi Sami,rishi sami,INST-060,Undergraduate,4th Year,2008-07-01,G_S08532,ADDR_S08532
S08533,Zehaan Modi,zehaan modi,INST-042,Undergraduate,3th Year,2006-04-21,G_S08533,ADDR_S08533
S08534,Siddharth Kuruvilla,siddharth kuruvilla,INST-003,Undergraduate,4th Year,2008-07-03,G_S08534,ADDR_S08534
S08535,Yashoda Purohit,yashoda purohit,INST-006,Undergraduate,1th Year,2003-03-21,G_S08535,ADDR_S08535
S08536,Viraj Cheema,viraj cheema,INST-003,Undergraduate,2th Year,2006-06-21,G_S08536,ADDR_S08536
S08537,Matthew Hayre,matthew hayre,INST-060,Undergraduate,4th Year,2007-09-06,G_S08537,ADDR_S08537
S08538,Kamala Sarraf,kamala sarraf,INST-012,Undergraduate,4th Year,2005-03-26,G_S08538,ADDR_S08538
S08539,Gaurang Sood,gaurang sood,INST-034,Undergraduate,2th Year,2006-09-03,G_S08539,ADDR_S08539
S08540,Saumya Kannan,saumya kannan,INST-029,Undergraduate,4th Year,2004-03-21,G_S08540,ADDR_S08540
S08541,Sanya Mitra,sanya mitra,INST-032,Undergraduate,3th Year,2008-01-17,G_S08541,ADDR_S08541
S08542,Ishanvi Shenoy,ishanvi shenoy,INST-006,Undergraduate,2th Year,2006-03-14,G_S08542,ADDR_S08542
S08543,Priya Ghose,priya ghose,INST-028,Undergraduate,4th Year,2006-03-17,G_S08543,ADDR_S08543
S08544,Laban Rama,laban rama,INST-047,Undergraduate,4th Year,2007-01-09,G_S08544,ADDR_S08544
S08545,Manya Saxena,manya saxena,INST-044,Undergraduate,4th Year,2006-12-05,G_S08545,ADDR_S08545
S08546,Benjamin Upadhyay,benjamin upadhyay,INST-023,Undergraduate,3th Year,2006-02-16,G_S08546,ADDR_S08546
S08547,Warhi Lanka,warhi lanka,INST-030,Undergraduate,3th Year,2006-07-26,G_S08547,ADDR_S08547
S08548,Kavya Mahajan,kavya mahajan,INST-017,Undergraduate,2th Year,2003-05-07,G_S08548,ADDR_S08548
S08549,Wriddhish Mangal,wriddhish mangal,INST-035,Undergraduate,3th Year,2008-04-02,G_S08549,ADDR_S08549
S08550,Lakshit Pandya,lakshit pandya,INST-024,Undergraduate,2th Year,2004-11-17,G_S08550,ADDR_S08550
S08551,Sanaya Sharaf,sanaya sharaf,INST-039,Undergraduate,4th Year,2007-08-24,G_S08551,ADDR_S08551
S08552,Ayaan Khatri,ayaan khatri,INST-057,Undergraduate,4th Year,2008-06-28,G_S08552,ADDR_S08552
S08553,Lopa Shroff,lopa shroff,INST-044,Undergraduate,4th Year,2003-04-21,G_S08553,ADDR_S08553
S08554,Vaishnavi Manda,vaishnavi manda,INST-043,Undergraduate,1th Year,2003-05-10,G_S08554,ADDR_S08554
S08555,Alka Doctor,alka doctor,INST-041,Undergraduate,2th Year,2003-08-25,G_S08555,ADDR_S08555
S08556,Varsha Sama,varsha sama,INST-015,Undergraduate,4th Year,2003-06-24,G_S08556,ADDR_S08556
S08557,Isha Buch,isha buch,INST-031,Undergraduate,1th Year,2008-05-18,G_S08557,ADDR_S08557
S08558,Sai Panchal,sai panchal,INST-005,Undergraduate,1th Year,2006-09-16,G_S08558,ADDR_S08558
S08559,Chanchal Chakrabarti,chanchal chakrabarti,INST-049,Undergraduate,4th Year,2008-01-14,G_S08559,ADDR_S08559
S08560,Edhitha Sinha,edhitha sinha,INST-046,Undergraduate,4th Year,2006-05-27,G_S08560,ADDR_S08560
S08561,Sarthak Bhargava,sarthak bhargava,INST-022,Undergraduate,3th Year,2003-11-02,G_S08561,ADDR_S08561
S08562,Bachittar Batra,bachittar batra,INST-005,Undergraduate,2th Year,2006-01-23,G_S08562,ADDR_S08562
S08563,Bahadurjit Rege,bahadurjit rege,INST-008,Undergraduate,4th Year,2003-12-24,G_S08563,ADDR_S08563
S08564,Mitali Parikh,mitali parikh,INST-011,Undergraduate,4th Year,2008-11-28,G_S08564,ADDR_S08564
S08565,Wyatt Mannan,wyatt mannan,INST-020,Undergraduate,1th Year,2008-08-19,G_S08565,ADDR_S08565
S08566,Hemal Konda,hemal konda,INST-055,Undergraduate,2th Year,2003-03-03,G_S08566,ADDR_S08566
S08567,Pahal Pau,pahal pau,INST-002,Undergraduate,2th Year,2005-10-07,G_S08567,ADDR_S08567
S08568,Hema Gole,hema gole,INST-060,Undergraduate,2th Year,2008-08-02,G_S08568,ADDR_S08568
S08569,Kalpit Sabharwal,kalpit sabharwal,INST-031,Undergraduate,2th Year,2003-05-23,G_S08569,ADDR_S08569
S08570,Azad Arya,azad arya,INST-042,Undergraduate,3th Year,2006-11-03,G_S08570,ADDR_S08570
S08571,Abha Shukla,abha shukla,INST-047,Undergraduate,2th Year,2008-11-13,G_S08571,ADDR_S08571
S08572,Farhan Boase,farhan boase,INST-024,Undergraduate,1th Year,2003-11-10,G_S08572,ADDR_S08572
S08573,Yatan  Morar,yatan morar,INST-056,Undergraduate,4th Year,2005-10-03,G_S08573,ADDR_S08573
S08574,Oviya Brahmbhatt,oviya brahmbhatt,INST-045,Undergraduate,1th Year,2007-09-07,G_S08574,ADDR_S08574
S08575,Yachana Rastogi,yachana rastogi,INST-027,Undergraduate,3th Year,2007-05-06,G_S08575,ADDR_S08575
S08576,Faris Chadha,faris chadha,INST-056,Undergraduate,4th Year,2003-10-10,G_S08576,ADDR_S08576
S08577,Eesha Thakkar,eesha thakkar,INST-054,Undergraduate,3th Year,2005-01-18,G_S08577,ADDR_S08577
S08578,Sara Malhotra,sara malhotra,INST-010,Undergraduate,1th Year,2008-06-26,G_S08578,ADDR_S08578
S08579,Pooja Bose,pooja bose,INST-001,Undergraduate,4th Year,2004-11-27,G_S08579,ADDR_S08579
S08580,Damini Singhal,damini singhal,INST-015,Undergraduate,3th Year,2004-05-27,G_S08580,ADDR_S08580
S08581,Pavani Chander,pavani chander,INST-025,Undergraduate,2th Year,2005-05-09,G_S08581,ADDR_S08581
S08582,Yasti Sur,yasti sur,INST-056,Undergraduate,3th Year,2004-09-18,G_S08582,ADDR_S08582
S08583,Avni Shenoy,avni shenoy,INST-047,Undergraduate,3th Year,2006-05-07,G_S08583,ADDR_S08583
S08584,Mugdha Rajagopal,mugdha rajagopal,INST-010,Undergraduate,4th Year,2005-10-17,G_S08584,ADDR_S08584
S08585,Amol Pradhan,amol pradhan,INST-003,Undergraduate,3th Year,2003-12-08,G_S08585,ADDR_S08585
S08586,Jyoti Raval,jyoti raval,INST-011,Undergraduate,2th Year,2004-11-17,G_S08586,ADDR_S08586
S08587,Kavya Badal,kavya badal,INST-032,Undergraduate,4th Year,2004-09-11,G_S08587,ADDR_S08587
S08588,Anya Gala,anya gala,INST-051,Undergraduate,1th Year,2003-11-09,G_S08588,ADDR_S08588
S08589,Vincent Aggarwal,vincent aggarwal,INST-047,Undergraduate,1th Year,2005-01-23,G_S08589,ADDR_S08589
S08590,Quincy Taneja,quincy taneja,INST-022,Undergraduate,4th Year,2003-09-24,G_S08590,ADDR_S08590
S08591,Bhavika Badal,bhavika badal,INST-002,Undergraduate,2th Year,2008-08-11,G_S08591,ADDR_S08591
S08592,Arunima Srivastava,arunima srivastava,INST-015,Undergraduate,3th Year,2007-08-25,G_S08592,ADDR_S08592
S08593,Pahal Ghosh,pahal ghosh,INST-049,Undergraduate,3th Year,2008-11-23,G_S08593,ADDR_S08593
S08594,Ekalinga Kulkarni,ekalinga kulkarni,INST-033,Undergraduate,4th Year,2008-02-15,G_S08594,ADDR_S08594
S08595,Isha Bhavsar,isha bhavsar,INST-037,Undergraduate,2th Year,2003-08-22,G_S08595,ADDR_S08595
S08596,Gaurang Wali,gaurang wali,INST-028,Undergraduate,4th Year,2007-09-25,G_S08596,ADDR_S08596
S08597,Krisha Bali,krisha bali,INST-038,Undergraduate,2th Year,2004-03-01,G_S08597,ADDR_S08597
S08598,Vedhika Mohanty,vedhika mohanty,INST-036,Undergraduate,2th Year,2006-05-07,G_S08598,ADDR_S08598
S08599,Yagnesh Kala,yagnesh kala,INST-014,Undergraduate,2th Year,2005-03-28,G_S08599,ADDR_S08599
S08600,Zehaan Setty,zehaan setty,INST-004,Undergraduate,1th Year,2005-01-18,G_S08600,ADDR_S08600
S08601,Oliver Lal,oliver lal,INST-013,Undergraduate,2th Year,2008-07-25,G_S08601,ADDR_S08601
S08602,Chandani Mittal,chandani mittal,INST-044,Undergraduate,1th Year,2006-06-03,G_S08602,ADDR_S08602
S08603,Aarnav Guha,aarnav guha,INST-035,Undergraduate,4th Year,2003-01-05,G_S08603,ADDR_S08603
S08604,Adweta Manda,adweta manda,INST-006,Undergraduate,2th Year,2004-03-07,G_S08604,ADDR_S08604
S08605,Anay Ganesan,anay ganesan,INST-018,Undergraduate,2th Year,2006-07-21,G_S08605,ADDR_S08605
S08606,Yamini Srivastava,yamini srivastava,INST-027,Undergraduate,4th Year,2008-07-10,G_S08606,ADDR_S08606
S08607,Ishanvi Butala,ishanvi butala,INST-003,Undergraduate,3th Year,2008-10-20,G_S08607,ADDR_S08607
S08608,Odika Mukherjee,odika mukherjee,INST-036,Undergraduate,3th Year,2003-02-17,G_S08608,ADDR_S08608
S08609,Varenya Mittal,varenya mittal,INST-009,Undergraduate,2th Year,2006-03-12,G_S08609,ADDR_S08609
S08610,Samar Chana,samar chana,INST-058,Undergraduate,4th Year,2008-08-10,G_S08610,ADDR_S08610
S08611,JEEVIKA BOSE,jeevika bose,INST-043,Undergraduate,3th Year,2005-09-05,G_S08611,ADDR_S08611
S08612,Abhiram Dhaliwal,abhiram dhaliwal,INST-049,Undergraduate,3th Year,2005-10-09,G_S08612,ADDR_S08612
S08613,Yoshita Prakash,yoshita prakash,INST-028,Undergraduate,3th Year,2008-03-05,G_S08613,ADDR_S08613
S08614,Amara Sahota,amara sahota,INST-046,Undergraduate,1th Year,2004-10-16,G_S08614,ADDR_S08614
S08615,Farhan Palla,farhan palla,INST-030,Undergraduate,4th Year,2008-04-07,G_S08615,ADDR_S08615
S08616,Janya Ganesh,janya ganesh,INST-034,Undergraduate,4th Year,2006-02-03,G_S08616,ADDR_S08616
S08617,Vrinda Narang,vrinda narang,INST-003,Undergraduate,4th Year,2008-11-21,G_S08617,ADDR_S08617
S08618,Dalbir Virk,dalbir virk,INST-043,Undergraduate,3th Year,2006-10-04,G_S08618,ADDR_S08618
S08619,Faqid Garde,faqid garde,INST-034,Undergraduate,3th Year,2005-02-22,G_S08619,ADDR_S08619
S08620,Ganga Patel,ganga patel,INST-057,Undergraduate,3th Year,2006-07-15,G_S08620,ADDR_S08620
S08621,Krisha Sharma,krisha sharma,INST-001,Undergraduate,2th Year,2008-08-25,G_S08621,ADDR_S08621
S08622,Pranav Kale,pranav kale,INST-003,Undergraduate,1th Year,2003-06-14,G_S08622,ADDR_S08622
S08623,Gunbir Kannan,gunbir kannan,INST-052,Undergraduate,3th Year,2007-06-11,G_S08623,ADDR_S08623
S08624,Gavin Barman,gavin barman,INST-034,Undergraduate,3th Year,2003-02-26,G_S08624,ADDR_S08624
S08625,Rohan Walia,rohan walia,INST-026,Undergraduate,3th Year,2007-02-01,G_S08625,ADDR_S08625
S08626,Aarna Rajan,aarna rajan,INST-037,Undergraduate,1th Year,2006-11-07,G_S08626,ADDR_S08626
S08627,Aashi Datta,aashi datta,INST-059,Undergraduate,4th Year,2005-01-19,G_S08627,ADDR_S08627
S08628,Devika Dugar,devika dugar,INST-046,Undergraduate,2th Year,2005-12-12,G_S08628,ADDR_S08628
S08629,Kala Sheth,kala sheth,INST-011,Undergraduate,1th Year,2006-03-11,G_S08629,ADDR_S08629
S08630,Charles Chaudry,charles chaudry,INST-030,Undergraduate,4th Year,2004-09-24,G_S08630,ADDR_S08630
S08631,Dev Varma,dev varma,INST-049,Undergraduate,4th Year,2003-07-24,G_S08631,ADDR_S08631
S08632,Mohammed Sodhi,mohammed sodhi,INST-043,Undergraduate,1th Year,2005-09-04,G_S08632,ADDR_S08632
S08633,Chakrika Chana,chakrika chana,INST-049,Undergraduate,3th Year,2008-08-13,G_S08633,ADDR_S08633
S08634,Chakrika Ratti,chakrika ratti,INST-053,Undergraduate,2th Year,2008-08-27,G_S08634,ADDR_S08634
S08635,Ronith Krish,ronith krish,INST-020,Undergraduate,1th Year,2005-03-14,G_S08635,ADDR_S08635
S08636,Gaurangi Parekh,gaurangi parekh,INST-025,Undergraduate,2th Year,2005-09-17,G_S08636,ADDR_S08636
S08637,Rohan Bhagat,rohan bhagat,INST-049,Undergraduate,4th Year,2006-06-19,G_S08637,ADDR_S08637
S08638,Ekani Kapoor,ekani kapoor,INST-023,Undergraduate,2th Year,2004-12-07,G_S08638,ADDR_S08638
S08639,Ranveer Bhargava,ranveer bhargava,INST-042,Undergraduate,2th Year,2006-05-05,G_S08639,ADDR_S08639
S08640,Chaman Anne,chaman anne,INST-024,Undergraduate,3th Year,2005-06-22,G_S08640,ADDR_S08640
S08641,Ridhi Walia,ridhi walia,INST-030,Undergraduate,2th Year,2007-12-09,G_S08641,ADDR_S08641
S08642,Harish Batta,harish batta,INST-021,Undergraduate,1th Year,2003-07-01,G_S08642,ADDR_S08642
S08643,Jalsa Mitter,jalsa mitter,INST-046,Undergraduate,1th Year,2007-03-18,G_S08643,ADDR_S08643
S08644,Ekaja Shan,ekaja shan,INST-037,Undergraduate,2th Year,2004-09-11,G_S08644,ADDR_S08644
S08645,Rachana Khanna,rachana khanna,INST-032,Undergraduate,4th Year,2004-02-18,G_S08645,ADDR_S08645
S08646,Eshana Mitter,eshana mitter,INST-005,Undergraduate,4th Year,2004-12-04,G_S08646,ADDR_S08646
S08647,Qarin Chaudhari,qarin chaudhari,INST-015,Undergraduate,1th Year,2004-07-04,G_S08647,ADDR_S08647
S08648,Niharika Loke,niharika loke,INST-047,Undergraduate,2th Year,2004-10-17,G_S08648,ADDR_S08648
S08649,Michael Bhakta,michael bhakta,INST-005,Undergraduate,2th Year,2003-01-23,G_S08649,ADDR_S08649
S08650,Damyanti Butala,damyanti butala,INST-017,Undergraduate,4th Year,2007-10-22,G_S08650,ADDR_S08650
S08651,Arin Saini,arin saini,INST-053,Undergraduate,2th Year,2008-11-07,G_S08651,ADDR_S08651
S08652,Lavanya Rai,lavanya rai,INST-042,Undergraduate,1th Year,2008-12-05,G_S08652,ADDR_S08652
S08653,Anay Bhargava,anay bhargava,INST-041,Undergraduate,4th Year,2003-12-13,G_S08653,ADDR_S08653
S08654,Nathaniel Krishna,nathaniel krishna,INST-038,Undergraduate,2th Year,2003-02-28,G_S08654,ADDR_S08654
S08655,Jatin Ravel,jatin ravel,INST-004,Undergraduate,1th Year,2004-04-14,G_S08655,ADDR_S08655
S08656,Omisha Thakur,omisha thakur,INST-048,Undergraduate,1th Year,2003-06-18,G_S08656,ADDR_S08656
S08657,Max Chacko,max chacko,INST-027,Undergraduate,1th Year,2004-11-27,G_S08657,ADDR_S08657
S08658,Ishani Ratti,ishani ratti,INST-014,Undergraduate,4th Year,2008-04-19,G_S08658,ADDR_S08658
S08659,Lakshmi Raj,lakshmi raj,INST-012,Undergraduate,3th Year,2003-03-18,G_S08659,ADDR_S08659
S08660,Azaan Wadhwa,azaan wadhwa,INST-023,Undergraduate,2th Year,2005-01-22,G_S08660,ADDR_S08660
S08661,Anika Taneja,anika taneja,INST-001,Undergraduate,2th Year,2003-02-19,G_S08661,ADDR_S08661
S08662,Aarush Apte,aarush apte,INST-018,Undergraduate,2th Year,2005-02-28,G_S08662,ADDR_S08662
S08663,Victor Dewan,victor dewan,INST-030,Undergraduate,1th Year,2008-10-01,G_S08663,ADDR_S08663
S08664,Waida Dayal,waida dayal,INST-018,Undergraduate,2th Year,2004-01-17,G_S08664,ADDR_S08664
S08665,Tamanna Bawa,tamanna bawa,INST-040,Undergraduate,4th Year,2005-11-18,G_S08665,ADDR_S08665
S08666,Nakul Dhingra,nakul dhingra,INST-027,Undergraduate,4th Year,2004-07-09,G_S08666,ADDR_S08666
S08667,Chakradhar Sheth,chakradhar sheth,INST-024,Undergraduate,2th Year,2008-01-28,G_S08667,ADDR_S08667
S08668,Harinakshi Tak,harinakshi tak,INST-026,Undergraduate,1th Year,2005-02-15,G_S08668,ADDR_S08668
S08669,Aachal Halder,aachal halder,INST-049,Undergraduate,4th Year,2006-11-14,G_S08669,ADDR_S08669
S08670,Jason Dhillon,jason dhillon,INST-043,Undergraduate,4th Year,2005-11-01,G_S08670,ADDR_S08670
S08671,GAURANG MERCHANT,gaurang merchant,INST-050,Undergraduate,2th Year,2006-07-12,G_S08671,ADDR_S08671
S08672,Quincy Basu,quincy basu,INST-030,Undergraduate,3th Year,2006-10-22,G_S08672,ADDR_S08672
S08673,Yauvani Bajaj,yauvani bajaj,INST-057,Undergraduate,1th Year,2007-05-24,G_S08673,ADDR_S08673
S08674,Zaitra Ratta,zaitra ratta,INST-016,Undergraduate,2th Year,2007-10-25,G_S08674,ADDR_S08674
S08675,Lajita Bassi,lajita bassi,INST-015,Undergraduate,4th Year,2008-11-24,G_S08675,ADDR_S08675
S08676,Ayush Ghose,ayush ghose,INST-033,Undergraduate,1th Year,2008-02-18,G_S08676,ADDR_S08676
S08677,Adweta Arya,adweta arya,INST-042,Undergraduate,1th Year,2003-06-28,G_S08677,ADDR_S08677
S08678,Jagrati Mital,jagrati mital,INST-044,Undergraduate,2th Year,2006-05-05,G_S08678,ADDR_S08678
S08679,Adya Seshadri,adya seshadri,INST-012,Undergraduate,1th Year,2004-08-28,G_S08679,ADDR_S08679
S08680,Harita Barman,harita barman,INST-027,Undergraduate,1th Year,2005-04-14,G_S08680,ADDR_S08680
S08681,Aarini Chacko,aarini chacko,INST-006,Undergraduate,4th Year,2008-01-02,G_S08681,ADDR_S08681
S08682,Rajata Ramanathan,rajata ramanathan,INST-036,Undergraduate,1th Year,2006-01-06,G_S08682,ADDR_S08682
S08683,Samarth Banik,samarth banik,INST-005,Undergraduate,1th Year,2004-10-05,G_S08683,ADDR_S08683
S08684,Lopa Narayan,lopa narayan,INST-037,Undergraduate,2th Year,2006-01-24,G_S08684,ADDR_S08684
S08685,Raagini Desai,raagini desai,INST-016,Undergraduate,1th Year,2003-03-26,G_S08685,ADDR_S08685
S08686,Yutika Swamy,yutika swamy,INST-011,Undergraduate,3th Year,2003-01-13,G_S08686,ADDR_S08686
S08687,Lakshmi Palan,lakshmi palan,INST-020,Undergraduate,2th Year,2005-08-23,G_S08687,ADDR_S08687
S08688,Wazir Borah,wazir borah,INST-056,Undergraduate,4th Year,2007-12-20,G_S08688,ADDR_S08688
S08689,Lopa Ben,lopa ben,INST-003,Undergraduate,4th Year,2008-10-05,G_S08689,ADDR_S08689
S08690,Kabir Devi,kabir devi,INST-040,Undergraduate,3th Year,2004-10-17,G_S08690,ADDR_S08690
S08691,Gaurang Chaudhari,gaurang chaudhari,INST-029,Undergraduate,3th Year,2007-01-28,G_S08691,ADDR_S08691
S08692,Lavanya Andra,lavanya andra,INST-013,Undergraduate,1th Year,2006-06-20,G_S08692,ADDR_S08692
S08693,Vasatika Malhotra,vasatika malhotra,INST-034,Undergraduate,4th Year,2007-01-13,G_S08693,ADDR_S08693
S08694,Fariq Aurora,fariq aurora,INST-016,Undergraduate,3th Year,2005-02-07,G_S08694,ADDR_S08694
S08695,Yashodhara Badal,yashodhara badal,INST-060,Undergraduate,2th Year,2003-11-25,G_S08695,ADDR_S08695
S08696,Forum Dara,forum dara,INST-013,Undergraduate,3th Year,2005-03-25,G_S08696,ADDR_S08696
S08697,Ekantika Korpal,ekantika korpal,INST-018,Undergraduate,4th Year,2008-08-07,G_S08697,ADDR_S08697
S08698,Bimala Morar,bimala morar,INST-050,Undergraduate,1th Year,2004-02-21,G_S08698,ADDR_S08698
S08699,Jairaj Lad,jairaj lad,INST-015,Undergraduate,2th Year,2004-01-23,G_S08699,ADDR_S08699
S08700,Champak Pathak,champak pathak,INST-036,Undergraduate,3th Year,2003-03-16,G_S08700,ADDR_S08700
S08701,Darika Sastry,darika sastry,INST-046,Undergraduate,2th Year,2007-03-02,G_S08701,ADDR_S08701
S08702,Wriddhish Parmer,wriddhish parmer,INST-001,Undergraduate,1th Year,2007-01-02,G_S08702,ADDR_S08702
S08703,Nilima Som,nilima som,INST-059,Undergraduate,4th Year,2007-02-11,G_S08703,ADDR_S08703
S08704,Daksh Narula,daksh narula,INST-038,Undergraduate,3th Year,2005-01-26,G_S08704,ADDR_S08704
S08705,Jonathan Ramesh,jonathan ramesh,INST-056,Undergraduate,3th Year,2004-09-16,G_S08705,ADDR_S08705
S08706,Abhiram Kumer,abhiram kumer,INST-006,Undergraduate,3th Year,2004-03-23,G_S08706,ADDR_S08706
S08707,Odika Narula,odika narula,INST-013,Undergraduate,3th Year,2007-08-11,G_S08707,ADDR_S08707
S08708,Manthan Ganesan,manthan ganesan,INST-017,Undergraduate,4th Year,2006-01-10,G_S08708,ADDR_S08708
S08709,Quincy Dutt,quincy dutt,INST-010,Undergraduate,1th Year,2003-12-10,G_S08709,ADDR_S08709
S08710,Aarav Choudhry,aarav choudhry,INST-028,Undergraduate,4th Year,2008-01-24,G_S08710,ADDR_S08710
S08711,Mitesh Korpal,mitesh korpal,INST-016,Undergraduate,2th Year,2005-01-17,G_S08711,ADDR_S08711
S08712,Shaurya Barman,shaurya barman,INST-014,Undergraduate,3th Year,2006-05-03,G_S08712,ADDR_S08712
S08713,Yashvi Varkey,yashvi varkey,INST-060,Undergraduate,1th Year,2005-02-22,G_S08713,ADDR_S08713
S08714,Prisha Wason,prisha wason,INST-057,Undergraduate,3th Year,2004-08-19,G_S08714,ADDR_S08714
S08715,Pahal Sundaram,pahal sundaram,INST-043,Undergraduate,4th Year,2006-09-10,G_S08715,ADDR_S08715
S08716,Warhi Thakkar,warhi thakkar,INST-028,Undergraduate,2th Year,2006-02-26,G_S08716,ADDR_S08716
S08717,Mohini Mallick,mohini mallick,INST-015,Undergraduate,2th Year,2008-10-11,G_S08717,ADDR_S08717
S08718,Theodore Srinivasan,theodore srinivasan,INST-057,Undergraduate,1th Year,2005-12-11,G_S08718,ADDR_S08718
S08719,Avni Nanda,avni nanda,INST-006,Undergraduate,4th Year,2008-03-14,G_S08719,ADDR_S08719
S08720,Gaurika Din,gaurika din,INST-036,Undergraduate,4th Year,2006-01-21,G_S08720,ADDR_S08720
S08721,Vihaan Parikh,vihaan parikh,INST-034,Undergraduate,4th Year,2006-05-07,G_S08721,ADDR_S08721
S08722,Finn Sridhar,finn sridhar,INST-053,Undergraduate,1th Year,2005-10-21,G_S08722,ADDR_S08722
S08723,Hemangini Narayan,hemangini narayan,INST-047,Undergraduate,1th Year,2005-04-20,G_S08723,ADDR_S08723
S08724,Yahvi Suresh,yahvi suresh,INST-047,Undergraduate,2th Year,2005-03-03,G_S08724,ADDR_S08724
S08725,Tanvi Malhotra,tanvi malhotra,INST-022,Undergraduate,1th Year,2007-03-21,G_S08725,ADDR_S08725
S08726,Devansh Manne,devansh manne,INST-029,Undergraduate,3th Year,2005-08-06,G_S08726,ADDR_S08726
S08727,Naksh Sangha,naksh sangha,INST-059,Undergraduate,1th Year,2007-11-24,G_S08727,ADDR_S08727
S08728,Ekantika Dara,ekantika dara,INST-001,Undergraduate,1th Year,2006-05-22,G_S08728,ADDR_S08728
S08729,Waida Samra,waida samra,INST-054,Undergraduate,3th Year,2003-09-12,G_S08729,ADDR_S08729
S08730,Gaurika Kapur,gaurika kapur,INST-041,Undergraduate,2th Year,2003-07-22,G_S08730,ADDR_S08730
S08731,Niharika Parekh,niharika parekh,INST-004,Undergraduate,2th Year,2008-08-04,G_S08731,ADDR_S08731
S08732,Ekbal Parmar,ekbal parmar,INST-038,Undergraduate,2th Year,2008-08-03,G_S08732,ADDR_S08732
S08733,Deepa Choudhury,deepa choudhury,INST-025,Undergraduate,2th Year,2007-12-24,G_S08733,ADDR_S08733
S08734,Ridhi Wagle,ridhi wagle,INST-038,Undergraduate,3th Year,2006-12-02,G_S08734,ADDR_S08734
S08735,Wazir Anand,wazir anand,INST-042,Undergraduate,3th Year,2004-08-23,G_S08735,ADDR_S08735
S08736,Samuel Panchal,samuel panchal,INST-052,Undergraduate,2th Year,2008-11-13,G_S08736,ADDR_S08736
S08737,Darsh Choudhary,darsh choudhary,INST-025,Undergraduate,2th Year,2003-01-10,G_S08737,ADDR_S08737
S08738,Rehaan Barad,rehaan barad,INST-003,Undergraduate,2th Year,2004-06-01,G_S08738,ADDR_S08738
S08739,Falak Soman,falak soman,INST-048,Undergraduate,2th Year,2003-02-10,G_S08739,ADDR_S08739
S08740,Orinder Mand,orinder mand,INST-027,Undergraduate,3th Year,2005-05-03,G_S08740,ADDR_S08740
S08741,Jonathan Viswanathan,jonathan viswanathan,INST-051,Undergraduate,2th Year,2008-02-16,G_S08741,ADDR_S08741
S08742,Tanveer Mody,tanveer mody,INST-049,Undergraduate,1th Year,2004-03-01,G_S08742,ADDR_S08742
S08743,Varsha Raj,varsha raj,INST-056,Undergraduate,3th Year,2008-03-17,G_S08743,ADDR_S08743
S08744,Chanakya Venkatesh,chanakya venkatesh,INST-008,Undergraduate,4th Year,2003-02-06,G_S08744,ADDR_S08744
S08745,Rajata Bawa,rajata bawa,INST-013,Undergraduate,4th Year,2004-03-23,G_S08745,ADDR_S08745
S08746,Yashawini Bandi,yashawini bandi,INST-016,Undergraduate,3th Year,2005-05-01,G_S08746,ADDR_S08746
S08747,Abhiram Jani,abhiram jani,INST-025,Undergraduate,1th Year,2005-09-02,G_S08747,ADDR_S08747
S08748,Charita Ahluwalia,charita ahluwalia,INST-024,Undergraduate,2th Year,2003-12-01,G_S08748,ADDR_S08748
S08749,Gauri Kanda,gauri kanda,INST-031,Undergraduate,4th Year,2003-04-09,G_S08749,ADDR_S08749
S08750,Wyatt Prasad,wyatt prasad,INST-018,Undergraduate,1th Year,2008-05-16,G_S08750,ADDR_S08750
S08751,Mugdha Sunder,mugdha sunder,INST-047,Undergraduate,3th Year,2005-02-10,G_S08751,ADDR_S08751
S08752,Hiral Narain,hiral narain,INST-006,Undergraduate,3th Year,2004-06-28,G_S08752,ADDR_S08752
S08753,Anjali Saha,anjali saha,INST-058,Undergraduate,4th Year,2004-06-03,G_S08753,ADDR_S08753
S08754,Hemani Konda,hemani konda,INST-026,Undergraduate,3th Year,2005-06-20,G_S08754,ADDR_S08754
S08755,Maya Baria,maya baria,INST-014,Undergraduate,4th Year,2007-05-07,G_S08755,ADDR_S08755
S08756,Vedhika Loke,vedhika loke,INST-033,Undergraduate,4th Year,2008-07-17,G_S08756,ADDR_S08756
S08757,Lakshit Tandon,lakshit tandon,INST-034,Undergraduate,1th Year,2008-03-05,G_S08757,ADDR_S08757
S08758,Chanakya Natarajan,chanakya natarajan,INST-057,Undergraduate,4th Year,2004-10-25,G_S08758,ADDR_S08758
S08759,MEGHA MISTRY,megha mistry,INST-002,Undergraduate,1th Year,2004-09-16,G_S08759,ADDR_S08759
S08760,Hredhaan Dua,hredhaan dua,INST-057,Undergraduate,1th Year,2008-09-25,G_S08760,ADDR_S08760
S08761,Nilima Saxena,nilima saxena,INST-052,Undergraduate,3th Year,2006-05-23,G_S08761,ADDR_S08761
S08762,Yachana Patla,yachana patla,INST-017,Undergraduate,4th Year,2003-09-26,G_S08762,ADDR_S08762
S08763,Onkar Chada,onkar chada,INST-030,Undergraduate,2th Year,2005-09-23,G_S08763,ADDR_S08763
S08764,Ekani Kalla,ekani kalla,INST-010,Undergraduate,4th Year,2007-11-22,G_S08764,ADDR_S08764
S08765,Anmol Tank,anmol tank,INST-017,Undergraduate,4th Year,2005-01-13,G_S08765,ADDR_S08765
S08766,Harini Nagarajan,harini nagarajan,INST-001,Undergraduate,4th Year,2005-01-15,G_S08766,ADDR_S08766
S08767,Gaurav Dutt,gaurav dutt,INST-008,Undergraduate,2th Year,2008-04-03,G_S08767,ADDR_S08767
S08768,Qabil Saha,qabil saha,INST-043,Undergraduate,3th Year,2007-02-28,G_S08768,ADDR_S08768
S08769,Teerth Prabhakar,teerth prabhakar,INST-025,Undergraduate,1th Year,2003-10-04,G_S08769,ADDR_S08769
S08770,Vanya Vala,vanya vala,INST-011,Undergraduate,3th Year,2003-05-21,G_S08770,ADDR_S08770
S08771,Bhavya Rana,bhavya rana,INST-054,Undergraduate,4th Year,2008-08-11,G_S08771,ADDR_S08771
S08772,Sanaya Bains,sanaya bains,INST-047,Undergraduate,4th Year,2007-11-14,G_S08772,ADDR_S08772
S08773,Hemal Butala,hemal butala,INST-032,Undergraduate,2th Year,2007-12-18,G_S08773,ADDR_S08773
S08774,Yamini Bhattacharyya,yamini bhattacharyya,INST-030,Undergraduate,1th Year,2004-10-06,G_S08774,ADDR_S08774
S08775,Vasudha Prasad,vasudha prasad,INST-021,Undergraduate,4th Year,2003-05-22,G_S08775,ADDR_S08775
S08776,Ekapad Dua,ekapad dua,INST-013,Undergraduate,2th Year,2006-10-09,G_S08776,ADDR_S08776
S08777,Chandani Char,chandani char,INST-047,Undergraduate,3th Year,2008-01-21,G_S08777,ADDR_S08777
S08778,Noah Nori,noah nori,INST-022,Undergraduate,3th Year,2004-02-10,G_S08778,ADDR_S08778
S08779,Harish Sanghvi,harish sanghvi,INST-027,Undergraduate,3th Year,2003-04-13,G_S08779,ADDR_S08779
S08780,Pranav Venkatesh,pranav venkatesh,INST-035,Undergraduate,4th Year,2007-11-07,G_S08780,ADDR_S08780
S08781,Zansi Nayar,zansi nayar,INST-002,Undergraduate,3th Year,2006-03-19,G_S08781,ADDR_S08781
S08782,Anita Sarraf,anita sarraf,INST-043,Undergraduate,2th Year,2006-12-05,G_S08782,ADDR_S08782
S08783,Radha Palla,radha palla,INST-041,Undergraduate,4th Year,2003-03-09,G_S08783,ADDR_S08783
S08784,Eiravati Bansal,eiravati bansal,INST-022,Undergraduate,2th Year,2008-11-27,G_S08784,ADDR_S08784
S08785,Anirudh Pathak,anirudh pathak,INST-057,Undergraduate,3th Year,2008-01-26,G_S08785,ADDR_S08785
S08786,Chavvi Lall,chavvi lall,INST-034,Undergraduate,2th Year,2006-07-06,G_S08786,ADDR_S08786
S08787,Damini Kapadia,damini kapadia,INST-046,Undergraduate,4th Year,2005-07-24,G_S08787,ADDR_S08787
S08788,Urishilla Tailor,urishilla tailor,INST-012,Undergraduate,4th Year,2003-04-10,G_S08788,ADDR_S08788
S08789,Gayathri Roy,gayathri roy,INST-014,Undergraduate,4th Year,2006-08-20,G_S08789,ADDR_S08789
S08790,Lohit Agate,lohit agate,INST-050,Undergraduate,3th Year,2004-01-19,G_S08790,ADDR_S08790
S08791,Chatura Sur,chatura sur,INST-059,Undergraduate,3th Year,2003-06-28,G_S08791,ADDR_S08791
S08792,Wridesh Misra,wridesh misra,INST-014,Undergraduate,3th Year,2008-02-20,G_S08792,ADDR_S08792
S08793,Hiral Kade,hiral kade,INST-012,Undergraduate,3th Year,2004-01-15,G_S08793,ADDR_S08793
S08794,Ubika Shukla,ubika shukla,INST-024,Undergraduate,2th Year,2003-06-13,G_S08794,ADDR_S08794
S08795,Charan Batta,charan batta,INST-006,Undergraduate,1th Year,2006-06-02,G_S08795,ADDR_S08795
S08796,Jatin Nath,jatin nath,INST-033,Undergraduate,1th Year,2006-10-26,G_S08796,ADDR_S08796
S08797,Turvi Sha,turvi sha,INST-033,Undergraduate,1th Year,2008-08-05,G_S08797,ADDR_S08797
S08798,Bhavna Lall,bhavna lall,INST-035,Undergraduate,1th Year,2004-07-20,G_S08798,ADDR_S08798
S08799,Ekbal Lala,ekbal lala,INST-046,Undergraduate,4th Year,2006-01-09,G_S08799,ADDR_S08799
S08800,Kiaan Ghose,kiaan ghose,INST-051,Undergraduate,4th Year,2004-09-17,G_S08800,ADDR_S08800
S08801,Jasmit Sidhu,jasmit sidhu,INST-040,Undergraduate,1th Year,2005-08-11,G_S08801,ADDR_S08801
S08802,Nandini Kumar,nandini kumar,INST-049,Undergraduate,1th Year,2006-07-27,G_S08802,ADDR_S08802
S08803,Udant Oommen,udant oommen,INST-057,Undergraduate,1th Year,2005-08-04,G_S08803,ADDR_S08803
S08804,Vinaya More,vinaya more,INST-007,Undergraduate,3th Year,2003-11-25,G_S08804,ADDR_S08804
S08805,Maya Walla,maya walla,INST-028,Undergraduate,1th Year,2005-06-07,G_S08805,ADDR_S08805
S08806,Kavya Sibal,kavya sibal,INST-029,Undergraduate,4th Year,2007-09-14,G_S08806,ADDR_S08806
S08807,Dipta Doshi,dipta doshi,INST-032,Undergraduate,3th Year,2008-10-05,G_S08807,ADDR_S08807
S08808,Maanav Yadav,maanav yadav,INST-031,Undergraduate,4th Year,2007-07-18,G_S08808,ADDR_S08808
S08809,Kashish Palla,kashish palla,INST-039,Undergraduate,1th Year,2006-10-21,G_S08809,ADDR_S08809
S08810,Hemangini Sunder,hemangini sunder,INST-059,Undergraduate,2th Year,2004-06-02,G_S08810,ADDR_S08810
S08811,Vinaya Pathak,vinaya pathak,INST-003,Undergraduate,3th Year,2003-04-18,G_S08811,ADDR_S08811
S08812,NILIMA RAU,nilima rau,INST-042,Undergraduate,2th Year,2003-08-08,G_S08812,ADDR_S08812
S08813,Nachiket Wali,nachiket wali,INST-006,Undergraduate,3th Year,2005-10-15,G_S08813,ADDR_S08813
S08814,Jacob Hari,jacob hari,INST-011,Undergraduate,4th Year,2004-01-27,G_S08814,ADDR_S08814
S08815,Oliver Khare,oliver khare,INST-019,Undergraduate,1th Year,2004-08-25,G_S08815,ADDR_S08815
S08816,Chasmum Sawhney,chasmum sawhney,INST-030,Undergraduate,1th Year,2007-06-18,G_S08816,ADDR_S08816
S08817,Charita Badami,charita badami,INST-008,Undergraduate,3th Year,2007-11-05,G_S08817,ADDR_S08817
S08818,Harsh Krishnamurthy,harsh krishnamurthy,INST-010,Undergraduate,1th Year,2007-06-15,G_S08818,ADDR_S08818
S08819,Sai Char,sai char,INST-016,Undergraduate,2th Year,2008-06-26,G_S08819,ADDR_S08819
S08820,Waida Suresh,waida suresh,INST-043,Undergraduate,2th Year,2005-07-17,G_S08820,ADDR_S08820
S08821,Bina Dash,bina dash,INST-026,Undergraduate,2th Year,2007-09-27,G_S08821,ADDR_S08821
S08822,Ekaja Oak,ekaja oak,INST-023,Undergraduate,2th Year,2006-12-28,G_S08822,ADDR_S08822
S08823,Zarna Kalita,zarna kalita,INST-012,Undergraduate,1th Year,2008-07-20,G_S08823,ADDR_S08823
S08824,Bhanumati Pradhan,bhanumati pradhan,INST-027,Undergraduate,1th Year,2008-02-26,G_S08824,ADDR_S08824
S08825,Balhaar Das,balhaar das,INST-041,Undergraduate,2th Year,2004-02-25,G_S08825,ADDR_S08825
S08826,Atharv Halder,atharv halder,INST-051,Undergraduate,4th Year,2004-04-17,G_S08826,ADDR_S08826
S08827,Harrison Bahl,harrison bahl,INST-019,Undergraduate,4th Year,2007-09-01,G_S08827,ADDR_S08827
S08828,Triveni Pall,triveni pall,INST-003,Undergraduate,2th Year,2005-11-24,G_S08828,ADDR_S08828
S08829,Balveer Cheema,balveer cheema,INST-045,Undergraduate,1th Year,2005-08-01,G_S08829,ADDR_S08829
S08830,Balendra Rajagopal,balendra rajagopal,INST-004,Undergraduate,1th Year,2005-10-18,G_S08830,ADDR_S08830
S08831,Anamika Bandi,anamika bandi,INST-008,Undergraduate,4th Year,2008-11-14,G_S08831,ADDR_S08831
S08832,Rachana Gokhale,rachana gokhale,INST-001,Undergraduate,1th Year,2004-07-17,G_S08832,ADDR_S08832
S08833,Dipta Chaudhari,dipta chaudhari,INST-021,Undergraduate,3th Year,2005-09-20,G_S08833,ADDR_S08833
S08834,Nachiket Choudhary,nachiket choudhary,INST-023,Undergraduate,3th Year,2003-02-01,G_S08834,ADDR_S08834
S08835,Warjas Samra,warjas samra,INST-001,Undergraduate,2th Year,2005-07-13,G_S08835,ADDR_S08835
S08836,Neelima Krish,neelima krish,INST-019,Undergraduate,3th Year,2005-06-23,G_S08836,ADDR_S08836
S08837,Rudra Sangha,rudra sangha,INST-028,Undergraduate,3th Year,2008-01-02,G_S08837,ADDR_S08837
S08838,Wriddhish Pillai,wriddhish pillai,INST-042,Undergraduate,4th Year,2008-08-25,G_S08838,ADDR_S08838
S08839,Nikita Bath,nikita bath,INST-006,Undergraduate,1th Year,2005-01-14,G_S08839,ADDR_S08839
S08840,Dalbir Sha,dalbir sha,INST-015,Undergraduate,1th Year,2004-04-23,G_S08840,ADDR_S08840
S08841,Kiaan Walla,kiaan walla,INST-013,Undergraduate,2th Year,2006-04-08,G_S08841,ADDR_S08841
S08842,Anamika Chada,anamika chada,INST-038,Undergraduate,4th Year,2007-07-16,G_S08842,ADDR_S08842
S08843,Vihaan Pai,vihaan pai,INST-023,Undergraduate,1th Year,2004-03-03,G_S08843,ADDR_S08843
S08844,Rishi Amble,rishi amble,INST-059,Undergraduate,3th Year,2006-10-02,G_S08844,ADDR_S08844
S08845,Anita Gupta,anita gupta,INST-045,Undergraduate,4th Year,2007-05-10,G_S08845,ADDR_S08845
S08846,UPADHRITI MUKHERJEE,upadhriti mukherjee,INST-040,Undergraduate,1th Year,2005-04-21,G_S08846,ADDR_S08846
S08847,Waida Mukherjee,waida mukherjee,INST-050,Undergraduate,4th Year,2003-01-09,G_S08847,ADDR_S08847
S08848,Rachana Ravel,rachana ravel,INST-017,Undergraduate,2th Year,2004-09-10,G_S08848,ADDR_S08848
S08849,Dipta Srinivasan,dipta srinivasan,INST-048,Undergraduate,3th Year,2008-08-21,G_S08849,ADDR_S08849
S08850,Riya Bhatnagar,riya bhatnagar,INST-018,Undergraduate,2th Year,2003-09-20,G_S08850,ADDR_S08850
S08851,Zinal Bains,zinal bains,INST-001,Undergraduate,1th Year,2005-04-20,G_S08851,ADDR_S08851
S08852,Advay Behl,advay behl,INST-059,Undergraduate,4th Year,2008-08-23,G_S08852,ADDR_S08852
S08853,Vedant Patla,vedant patla,INST-053,Undergraduate,1th Year,2004-11-21,G_S08853,ADDR_S08853
S08854,Janya Dube,janya dube,INST-016,Undergraduate,1th Year,2004-12-01,G_S08854,ADDR_S08854
S08855,Aryan Varghese,aryan varghese,INST-002,Undergraduate,3th Year,2006-02-18,G_S08855,ADDR_S08855
S08856,Hema Golla,hema golla,INST-012,Undergraduate,4th Year,2003-07-19,G_S08856,ADDR_S08856
S08857,Warjas Sinha,warjas sinha,INST-005,Undergraduate,4th Year,2006-01-06,G_S08857,ADDR_S08857
S08858,Ekansh Dhaliwal,ekansh dhaliwal,INST-031,Undergraduate,4th Year,2004-03-13,G_S08858,ADDR_S08858
S08859,Pushti Chawla,pushti chawla,INST-056,Undergraduate,3th Year,2003-07-27,G_S08859,ADDR_S08859
S08860,Jonathan Dave,jonathan dave,INST-023,Undergraduate,3th Year,2006-08-13,G_S08860,ADDR_S08860
S08861,Ojas Borra,ojas borra,INST-043,Undergraduate,1th Year,2006-11-24,G_S08861,ADDR_S08861
S08862,Ojas Naidu,ojas naidu,INST-014,Undergraduate,3th Year,2004-05-05,G_S08862,ADDR_S08862
S08863,Krishna Butala,krishna butala,INST-058,Undergraduate,1th Year,2003-08-18,G_S08863,ADDR_S08863
S08864,Vrinda Din,vrinda din,INST-001,Undergraduate,2th Year,2006-10-28,G_S08864,ADDR_S08864
S08865,Damini Ramesh,damini ramesh,INST-019,Undergraduate,2th Year,2007-04-10,G_S08865,ADDR_S08865
S08866,Siya Lalla,siya lalla,INST-007,Undergraduate,3th Year,2006-11-28,G_S08866,ADDR_S08866
S08867,Krishna Pradhan,krishna pradhan,INST-001,Undergraduate,2th Year,2005-06-13,G_S08867,ADDR_S08867
S08868,Pratyush Prasad,pratyush prasad,INST-002,Undergraduate,1th Year,2004-03-07,G_S08868,ADDR_S08868
S08869,Ati Mangat,ati mangat,INST-024,Undergraduate,3th Year,2005-08-06,G_S08869,ADDR_S08869
S08870,Imaran Verma,imaran verma,INST-008,Undergraduate,3th Year,2008-12-16,G_S08870,ADDR_S08870
S08871,Hema Chada,hema chada,INST-019,Undergraduate,1th Year,2006-12-14,G_S08871,ADDR_S08871
S08872,Lavanya Sengupta,lavanya sengupta,INST-018,Undergraduate,4th Year,2008-09-08,G_S08872,ADDR_S08872
S08873,Yasti Badami,yasti badami,INST-030,Undergraduate,1th Year,2003-06-27,G_S08873,ADDR_S08873
S08874,Maanas Bhardwaj,maanas bhardwaj,INST-038,Undergraduate,2th Year,2006-01-14,G_S08874,ADDR_S08874
S08875,Harish Kalita,harish kalita,INST-058,Undergraduate,1th Year,2008-01-20,G_S08875,ADDR_S08875
S08876,Pushti Varghese,pushti varghese,INST-016,Undergraduate,3th Year,2007-12-23,G_S08876,ADDR_S08876
S08877,Harish Yadav,harish yadav,INST-021,Undergraduate,1th Year,2006-06-03,G_S08877,ADDR_S08877
S08878,Watika Buch,watika buch,INST-060,Undergraduate,4th Year,2004-10-25,G_S08878,ADDR_S08878
S08879,Lavanya Desai,lavanya desai,INST-015,Undergraduate,4th Year,2003-06-05,G_S08879,ADDR_S08879
S08880,Ayaan Borde,ayaan borde,INST-057,Undergraduate,4th Year,2008-08-22,G_S08880,ADDR_S08880
S08881,Yagnesh Issac,yagnesh issac,INST-033,Undergraduate,3th Year,2003-10-10,G_S08881,ADDR_S08881
S08882,Ekiya Loke,ekiya loke,INST-034,Undergraduate,2th Year,2007-10-03,G_S08882,ADDR_S08882
S08883,Gunbir  Choudhry,gunbir choudhry,INST-057,Undergraduate,3th Year,2008-09-24,G_S08883,ADDR_S08883
S08884,Saanvi Gara,saanvi gara,INST-029,Undergraduate,1th Year,2004-07-11,G_S08884,ADDR_S08884
S08885,LOPA APTE,lopa apte,INST-024,Undergraduate,3th Year,2008-08-06,G_S08885,ADDR_S08885
S08886,Aarav Trivedi,aarav trivedi,INST-025,Undergraduate,2th Year,2003-12-06,G_S08886,ADDR_S08886
S08887,Megha Manne,megha manne,INST-050,Undergraduate,2th Year,2003-02-21,G_S08887,ADDR_S08887
S08888,Vasudha Batra,vasudha batra,INST-057,Undergraduate,4th Year,2004-03-11,G_S08888,ADDR_S08888
S08889,Oviya Subramanian,oviya subramanian,INST-046,Undergraduate,3th Year,2005-04-03,G_S08889,ADDR_S08889
S08890,Ikbal Khalsa,ikbal khalsa,INST-003,Undergraduate,3th Year,2005-12-26,G_S08890,ADDR_S08890
S08891,Krishna Dhawan,krishna dhawan,INST-015,Undergraduate,3th Year,2006-10-23,G_S08891,ADDR_S08891
S08892,Aarnav Subramanian,aarnav subramanian,INST-031,Undergraduate,4th Year,2003-10-20,G_S08892,ADDR_S08892
S08893,Vasudha Bhatti,vasudha bhatti,INST-006,Undergraduate,2th Year,2004-04-07,G_S08893,ADDR_S08893
S08894,Qasim Chandra,qasim chandra,INST-043,Undergraduate,4th Year,2006-02-08,G_S08894,ADDR_S08894
S08895,Manan Barman,manan barman,INST-001,Undergraduate,4th Year,2003-11-16,G_S08895,ADDR_S08895
S08896,Zaitra Rana,zaitra rana,INST-012,Undergraduate,3th Year,2008-06-23,G_S08896,ADDR_S08896
S08897,Chandani Chauhan,chandani chauhan,INST-018,Undergraduate,2th Year,2008-12-04,G_S08897,ADDR_S08897
S08898,Tristan Basu,tristan basu,INST-036,Undergraduate,3th Year,2003-06-05,G_S08898,ADDR_S08898
S08899,Neel Ram,neel ram,INST-002,Undergraduate,2th Year,2004-10-01,G_S08899,ADDR_S08899
S08900,Falguni Rattan,falguni rattan,INST-052,Undergraduate,3th Year,2006-11-06,G_S08900,ADDR_S08900
S08901,Pushti Sibal,pushti sibal,INST-028,Undergraduate,2th Year,2004-06-01,G_S08901,ADDR_S08901
S08902,Ikbal Chacko,ikbal chacko,INST-056,Undergraduate,2th Year,2004-06-18,G_S08902,ADDR_S08902
S08903,Balhaar Naidu,balhaar naidu,INST-004,Undergraduate,3th Year,2006-12-25,G_S08903,ADDR_S08903
S08904,Anmol Ram,anmol ram,INST-012,Undergraduate,4th Year,2008-10-15,G_S08904,ADDR_S08904
S08905,Bachittar Sur,bachittar sur,INST-052,Undergraduate,1th Year,2003-11-17,G_S08905,ADDR_S08905
S08906,Veer Misra,veer misra,INST-015,Undergraduate,4th Year,2005-04-17,G_S08906,ADDR_S08906
S08907,Gayathri Contractor,gayathri contractor,INST-039,Undergraduate,4th Year,2005-02-27,G_S08907,ADDR_S08907
S08908,Chatresh Dasgupta,chatresh dasgupta,INST-030,Undergraduate,2th Year,2006-07-03,G_S08908,ADDR_S08908
S08909,Kashvi Chaudhry,kashvi chaudhry,INST-030,Undergraduate,4th Year,2008-06-21,G_S08909,ADDR_S08909
S08910,Mekhala Dhar,mekhala dhar,INST-027,Undergraduate,4th Year,2003-06-01,G_S08910,ADDR_S08910
S08911,Ucchal Apte,ucchal apte,INST-022,Undergraduate,2th Year,2006-12-17,G_S08911,ADDR_S08911
S08912,Aradhana Gill,aradhana gill,INST-004,Undergraduate,3th Year,2008-12-12,G_S08912,ADDR_S08912
S08913,Gaurangi Koshy,gaurangi koshy,INST-059,Undergraduate,2th Year,2005-05-07,G_S08913,ADDR_S08913
S08914,Yuvraj Rao,yuvraj rao,INST-029,Undergraduate,1th Year,2004-01-06,G_S08914,ADDR_S08914
S08915,Harita Garg,harita garg,INST-051,Undergraduate,1th Year,2003-05-12,G_S08915,ADDR_S08915
S08916,Aarush Dey,aarush dey,INST-053,Undergraduate,2th Year,2006-12-26,G_S08916,ADDR_S08916
S08917,Isaiah Sampath,isaiah sampath,INST-010,Undergraduate,3th Year,2006-08-06,G_S08917,ADDR_S08917
S08918,Yashvi Shah,yashvi shah,INST-035,Undergraduate,2th Year,2006-07-26,G_S08918,ADDR_S08918
S08919,Anya Varkey,anya varkey,INST-024,Undergraduate,2th Year,2008-08-12,G_S08919,ADDR_S08919
S08920,Lohit Kata,lohit kata,INST-036,Undergraduate,3th Year,2003-04-01,G_S08920,ADDR_S08920
S08921,Jhalak Kashyap,jhalak kashyap,INST-028,Undergraduate,1th Year,2006-10-07,G_S08921,ADDR_S08921
S08922,Rehaan Butala,rehaan butala,INST-017,Undergraduate,4th Year,2008-05-19,G_S08922,ADDR_S08922
S08923,Nilima Pathak,nilima pathak,INST-022,Undergraduate,1th Year,2006-07-21,G_S08923,ADDR_S08923
S08924,Wriddhish Narain,wriddhish narain,INST-058,Undergraduate,1th Year,2007-07-04,G_S08924,ADDR_S08924
S08925,Varsha Mukhopadhyay,varsha mukhopadhyay,INST-034,Undergraduate,3th Year,2007-05-03,G_S08925,ADDR_S08925
S08926,Zehaan Purohit,zehaan purohit,INST-011,Undergraduate,3th Year,2007-11-11,G_S08926,ADDR_S08926
S08927,Hemani Das,hemani das,INST-057,Undergraduate,4th Year,2005-05-20,G_S08927,ADDR_S08927
S08928,Nicholas Bumb,nicholas bumb,INST-011,Undergraduate,1th Year,2008-09-24,G_S08928,ADDR_S08928
S08929,Champak Chakrabarti,champak chakrabarti,INST-033,Undergraduate,1th Year,2008-09-20,G_S08929,ADDR_S08929
S08930,Yash Gulati,yash gulati,INST-029,Undergraduate,1th Year,2005-08-09,G_S08930,ADDR_S08930
S08931,Ganga Pillai,ganga pillai,INST-033,Undergraduate,1th Year,2008-03-13,G_S08931,ADDR_S08931
S08932,Advik Kannan,advik kannan,INST-037,Undergraduate,2th Year,2005-03-25,G_S08932,ADDR_S08932
S08933,Sudiksha Chaudhry,sudiksha chaudhry,INST-019,Undergraduate,1th Year,2005-06-03,G_S08933,ADDR_S08933
S08934,Waida Bumb,waida bumb,INST-020,Undergraduate,2th Year,2008-08-05,G_S08934,ADDR_S08934
S08935,Avi Handa,avi handa,INST-014,Undergraduate,4th Year,2004-12-28,G_S08935,ADDR_S08935
S08936,Hemani Roy,hemani roy,INST-012,Undergraduate,3th Year,2006-11-17,G_S08936,ADDR_S08936
S08937,Dakshesh Mitter,dakshesh mitter,INST-022,Undergraduate,3th Year,2006-06-20,G_S08937,ADDR_S08937
S08938,Kai Kulkarni,kai kulkarni,INST-013,Undergraduate,1th Year,2007-09-25,G_S08938,ADDR_S08938
S08939,Aayush Narayan,aayush narayan,INST-018,Undergraduate,3th Year,2004-10-03,G_S08939,ADDR_S08939
S08940,Manya Kulkarni,manya kulkarni,INST-004,Undergraduate,2th Year,2003-08-13,G_S08940,ADDR_S08940
S08941,Ekani Joshi,ekani joshi,INST-001,Undergraduate,2th Year,2005-05-05,G_S08941,ADDR_S08941
S08942,Sara Rajan,sara rajan,INST-015,Undergraduate,4th Year,2004-12-15,G_S08942,ADDR_S08942
S08943,Jack Setty,jack setty,INST-053,Undergraduate,1th Year,2004-12-10,G_S08943,ADDR_S08943
S08944,Tanvi Shetty,tanvi shetty,INST-021,Undergraduate,3th Year,2008-12-01,G_S08944,ADDR_S08944
S08945,Darsh Andra,darsh andra,INST-053,Undergraduate,1th Year,2004-01-04,G_S08945,ADDR_S08945
S08946,Ati Kapur,ati kapur,INST-010,Undergraduate,4th Year,2008-01-10,G_S08946,ADDR_S08946
S08947,Ekta Sha,ekta sha,INST-011,Undergraduate,1th Year,2003-02-20,G_S08947,ADDR_S08947
S08948,Fariq Sodhi,fariq sodhi,INST-026,Undergraduate,2th Year,2007-12-05,G_S08948,ADDR_S08948
S08949,Chaitanya Kari,chaitanya kari,INST-008,Undergraduate,4th Year,2006-01-09,G_S08949,ADDR_S08949
S08950,Peter Lalla,peter lalla,INST-056,Undergraduate,1th Year,2003-01-02,G_S08950,ADDR_S08950
S08951,Siya Nath,siya nath,INST-059,Undergraduate,2th Year,2005-11-04,G_S08951,ADDR_S08951
S08952,Aishani Oak,aishani oak,INST-057,Undergraduate,3th Year,2008-06-16,G_S08952,ADDR_S08952
S08953,Aadi Mittal,aadi mittal,INST-043,Undergraduate,1th Year,2003-07-21,G_S08953,ADDR_S08953
S08954,Caleb Mitter,caleb mitter,INST-017,Undergraduate,4th Year,2008-11-07,G_S08954,ADDR_S08954
S08955,Teerth Dada,teerth dada,INST-046,Undergraduate,4th Year,2006-09-23,G_S08955,ADDR_S08955
S08956,Hemangini Ram,hemangini ram,INST-020,Undergraduate,3th Year,2003-07-14,G_S08956,ADDR_S08956
S08957,Harita Mann,harita mann,INST-029,Undergraduate,3th Year,2004-05-01,G_S08957,ADDR_S08957
S08958,Veda Behl,veda behl,INST-027,Undergraduate,2th Year,2003-05-06,G_S08958,ADDR_S08958
S08959,Jagvi Mistry,jagvi mistry,INST-016,Undergraduate,1th Year,2005-06-10,G_S08959,ADDR_S08959
S08960,Odika Dalal,odika dalal,INST-019,Undergraduate,2th Year,2005-04-05,G_S08960,ADDR_S08960
S08961,Hritik Behl,hritik behl,INST-011,Undergraduate,1th Year,2008-05-21,G_S08961,ADDR_S08961
S08962,Urvashi Ramanathan,urvashi ramanathan,INST-048,Undergraduate,4th Year,2006-04-10,G_S08962,ADDR_S08962
S08963,Shivani Pathak,shivani pathak,INST-035,Undergraduate,1th Year,2004-12-22,G_S08963,ADDR_S08963
S08964,Indali Sahota,indali sahota,INST-048,Undergraduate,4th Year,2008-10-13,G_S08964,ADDR_S08964
S08965,Triya Doctor,triya doctor,INST-052,Undergraduate,1th Year,2006-08-28,G_S08965,ADDR_S08965
S08966,Max  Ganesan,max ganesan,INST-056,Undergraduate,2th Year,2007-01-26,G_S08966,ADDR_S08966
S08967,Shivansh Minhas,shivansh minhas,INST-046,Undergraduate,2th Year,2008-02-10,G_S08967,ADDR_S08967
S08968,Amrita Bakshi,amrita bakshi,INST-013,Undergraduate,1th Year,2003-08-15,G_S08968,ADDR_S08968
S08969,Advaith Tripathi,advaith tripathi,INST-009,Undergraduate,2th Year,2003-11-14,G_S08969,ADDR_S08969
S08970,Lajita Wadhwa,lajita wadhwa,INST-041,Undergraduate,1th Year,2004-06-07,G_S08970,ADDR_S08970
S08971,Omaja Apte,omaja apte,INST-058,Undergraduate,2th Year,2006-05-06,G_S08971,ADDR_S08971
S08972,Ladli Gopal,ladli gopal,INST-028,Undergraduate,4th Year,2004-02-04,G_S08972,ADDR_S08972
S08973,Ekansh Kamdar,ekansh kamdar,INST-052,Undergraduate,1th Year,2008-08-18,G_S08973,ADDR_S08973
S08974,Nimrat Soni,nimrat soni,INST-032,Undergraduate,3th Year,2003-12-23,G_S08974,ADDR_S08974
S08975,Saanvi Sastry,saanvi sastry,INST-058,Undergraduate,2th Year,2006-04-19,G_S08975,ADDR_S08975
S08976,Reva Prasad,reva prasad,INST-059,Undergraduate,1th Year,2008-03-20,G_S08976,ADDR_S08976
S08977,Banjeet Jha,banjeet jha,INST-046,Undergraduate,1th Year,2005-05-05,G_S08977,ADDR_S08977
S08978,Maanas Puri,maanas puri,INST-002,Undergraduate,4th Year,2006-03-04,G_S08978,ADDR_S08978
S08979,Watika Sidhu,watika sidhu,INST-058,Undergraduate,2th Year,2006-06-01,G_S08979,ADDR_S08979
S08980,Sachi Boase,sachi boase,INST-060,Undergraduate,3th Year,2007-12-08,G_S08980,ADDR_S08980
S08981,Christopher Sarma,christopher sarma,INST-040,Undergraduate,2th Year,2004-10-11,G_S08981,ADDR_S08981
S08982,Ishita Dasgupta,ishita dasgupta,INST-022,Undergraduate,2th Year,2004-04-26,G_S08982,ADDR_S08982
S08983,Oni Gera,oni gera,INST-046,Undergraduate,3th Year,2003-11-16,G_S08983,ADDR_S08983
S08984,Bachittar Ray,bachittar ray,INST-007,Undergraduate,1th Year,2007-12-17,G_S08984,ADDR_S08984
S08985,Bhavna Jaggi,bhavna jaggi,INST-022,Undergraduate,1th Year,2003-12-08,G_S08985,ADDR_S08985
S08986,Vincent Hans,vincent hans,INST-037,Undergraduate,2th Year,2004-08-09,G_S08986,ADDR_S08986
S08987,Charles Dhar,charles dhar,INST-026,Undergraduate,1th Year,2006-10-08,G_S08987,ADDR_S08987
S08988,Victor Krishnan,victor krishnan,INST-028,Undergraduate,1th Year,2008-10-04,G_S08988,ADDR_S08988
S08989,Ladli Bajaj,ladli bajaj,INST-049,Undergraduate,1th Year,2005-05-28,G_S08989,ADDR_S08989
S08990,Ayaan Purohit,ayaan purohit,INST-037,Undergraduate,3th Year,2007-03-07,G_S08990,ADDR_S08990
S08991,Utkarsh Agate,utkarsh agate,INST-056,Undergraduate,3th Year,2007-10-16,G_S08991,ADDR_S08991
S08992,Hemangini De,hemangini de,INST-003,Undergraduate,3th Year,2004-01-04,G_S08992,ADDR_S08992
S08993,Harita Sarma,harita sarma,INST-051,Undergraduate,1th Year,2006-06-08,G_S08993,ADDR_S08993
S08994,Ekantika Dey,ekantika dey,INST-019,Undergraduate,2th Year,2006-06-22,G_S08994,ADDR_S08994
S08995,Gautam Deshpande,gautam deshpande,INST-017,Undergraduate,4th Year,2005-03-10,G_S08995,ADDR_S08995
S08996,Xavier Subramaniam,xavier subramaniam,INST-022,Undergraduate,1th Year,2007-10-10,G_S08996,ADDR_S08996
S08997,Bachittar Raja,bachittar raja,INST-035,Undergraduate,2th Year,2008-01-03,G_S08997,ADDR_S08997
S08998,Zehaan Wali,zehaan wali,INST-060,Undergraduate,3th Year,2004-07-05,G_S08998,ADDR_S08998
S08999,Bhavna Wali,bhavna wali,INST-021,Undergraduate,2th Year,2004-03-25,G_S08999,ADDR_S08999
S09000,Harini Korpal,harini korpal,INST-025,Undergraduate,2th Year,2003-02-11,G_S09000,ADDR_S09000
S09001,Jackson Venkatesh,jackson venkatesh,INST-029,Undergraduate,1th Year,2004-08-27,G_S09001,ADDR_S09001
S09002,Aahana Ganesan,aahana ganesan,INST-009,Undergraduate,3th Year,2003-05-05,G_S09002,ADDR_S09002
S09003,Inaya Mukhopadhyay,inaya mukhopadhyay,INST-011,Undergraduate,1th Year,2007-05-05,G_S09003,ADDR_S09003
S09004,Abeer Naik,abeer naik,INST-009,Undergraduate,2th Year,2008-04-04,G_S09004,ADDR_S09004
S09005,Sachi Roy,sachi roy,INST-012,Undergraduate,1th Year,2008-12-10,G_S09005,ADDR_S09005
S09006,Kevin Patla,kevin patla,INST-059,Undergraduate,4th Year,2006-03-20,G_S09006,ADDR_S09006
S09007,Ayushman Srinivasan,ayushman srinivasan,INST-060,Undergraduate,4th Year,2003-08-10,G_S09007,ADDR_S09007
S09008,Sanya Ranganathan,sanya ranganathan,INST-046,Undergraduate,1th Year,2006-11-19,G_S09008,ADDR_S09008
S09009,Pranit Basak,pranit basak,INST-032,Undergraduate,4th Year,2005-09-22,G_S09009,ADDR_S09009
S09010,Kalpit Ganguly,kalpit ganguly,INST-014,Undergraduate,4th Year,2006-04-22,G_S09010,ADDR_S09010
S09011,Zaid Borde,zaid borde,INST-007,Undergraduate,2th Year,2003-12-18,G_S09011,ADDR_S09011
S09012,Bakhshi Chander,bakhshi chander,INST-055,Undergraduate,2th Year,2005-11-16,G_S09012,ADDR_S09012
S09013,Nandini Sachdeva,nandini sachdeva,INST-036,Undergraduate,4th Year,2008-05-15,G_S09013,ADDR_S09013
S09014,Karan  Zacharia,karan zacharia,INST-060,Undergraduate,4th Year,2008-12-12,G_S09014,ADDR_S09014
S09015,Veda Dutta,veda dutta,INST-028,Undergraduate,2th Year,2004-05-05,G_S09015,ADDR_S09015
S09016,Samaksh Bose,samaksh bose,INST-034,Undergraduate,2th Year,2004-04-22,G_S09016,ADDR_S09016
S09017,Nakul Mukherjee,nakul mukherjee,INST-010,Undergraduate,4th Year,2007-08-23,G_S09017,ADDR_S09017
S09018,Nilima Ghose,nilima ghose,INST-059,Undergraduate,4th Year,2003-10-19,G_S09018,ADDR_S09018
S09019,Urvi Ramanathan,urvi ramanathan,INST-035,Undergraduate,3th Year,2005-04-05,G_S09019,ADDR_S09019
S09020,Charita Contractor,charita contractor,INST-055,Undergraduate,3th Year,2008-01-20,G_S09020,ADDR_S09020
S09021,Abhiram Keer,abhiram keer,INST-038,Undergraduate,3th Year,2007-10-09,G_S09021,ADDR_S09021
S09022,Qadim Toor,qadim toor,INST-060,Undergraduate,2th Year,2006-11-01,G_S09022,ADDR_S09022
S09023,Urishilla Agrawal,urishilla agrawal,INST-015,Undergraduate,3th Year,2007-07-09,G_S09023,ADDR_S09023
S09024,Ekiya Brar,ekiya brar,INST-005,Undergraduate,2th Year,2005-09-20,G_S09024,ADDR_S09024
S09025,Praneel Vyas,praneel vyas,INST-018,Undergraduate,4th Year,2008-10-07,G_S09025,ADDR_S09025
S09026,Devika Nigam,devika nigam,INST-018,Undergraduate,4th Year,2003-12-28,G_S09026,ADDR_S09026
S09027,Mason Bail,mason bail,INST-060,Undergraduate,2th Year,2005-08-04,G_S09027,ADDR_S09027
S09028,Nathaniel Aggarwal,nathaniel aggarwal,INST-026,Undergraduate,1th Year,2008-10-03,G_S09028,ADDR_S09028
S09029,Vrinda Patel,vrinda patel,INST-057,Undergraduate,3th Year,2007-10-04,G_S09029,ADDR_S09029
S09030,Jeevika Magar,jeevika magar,INST-017,Undergraduate,1th Year,2005-06-26,G_S09030,ADDR_S09030
S09031,Mitali Majumdar,mitali majumdar,INST-013,Undergraduate,4th Year,2003-05-20,G_S09031,ADDR_S09031
S09032,Laksh Bir,laksh bir,INST-055,Undergraduate,4th Year,2006-01-07,G_S09032,ADDR_S09032
S09033,Amruta Ravi,amruta ravi,INST-033,Undergraduate,4th Year,2007-08-12,G_S09033,ADDR_S09033
S09034,Karan Shukla,karan shukla,INST-029,Undergraduate,4th Year,2008-10-16,G_S09034,ADDR_S09034
S09035,Andrew Chaudhari,andrew chaudhari,INST-009,Undergraduate,1th Year,2006-09-09,G_S09035,ADDR_S09035
S09036,Onveer Ravi,onveer ravi,INST-025,Undergraduate,3th Year,2008-10-10,G_S09036,ADDR_S09036
S09037,Zayyan Majumdar,zayyan majumdar,INST-014,Undergraduate,3th Year,2007-10-02,G_S09037,ADDR_S09037
S09038,Charan Karpe,charan karpe,INST-046,Undergraduate,1th Year,2003-01-18,G_S09038,ADDR_S09038
S09039,Christopher Srivastava,christopher srivastava,INST-011,Undergraduate,3th Year,2006-02-07,G_S09039,ADDR_S09039
S09040,Brinda Gulati,brinda gulati,INST-053,Undergraduate,3th Year,2008-12-20,G_S09040,ADDR_S09040
S09041,Agastya Pradhan,agastya pradhan,INST-031,Undergraduate,2th Year,2008-02-25,G_S09041,ADDR_S09041
S09042,Lucky Khanna,lucky khanna,INST-032,Undergraduate,3th Year,2003-05-19,G_S09042,ADDR_S09042
S09043,Mitali Warrior,mitali warrior,INST-004,Undergraduate,1th Year,2006-01-15,G_S09043,ADDR_S09043
S09044,Pooja Bawa,pooja bawa,INST-054,Undergraduate,2th Year,2005-06-13,G_S09044,ADDR_S09044
S09045,Aashi Nayak,aashi nayak,INST-035,Undergraduate,2th Year,2007-11-15,G_S09045,ADDR_S09045
S09046,Mitesh Karnik,mitesh karnik,INST-019,Undergraduate,3th Year,2006-01-18,G_S09046,ADDR_S09046
S09047,Nandini Sunder,nandini sunder,INST-019,Undergraduate,4th Year,2008-04-01,G_S09047,ADDR_S09047
S09048,Amrita Wali,amrita wali,INST-024,Undergraduate,3th Year,2004-03-24,G_S09048,ADDR_S09048
S09049,Xiti Chaudhry,xiti chaudhry,INST-003,Undergraduate,4th Year,2005-10-14,G_S09049,ADDR_S09049
S09050,Abhimanyu Chandran,abhimanyu chandran,INST-051,Undergraduate,2th Year,2004-04-07,G_S09050,ADDR_S09050
S09051,Chaitanya Chhabra,chaitanya chhabra,INST-050,Undergraduate,2th Year,2007-11-14,G_S09051,ADDR_S09051
S09052,Watika Subramanian,watika subramanian,INST-056,Undergraduate,3th Year,2007-07-03,G_S09052,ADDR_S09052
S09053,Ayaan Dayal,ayaan dayal,INST-034,Undergraduate,1th Year,2007-09-05,G_S09053,ADDR_S09053
S09054,Ethan De,ethan de,INST-038,Undergraduate,2th Year,2005-05-16,G_S09054,ADDR_S09054
S09055,Jagdish Dubey,jagdish dubey,INST-003,Undergraduate,3th Year,2003-10-22,G_S09055,ADDR_S09055
S09056,Jonathan Khanna,jonathan khanna,INST-060,Undergraduate,4th Year,2006-07-23,G_S09056,ADDR_S09056
S09057,Manthan Sengupta,manthan sengupta,INST-044,Undergraduate,4th Year,2003-04-25,G_S09057,ADDR_S09057
S09058,Amruta Hora,amruta hora,INST-031,Undergraduate,1th Year,2004-01-24,G_S09058,ADDR_S09058
S09059,Harini Tiwari,harini tiwari,INST-033,Undergraduate,2th Year,2008-05-10,G_S09059,ADDR_S09059
S09060,Harshil Oza,harshil oza,INST-024,Undergraduate,1th Year,2006-02-28,G_S09060,ADDR_S09060
S09061,Ekantika Dash,ekantika dash,INST-005,Undergraduate,2th Year,2006-12-03,G_S09061,ADDR_S09061
S09062,Pushti Kakar,pushti kakar,INST-003,Undergraduate,1th Year,2007-06-20,G_S09062,ADDR_S09062
S09063,Fiyaz Mandal,fiyaz mandal,INST-031,Undergraduate,3th Year,2006-08-01,G_S09063,ADDR_S09063
S09064,Anirudh Shukla,anirudh shukla,INST-043,Undergraduate,3th Year,2003-03-06,G_S09064,ADDR_S09064
S09065,Tripti Mittal,tripti mittal,INST-012,Undergraduate,3th Year,2008-11-13,G_S09065,ADDR_S09065
S09066,Dayita Goswami,dayita goswami,INST-033,Undergraduate,2th Year,2007-09-18,G_S09066,ADDR_S09066
S09067,Unni Khanna,unni khanna,INST-009,Undergraduate,1th Year,2007-12-11,G_S09067,ADDR_S09067
S09068,Nathan Rajan,nathan rajan,INST-003,Undergraduate,4th Year,2004-11-01,G_S09068,ADDR_S09068
S09069,Hiral Buch,hiral buch,INST-053,Undergraduate,3th Year,2003-03-25,G_S09069,ADDR_S09069
S09070,Ekaraj Gokhale,ekaraj gokhale,INST-027,Undergraduate,2th Year,2004-02-26,G_S09070,ADDR_S09070
S09071,Upma Sengupta,upma sengupta,INST-041,Undergraduate,4th Year,2004-02-10,G_S09071,ADDR_S09071
S09072,Radha Shenoy,radha shenoy,INST-001,Undergraduate,1th Year,2003-06-04,G_S09072,ADDR_S09072
S09073,Onveer Kuruvilla,onveer kuruvilla,INST-040,Undergraduate,1th Year,2008-03-10,G_S09073,ADDR_S09073
S09074,Rayaan Mohan,rayaan mohan,INST-036,Undergraduate,1th Year,2006-01-26,G_S09074,ADDR_S09074
S09075,Hema  Modi,hema modi,INST-016,Undergraduate,2th Year,2003-11-01,G_S09075,ADDR_S09075
S09076,Zilmil Tandon,zilmil tandon,INST-013,Undergraduate,3th Year,2003-08-23,G_S09076,ADDR_S09076
S09077,Krisha Pathak,krisha pathak,INST-056,Undergraduate,4th Year,2007-02-17,G_S09077,ADDR_S09077
S09078,Imaran Nazareth,imaran nazareth,INST-039,Undergraduate,4th Year,2004-03-01,G_S09078,ADDR_S09078
S09079,Damyanti Kapoor,damyanti kapoor,INST-058,Undergraduate,4th Year,2003-04-15,G_S09079,ADDR_S09079
S09080,Naksh Batta,naksh batta,INST-041,Undergraduate,4th Year,2006-11-07,G_S09080,ADDR_S09080
S09081,Anamika Walla,anamika walla,INST-044,Undergraduate,2th Year,2004-03-24,G_S09081,ADDR_S09081
S09082,Chaman Dass,chaman dass,INST-050,Undergraduate,1th Year,2003-06-01,G_S09082,ADDR_S09082
S09083,Urishilla Sahota,urishilla sahota,INST-054,Undergraduate,3th Year,2006-09-17,G_S09083,ADDR_S09083
S09084,Azaan Bedi,azaan bedi,INST-041,Undergraduate,4th Year,2004-05-18,G_S09084,ADDR_S09084
S09085,Aditya Bhatti,aditya bhatti,INST-024,Undergraduate,4th Year,2008-07-07,G_S09085,ADDR_S09085
S09086,Irya Subramanian,irya subramanian,INST-023,Undergraduate,2th Year,2004-04-16,G_S09086,ADDR_S09086
S09087,Vanya Sagar,vanya sagar,INST-020,Undergraduate,3th Year,2007-04-03,G_S09087,ADDR_S09087
S09088,Bhavna Ganesh,bhavna ganesh,INST-025,Undergraduate,1th Year,2004-04-01,G_S09088,ADDR_S09088
S09089,Lavanya Devi,lavanya devi,INST-048,Undergraduate,1th Year,2005-06-08,G_S09089,ADDR_S09089
S09090,Jasmit Lal,jasmit lal,INST-053,Undergraduate,3th Year,2008-12-17,G_S09090,ADDR_S09090
S09091,Bachittar Kant,bachittar kant,INST-040,Undergraduate,2th Year,2007-08-05,G_S09091,ADDR_S09091
S09092,Vihaan Bera,vihaan bera,INST-027,Undergraduate,1th Year,2006-03-18,G_S09092,ADDR_S09092
S09093,Amrita Bhargava,amrita bhargava,INST-058,Undergraduate,3th Year,2004-10-27,G_S09093,ADDR_S09093
S09094,Gaurangi Divan,gaurangi divan,INST-011,Undergraduate,3th Year,2004-02-10,G_S09094,ADDR_S09094
S09095,Wyatt Chopra,wyatt chopra,INST-006,Undergraduate,4th Year,2008-10-24,G_S09095,ADDR_S09095
S09096,Triveni Gour,triveni gour,INST-048,Undergraduate,3th Year,2003-04-05,G_S09096,ADDR_S09096
S09097,Meghana Mukhopadhyay,meghana mukhopadhyay,INST-011,Undergraduate,2th Year,2006-06-04,G_S09097,ADDR_S09097
S09098,Aarna Swamy,aarna swamy,INST-018,Undergraduate,4th Year,2003-04-12,G_S09098,ADDR_S09098
S09099,Oviya Arya,oviya arya,INST-013,Undergraduate,1th Year,2006-07-22,G_S09099,ADDR_S09099
S09100,Dominic Vig,dominic vig,INST-031,Undergraduate,3th Year,2007-02-06,G_S09100,ADDR_S09100
S09101,Jeremiah Kapoor,jeremiah kapoor,INST-057,Undergraduate,1th Year,2004-02-14,G_S09101,ADDR_S09101
S09102,Forum Wable,forum wable,INST-037,Undergraduate,4th Year,2006-12-15,G_S09102,ADDR_S09102
S09103,Saumya Mohan,saumya mohan,INST-014,Undergraduate,1th Year,2004-11-16,G_S09103,ADDR_S09103
S09104,Nakul Yohannan,nakul yohannan,INST-059,Undergraduate,4th Year,2007-01-03,G_S09104,ADDR_S09104
S09105,Ekantika Sahni,ekantika sahni,INST-016,Undergraduate,3th Year,2004-01-18,G_S09105,ADDR_S09105
S09106,Vasana Sood,vasana sood,INST-007,Undergraduate,2th Year,2008-05-27,G_S09106,ADDR_S09106
S09107,Ira Krish,ira krish,INST-042,Undergraduate,2th Year,2005-09-20,G_S09107,ADDR_S09107
S09108,Om Ganesan,om ganesan,INST-029,Undergraduate,3th Year,2008-09-16,G_S09108,ADDR_S09108
S09109,Nihal Mitra,nihal mitra,INST-052,Undergraduate,4th Year,2005-05-22,G_S09109,ADDR_S09109
S09110,Warinder Rau,warinder rau,INST-006,Undergraduate,4th Year,2004-09-08,G_S09110,ADDR_S09110
S09111,Advaith Basak,advaith basak,INST-032,Undergraduate,3th Year,2007-10-17,G_S09111,ADDR_S09111
S09112,Luke Babu,luke babu,INST-023,Undergraduate,4th Year,2005-11-23,G_S09112,ADDR_S09112
S09113,Christopher Sankaran,christopher sankaran,INST-055,Undergraduate,2th Year,2007-10-24,G_S09113,ADDR_S09113
S09114,Sudiksha Ray,sudiksha ray,INST-049,Undergraduate,2th Year,2008-11-27,G_S09114,ADDR_S09114
S09115,Devika Mitra,devika mitra,INST-015,Undergraduate,2th Year,2007-06-02,G_S09115,ADDR_S09115
S09116,Siya Thakur,siya thakur,INST-022,Undergraduate,4th Year,2008-01-28,G_S09116,ADDR_S09116
S09117,Zaid Nair,zaid nair,INST-021,Undergraduate,4th Year,2004-02-28,G_S09117,ADDR_S09117
S09118,Abha Ben,abha ben,INST-060,Undergraduate,2th Year,2008-03-20,G_S09118,ADDR_S09118
S09119,Patrick Kothari,patrick kothari,INST-054,Undergraduate,4th Year,2007-09-23,G_S09119,ADDR_S09119
S09120,Nandini Tailor,nandini tailor,INST-033,Undergraduate,2th Year,2005-06-20,G_S09120,ADDR_S09120
S09121,Darsh Sant,darsh sant,INST-040,Undergraduate,2th Year,2008-01-18,G_S09121,ADDR_S09121
S09122,Januja Loyal,januja loyal,INST-021,Undergraduate,1th Year,2004-11-04,G_S09122,ADDR_S09122
S09123,Ronith Mohan,ronith mohan,INST-047,Undergraduate,3th Year,2006-11-27,G_S09123,ADDR_S09123
S09124,Mugdha Bahl,mugdha bahl,INST-046,Undergraduate,3th Year,2004-08-14,G_S09124,ADDR_S09124
S09125,Ekaja Kala,ekaja kala,INST-010,Undergraduate,1th Year,2008-05-28,G_S09125,ADDR_S09125
S09126,Idika Ghosh,idika ghosh,INST-042,Undergraduate,3th Year,2006-04-08,G_S09126,ADDR_S09126
S09127,Tristan Natt,tristan natt,INST-031,Undergraduate,3th Year,2005-10-07,G_S09127,ADDR_S09127
S09128,Rudra Kothari,rudra kothari,INST-052,Undergraduate,1th Year,2008-08-27,G_S09128,ADDR_S09128
S09129,Timothy Koshy,timothy koshy,INST-039,Undergraduate,1th Year,2006-10-10,G_S09129,ADDR_S09129
S09130,Vasana Kaul,vasana kaul,INST-057,Undergraduate,1th Year,2008-04-14,G_S09130,ADDR_S09130
S09131,Harini Kothari,harini kothari,INST-048,Undergraduate,2th Year,2007-03-12,G_S09131,ADDR_S09131
S09132,Chandresh Golla,chandresh golla,INST-039,Undergraduate,4th Year,2005-06-22,G_S09132,ADDR_S09132
S09133,Pallavi Mukherjee,pallavi mukherjee,INST-033,Undergraduate,2th Year,2003-01-03,G_S09133,ADDR_S09133
S09134,Praneel Dua,praneel dua,INST-052,Undergraduate,3th Year,2004-05-25,G_S09134,ADDR_S09134
S09135,Vamakshi Kulkarni,vamakshi kulkarni,INST-018,Undergraduate,2th Year,2005-05-27,G_S09135,ADDR_S09135
S09136,Kavya Halder,kavya halder,INST-029,Undergraduate,4th Year,2005-07-11,G_S09136,ADDR_S09136
S09137,Nakul Bhakta,nakul bhakta,INST-056,Undergraduate,3th Year,2008-11-23,G_S09137,ADDR_S09137
S09138,Victor Palan,victor palan,INST-005,Undergraduate,2th Year,2005-11-04,G_S09138,ADDR_S09138
S09139,Ekiya  Bora,ekiya bora,INST-057,Undergraduate,3th Year,2005-05-20,G_S09139,ADDR_S09139
S09140,Chanakya Dass,chanakya dass,INST-030,Undergraduate,4th Year,2006-11-15,G_S09140,ADDR_S09140
S09141,Kevin Narain,kevin narain,INST-048,Undergraduate,2th Year,2008-08-05,G_S09141,ADDR_S09141
S09142,Ayush Sura,ayush sura,INST-013,Undergraduate,1th Year,2003-05-11,G_S09142,ADDR_S09142
S09143,Jasmit Parikh,jasmit parikh,INST-040,Undergraduate,2th Year,2006-04-08,G_S09143,ADDR_S09143
S09144,Wishi Bhagat,wishi bhagat,INST-011,Undergraduate,2th Year,2003-10-20,G_S09144,ADDR_S09144
S09145,Charles Mahajan,charles mahajan,INST-054,Undergraduate,2th Year,2004-05-09,G_S09145,ADDR_S09145
S09146,Max Mistry,max mistry,INST-008,Undergraduate,2th Year,2003-03-25,G_S09146,ADDR_S09146
S09147,Maya Mody,maya mody,INST-052,Undergraduate,3th Year,2007-11-09,G_S09147,ADDR_S09147
S09148,Farhan Dugar,farhan dugar,INST-022,Undergraduate,4th Year,2005-11-18,G_S09148,ADDR_S09148
S09149,Kashish Chahal,kashish chahal,INST-017,Undergraduate,2th Year,2005-03-27,G_S09149,ADDR_S09149
S09150,Ekani Kaul,ekani kaul,INST-004,Undergraduate,2th Year,2004-04-27,G_S09150,ADDR_S09150
S09151,Vedika Varughese,vedika varughese,INST-059,Undergraduate,2th Year,2004-03-26,G_S09151,ADDR_S09151
S09152,Gavin Krish,gavin krish,INST-007,Undergraduate,4th Year,2008-05-12,G_S09152,ADDR_S09152
S09153,Ansh Palla,ansh palla,INST-034,Undergraduate,2th Year,2008-09-10,G_S09153,ADDR_S09153
S09154,Dayita Kumar,dayita kumar,INST-053,Undergraduate,3th Year,2007-04-01,G_S09154,ADDR_S09154
S09155,Upma Choudhary,upma choudhary,INST-011,Undergraduate,3th Year,2004-07-21,G_S09155,ADDR_S09155
S09156,Widisha Murthy,widisha murthy,INST-052,Undergraduate,2th Year,2006-01-08,G_S09156,ADDR_S09156
S09157,Watika Dara,watika dara,INST-009,Undergraduate,4th Year,2003-07-07,G_S09157,ADDR_S09157
S09158,Rachana Kashyap,rachana kashyap,INST-029,Undergraduate,2th Year,2008-02-15,G_S09158,ADDR_S09158
S09159,Yutika Deep,yutika deep,INST-021,Undergraduate,2th Year,2004-10-14,G_S09159,ADDR_S09159
S09160,Nimrat Korpal,nimrat korpal,INST-008,Undergraduate,4th Year,2005-12-09,G_S09160,ADDR_S09160
S09161,Qushi Dara,qushi dara,INST-018,Undergraduate,4th Year,2007-07-02,G_S09161,ADDR_S09161
S09162,Krish Borde,krish borde,INST-027,Undergraduate,2th Year,2008-09-04,G_S09162,ADDR_S09162
S09163,Rachana Khanna,rachana khanna,INST-052,Undergraduate,1th Year,2003-10-28,G_S09163,ADDR_S09163
S09164,Karan Andra,karan andra,INST-042,Undergraduate,4th Year,2008-07-06,G_S09164,ADDR_S09164
S09165,Tara Sarin,tara sarin,INST-039,Undergraduate,3th Year,2007-11-23,G_S09165,ADDR_S09165
S09166,Dhriti Barman,dhriti barman,INST-042,Undergraduate,1th Year,2007-02-01,G_S09166,ADDR_S09166
S09167,Mitesh Bhakta,mitesh bhakta,INST-051,Undergraduate,2th Year,2006-04-08,G_S09167,ADDR_S09167
S09168,Lekha Tella,lekha tella,INST-060,Undergraduate,2th Year,2003-12-12,G_S09168,ADDR_S09168
S09169,Osha Sehgal,osha sehgal,INST-031,Undergraduate,3th Year,2007-08-23,G_S09169,ADDR_S09169
S09170,Faras Mohan,faras mohan,INST-057,Undergraduate,2th Year,2007-08-23,G_S09170,ADDR_S09170
S09171,Tanveer Sami,tanveer sami,INST-007,Undergraduate,1th Year,2003-10-23,G_S09171,ADDR_S09171
S09172,Yashasvi Basak,yashasvi basak,INST-008,Undergraduate,4th Year,2005-10-14,G_S09172,ADDR_S09172
S09173,Ikbal Basu,ikbal basu,INST-012,Undergraduate,2th Year,2004-09-10,G_S09173,ADDR_S09173
S09174,Bhavani Sahni,bhavani sahni,INST-026,Undergraduate,3th Year,2008-05-19,G_S09174,ADDR_S09174
S09175,Chandresh Kalita,chandresh kalita,INST-048,Undergraduate,1th Year,2003-03-04,G_S09175,ADDR_S09175
S09176,Vedika Varghese,vedika varghese,INST-014,Undergraduate,2th Year,2007-08-08,G_S09176,ADDR_S09176
S09177,Sarthak Barad,sarthak barad,INST-041,Undergraduate,2th Year,2004-10-06,G_S09177,ADDR_S09177
S09178,Mahika Contractor,mahika contractor,INST-054,Undergraduate,1th Year,2006-12-24,G_S09178,ADDR_S09178
S09179,Xavier Virk,xavier virk,INST-004,Undergraduate,2th Year,2005-02-27,G_S09179,ADDR_S09179
S09180,Nikita Trivedi,nikita trivedi,INST-020,Undergraduate,1th Year,2008-02-07,G_S09180,ADDR_S09180
S09181,Indira Chakrabarti,indira chakrabarti,INST-020,Undergraduate,1th Year,2007-11-24,G_S09181,ADDR_S09181
S09182,Osha Bath,osha bath,INST-060,Undergraduate,1th Year,2008-10-10,G_S09182,ADDR_S09182
S09183,Balendra Raj,balendra raj,INST-043,Undergraduate,3th Year,2005-07-19,G_S09183,ADDR_S09183
S09184,Mugdha Yadav,mugdha yadav,INST-026,Undergraduate,3th Year,2004-02-21,G_S09184,ADDR_S09184
S09185,Lajita Srinivas,lajita srinivas,INST-030,Undergraduate,2th Year,2004-08-07,G_S09185,ADDR_S09185
S09186,Bakhshi Arora,bakhshi arora,INST-055,Undergraduate,1th Year,2008-07-04,G_S09186,ADDR_S09186
S09187,Nachiket Sura,nachiket sura,INST-030,Undergraduate,4th Year,2005-01-18,G_S09187,ADDR_S09187
S09188,Aarav Choudhury,aarav choudhury,INST-060,Undergraduate,1th Year,2008-08-10,G_S09188,ADDR_S09188
S09189,Sara Dubey,sara dubey,INST-031,Undergraduate,1th Year,2008-07-10,G_S09189,ADDR_S09189
S09190,Tara Kade,tara kade,INST-015,Undergraduate,1th Year,2008-08-26,G_S09190,ADDR_S09190
S09191,Osha Mandal,osha mandal,INST-009,Undergraduate,4th Year,2005-11-17,G_S09191,ADDR_S09191
S09192,Unnati Varty,unnati varty,INST-037,Undergraduate,4th Year,2005-11-16,G_S09192,ADDR_S09192
S09193,Ayush Walla,ayush walla,INST-025,Undergraduate,4th Year,2003-07-24,G_S09193,ADDR_S09193
S09194,Chandran Ratta,chandran ratta,INST-022,Undergraduate,2th Year,2004-09-20,G_S09194,ADDR_S09194
S09195,Zinal Prabhu,zinal prabhu,INST-022,Undergraduate,4th Year,2007-11-01,G_S09195,ADDR_S09195
S09196,Aadhya Pal,aadhya pal,INST-045,Undergraduate,3th Year,2005-05-12,G_S09196,ADDR_S09196
S09197,Samarth Sabharwal,samarth sabharwal,INST-032,Undergraduate,2th Year,2007-11-17,G_S09197,ADDR_S09197
S09198,Fariq Lad,fariq lad,INST-038,Undergraduate,4th Year,2005-07-05,G_S09198,ADDR_S09198
S09199,Vasana Lall,vasana lall,INST-014,Undergraduate,3th Year,2004-12-14,G_S09199,ADDR_S09199
S09200,Radhika Raghavan,radhika raghavan,INST-049,Undergraduate,1th Year,2008-09-17,G_S09200,ADDR_S09200
S09201,Shivani Pradhan,shivani pradhan,INST-014,Undergraduate,3th Year,2007-02-14,G_S09201,ADDR_S09201
S09202,Geetika Swamy,geetika swamy,INST-029,Undergraduate,2th Year,2007-10-10,G_S09202,ADDR_S09202
S09203,Frado Sandal,frado sandal,INST-046,Undergraduate,1th Year,2007-07-05,G_S09203,ADDR_S09203
S09204,Irya Sankar,irya sankar,INST-032,Undergraduate,1th Year,2007-04-23,G_S09204,ADDR_S09204
S09205,Indali Pau,indali pau,INST-007,Undergraduate,1th Year,2004-04-23,G_S09205,ADDR_S09205
S09206,Sarthak Mitter,sarthak mitter,INST-002,Undergraduate,3th Year,2005-01-03,G_S09206,ADDR_S09206
S09207,Gaurav Thakur,gaurav thakur,INST-055,Undergraduate,1th Year,2004-08-05,G_S09207,ADDR_S09207
S09208,Reva Kadakia,reva kadakia,INST-020,Undergraduate,3th Year,2004-01-12,G_S09208,ADDR_S09208
S09209,Amol Bali,amol bali,INST-043,Undergraduate,2th Year,2004-01-01,G_S09209,ADDR_S09209
S09210,Ikshita Wadhwa,ikshita wadhwa,INST-019,Undergraduate,3th Year,2005-06-13,G_S09210,ADDR_S09210
S09211,Priya Narula,priya narula,INST-055,Undergraduate,3th Year,2007-08-23,G_S09211,ADDR_S09211
S09212,Wriddhish Singh,wriddhish singh,INST-001,Undergraduate,3th Year,2006-10-24,G_S09212,ADDR_S09212
S09213,Vasatika Khurana,vasatika khurana,INST-024,Undergraduate,2th Year,2005-09-28,G_S09213,ADDR_S09213
S09214,Ryan Chaudhary,ryan chaudhary,INST-004,Undergraduate,2th Year,2005-09-04,G_S09214,ADDR_S09214
S09215,Warhi Srivastava,warhi srivastava,INST-033,Undergraduate,3th Year,2006-04-28,G_S09215,ADDR_S09215
S09216,Naveen Sagar,naveen sagar,INST-006,Undergraduate,2th Year,2007-08-09,G_S09216,ADDR_S09216
S09217,Kamya Mandal,kamya mandal,INST-031,Undergraduate,2th Year,2004-04-28,G_S09217,ADDR_S09217
S09218,Mitesh Arora,mitesh arora,INST-045,Undergraduate,1th Year,2007-12-26,G_S09218,ADDR_S09218
S09219,Maanas Lala,maanas lala,INST-038,Undergraduate,2th Year,2007-02-24,G_S09219,ADDR_S09219
S09220,Lakshit Prasad,lakshit prasad,INST-035,Undergraduate,2th Year,2006-08-23,G_S09220,ADDR_S09220
S09221,Geetika Nagi,geetika nagi,INST-013,Undergraduate,4th Year,2008-01-21,G_S09221,ADDR_S09221
S09222,Dalbir Oommen,dalbir oommen,INST-039,Undergraduate,4th Year,2003-05-04,G_S09222,ADDR_S09222
S09223,Azad Tripathi,azad tripathi,INST-028,Undergraduate,4th Year,2005-03-23,G_S09223,ADDR_S09223
S09224,Sathvik Tandon,sathvik tandon,INST-020,Undergraduate,1th Year,2003-11-22,G_S09224,ADDR_S09224
S09225,Tara Khalsa,tara khalsa,INST-034,Undergraduate,2th Year,2007-02-06,G_S09225,ADDR_S09225
S09226,Krishna Mukherjee,krishna mukherjee,INST-050,Undergraduate,4th Year,2007-03-23,G_S09226,ADDR_S09226
S09227,Gunbir Ramanathan,gunbir ramanathan,INST-051,Undergraduate,1th Year,2008-11-10,G_S09227,ADDR_S09227
S09228,Agastya Jain,agastya jain,INST-044,Undergraduate,2th Year,2003-01-20,G_S09228,ADDR_S09228
S09229,Yuvraj Vora,yuvraj vora,INST-024,Undergraduate,2th Year,2008-02-03,G_S09229,ADDR_S09229
S09230,Daniel Bala,daniel bala,INST-020,Undergraduate,2th Year,2005-12-28,G_S09230,ADDR_S09230
S09231,Fariq Manne,fariq manne,INST-010,Undergraduate,3th Year,2007-09-14,G_S09231,ADDR_S09231
S09232,Dhriti Dugar,dhriti dugar,INST-058,Undergraduate,1th Year,2008-09-24,G_S09232,ADDR_S09232
S09233,Upkaar Badami,upkaar badami,INST-010,Undergraduate,3th Year,2008-04-05,G_S09233,ADDR_S09233
S09234,Arunima Cherian,arunima cherian,INST-040,Undergraduate,2th Year,2005-10-20,G_S09234,ADDR_S09234
S09235,Nitara Murthy,nitara murthy,INST-049,Undergraduate,3th Year,2003-01-25,G_S09235,ADDR_S09235
S09236,Odika Ram,odika ram,INST-019,Undergraduate,1th Year,2007-10-03,G_S09236,ADDR_S09236
S09237,Yauvani Taneja,yauvani taneja,INST-007,Undergraduate,2th Year,2008-01-24,G_S09237,ADDR_S09237
S09238,Jagrati Chaudhry,jagrati chaudhry,INST-056,Undergraduate,1th Year,2008-12-24,G_S09238,ADDR_S09238
S09239,Naksh  Dhillon,naksh dhillon,INST-040,Undergraduate,3th Year,2007-03-06,G_S09239,ADDR_S09239
S09240,Mohammed Sethi,mohammed sethi,INST-043,Undergraduate,4th Year,2008-06-06,G_S09240,ADDR_S09240
S09241,Netra Bhalla,netra bhalla,INST-029,Undergraduate,3th Year,2005-08-05,G_S09241,ADDR_S09241
S09242,Noah Datta,noah datta,INST-045,Undergraduate,2th Year,2003-09-14,G_S09242,ADDR_S09242
S09243,Baljiwan Dayal,baljiwan dayal,INST-001,Undergraduate,1th Year,2005-11-18,G_S09243,ADDR_S09243
S09244,Bhavini Barad,bhavini barad,INST-057,Undergraduate,1th Year,2005-02-28,G_S09244,ADDR_S09244
S09245,Lavanya Sidhu,lavanya sidhu,INST-010,Undergraduate,1th Year,2004-08-21,G_S09245,ADDR_S09245
S09246,Harsh Gour,harsh gour,INST-039,Undergraduate,4th Year,2003-03-22,G_S09246,ADDR_S09246
S09247,Farhan Pillay,farhan pillay,INST-016,Undergraduate,4th Year,2007-06-11,G_S09247,ADDR_S09247
S09248,Adweta Chaudry,adweta chaudry,INST-053,Undergraduate,1th Year,2006-10-14,G_S09248,ADDR_S09248
S09249,Yashica Arora,yashica arora,INST-015,Undergraduate,3th Year,2003-09-07,G_S09249,ADDR_S09249
S09250,Ekaraj Sachar,ekaraj sachar,INST-004,Undergraduate,4th Year,2003-05-15,G_S09250,ADDR_S09250
S09251,Raagini  Bassi,raagini bassi,INST-036,Undergraduate,2th Year,2006-02-28,G_S09251,ADDR_S09251
S09252,Pranit Kalla,pranit kalla,INST-029,Undergraduate,3th Year,2006-09-17,G_S09252,ADDR_S09252
S09253,Vinaya Vyas,vinaya vyas,INST-011,Undergraduate,4th Year,2003-08-05,G_S09253,ADDR_S09253
S09254,Anya Sunder,anya sunder,INST-040,Undergraduate,4th Year,2007-09-19,G_S09254,ADDR_S09254
S09255,Lakshmi Hari,lakshmi hari,INST-004,Undergraduate,4th Year,2004-09-05,G_S09255,ADDR_S09255
S09256,Fitan Narain,fitan narain,INST-022,Undergraduate,2th Year,2007-02-20,G_S09256,ADDR_S09256
S09257,Urvi Raman,urvi raman,INST-042,Undergraduate,2th Year,2007-08-09,G_S09257,ADDR_S09257
S09258,Baghyawati Mitter,baghyawati mitter,INST-012,Undergraduate,1th Year,2004-02-22,G_S09258,ADDR_S09258
S09259,Nachiket Aurora,nachiket aurora,INST-004,Undergraduate,2th Year,2005-02-15,G_S09259,ADDR_S09259
S09260,Nathaniel Lad,nathaniel lad,INST-054,Undergraduate,3th Year,2008-07-16,G_S09260,ADDR_S09260
S09261,Zayan Yadav,zayan yadav,INST-020,Undergraduate,3th Year,2003-11-28,G_S09261,ADDR_S09261
S09262,Rayaan Bobal,rayaan bobal,INST-050,Undergraduate,2th Year,2007-05-15,G_S09262,ADDR_S09262
S09263,Triya Keer,triya keer,INST-015,Undergraduate,1th Year,2005-04-10,G_S09263,ADDR_S09263
S09264,Faraj Mital,faraj mital,INST-035,Undergraduate,1th Year,2008-02-11,G_S09264,ADDR_S09264
S09265,Benjamin Kara,benjamin kara,INST-015,Undergraduate,4th Year,2003-05-28,G_S09265,ADDR_S09265
S09266,Imaran Walia,imaran walia,INST-003,Undergraduate,1th Year,2003-05-05,G_S09266,ADDR_S09266
S09267,Michael Rai,michael rai,INST-047,Undergraduate,3th Year,2006-01-03,G_S09267,ADDR_S09267
S09268,Jairaj Lall,jairaj lall,INST-017,Undergraduate,3th Year,2008-06-15,G_S09268,ADDR_S09268
S09269,Yuvraj Rege,yuvraj rege,INST-045,Undergraduate,2th Year,2005-01-09,G_S09269,ADDR_S09269
S09270,Leela Chada,leela chada,INST-005,Undergraduate,4th Year,2003-05-26,G_S09270,ADDR_S09270
S09271,Aishani Sha,aishani sha,INST-025,Undergraduate,1th Year,2006-11-27,G_S09271,ADDR_S09271
S09272,Yachana Dash,yachana dash,INST-012,Undergraduate,2th Year,2007-09-26,G_S09272,ADDR_S09272
S09273,Jeremiah Murty,jeremiah murty,INST-025,Undergraduate,1th Year,2004-12-25,G_S09273,ADDR_S09273
S09274,Luke Modi,luke modi,INST-028,Undergraduate,2th Year,2006-04-07,G_S09274,ADDR_S09274
S09275,Nimrat Kakar,nimrat kakar,INST-058,Undergraduate,2th Year,2003-01-19,G_S09275,ADDR_S09275
S09276,Dev Bath,dev bath,INST-059,Undergraduate,4th Year,2007-06-11,G_S09276,ADDR_S09276
S09277,Adweta Brar,adweta brar,INST-044,Undergraduate,1th Year,2008-09-18,G_S09277,ADDR_S09277
S09278,Girik Hora,girik hora,INST-002,Undergraduate,1th Year,2007-12-06,G_S09278,ADDR_S09278
S09279,Zaitra Chawla,zaitra chawla,INST-028,Undergraduate,4th Year,2008-06-13,G_S09279,ADDR_S09279
S09280,Hemang Muni,hemang muni,INST-012,Undergraduate,3th Year,2007-03-06,G_S09280,ADDR_S09280
S09281,Hema Chada,hema chada,INST-020,Undergraduate,4th Year,2006-01-04,G_S09281,ADDR_S09281
S09282,Naksh Murty,naksh murty,INST-055,Undergraduate,3th Year,2007-05-20,G_S09282,ADDR_S09282
S09283,Sai Agate,sai agate,INST-023,Undergraduate,1th Year,2005-05-04,G_S09283,ADDR_S09283
S09284,DEVIKA SESHADRI,devika seshadri,INST-054,Undergraduate,3th Year,2007-10-24,G_S09284,ADDR_S09284
S09285,Yadavi Patel,yadavi patel,INST-034,Undergraduate,1th Year,2003-10-27,G_S09285,ADDR_S09285
S09286,Aarav Maharaj,aarav maharaj,INST-006,Undergraduate,3th Year,2004-12-27,G_S09286,ADDR_S09286
S09287,Libni Setty,libni setty,INST-001,Undergraduate,3th Year,2008-06-07,G_S09287,ADDR_S09287
S09288,Chaman Thakur,chaman thakur,INST-043,Undergraduate,3th Year,2007-11-27,G_S09288,ADDR_S09288
S09289,Simon Biswas,simon biswas,INST-013,Undergraduate,1th Year,2005-07-14,G_S09289,ADDR_S09289
S09290,Rudra Cheema,rudra cheema,INST-039,Undergraduate,3th Year,2003-07-10,G_S09290,ADDR_S09290
S09291,Irya Ramakrishnan,irya ramakrishnan,INST-032,Undergraduate,4th Year,2008-03-26,G_S09291,ADDR_S09291
S09292,Divya Som,divya som,INST-037,Undergraduate,4th Year,2006-07-12,G_S09292,ADDR_S09292
S09293,Michael Shankar,michael shankar,INST-024,Undergraduate,4th Year,2008-08-07,G_S09293,ADDR_S09293
S09294,Urmi Luthra,urmi luthra,INST-001,Undergraduate,3th Year,2004-07-12,G_S09294,ADDR_S09294
S09295,Suhani Loyal,suhani loyal,INST-039,Undergraduate,4th Year,2003-12-05,G_S09295,ADDR_S09295
S09296,Tristan Kala,tristan kala,INST-020,Undergraduate,2th Year,2008-04-14,G_S09296,ADDR_S09296
S09297,Alka Kuruvilla,alka kuruvilla,INST-046,Undergraduate,4th Year,2007-08-07,G_S09297,ADDR_S09297
S09298,Aarush Karpe,aarush karpe,INST-019,Undergraduate,2th Year,2005-03-17,G_S09298,ADDR_S09298
S09299,Hredhaan Karnik,hredhaan karnik,INST-020,Undergraduate,4th Year,2005-03-16,G_S09299,ADDR_S09299
S09300,Bhavya Chakraborty,bhavya chakraborty,INST-010,Undergraduate,1th Year,2003-02-16,G_S09300,ADDR_S09300
S09301,Nidhi Mital,nidhi mital,INST-026,Undergraduate,3th Year,2006-11-21,G_S09301,ADDR_S09301
S09302,Aayush Rajan,aayush rajan,INST-024,Undergraduate,3th Year,2006-10-15,G_S09302,ADDR_S09302
S09303,Udarsh Ganesh,udarsh ganesh,INST-004,Undergraduate,1th Year,2004-08-07,G_S09303,ADDR_S09303
S09304,Shravya Panchal,shravya panchal,INST-027,Undergraduate,2th Year,2005-06-18,G_S09304,ADDR_S09304
S09305,Dhruv Bath,dhruv bath,INST-059,Undergraduate,2th Year,2008-02-04,G_S09305,ADDR_S09305
S09306,Vrinda Ranganathan,vrinda ranganathan,INST-057,Undergraduate,4th Year,2006-12-19,G_S09306,ADDR_S09306
S09307,Gagan Bansal,gagan bansal,INST-030,Undergraduate,1th Year,2005-01-07,G_S09307,ADDR_S09307
S09308,Avi Walla,avi walla,INST-016,Undergraduate,2th Year,2003-10-24,G_S09308,ADDR_S09308
S09309,Gaurangi Merchant,gaurangi merchant,INST-030,Undergraduate,3th Year,2006-10-08,G_S09309,ADDR_S09309
S09310,Girindra Gandhi,girindra gandhi,INST-058,Undergraduate,1th Year,2008-08-17,G_S09310,ADDR_S09310
S09311,Upkaar Randhawa,upkaar randhawa,INST-033,Undergraduate,2th Year,2003-11-01,G_S09311,ADDR_S09311
S09312,Lipika Mani,lipika mani,INST-055,Undergraduate,1th Year,2008-07-24,G_S09312,ADDR_S09312
S09313,Darsh Mand,darsh mand,INST-031,Undergraduate,1th Year,2003-01-23,G_S09313,ADDR_S09313
S09314,Bina Verma,bina verma,INST-011,Undergraduate,3th Year,2005-12-04,G_S09314,ADDR_S09314
S09315,Ucchal  Mital,ucchal mital,INST-045,Undergraduate,3th Year,2007-11-18,G_S09315,ADDR_S09315
S09316,Zilmil Magar,zilmil magar,INST-039,Undergraduate,3th Year,2006-08-19,G_S09316,ADDR_S09316
S09317,Zansi Boase,zansi boase,INST-036,Undergraduate,4th Year,2006-03-25,G_S09317,ADDR_S09317
S09318,Advik Koshy,advik koshy,INST-025,Undergraduate,4th Year,2007-10-04,G_S09318,ADDR_S09318
S09319,Hredhaan Bakshi,hredhaan bakshi,INST-044,Undergraduate,3th Year,2003-02-18,G_S09319,ADDR_S09319
S09320,Tamanna Sidhu,tamanna sidhu,INST-005,Undergraduate,2th Year,2007-09-13,G_S09320,ADDR_S09320
S09321,Ekbal Saxena,ekbal saxena,INST-035,Undergraduate,4th Year,2007-09-15,G_S09321,ADDR_S09321
S09322,Tristan Srivastava,tristan srivastava,INST-023,Undergraduate,1th Year,2004-08-21,G_S09322,ADDR_S09322
S09323,Dayita Hora,dayita hora,INST-054,Undergraduate,3th Year,2007-01-09,G_S09323,ADDR_S09323
S09324,Balhaar Sawhney,balhaar sawhney,INST-009,Undergraduate,1th Year,2008-06-23,G_S09324,ADDR_S09324
S09325,Indrajit Borah,indrajit borah,INST-058,Undergraduate,3th Year,2008-09-19,G_S09325,ADDR_S09325
S09326,Hredhaan Sampath,hredhaan sampath,INST-058,Undergraduate,1th Year,2008-08-20,G_S09326,ADDR_S09326
S09327,Balhaar Mall,balhaar mall,INST-045,Undergraduate,3th Year,2007-12-07,G_S09327,ADDR_S09327
S09328,Onkar Chander,onkar chander,INST-041,Undergraduate,3th Year,2003-07-16,G_S09328,ADDR_S09328
S09329,Bhavini Memon,bhavini memon,INST-036,Undergraduate,4th Year,2007-07-17,G_S09329,ADDR_S09329
S09330,Ishanvi Natt,ishanvi natt,INST-032,Undergraduate,3th Year,2004-08-05,G_S09330,ADDR_S09330
S09331,Sara Mammen,sara mammen,INST-059,Undergraduate,4th Year,2004-08-04,G_S09331,ADDR_S09331
S09332,Vincent Kaul,vincent kaul,INST-053,Undergraduate,4th Year,2003-04-21,G_S09332,ADDR_S09332
S09333,Niharika Oommen,niharika oommen,INST-019,Undergraduate,3th Year,2004-01-24,G_S09333,ADDR_S09333
S09334,Neel Karnik,neel karnik,INST-053,Undergraduate,4th Year,2003-07-22,G_S09334,ADDR_S09334
S09335,Varsha Bala,varsha bala,INST-054,Undergraduate,2th Year,2007-10-26,G_S09335,ADDR_S09335
S09336,Vivaan Parsa,vivaan parsa,INST-024,Undergraduate,2th Year,2004-11-09,G_S09336,ADDR_S09336
S09337,Aarav Bhakta,aarav bhakta,INST-054,Undergraduate,2th Year,2005-08-04,G_S09337,ADDR_S09337
S09338,Pranit Rajagopalan,pranit rajagopalan,INST-033,Undergraduate,2th Year,2004-02-03,G_S09338,ADDR_S09338
S09339,Ijaya Kala,ijaya kala,INST-030,Undergraduate,4th Year,2008-10-14,G_S09339,ADDR_S09339
S09340,Isaac Sridhar,isaac sridhar,INST-012,Undergraduate,4th Year,2006-04-15,G_S09340,ADDR_S09340
S09341,Warinder Chawla,warinder chawla,INST-003,Undergraduate,2th Year,2008-08-18,G_S09341,ADDR_S09341
S09342,Tarak Mitter,tarak mitter,INST-054,Undergraduate,2th Year,2008-07-24,G_S09342,ADDR_S09342
S09343,Mohammed Mahajan,mohammed mahajan,INST-045,Undergraduate,3th Year,2005-09-27,G_S09343,ADDR_S09343
S09344,Max Hayre,max hayre,INST-018,Undergraduate,4th Year,2008-02-01,G_S09344,ADDR_S09344
S09345,Krisha Narayan,krisha narayan,INST-041,Undergraduate,1th Year,2007-05-16,G_S09345,ADDR_S09345
S09346,Mitesh Srinivas,mitesh srinivas,INST-046,Undergraduate,2th Year,2004-12-11,G_S09346,ADDR_S09346
S09347,Sudiksha Chanda,sudiksha chanda,INST-033,Undergraduate,1th Year,2004-11-10,G_S09347,ADDR_S09347
S09348,Farhan Khurana,farhan khurana,INST-017,Undergraduate,3th Year,2007-12-02,G_S09348,ADDR_S09348
S09349,Sai Dash,sai dash,INST-013,Undergraduate,4th Year,2008-09-01,G_S09349,ADDR_S09349
S09350,Madhavi Sarraf,madhavi sarraf,INST-016,Undergraduate,3th Year,2005-11-23,G_S09350,ADDR_S09350
S09351,Qushi  Ahuja,qushi ahuja,INST-050,Undergraduate,2th Year,2007-12-17,G_S09351,ADDR_S09351
S09352,Januja Chaudhuri,januja chaudhuri,INST-022,Undergraduate,4th Year,2005-02-09,G_S09352,ADDR_S09352
S09353,Veer Nagarajan,veer nagarajan,INST-043,Undergraduate,1th Year,2003-11-06,G_S09353,ADDR_S09353
S09354,Jeremiah Dani,jeremiah dani,INST-048,Undergraduate,4th Year,2007-07-21,G_S09354,ADDR_S09354
S09355,Lipika Deshpande,lipika deshpande,INST-009,Undergraduate,2th Year,2004-12-17,G_S09355,ADDR_S09355
S09356,Aryan Ramaswamy,aryan ramaswamy,INST-009,Undergraduate,3th Year,2004-12-01,G_S09356,ADDR_S09356
S09357,Kamala Lall,kamala lall,INST-014,Undergraduate,2th Year,2007-09-05,G_S09357,ADDR_S09357
S09358,Chasmum Rattan,chasmum rattan,INST-051,Undergraduate,4th Year,2006-10-13,G_S09358,ADDR_S09358
S09359,Sara Aurora,sara aurora,INST-015,Undergraduate,4th Year,2003-01-02,G_S09359,ADDR_S09359
S09360,Chaman Narang,chaman narang,INST-060,Undergraduate,3th Year,2004-12-10,G_S09360,ADDR_S09360
S09361,Vedika Ahluwalia,vedika ahluwalia,INST-027,Undergraduate,2th Year,2008-04-11,G_S09361,ADDR_S09361
S09362,Wazir Krishna,wazir krishna,INST-027,Undergraduate,2th Year,2007-09-22,G_S09362,ADDR_S09362
S09363,Vaishnavi Chaudhary,vaishnavi chaudhary,INST-007,Undergraduate,1th Year,2008-03-23,G_S09363,ADDR_S09363
S09364,Mitali Dora,mitali dora,INST-010,Undergraduate,4th Year,2008-08-14,G_S09364,ADDR_S09364
S09365,Ekanta Date,ekanta date,INST-048,Undergraduate,1th Year,2007-03-26,G_S09365,ADDR_S09365
S09366,Forum Bajwa,forum bajwa,INST-050,Undergraduate,1th Year,2008-11-08,G_S09366,ADDR_S09366
S09367,Lopa Bera,lopa bera,INST-050,Undergraduate,2th Year,2007-12-05,G_S09367,ADDR_S09367
S09368,Chanakya Buch,chanakya buch,INST-050,Undergraduate,4th Year,2006-02-05,G_S09368,ADDR_S09368
S09369,Christopher Chacko,christopher chacko,INST-014,Undergraduate,1th Year,2005-12-27,G_S09369,ADDR_S09369
S09370,Panini Borah,panini borah,INST-040,Undergraduate,3th Year,2008-09-15,G_S09370,ADDR_S09370
S09371,Ekavir Sharaf,ekavir sharaf,INST-008,Undergraduate,3th Year,2004-12-17,G_S09371,ADDR_S09371
S09372,Aarna Krishnan,aarna krishnan,INST-048,Undergraduate,3th Year,2007-11-25,G_S09372,ADDR_S09372
S09373,Liam Chahal,liam chahal,INST-041,Undergraduate,2th Year,2004-05-10,G_S09373,ADDR_S09373
S09374,Aarav Batta,aarav batta,INST-005,Undergraduate,3th Year,2006-01-03,G_S09374,ADDR_S09374
S09375,Reyansh Wali,reyansh wali,INST-016,Undergraduate,1th Year,2008-11-04,G_S09375,ADDR_S09375
S09376,Keya Behl,keya behl,INST-010,Undergraduate,3th Year,2005-07-15,G_S09376,ADDR_S09376
S09377,Vanya Datta,vanya datta,INST-041,Undergraduate,2th Year,2003-03-04,G_S09377,ADDR_S09377
S09378,Tejas Borah,tejas borah,INST-011,Undergraduate,2th Year,2007-06-17,G_S09378,ADDR_S09378
S09379,Aishani Lala,aishani lala,INST-010,Undergraduate,3th Year,2003-03-13,G_S09379,ADDR_S09379
S09380,Wakeeta Shukla,wakeeta shukla,INST-027,Undergraduate,2th Year,2004-09-05,G_S09380,ADDR_S09380
S09381,Nitara Patil,nitara patil,INST-032,Undergraduate,2th Year,2004-06-23,G_S09381,ADDR_S09381
S09382,Oni Boase,oni boase,INST-047,Undergraduate,3th Year,2006-10-11,G_S09382,ADDR_S09382
S09383,Jonathan Bora,jonathan bora,INST-025,Undergraduate,4th Year,2008-09-24,G_S09383,ADDR_S09383
S09384,Logan Bail,logan bail,INST-057,Undergraduate,4th Year,2008-03-08,G_S09384,ADDR_S09384
S09385,Tanay Bumb,tanay bumb,INST-056,Undergraduate,3th Year,2007-01-23,G_S09385,ADDR_S09385
S09386,Bhavna Dara,bhavna dara,INST-004,Undergraduate,4th Year,2008-03-07,G_S09386,ADDR_S09386
S09387,Leena Bhatnagar,leena bhatnagar,INST-050,Undergraduate,4th Year,2007-05-13,G_S09387,ADDR_S09387
S09388,Ayush Dugal,ayush dugal,INST-018,Undergraduate,3th Year,2006-01-21,G_S09388,ADDR_S09388
S09389,Odika Lala,odika lala,INST-058,Undergraduate,1th Year,2005-03-09,G_S09389,ADDR_S09389
S09390,Rajata Khare,rajata khare,INST-049,Undergraduate,1th Year,2006-12-21,G_S09390,ADDR_S09390
S09391,Yashawini Gulati,yashawini gulati,INST-051,Undergraduate,2th Year,2007-07-02,G_S09391,ADDR_S09391
S09392,Dominic Sachdev,dominic sachdev,INST-049,Undergraduate,2th Year,2003-02-18,G_S09392,ADDR_S09392
S09393,Radha Mahal,radha mahal,INST-003,Undergraduate,4th Year,2004-05-22,G_S09393,ADDR_S09393
S09394,Yagnesh Din,yagnesh din,INST-048,Undergraduate,2th Year,2005-08-22,G_S09394,ADDR_S09394
S09395,Ekansh Kari,ekansh kari,INST-057,Undergraduate,1th Year,2006-10-06,G_S09395,ADDR_S09395
S09396,Hemal Dey,hemal dey,INST-049,Undergraduate,1th Year,2008-09-12,G_S09396,ADDR_S09396
S09397,Neelima Sha,neelima sha,INST-032,Undergraduate,1th Year,2004-08-03,G_S09397,ADDR_S09397
S09398,Parth Rai,parth rai,INST-058,Undergraduate,4th Year,2008-06-23,G_S09398,ADDR_S09398
S09399,Triya Lad,triya lad,INST-055,Undergraduate,3th Year,2006-05-10,G_S09399,ADDR_S09399
S09400,Noah Grewal,noah grewal,INST-044,Undergraduate,3th Year,2005-06-12,G_S09400,ADDR_S09400
S09401,Qasim Sachdeva,qasim sachdeva,INST-012,Undergraduate,1th Year,2003-09-21,G_S09401,ADDR_S09401
S09402,Aarna Mitra,aarna mitra,INST-047,Undergraduate,4th Year,2003-08-01,G_S09402,ADDR_S09402
S09403,Yuvraj Sanghvi,yuvraj sanghvi,INST-009,Undergraduate,3th Year,2005-06-22,G_S09403,ADDR_S09403
S09404,Yashica Chowdhury,yashica chowdhury,INST-006,Undergraduate,3th Year,2005-09-07,G_S09404,ADDR_S09404
S09405,Falan More,falan more,INST-024,Undergraduate,4th Year,2003-11-05,G_S09405,ADDR_S09405
S09406,Timothy Batra,timothy batra,INST-025,Undergraduate,3th Year,2003-08-24,G_S09406,ADDR_S09406
S09407,Aarini Bajwa,aarini bajwa,INST-009,Undergraduate,2th Year,2005-07-11,G_S09407,ADDR_S09407
S09408,Ekani Tata,ekani tata,INST-056,Undergraduate,4th Year,2008-09-26,G_S09408,ADDR_S09408
S09409,Frederick Nath,frederick nath,INST-042,Undergraduate,3th Year,2004-08-08,G_S09409,ADDR_S09409
S09410,Ijaya Bhalla,ijaya bhalla,INST-035,Undergraduate,1th Year,2007-05-19,G_S09410,ADDR_S09410
S09411,Ojas Subramaniam,ojas subramaniam,INST-041,Undergraduate,3th Year,2007-09-14,G_S09411,ADDR_S09411
S09412,Charles Garg,charles garg,INST-054,Undergraduate,2th Year,2004-08-12,G_S09412,ADDR_S09412
S09413,Guneet Doshi,guneet doshi,INST-018,Undergraduate,3th Year,2004-08-28,G_S09413,ADDR_S09413
S09414,Amaira Ramakrishnan,amaira ramakrishnan,INST-044,Undergraduate,1th Year,2007-12-22,G_S09414,ADDR_S09414
S09415,Upadhriti Ganguly,upadhriti ganguly,INST-056,Undergraduate,1th Year,2004-05-21,G_S09415,ADDR_S09415
S09416,Nitara Gokhale,nitara gokhale,INST-012,Undergraduate,3th Year,2007-10-23,G_S09416,ADDR_S09416
S09417,Megha Bajaj,megha bajaj,INST-006,Undergraduate,3th Year,2007-11-17,G_S09417,ADDR_S09417
S09418,Madhav Gupta,madhav gupta,INST-009,Undergraduate,2th Year,2003-10-13,G_S09418,ADDR_S09418
S09419,Yashoda Mishra,yashoda mishra,INST-057,Undergraduate,2th Year,2006-02-18,G_S09419,ADDR_S09419
S09420,Abeer Gill,abeer gill,INST-020,Undergraduate,4th Year,2005-01-16,G_S09420,ADDR_S09420
S09421,Hemangini Suri,hemangini suri,INST-005,Undergraduate,1th Year,2005-02-03,G_S09421,ADDR_S09421
S09422,Utkarsh Shah,utkarsh shah,INST-040,Undergraduate,3th Year,2005-01-13,G_S09422,ADDR_S09422
S09423,Jagrati Suresh,jagrati suresh,INST-026,Undergraduate,4th Year,2008-10-13,G_S09423,ADDR_S09423
S09424,Hiral  Bir,hiral bir,INST-041,Undergraduate,2th Year,2008-11-20,G_S09424,ADDR_S09424
S09425,Aachal Seth,aachal seth,INST-010,Undergraduate,1th Year,2004-01-23,G_S09425,ADDR_S09425
S09426,Frederick Borah,frederick borah,INST-030,Undergraduate,3th Year,2004-05-07,G_S09426,ADDR_S09426
S09427,Varenya Kalita,varenya kalita,INST-016,Undergraduate,4th Year,2003-11-07,G_S09427,ADDR_S09427
S09428,Tamanna Arora,tamanna arora,INST-059,Undergraduate,1th Year,2007-04-11,G_S09428,ADDR_S09428
S09429,Pavani Divan,pavani divan,INST-046,Undergraduate,4th Year,2008-10-23,G_S09429,ADDR_S09429
S09430,Maya Sheth,maya sheth,INST-023,Undergraduate,3th Year,2003-01-15,G_S09430,ADDR_S09430
S09431,Hemang Chauhan,hemang chauhan,INST-024,Undergraduate,2th Year,2008-11-19,G_S09431,ADDR_S09431
S09432,Janya Manne,janya manne,INST-009,Undergraduate,2th Year,2008-05-06,G_S09432,ADDR_S09432
S09433,Samesh Johal,samesh johal,INST-042,Undergraduate,3th Year,2006-02-15,G_S09433,ADDR_S09433
S09434,Akshay Basak,akshay basak,INST-058,Undergraduate,2th Year,2007-11-21,G_S09434,ADDR_S09434
S09435,Mitali Krish,mitali krish,INST-049,Undergraduate,2th Year,2007-02-17,G_S09435,ADDR_S09435
S09436,Yashoda Dhingra,yashoda dhingra,INST-058,Undergraduate,1th Year,2007-06-26,G_S09436,ADDR_S09436
S09437,Zayyan Dewan,zayyan dewan,INST-016,Undergraduate,1th Year,2005-11-16,G_S09437,ADDR_S09437
S09438,Udant Garg,udant garg,INST-042,Undergraduate,2th Year,2007-09-03,G_S09438,ADDR_S09438
S09439,Balveer Sodhi,balveer sodhi,INST-046,Undergraduate,1th Year,2003-12-17,G_S09439,ADDR_S09439
S09440,Fiyaz Garg,fiyaz garg,INST-022,Undergraduate,1th Year,2006-11-25,G_S09440,ADDR_S09440
S09441,Victor Sane,victor sane,INST-052,Undergraduate,2th Year,2004-09-25,G_S09441,ADDR_S09441
S09442,Bina Palla,bina palla,INST-001,Undergraduate,4th Year,2004-12-05,G_S09442,ADDR_S09442
S09443,Qarin Agate,qarin agate,INST-028,Undergraduate,2th Year,2006-12-16,G_S09443,ADDR_S09443
S09444,Kiaan Ahuja,kiaan ahuja,INST-052,Undergraduate,3th Year,2004-12-05,G_S09444,ADDR_S09444
S09445,Saumya Bajaj,saumya bajaj,INST-059,Undergraduate,3th Year,2008-09-12,G_S09445,ADDR_S09445
S09446,Lakshit Singhal,lakshit singhal,INST-052,Undergraduate,1th Year,2004-01-21,G_S09446,ADDR_S09446
S09447,Ekaraj Sarkar,ekaraj sarkar,INST-010,Undergraduate,1th Year,2008-05-02,G_S09447,ADDR_S09447
S09448,Vrishti Sani,vrishti sani,INST-033,Undergraduate,1th Year,2005-07-24,G_S09448,ADDR_S09448
S09449,Meghana Narain,meghana narain,INST-057,Undergraduate,3th Year,2005-01-26,G_S09449,ADDR_S09449
S09450,Naksh Narang,naksh narang,INST-043,Undergraduate,3th Year,2006-11-04,G_S09450,ADDR_S09450
S09451,Garima Chand,garima chand,INST-042,Undergraduate,4th Year,2004-11-11,G_S09451,ADDR_S09451
S09452,Andrew Patla,andrew patla,INST-005,Undergraduate,3th Year,2005-06-26,G_S09452,ADDR_S09452
S09453,Bachittar Varghese,bachittar varghese,INST-050,Undergraduate,4th Year,2008-04-15,G_S09453,ADDR_S09453
S09454,Chavvi Yogi,chavvi yogi,INST-048,Undergraduate,1th Year,2004-08-27,G_S09454,ADDR_S09454
S09455,Kabir Dave,kabir dave,INST-004,Undergraduate,2th Year,2008-11-18,G_S09455,ADDR_S09455
S09456,Oscar Johal,oscar johal,INST-058,Undergraduate,4th Year,2005-06-06,G_S09456,ADDR_S09456
S09457,Agastya Kadakia,agastya kadakia,INST-032,Undergraduate,2th Year,2007-04-27,G_S09457,ADDR_S09457
S09458,Advaith Seth,advaith seth,INST-052,Undergraduate,1th Year,2008-02-03,G_S09458,ADDR_S09458
S09459,Kai Khosla,kai khosla,INST-025,Undergraduate,3th Year,2004-01-28,G_S09459,ADDR_S09459
S09460,Balvan Dube,balvan dube,INST-045,Undergraduate,3th Year,2004-05-10,G_S09460,ADDR_S09460
S09461,Aarnav Gupta,aarnav gupta,INST-032,Undergraduate,1th Year,2005-11-23,G_S09461,ADDR_S09461
S09462,Lucky Maharaj,lucky maharaj,INST-042,Undergraduate,2th Year,2003-02-06,G_S09462,ADDR_S09462
S09463,Tanmayi Narayanan,tanmayi narayanan,INST-008,Undergraduate,3th Year,2004-10-13,G_S09463,ADDR_S09463
S09464,Ishwar Saran,ishwar saran,INST-035,Undergraduate,3th Year,2004-04-09,G_S09464,ADDR_S09464
S09465,Ayushman Choudhury,ayushman choudhury,INST-027,Undergraduate,1th Year,2004-03-01,G_S09465,ADDR_S09465
S09466,Meghana Kant,meghana kant,INST-055,Undergraduate,3th Year,2007-01-09,G_S09466,ADDR_S09466
S09467,Pahal Sandhu,pahal sandhu,INST-019,Undergraduate,2th Year,2007-01-27,G_S09467,ADDR_S09467
S09468,Urishilla Mody,urishilla mody,INST-012,Undergraduate,1th Year,2007-02-05,G_S09468,ADDR_S09468
S09469,Yuvraj Jhaveri,yuvraj jhaveri,INST-035,Undergraduate,2th Year,2004-09-02,G_S09469,ADDR_S09469
S09470,Aachal Prakash,aachal prakash,INST-027,Undergraduate,3th Year,2008-06-07,G_S09470,ADDR_S09470
S09471,Zayyan Bhatt,zayyan bhatt,INST-026,Undergraduate,1th Year,2005-04-24,G_S09471,ADDR_S09471
S09472,Lopa Chaudhary,lopa chaudhary,INST-058,Undergraduate,3th Year,2005-10-20,G_S09472,ADDR_S09472
S09473,Mahika Lalla,mahika lalla,INST-043,Undergraduate,4th Year,2007-11-27,G_S09473,ADDR_S09473
S09474,Aayush Balasubramanian,aayush balasubramanian,INST-043,Undergraduate,3th Year,2006-08-07,G_S09474,ADDR_S09474
S09475,Bina Narula,bina narula,INST-020,Undergraduate,2th Year,2005-12-08,G_S09475,ADDR_S09475
S09476,Harish Narayan,harish narayan,INST-014,Undergraduate,3th Year,2008-10-26,G_S09476,ADDR_S09476
S09477,VRISHTI RAY,vrishti ray,INST-045,Undergraduate,1th Year,2006-02-19,G_S09477,ADDR_S09477
S09478,Luke Sachar,luke sachar,INST-021,Undergraduate,2th Year,2008-02-11,G_S09478,ADDR_S09478
S09479,Zaitra Aggarwal,zaitra aggarwal,INST-001,Undergraduate,2th Year,2004-08-22,G_S09479,ADDR_S09479
S09480,Chakrika Char,chakrika char,INST-045,Undergraduate,4th Year,2005-07-15,G_S09480,ADDR_S09480
S09481,Jagrati Ahuja,jagrati ahuja,INST-026,Undergraduate,3th Year,2008-01-08,G_S09481,ADDR_S09481
S09482,Andrew Reddy,andrew reddy,INST-033,Undergraduate,2th Year,2008-03-05,G_S09482,ADDR_S09482
S09483,Hardik Hayer,hardik hayer,INST-006,Undergraduate,3th Year,2008-12-16,G_S09483,ADDR_S09483
S09484,Forum Gaba,forum gaba,INST-025,Undergraduate,4th Year,2007-09-28,G_S09484,ADDR_S09484
S09485,Kashish Dutta,kashish dutta,INST-012,Undergraduate,1th Year,2003-05-06,G_S09485,ADDR_S09485
S09486,Nicholas Deol,nicholas deol,INST-047,Undergraduate,4th Year,2003-12-21,G_S09486,ADDR_S09486
S09487,Ekta Thakur,ekta thakur,INST-060,Undergraduate,2th Year,2006-08-08,G_S09487,ADDR_S09487
S09488,Tamanna Saxena,tamanna saxena,INST-028,Undergraduate,4th Year,2007-08-24,G_S09488,ADDR_S09488
S09489,Wahab Palla,wahab palla,INST-047,Undergraduate,2th Year,2004-03-03,G_S09489,ADDR_S09489
S09490,Dakshesh  Mohan,dakshesh mohan,INST-010,Undergraduate,4th Year,2005-04-01,G_S09490,ADDR_S09490
S09491,Nidhi Ghosh,nidhi ghosh,INST-005,Undergraduate,1th Year,2005-01-06,G_S09491,ADDR_S09491
S09492,Rushil Patla,rushil patla,INST-045,Undergraduate,3th Year,2005-07-21,G_S09492,ADDR_S09492
S09493,Hredhaan Chahal,hredhaan chahal,INST-045,Undergraduate,3th Year,2005-03-25,G_S09493,ADDR_S09493
S09494,Forum Dutt,forum dutt,INST-057,Undergraduate,3th Year,2005-05-17,G_S09494,ADDR_S09494
S09495,Ekaja Toor,ekaja toor,INST-005,Undergraduate,1th Year,2006-11-01,G_S09495,ADDR_S09495
S09496,Pratyush Sheth,pratyush sheth,INST-004,Undergraduate,3th Year,2005-03-28,G_S09496,ADDR_S09496
S09497,Peter Ratti,peter ratti,INST-048,Undergraduate,3th Year,2004-08-09,G_S09497,ADDR_S09497
S09498,Timothy Butala,timothy butala,INST-056,Undergraduate,3th Year,2004-06-24,G_S09498,ADDR_S09498
S09499,Anya Wali,anya wali,INST-054,Undergraduate,4th Year,2007-04-03,G_S09499,ADDR_S09499
S09500,Wazir Bahri,wazir bahri,INST-040,Undergraduate,4th Year,2004-08-05,G_S09500,ADDR_S09500
S09501,Jagrati Walla,jagrati walla,INST-028,Undergraduate,4th Year,2003-11-19,G_S09501,ADDR_S09501
S09502,Urishilla Dalal,urishilla dalal,INST-041,Undergraduate,3th Year,2007-08-28,G_S09502,ADDR_S09502
S09503,Ekansh More,ekansh more,INST-012,Undergraduate,2th Year,2007-08-17,G_S09503,ADDR_S09503
S09504,Pranav Kannan,pranav kannan,INST-006,Undergraduate,3th Year,2005-06-08,G_S09504,ADDR_S09504
S09505,Falguni Merchant,falguni merchant,INST-010,Undergraduate,4th Year,2008-11-22,G_S09505,ADDR_S09505
S09506,Pratyush  Bath,pratyush bath,INST-031,Undergraduate,1th Year,2005-09-11,G_S09506,ADDR_S09506
S09507,Ira Ray,ira ray,INST-038,Undergraduate,3th Year,2007-02-14,G_S09507,ADDR_S09507
S09508,Ekani Saxena,ekani saxena,INST-047,Undergraduate,1th Year,2007-11-16,G_S09508,ADDR_S09508
S09509,Gaurang Chhabra,gaurang chhabra,INST-007,Undergraduate,1th Year,2003-01-04,G_S09509,ADDR_S09509
S09510,Saumya Kapoor,saumya kapoor,INST-044,Undergraduate,1th Year,2005-11-05,G_S09510,ADDR_S09510
S09511,Dalaja Narula,dalaja narula,INST-009,Undergraduate,1th Year,2004-02-15,G_S09511,ADDR_S09511
S09512,Nisha Dhar,nisha dhar,INST-019,Undergraduate,2th Year,2008-12-05,G_S09512,ADDR_S09512
S09513,Zashil Nair,zashil nair,INST-005,Undergraduate,4th Year,2005-02-19,G_S09513,ADDR_S09513
S09514,Gagan Ramachandran,gagan ramachandran,INST-001,Undergraduate,3th Year,2007-06-20,G_S09514,ADDR_S09514
S09515,Ishanvi Wali,ishanvi wali,INST-031,Undergraduate,1th Year,2007-07-19,G_S09515,ADDR_S09515
S09516,Balvan Chopra,balvan chopra,INST-029,Undergraduate,3th Year,2008-02-03,G_S09516,ADDR_S09516
S09517,Oliver Golla,oliver golla,INST-038,Undergraduate,4th Year,2008-10-03,G_S09517,ADDR_S09517
S09518,Samesh Jaggi,samesh jaggi,INST-050,Undergraduate,4th Year,2006-11-08,G_S09518,ADDR_S09518
S09519,Keya Bhat,keya bhat,INST-050,Undergraduate,3th Year,2004-04-03,G_S09519,ADDR_S09519
S09520,Yoshita Hayre,yoshita hayre,INST-014,Undergraduate,4th Year,2005-07-28,G_S09520,ADDR_S09520
S09521,Tara Sant,tara sant,INST-052,Undergraduate,4th Year,2006-07-26,G_S09521,ADDR_S09521
S09522,Kalpit Tripathi,kalpit tripathi,INST-032,Undergraduate,1th Year,2005-05-24,G_S09522,ADDR_S09522
S09523,Abhimanyu Tandon,abhimanyu tandon,INST-001,Undergraduate,1th Year,2006-08-10,G_S09523,ADDR_S09523
S09524,Madhavi Cherian,madhavi cherian,INST-006,Undergraduate,3th Year,2004-09-11,G_S09524,ADDR_S09524
S09525,Yatin  Srinivas,yatin srinivas,INST-036,Undergraduate,1th Year,2008-04-11,G_S09525,ADDR_S09525
S09526,Unnati Cheema,unnati cheema,INST-045,Undergraduate,1th Year,2004-02-22,G_S09526,ADDR_S09526
S09527,Meera Bava,meera bava,INST-057,Undergraduate,4th Year,2008-10-16,G_S09527,ADDR_S09527
S09528,Siddharth Verma,siddharth verma,INST-002,Undergraduate,2th Year,2008-03-28,G_S09528,ADDR_S09528
S09529,Zilmil Pandit,zilmil pandit,INST-033,Undergraduate,3th Year,2007-02-09,G_S09529,ADDR_S09529
S09530,Yochana Pau,yochana pau,INST-048,Undergraduate,1th Year,2005-09-24,G_S09530,ADDR_S09530
S09531,Yauvani Cheema,yauvani cheema,INST-021,Undergraduate,4th Year,2006-06-08,G_S09531,ADDR_S09531
S09532,Wahab Sibal,wahab sibal,INST-040,Undergraduate,3th Year,2004-12-13,G_S09532,ADDR_S09532
S09533,Xavier Behl,xavier behl,INST-028,Undergraduate,1th Year,2005-06-26,G_S09533,ADDR_S09533
S09534,Aayush Singhal,aayush singhal,INST-004,Undergraduate,1th Year,2007-04-20,G_S09534,ADDR_S09534
S09535,Watika Mane,watika mane,INST-021,Undergraduate,1th Year,2008-05-12,G_S09535,ADDR_S09535
S09536,Aradhana Munshi,aradhana munshi,INST-013,Undergraduate,1th Year,2008-07-11,G_S09536,ADDR_S09536
S09537,Zayyan Mukherjee,zayyan mukherjee,INST-008,Undergraduate,1th Year,2006-07-13,G_S09537,ADDR_S09537
S09538,Imaran Bassi,imaran bassi,INST-059,Undergraduate,2th Year,2005-04-07,G_S09538,ADDR_S09538
S09539,NEHA GARDE,neha garde,INST-048,Undergraduate,2th Year,2006-12-23,G_S09539,ADDR_S09539
S09540,Krishna Rajan,krishna rajan,INST-004,Undergraduate,2th Year,2008-09-21,G_S09540,ADDR_S09540
S09541,Bhavani Kata,bhavani kata,INST-005,Undergraduate,3th Year,2004-09-15,G_S09541,ADDR_S09541
S09542,Siya Pant,siya pant,INST-039,Undergraduate,4th Year,2005-05-07,G_S09542,ADDR_S09542
S09543,Mahika Balasubramanian,mahika balasubramanian,INST-032,Undergraduate,4th Year,2007-04-22,G_S09543,ADDR_S09543
S09544,Zaid Om,zaid om,INST-008,Undergraduate,1th Year,2007-09-23,G_S09544,ADDR_S09544
S09545,Zaitra Narayan,zaitra narayan,INST-032,Undergraduate,2th Year,2005-01-26,G_S09545,ADDR_S09545
S09546,Turvi Sanghvi,turvi sanghvi,INST-047,Undergraduate,2th Year,2008-09-26,G_S09546,ADDR_S09546
S09547,Yashawini Murthy,yashawini murthy,INST-027,Undergraduate,1th Year,2005-10-17,G_S09547,ADDR_S09547
S09548,Yashica Kapoor,yashica kapoor,INST-036,Undergraduate,4th Year,2007-12-27,G_S09548,ADDR_S09548
S09549,Forum Saha,forum saha,INST-050,Undergraduate,3th Year,2006-06-16,G_S09549,ADDR_S09549
S09550,Kritika Sood,kritika sood,INST-007,Undergraduate,4th Year,2007-01-06,G_S09550,ADDR_S09550
S09551,Tejas Mohan,tejas mohan,INST-028,Undergraduate,1th Year,2007-12-02,G_S09551,ADDR_S09551
S09552,Vrinda Kade,vrinda kade,INST-060,Undergraduate,2th Year,2004-03-21,G_S09552,ADDR_S09552
S09553,Saanvi Chaudhari,saanvi chaudhari,INST-006,Undergraduate,1th Year,2004-02-05,G_S09553,ADDR_S09553
S09554,Udyati Rama,udyati rama,INST-048,Undergraduate,3th Year,2006-12-11,G_S09554,ADDR_S09554
S09555,Reyansh Mutti,reyansh mutti,INST-020,Undergraduate,2th Year,2004-03-03,G_S09555,ADDR_S09555
S09556,Aarnav Swamy,aarnav swamy,INST-004,Undergraduate,4th Year,2008-09-01,G_S09556,ADDR_S09556
S09557,Lipika Dugar,lipika dugar,INST-050,Undergraduate,4th Year,2007-08-02,G_S09557,ADDR_S09557
S09558,Rayaan Hora,rayaan hora,INST-033,Undergraduate,4th Year,2007-01-04,G_S09558,ADDR_S09558
S09559,Barkha Arya,barkha arya,INST-035,Undergraduate,2th Year,2004-03-03,G_S09559,ADDR_S09559
S09560,Ranbir Rege,ranbir rege,INST-058,Undergraduate,2th Year,2006-07-12,G_S09560,ADDR_S09560
S09561,Kalpit Nath,kalpit nath,INST-029,Undergraduate,3th Year,2005-05-16,G_S09561,ADDR_S09561
S09562,Rachit Kapur,rachit kapur,INST-034,Undergraduate,3th Year,2004-08-22,G_S09562,ADDR_S09562
S09563,Lakshit Ramaswamy,lakshit ramaswamy,INST-005,Undergraduate,1th Year,2003-02-26,G_S09563,ADDR_S09563
S09564,Rohan Dutt,rohan dutt,INST-028,Undergraduate,1th Year,2004-06-13,G_S09564,ADDR_S09564
S09565,Wazir Murthy,wazir murthy,INST-027,Undergraduate,2th Year,2005-03-06,G_S09565,ADDR_S09565
S09566,Jagat Mane,jagat mane,INST-035,Undergraduate,1th Year,2006-04-04,G_S09566,ADDR_S09566
S09567,Nachiket Lala,nachiket lala,INST-050,Undergraduate,1th Year,2007-04-14,G_S09567,ADDR_S09567
S09568,Raghav Dey,raghav dey,INST-044,Undergraduate,1th Year,2008-04-25,G_S09568,ADDR_S09568
S09569,Yatan Loyal,yatan loyal,INST-045,Undergraduate,1th Year,2004-05-08,G_S09569,ADDR_S09569
S09570,Vidhi Borde,vidhi borde,INST-003,Undergraduate,1th Year,2003-04-26,G_S09570,ADDR_S09570
S09571,Panini Narayan,panini narayan,INST-042,Undergraduate,4th Year,2008-11-28,G_S09571,ADDR_S09571
S09572,Xavier Parikh,xavier parikh,INST-017,Undergraduate,4th Year,2005-05-18,G_S09572,ADDR_S09572
S09573,Jhalak Padmanabhan,jhalak padmanabhan,INST-007,Undergraduate,1th Year,2004-11-07,G_S09573,ADDR_S09573
S09574,Benjamin Dixit,benjamin dixit,INST-017,Undergraduate,4th Year,2004-03-16,G_S09574,ADDR_S09574
S09575,Banjeet Roy,banjeet roy,INST-017,Undergraduate,3th Year,2008-06-20,G_S09575,ADDR_S09575
S09576,Upma Krishnamurthy,upma krishnamurthy,INST-041,Undergraduate,4th Year,2004-03-08,G_S09576,ADDR_S09576
S09577,Robert Sahota,robert sahota,INST-012,Undergraduate,2th Year,2004-05-10,G_S09577,ADDR_S09577
S09578,Alka Patel,alka patel,INST-048,Undergraduate,4th Year,2006-08-12,G_S09578,ADDR_S09578
S09579,Upma Ramanathan,upma ramanathan,INST-049,Undergraduate,3th Year,2007-12-03,G_S09579,ADDR_S09579
S09580,Nathaniel Chokshi,nathaniel chokshi,INST-032,Undergraduate,4th Year,2008-01-23,G_S09580,ADDR_S09580
S09581,Girik Divan,girik divan,INST-005,Undergraduate,3th Year,2005-01-03,G_S09581,ADDR_S09581
S09582,Akshay Sahota,akshay sahota,INST-018,Undergraduate,2th Year,2003-09-09,G_S09582,ADDR_S09582
S09583,Ayushman Sarma,ayushman sarma,INST-006,Undergraduate,2th Year,2006-08-28,G_S09583,ADDR_S09583
S09584,Harshil Dube,harshil dube,INST-034,Undergraduate,2th Year,2007-07-08,G_S09584,ADDR_S09584
S09585,Mason Khalsa,mason khalsa,INST-050,Undergraduate,1th Year,2005-05-08,G_S09585,ADDR_S09585
S09586,Janya Raju,janya raju,INST-001,Undergraduate,3th Year,2007-03-06,G_S09586,ADDR_S09586
S09587,Bhanumati Saini,bhanumati saini,INST-059,Undergraduate,1th Year,2006-05-02,G_S09587,ADDR_S09587
S09588,Yuvraj Agrawal,yuvraj agrawal,INST-034,Undergraduate,4th Year,2006-04-17,G_S09588,ADDR_S09588
S09589,Kamala Pingle,kamala pingle,INST-013,Undergraduate,1th Year,2006-08-13,G_S09589,ADDR_S09589
S09590,Harini Natarajan,harini natarajan,INST-008,Undergraduate,1th Year,2004-10-16,G_S09590,ADDR_S09590
S09591,Jonathan Reddy,jonathan reddy,INST-028,Undergraduate,4th Year,2003-12-04,G_S09591,ADDR_S09591
S09592,Gaurangi Sangha,gaurangi sangha,INST-015,Undergraduate,3th Year,2005-11-22,G_S09592,ADDR_S09592
S09593,Xalak Tara,xalak tara,INST-024,Undergraduate,4th Year,2008-09-13,G_S09593,ADDR_S09593
S09594,Devika Kalita,devika kalita,INST-010,Undergraduate,4th Year,2004-07-01,G_S09594,ADDR_S09594
S09595,LAKSH SURA,laksh sura,INST-014,Undergraduate,3th Year,2004-06-17,G_S09595,ADDR_S09595
S09596,Rehaan Bhatia,rehaan bhatia,INST-056,Undergraduate,2th Year,2003-09-02,G_S09596,ADDR_S09596
S09597,Nirja Banik,nirja banik,INST-026,Undergraduate,4th Year,2005-10-08,G_S09597,ADDR_S09597
S09598,Zinal Gokhale,zinal gokhale,INST-003,Undergraduate,1th Year,2003-07-04,G_S09598,ADDR_S09598
S09599,Mugdha Purohit,mugdha purohit,INST-031,Undergraduate,3th Year,2008-05-28,G_S09599,ADDR_S09599
S09600,Panini Badal,panini badal,INST-035,Undergraduate,2th Year,2005-08-03,G_S09600,ADDR_S09600
S09601,Qarin Doctor,qarin doctor,INST-022,Undergraduate,3th Year,2007-09-15,G_S09601,ADDR_S09601
S09602,Sachi Prasad,sachi prasad,INST-059,Undergraduate,1th Year,2004-02-08,G_S09602,ADDR_S09602
S09603,Arin Rattan,arin rattan,INST-059,Undergraduate,2th Year,2007-05-24,G_S09603,ADDR_S09603
S09604,Tanvi Barad,tanvi barad,INST-044,Undergraduate,1th Year,2005-03-10,G_S09604,ADDR_S09604
S09605,Turvi Bajwa,turvi bajwa,INST-025,Undergraduate,3th Year,2005-04-07,G_S09605,ADDR_S09605
S09606,Harini Chokshi,harini chokshi,INST-003,Undergraduate,4th Year,2004-10-20,G_S09606,ADDR_S09606
S09607,Balvan Bhalla,balvan bhalla,INST-017,Undergraduate,1th Year,2006-04-07,G_S09607,ADDR_S09607
S09608,Sathvik Krishnan,sathvik krishnan,INST-032,Undergraduate,1th Year,2008-10-04,G_S09608,ADDR_S09608
S09609,Bachittar Shankar,bachittar shankar,INST-040,Undergraduate,1th Year,2007-10-14,G_S09609,ADDR_S09609
S09610,Vamakshi Gade,vamakshi gade,INST-052,Undergraduate,3th Year,2004-11-23,G_S09610,ADDR_S09610
S09611,Lavanya Gopal,lavanya gopal,INST-039,Undergraduate,4th Year,2005-05-08,G_S09611,ADDR_S09611
S09612,Rishi Khanna,rishi khanna,INST-042,Undergraduate,2th Year,2004-11-25,G_S09612,ADDR_S09612
S09613,Elijah Dugar,elijah dugar,INST-041,Undergraduate,4th Year,2004-07-07,G_S09613,ADDR_S09613
S09614,Manan Chowdhury,manan chowdhury,INST-045,Undergraduate,4th Year,2005-09-28,G_S09614,ADDR_S09614
S09615,Geetika Kapur,geetika kapur,INST-059,Undergraduate,4th Year,2005-05-12,G_S09615,ADDR_S09615
S09616,Varsha Chada,varsha chada,INST-022,Undergraduate,4th Year,2005-03-10,G_S09616,ADDR_S09616
S09617,Oscar Sahni,oscar sahni,INST-017,Undergraduate,4th Year,2003-01-28,G_S09617,ADDR_S09617
S09618,Christopher Dass,christopher dass,INST-054,Undergraduate,1th Year,2006-10-02,G_S09618,ADDR_S09618
S09619,Yasti Kaul,yasti kaul,INST-006,Undergraduate,3th Year,2007-01-05,G_S09619,ADDR_S09619
S09620,Sai Mammen,sai mammen,INST-059,Undergraduate,4th Year,2003-03-17,G_S09620,ADDR_S09620
S09621,Sudiksha Bhagat,sudiksha bhagat,INST-032,Undergraduate,1th Year,2005-04-20,G_S09621,ADDR_S09621
S09622,Bhavika Naik,bhavika naik,INST-033,Undergraduate,4th Year,2006-06-27,G_S09622,ADDR_S09622
S09623,Sai Ganesan,sai ganesan,INST-018,Undergraduate,1th Year,2006-11-17,G_S09623,ADDR_S09623
S09624,David Ratta,david ratta,INST-045,Undergraduate,2th Year,2007-09-02,G_S09624,ADDR_S09624
S09625,Matthew Dutt,matthew dutt,INST-037,Undergraduate,4th Year,2007-04-01,G_S09625,ADDR_S09625
S09626,Fariq Ganesh,fariq ganesh,INST-024,Undergraduate,2th Year,2006-09-28,G_S09626,ADDR_S09626
S09627,Chatresh Manne,chatresh manne,INST-024,Undergraduate,4th Year,2008-09-20,G_S09627,ADDR_S09627
S09628,OJASVI SAINI,ojasvi saini,INST-035,Undergraduate,3th Year,2008-11-01,G_S09628,ADDR_S09628
S09629,Yahvi Naik,yahvi naik,INST-040,Undergraduate,2th Year,2006-06-05,G_S09629,ADDR_S09629
S09630,Anika Swaminathan,anika swaminathan,INST-003,Undergraduate,4th Year,2004-01-24,G_S09630,ADDR_S09630
S09631,Agastya Saha,agastya saha,INST-036,Undergraduate,2th Year,2003-06-15,G_S09631,ADDR_S09631
S09632,POOJA LANKA,pooja lanka,INST-027,Undergraduate,4th Year,2004-02-24,G_S09632,ADDR_S09632
S09633,Nachiket Kurian,nachiket kurian,INST-058,Undergraduate,3th Year,2004-03-20,G_S09633,ADDR_S09633
S09634,Peter Pathak,peter pathak,INST-050,Undergraduate,4th Year,2005-06-07,G_S09634,ADDR_S09634
S09635,Teerth Sethi,teerth sethi,INST-011,Undergraduate,3th Year,2003-10-15,G_S09635,ADDR_S09635
S09636,Zashil Singh,zashil singh,INST-035,Undergraduate,3th Year,2004-04-27,G_S09636,ADDR_S09636
S09637,Advika Atwal,advika atwal,INST-023,Undergraduate,3th Year,2008-09-15,G_S09637,ADDR_S09637
S09638,Aarush Mahajan,aarush mahajan,INST-020,Undergraduate,3th Year,2003-10-01,G_S09638,ADDR_S09638
S09639,Eesha Srinivas,eesha srinivas,INST-014,Undergraduate,2th Year,2003-01-18,G_S09639,ADDR_S09639
S09640,Tara Bera,tara bera,INST-005,Undergraduate,3th Year,2003-09-06,G_S09640,ADDR_S09640
S09641,Gabriel Dhar,gabriel dhar,INST-041,Undergraduate,3th Year,2005-08-17,G_S09641,ADDR_S09641
S09642,Michael Mohan,michael mohan,INST-053,Undergraduate,4th Year,2004-06-12,G_S09642,ADDR_S09642
S09643,Mohini Vig,mohini vig,INST-021,Undergraduate,2th Year,2005-05-16,G_S09643,ADDR_S09643
S09644,Laban Vala,laban vala,INST-006,Undergraduate,4th Year,2005-08-12,G_S09644,ADDR_S09644
S09645,Nandini Bobal,nandini bobal,INST-013,Undergraduate,4th Year,2003-04-03,G_S09645,ADDR_S09645
S09646,Aarini Dar,aarini dar,INST-054,Undergraduate,2th Year,2007-03-22,G_S09646,ADDR_S09646
S09647,Avi Agarwal,avi agarwal,INST-043,Undergraduate,1th Year,2007-11-15,G_S09647,ADDR_S09647
S09648,Rohan Tailor,rohan tailor,INST-032,Undergraduate,1th Year,2003-11-27,G_S09648,ADDR_S09648
S09649,Zaitra Samra,zaitra samra,INST-049,Undergraduate,3th Year,2006-12-03,G_S09649,ADDR_S09649
S09650,Gaurika Ram,gaurika ram,INST-026,Undergraduate,4th Year,2007-06-28,G_S09650,ADDR_S09650
S09651,Yutika Anne,yutika anne,INST-060,Undergraduate,2th Year,2003-12-25,G_S09651,ADDR_S09651
S09652,Falan Ratti,falan ratti,INST-045,Undergraduate,3th Year,2008-12-10,G_S09652,ADDR_S09652
S09653,Dalaja Sodhi,dalaja sodhi,INST-054,Undergraduate,1th Year,2004-10-23,G_S09653,ADDR_S09653
S09654,Devansh Dhawan,devansh dhawan,INST-001,Undergraduate,4th Year,2003-09-14,G_S09654,ADDR_S09654
S09655,RAYAAN DASGUPTA,rayaan dasgupta,INST-041,Undergraduate,2th Year,2005-02-12,G_S09655,ADDR_S09655
S09656,Adweta Deol,adweta deol,INST-006,Undergraduate,4th Year,2003-04-21,G_S09656,ADDR_S09656
S09657,Wazir Prakash,wazir prakash,INST-021,Undergraduate,1th Year,2007-02-22,G_S09657,ADDR_S09657
S09658,Fiyaz Rastogi,fiyaz rastogi,INST-045,Undergraduate,4th Year,2008-09-26,G_S09658,ADDR_S09658
S09659,Frado Chada,frado chada,INST-014,Undergraduate,2th Year,2005-03-22,G_S09659,ADDR_S09659
S09660,Anmol  Vig,anmol vig,INST-049,Undergraduate,4th Year,2003-11-15,G_S09660,ADDR_S09660
S09661,Aarnav Dani,aarnav dani,INST-044,Undergraduate,4th Year,2004-10-22,G_S09661,ADDR_S09661
S09662,Aarav  Varkey,aarav varkey,INST-051,Undergraduate,1th Year,2007-03-01,G_S09662,ADDR_S09662
S09663,Vedika Chauhan,vedika chauhan,INST-028,Undergraduate,2th Year,2004-06-17,G_S09663,ADDR_S09663
S09664,Onkar Baral,onkar baral,INST-001,Undergraduate,1th Year,2004-11-09,G_S09664,ADDR_S09664
S09665,Unni Chauhan,unni chauhan,INST-028,Undergraduate,3th Year,2005-10-10,G_S09665,ADDR_S09665
S09666,Urishilla Mangal,urishilla mangal,INST-006,Undergraduate,1th Year,2008-05-22,G_S09666,ADDR_S09666
S09667,Bhavani Kara,bhavani kara,INST-033,Undergraduate,4th Year,2006-03-19,G_S09667,ADDR_S09667
S09668,Panini Pradhan,panini pradhan,INST-049,Undergraduate,2th Year,2007-07-02,G_S09668,ADDR_S09668
S09669,Ladli Sethi,ladli sethi,INST-005,Undergraduate,2th Year,2008-05-03,G_S09669,ADDR_S09669
S09670,Chaaya Sachar,chaaya sachar,INST-013,Undergraduate,4th Year,2007-12-01,G_S09670,ADDR_S09670
S09671,CHATRESH NARANG,chatresh narang,INST-008,Undergraduate,4th Year,2007-03-07,G_S09671,ADDR_S09671
S09672,Gavin Banerjee,gavin banerjee,INST-016,Undergraduate,3th Year,2006-12-16,G_S09672,ADDR_S09672
S09673,Charan Singh,charan singh,INST-013,Undergraduate,1th Year,2003-11-17,G_S09673,ADDR_S09673
S09674,Hitesh Taneja,hitesh taneja,INST-036,Undergraduate,3th Year,2008-10-13,G_S09674,ADDR_S09674
S09675,Ayaan Goda,ayaan goda,INST-009,Undergraduate,3th Year,2005-04-22,G_S09675,ADDR_S09675
S09676,Kashish Bava,kashish bava,INST-022,Undergraduate,1th Year,2005-05-08,G_S09676,ADDR_S09676
S09677,Ijaya Mani,ijaya mani,INST-021,Undergraduate,2th Year,2006-08-17,G_S09677,ADDR_S09677
S09678,Nihal Karpe,nihal karpe,INST-019,Undergraduate,3th Year,2003-05-28,G_S09678,ADDR_S09678
S09679,Bachittar Bumb,bachittar bumb,INST-034,Undergraduate,1th Year,2007-07-13,G_S09679,ADDR_S09679
S09680,Orinder Singhal,orinder singhal,INST-032,Undergraduate,4th Year,2006-07-15,G_S09680,ADDR_S09680
S09681,Urvashi Luthra,urvashi luthra,INST-045,Undergraduate,4th Year,2003-10-09,G_S09681,ADDR_S09681
S09682,Gauri Karpe,gauri karpe,INST-024,Undergraduate,1th Year,2005-08-20,G_S09682,ADDR_S09682
S09683,Ekanta Seth,ekanta seth,INST-029,Undergraduate,1th Year,2008-07-21,G_S09683,ADDR_S09683
S09684,Aachal Ganesh,aachal ganesh,INST-056,Undergraduate,1th Year,2007-03-18,G_S09684,ADDR_S09684
S09685,Matthew Rajagopal,matthew rajagopal,INST-007,Undergraduate,1th Year,2005-07-27,G_S09685,ADDR_S09685
S09686,Noah Bhalla,noah bhalla,INST-002,Undergraduate,4th Year,2004-05-16,G_S09686,ADDR_S09686
S09687,Fiyaz Ravel,fiyaz ravel,INST-043,Undergraduate,4th Year,2006-03-27,G_S09687,ADDR_S09687
S09688,Isaiah Palla,isaiah palla,INST-015,Undergraduate,4th Year,2007-05-04,G_S09688,ADDR_S09688
S09689,Ridhi Manne,ridhi manne,INST-035,Undergraduate,4th Year,2005-09-01,G_S09689,ADDR_S09689
S09690,Jeevika Chander,jeevika chander,INST-031,Undergraduate,3th Year,2004-07-23,G_S09690,ADDR_S09690
S09691,William Shanker,william shanker,INST-005,Undergraduate,1th Year,2007-10-03,G_S09691,ADDR_S09691
S09692,Sachi Sampath,sachi sampath,INST-036,Undergraduate,1th Year,2006-05-22,G_S09692,ADDR_S09692
S09693,Sara Raghavan,sara raghavan,INST-045,Undergraduate,3th Year,2006-04-22,G_S09693,ADDR_S09693
S09694,Krisha Agrawal,krisha agrawal,INST-042,Undergraduate,1th Year,2006-11-17,G_S09694,ADDR_S09694
S09695,Hemal Taneja,hemal taneja,INST-026,Undergraduate,4th Year,2005-10-14,G_S09695,ADDR_S09695
S09696,Tanvi Mitra,tanvi mitra,INST-018,Undergraduate,4th Year,2008-03-04,G_S09696,ADDR_S09696
S09697,Janani Verma,janani verma,INST-013,Undergraduate,2th Year,2006-12-05,G_S09697,ADDR_S09697
S09698,Mahika Varty,mahika varty,INST-047,Undergraduate,3th Year,2005-05-15,G_S09698,ADDR_S09698
S09699,Anvi Mahajan,anvi mahajan,INST-038,Undergraduate,4th Year,2004-01-15,G_S09699,ADDR_S09699
S09700,Yutika Bhardwaj,yutika bhardwaj,INST-005,Undergraduate,1th Year,2008-01-04,G_S09700,ADDR_S09700
S09701,Geetika Thakur,geetika thakur,INST-059,Undergraduate,4th Year,2007-07-06,G_S09701,ADDR_S09701
S09702,Onveer Mander,onveer mander,INST-053,Undergraduate,4th Year,2003-03-01,G_S09702,ADDR_S09702
S09703,Ishani Sawhney,ishani sawhney,INST-028,Undergraduate,3th Year,2003-12-25,G_S09703,ADDR_S09703
S09704,Alka Narayanan,alka narayanan,INST-049,Undergraduate,1th Year,2006-02-18,G_S09704,ADDR_S09704
S09705,Rajeshri Kadakia,rajeshri kadakia,INST-041,Undergraduate,4th Year,2007-09-26,G_S09705,ADDR_S09705
S09706,Aarna Prakash,aarna prakash,INST-005,Undergraduate,2th Year,2006-06-05,G_S09706,ADDR_S09706
S09707,Edhitha Dhillon,edhitha dhillon,INST-047,Undergraduate,2th Year,2004-10-24,G_S09707,ADDR_S09707
S09708,Ikbal Chatterjee,ikbal chatterjee,INST-041,Undergraduate,4th Year,2004-05-01,G_S09708,ADDR_S09708
S09709,Gautam Bhandari,gautam bhandari,INST-046,Undergraduate,2th Year,2007-05-13,G_S09709,ADDR_S09709
S09710,Ekavir Warrior,ekavir warrior,INST-012,Undergraduate,2th Year,2005-09-02,G_S09710,ADDR_S09710
S09711,Nirja Samra,nirja samra,INST-050,Undergraduate,1th Year,2006-08-24,G_S09711,ADDR_S09711
S09712,Tristan Gandhi,tristan gandhi,INST-025,Undergraduate,3th Year,2003-01-27,G_S09712,ADDR_S09712
S09713,Xavier Parikh,xavier parikh,INST-046,Undergraduate,1th Year,2008-08-21,G_S09713,ADDR_S09713
S09714,Jacob Tella,jacob tella,INST-045,Undergraduate,1th Year,2008-09-20,G_S09714,ADDR_S09714
S09715,Charles Setty,charles setty,INST-040,Undergraduate,4th Year,2005-03-18,G_S09715,ADDR_S09715
S09716,Anvi Wali,anvi wali,INST-004,Undergraduate,4th Year,2006-07-18,G_S09716,ADDR_S09716
S09717,Balveer Dugal,balveer dugal,INST-047,Undergraduate,1th Year,2007-06-28,G_S09717,ADDR_S09717
S09718,Omya Lanka,omya lanka,INST-024,Undergraduate,4th Year,2007-04-22,G_S09718,ADDR_S09718
S09719,Hiral Tandon,hiral tandon,INST-037,Undergraduate,2th Year,2006-06-19,G_S09719,ADDR_S09719
S09720,Abhiram Natt,abhiram natt,INST-027,Undergraduate,3th Year,2004-08-28,G_S09720,ADDR_S09720
S09721,Chaman Gade,chaman gade,INST-030,Undergraduate,1th Year,2004-09-16,G_S09721,ADDR_S09721
S09722,Harsh Dhaliwal,harsh dhaliwal,INST-030,Undergraduate,2th Year,2007-04-22,G_S09722,ADDR_S09722
S09723,Baghyawati Singhal,baghyawati singhal,INST-060,Undergraduate,3th Year,2006-07-20,G_S09723,ADDR_S09723
S09724,Ati Sekhon,ati sekhon,INST-031,Undergraduate,1th Year,2005-05-25,G_S09724,ADDR_S09724
S09725,Libni Ahluwalia,libni ahluwalia,INST-010,Undergraduate,1th Year,2007-09-18,G_S09725,ADDR_S09725
S09726,Owen Kota,owen kota,INST-059,Undergraduate,2th Year,2005-09-27,G_S09726,ADDR_S09726
S09727,Hemang Subramaniam,hemang subramaniam,INST-020,Undergraduate,2th Year,2006-09-12,G_S09727,ADDR_S09727
S09728,Urvi Gole,urvi gole,INST-053,Undergraduate,2th Year,2007-05-08,G_S09728,ADDR_S09728
S09729,Adweta Sani,adweta sani,INST-053,Undergraduate,3th Year,2004-03-02,G_S09729,ADDR_S09729
S09730,Tara Goswami,tara goswami,INST-059,Undergraduate,2th Year,2003-11-26,G_S09730,ADDR_S09730
S09731,Gayathri Wason,gayathri wason,INST-051,Undergraduate,4th Year,2008-03-11,G_S09731,ADDR_S09731
S09732,Anika Padmanabhan,anika padmanabhan,INST-035,Undergraduate,3th Year,2004-02-10,G_S09732,ADDR_S09732
S09733,Pratyush Sampath,pratyush sampath,INST-049,Undergraduate,4th Year,2003-03-25,G_S09733,ADDR_S09733
S09734,Priya Thakur,priya thakur,INST-005,Undergraduate,3th Year,2004-03-25,G_S09734,ADDR_S09734
S09735,Triya Singhal,triya singhal,INST-001,Undergraduate,4th Year,2007-09-28,G_S09735,ADDR_S09735
S09736,Chaaya Mallick,chaaya mallick,INST-048,Undergraduate,1th Year,2005-07-18,G_S09736,ADDR_S09736
S09737,Yochana Kuruvilla,yochana kuruvilla,INST-004,Undergraduate,4th Year,2006-06-11,G_S09737,ADDR_S09737
S09738,Chaitaly Biswas,chaitaly biswas,INST-016,Undergraduate,3th Year,2006-12-06,G_S09738,ADDR_S09738
S09739,Arunima Agrawal,arunima agrawal,INST-011,Undergraduate,2th Year,2005-09-19,G_S09739,ADDR_S09739
S09740,Laban Kala,laban kala,INST-037,Undergraduate,2th Year,2006-05-04,G_S09740,ADDR_S09740
S09741,Aarush Narasimhan,aarush narasimhan,INST-012,Undergraduate,1th Year,2006-08-07,G_S09741,ADDR_S09741
S09742,Qabil Setty,qabil setty,INST-012,Undergraduate,2th Year,2003-06-09,G_S09742,ADDR_S09742
S09743,Devansh Joshi,devansh joshi,INST-039,Undergraduate,4th Year,2005-09-09,G_S09743,ADDR_S09743
S09744,Krisha  Krish,krisha krish,INST-042,Undergraduate,4th Year,2008-03-24,G_S09744,ADDR_S09744
S09745,Indrajit Dua,indrajit dua,INST-022,Undergraduate,3th Year,2004-04-02,G_S09745,ADDR_S09745
S09746,Bhavini Menon,bhavini menon,INST-011,Undergraduate,4th Year,2004-08-04,G_S09746,ADDR_S09746
S09747,Xavier Sami,xavier sami,INST-006,Undergraduate,1th Year,2007-02-04,G_S09747,ADDR_S09747
S09748,Niharika Dani,niharika dani,INST-053,Undergraduate,4th Year,2007-05-04,G_S09748,ADDR_S09748
S09749,Jagvi Rout,jagvi rout,INST-009,Undergraduate,1th Year,2004-09-01,G_S09749,ADDR_S09749
S09750,Laban Deo,laban deo,INST-007,Undergraduate,4th Year,2003-09-02,G_S09750,ADDR_S09750
S09751,David Shroff,david shroff,INST-015,Undergraduate,1th Year,2004-12-05,G_S09751,ADDR_S09751
S09752,Omya Nayak,omya nayak,INST-008,Undergraduate,1th Year,2007-06-13,G_S09752,ADDR_S09752
S09753,Zarna Balan,zarna balan,INST-035,Undergraduate,2th Year,2004-01-23,G_S09753,ADDR_S09753
S09754,Vincent Chaudry,vincent chaudry,INST-050,Undergraduate,2th Year,2003-01-14,G_S09754,ADDR_S09754
S09755,Bakhshi Deep,bakhshi deep,INST-033,Undergraduate,3th Year,2003-05-19,G_S09755,ADDR_S09755
S09756,Shivani Mistry,shivani mistry,INST-022,Undergraduate,2th Year,2007-01-07,G_S09756,ADDR_S09756
S09757,Yuvraj  Bera,yuvraj bera,INST-004,Undergraduate,4th Year,2005-12-21,G_S09757,ADDR_S09757
S09758,Ria Goda,ria goda,INST-010,Undergraduate,3th Year,2005-04-17,G_S09758,ADDR_S09758
S09759,Ekansh Yadav,ekansh yadav,INST-018,Undergraduate,3th Year,2007-06-04,G_S09759,ADDR_S09759
S09760,Neel Mane,neel mane,INST-032,Undergraduate,3th Year,2005-09-27,G_S09760,ADDR_S09760
S09761,Tanmayi  Pandey,tanmayi pandey,INST-013,Undergraduate,2th Year,2006-05-25,G_S09761,ADDR_S09761
S09762,Raghav Bhatnagar,raghav bhatnagar,INST-007,Undergraduate,4th Year,2007-06-12,G_S09762,ADDR_S09762
S09763,Kalpit  Bose,kalpit bose,INST-036,Undergraduate,1th Year,2004-10-13,G_S09763,ADDR_S09763
S09764,Akshay Swamy,akshay swamy,INST-033,Undergraduate,3th Year,2008-09-25,G_S09764,ADDR_S09764
S09765,Vinaya Zacharia,vinaya zacharia,INST-050,Undergraduate,4th Year,2004-02-18,G_S09765,ADDR_S09765
S09766,Megha Saha,megha saha,INST-059,Undergraduate,2th Year,2004-06-04,G_S09766,ADDR_S09766
S09767,Eiravati Misra,eiravati misra,INST-024,Undergraduate,1th Year,2005-06-17,G_S09767,ADDR_S09767
S09768,Yashvi Narula,yashvi narula,INST-044,Undergraduate,2th Year,2005-02-11,G_S09768,ADDR_S09768
S09769,Krisha Kata,krisha kata,INST-058,Undergraduate,3th Year,2007-01-25,G_S09769,ADDR_S09769
S09770,Rachita Nanda,rachita nanda,INST-017,Undergraduate,1th Year,2003-10-15,G_S09770,ADDR_S09770
S09771,Fariq Virk,fariq virk,INST-060,Undergraduate,1th Year,2008-05-01,G_S09771,ADDR_S09771
S09772,Noah Vig,noah vig,INST-014,Undergraduate,1th Year,2007-12-01,G_S09772,ADDR_S09772
S09773,Hamsini Dewan,hamsini dewan,INST-012,Undergraduate,3th Year,2006-07-12,G_S09773,ADDR_S09773
S09774,Onveer Virk,onveer virk,INST-004,Undergraduate,4th Year,2004-07-25,G_S09774,ADDR_S09774
S09775,Rachita Barman,rachita barman,INST-001,Undergraduate,4th Year,2007-06-18,G_S09775,ADDR_S09775
S09776,Anjali Ramakrishnan,anjali ramakrishnan,INST-023,Undergraduate,4th Year,2008-04-20,G_S09776,ADDR_S09776
S09777,Parth Yadav,parth yadav,INST-048,Undergraduate,4th Year,2007-10-08,G_S09777,ADDR_S09777
S09778,Bhavini Sen,bhavini sen,INST-004,Undergraduate,2th Year,2005-12-21,G_S09778,ADDR_S09778
S09779,Falguni Dube,falguni dube,INST-004,Undergraduate,4th Year,2007-05-23,G_S09779,ADDR_S09779
S09780,Xavier Buch,xavier buch,INST-060,Undergraduate,3th Year,2003-09-16,G_S09780,ADDR_S09780
S09781,Oliver Zachariah,oliver zachariah,INST-024,Undergraduate,3th Year,2005-10-06,G_S09781,ADDR_S09781
S09782,Gavin Ganesh,gavin ganesh,INST-057,Undergraduate,1th Year,2004-05-14,G_S09782,ADDR_S09782
S09783,Nathaniel Badal,nathaniel badal,INST-012,Undergraduate,2th Year,2005-04-21,G_S09783,ADDR_S09783
S09784,Rachana Raj,rachana raj,INST-016,Undergraduate,1th Year,2006-09-10,G_S09784,ADDR_S09784
S09785,Chaaya Date,chaaya date,INST-036,Undergraduate,3th Year,2006-05-07,G_S09785,ADDR_S09785
S09786,Vasana Ramachandran,vasana ramachandran,INST-029,Undergraduate,4th Year,2003-01-11,G_S09786,ADDR_S09786
S09787,Prisha Nigam,prisha nigam,INST-032,Undergraduate,1th Year,2007-01-15,G_S09787,ADDR_S09787
S09788,Urishilla Dhawan,urishilla dhawan,INST-047,Undergraduate,3th Year,2008-10-28,G_S09788,ADDR_S09788
S09789,Kritika Balakrishnan,kritika balakrishnan,INST-001,Undergraduate,3th Year,2007-04-07,G_S09789,ADDR_S09789
S09790,Mason Ahuja,mason ahuja,INST-048,Undergraduate,1th Year,2008-02-24,G_S09790,ADDR_S09790
S09791,Saumya Kara,saumya kara,INST-018,Undergraduate,1th Year,2008-12-08,G_S09791,ADDR_S09791
S09792,Raksha Buch,raksha buch,INST-052,Undergraduate,4th Year,2007-03-24,G_S09792,ADDR_S09792
S09793,Niharika Gopal,niharika gopal,INST-006,Undergraduate,3th Year,2004-06-03,G_S09793,ADDR_S09793
S09794,Tristan Lata,tristan lata,INST-022,Undergraduate,4th Year,2006-12-05,G_S09794,ADDR_S09794
S09795,Jyoti Srinivasan,jyoti srinivasan,INST-055,Undergraduate,1th Year,2008-06-07,G_S09795,ADDR_S09795
S09796,Hema Sandal,hema sandal,INST-023,Undergraduate,3th Year,2007-11-27,G_S09796,ADDR_S09796
S09797,Reyansh Dayal,reyansh dayal,INST-058,Undergraduate,2th Year,2005-05-26,G_S09797,ADDR_S09797
S09798,Xalak Bansal,xalak bansal,INST-015,Undergraduate,1th Year,2008-03-09,G_S09798,ADDR_S09798
S09799,Aachal Narayanan,aachal narayanan,INST-008,Undergraduate,3th Year,2007-03-17,G_S09799,ADDR_S09799
S09800,Harinakshi Wali,harinakshi wali,INST-044,Undergraduate,1th Year,2006-10-13,G_S09800,ADDR_S09800
S09801,Upma Kamdar,upma kamdar,INST-037,Undergraduate,1th Year,2007-05-22,G_S09801,ADDR_S09801
S09802,Jeremiah Shere,jeremiah shere,INST-002,Undergraduate,1th Year,2006-10-11,G_S09802,ADDR_S09802
S09803,Jonathan Garde,jonathan garde,INST-007,Undergraduate,3th Year,2006-03-27,G_S09803,ADDR_S09803
S09804,Sara Bajaj,sara bajaj,INST-049,Undergraduate,4th Year,2006-07-27,G_S09804,ADDR_S09804
S09805,Nihal Kumar,nihal kumar,INST-003,Undergraduate,2th Year,2005-09-28,G_S09805,ADDR_S09805
S09806,Michael Narula,michael narula,INST-011,Undergraduate,4th Year,2003-03-04,G_S09806,ADDR_S09806
S09807,Geetika Mannan,geetika mannan,INST-004,Undergraduate,4th Year,2008-06-01,G_S09807,ADDR_S09807
S09808,Udant Sengupta,udant sengupta,INST-025,Undergraduate,1th Year,2006-08-13,G_S09808,ADDR_S09808
S09809,Balvan Memon,balvan memon,INST-031,Undergraduate,1th Year,2008-01-13,G_S09809,ADDR_S09809
S09810,Hemang Sagar,hemang sagar,INST-040,Undergraduate,3th Year,2005-02-22,G_S09810,ADDR_S09810
S09811,Ekapad Parsa,ekapad parsa,INST-013,Undergraduate,2th Year,2007-02-04,G_S09811,ADDR_S09811
S09812,Bhavika Ratta,bhavika ratta,INST-046,Undergraduate,2th Year,2003-04-09,G_S09812,ADDR_S09812
S09813,Viraj Wable,viraj wable,INST-032,Undergraduate,2th Year,2005-03-10,G_S09813,ADDR_S09813
S09814,Hemal Rai,hemal rai,INST-034,Undergraduate,1th Year,2003-05-22,G_S09814,ADDR_S09814
S09815,Chameli Mallick,chameli mallick,INST-018,Undergraduate,4th Year,2006-04-15,G_S09815,ADDR_S09815
S09816,Raagini Tata,raagini tata,INST-036,Undergraduate,3th Year,2003-11-20,G_S09816,ADDR_S09816
S09817,Sarthak Grover,sarthak grover,INST-044,Undergraduate,1th Year,2005-04-01,G_S09817,ADDR_S09817
S09818,Ekavir Gaba,ekavir gaba,INST-055,Undergraduate,4th Year,2008-11-19,G_S09818,ADDR_S09818
S09819,Ganga Pandey,ganga pandey,INST-037,Undergraduate,4th Year,2003-05-01,G_S09819,ADDR_S09819
S09820,Raksha Balakrishnan,raksha balakrishnan,INST-017,Undergraduate,4th Year,2003-01-11,G_S09820,ADDR_S09820
S09821,Pallavi Edwin,pallavi edwin,INST-060,Undergraduate,4th Year,2007-08-03,G_S09821,ADDR_S09821
S09822,Adweta Munshi,adweta munshi,INST-058,Undergraduate,2th Year,2005-08-15,G_S09822,ADDR_S09822
S09823,Nathaniel Sama,nathaniel sama,INST-014,Undergraduate,1th Year,2007-11-08,G_S09823,ADDR_S09823
S09824,Azad Sura,azad sura,INST-001,Undergraduate,1th Year,2003-03-11,G_S09824,ADDR_S09824
S09825,Arjun Naidu,arjun naidu,INST-043,Undergraduate,2th Year,2005-02-26,G_S09825,ADDR_S09825
S09826,Daniel Chada,daniel chada,INST-017,Undergraduate,4th Year,2007-05-13,G_S09826,ADDR_S09826
S09827,Champak Kar,champak kar,INST-007,Undergraduate,1th Year,2004-12-06,G_S09827,ADDR_S09827
S09828,Yasti Balakrishnan,yasti balakrishnan,INST-060,Undergraduate,4th Year,2007-06-02,G_S09828,ADDR_S09828
S09829,Wyatt Thaman,wyatt thaman,INST-016,Undergraduate,3th Year,2007-10-22,G_S09829,ADDR_S09829
S09830,Gavin Prashad,gavin prashad,INST-046,Undergraduate,1th Year,2007-04-07,G_S09830,ADDR_S09830
S09831,Udarsh Kota,udarsh kota,INST-028,Undergraduate,3th Year,2004-03-16,G_S09831,ADDR_S09831
S09832,Panini Bera,panini bera,INST-034,Undergraduate,3th Year,2008-03-07,G_S09832,ADDR_S09832
S09833,Faqid Barad,faqid barad,INST-022,Undergraduate,2th Year,2007-05-08,G_S09833,ADDR_S09833
S09834,Jackson Pau,jackson pau,INST-053,Undergraduate,3th Year,2008-09-28,G_S09834,ADDR_S09834
S09835,Samuel Shankar,samuel shankar,INST-059,Undergraduate,4th Year,2005-11-25,G_S09835,ADDR_S09835
S09836,Rudra Nanda,rudra nanda,INST-004,Undergraduate,1th Year,2007-02-19,G_S09836,ADDR_S09836
S09837,Tara Bail,tara bail,INST-022,Undergraduate,1th Year,2007-03-04,G_S09837,ADDR_S09837
S09838,Shivani Swaminathan,shivani swaminathan,INST-033,Undergraduate,1th Year,2007-08-10,G_S09838,ADDR_S09838
S09839,Yasti Sharma,yasti sharma,INST-041,Undergraduate,2th Year,2003-01-19,G_S09839,ADDR_S09839
S09840,Eiravati Raj,eiravati raj,INST-036,Undergraduate,1th Year,2006-01-05,G_S09840,ADDR_S09840
S09841,Raagini Pillai,raagini pillai,INST-043,Undergraduate,2th Year,2008-08-15,G_S09841,ADDR_S09841
S09842,Chakrika Pandit,chakrika pandit,INST-054,Undergraduate,2th Year,2004-06-23,G_S09842,ADDR_S09842
S09843,Harini Oza,harini oza,INST-046,Undergraduate,2th Year,2007-04-07,G_S09843,ADDR_S09843
S09844,Jhalak Bal,jhalak bal,INST-027,Undergraduate,3th Year,2003-01-25,G_S09844,ADDR_S09844
S09845,Ekiya Khatri,ekiya khatri,INST-011,Undergraduate,4th Year,2004-09-07,G_S09845,ADDR_S09845
S09846,Krish Butala,krish butala,INST-058,Undergraduate,4th Year,2004-12-24,G_S09846,ADDR_S09846
S09847,Ishwar Mital,ishwar mital,INST-002,Undergraduate,3th Year,2003-09-21,G_S09847,ADDR_S09847
S09848,Bhavini Borde,bhavini borde,INST-045,Undergraduate,1th Year,2004-08-11,G_S09848,ADDR_S09848
S09849,Hemani Dyal,hemani dyal,INST-060,Undergraduate,1th Year,2006-05-20,G_S09849,ADDR_S09849
S09850,Karan Peri,karan peri,INST-035,Undergraduate,4th Year,2006-06-07,G_S09850,ADDR_S09850
S09851,David Setty,david setty,INST-057,Undergraduate,4th Year,2004-08-25,G_S09851,ADDR_S09851
S09852,Falan Ramesh,falan ramesh,INST-007,Undergraduate,1th Year,2004-02-26,G_S09852,ADDR_S09852
S09853,Gopal Bhavsar,gopal bhavsar,INST-029,Undergraduate,4th Year,2008-03-06,G_S09853,ADDR_S09853
S09854,George Mistry,george mistry,INST-020,Undergraduate,2th Year,2007-07-28,G_S09854,ADDR_S09854
S09855,Vyanjana Merchant,vyanjana merchant,INST-037,Undergraduate,4th Year,2004-04-01,G_S09855,ADDR_S09855
S09856,Ekaja Dixit,ekaja dixit,INST-045,Undergraduate,3th Year,2005-10-14,G_S09856,ADDR_S09856
S09857,Samarth Baria,samarth baria,INST-053,Undergraduate,4th Year,2006-06-24,G_S09857,ADDR_S09857
S09858,Urvashi Rajan,urvashi rajan,INST-024,Undergraduate,2th Year,2008-01-20,G_S09858,ADDR_S09858
S09859,Ubika Jain,ubika jain,INST-004,Undergraduate,4th Year,2008-05-02,G_S09859,ADDR_S09859
S09860,Yochana Dhaliwal,yochana dhaliwal,INST-054,Undergraduate,4th Year,2008-03-14,G_S09860,ADDR_S09860
S09861,Dakshesh Gulati,dakshesh gulati,INST-045,Undergraduate,3th Year,2007-06-15,G_S09861,ADDR_S09861
S09862,Wyatt Gera,wyatt gera,INST-003,Undergraduate,4th Year,2003-06-05,G_S09862,ADDR_S09862
S09863,Om Mane,om mane,INST-038,Undergraduate,4th Year,2006-08-24,G_S09863,ADDR_S09863
S09864,Aditya Ghose,aditya ghose,INST-006,Undergraduate,4th Year,2007-06-27,G_S09864,ADDR_S09864
S09865,Rajata Kaur,rajata kaur,INST-002,Undergraduate,1th Year,2005-08-05,G_S09865,ADDR_S09865
S09866,Anthony Krishna,anthony krishna,INST-008,Undergraduate,1th Year,2005-04-13,G_S09866,ADDR_S09866
S09867,Patrick Chakrabarti,patrick chakrabarti,INST-025,Undergraduate,1th Year,2005-11-07,G_S09867,ADDR_S09867
S09868,Janaki Gala,janaki gala,INST-026,Undergraduate,1th Year,2007-01-04,G_S09868,ADDR_S09868
S09869,Vanya Nadig,vanya nadig,INST-031,Undergraduate,4th Year,2006-05-08,G_S09869,ADDR_S09869
S09870,Avi Mandal,avi mandal,INST-030,Undergraduate,3th Year,2006-12-23,G_S09870,ADDR_S09870
S09871,Zayyan Chakrabarti,zayyan chakrabarti,INST-005,Undergraduate,3th Year,2007-12-18,G_S09871,ADDR_S09871
S09872,Warjas Dube,warjas dube,INST-052,Undergraduate,4th Year,2005-05-05,G_S09872,ADDR_S09872
S09873,CHASMUM RAY,chasmum ray,INST-020,Undergraduate,3th Year,2008-04-02,G_S09873,ADDR_S09873
S09874,Gabriel Chahal,gabriel chahal,INST-014,Undergraduate,4th Year,2004-12-26,G_S09874,ADDR_S09874
S09875,Samar Mittal,samar mittal,INST-044,Undergraduate,1th Year,2005-02-25,G_S09875,ADDR_S09875
S09876,Adweta Thakkar,adweta thakkar,INST-040,Undergraduate,2th Year,2004-02-12,G_S09876,ADDR_S09876
S09877,Urvashi Biswas,urvashi biswas,INST-035,Undergraduate,1th Year,2008-08-08,G_S09877,ADDR_S09877
S09878,Tanish Sankaran,tanish sankaran,INST-031,Undergraduate,3th Year,2006-08-11,G_S09878,ADDR_S09878
S09879,Triya Sane,triya sane,INST-046,Undergraduate,4th Year,2005-08-26,G_S09879,ADDR_S09879
S09880,Gagan Grewal,gagan grewal,INST-046,Undergraduate,3th Year,2004-12-03,G_S09880,ADDR_S09880
S09881,William Mannan,william mannan,INST-058,Undergraduate,3th Year,2006-07-24,G_S09881,ADDR_S09881
S09882,Jack Dada,jack dada,INST-006,Undergraduate,2th Year,2003-03-26,G_S09882,ADDR_S09882
S09883,Atharv Gandhi,atharv gandhi,INST-037,Undergraduate,2th Year,2008-03-02,G_S09883,ADDR_S09883
S09884,Samar Thakkar,samar thakkar,INST-055,Undergraduate,3th Year,2004-03-14,G_S09884,ADDR_S09884
S09885,Udarsh Baral,udarsh baral,INST-015,Undergraduate,2th Year,2007-04-02,G_S09885,ADDR_S09885
S09886,Bimala Mody,bimala mody,INST-035,Undergraduate,3th Year,2005-01-24,G_S09886,ADDR_S09886
S09887,Nicholas Vora,nicholas vora,INST-042,Undergraduate,4th Year,2006-09-02,G_S09887,ADDR_S09887
S09888,Ekaraj Raghavan,ekaraj raghavan,INST-016,Undergraduate,2th Year,2006-08-01,G_S09888,ADDR_S09888
S09889,Chasmum Patel,chasmum patel,INST-038,Undergraduate,3th Year,2006-04-11,G_S09889,ADDR_S09889
S09890,Raghav Dada,raghav dada,INST-056,Undergraduate,1th Year,2006-10-23,G_S09890,ADDR_S09890
S09891,Balendra Varghese,balendra varghese,INST-023,Undergraduate,4th Year,2005-04-08,G_S09891,ADDR_S09891
S09892,Ekaraj Kalla,ekaraj kalla,INST-013,Undergraduate,3th Year,2006-01-04,G_S09892,ADDR_S09892
S09893,Ekani Ramanathan,ekani ramanathan,INST-017,Undergraduate,2th Year,2004-09-20,G_S09893,ADDR_S09893
S09894,Girindra Sathe,girindra sathe,INST-038,Undergraduate,4th Year,2008-03-25,G_S09894,ADDR_S09894
S09895,Vivaan Sankar,vivaan sankar,INST-014,Undergraduate,4th Year,2008-06-02,G_S09895,ADDR_S09895
S09896,Vrinda Bhagat,vrinda bhagat,INST-034,Undergraduate,3th Year,2005-09-20,G_S09896,ADDR_S09896
S09897,Ekapad Sule,ekapad sule,INST-020,Undergraduate,2th Year,2007-10-15,G_S09897,ADDR_S09897
S09898,Advay Kalla,advay kalla,INST-043,Undergraduate,4th Year,2003-02-02,G_S09898,ADDR_S09898
S09899,Ishwar Toor,ishwar toor,INST-056,Undergraduate,4th Year,2008-07-24,G_S09899,ADDR_S09899
S09900,Bina Banik,bina banik,INST-019,Undergraduate,4th Year,2008-04-05,G_S09900,ADDR_S09900
S09901,Ayushman Choudhury,ayushman choudhury,INST-002,Undergraduate,2th Year,2005-09-09,G_S09901,ADDR_S09901
S09902,Samesh Dutt,samesh dutt,INST-036,Undergraduate,3th Year,2005-05-10,G_S09902,ADDR_S09902
S09903,Yuvraj Magar,yuvraj magar,INST-009,Undergraduate,2th Year,2008-07-17,G_S09903,ADDR_S09903
S09904,Jhalak Sani,jhalak sani,INST-006,Undergraduate,3th Year,2007-09-11,G_S09904,ADDR_S09904
S09905,Waida Bose,waida bose,INST-024,Undergraduate,3th Year,2003-10-12,G_S09905,ADDR_S09905
S09906,Zilmil Soman,zilmil soman,INST-058,Undergraduate,1th Year,2003-01-02,G_S09906,ADDR_S09906
S09907,Hemani  Bhardwaj,hemani bhardwaj,INST-018,Undergraduate,1th Year,2007-02-02,G_S09907,ADDR_S09907
S09908,Sudiksha Palan,sudiksha palan,INST-029,Undergraduate,3th Year,2008-12-10,G_S09908,ADDR_S09908
S09909,Ishita Sharaf,ishita sharaf,INST-011,Undergraduate,3th Year,2003-08-13,G_S09909,ADDR_S09909
S09910,Upkaar Borra,upkaar borra,INST-006,Undergraduate,2th Year,2005-06-23,G_S09910,ADDR_S09910
S09911,Sathvik Dalal,sathvik dalal,INST-001,Undergraduate,1th Year,2005-05-01,G_S09911,ADDR_S09911
S09912,Atharv Hayre,atharv hayre,INST-034,Undergraduate,4th Year,2007-01-04,G_S09912,ADDR_S09912
S09913,Yahvi Bose,yahvi bose,INST-058,Undergraduate,1th Year,2005-06-22,G_S09913,ADDR_S09913
S09914,Christopher Mutti,christopher mutti,INST-009,Undergraduate,2th Year,2008-12-11,G_S09914,ADDR_S09914
S09915,Azaan Guha,azaan guha,INST-041,Undergraduate,3th Year,2007-10-08,G_S09915,ADDR_S09915
S09916,Samesh Bhasin,samesh bhasin,INST-050,Undergraduate,2th Year,2007-05-25,G_S09916,ADDR_S09916
S09917,Mohini Shenoy,mohini shenoy,INST-015,Undergraduate,4th Year,2006-11-23,G_S09917,ADDR_S09917
S09918,Agastya Pai,agastya pai,INST-026,Undergraduate,1th Year,2007-03-13,G_S09918,ADDR_S09918
S09919,Neha Ranganathan,neha ranganathan,INST-021,Undergraduate,1th Year,2007-07-20,G_S09919,ADDR_S09919
S09920,Yatan Devan,yatan devan,INST-037,Undergraduate,1th Year,2006-01-21,G_S09920,ADDR_S09920
S09921,Tejas Shenoy,tejas shenoy,INST-060,Undergraduate,4th Year,2005-12-09,G_S09921,ADDR_S09921
S09922,Ayush Tailor,ayush tailor,INST-033,Undergraduate,4th Year,2008-12-07,G_S09922,ADDR_S09922
S09923,Eesha Virk,eesha virk,INST-024,Undergraduate,2th Year,2003-03-09,G_S09923,ADDR_S09923
S09924,Avi Tandon,avi tandon,INST-010,Undergraduate,3th Year,2007-06-05,G_S09924,ADDR_S09924
S09925,Anusha Bava,anusha bava,INST-044,Undergraduate,1th Year,2008-10-01,G_S09925,ADDR_S09925
S09926,Rudra Krish,rudra krish,INST-046,Undergraduate,2th Year,2008-10-19,G_S09926,ADDR_S09926
S09927,Tarak Misra,tarak misra,INST-003,Undergraduate,1th Year,2005-07-08,G_S09927,ADDR_S09927
S09928,Azaan Ravi,azaan ravi,INST-055,Undergraduate,2th Year,2003-06-01,G_S09928,ADDR_S09928
S09929,Vritti Memon,vritti memon,INST-046,Undergraduate,3th Year,2007-03-25,G_S09929,ADDR_S09929
S09930,Reyansh Garg,reyansh garg,INST-017,Undergraduate,1th Year,2008-07-19,G_S09930,ADDR_S09930
S09931,Upadhriti Nayak,upadhriti nayak,INST-008,Undergraduate,2th Year,2008-08-01,G_S09931,ADDR_S09931
S09932,Waida Grewal,waida grewal,INST-058,Undergraduate,1th Year,2005-02-15,G_S09932,ADDR_S09932
S09933,Ekta Dhaliwal,ekta dhaliwal,INST-033,Undergraduate,3th Year,2008-11-17,G_S09933,ADDR_S09933
S09934,Geetika Mahal,geetika mahal,INST-040,Undergraduate,1th Year,2003-10-14,G_S09934,ADDR_S09934
S09935,Diya Chowdhury,diya chowdhury,INST-050,Undergraduate,2th Year,2003-08-02,G_S09935,ADDR_S09935
S09936,Ishwar Salvi,ishwar salvi,INST-050,Undergraduate,4th Year,2007-01-08,G_S09936,ADDR_S09936
S09937,Tanish Mukhopadhyay,tanish mukhopadhyay,INST-020,Undergraduate,1th Year,2006-01-11,G_S09937,ADDR_S09937
S09938,Wahab Sangha,wahab sangha,INST-004,Undergraduate,1th Year,2008-05-28,G_S09938,ADDR_S09938
S09939,Samuel Suresh,samuel suresh,INST-040,Undergraduate,1th Year,2003-11-03,G_S09939,ADDR_S09939
S09940,Meghana Hans,meghana hans,INST-001,Undergraduate,1th Year,2003-06-28,G_S09940,ADDR_S09940
S09941,Wridesh Wali,wridesh wali,INST-006,Undergraduate,1th Year,2003-08-23,G_S09941,ADDR_S09941
S09942,Bachittar Kuruvilla,bachittar kuruvilla,INST-057,Undergraduate,2th Year,2003-05-06,G_S09942,ADDR_S09942
S09943,Nisha Kumer,nisha kumer,INST-010,Undergraduate,3th Year,2003-06-08,G_S09943,ADDR_S09943
S09944,Januja Venkataraman,januja venkataraman,INST-053,Undergraduate,1th Year,2007-08-11,G_S09944,ADDR_S09944
S09945,Odika Sama,odika sama,INST-027,Undergraduate,1th Year,2003-04-21,G_S09945,ADDR_S09945
S09946,Zansi Sankar,zansi sankar,INST-029,Undergraduate,1th Year,2008-11-28,G_S09946,ADDR_S09946
S09947,Amaira Chaudhari,amaira chaudhari,INST-033,Undergraduate,2th Year,2004-12-01,G_S09947,ADDR_S09947
S09948,Vihaan Swaminathan,vihaan swaminathan,INST-015,Undergraduate,1th Year,2005-08-18,G_S09948,ADDR_S09948
S09949,Kalpit Barad,kalpit barad,INST-048,Undergraduate,3th Year,2006-11-11,G_S09949,ADDR_S09949
S09950,Vedant Cherian,vedant cherian,INST-043,Undergraduate,2th Year,2005-12-24,G_S09950,ADDR_S09950
S09951,Gaurangi Pai,gaurangi pai,INST-016,Undergraduate,2th Year,2005-10-07,G_S09951,ADDR_S09951
S09952,Riya Srivastava,riya srivastava,INST-021,Undergraduate,3th Year,2005-02-27,G_S09952,ADDR_S09952
S09953,Baljiwan Dara,baljiwan dara,INST-058,Undergraduate,3th Year,2007-10-19,G_S09953,ADDR_S09953
S09954,Ishita Varghese,ishita varghese,INST-006,Undergraduate,4th Year,2007-08-07,G_S09954,ADDR_S09954
S09955,Aayush Varghese,aayush varghese,INST-006,Undergraduate,2th Year,2005-10-24,G_S09955,ADDR_S09955
S09956,Indrajit Luthra,indrajit luthra,INST-024,Undergraduate,1th Year,2008-04-25,G_S09956,ADDR_S09956
S09957,Fariq Pingle,fariq pingle,INST-034,Undergraduate,2th Year,2006-10-16,G_S09957,ADDR_S09957
S09958,Pranav Chowdhury,pranav chowdhury,INST-043,Undergraduate,1th Year,2003-10-14,G_S09958,ADDR_S09958
S09959,Tanish Raghavan,tanish raghavan,INST-017,Undergraduate,2th Year,2005-04-09,G_S09959,ADDR_S09959
S09960,Elijah Sachdeva,elijah sachdeva,INST-019,Undergraduate,4th Year,2004-02-28,G_S09960,ADDR_S09960
S09961,Jagat Chaudry,jagat chaudry,INST-025,Undergraduate,3th Year,2006-02-04,G_S09961,ADDR_S09961
S09962,Libni Balasubramanian,libni balasubramanian,INST-005,Undergraduate,4th Year,2004-04-19,G_S09962,ADDR_S09962
S09963,Keya Borra,keya borra,INST-024,Undergraduate,4th Year,2008-07-04,G_S09963,ADDR_S09963
S09964,Zaitra Ganesan,zaitra ganesan,INST-060,Undergraduate,2th Year,2005-12-27,G_S09964,ADDR_S09964
S09965,Anthony Natarajan,anthony natarajan,INST-037,Undergraduate,1th Year,2007-02-26,G_S09965,ADDR_S09965
S09966,Harinakshi Madan,harinakshi madan,INST-010,Undergraduate,4th Year,2006-02-01,G_S09966,ADDR_S09966
S09967,Indali Kuruvilla,indali kuruvilla,INST-029,Undergraduate,2th Year,2005-08-15,G_S09967,ADDR_S09967
S09968,Mitali Tella,mitali tella,INST-047,Undergraduate,1th Year,2003-04-01,G_S09968,ADDR_S09968
S09969,Ladli Toor,ladli toor,INST-003,Undergraduate,3th Year,2005-02-19,G_S09969,ADDR_S09969
S09970,Vincent Tata,vincent tata,INST-059,Undergraduate,2th Year,2006-07-28,G_S09970,ADDR_S09970
S09971,GAURAV LOKE,gaurav loke,INST-054,Undergraduate,3th Year,2007-12-24,G_S09971,ADDR_S09971
S09972,Rushil Mannan,rushil mannan,INST-035,Undergraduate,4th Year,2003-05-21,G_S09972,ADDR_S09972
S09973,Divya Mand,divya mand,INST-003,Undergraduate,1th Year,2005-09-06,G_S09973,ADDR_S09973
S09974,Irya Roy,irya roy,INST-026,Undergraduate,3th Year,2008-09-25,G_S09974,ADDR_S09974
S09975,Ayush Andra,ayush andra,INST-015,Undergraduate,1th Year,2006-12-10,G_S09975,ADDR_S09975
S09976,Abhimanyu Chadha,abhimanyu chadha,INST-022,Undergraduate,1th Year,2005-05-02,G_S09976,ADDR_S09976
S09977,Odika Devan,odika devan,INST-023,Undergraduate,2th Year,2005-05-03,G_S09977,ADDR_S09977
S09978,Watika Doctor,watika doctor,INST-028,Undergraduate,4th Year,2007-02-18,G_S09978,ADDR_S09978
S09979,Krisha Sinha,krisha sinha,INST-024,Undergraduate,4th Year,2006-06-01,G_S09979,ADDR_S09979
S09980,Jeremiah Chaudhary,jeremiah chaudhary,INST-017,Undergraduate,3th Year,2004-02-08,G_S09980,ADDR_S09980
S09981,Sarthak Ramakrishnan,sarthak ramakrishnan,INST-009,Undergraduate,3th Year,2008-03-21,G_S09981,ADDR_S09981
S09982,Jhalak Bhakta,jhalak bhakta,INST-041,Undergraduate,1th Year,2006-06-16,G_S09982,ADDR_S09982
S09983,Shravya Bail,shravya bail,INST-028,Undergraduate,1th Year,2008-01-05,G_S09983,ADDR_S09983
S09984,Aarna Balan,aarna balan,INST-047,Undergraduate,4th Year,2004-08-21,G_S09984,ADDR_S09984
S09985,Niharika Patel,niharika patel,INST-010,Undergraduate,2th Year,2004-07-15,G_S09985,ADDR_S09985
S09986,Ishaan Boase,ishaan boase,INST-004,Undergraduate,4th Year,2008-01-16,G_S09986,ADDR_S09986
S09987,Nisha Lad,nisha lad,INST-042,Undergraduate,1th Year,2008-03-10,G_S09987,ADDR_S09987
S09988,Wridesh Maharaj,wridesh maharaj,INST-013,Undergraduate,2th Year,2006-09-04,G_S09988,ADDR_S09988
S09989,Anita Gulati,anita gulati,INST-018,Undergraduate,2th Year,2007-02-26,G_S09989,ADDR_S09989
S09990,Ubika Bandi,ubika bandi,INST-039,Undergraduate,4th Year,2004-06-12,G_S09990,ADDR_S09990
S09991,Osha Gera,osha gera,INST-056,Undergraduate,3th Year,2003-04-27,G_S09991,ADDR_S09991
S09992,Ganga Nayak,ganga nayak,INST-018,Undergraduate,1th Year,2003-01-03,G_S09992,ADDR_S09992
S09993,Dalaja Golla,dalaja golla,INST-001,Undergraduate,2th Year,2007-07-23,G_S09993,ADDR_S09993
S09994,Aadhya Mane,aadhya mane,INST-012,Undergraduate,4th Year,2003-05-05,G_S09994,ADDR_S09994
S09995,Priya Narayan,priya narayan,INST-050,Undergraduate,2th Year,2008-05-22,G_S09995,ADDR_S09995
S09996,Lakshit Chad,lakshit chad,INST-008,Undergraduate,2th Year,2004-04-04,G_S09996,ADDR_S09996
S09997,Irya Saran,irya saran,INST-024,Undergraduate,3th Year,2007-03-12,G_S09997,ADDR_S09997
S09998,Vaishnavi Oza,vaishnavi oza,INST-056,Undergraduate,4th Year,2005-10-11,G_S09998,ADDR_S09998
S09999,Xiti Amble,xiti amble,INST-038,Undergraduate,4th Year,2008-02-17,G_S09999,ADDR_S09999
S10000,Isaac Sachdeva,isaac sachdeva,INST-044,Undergraduate,1th Year,2006-01-06,G_S10000,ADDR_S10000
